text,lemma,VerbForm,Mood,Tense,Person,Number,Gender,Voice,ExtPos
correu,correr,Fin,Ind,Past,3.0,Sing,,,
jogava,jogar,Fin,Ind,Imp,3.0,Sing,,,
tenho,ter,Fin,Ind,Pres,1.0,Sing,,,
adoro,adorar,Fin,Ind,Pres,1.0,Sing,,,
feitas,fazer,Part,,,,Plur,Fem,,
tive,ter,Fin,Ind,Past,1.0,Sing,,,
aprender,aprender,Inf,,,,,,,
mudei,mudar,Fin,Ind,Past,1.0,Sing,,,
procurando,procurar,Ger,,,,,,,
sei,saber,Fin,Ind,Past,1.0,Sing,,,
chamam,chamar,Fin,Ind,Pres,3.0,Plur,,,
procurei,procurar,Fin,Ind,Past,1.0,Sing,,,
achei,achar,Fin,Ind,Past,1.0,Sing,,,
sabe,saber,Fin,Ind,Pres,3.0,Sing,,,
sei,saber,Fin,Ind,Pres,1.0,Sing,,,
usado,usar,Part,,,,Sing,Masc,,
decorar,decorar,Inf,,,,,,,
chamados,chamar,Part,,,,Plur,Masc,Pass,
encontrei,encontrar,Fin,Ind,Past,1.0,Sing,,,
puder,poder,Fin,Sub,Fut,3.0,Sing,,,
ajudar,ajudar,Inf,,,,,,,
agradeco,agradecer,Fin,Ind,Pres,1.0,Sing,,,
tem,ter,Fin,Ind,Pres,3.0,Sing,,,
acho,achar,Fin,Ind,Pres,1.0,Sing,,,
costumam,costumar,Fin,Ind,Pres,3.0,Plur,,,
usar,usar,Inf,,,,,,,
Procure,procurar,Fin,Sub,Pres,3.0,Sing,,,
encontrará,encontrar,Fin,Ind,Fut,3.0,Sing,,,
pensar,pensar,Inf,,,,,,,
foram,ir,Fin,Ind,Past,3,Plur,,,
podem,poder,Fin,Ind,Pres,3,Plur,,,
destacados,destacado,Part,,,,Plur,Masc,Pass,
baseado,basear,Part,,,,Sing,Masc,,
morre,morrer,Fin,Ind,Pres,3,Sing,,,
morreu,morrer,Fin,Ind,Past,3,Sing,,,
presa,presa,Part,,,,Sing,Fem,Pass,
caiu,cair,Fin,Ind,Past,3,Sing,,,
foi,ir,Fin,Ind,Past,3,Sing,,,
conseguiram,conseguir,Fin,Ind,Past,3,Plur,,,
salvar,salvar,Inf,,,,,,,
tomba,tombar,Fin,Ind,Pres,3,Sing,,,
causa,causar,Fin,Ind,Pres,3,Sing,,,
provocou,provocar,Fin,Ind,Past,3,Sing,,,
causou,causar,Fin,Ind,Past,3,Sing,,,
dirigido,dirigir,Part,,,,Sing,Masc,Pass,
bateu,bater,Fin,Ind,Past,3,Sing,,,
feita,fazer,Part,,,,Sing,Fem,,
passam,passar,Fin,Ind,Pres,3,Plur,,,AUX
ter,ter,Inf,,,,,,,
explicada,explicar,Part,,,,Sing,Fem,Pass,
dispõe,dispor,Fin,Ind,Pres,3,Sing,,,
transborda,transbordar,Fin,Ind,Pres,3,Sing,,,
alaga,alagar,Fin,Ind,Pres,3,Sing,,,
coincide,coincidir,Fin,Ind,Pres,3,Sing,,,
fez,fazer,Fin,Ind,Past,3,Sing,,,
falando,falar,Ger,,,,,,,
tratando,tratar,Ger,,,,,,,
fala,falar,Fin,Ind,Pres,3,Sing,,,
traduzem,traduzir,Fin,Ind,Pres,3,Plur,,,
deve,dever,Fin,Ind,Pres,3,Sing,,,
passaram,passar,Fin,Ind,Past,3,Plur,,,
parecidos,parecer,Part,,,,Plur,Masc,,
têm,ter,Fin,Ind,Pres,3,Plur,,,
odiada,odiar,Part,,,,Sing,Fem,,
gosta,gostar,Fin,Ind,Pres,3,Sing,,,
armazena,armazenar,Fin,Ind,Pres,3,Sing,,,
respondeu,responder,Fin,Ind,Past,3,Sing,,,
representou,representar,Fin,Ind,Past,3,Sing,,,
manteve,manter,Fin,Ind,Past,3,Sing,,,
aplicadas,aplicar,Part,,,,Plur,Fem,,
restritas,restrito,Part,,,,Plur,Fem,,
negado,negar,Part,,,,Sing,Masc,,
multados,multar,Part,,,,Plur,Masc,,
negociar,negociar,Inf,,,,,,,
superavaliados,superavaliar,Part,,,,Plur,Masc,,
encontram,encontrar,Fin,Ind,Pres,3,Plur,,,
Luta,Luta,Fin,Ind,Pres,3,Sing,,,
deixa,deixar,Fin,Ind,Pres,3,Sing,,,
morreram,morrer,Fin,Ind,Past,3,Plur,,,
feriram,ferir,Fin,Ind,Past,3,Plur,,,
enfrentam,enfrentar,Fin,Ind,Pres,3,Plur,,,
Veja,ver,Fin,Sub,Pres,3,Sing,,,
consideradas,considerar,Part,,,,Plur,Fem,Pass,
busca,buscar,Fin,Ind,Pres,3,Sing,,,
partir,partir,Inf,,,,,,,
destinados,destinar,Part,,,,Plur,Masc,,
conseguido,conseguir,Part,,,,,,,
Tenho,ter,Fin,Ind,Pres,1,Sing,,,
tenho,ter,Fin,Ind,Pres,1,Sing,,,
deixo,deixar,Fin,Ind,Pres,1,Sing,,,
inflama,inflamar,Fin,Ind,Pres,3,Sing,,,
existido,existir,Part,,,,,,,
sabe,saber,Fin,Ind,Pres,3,Sing,,,
montada,montar,Part,,,,Sing,Fem,Pass,
tem,ter,Fin,Ind,Pres,3,Sing,,,
ganhar,ganhar,Inf,,,,,,,
definir,definir,Inf,,,,,,,
manter,manter,Inf,,,,,,,
unido,unir,Part,,,,Sing,Masc,,
feitos,fazer,Part,,,,Plur,Masc,,
constatar,constatar,Inf,Sub,,3,Sing,,,
ameaçada,ameaçar,Part,,,,Sing,Fem,,
discutido,discutir,Part,,,,Sing,Masc,,
encontrado,encontrar,Part,,,,Sing,Masc,Pass,
enforcado,enforcar,Part,,,,Sing,Masc,,
ocorreu,ocorrer,Fin,Ind,Past,3,Sing,,,
Destaca,destacar,Fin,Ind,Pres,3,Sing,,,
derrubado,derrubar,Part,,,,Sing,Masc,,
deverá,dever,Fin,Ind,Fut,3,Sing,,,
apresentar,apresentar,Inf,,,,,,,
Publica,publicar,Fin,Ind,Pres,3,Sing,,,
comprados,comprar,Part,,,,Plur,Masc,,
indicam,indicar,Fin,Ind,Pres,3,Plur,,,
admitido,admitir,Part,,,,Sing,Masc,,
acirrada,acirrar,Part,,,,Sing,Fem,,
conquistar,conquistar,Inf,,,,,,,
dividem,dividir,Fin,Ind,Pres,3,Plur,,,
mudou,mudar,Fin,Ind,Past,3,Sing,,,
continua,continuar,Fin,Ind,Pres,3,Sing,,,
conquistado,conquistar,Part,,,,Sing,Masc,Pass,
ocupava,ocupar,Fin,Ind,Imp,3,Sing,,,
assinados,assinar,Part,,,,Plur,Masc,,
assinados,assinar,Part,,,,Plur,Masc,Pass,
incluindo,incluir,Ger,,,,,,,
previstas,prever,Part,,,,Plur,Fem,,
incentiva,incentivar,Fin,Ind,Pres,3,Sing,,,
pertence,pertencer,Fin,Ind,Pres,3,Sing,,,
dominam,dominar,Fin,Ind,Pres,3,Plur,,,
há,haver,Fin,Ind,Pres,3,Sing,,,
prejudicou,prejudicar,Fin,Ind,Past,3,Sing,,,
emplacou,emplacar,Fin,Ind,Past,3,Sing,,,
disputado,disputar,Part,,,,Sing,Masc,,
narra,narrar,Fin,Ind,Pres,3,Sing,,,
controlada,controlar,Part,,,,Sing,Fem,Pass,
baniu,banir,Fin,Ind,Past,3,Sing,,,
construir,construir,Inf,,,,,,,
recorreu,recorrer,Fin,Ind,Past,3,Sing,,,
conseguiu,conseguir,Fin,Ind,Past,3,Sing,,,
transformar,transformar,Inf,,,,,,,
contar,contar,Inf,,,,,,,
montar,montar,Inf,,,,,,,
esconde,esconder,Fin,Ind,Pres,3,Sing,,,
discute,discutir,Fin,Ind,Pres,3,Sing,,,
reabre,reabrir,Fin,Ind,Pres,3,Sing,,,
exige,exigir,Fin,Ind,Pres,3,Sing,,,
acaba,acabar,Fin,Ind,Pres,3,Sing,,,
deixando,deixar,Ger,,,,,,,
conseguem,conseguir,Fin,Ind,Pres,3,Plur,,,
envolve,envolver,Fin,Ind,Pres,3,Sing,,,
Excetuada,excetuar,Part,,,,Sing,Fem,,
discriminar,discriminar,Inf,,,,,,,
pode,poder,Fin,Ind,Pres,3,Sing,,,
pagar,pagar,Inf,,,,,,,
mostram,mostrar,Fin,Ind,Pres,3,Plur,,,
fuma,fumar,Fin,Ind,Pres,3,Sing,,,
prende,prender,Fin,Ind,Pres,3,Sing,,,
cobrar,cobrar,Inf,,,,,,,
indiciou,indiciar,Fin,Ind,Past,3,Sing,,,
vender,vender,Inf,,,,,,,
indiciados,indiciar,Part,,,,Plur,Masc,Pass,
presos,prender,Part,,,,Plur,Masc,Pass,
entregar,entregar,Inf,,,,,,,
ganha,ganhar,Fin,Ind,Pres,3,Sing,,,
passa,passar,Fin,Ind,Pres,3,Sing,,,AUX
incluir,incluir,Inf,,,,,,,
ocupada,ocupar,Part,,,,Sing,Fem,,
pesquisado,pesquisar,Part,,,,Sing,Masc,,
anualizada,anualizar,Part,,,,Sing,Fem,,
permite,permitir,Fin,Ind,Pres,3,Sing,,,
verificar,verificar,Inf,,,,,,,
fica,ficar,Fin,Ind,Pres,3,Sing,,,
é,ser,Fin,Ind,Pres,3,Sing,,,
comprou,comprar,Fin,Ind,Past,3,Sing,,,
beneficiadas,beneficiar,Part,,,,Plur,Fem,Pass,
executou,executar,Fin,Ind,Past,3,Sing,,,
interligando,interligar,Ger,,,,,,,
provocaram,provocar,Fin,Ind,Past,3,Plur,,,
diz,dizer,Fin,Ind,Pres,3,Sing,,,
recebe,receber,Fin,Ind,Pres,3,Sing,,,
orientou,orientar,Fin,Ind,Past,3,Sing,,,
negociarem,negociar,Inf,,,3,Plur,,,
observados,observar,Part,,,,Plur,Masc,Pass,
arrumar,arrumar,Inf,,,,,,,
escuto,escutar,Fin,Ind,Pres,1,Sing,,,
incentivam,incentivar,Fin,Ind,Pres,3,Plur,,,
começar,começar,Inf,,,,,,,
aumentam,aumentar,Fin,Ind,Pres,3,Plur,,,
acabo,acabar,Fin,Ind,Pres,1,Sing,,,
ficando,ficar,Ger,,,,,,,
atordoada,atordoar,Part,,,,Sing,Fem,,
consigo,conseguir,Fin,Ind,Pres,1,Sing,,,
terminar,terminar,Inf,,,,,,,
comecei,começar,Fin,Ind,Past,1,Sing,,,
terem,ter,Inf,,,3,Plur,,,
casarem,casar,Inf,,,3,Plur,,,
esperados,esperar,Part,,,,Plur,Masc,,
especializado,especializar,Part,,,,Sing,Masc,,
oferecerá,oferecer,Fin,Ind,Fut,3,Sing,,,
quiser,querer,Fin,Sub,Fut,3,Sing,,,
beber,beber,Inf,,,,,,,
poderá,poder,Fin,Ind,Fut,3,Sing,,,
levar,levar,Inf,,,,,,,
aceita,aceitar,Fin,Ind,Pres,3,Sing,,,
preocupar,preocupar,Inf,,,,,,,
cansadas,cansar,Part,,,,Plur,Fem,,
cria,criar,Fin,Ind,Pres,3,Sing,,,
associo,associar,Fin,Ind,Pres,1,Sing,,,
precisa,precisar,Fin,Ind,Pres,3,Sing,,,
marcam,marcar,Fin,Ind,Pres,3,Plur,,,
consolida,consolidar,Fin,Ind,Pres,3,Sing,,,
aproxima,aproximar,Fin,Ind,Pres,3,Sing,,,
praticado,praticar,Part,,,,Sing,Masc,,
valorizando,valorizar,Ger,,,,,,,
chegar,chegar,Inf,,,,,,,
confirmam,confirmar,Fin,Ind,Pres,3,Plur,,,
encerrado,encerrar,Part,,,,Sing,Masc,,
desbocada,desbocar,Part,,,,Sing,Fem,,
negocia,negociar,Fin,Ind,Pres,3,Sing,,,
inauguraram,inaugurar,Fin,Ind,Past,3,Plur,,,
insinua,insinuar,Fin,Ind,Pres,3,Sing,,,
teve,ter,Fin,Ind,Past,3,Sing,,,
comprados,comprar,Part,,,,Plur,Masc,Pass,
deu,dar,Fin,Ind,Past,3,Sing,,,
substituído,substituir,Part,,,,Sing,Masc,Pass,
saiu,sair,Fin,Ind,Past,3,Sing,,,
defendeu,defender,Fin,Ind,Past,3,Sing,,,
prevê,prever,Fin,Ind,Pres,3,Sing,,,
gostariam,gostar,Fin,Cnd,,3,Plur,,,
busque,busar,Fin,Sub,Pres,3,Sing,,,
deixe,deixar,Fin,Sub,Pres,3,Sing,,,
começa,começar,Fin,Ind,Pres,3,Sing,,,
começou,começar,Fin,Ind,Past,3,Sing,,,
promovendo,promover,Ger,,,,,,,
visam,ver,Fin,Ind,Pres,3,Plur,,,
orientar,orientar,Inf,,,,,,,
aconteceu,acontecer,Fin,Ind,Past,3,Sing,,,
tiveram,ter,Fin,Ind,Past,3,Plur,,,AUX
esfriar,esfriar,Inf,,,,,,,
passou,passar,Fin,Ind,Past,3,Sing,,,AUX
conversar,conversar,Inf,,,,,,,
fazer,fazer,Inf,,,,,,,
seja,ser,Fin,Sub,Pres,3,Sing,,,
reprimir,reprimir,Inf,,,,,,,
atuava,atuar,Fin,Ind,Imp,3,Sing,,,
filiados,filiar,Part,,,,Plur,Masc,,
houve,haver,Fin,Ind,Past,3,Sing,,,
aliciou,aliciar,Fin,Ind,Past,3,Sing,,,
imperavam,imperar,Fin,Ind,Imp,3,Plur,,,
desconhece,desconhecer,Fin,Ind,Pres,3,Sing,,,
apontava,apontar,Fin,Ind,Imp,3,Sing,,,
sonhava,sonhar,Fin,Ind,Imp,3,Sing,,,
chegaria,chegar,Fin,Cnd,,3,Sing,,,
realizou,realizar,Fin,Ind,Past,3,Sing,,,
trazendo,trazer,Ger,,,,,,,
Ficamos,ficar,Fin,Ind,Pres,1,Plur,,,
vem,vir,Fin,Ind,Pres,3,Sing,,,
combater,combater,Inf,,,,,,,
suspeita,suspeitar,Fin,Ind,Pres,3,Sing,,,
morrido,morrer,Part,,,,,,,
afogado,afogar,Part,,,,Sing,Masc,,
ficado,ficar,Part,,,,,,,
preso,prender,Part,,,,Sing,Masc,,
subir,subir,Inf,,,,,,,
respirar,respirar,Inf,,,,,,,
pediram,pedir,Fin,Ind,Past,3,Plur,,,
apurar,apurar,Inf,,,,,,,
havia,haver,Fin,Ind,Imp,3,Sing,,,
retirado,retirar,Part,,,,Sing,Masc,,
corrigir,corrigir,Inf,,,,,,,
garantiu,garantir,Fin,Ind,Past,3,Sing,,,
produzida,produzir,Part,,,,Sing,Fem,Pass,
explicou,explicar,Fin,Ind,Past,3,Sing,,,
fixadas,fixar,Part,,,,Plur,Fem,Pass,
evitar,evitar,Inf,,,,,,,
terão,ter,Fin,Ind,Fut,3,Plur,,,
reajustar,reajustar,Inf,,,,,,,
disse,dizer,Fin,Ind,Past,3,Sing,,,
beneficiados,beneficiar,Part,,,,Plur,Masc,Pass,
demoram,demorar,Fin,Ind,Pres,3,Plur,,,
receber,receber,Inf,,,,,,,
vinculados,vincular,Part,,,,Plur,Masc,,
ganham,ganhar,Fin,Ind,Pres,3,Plur,,,
atribuiu,atribuir,Fin,Ind,Past,3,Sing,,,
pensam,pensar,Fin,Ind,Pres,3,Plur,,,
recebem,receber,Fin,Ind,Pres,3,Plur,,,
Encerrada,encerrar,Part,,,,Sing,Fem,,
viu,ver,Fin,Ind,Past,3,Sing,,,
esperando,esperar,Ger,,,,,,,
aproximou,aproximar,Fin,Ind,Past,3,Sing,,,
precisava,precisar,Fin,Ind,Imp,1,Sing,,,
vai,ir,Fin,Ind,Pres,3,Sing,,,
atacou,atacar,Fin,Ind,Past,3,Sing,,,
terá,ter,Fin,Ind,Fut,3,Sing,,,
ficará,ficar,Fin,Ind,Fut,3,Sing,,,
elogiam,elogiar,Fin,Ind,Pres,3,Plur,,,
elogiaram,elogiar,Fin,Ind,Past,3,Plur,,,
liderada,liderar,Part,,,,Sing,Fem,Pass,
afetar,afetar,Inf,,,,,,,
enviada,enviar,Part,,,,Sing,Fem,,
feito,fazer,Part,,,,,,,
traz,trazer,Fin,Ind,Pres,3,Sing,,,
levantadas,levantar,Part,,,,Plur,Fem,Pass,
Sustentadas,sustentar,Part,,,,Plur,Fem,,
confirmadas,confirmar,Part,,,,Plur,Fem,Pass,
comprovou,comprovar,Fin,Ind,Past,3,Sing,,,
acusa,acusar,Fin,Ind,Pres,3,Sing,,,
compareceu,comparecer,Fin,Ind,Past,3,Sing,,,
acusado,acusar,Part,,,,Sing,Masc,Pass,
Pode,poder,Fin,Ind,Pres,3,Sing,,,
condenado,condenar,Part,,,,Sing,Masc,Pass,
punido,punir,Part,,,,Sing,Masc,Pass,
cumpre,cumprir,Fin,Ind,Pres,3,Sing,,,
tomam,tomar,Fin,Ind,Pres,3,Plur,,,
anunciaram,anunciar,Fin,Ind,Past,3,Plur,,,
damos,dar,Fin,Ind,Pres,1,Plur,,,
comenta,comentar,Fin,Ind,Pres,3,Sing,,,
necessitamos,necessitar,Fin,Ind,Pres,1,Plur,,,
especializada,especializar,Part,,,,Sing,Fem,,
falta,faltar,Fin,Ind,Pres,3,Sing,,,
volta,voltar,Fin,Ind,Pres,3,Sing,,,
viver,viver,Inf,,,,,,,
irritado,irritar,Part,,,,Sing,Masc,,
está,estar,Fin,Ind,Pres,3,Sing,,,
faltando,faltar,Ger,,,,,,,
renove,renovar,Fin,Sub,Pres,3,Sing,,,
vencido,vencer,Part,,,,Sing,Masc,,
acontecer,acontecer,Inf,,,,,,,
adianta,adiantar,Fin,Ind,Pres,3,Sing,,,
afirmou,afirmar,Fin,Ind,Past,3,Sing,,,
Saiba,saber,Fin,Sub,Pres,3,Sing,,,
Nascido,nascer,Part,,,,Sing,Masc,,
disputou,disputar,Fin,Ind,Past,3,Sing,,,
terminando,terminar,Ger,,,,,,,
correndo,correr,Ger,,,,,,,
multa,multa,Fin,Ind,Pres,3,Sing,,,
autuou,autuar,Fin,Ind,Past,3,Sing,,,
apresentavam,apresentar,Fin,Ind,Imp,3,Plur,,,
expostos,expor,Part,,,,Plur,Masc,,
descumprirem,descumprir,Fin,Sub,Fut,3,Plur,,,
aplicadas,aplicar,Part,,,,Plur,Fem,Pass,
produzirá,produzir,Fin,Ind,Fut,3,Sing,,,
instalar,instalar,Inf,,,,,,,
tomada,tomar,Part,,,,Sing,Fem,Pass,
feito,fazer,Part,,,,Sing,Masc,Pass,
aconselha,aconselhar,Fin,Ind,Pres,3,Sing,,,
reverter,reverter,Inf,,,,,,,
perder,perder,Inf,,,,,,,
cortado,cortar,Part,,,,Sing,Masc,,
criticado,criticar,Part,,,,Sing,Masc,Pass,
cumprir,cumprir,Inf,,,,,,,
prefere,preferir,Fin,Ind,Pres,3,Sing,,,
dizer,dizer,Inf,,,,,,,
Rodado,rodar,Part,,,,Sing,Masc,,
acusados,acusar,Part,,,,Plur,Masc,,
simpatizar,simpatizar,Inf,,,,,,,
Há,haver,Fin,Ind,Pres,3,Sing,,,
separa,separar,Fin,Ind,Pres,3,Sing,,,
ocorresse,ocorrer,Fin,Sub,Imp,3,Sing,,,
colocados,colocar,Part,,,,Plur,Masc,Pass,
chegassem,chegar,Fin,Sub,Imp,3,Plur,,,
obtido,obter,Part,,,,Sing,Masc,Pass,
dá,dar,Fin,Ind,Pres,3,Sing,,,
expulsos,expulsar,Part,,,,Plur,Masc,,
adotasse,adotar,Fin,Sub,Imp,3,Sing,,,
Queremos,querer,Fin,Ind,Pres,1,Plur,,,
dar,dar,Inf,,,,,,,
forçados,forçar,Part,,,,Plur,Masc,Pass,
reduzir,reduzir,Inf,,,,,,,
acabou,acabar,Fin,Ind,Past,3,Sing,,,
indo,ir,Ger,,,,,,,
vetou,vetar,Fin,Ind,Past,3,Sing,,,
invista,invistar,Fin,Sub,Pres,3,Sing,,,
firmou,firmar,Fin,Ind,Past,3,Sing,,,
vale,valer,Fin,Ind,Pres,3,Sing,,,
acontece,acontecer,Fin,Ind,Pres,3,Sing,,,
crescerão,crescer,Fin,Ind,Fut,3,Plur,,,
elevando,elevar,Ger,,,,,,,
divulgou,divulgar,Fin,Ind,Past,3,Sing,,,
demonstrando,demonstrar,Ger,,,,,,,
esteja,estar,Fin,Sub,Pres,3,Sing,,,
escolhido,escolher,Part,,,,Sing,Masc,Pass,
treinará,treinar,Fin,Ind,Fut,3,Sing,,,
subiu,subir,Fin,Ind,Past,3,Sing,,,
falaram,falar,Fin,Ind,Past,3,Plur,,,
estimular,estimular,Inf,,,,,,,
trabalha,trabalhar,Fin,Ind,Pres,3,Sing,,,
compensa,compensar,Fin,Ind,Pres,3,Sing,,,
poderia,poder,Fin,Cnd,,3,Sing,,,
haver,haver,Inf,,,,,,,
substituir,substituir,Inf,,,,,,,
jogar,jogar,Inf,,,,,,,
avaliando,avaliar,Ger,,,,,,,
ampliar,ampliar,Inf,,,,,,,
proíbe,proibir,Fin,Ind,Pres,3,Sing,,,
assistida,assistir,Part,,,,Sing,Fem,,
iniciada,iniciar,Part,,,,Sing,Fem,Pass,
Determinadas,determinar,Part,,,,Plur,Fem,Pass,
inspiradas,inspirar,Part,,,,Plur,Fem,Pass,
tornaram,tornar,Fin,Ind,Past,3,Plur,,,
ultrapassados,ultrapassar,Part,,,,Plur,Masc,,
abortados,abortar,Part,,,,Plur,Masc,,
veja,ver,Fin,Sub,Pres,3,Sing,,,
Ficaram,ficar,Fin,Ind,Past,3,Plur,,,
achados,achado,Part,,,,Plur,Masc,Pass,
amordaçados,amordaçar,Part,,,,Plur,Masc,,
encontrou,encontrar,Fin,Ind,Past,3,Sing,,,
amarrados,amarrar,Part,,,,Plur,Masc,,
vendados,vendar,Part,,,,Plur,Masc,,
disseram,dizer,Fin,Ind,Past,3,Plur,,,
sequestrados,sequestrar,Part,,,,Plur,Masc,Pass,
confundido,confundir,Part,,,,,,,
recebidos,receber,Part,,,,Plur,Masc,Pass,
retirar,retirar,Inf,,,3,Sing,,,
será,ser,Fin,Ind,Fut,3,Sing,,,
realizado,realizar,Part,,,,Sing,Masc,Pass,
ordenado,ordenado,Part,,,,Sing,Masc,,
fundada,fundar,Part,,,,Sing,Fem,,
bate,bater,Fin,Ind,Pres,3,Sing,,,
contou,contar,Fin,Ind,Past,3,Sing,,,
comandado,comandar,Part,,,,Sing,Masc,Pass,
ficou,ficar,Fin,Ind,Past,3,Sing,,,
derrotar,derrotar,Inf,,,,,,,
marcou,marcar,Fin,Ind,Past,3,Sing,,,
participaram,participar,Fin,Ind,Past,3,Plur,,,
selecionada,selecionar,Part,,,,Sing,Fem,,
ser,ser,Inf,,,,,,,
vendida,vender,Part,,,,Sing,Fem,Pass,
comercializada,comercializar,Part,,,,Sing,Fem,Pass,
afirma,afirmar,Fin,Ind,Pres,3,Sing,,,
representa,representar,Fin,Ind,Pres,3,Sing,,,
vinha,vir,Fin,Ind,Imp,3,Sing,,,
sugerindo,sugerir,Ger,,,,,,,
Gostamos,gostar,Fin,Ind,Pres,1,Plur,,,
resolvemos,resolver,Fin,Ind,Pres,1,Plur,,,
pegar,pegar,Inf,,,,,,,
encaixam,encaixar,Fin,Ind,Pres,3,Plur,,,
tivemos,ter,Fin,Ind,Past,1,Plur,,,
dão,dar,Fin,Ind,Pres,3,Plur,,,
tocar,tocar,Inf,,,,,,,
denunciado,denunciar,Part,,,,,,,
escolhidos,escolher,Part,,,,Plur,Masc,,
mudar,mudar,Inf,,,,,,,
dependem,depender,Fin,Ind,Pres,3,Plur,,,
desestimular,desestimular,Inf,,,,,,,
oferecidas,oferecer,Part,,,,Plur,Fem,,
Causou,causar,Fin,Ind,Past,3,Sing,,,
tratou,tratar,Fin,Ind,Past,3,Sing,,,
Chegou,chegar,Fin,Ind,Past,3,Sing,,,
faz,fazer,Fin,Ind,Pres,3,Sing,,,
põe,pôr,Fin,Ind,Pres,3,Sing,,,
interpretar,interpretar,Inf,,,,,,,
dirige,dirigir,Fin,Ind,Pres,3,Sing,,,
interpretada,interpretar,Part,,,,Sing,Fem,Pass,
resiste,resistir,Fin,Ind,Pres,3,Sing,,,
paga,pagar,Fin,Ind,Pres,3,Sing,,,
filmar,filmar,Inf,,,3,Sing,,,
feita,fazer,Part,,,,Sing,Fem,Pass,
Vi,ver,Fin,Ind,Past,1,Sing,,,
jogar,jogar,Fin,Sub,Fut,3,Sing,,,
Venceu,vencer,Fin,Ind,Past,3,Sing,,,
bastava,bastar,Fin,Ind,Imp,3,Sing,,,
chegado,chegar,Part,,,,,,,
atinge,atingir,Fin,Ind,Pres,3,Sing,,,
ancora,ancorar,Fin,Ind,Pres,3,Sing,,,
torna,tornar,Fin,Ind,Pres,3,Sing,,,
dispensou,dispensar,Fin,Ind,Past,3,Sing,,,
souberam,saber,Fin,Ind,Past,3,Plur,,,
aprestou,aprestar,Fin,Ind,Past,3,Sing,,,
defender,defender,Inf,,,,,,,
Chegamos,chegar,Fin,Ind,Past,1,Plur,,,
discordou,discordar,Fin,Ind,Past,3,Sing,,,
joga,jogar,Fin,Ind,Pres,3,Sing,,,
apreciam,apreciar,Fin,Ind,Pres,3,Plur,,,
enterradas,enterrar,Part,,,,Plur,Fem,,
existia,existir,Fin,Ind,Imp,3,Sing,,,
engatinhava,engatinhar,Fin,Ind,Imp,3,Sing,,,
apareceu,aparecer,Fin,Ind,Past,3,Sing,,,
quer,querer,Fin,Ind,Pres,3,Sing,,,
formada,formar,Part,,,,Sing,Fem,Pass,
pensarmos,pensar,Fin,Sub,Fut,1,Plur,,,
daria,dar,Fin,Cnd,,3,Sing,,,
abastecer,abastecer,Inf,,,,,,,
estabelecidas,estabelecer,Part,,,,Plur,Fem,,
cumpridas,cumprir,Part,,,,Plur,Fem,Pass,
convertidas,converter,Part,,,,Plur,Fem,Pass,
imagino,imaginar,Fin,Ind,Pres,1,Sing,,,
deveria,dever,Fin,Cnd,,3,Sing,,,
dotar,dotar,Inf,,,,,,,
possibilitassem,possibilitar,Fin,Sub,Imp,3,Plur,,,
acha,achar,Fin,Ind,Pres,3,Sing,,,
priorizo,priorizar,Fin,Ind,Pres,1,Sing,,,
estimule,estimular,Fin,Sub,Pres,3,Sing,,,
elimina,eliminar,Fin,Ind,Pres,3,Sing,,,
eliminada,eliminar,Part,,,,Sing,Fem,Pass,
reúne,reunir,Fin,Ind,Pres,3,Sing,,,
perdeu,perder,Fin,Ind,Past,3,Sing,,,
empurrada,empurrar,Part,,,,Sing,Fem,Pass,
for,ir,Fin,Sub,Fut,3,Sing,,,
prejudica,prejudicar,Fin,Ind,Pres,3,Sing,,,
discursar,discursar,Inf,,,,,,,
leia,ler,Fin,Sub,Pres,3,Sing,,,
altera,alterar,Fin,Ind,Pres,3,Sing,,,
leva,levar,Fin,Ind,Pres,3,Sing,,,
oscilam,oscilar,Fin,Ind,Pres,3,Plur,,,
Têm,ter,Fin,Ind,Pres,3,Plur,,,
passam,passar,Fin,Ind,Pres,3,Plur,,,
abrem,abrir,Fin,Ind,Pres,3,Plur,,,
faziam,fazer,Fin,Ind,Imp,3,Plur,,,
acompanhou,acompanhar,Fin,Ind,Past,3,Sing,,,
apresentado,apresentar,Part,,,,Sing,Masc,Pass,
marca,marcar,Fin,Ind,Pres,3,Sing,,,
entram,entrar,Fin,Ind,Pres,3,Plur,,,
obrigam,obrigar,Fin,Ind,Pres,3,Plur,,,
assinar,assinar,Inf,,,,,,,
associado,associar,Part,,,,Sing,Masc,,
levam,levar,Fin,Ind,Pres,3,Plur,,,
recomenda,recomendar,Fin,Ind,Pres,3,Sing,,,
levantar,levantar,Inf,,,,,,,
encostar,encostar,Inf,,,,,,,
calcanhar,calcanhar,Inf,,,,,,,
esclarecer,esclarecer,Inf,,,,,,,
conhecia,conhecer,Fin,Ind,Imp,1,Sing,,,
entendendo,entender,Ger,,,,,,,
entendo,entender,Fin,Ind,Pres,1,Sing,,,
atingir,atingir,Inf,,,,,,,
definidas,definido,Part,,,,Plur,Fem,,
Gostei,gostar,Fin,Ind,Past,1,Sing,,,
criticado,criticar,Part,,,,Sing,Masc,,
defende,defender,Fin,Ind,Pres,3,Sing,,,
deixou,deixar,Fin,Ind,Past,3,Sing,,,AUX
posicionar,posicionar,Inf,,,,,,,
tenha,ter,Fin,Sub,Pres,3,Sing,,,
elaboradas,elaborar,Part,,,,Plur,Fem,,
perguntado,perguntar,Part,,,,Sing,Masc,,
mostra,mostrar,Fin,Ind,Pres,3,Sing,,,
formado,formar,Part,,,,Sing,Masc,,
atendida,atender,Part,,,,Sing,Fem,,
propiciou,propiciar,Fin,Ind,Past,3,Sing,,,
participar,participar,Inf,,,,,,,
discutidos,discutir,Part,,,,Plur,Masc,Pass,
promovido,promover,Part,,,,Sing,Masc,,
dividido,dividir,Part,,,,Sing,Masc,Pass,
atender,atender,Inf,,,,,,,
interessados,interessar,Part,,,,Plur,Masc,,
pasando,pasar,Ger,,,,,,,
anular,anular,Inf,,,,,,,
pretende,pretender,Fin,Ind,Pres,3,Sing,,,
reforçar,reforçar,Inf,,,,,,,
adiantou,adiantar,Fin,Ind,Past,3,Sing,,,
indiciado,indiciar,Part,,,,Sing,Masc,Pass,
teme,temer,Fin,Ind,Pres,3,Sing,,,
sei,saber,Fin,Ind,Past,1,Sing,,,
indiciaram,indiciar,Fin,Ind,Past,3,Plur,,,
orquestrada,orquestrar,Part,,,,Sing,Fem,,
dirigida,dirigir,Part,,,,Sing,Fem,,
duram,durar,Fin,Ind,Pres,3,Plur,,,
encontrando,encontrar,Ger,,,,,,,
contratar,contratar,Inf,,,,,,,
animar,animar,Inf,,,,,,,
cresceu,crescer,Fin,Ind,Past,3,Sing,,,
registrou,registrar,Fin,Ind,Past,3,Sing,,,
equilibrar,equilibrar,Inf,,,,,,,
começar,começar,Inf,,,,,,,AUX
estimada,estimar,Part,,,,Sing,Fem,,
pediu,pedir,Fin,Ind,Past,3,Sing,,,
especializados,especializar,Part,,,,Plur,Masc,,
estabelecer,estabelecer,Inf,,,,,,,
vão,ir,Fin,Ind,Pres,3,Plur,,,
levadas,levar,Part,,,,Plur,Fem,Pass,
calculado,calcular,Part,,,,Sing,Masc,Pass,
utilizamos,utilizar,Fin,Ind,Pres,1,Plur,,,
obter,obter,Inf,,,,,,,
estima,estimar,Fin,Ind,Pres,3,Sing,,,
classificar,classificar,Inf,,,,,,,
plantadas,plantar,Part,,,,Plur,Fem,,
participado,participar,Part,,,,,,,
Acompanhada,acompanhar,Part,,,,Sing,Fem,,
visitou,visitar,Fin,Ind,Past,3,Sing,,,
estavam,estar,Fin,Ind,Imp,3,Plur,,,
apresentou,apresentar,Fin,Ind,Past,3,Sing,,,
copiar,copiar,Inf,,,,,,,
Podem,poder,Fin,Ind,Pres,3,Plur,,,
produzir,produzir,Inf,,,,,,,
realizando,realizar,Ger,,,,,,,
fiquei,ficar,Fin,Ind,Past,1,Sing,,,
Assista,assistar,Fin,Sub,Pres,3,Sing,,,
ver,ver,Inf,,,,,,,
conheci,conhecer,Fin,Ind,Past,1,Sing,,,
Jurava,jurar,Fin,Ind,Imp,3,Sing,,,
usava,usar,Fin,Ind,Imp,3,Sing,,,
usei,usar,Fin,Ind,Past,1,Sing,,,
Nasci,nascer,Fin,Ind,Past,1,Sing,,,
fazendo,fazer,Ger,,,,,,,
afasta,afastar,Fin,Ind,Pres,3,Sing,,,
anunciado,anunciar,Part,,,,,,,
aberto,abrir,Part,,,,Sing,Masc,Pass,
mudaram,mudar,Fin,Ind,Past,3,Plur,,,
proibiram,proibir,Fin,Ind,Past,3,Plur,,,
afastassem,afastar,Fin,Sub,Imp,3,Plur,,,
composto,compor,Part,,,,Sing,Masc,,
preparava,preparar,Fin,Ind,Imp,3,Sing,,,
acompanhar,acompanhar,Inf,,,,,,,
prometia,prometer,Fin,Ind,Imp,3,Sing,,,
construídos,construir,Part,,,,Plur,Masc,Pass,
promover,promover,Inf,,,,,,,
descuidar,descuidar,Inf,,,,,,,
vendo,ver,Ger,,,,,,,
declara,declarar,Fin,Ind,Pres,3,Sing,,,
derrotado,derrotar,Part,,,,Sing,Masc,,
procurado,procurar,Part,,,,Sing,Masc,Pass,
comprar,comprar,Inf,,,,,,,
Prenderam,prender,Fin,Ind,Past,3,Plur,,,
apreenderam,apreender,Fin,Ind,Past,3,Plur,,,
desviaram,desviar,Fin,Ind,Past,3,Plur,,,
devolvido,devolver,Part,,,,Sing,Masc,,
construía,construir,Fin,Ind,Imp,3,Sing,,,
ganho,ganhar,Fin,Ind,Pres,1,Sing,,,
planejava,planejar,Fin,Ind,Imp,3,Sing,,,
criticou,criticar,Fin,Ind,Past,3,Sing,,,
pedindo,pedir,Ger,,,,,,,
jogasse,jogar,Fin,Sub,Imp,3,Sing,,,
intimidada,intimidar,Part,,,,Sing,Fem,Pass,
pede,pedir,Fin,Ind,Pres,3,Sing,,,
negociam,negociar,Fin,Ind,Pres,3,Plur,,,
formem,former,Fin,Sub,Pres,3,Plur,,,
agir,agir,Inf,,,,,,,
retirem,retirar,Fin,Sub,Pres,3,Plur,,,
suspendam,suspender,Fin,Ind,Pres,3,Plur,,,
pondo,pôr,Ger,,,,,,,
aceito,aceitar,Part,,,,Sing,Masc,Pass,
Acho,achar,Fin,Ind,Pres,1,Sing,,,
usou,usar,Fin,Ind,Past,3,Sing,,,
funciona,funcionar,Fin,Ind,Pres,3,Sing,,,
apostar,apostar,Inf,,,,,,,
usam,usar,Fin,Ind,Pres,3,Plur,,,
Haverá,haver,Fin,Ind,Fut,3,Sing,,,
possui,possuir,Fin,Ind,Pres,3,Sing,,,
realizar,realizar,Inf,,,,,,,
escapou,escapar,Fin,Ind,Past,3,Sing,,,
carrega,carregar,Fin,Ind,Pres,3,Sing,,,
usada,usar,Part,,,,Sing,Fem,Pass,
movimentar,movimentar,Inf,,,,,,,
evitando,evitar,Ger,,,,,,,
atinjam,atingir,Fin,Sub,Pres,3,Plur,,,
agradecer,agradecer,Inf,,,,,,,
elogiar,elogiar,Inf,,,,,,,
negou,negar,Fin,Ind,Past,3,Sing,,,
discutida,discutir,Part,,,,Sing,Fem,,
levantada,levantar,Part,,,,Sing,Fem,Pass,
eleito,eleger,Part,,,,Sing,Masc,,
negaram,negar,Fin,Ind,Past,3,Plur,,,
retratar,retratar,Inf,,,,,,,
ameaçou,ameaçar,Fin,Ind,Past,3,Sing,,,
especificar,especificar,Inf,,,,,,,
anunciar,anunciar,Inf,,,,,,,
impedir,impedir,Inf,,,,,,,
achar,achar,Fin,Sub,Fut,3,Sing,,,
ESQUECIDA,esquecida,Part,,,,Sing,Fem,,
expõe,expor,Fin,Ind,Pres,3,Sing,,,
coloridas,colorir,Part,,,,Plur,Fem,,
retratam,retratar,Fin,Ind,Pres,3,Plur,,,
retrata,retratar,Fin,Ind,Pres,3,Sing,,,
vêem,ver,Fin,Ind,Pres,3,Plur,,,
visitar,visitar,Inf,,,,,,,
une,unir,Fin,Ind,Pres,3,Sing,,,
costuma,costumar,Fin,Ind,Pres,3,Sing,,,
pesada,pesar,Part,,,,Sing,Fem,,
ocorre,ocorrer,Fin,Ind,Pres,3,Sing,,,
segue,seguir,Fin,Ind,Pres,3,Sing,,,
apresenta,apresentar,Fin,Ind,Pres,3,Sing,,,
aumenta,aumentar,Fin,Ind,Pres,3,Sing,,,
acredita,acreditar,Fin,Ind,Pres,3,Sing,,,
aumentar,aumentar,Inf,,,,,,,
entrevistados,entrevistar,Part,,,,Plur,Masc,Pass,
cai,cair,Fin,Ind,Pres,3,Sing,,,
restringe,restringir,Fin,Ind,Pres,3,Sing,,,
sabem,saber,Fin,Ind,Pres,3,Plur,,,
responder,responder,Inf,,,,,,,
conturbou,conturbar,Fin,Ind,Past,3,Sing,,,
arremessou,arremessar,Fin,Ind,Past,3,Sing,,,
exibiam,exibir,Fin,Ind,Imp,3,Plur,,,
dizia,dizer,Fin,Ind,Imp,3,Sing,,,
Nascidos,nascer,Part,,,,Plur,Masc,,
reagir,reagir,Inf,,,,,,,
classificar,classificar,Fin,Sub,Fut,3,Sing,,,
Adoraria,adorar,Fin,Cnd,,3,Sing,,,
pudesse,poder,Fin,Sub,Imp,3,Sing,,,
concorrer,concorrer,Inf,,,,,,,
elegeria,eleger,Fin,Cnd,,3,Sing,,,
adoro,adorar,Fin,Ind,Pres,1,Sing,,,
confessa,confessar,Fin,Ind,Pres,3,Sing,,,
começaria,começar,Fin,Cnd,,3,Sing,,,
tentaria,tentar,Fin,Cnd,,3,Sing,,,
funcionar,funcionar,Inf,,,,,,,
circulam,circular,Fin,Ind,Pres,3,Plur,,,
ALUGAR,alugar,Inf,,,,,,,
Retorna,retornar,Fin,Ind,Pres,3,Sing,,,
recupera,recuperar,Fin,Ind,Pres,3,Sing,,,
visita,visitar,Fin,Ind,Pres,3,Sing,,,
vive,viver,Fin,Ind,Pres,3,Sing,,,
assumindo,assumir,Ger,,,,,,,
despede,despedar,Fin,Ind,Pres,3,Sing,,,
cederá,ceder,Fin,Ind,Fut,3,Sing,,,
conforta,confortar,Fin,Ind,Pres,3,Sing,,,
terá,ter,Fin,Ind,Fut,3,Sing,,,AUX
operar,operar,Inf,,,,,,,
implementado,implementar,Part,,,,Sing,Masc,Pass,
integrada,integrar,Part,,,,Sing,Fem,,
ficam,ficar,Fin,Ind,Pres,3,Plur,,,
impetrada,impetrar,Part,,,,Sing,Fem,Pass,
informou,informar,Fin,Ind,Past,3,Sing,,,
mantido,manter,Part,,,,Sing,Masc,Pass,
piorou,piorar,Fin,Ind,Past,3,Sing,,,
arranjou,arranjar,Fin,Ind,Past,3,Sing,,,
deixado,deixar,Part,,,,,,,
trazido,trazer,Part,,,,Sing,Masc,,
pegos,pegar,Part,,,,Plur,Masc,Pass,
tolerei,tolerar,Fin,Ind,Past,1,Sing,,,
quis,querer,Fin,Ind,Past,1,Sing,,,
intrometer,intrometer,Inf,,,,,,,
chegou,chegar,Fin,Ind,Past,3,Sing,,,
ganhou,ganhar,Fin,Ind,Past,3,Sing,,,
demitiu,demitir,Fin,Ind,Past,3,Sing,,,
conhecido,conhecer,Part,,,,,,,
convidou,convidar,Fin,Ind,Past,3,Sing,,,
promovido,promover,Part,,,,Sing,Masc,Pass,
revelou,revelar,Fin,Ind,Past,3,Sing,,,
iludir,iludir,Inf,,,,,,,
tornou,tornar,Fin,Ind,Past,3,Sing,,,
matando,matar,Ger,,,,,,,
angustiada,angustiar,Part,,,,Sing,Fem,,
pergunto,perguntar,Fin,Ind,Pres,1,Sing,,,
podia,poder,Fin,Ind,Imp,3,Sing,,,
dado,dar,Part,,,,,,,
sensibilizar,sensibilizar,Inf,,,,,,,
pretendidas,pretender,Part,,,,Plur,Fem,,
adorado,adorar,Part,,,,Sing,Masc,Pass,
utilizado,utilizar,Part,,,,Sing,Masc,,
Abram,abrir,Fin,Sub,Pres,3,Plur,,,
surpreendeu,surpreender,Fin,Ind,Past,3,Sing,,,
revelar,revelar,Inf,,,,,,,
esperava,esperar,Fin,Ind,Imp,1,Sing,,,
comentava,comentar,Fin,Ind,Imp,3,Sing,,,
vir,vir,Inf,,,,,,,
repetir,repetir,Inf,,,,,,,
Aconteceu,acontecer,Fin,Ind,Past,3,Sing,,,
montada,montar,Part,,,,Sing,Fem,,
rodeada,rodear,Part,,,,Sing,Fem,Pass,
dirigidas,dirigir,Part,,,,Plur,Fem,,
acederam,aceder,Fin,Ind,Past,3,Plur,,,
permaneceram,permanecer,Fin,Ind,Past,3,Plur,,,
dividido,dividir,Part,,,,,,,
surgirem,surgir,Inf,,,3,Plur,,,
desfilaram,desfilar,Fin,Ind,Past,3,Plur,,,
fiz,fazer,Fin,Ind,Past,1,Sing,,,
passa,passar,Fin,Ind,Pres,3,Sing,,,
electrificar,electrificar,Inf,,,,,,,
haja,haver,Fin,Sub,Pres,3,Sing,,,
aponta,apontar,Fin,Ind,Pres,3,Sing,,,
continua,continuar,Fin,Ind,Pres,3,Sing,,,AUX
provoca,provocar,Fin,Ind,Pres,3,Sing,,,
Considerado,considerar,Part,,,,Sing,Masc,,
culpado,culpar,Part,,,,Sing,Masc,,
absolvido,absolver,Part,,,,Sing,Masc,,
lava,laver,Fin,Ind,Pres,3,Sing,,,
cobriu,cobrir,Fin,Ind,Past,3,Sing,,,
conduzido,conduzir,Part,,,,Sing,Masc,Pass,
prescreveram,prescrever,Fin,Ind,Past,3,Plur,,,
prescreverão,prescrever,Fin,Ind,Pres,3,Plur,,,
realizada,realizar,Part,,,,Sing,Fem,,
ajudado,ajudar,Part,,,,,,,
Chegámos,chegar,Fin,Ind,Past,1,Plur,,,
deixaram,deixar,Fin,Ind,Past,3,Plur,,,AUX
existir,existir,Inf,,,,,,,
garantam,garantar,Fin,Sub,Pres,3,Plur,,,
garantem,garantir,Fin,Ind,Pres,3,Plur,,,
prometeu,prometer,Fin,Ind,Past,3,Sing,,,
continuar,continuar,Inf,,,,,,,AUX
assegurar,assegurar,Inf,,,,,,,
admitiu,admitir,Fin,Ind,Past,3,Sing,,,
reconsiderar,reconsiderar,Inf,,,,,,,
ficar,ficar,Inf,,,,,,,
saber,saber,Inf,,,,,,,
auxiliar,auxiliar,Inf,,,,,,,
considera,considerar,Fin,Ind,Pres,3,Sing,,,
lançadas,lançar,Part,,,,Plur,Fem,,
comprometeu,comprometer,Fin,Ind,Past,3,Sing,,,
contribuir,contribuir,Inf,,,,,,,
cumpriu,cumprir,Fin,Ind,Past,3,Sing,,,
analisa,analisar,Fin,Ind,Pres,3,Sing,,,
analisar,analisar,Inf,,,,,,,
está,estar,Fin,Ind,Pres,3,Sing,,,AUX
complementada,complementar,Part,,,,Sing,Fem,Pass,
nomeada,nomeada,Part,,,,Sing,Fem,,
dirigir,dirigir,Inf,,,,,,,
marcado,marcar,Part,,,,Sing,Masc,Pass,
recebeu,receber,Fin,Ind,Past,3,Sing,,,
comunicado,comunicar,Part,,,,Sing,Masc,,
concluir,concluir,Inf,,,,,,,
encontrava,encontrar,Fin,Ind,Imp,3,Sing,,,
interdito,interditar,Part,,,,Sing,Masc,,
passar,passar,Inf,,,,,,,
venha,vir,Fin,Sub,Pres,3,Sing,,,AUX
instaurar,instaurar,Inf,,,,,,,
levaram,levar,Fin,Ind,Past,3,Plur,,,
comparecer,comparecer,Inf,,,,,,,
guarda,guarda,Fin,Ind,Pres,3,Sing,,,
mutilados,mutilar,Part,,,,Plur,Masc,,
Descoberto,descobrir,Part,,,,Sing,Masc,,
encara,encarar,Fin,Ind,Pres,3,Sing,,,
observa,observar,Fin,Ind,Pres,3,Sing,,,
perdemos,perder,Fin,Ind,Pres,1,Plur,,,
temos,ter,Fin,Ind,Pres,1,Plur,,,
desabafou,desabafar,Fin,Ind,Past,3,Sing,,,
justificar,justificar,Inf,,,,,,,
restam,restar,Fin,Ind,Pres,3,Plur,,,
enumerou,enumerar,Fin,Ind,Past,3,Sing,,,
esquecer,esquecer,Inf,,,,,,,
decida,decer,Fin,Sub,Pres,3,Sing,,,
procura,procurar,Fin,Ind,Pres,3,Sing,,,
congregar,congregar,Inf,,,,,,,
equacionada,equacionar,Part,,,,Sing,Fem,Pass,
constituída,constituir,Part,,,,Sing,Fem,Pass,
pregar,pregar,Inf,,,,,,,
fizeram,fazer,Fin,Ind,Past,3,Plur,,,
querem,querer,Fin,Ind,Pres,3,Plur,,,
recomendam,recomendar,Fin,Ind,Pres,3,Plur,,,
levem,levar,Fin,Sub,Pres,3,Plur,,,
vá,ir,Fin,Sub,Pres,3,Sing,,,
pregar,pregar,Fin,Sub,,3,Sing,,,
Reconhecendo,reconhecer,Ger,,,,,,,
possuir,possuir,Inf,,,,,,,
preside,presidir,Fin,Ind,Pres,3,Sing,,,
lamentou,lamentar,Fin,Ind,Past,3,Sing,,,
estado,estar,Part,,,,,,,
esquecido,esquecer,Part,,,,Sing,Masc,Pass,
desmobilizado,desmobilizar,Part,,,,Sing,Masc,Pass,
meter,meter,Inf,,,,,,,
sustentou,sustentar,Fin,Ind,Past,3,Sing,,,
vencer,vencer,Inf,,,,,,,
criticando,criticar,Ger,,,,,,,
tratados,tratar,Part,,,,Plur,Masc,Pass,
castigados,castigar,Part,,,,Plur,Masc,,
registou,registar,Fin,Ind,Past,3,Sing,,,
resultou,resultar,Fin,Ind,Past,3,Sing,,,
encerrar,encerrar,Inf,,,,,,,
digladiam,digladiar,Fin,Ind,Pres,3,Plur,,,
moderado,moderar,Part,,,,Sing,Masc,,
tenderão,tender,Fin,Ind,Fut,3,Plur,,,AUX
garante,garantir,Fin,Ind,Pres,3,Sing,,,
puder,poder,Fin,Sub,Fut,3,Sing,,,
impor,impor,Inf,,,,,,,
tendo,ter,Ger,,,,,,,
adquirido,adquirir,Part,,,,Sing,Masc,,
chegava,chegar,Fin,Ind,Imp,3,Sing,,,
anunciou,anunciar,Fin,Ind,Past,3,Sing,,,
visto,ver,Part,,,,Sing,Masc,Pass,
gritar,gritar,Inf,,,,,,,
cantar,cantar,Inf,,,,,,,
correr,correr,Inf,,,,,,,
dançar,dançar,Inf,,,,,,,
Inauguram,inaugurar,Fin,Ind,Pres,3,Plur,,,
veio,vir,Fin,Ind,Past,3,Sing,,,
regulamentar,regulamentar,Inf,,,,,,,
aberta,abrir,Part,,,,Sing,Fem,,
autorizados,autorizar,Part,,,,Plur,Masc,,
lida,ler,Part,,,,Sing,Fem,Pass,
justificados,justificar,Part,,,,Plur,Masc,,
interessada,interessado,Part,,,,Sing,Fem,,
citava,citar,Fin,Ind,Imp,3,Sing,,,
envolvidas,envolver,Part,,,,Plur,Fem,,
envolvido,envolver,Part,,,,Sing,Masc,,
prova,prova,Fin,Ind,Pres,3,Sing,,,
disputa,disputar,Fin,Ind,Pres,3,Sing,,,
superando,superar,Ger,,,,,,,
rubricou,rubricar,Fin,Ind,Past,3,Sing,,,
fixado,fixar,Part,,,,Sing,Masc,,
compensada,compensar,Part,,,,Sing,Fem,Pass,
prestados,prestar,Part,,,,Plur,Masc,,
entregues,entregar,Part,,,,Plur,Masc,Pass,
dourado,dourar,Part,,,,Sing,Masc,,
viajou,viajar,Fin,Ind,Past,3,Sing,,,
falar,falar,Inf,,,,,,,
conserva,conservar,Fin,Ind,Pres,3,Sing,,,
começa,começar,Fin,Ind,Pres,3,Sing,,,AUX
ler,ler,Inf,,,,,,,
prepararam,preparar,Fin,Ind,Past,3,Plur,,,
tive,ter,Fin,Ind,Past,1,Sing,,,AUX
resulta,resultar,Fin,Ind,Pres,3,Sing,,,
adequa,adequar,Fin,Ind,Pres,3,Sing,,,
olhar,olhar,Inf,,,,,,,
conheço,conhecer,Fin,Ind,Pres,1,Sing,,,
estejam,estar,Fin,Sub,Pres,3,Plur,,,
estarem,estar,Inf,,,3,Plur,,,AUX
fotografados,fotografar,Part,,,,Plur,Masc,Pass,
envergonhados,envergonhar,Part,,,,Plur,Masc,,
violados,violar,Part,,,,Plur,Masc,Pass,
olham,olhar,Fin,Ind,Pres,3,Plur,,,
parece,parecer,Fin,Ind,Pres,3,Sing,,,
estão,estar,Fin,Ind,Pres,3,Plur,,,AUX
reagiriam,reagiriar,Fin,Cnd,,3,Plur,,,
revele,revelar,Fin,Sub,Pres,3,Sing,,,
gostaria,gostar,Fin,Cnd,,3,Sing,,,
soubesse,saber,Fin,Sub,Imp,3,Sing,,,
visse,vir,Fin,Sub,Imp,3,Sing,,,
cultivar,cultivar,Inf,,,,,,,
elevado,elevar,Part,,,,Sing,Masc,Pass,
praticam,praticar,Fin,Ind,Pres,3,Plur,,,
revela,revelar,Fin,Ind,Pres,3,Sing,,,
consegue,conseguir,Fin,Ind,Pres,3,Sing,,,
perceber,perceber,Inf,,,,,,,
habita,haber,Fin,Ind,Pres,3,Sing,,,
reduz,reduzir,Fin,Ind,Pres,3,Sing,,,
limitados,limitar,Part,,,,Plur,Masc,,
explorados,explorar,Part,,,,Plur,Masc,Pass,
Fotografa,fotografar,Fin,Ind,Pres,3,Sing,,,
trabalham,trabalhar,Fin,Ind,Pres,3,Plur,,,
sofrem,sofrer,Fin,Ind,Pres,3,Plur,,,
empenhada,empenhar,Part,,,,Sing,Fem,,
vê,ver,Fin,Ind,Pres,3,Sing,,,
pretendem,pretender,Fin,Ind,Pres,3,Plur,,,
integrado,integrar,Part,,,,Sing,Masc,,
baseada,basear,Part,,,,Sing,Fem,,
abrir,abrir,Inf,,,,,,,
geridos,gerir,Part,,,,Plur,Masc,Pass,
fornecerão,fornecer,Fin,Ind,Fut,3,Plur,,,
baseados,basear,Part,,,,Plur,Masc,,
existem,existir,Fin,Ind,Pres,3,Plur,,,
oferecem,oferecer,Fin,Ind,Pres,3,Plur,,,
reorganizar,reorganizar,Inf,,,,,,,
baseadas,basear,Part,,,,Plur,Fem,,
apurou,apurar,Fin,Ind,Past,3,Sing,,,
levado,levar,Part,,,,,,,
desvendar,desvendar,Inf,,,,,,,
tomado,tomar,Part,,,,,,,
passou,passar,Fin,Ind,Past,3,Sing,,,
custou,custar,Fin,Ind,Past,3,Sing,,,
levou,levar,Fin,Ind,Past,3,Sing,,,
preparar,preparar,Inf,,,,,,,
avançar,avançar,Inf,,,,,,,
conta,contar,Fin,Ind,Pres,3,Sing,,,
arrecadar,arrecadar,Inf,,,,,,,
calculado,calcular,Part,,,,Sing,Masc,,
tenta,tentar,Fin,Ind,Pres,3,Sing,,,
diminuir,diminuir,Inf,,,,,,,
pedir,pedir,Inf,,,,,,,
marcada,marcar,Part,,,,Sing,Fem,,
reduzam,reduzir,Fin,Sub,Pres,3,Plur,,,
inverter,inverter,Inf,,,,,,,
impõe,impor,Fin,Ind,Pres,3,Sing,,,
quero,querer,Fin,Ind,Pres,1,Sing,,,
possam,poder,Fin,Sub,Pres,3,Plur,,,
substituídas,substituir,Part,,,,Plur,Fem,Pass,
digo,dizer,Fin,Ind,Pres,1,Sing,,,
é,ser,Fin,Ind,Pres,,Sing,,,
concederia,conceder,Fin,Cnd,,3,Sing,,,
trata,tratar,Fin,Ind,Pres,3,Sing,,,
lembrou,lembrar,Fin,Ind,Past,3,Sing,,,
sedados,sedar,Part,,,,Plur,Masc,,
propiciam,propiciar,Fin,Ind,Pres,3,Plur,,,
existe,existir,Fin,Ind,Pres,3,Sing,,,
facilitar,facilitar,Inf,,,,,,,
chegar,chegar,Inf,,,3,Sing,,,
protege,proteger,Fin,Ind,Pres,3,Sing,,,
começou,começar,Fin,Ind,Past,3,Sing,,,AUX
ligados,ligar,Part,,,,Plur,Masc,,
escrita,escrever,Part,,,,Sing,Fem,,
emigrados,emigrar,Part,,,,Plur,Masc,,
ganhando,ganhar,Ger,,,,,,,
desenvolverá,desenvolver,Fin,Ind,Fut,3,Sing,,,
conhecido,conhecer,Part,,,,Sing,Masc,,
comemora,comemorar,Fin,Ind,Pres,3,Sing,,,
tripulada,tripulado,Part,,,,Sing,Fem,,
homenageia,homenagear,Fin,Ind,Pres,3,Sing,,,
possuíam,possuir,Fin,Ind,Imp,3,Plur,,,
realizadas,realizar,Part,,,,Plur,Fem,Pass,
recebiam,receber,Fin,Ind,Imp,3,Plur,,,
numerados,numerar,Part,,,,Plur,Masc,,
datados,datar,Part,,,,Plur,Masc,,
tornado,tornar,Part,,,,,,,
resolveram,resolver,Fin,Ind,Past,3,Plur,,,
restringir,restringir,Inf,,,,,,,
acordaram,acordar,Fin,Ind,Past,3,Plur,,,
concebem,conceber,Fin,Ind,Pres,3,Plur,,,
realizam,realizar,Fin,Ind,Pres,3,Plur,,,
saídos,sair,Part,,,,Plur,Masc,,
organizam,organizar,Fin,Ind,Pres,3,Plur,,,
organizou,organizar,Fin,Ind,Past,3,Sing,,,
acentuam,acentuar,Fin,Ind,Pres,3,Plur,,,
referida,referir,Part,,,,Sing,Fem,,
iniciava,iniciar,Fin,Ind,Imp,3,Sing,,,
concebe,conceber,Fin,Ind,Pres,3,Sing,,,
organizados,organizar,Part,,,,Plur,Masc,,
picotadas,picotar,Part,,,,Plur,Fem,,
abordar,abordar,Inf,,,,,,,
falado,falar,Part,,,,Sing,Masc,Pass,
reconhecido,reconhecer,Part,,,,Sing,Masc,,
recair,recair,Inf,,,3,Sing,,,
mantido,manter,Part,,,,,,,
transmitir,transmitir,Inf,,,,,,,
recria,recriar,Fin,Ind,Pres,3,Sing,,,
reinventar,reinventar,Inf,,,,,,,
surgiu,surgir,Fin,Ind,Past,3,Sing,,,
comedido,comedir,Part,,,,Sing,Masc,,
prescindiu,prescindir,Fin,Ind,Past,3,Sing,,,
interiorizada,interiorizar,Part,,,,Sing,Fem,,
construída,construir,Part,,,,Sing,Fem,Pass,
permitirá,permitir,Fin,Ind,Fut,3,Sing,,,
concebeu,conceber,Fin,Ind,Past,3,Sing,,,
produzidos,produzir,Part,,,,Plur,Masc,Pass,
levadas,levar,Part,,,,Plur,Fem,,
executadas,executar,Part,,,,Plur,Fem,Pass,
perturbar,perturbar,Inf,,,,,,,
poderão,poder,Fin,Ind,Fut,3,Plur,,,
enfrentar,enfrentar,Inf,,,,,,,
renovado,renovar,Part,,,,Sing,Masc,,
dependerá,depender,Fin,Ind,Fut,3,Sing,,,
necessitará,necessitar,Fin,Ind,Fut,3,Sing,,,
mantenham,manter,Fin,Sub,Pres,3,Plur,,,
apelar,apelar,Fin,Sub,Fut,3,Sing,,,
dê,dar,Fin,Sub,Pres,3,Sing,,,
tremem,tremer,Fin,Ind,Pres,3,Plur,,,
poupou,poupar,Fin,Ind,Past,3,Sing,,,
fracturou,fracturar,Fin,Ind,Past,3,Sing,,,
perderam,perder,Fin,Ind,Past,3,Plur,,,
desmoronou,desmoronar,Fin,Ind,Past,3,Sing,,,
tremia,tremer,Fin,Ind,Imp,3,Sing,,,
seguirá,seguir,Fin,Ind,Fut,3,Sing,,,
aprovada,aprovar,Part,,,,Sing,Fem,Pass,
visando,visar,Ger,,,,,,,
prescritos,prescrever,Part,,,,Plur,Masc,,
receia,recear,Fin,Ind,Pres,3,Sing,,,
disseminado,disseminar,Part,,,,Sing,Masc,,
faça,fazer,Fin,Sub,Pres,3,Sing,,,
chamado,chamar,Part,,,,Sing,Masc,,
mostrado,mostrar,Part,,,,,,,
regridem,regridir,Fin,Ind,Pres,3,Plur,,,
dirigidos,dirigir,Part,,,,Plur,Masc,,
sugere,sugerir,Fin,Ind,Pres,3,Sing,,,
eleita,eleger,Part,,,,Sing,Fem,,
decorreu,decorrer,Fin,Ind,Past,3,Sing,,,
estabelecido,estabelecer,Part,,,,Sing,Masc,,
der,dar,Fin,Sub,Fut,3,Sing,,,
mantenha,manter,Fin,Sub,Pres,3,Sing,,,
devia,dever,Fin,Ind,Imp,3,Sing,,,
constituir,constituir,Inf,,,,,,,
tornará,tornar,Fin,Ind,Fut,3,Sing,,,
crescido,crescer,Part,,,,Sing,Masc,,
demasiada,demasiado,Part,,,,Sing,Fem,,
reagiu,reagir,Fin,Ind,Past,3,Sing,,,
desinformado,desinformar,Part,,,,Sing,Masc,Pass,
devem,dever,Fin,Ind,Pres,3,Plur,,,
surgem,surgir,Fin,Ind,Pres,3,Plur,,,
discutir,discutir,Inf,,,,,,,
visa,visar,Fin,Ind,Pres,3,Sing,,,
banir,banir,Inf,,,,,,,
persiste,persistir,Fin,Ind,Pres,3,Sing,,,
encontrado,encontrar,Part,,,,Sing,Masc,,
avisar,avisar,Inf,,,,,,,
atingido,atingir,Part,,,,,,,
teremos,ter,Fin,Ind,Fut,1,Plur,,,
esgotado,esgotar,Part,,,,Sing,Masc,,
inaugurada,inaugurar,Part,,,,Sing,Fem,Pass,
assistir,assistir,Inf,,,,,,,
ofereceu,oferecer,Fin,Ind,Past,3,Sing,,,
acompanhado,acompanhar,Part,,,,Sing,Masc,Pass,
passeou,passear,Fin,Ind,Past,3,Sing,,,
servindo,servir,Ger,,,,,,,
Penso,pensar,Fin,Ind,Pres,1,Sing,,,
penso,pensar,Fin,Ind,Pres,1,Sing,,,
vi,ver,Fin,Ind,Past,1,Sing,,,
abre,abrir,Fin,Ind,Pres,3,Sing,,,
inclui,incluir,Fin,Ind,Pres,3,Sing,,,
descoberto,descobrir,Part,,,,Sing,Masc,Pass,
avistado,avistar,Part,,,,Sing,Masc,Pass,
querer,querer,Inf,,,,,,,
realiza,realizar,Fin,Ind,Pres,3,Sing,,,
fazem,fazer,Fin,Ind,Pres,3,Plur,,,
considerado,considerar,Part,,,,Sing,Masc,,
constituído,constituir,Part,,,,Sing,Masc,Pass,
propõe,propor,Fin,Ind,Pres,3,Sing,,,
ressarcir,ressarcir,Inf,,,,,,,
suportar,suportar,Inf,,,,,,,
estabelecido,estabelecer,Part,,,,Sing,Masc,Pass,
instalar,instalar,Fin,Sub,Fut,3,Sing,,,
implicava,implicar,Fin,Ind,Imp,3,Sing,,,
aparece,aparecer,Fin,Ind,Pres,3,Sing,,,
citado,citar,Part,,,,Sing,Masc,,
referiu,referir,Fin,Ind,Past,3,Sing,,,
tido,ter,Part,,,,,,,
fomentar,fomentar,Inf,,,,,,,
pretendeu,pretender,Fin,Ind,Past,3,Sing,,,
orientada,orientar,Part,,,,Sing,Fem,Pass,
conseguir,conseguir,Inf,,,3,Sing,,,
pôr,pôr,Inf,,,,,,,
detém,deter,Fin,Ind,Pres,3,Sing,,,
alterar,alterar,Inf,,,,,,,
É,ser,Fin,Ind,Pres,3,Sing,,,
abraçar,abraçar,Inf,,,,,,,
falou,falar,Fin,Ind,Past,3,Sing,,,
tomando,tomar,Ger,,,,,,,
levaram,levar,Fin,Ind,Past,3,Plur,,,AUX
considerado,considerar,Part,,,,Sing,Masc,Pass,
mexer,mexer,Inf,,,,,,,
remodelar,remodelar,Inf,,,,,,,
entender,entender,Inf,,,,,,,
Fala,falar,Fin,Ind,Pres,3,Sing,,,
brincar,brincar,Inf,,,,,,,
esculpir,esculpir,Inf,,,,,,,
trautear,trautear,Inf,,,,,,,
ouvir,ouvir,Inf,,,,,,,
fazia-nos,faziar,Fin,Ind,Pres,1,Sing,,,
acreditar,acreditar,Inf,,,,,,,
Pensávamos,pensar,Fin,Ind,Imp,1,Plur,,,
diziam,dizer,Fin,Ind,Imp,3,Plur,,,
meditado,meditar,Part,,,,Sing,Masc,,
propúnhamos,propor,Fin,Ind,Pres,1,Plur,,,
pretendíamos,pretender,Fin,Ind,Imp,1,Plur,,,
resolver,resolver,Inf,,,,,,,
pensamos,pensar,Fin,Ind,Pres,1,Plur,,,
Procuramos,procurar,Fin,Ind,Pres,1,Plur,,,
tratamos,tratar,Fin,Ind,Pres,1,Plur,,,
conciliar,conciliar,Inf,,,,,,,
compreender,compreender,Inf,,,,,,,
aceitar,aceitar,Inf,,,,,,,
abranger,abranger,Inf,,,,,,,
concretizar,concretizar,Inf,,,,,,,
funcionará,funcionar,Fin,Ind,Fut,3,Sing,,,
conseguida,conseguir,Part,,,,Sing,Fem,,
servir,servir,Inf,,,,,,,
proponha,propor,Fin,Sub,Pres,3,Sing,,,
arrasando,arrasar,Ger,,,,,,,
situada,situar,Part,,,,Sing,Fem,,
gastas,gastar,Part,,,,Plur,Fem,Pass,
faltou,faltar,Fin,Ind,Past,3,Sing,,,
especulasse,especular,Fin,Sub,Imp,3,Sing,,,
realizar,realizar,Inf,,,3,Sing,,,
desenvolvido,desenvolver,Part,,,,Sing,Masc,Pass,
desconheça,desconhecer,Fin,Sub,Pres,3,Sing,,,
costume,costume,Fin,Sub,Imp,3,Sing,,,
situar,situar,Inf,,,,,,,
libertada,libertar,Part,,,,Sing,Fem,,
dizem,dizer,Fin,Ind,Pres,3,Plur,,,
controlada,controlar,Part,,,,Sing,Fem,,
havendo,haver,Ger,,,,,,,
contaminar,contaminar,Inf,,,3,Sing,,,
receiam,recear,Fin,Ind,Pres,3,Plur,,,
possa,poder,Fin,Sub,Pres,3,Sing,,,
provocar,provocar,Inf,,,,,,,
venham,vir,Fin,Sub,Pres,3,Plur,,,
tornar,tornar,Inf,,,,,,,
integra,integrar,Fin,Ind,Pres,3,Sing,,,
apresentadas,apresentar,Part,,,,Plur,Fem,,
era,ser,Fin,Ind,Imp,3,Sing,,,
estar,estar,Inf,,,,,,,AUX
trabalhar,trabalhar,Inf,,,,,,,
automatizar,automatizar,Inf,,,,,,,
Lembrar,lembrar,Inf,,,,,,,
criar,criar,Inf,,,,,,,
lembrar,lembrar,Inf,,,,,,,
constata,constatar,Fin,Ind,Pres,3,Sing,,,
acolher,acolher,Inf,,,,,,,
revolta,revolver,Fin,Ind,Pres,3,Sing,,,
adapta,adaptar,Fin,Ind,Pres,3,Sing,,,
refugia,refugiar,Fin,Ind,Pres,3,Sing,,,
esperar,esperar,Inf,,,,,,,
cometeram,cometer,Fin,Ind,Past,3,Plur,,,
--interroga,--interrogar,Fin,Ind,Pres,3,Sing,,,
acusou,acusar,Fin,Ind,Past,3,Sing,,,
atribuída,atribuir,Part,,,,Sing,Fem,,
apoiar,apoiar,Inf,,,,,,,
dominadas,dominar,Part,,,,Plur,Fem,Pass,
legitimaria,legitimar,Fin,Ind,Pres,3,Sing,,,
recusou,recusar,Fin,Ind,Past,3,Sing,,,
melhorar,melhorar,Inf,,,,,,,
recebidas,receber,Part,,,,Plur,Fem,Pass,
denegriu,denegrir,Fin,Ind,Past,3,Sing,,,
aprovar,aprovar,Inf,,,,,,,
votado,votar,Part,,,,Sing,Masc,Pass,
consolidar,consolidar,Inf,,,,,,,
assinado,assinar,Part,,,,Sing,Masc,,
proceder,proceder,Inf,,,,,,,
derrubaram,derrubar,Fin,Ind,Past,3,Plur,,,
somado,somar,Part,,,,,,,
aproximam,aproximar,Fin,Ind,Pres,3,Plur,,,
dividir,dividir,Inf,,,,,,,
divididas,dividir,Part,,,,Plur,Fem,Pass,
armada,armar,Part,,,,Sing,Fem,,
composta,compor,Part,,,,Sing,Fem,Pass,
prossegue,prosseguir,Fin,Ind,Pres,3,Sing,,,
actuaram,actuar,Fin,Ind,Past,3,Plur,,,
eliminados,eliminar,Part,,,,Plur,Masc,Pass,
derrotado,derrotar,Part,,,,Sing,Masc,Pass,
conseguir,conseguir,Inf,,,,,,,
volte,voltar,Fin,Sub,Pres,3,Sing,,,
restaurar,restaurar,Inf,,,,,,,
habitava,habitar,Fin,Ind,Imp,3,Sing,,,
merecer,merecer,Inf,,,,,,,
chove,chovar,Fin,Ind,Pres,3,Sing,,,
recordam,recordar,Fin,Ind,Pres,3,Plur,,,
chovia,chover,Fin,Ind,Imp,3,Sing,,,
programado,programar,Part,,,,Sing,Masc,,
entrou,entrar,Fin,Ind,Past,3,Sing,,,
alargar,alargar,Inf,,,,,,,
agradado,agradar,Part,,,,,,,
manifestado,manifestar,Part,,,,,,,
defendendo,defender,Ger,,,,,,,
mortas,matar,Part,,,,Plur,Fem,Pass,
ocorreram,ocorrer,Fin,Ind,Past,3,Plur,,,
saíram,sair,Fin,Ind,Past,3,Plur,,,
protestar,protestar,Inf,,,,,,,
Inquirido,inquirir,Part,,,,Sing,Masc,Pass,
remeteu,remeter,Fin,Ind,Past,3,Sing,,,
anula,anular,Fin,Ind,Pres,3,Sing,,,
aceite,aceitar,Part,,,,Sing,Masc,Pass,
alarga,alargar,Fin,Ind,Pres,3,Sing,,,
ouvem,ouvir,Fin,Ind,Pres,3,Plur,,,
murmura,murmurar,Fin,Ind,Pres,3,Sing,,,
confunda,confundir,Fin,Sub,Pres,3,Sing,,,
julga,julgar,Fin,Ind,Pres,3,Sing,,,
encontrar,encontrar,Inf,,,,,,,
comprovem,comprovar,Fin,Sub,Pres,3,Plur,,,
depara,deparar,Fin,Ind,Pres,3,Sing,,,
vindo,vir,Ger,,,,,,,
quis,querer,Fin,Ind,Past,3,Sing,,,
inventando,inventar,Ger,,,,,,,
resta,restar,Fin,Ind,Pres,3,Sing,,,
abandonadas,abandonar,Part,,,,Plur,Fem,,
vasculham,vasculhar,Fin,Ind,Pres,3,Plur,,,
pisadas,pisar,Part,,,,Plur,Fem,Pass,
deixam,deixar,Fin,Ind,Pres,3,Plur,,,
buscarse,buscar,Inf,,,,,,,
morrer,morrer,Inf,,,,,,,
fixaram,fixar,Fin,Ind,Past,3,Plur,,,
verificados,verificar,Part,,,,Plur,Masc,,
assina,assinar,Fin,Ind,Pres,3,Sing,,,
Investigar,investigar,Inf,,,,,,,
conhecer,conhecer,Inf,,,,,,,
Temos,ter,Fin,Ind,Pres,1,Plur,,,
jogam,jogar,Fin,Ind,Pres,3,Plur,,,
verem,ver,Inf,,,3,Plur,,,
vemos,ver,Fin,Ind,Pres,1,Plur,,,
trazem,trazer,Fin,Ind,Pres,3,Plur,,,
detidos,deter,Part,,,,Plur,Masc,Pass,
efectuou,efectuar,Fin,Ind,Past,3,Sing,,,
visou,visar,Fin,Ind,Past,3,Sing,,,
detectar,detectar,Inf,,,,,,,
detiveram,deter,Fin,Ind,Past,3,Plur,,,
apreendida,apreender,Part,,,,Sing,Fem,Pass,
escondida,esconder,Part,,,,Sing,Fem,,
entra,entrar,Fin,Ind,Pres,3,Sing,,,
distribuída,distribuir,Part,,,,Sing,Fem,Pass,
acrescentar,acrescentar,Inf,,,,,,,
coloca,colocar,Fin,Ind,Pres,3,Sing,,,
transaccionar,transaccionar,Inf,,,,,,,
envolvidos,envolver,Part,,,,Plur,Masc,,
impedidos,impedir,Part,,,,Plur,Masc,,
levar,levar,Inf,,,3,Sing,,,
colocando,colocar,Ger,,,,,,,
avançadas,avançar,Part,,,,Plur,Fem,,
vir,vir,Inf,,,,,,,AUX
assumir,assumir,Inf,,,,,,,
manifestado,manifestar,Part,,,,Sing,Masc,,
deliberado,deliberar,Part,,,,,,,
passarem,passar,Inf,,,3,Plur,,,AUX
revestir,revestir,Inf,,,,,,,
permitir,permitir,Inf,,,,,,,
desempenhou,desempenhar,Fin,Ind,Past,3,Sing,,,
descolou,descolar,Fin,Ind,Past,3,Sing,,,
passando,passar,Ger,,,,,,,AUX
manifestar,manifestar,Inf,,,,,,,
Foi,ser,Fin,Ind,Past,3,Sing,,,
nomeado,nomear,Part,,,,Sing,Masc,Pass,
regressou,regressar,Fin,Ind,Past,3,Sing,,,
caminhando,caminhar,Ger,,,,,,,
telefonou,telefonar,Fin,Ind,Past,3,Sing,,,
embarcar,embarcar,Inf,,,,,,,
abordados,abordar,Part,,,,Plur,Masc,,
interprete,interpretar,Fin,Ind,Pres,3,Sing,,,
compensar,compensar,Inf,,,,,,,
criada,criar,Part,,,,Sing,Fem,,
herdado,herdar,Part,,,,,,,
acusam,acusar,Fin,Ind,Pres,3,Plur,,,
travado,travar,Part,,,,,,,
fabricados,fabricar,Part,,,,Plur,Masc,Pass,
utilizados,utilizar,Part,,,,Plur,Masc,,
fracassada,fracassar,Part,,,,Sing,Fem,,
estipulava,estipular,Fin,Ind,Imp,3,Sing,,,
decidido,decidir,Part,,,,Sing,Masc,Pass,
voltar,voltar,Inf,,,,,,,AUX
partiu,partir,Fin,Ind,Past,3,Sing,,,
desagradados,desagradar,Part,,,,Plur,Masc,Pass,
atraído,atrair,Part,,,,,,,
desenvolvida,desenvolver,Part,,,,Sing,Fem,,
dando,dar,Ger,,,,,,,
ditou,ditar,Fin,Ind,Past,3,Sing,,,
voltasse,voltar,Fin,Sub,Imp,3,Sing,,,AUX
encerrando,encerrar,Ger,,,,,,,
poupa,poupar,Fin,Ind,Pres,3,Sing,,,
considerando,considerar,Ger,,,,,,,
conduzida,conduzir,Part,,,,Sing,Fem,Pass,
puseram,pôr,Fin,Ind,Past,3,Plur,,,
desabafa,desabafar,Fin,Ind,Pres,3,Sing,,,
publicitado,publicitar,Part,,,,Sing,Masc,,
investido,investir,Part,,,,,,,
pretender,pretender,Inf,,,,,,,
transfiram,transfir,Fin,Sub,Pres,3,Plur,,,
apressou,apressar,Fin,Ind,Past,3,Sing,,,
colocar,colocar,Inf,,,,,,,
avisando,avisar,Ger,,,,,,,
recém-chegados,recém-chegar,Part,,,,Plur,Masc,,
passem,passar,Fin,Sub,Pres,3,Plur,,,
procurasse,procurar,Fin,Sub,Imp,3,Sing,,,
necessita,necessitar,Fin,Ind,Pres,3,Sing,,,
efectuar,efectuar,Inf,,,,,,,
inscrever,inscrever,Inf,,,,,,,
deparava,deparar,Fin,Ind,Imp,3,Sing,,,
intitulada,intitular,Part,,,,Sing,Fem,,
explicava,explicar,Fin,Ind,Imp,3,Sing,,,
farão,fazer,Fin,Ind,Fut,3,Plur,,,
registado,registar,Part,,,,Sing,Masc,,
seguia,seguir,Fin,Ind,Imp,3,Sing,,,
enviar,enviar,Inf,,,,,,,
solicitado,solicitar,Part,,,,Sing,Masc,Pass,
emitido,emitir,Part,,,,Sing,Masc,,
identificado,identificar,Part,,,,Sing,Masc,,
referido,referir,Part,,,,Sing,Masc,,
explica,explicar,Fin,Ind,Pres,3,Sing,,,
elaborado,elaborar,Part,,,,Sing,Masc,Pass,
pedido,pedir,Part,,,,Sing,Masc,Pass,
pretender,pretender,Fin,Sub,Fut,3,Sing,,,
frustrada,frustrar,Part,,,,Sing,Fem,,
obrigar,obrigar,Inf,,,,,,,
informados,informar,Part,,,,Plur,Masc,,
poder,poder,Inf,,,,,,,
afirmar,afirmar,Inf,,,,,,,
apresentam,apresentar,Fin,Ind,Pres,3,Plur,,,
dada,dar,Part,,,,Sing,Fem,,
apresentaram,apresentar,Fin,Ind,Past,3,Plur,,,
disputar,disputar,Inf,,,,,,,
estar,estar,Inf,,,,,,,
investir,investir,Inf,,,,,,,
detida,deter,Part,,,,Sing,Fem,Pass,
atingiu,atingir,Fin,Ind,Past,3,Sing,,,
consolidado,consolidar,Part,,,,Sing,Masc,,
Andava,andar,Fin,Ind,Imp,3,Sing,,,
perdida,perder,Part,,,,Sing,Fem,,
via,ver,Fin,Ind,Pres,3,Sing,,,
bater,bater,Inf,,,,,,,
beijou,beijar,Fin,Ind,Past,3,Sing,,,
conseguido,conseguir,Part,,,,Sing,Masc,,
via,ver,Fin,Ind,Imp,3,Sing,,,
construiu,construir,Fin,Ind,Past,3,Sing,,,
encarna,encarnar,Fin,Ind,Pres,3,Sing,,,
contribuíram,contribuir,Fin,Ind,Past,3,Plur,,,
dinamizar,dinamizar,Inf,,,,,,,
produzir,produzir,Inf,,,3,Sing,,,
criou,criar,Fin,Ind,Past,3,Sing,,,
nomeada,nomeada,Part,,,,Sing,Fem,Pass,
proporcionar,proporcionar,Inf,,,,,,,
aproveitou,aproveitar,Fin,Ind,Past,3,Sing,,,
trabalhará,trabalhar,Fin,Ind,Fut,3,Sing,,,
Criámos,criar,Fin,Ind,Pres,1,Plur,,,
comandará,comandar,Fin,Ind,Fut,3,Sing,,,
apontam,apontar,Fin,Ind,Pres,3,Plur,,,
nomeados,nomear,Part,,,,Plur,Masc,Pass,
votaram,votar,Fin,Ind,Past,3,Plur,,,
decidiram,decidir,Fin,Ind,Past,3,Plur,,,
ir,ir,Inf,,,,,,,
constitui,constituir,Fin,Ind,Pres,3,Sing,,,
aberto,abrir,Part,,,,Sing,Masc,,
instalado,instalar,Part,,,,Sing,Masc,,
consumados,consumar,Part,,,,Plur,Masc,,
reduzir,reduzir,Inf,,,3,Sing,,,
realizaram,realizar,Fin,Ind,Past,3,Plur,,,
marcaram,marcar,Fin,Ind,Past,3,Plur,,,
incluirá,incluir,Fin,Ind,Fut,3,Sing,,,
chegou,chegar,Fin,Ind,Past,3,Sing,,,AUX
desenvolveu,desenvolver,Fin,Ind,Past,3,Sing,,,
chegaram,chegar,Fin,Ind,Past,3,Plur,,,
viram,ver,Fin,Ind,Pres,3,Plur,,,
afastar,afastar,Inf,,,,,,,
queriam,querer,Fin,Ind,Imp,3,Plur,,,
conseguirem,conseguir,Inf,,,3,Plur,,,
arranjar,arranjar,Inf,,,,,,,
constituiria,constituir,Fin,Cnd,,3,Sing,,,
constatou,constatar,Fin,Ind,Past,3,Sing,,,
deixe,deixar,Fin,Sub,Pres,3,Sing,,,AUX
alinhou,alinhar,Fin,Ind,Past,3,Sing,,,
coordenar,coordenar,Inf,,,,,,,
advertiu,advertir,Fin,Ind,Past,3,Sing,,,
desgarrada,desgarrar,Part,,,,Sing,Fem,,
preconiza,preconizar,Fin,Ind,Pres,3,Sing,,,
ponha,ponhar,Fin,Sub,Pres,3,Sing,,,
articulada,articular,Part,,,,Sing,Fem,,
espera,esperar,Fin,Ind,Pres,3,Sing,,,
julgo,julgar,Fin,Ind,Pres,1,Sing,,,
considerou,considerar,Fin,Ind,Past,3,Sing,,,
desvalorizar,desvalorizar,Inf,,,,,,,
dada,dar,Part,,,,Sing,Fem,Pass,
esperávamos,esperar,Fin,Ind,Imp,1,Plur,,,
tratar,tratar,Inf,,,,,,,
corresponde,corresponder,Fin,Ind,Pres,3,Sing,,,
valoriza,valorizar,Fin,Ind,Pres,3,Sing,,,
precede,preceder,Fin,Ind,Pres,3,Sing,,,
entendidas,entender,Part,,,,Plur,Fem,,
possuía,possuir,Fin,Ind,Imp,3,Sing,,,
interrogar,interrogar,Inf,,,3,Sing,,,
evidencia,evidencer,Fin,Ind,Pres,3,Sing,,,
intitulam,intitular,Fin,Ind,Pres,3,Plur,,,
anulada,anular,Part,,,,Sing,Fem,Pass,
ido,ir,Part,,,,,,,
recolher,recolher,Inf,,,,,,,
alegou,alegar,Fin,Ind,Past,3,Sing,,,
relacionadas,relacionar,Part,,,,Plur,Fem,,
reduzido,reduzir,Part,,,,Sing,Masc,,
desejaria,desejar,Fin,Cnd,,3,Sing,,,
voltar,voltar,Inf,,,,,,,
noticiado,noticiar,Part,,,,Sing,Masc,,
recolocar,recolocar,Inf,,,,,,,
arrasta,arrastar,Fin,Ind,Pres,3,Sing,,,
marcados,marcar,Part,,,,Plur,Masc,Pass,
teve,ter,Fin,Ind,Past,3,Sing,,,AUX
importa,importar,Fin,Ind,Pres,3,Sing,,,
exorcizar,exorcizar,Inf,,,,,,,
rejeitado,rejeitar,Part,,,,Sing,Masc,,
ultrapasse,ultrapar,Fin,Sub,Pres,3,Sing,,,
adiar,adiar,Inf,,,,,,,
considere,considerar,Fin,Sub,Pres,3,Sing,,,
ter,ter,Inf,,,3,Sing,,,
vimos,vir,Fin,Ind,Pres,1,Plur,,,
justifica,justificar,Fin,Ind,Pres,3,Sing,,,
investigando,investigar,Ger,,,,,,,
teriam,ter,Fin,Cnd,,3,Plur,,,
relatar,relatar,Inf,,,,,,,
exortou,exortar,Fin,Ind,Past,3,Sing,,,
sublinha,sublir,Fin,Ind,Pres,3,Sing,,,
considerado,considerar,Part,,,,,,,
concorda,concordar,Fin,Ind,Pres,3,Sing,,,
dei,dar,Fin,Ind,Past,1,Sing,,,
postas,pôr,Part,,,,Plur,Fem,Pass,
ignorada,ignorar,Part,,,,Sing,Fem,,
gastar,gastar,Inf,,,,,,,
chega,chegar,Fin,Ind,Pres,3,Sing,,,
começaram,começar,Fin,Ind,Past,3,Plur,,,AUX
considerar,considerar,Inf,,,,,,,
suspensos,suspender,Part,,,,Plur,Masc,Pass,
fere,ferir,Fin,Ind,Pres,3,Sing,,,
informado,informar,Part,,,,Sing,Masc,,
aguarda,aguardar,Fin,Ind,Pres,3,Sing,,,
discutido,discutir,Part,,,,Sing,Masc,Pass,
confirme,confirmar,Fin,Sub,Pres,3,Sing,,,
partiram,partir,Fin,Ind,Past,3,Plur,,,
deixou,deixar,Fin,Ind,Past,3,Sing,,,
dizendo,dizer,Ger,,,,,,,
preocupassem,preocupar,Fin,Sub,Imp,3,Plur,,,
fugir,fugir,Inf,,,,,,,
representando,representar,Ger,,,,,,,
organizado,organizar,Part,,,,Sing,Masc,Pass,
goradas,gorar,Part,,,,Plur,Fem,Pass,
repetida,repetir,Part,,,,Sing,Fem,Pass,
Creio,crer,Fin,Ind,Pres,1,Sing,,,
puderam,poder,Fin,Ind,Past,3,Plur,,,
praticar,praticar,Inf,,,,,,,
mostrarem,mostrar,Inf,,,3,Plur,,,
desmascarado,desmascarar,Part,,,,Sing,Masc,Pass,
burlado,burlar,Part,,,,,,,
confiassem,confiar,Fin,Sub,Pres,3,Plur,,,
desaparecia,desaparecer,Fin,Ind,Imp,3,Sing,,,
deixar,deixar,Inf,,,,,,,
pensa,pensar,Fin,Ind,Pres,3,Sing,,,
Deve,dever,Fin,Ind,Pres,3,Sing,,,
penalizados,penalizar,Part,,,,Plur,Masc,Pass,
divulgar,divulgar,Inf,,,,,,,
decidirá,decidir,Fin,Ind,Fut,3,Sing,,,
deverão,dever,Fin,Ind,Fut,3,Plur,,,
tomadas,tomar,Part,,,,Plur,Fem,Pass,
mista,misturar,Part,,,,Sing,Fem,,
envolva,envolver,Fin,Sub,Pres,3,Sing,,,
constituíam,constituir,Fin,Ind,Imp,3,Plur,,,
abandonado,abandonar,Part,,,,Sing,Masc,,
inspeccionado,inspeccionar,Part,,,,Sing,Masc,Pass,
entregue,entregar,Part,,,,Sing,Masc,,
passando,passar,Ger,,,,,,,
acabam,acabar,Fin,Ind,Pres,3,Plur,,,AUX
parar,parar,Inf,,,,,,,
vêm,vir,Fin,Ind,Pres,3,Plur,,,AUX
gravar,gravar,Inf,,,,,,,
caído,cair,Part,,,,,,,
trataram,tratar,Fin,Ind,Past,3,Plur,,,
revitalizar,revitalizar,Inf,,,,,,,
anima,animar,Fin,Ind,Pres,3,Sing,,,
trazer,trazer,Inf,,,,,,,
denotam,denotar,Fin,Ind,Pres,3,Plur,,,
recalcado,recalcar,Part,,,,Sing,Masc,,
acentuando,acentuar,Ger,,,,,,,
odiar,odiar,Inf,,,,,,,
indicado,indicar,Part,,,,Sing,Masc,,
revisita,revisitar,Fin,Ind,Pres,3,Sing,,,
antecedeu,anteceder,Fin,Ind,Past,3,Sing,,,
repletas,repleto,Part,,,,Plur,Fem,,
convocou,convocar,Fin,Ind,Past,3,Sing,,,
amputado,amputar,Part,,,,Sing,Masc,,
especifica,especificar,Fin,Ind,Pres,3,Sing,,,
Resta,restar,Fin,Ind,Pres,3,Sing,,,
desempenhar,desempenhar,Inf,,,,,,,
engloba,englobar,Fin,Ind,Pres,3,Sing,,,
sublinhar,sublinhar,Inf,,,,,,,
preparado,preparar,Part,,,,Sing,Masc,Pass,
Decorre,decorrer,Fin,Ind,Pres,3,Sing,,,
cresce,crescer,Fin,Ind,Pres,3,Sing,,,
constituíram,constituir,Fin,Ind,Past,3,Plur,,,
quiseram,querer,Fin,Ind,Past,3,Plur,,,
derrotada,derrotar,Part,,,,Sing,Fem,,
continuará,continuar,Fin,Ind,Fut,3,Sing,,,AUX
manifestou,manifestar,Fin,Ind,Past,3,Sing,,,
Concluiu,concluir,Fin,Ind,Past,3,Sing,,,
Dará,dar,Fin,Ind,Fut,3,Sing,,,
orgulha,orgulhar,Fin,Ind,Pres,3,Sing,,,
continuar,continuar,Inf,,,,,,,
instalar,instalar,Inf,,,3,,,,
virado,virar,Part,,,,Sing,Masc,,
efectuadas,efectuar,Part,,,,Plur,Fem,,
escolhido,escolher,Part,,,,Sing,Masc,,
degradada,degradar,Part,,,,Sing,Fem,,
convidado,convidar,Part,,,,Sing,Masc,,
ponderam,ponder,Fin,Ind,Pres,3,Plur,,,
reconstruir,reconstruir,Inf,,,,,,,
aderem,aderir,Fin,Ind,Pres,3,Plur,,,
apontado,apontar,Part,,,,Sing,Masc,,
optar,optar,Inf,,,,,,,
entrava,entravar,Fin,Ind,Imp,3,Sing,,,
levantado,levantar,Part,,,,Sing,Masc,Pass,
efectuado,efectuar,Part,,,,Sing,Masc,Pass,
entregue,entregar,Part,,,,Sing,Masc,Pass,
válida,válidar,Part,,,,Sing,Fem,,
ponderada,ponderar,Part,,,,Sing,Fem,,
amadurecida,amadurecer,Part,,,,Sing,Fem,,
refere,referir,Fin,Ind,Pres,3,Sing,,,
assegurava,assegurar,Fin,Ind,Imp,3,Sing,,,
concretizado,concretizar,Part,,,,Sing,Masc,Pass,
tentou,tentar,Fin,Ind,Past,3,Sing,,,
confirmou,confirmar,Fin,Ind,Past,3,Sing,,,
desmentiu,desmentir,Fin,Ind,Past,3,Sing,,,
posso,poder,Fin,Ind,Pres,1,Sing,,,
declarou,declarar,Fin,Ind,Past,3,Sing,,,
receava,recear,Fin,Ind,Imp,3,Sing,,,
incompreendido,incompreender,Part,,,,Sing,Masc,Pass,
foge,fugir,Fin,Ind,Pres,3,Sing,,,
escolhi,escolher,Fin,Ind,Past,1,Sing,,,
pautada,pautar,Part,,,,Sing,Fem,,
narram,narrar,Fin,Ind,Pres,3,Plur,,,
afigure,afigurar,Fin,Sub,Pres,3,Sing,,,
elabora,elabor,Fin,Ind,Pres,3,Sing,,,
Quisera,querer,Fin,Ind,Imp,1,Sing,,,
acabar,acabar,Inf,,,,,,,
conseguira,conseguir,Fin,Ind,,3,Sing,,,
quebrar,quebrar,Inf,,,,,,,
realizassem,realizar,Fin,Sub,Imp,3,Plur,,,
Poder,Poder,Inf,,,,,,,
separava,separar,Fin,Ind,Imp,3,Sing,,,
impedia,impedir,Fin,Ind,Imp,3,Sing,,,
contemplou,contemplar,Fin,Ind,Past,3,Sing,,,
transpor,transpor,Inf,,,,,,,
construindo,construir,Ger,,,,,,,
desconstruindo,desconstruir,Ger,,,,,,,
forem,ser,Fin,Sub,Fut,3,Plur,,,
derrotados,derrotar,Part,,,,Plur,Masc,,
dardejará,dardejar,Fin,Ind,Pres,3,Sing,,,
sorria,sorrer,Fin,Sub,Imp,3,Sing,,,
desejada,desejar,Part,,,,Sing,Fem,,
brincarão,brincar,Fin,Ind,,3,Plur,,,
fixando,fixar,Ger,,,,,,,
comerão,comer,Fin,Ind,Fut,3,Plur,,,
concluiu,concluir,Fin,Ind,Past,3,Sing,,,
assassinou,assassinar,Fin,Ind,Past,3,Sing,,,
convenceram,convencer,Fin,Ind,Past,3,Plur,,,
rebate,rebatar,Fin,Ind,Pres,3,Sing,,,
citadas,citar,Part,,,,Plur,Fem,,
desmentiram,desmentir,Fin,Ind,Past,3,Plur,,,
encarregada,encarregar,Part,,,,Sing,Fem,,
apagam,apagar,Fin,Ind,Pres,3,Plur,,,
assinaram,assinar,Fin,Ind,Past,3,Plur,,,
denominada,denominado,Part,,,,Sing,Fem,,
constituirá,constituir,Fin,Ind,Fut,3,Sing,,,
inaugurar,inaugurar,Inf,,,,,,,
organizar,organizar,Inf,,,,,,,
divulgava,divulgar,Fin,Ind,Imp,3,Sing,,,
intitulado,intitular,Part,,,,Sing,Masc,,
culpava,culpar,Fin,Ind,Imp,3,Sing,,,
estavam,estar,Fin,Ind,Imp,3,Plur,,,AUX
ameaçadas,ameaçar,Part,,,,Plur,Fem,,
fomentada,fomentar,Part,,,,Sing,Fem,Pass,
concluía,concluir,Fin,Ind,Imp,3,Sing,,,
sair,sair,Inf,,,,,,,
vindo,vir,Part,,,,,,,
domesticar,domesticar,Inf,,,,,,,
abandonaram,abandonar,Fin,Ind,Past,3,Plur,,,
apertada,apertar,Part,,,,Sing,Fem,,
realçara,realçar,Fin,Ind,Pres,3,Sing,,,
salientando,salientar,Ger,,,,,,,
continuarão,continuar,Fin,Ind,Fut,3,Plur,,,
tentar,tentar,Inf,,,,,,,
convencer,convencer,Inf,,,,,,,
fixar,fixar,Inf,,,,,,,
hesitará,hesitar,Fin,Ind,Fut,3,Sing,,,
obtiver,obter,Fin,Sub,Fut,3,Sing,,,
fechados,fechar,Part,,,,Plur,Masc,,
queira,querer,Fin,Sub,Pres,3,Sing,,,
explicite,explicitar,Fin,Sub,Pres,3,Sing,,,
transformou,transformar,Fin,Ind,Past,3,Sing,,,
encerra,encerrar,Fin,Ind,Pres,3,Sing,,,
mostrar,mostrar,Inf,,,,,,,
liga,ligar,Fin,Ind,Pres,3,Sing,,,
descobre,descobrir,Fin,Ind,Pres,3,Sing,,,
insiste,insistir,Fin,Ind,Pres,3,Sing,,,
abandonar,abandonar,Inf,,,,,,,
pense,pensar,Fin,Sub,Pres,3,Sing,,,
colocou,colocar,Fin,Ind,Past,3,Sing,,,
reunido,reunido,Part,,,,,,,
criticada,criticar,Part,,,,Sing,Fem,,
arrastar,arrastar,Inf,,,,,,,
defenderam,defender,Fin,Ind,Past,3,Plur,,,
chamar,chamar,Inf,,,,,,,
prestar,prestar,Inf,,,,,,,
passada,passar,Part,,,,Sing,Fem,,
encontrada,encontrar,Part,,,,Sing,Fem,Pass,
disparada,disparar,Part,,,,Sing,Fem,,
localizado,localizar,Part,,,,Sing,Masc,,
encontrada,encontrar,Part,,,,Sing,Fem,,
Elogiei,elogiar,Fin,Ind,Past,1,Sing,,,
discorria,discorrer,Fin,Ind,Imp,3,Sing,,,
tinha,ter,Fin,Ind,Imp,3,Sing,,,
inventado,inventar,Part,,,,Sing,Masc,,
acabadas,acabar,Part,,,,Plur,Fem,,
fritar,fritar,Inf,,,,,,,
ferver,ferver,Inf,,,,,,,
tratadas,tratar,Part,,,,Plur,Fem,,
enrolada,enrolar,Part,,,,Sing,Fem,,
Gosto,gostar,Fin,Ind,Pres,1,Sing,,,
encartado,encartar,Part,,,,Sing,Masc,,
fechou,fechar,Fin,Ind,Past,3,Sing,,,
inspirada,inspirar,Part,,,,Sing,Fem,,
incidido,incidir,Part,,,,Sing,Masc,,
obrigado,obrigar,Part,,,,Sing,Masc,,
proferir,proferir,Inf,,,,,,,
confessou,confessar,Fin,Ind,Past,3,Sing,,,
parecia,parecer,Fin,Ind,Imp,3,Sing,,,
É,ser,Fin,Ind,Pres,3,Sing,,,AUX
crer,crer,Inf,,,,,,,
estivesse,estar,Fin,Sub,Imp,3,Sing,,,AUX
escreve,escrever,Fin,Ind,Pres,3,Sing,,,
Provoca,provocar,Fin,Ind,Pres,3,Sing,,,
ouve,ouvir,Fin,Ind,Pres,3,Sing,,,
cabe,caber,Fin,Ind,Pres,3,Sing,,,
suspende,suspender,Fin,Ind,Pres,3,Sing,,,
abriu,abrir,Fin,Ind,Past,3,Sing,,,
interrompidas,interromper,Part,,,,Plur,Fem,Pass,
mostrou,mostrar,Fin,Ind,Past,3,Sing,,,
Concebidos,conceber,Part,,,,Plur,Masc,,
funcionarem,funcionar,Inf,,,3,Plur,,,
reforçados,reforçar,Part,,,,Plur,Masc,,
estiveram,estar,Fin,Ind,Past,3,Plur,,,
virão,vir,Fin,Ind,Fut,3,Plur,,,AUX
exigem,exigir,Fin,Ind,Pres,3,Plur,,,
racionalizar,racionalizar,Inf,,,,,,,
conter,conter,Inf,,,,,,,
parte,partir,Fin,Ind,Pres,3,Sing,,,
conhecida,conhecer,Part,,,,Sing,Fem,,
premiado,premiar,Part,,,,Sing,Masc,,
abate,abate,Fin,Ind,Pres,3,Sing,,,
passado,passar,Part,,,,Sing,Masc,,
arquivam,arquivar,Fin,Ind,Pres,3,Plur,,,
transfere,transferir,Fin,Ind,Pres,3,Sing,,,
suspensa,suspender,Part,,,,Sing,Fem,,
reunidos,reunir,Part,,,,Plur,Masc,Pass,
crie,criar,Fin,Sub,Pres,3,Sing,,,
invoquem,invoquir,Fin,Sub,Pres,3,Plur,,,
corresponderão,corresponder,Fin,Ind,Fut,3,Plur,,,
desajustada,desajustar,Part,,,,Sing,Fem,,
dedicado,dedicar,Part,,,,Sing,Masc,,
marginalizadas,marginalizar,Part,,,,Plur,Fem,,
Peça,pedir,Fin,Ind,Pres,3,Sing,,,
oscilando,oscilar,Ger,,,,,,,
dirigido,dirigir,Part,,,,Sing,Masc,,
Cumpridos,cumprir,Part,,,,Plur,Masc,,
ouvido,ouvir,Part,,,,,,,
acompanhados,acompanhar,Part,,,,Plur,Masc,,
reabriu,reabrir,Fin,Ind,Past,3,Sing,,,
motivou,motivar,Fin,Ind,Past,3,Sing,,,
dispunham,dispor,Fin,Ind,Imp,3,Plur,,,
previa,prever,Fin,Ind,Imp,3,Sing,,,
acabou,acabar,Fin,Ind,Past,3,Sing,,,AUX
apontavam,apontar,Fin,Ind,Imp,3,Plur,,,
ultrapassou,ultrapassar,Fin,Ind,Past,3,Sing,,,
dita,dizer,Part,,,,Sing,Fem,,
participam,participar,Fin,Ind,Pres,3,Plur,,,
reflecte,reflectir,Fin,Ind,Pres,3,Sing,,,
consolidadas,consolidar,Part,,,,Plur,Fem,,
situados,situar,Part,,,,Plur,Masc,,
localizadas,localizar,Part,,,,Plur,Fem,,
disporem,dispor,Inf,,,3,Plur,,,
demitira,demitir,Fin,Ind,Past,3,Sing,,,
renovar,renovar,Inf,,,,,,,
adoptada,adoptar,Part,,,,Sing,Fem,Pass,
confirmaram,confirmar,Fin,Ind,Past,3,Plur,,,
separados,separar,Part,,,,Plur,Masc,,
deram,dar,Fin,Ind,Past,3,Plur,,,
principiaram,principiar,Fin,Ind,Past,3,Plur,,,
encontra,encontrar,Fin,Ind,Pres,3,Sing,,,
esperados,esperar,Part,,,,Plur,Masc,Pass,
Apanhado,apanhar,Part,,,,Sing,Masc,,
fotografado,fotografar,Part,,,,Sing,Masc,Pass,
acelerando,acelerar,Ger,,,,,,,
abandonava,abandonar,Fin,Ind,Imp,3,Sing,,,
acabaria,acabar,Fin,Cnd,,3,Sing,,,AUX
apanhado,apanhar,Part,,,,Sing,Masc,Pass,
Conhecido,conhecer,Part,,,,Sing,Masc,Pass,
acenando,acenar,Ger,,,,,,,
instalar,instalar,Inf,,,3,Sing,,,
deixará,deixar,Fin,Ind,Fut,3,Sing,,,
possuem,possuir,Fin,Ind,Pres,3,Plur,,,
visto,ver,Part,,,,,,,
apanhar,apanhar,Inf,,,,,,,
fazia,fazer,Fin,Ind,Imp,3,Sing,,,
promovia,promover,Fin,Ind,Imp,3,Sing,,,
restava,restavar,Fin,Ind,Imp,3,Sing,,,
disputada,disputar,Part,,,,Sing,Fem,,
puxavam,puxar,Fin,Ind,Imp,3,Plur,,,
restaurada,restaurar,Part,,,,Sing,Fem,,
servem,servir,Fin,Ind,Pres,3,Plur,,,
solicitado,solicitar,Part,,,,Sing,Masc,,
admitem,admitir,Fin,Ind,Pres,3,Plur,,,
Enriquecido,enriquecer,Part,,,,Sing,Masc,,
aplicado,aplicar,Part,,,,Sing,Masc,Pass,
realçou,realçar,Fin,Ind,Past,3,Sing,,,
realçava,realçar,Fin,Ind,Imp,3,Sing,,,
compreende,compreender,Fin,Ind,Pres,3,Sing,,,
dedicado,dedicar,Part,,,,,,,
levanta,levantar,Fin,Ind,Pres,3,Sing,,,
estando,estar,Ger,,,,,,,
chova,chovar,Fin,Sub,Pres,3,Sing,,,
beneficiam,beneficiar,Fin,Ind,Pres,3,Plur,,,
trabalhe,trabalhar,Fin,Sub,Pres,3,Sing,,,
provêm,prover,Fin,Ind,Pres,3,Plur,,,
sustentada,sustentar,Part,,,,Sing,Fem,Pass,
apresentados,apresentar,Part,,,,Plur,Masc,,
seguida,seguer,Part,,,,Sing,Fem,Pass,
residem,residir,Fin,Ind,Pres,3,Plur,,,
Explica,explicar,Fin,Ind,Pres,3,Sing,,,
optam,optar,Fin,Ind,Pres,3,Plur,,,
contabilizou,contabilizar,Fin,Ind,Past,3,Sing,,,
fretados,fretar,Part,,,,Plur,Masc,Pass,
chegavam,chegar,Fin,Ind,Imp,3,Plur,,,
disposta,disposto,Part,,,,Sing,Fem,,
criam,criar,Fin,Ind,Pres,3,Plur,,,
apropria,aproprir,Fin,Ind,Pres,3,Sing,,,
reenvia,reenvir,Fin,Ind,Pres,3,Sing,,,
dispôs,dizer,Fin,Ind,Past,3,Sing,,,
levado,levar,Part,,,,Sing,Masc,Pass,
espreitar,espreitar,Inf,,,,,,,
Poderá,poder,Fin,Ind,Fut,3,Sing,,,
tomar,tomar,Inf,,,,,,,
sugerido,sugerir,Part,,,,Sing,Masc,,
associar,associar,Inf,,,,,,,
reutiliza,reutilizar,Fin,Ind,Pres,3,Sing,,,
sustenta,sustentar,Fin,Ind,Pres,3,Sing,,,
suporta,suportar,Fin,Ind,Pres,3,Sing,,,
intitulou,intitular,Fin,Ind,Past,3,Sing,,,
sujando,sujar,Ger,,,,,,,
enchendo,enchender,Ger,,,,,,,
quebrado,quebrar,Part,,,,Sing,Masc,,
levando,levar,Ger,,,,,,,
ferido,ferir,Part,,,,Sing,Masc,Pass,
publicada,publicar,Part,,,,Sing,Fem,,
recusando,recusar,Ger,,,,,,,
participando,participar,Ger,,,,,,,
Tem,ter,Fin,Ind,Pres,3,Sing,,,
encontraram,encontrar,Fin,Ind,Past,3,Plur,,,
diferenciar,diferenciar,Inf,,,3,Sing,,,
informaram,informar,Fin,Ind,Past,3,Plur,,,
coincidem,coincidir,Fin,Ind,Pres,3,Plur,,,
vista,ver,Part,,,,Sing,Fem,Pass,
exibida,exibir,Part,,,,Sing,Fem,Pass,
estreou,estrear,Fin,Ind,Past,3,Sing,,,
negociada,negociar,Part,,,,Sing,Fem,,
estréia,estrear,Fin,Ind,Pres,3,Sing,,,
mostrará,mostrar,Fin,Ind,Fut,3,Sing,,,
assinada,assinar,Part,,,,Sing,Fem,Pass,
equipados,equipar,Part,,,,Plur,Masc,,
apresentado,apresentar,Part,,,,,,,
trazer,trazer,Inf,,,3,Sing,,,
vendem,vender,Fin,Ind,Pres,3,Plur,,,
vendido,vender,Part,,,,Sing,Masc,Pass,
tido,ter,Part,,,,Sing,Masc,Pass,
deslocado,deslocar,Part,,,,Sing,Masc,Pass,
destinar,destinar,Inf,,,,,,,
comentar,comentar,Inf,,,,,,,
destinava,destinar,Fin,Ind,Imp,3,Sing,,,
incluída,incluir,Part,,,,Sing,Fem,Pass,
entrar,entrar,Inf,,,,,,,
mandou,mandar,Fin,Ind,Past,3,Sing,,,
aumentando,aumentar,Ger,,,,,,,
reduziram,reduzir,Fin,Ind,Past,3,Plur,,,
passaram,passar,Fin,Ind,Past,3,Plur,,,AUX
fornecer,fornecer,Inf,,,,,,,
Quebraram,quebrar,Fin,Ind,Past,3,Plur,,,
descasadas,descasar,Part,,,,Plur,Fem,,
financiavam,financiar,Fin,Ind,Imp,3,Plur,,,
força,forçar,Fin,Ind,Pres,3,Sing,,,
escale,escalar,Fin,Sub,Pres,3,Sing,,,
jogava,jogar,Fin,Ind,Imp,3,Sing,,,
seguir,seguir,Inf,,,,,,,
dirigisse,dirigir,Fin,Sub,Imp,3,Sing,,,
apresentaria,apresentar,Fin,Cnd,,3,Sing,,,
liberaria,liberar,Fin,Cnd,,3,Sing,,,
deveriam,dever,Fin,Cnd,,3,Plur,,,
produzem,produzir,Fin,Ind,Pres,3,Plur,,,
interditadas,interditar,Part,,,,Plur,Fem,,
comunicada,comunicar,Part,,,,Sing,Fem,Pass,
pretendia,pretender,Fin,Ind,Imp,3,Sing,,,
distribuir,distribuir,Inf,,,,,,,
elaborando,elaborar,Ger,,,,,,,
custa,custar,Fin,Ind,Pres,3,Sing,,,
determinada,determinar,Part,,,,Sing,Fem,Pass,
recebo,receber,Fin,Ind,Pres,1,Sing,,,
olhando,olhar,Ger,,,,,,,
surpreendido,surpreender,Part,,,,Sing,Masc,Pass,
levanto,levantar,Fin,Ind,Pres,1,Sing,,,
reclama,reclamar,Fin,Ind,Pres,3,Sing,,,
proteger,proteger,Inf,,,,,,,
determinou,determinar,Fin,Ind,Past,3,Sing,,,
apelarem,apelar,Inf,,,3,Plur,,,
Começou,começar,Fin,Ind,Past,3,Sing,,,
reconduziu,reconduzir,Fin,Ind,Past,3,Sing,,,
cortar,cortar,Inf,,,,,,,
aceitaram,aceitar,Fin,Ind,Past,3,Plur,,,
cancelar,cancelar,Inf,,,,,,,
aceitaria,aceitar,Fin,Cnd,,3,Sing,,,
engolir,engolir,Inf,,,,,,,
esqueceria,esquecer,Fin,Cnd,,3,Sing,,,
coordenando,coordenar,Ger,,,,,,,
apresentado,apresentar,Part,,,,Sing,Masc,,
centralizados,centralizar,Part,,,,Plur,Masc,Pass,
gera,gerar,Fin,Ind,Pres,3,Sing,,,
ilustrar,ilustrar,Inf,,,,,,,
menosprezar,menosprezar,Inf,,,,,,,
independe,independer,Fin,Ind,Pres,3,Sing,,,
sofre,sofrer,Fin,Ind,Pres,3,Sing,,,
oferecer,oferecer,Inf,,,,,,,
Disse,dizer,Fin,Ind,Past,3,Sing,,,
conseguia,conseguir,Fin,Ind,Imp,3,Sing,,,
vislumbrar,vislumbrar,Inf,,,,,,,
assinado,assinar,Part,,,,Sing,Masc,Pass,
Afirmou,afirmar,Fin,Ind,Past,3,Sing,,,
Recebeu,receber,Fin,Ind,Past,3,Sing,,,
preocupa,preocupar,Fin,Ind,Pres,3,Sing,,,
exercitou,exercitar,Fin,Ind,Past,3,Sing,,,
é,ser,Fin,Ind,Pres,3,Sing,,,AUX
treinar,treinar,Inf,,,,,,,
poupando,poupar,Ger,,,,,,,
trocar,trocar,Inf,,,,,,,
aprovado,aprovar,Part,,,,Sing,Masc,,
forçar,forçar,Inf,,,3,Sing,,,
expulsar,expulsar,Inf,,,,,,,
cancelado,cancelar,Part,,,,Sing,Masc,Pass,
Escuto,escutar,Fin,Ind,Pres,1,Sing,,,
acrescentou,acrescentar,Fin,Ind,Past,3,Sing,,,
limitar,limitar,Inf,,,,,,,
evitava,evitar,Fin,Ind,Imp,3,Sing,,,
comprasse,comprar,Fin,Sub,Imp,3,Sing,,,
procuradas,procurar,Part,,,,Plur,Fem,Pass,
postergar,postergar,Inf,,,,,,,
afeta,afetar,Fin,Ind,Pres,3,Sing,,,
causar,causar,Inf,,,,,,,
indica,indicar,Fin,Ind,Pres,3,Sing,,,
plantada,plantar,Part,,,,Sing,Fem,,
publicou,publicar,Fin,Ind,Past,3,Sing,,,
estudou,estudar,Fin,Ind,Past,3,Sing,,,
utilizada,utilizar,Part,,,,Sing,Fem,,
conceituar,conceituar,Inf,,,,,,,
conhecidos,conhecer,Part,,,,Plur,Masc,,
exercido,exercer,Part,,,,,,,
desvirtuado,desvirtuar,Part,,,,,,,
tolhido,tolher,Part,,,,Sing,Masc,,
desenvolvido,desenvolver,Part,,,,,,,
decorrer,decorrer,Inf,,,,,,,
invalidar,invalidar,Inf,,,,,,,
valorizavam,valorizar,Fin,Ind,Imp,3,Plur,,,
estaria,estar,Fin,Cnd,,3,Sing,,,
escravizados,escravizar,Part,,,,Plur,Masc,,
colocado,colocar,Part,,,,Sing,Masc,Pass,
menosprezassem,menosprezar,Fin,Sub,Imp,3,Plur,,,
documentar,documentar,Inf,,,3,Sing,,,
exposta,expor,Part,,,,Sing,Fem,,
cooptar,cooptar,Inf,,,,,,,
sujeito,sujeitar,Part,,,,Sing,Masc,Pass,
enviesada,enviesar,Part,,,,Sing,Fem,,
referem,referir,Fin,Ind,Pres,3,Plur,,,
descobertas,descobrir,Part,,,,Plur,Fem,Pass,
detectadas,detectar,Part,,,,Plur,Fem,Pass,
acham,achar,Fin,Ind,Pres,3,Plur,,,
movida,mover,Part,,,,Sing,Fem,Pass,
estimado,estimar,Part,,,,Sing,Masc,Pass,
pedido,pedir,Part,,,,Sing,Masc,,
Optar,optar,Inf,,,,,,,
conjugado,conjugar,Part,,,,Sing,Masc,,
merece,merecer,Fin,Ind,Pres,3,Sing,,,
verifique,verificar,Fin,Sub,Pres,3,Sing,,,
desempenham,desempenhar,Fin,Ind,Pres,3,Plur,,,
checar,checar,Inf,,,,,,,
enxugar,enxugar,Inf,,,3,Sing,,,
enfrenta,enfrentar,Fin,Ind,Pres,3,Sing,,,
apóiam,apoiar,Fin,Ind,Pres,3,Plur,,,
resolveu,resolver,Fin,Ind,Past,3,Sing,,,
enxuto,enxugar,Part,,,,Sing,Masc,,
definido,definir,Part,,,,Sing,Masc,,
usa,usar,Fin,Ind,Pres,3,Sing,,,
conecta,conectar,Fin,Ind,Pres,3,Sing,,,
troquem,trocar,Fin,Sub,Pres,3,Plur,,,
protegidos,proteger,Part,,,,Plur,Masc,Pass,
acabaram,acabar,Fin,Ind,Past,3,Plur,,,
Realizando,realizar,Ger,,,,,,,
entende,entender,Fin,Ind,Pres,3,Sing,,,
reerguer,reerguer,Inf,,,,,,,
torcer,torcer,Inf,,,,,,,
rezar,rezar,Inf,,,,,,,
acontecem,acontecer,Fin,Ind,Pres,3,Plur,,,
reúnem,reunir,Fin,Ind,Pres,3,Plur,,,
atuam,atuar,Fin,Ind,Pres,3,Plur,,,
suspenso,suspender,Part,,,,Sing,Masc,Pass,
atuaram,atuar,Fin,Ind,Past,3,Plur,,,
jogaram,jogar,Fin,Ind,Past,3,Plur,,,
fariam,fazer,Fin,Cnd,,3,Plur,,,
reclamou,reclamar,Fin,Ind,Past,3,Sing,,,
bateram,bater,Fin,Ind,Past,3,Plur,,,
LANÇAM,lançar,Fin,Ind,Pres,3,Plur,,,
patrocinado,patrocinar,Part,,,,Sing,Masc,Pass,
ajudará,ajudar,Fin,Ind,Fut,3,Sing,,,
aplicado,aplicar,Part,,,,Sing,Masc,,
sujeitos,sujeitar,Part,,,,Plur,Masc,,
achar,achar,Inf,,,,,,,
reduzidos,reduzir,Part,,,,Plur,Masc,,
compartilhada,compartilhar,Part,,,,Sing,Fem,Pass,
manter,manter,Inf,,,3,Sing,,,
peco,pecar,Fin,Ind,Pres,1,Sing,,,
considero,considerar,Fin,Ind,Pres,1,Sing,,,
obteve,obter,Fin,Ind,Past,3,Sing,,,
acusado,acusar,Part,,,,Sing,Masc,,
prendeu,prender,Fin,Ind,Past,3,Sing,,,
matar,matar,Inf,,,,,,,
estuprado,estuprar,Part,,,,Sing,Masc,,
morava,morar,Fin,Ind,Imp,3,Sing,,,
prestou,prestar,Fin,Ind,Past,3,Sing,,,
preparando,preparar,Ger,,,,,,,
trará,trazer,Fin,Ind,Fut,3,Sing,,,
podemos,poder,Fin,Ind,Pres,1,Plur,,,
produzido,produzir,Part,,,,Sing,Masc,,
projetado,projetar,Part,,,,Sing,Masc,Pass,
colhido,colher,Part,,,,Sing,Masc,,
prolongado,prolongar,Part,,,,Sing,Masc,,
Saem,sair,Fin,Ind,Pres,3,Plur,,,
entraram,entrar,Fin,Ind,Past,3,Plur,,,
intervenha,intervir,Fin,Sub,Pres,3,Sing,,,
recomendar,recomendar,Inf,,,,,,,
enviam,enviar,Fin,Ind,Pres,3,Plur,,,
ocorrer,ocorrer,Inf,,,,,,,
descarta,descartar,Fin,Ind,Pres,3,Sing,,,
hesita,hesitar,Fin,Ind,Pres,3,Sing,,,
precisam,precisar,Fin,Ind,Pres,3,Plur,,,
importar,importar,Inf,,,,,,,
operam,operar,Fin,Ind,Pres,3,Plur,,,
enfrentará,enfrentar,Fin,Ind,Fut,3,Sing,,,
serve,servir,Fin,Ind,Pres,3,Sing,,,
franqueados,franquear,Part,,,,Plur,Masc,,
reduzidas,reduzir,Part,,,,Plur,Fem,Pass,
fabricados,fabricar,Part,,,,Plur,Masc,,
sumiu,sumir,Fin,Ind,Past,3,Sing,,,
volta,voltar,Fin,Ind,Pres,3,Sing,,,AUX
chocar,chocar,Inf,,,,,,,
furada,furar,Part,,,,Sing,Fem,,
empapada,empapar,Part,,,,Sing,Fem,,
morto,morrer,Part,,,,Sing,Masc,,
qualificou,qualificar,Fin,Ind,Past,3,Sing,,,
recusaram,recusar,Fin,Ind,Past,3,Plur,,,
sustentaram,sustentar,Fin,Ind,Past,3,Plur,,,
interrompeu,interromper,Fin,Ind,Past,3,Sing,,,
votou,votar,Fin,Ind,Past,3,Sing,,,
vencido,vencer,Part,,,,Sing,Masc,Pass,
falei,falar,Fin,Ind,Past,1,Sing,,,
visualizei,visualizar,Fin,Ind,Past,1,Sing,,,
sentada,sentar,Part,,,,Sing,Fem,,
ousava,ousar,Fin,Ind,Imp,3,Sing,,,
permanecer,permanecer,Inf,,,,,,,
envergando,envergar,Ger,,,,,,,
permear,permear,Inf,,,,,,,
assassinado,assassinar,Part,,,,Sing,Masc,,
traduzido,traduzir,Part,,,,Sing,Masc,,
inspirado,inspirar,Part,,,,Sing,Masc,Pass,
admitia,admitir,Fin,Ind,Imp,3,Sing,,,
descobriu,descobrir,Fin,Ind,Past,3,Sing,,,
culpou,culpar,Fin,Ind,Past,3,Sing,,,
analisei,analisar,Fin,Ind,Past,1,Sing,,,
pedi,pedir,Fin,Ind,Past,1,Sing,,,
melhorasse,melhorar,Fin,Sub,Imp,3,Sing,,,
elogiou,elogiar,Fin,Ind,Past,3,Sing,,,
articulou,articular,Fin,Ind,Past,3,Sing,,,
suspender,suspender,Inf,,,,,,,
violaram,violar,Fin,Ind,Past,3,Plur,,,
examinada,examinar,Part,,,,Sing,Fem,Pass,
procurou,procurar,Fin,Ind,Past,3,Sing,,,
resistiu,resistir,Fin,Ind,Past,3,Sing,,,
chamou,chamar,Fin,Ind,Past,3,Sing,,,
bancado,bancar,Part,,,,Sing,Masc,Pass,
iria,ir,Fin,Cnd,,3,Sing,,,
teria,ter,Fin,Cnd,,3,Sing,,,
feito,fazer,Part,,,,Sing,Masc,,
trocando,trocar,Ger,,,,,,,
Lançado,lançar,Part,,,,Sing,Masc,,
lançou,lançar,Fin,Ind,Past,3,Sing,,,
demonstram,demonstrar,Fin,Ind,Pres,3,Plur,,,
desejada,desejar,Part,,,,Sing,Fem,Pass,
comandar,comandar,Inf,,,,,,,
analisadas,analisar,Part,,,,Plur,Fem,Pass,
descobriram,descobrir,Fin,Ind,Past,3,Plur,,,
aluga,alugar,Fin,Ind,Pres,3,Sing,,,
morarem,morar,Inf,,,3,Plur,,,
Pegam,pegar,Fin,Ind,Pres,3,Plur,,,
mandam,mandar,Fin,Ind,Pres,3,Plur,,,
priorizar,priorizar,Inf,,,,,,,
alertar,alertar,Inf,,,,,,,
desenvolver,desenvolver,Inf,,,,,,,
dispensa,dispensar,Fin,Ind,Pres,3,Sing,,,
cortejada,cortejar,Part,,,,Sing,Fem,Pass,
viam,ver,Fin,Ind,Imp,3,Plur,,,
Acabou,acabar,Fin,Ind,Past,3,Sing,,,
assinando,assinar,Ger,,,,,,,
ligado,ligar,Part,,,,Sing,Masc,,
notou,notar,Fin,Ind,Past,3,Sing,,,
vendeu,vender,Fin,Ind,Past,3,Sing,,,
atacam,atacar,Fin,Ind,Pres,3,Plur,,,
separadas,separar,Part,,,,Plur,Fem,Pass,
transposto,transpor,Part,,,,Sing,Masc,,
eletrificado,eletrificar,Part,,,,Sing,Masc,,
denunciando,denunciar,Ger,,,,,,,
estudado,estudar,Part,,,,,,,
gritadas,gritar,Part,,,,Plur,Fem,Pass,
definiu,definir,Fin,Ind,Past,3,Sing,,,
desmitifica,desmitificar,Fin,Ind,Pres,3,Sing,,,
peca,pecar,Fin,Ind,Pres,3,Sing,,,
baixou,baixar,Fin,Ind,Past,3,Sing,,,
aplica,aplicar,Fin,Ind,Pres,3,Sing,,,
recusada,recusar,Part,,,,Sing,Fem,,
aplicada,aplicar,Part,,,,Sing,Fem,Pass,
recusar,recusar,Inf,,,,,,,
ache,achar,Fin,Sub,Pres,3,Sing,,,
escolhem,escolher,Fin,Ind,Pres,3,Plur,,,
compara,comparar,Fin,Ind,Pres,3,Sing,,,
afirmando,afirmar,Ger,,,,,,,
reside,residir,Fin,Ind,Pres,3,Sing,,,
ironiza,ironizar,Fin,Ind,Pres,3,Sing,,,
abriram,abrir,Fin,Ind,Past,3,Plur,,,
pedimos,pedir,Fin,Ind,Pres,1,Plur,,,
evolui,evoluir,Fin,Ind,Pres,3,Sing,,,
evoluir,evoluir,Inf,,,,,,,
chegando,chegar,Ger,,,,,,,
acho,achar,Fin,Ind,Pres,1,Sing,,,
significar,significar,Inf,,,,,,,
vence,vencer,Fin,Ind,Pres,3,Sing,,,
passei,passar,Fin,Ind,Past,1,Sing,,,
gostei,gostar,Fin,Ind,Past,1,Sing,,,
declamar,declamar,Inf,,,,,,,
Passamos,passar,Fin,Ind,Pres,1,Plur,,,
dedicar,dedicar,Inf,,,,,,,
desprezavam,desprezar,Fin,Ind,Imp,3,Plur,,,
escrever,escrever,Inf,,,,,,,
quisessem,querer,Fin,Sub,Imp,3,Plur,,,
conseguiriam,conseguir,Fin,Cnd,,3,Plur,,,
compuseram,compor,Fin,Ind,Past,3,Plur,,,
ficaram,ficar,Fin,Ind,Past,3,Plur,,,
conhecidas,conhecer,Part,,,,Plur,Fem,,
morreria,morrer,Fin,Cnd,,3,Sing,,,
demonstra,demonstrar,Fin,Ind,Pres,3,Sing,,,
atenuar,atenuar,Inf,,,,,,,
localizada,localizar,Part,,,,Sing,Fem,,
muda,mudar,Fin,Ind,Pres,3,Sing,,,
cuide,cuidar,Fin,Sub,Pres,3,Sing,,,
recebidos,receber,Part,,,,Plur,Masc,,
divulgada,divulgar,Part,,,,Sing,Fem,Pass,
negocie,negociar,Fin,Sub,Pres,3,Sing,,,
desejam,desejar,Fin,Ind,Pres,3,Plur,,,
estabeleça,estabelecer,Fin,Sub,Pres,3,Sing,,,
almoçaram,almoçar,Fin,Ind,Past,3,Plur,,,
paga,pagar,Part,,,,Sing,Fem,Pass,
protegerão,proteger,Fin,Ind,Fut,3,Plur,,,
alinhadas,alinhar,Part,,,,Plur,Fem,,
refletem,refletir,Fin,Ind,Pres,3,Plur,,,
vivida,viver,Part,,,,Sing,Fem,Pass,
ruiu,ruir,Fin,Ind,Past,3,Sing,,,
retirou,retirar,Fin,Ind,Past,3,Sing,,,
Mostrou,mostrar,Fin,Ind,Past,3,Sing,,,
posta,pôr,Part,,,,Sing,Fem,Pass,
oscilava,oscilar,Fin,Ind,Imp,3,Sing,,,
Considerados,considerar,Part,,,,Plur,Masc,,
concedeu,conceder,Fin,Ind,Past,3,Sing,,,
esboçar,esboçar,Inf,,,3,,,,
iam,ir,Fin,Ind,Imp,3,Plur,,,
condenavam,condenar,Fin,Ind,Imp,3,Plur,,,
Ostentavam,ostentar,Fin,Ind,Imp,3,Plur,,,
evidenciava,evidenciar,Fin,Ind,Imp,3,Sing,,,
envolvendo,envolver,Ger,,,,,,,
aproveitavam,aproveitar,Fin,Ind,Imp,3,Plur,,,
aquecer,aquecer,Inf,,,,,,,
retirados,retirar,Part,,,,Plur,Masc,Pass,
RECEBE,receber,Fin,Ind,Pres,3,Sing,,,
rendeu,render,Fin,Ind,Past,3,Sing,,,
devido,dever,Part,,,,Sing,Masc,,
cerca,cercar,Fin,Ind,Pres,3,Sing,,,
procuraram,procurar,Fin,Ind,Past,3,Plur,,,
reconheceram,reconhecer,Fin,Ind,Past,3,Plur,,,
emitido,emitir,Part,,,,,,,
treinam,treinar,Fin,Ind,Pres,3,Plur,,,
voltam,voltar,Fin,Ind,Pres,3,Plur,,,
estão,estar,Fin,Ind,Pres,3,Plur,,,
concentrados,concentrado,Part,,,,Plur,Masc,,
Interessado,interessar,Part,,,,Sing,Masc,,
tomou,tomar,Fin,Ind,Past,3,Sing,,,
Ficou,ficar,Fin,Ind,Past,3,Sing,,,
sabendo,saber,Ger,,,,,,,
selecionado,selecionar,Part,,,,Sing,Masc,Pass,
comemorar,comemorar,Inf,,,,,,,
aprender,aprender,Inf,,,,,,,AUX
pintar,pintar,Inf,,,,,,,
Apresentando,Apresentando,Ger,,,,,,,
realizará,realizar,Fin,Ind,Fut,3,Sing,,,
preencher,preencher,Inf,,,,,,,
começam,começar,Fin,Ind,Pres,3,Plur,,,
dificultando,dificultar,Ger,,,,,,,
estrear,estrear,Inf,,,,,,,
causada,causar,Part,,,,Sing,Fem,Pass,
relacionados,relacionar,Part,,,,Plur,Masc,,
recomendados,recomendar,Part,,,,Plur,Masc,Pass,
combatem,combater,Fin,Ind,Pres,3,Plur,,,
chamaram,chamar,Fin,Ind,Past,3,Plur,,,
trabalhando,trabalhar,Ger,,,,,,,
prender,prender,Inf,,,,,,,
chamado,chamar,Part,,,,Sing,Masc,Pass,
cultiva,cultivar,Fin,Ind,Pres,3,Sing,,,
lido,ler,Part,,,,Sing,Masc,Pass,
dispusesse,dispor,Fin,Sub,Imp,3,Sing,,,
privilegiado,privilegiar,Part,,,,Sing,Masc,,
reunidas,reunir,Part,,,,Plur,Fem,,
vencendo,vencer,Ger,,,,,,,
toma,tomar,Fin,Ind,Pres,3,Sing,,,
indignar,indignar,Inf,,,,,,,
antipatizar,antipatizar,Inf,,,,,,,
tida,ter,Part,,,,Sing,Fem,Pass,
caberia,caber,Fin,Cnd,,3,Sing,,,
construir,construir,Inf,,,3,Sing,,,
ligada,ligar,Part,,,,Sing,Fem,,
atribui,atribuir,Fin,Ind,Pres,3,Sing,,,
praticados,praticar,Part,,,,Plur,Masc,,
confirmar,confirmar,Inf,,,,,,,
deixará,deixar,Fin,Ind,Fut,3,Sing,,,AUX
minimizou,minimizar,Fin,Ind,Past,3,Sing,,,
ficarão,ficar,Fin,Ind,Fut,3,Plur,,,
encarregadas,encarregar,Part,,,,Plur,Fem,,
acontecerá,acontecer,Fin,Ind,Fut,3,Sing,,,
partindo,partir,Ger,,,,,,,
buscará,buscar,Fin,Ind,Fut,3,Sing,,,
entregues,entregar,Part,,,,Plur,Masc,,
divulgado,divulgar,Part,,,,Sing,Masc,Pass,
estande,estande,Fin,Ind,Pres,3,Sing,,,
recompensar,recompensar,Inf,,,,,,,
fornecesse,fornecer,Fin,Sub,Imp,3,Sing,,,
ajudem,ajudar,Fin,Sub,Pres,3,Plur,,,
retomaram,retomar,Fin,Ind,Past,3,Plur,,,
decifrar,decifrar,Inf,,,,,,,
mostrando,mostrar,Ger,,,,,,,
encontrado,encontrar,Part,,,,,,,
realizados,realizar,Part,,,,Plur,Masc,Pass,
prosperou,prosperar,Fin,Ind,Past,3,Sing,,,
dava,dar,Fin,Ind,Imp,3,Sing,,,
errado,errar,Part,,,,Sing,Masc,,
sustentado,sustentar,Part,,,,Sing,Masc,,
fazerem,fazer,Inf,,,3,Plur,,,
sustentar,sustentar,Inf,,,,,,,
virasse,virar,Fin,Sub,Imp,3,Sing,,,
conquistaram,conquistar,Fin,Ind,Past,3,Plur,,,
leu,ler,Fin,Ind,Past,3,Sing,,,
consideram,considerar,Fin,Ind,Pres,3,Plur,,,
organizado,organizar,Part,,,,Sing,Masc,,
faturam,faturar,Fin,Ind,Pres,3,Plur,,,
vistos,ver,Part,,,,Plur,Masc,Pass,
atuavam,atuar,Fin,Ind,Imp,3,Plur,,,
encontrados,encontrar,Part,,,,Plur,Masc,Pass,
retirados,retirar,Part,,,,Plur,Masc,,
apreendidos,apreender,Part,,,,Plur,Masc,,
acerta,acertar,Fin,Ind,Pres,3,Sing,,,
licitadas,licitar,Part,,,,Plur,Fem,Pass,
favorecer,favorecer,Inf,,,,,,,
compor,compor,Inf,,,,,,,
evitará,evitar,Fin,Ind,Fut,3,Sing,,,
permitindo,permitir,Ger,,,,,,,
acompanhe,acompanhar,Fin,Sub,Pres,3,Sing,,,
passaria,passar,Fin,Cnd,,3,Sing,,,AUX
resolvidos,resolver,Part,,,,Plur,Masc,Pass,
converse,conversar,Fin,Sub,Pres,3,Sing,,,
signifique,significar,Fin,Sub,Pres,3,Sing,,,
haverá,haver,Fin,Ind,Fut,3,Sing,,,
Morre,morrer,Fin,Ind,Pres,3,Sing,,,
enterrado,enterrar,Part,,,,Sing,Masc,Pass,
banida,banir,Part,,,,Sing,Fem,,
planejado,planejar,Part,,,,,,,
publicará,publicar,Fin,Ind,Fut,3,Sing,,,
mantendo,manter,Ger,,,,,,,
recusar,recusar,Fin,Sub,Fut,3,Sing,,,
emitir,emitir,Inf,,,,,,,
pego,pegar,Part,,,,Sing,Masc,Pass,
exibir,exibir,Inf,,,,,,,
chover,chover,Inf,,,,,,,
ofende,ofender,Fin,Ind,Pres,3,Sing,,,
antecipou,antecipar,Fin,Ind,Past,3,Sing,,,
prevista,prever,Part,,,,Sing,Fem,,
reforça,reforçar,Fin,Ind,Pres,3,Sing,,,
importados,importar,Part,,,,Plur,Masc,,
aliviar,aliviar,Inf,,,,,,,
houver,haver,Fin,Sub,Fut,3,Sing,,,
Fazer,fazer,Inf,,,,,,,
calibrar,calibrar,Inf,,,,,,,
anunciadas,anunciar,Part,,,,Plur,Fem,,
desaguar,desaguar,Inf,,,,,,,
oferece,oferecer,Fin,Ind,Pres,3,Sing,,,
funcionou,funcionar,Fin,Ind,Past,3,Sing,,,
refugiaram,refugiar,Fin,Ind,Past,3,Plur,,,
serviu,servir,Fin,Ind,Past,3,Sing,,,
inaugurar,inaugurar,Inf,,,3,Sing,,,
ser,ser,Inf,,,3,Sing,,,
ouvido,ouvir,Part,,,,Sing,Masc,,
esqueceram,esquecer,Fin,Ind,Past,3,Plur,,,
alimenta,alimentar,Fin,Ind,Pres,3,Sing,,,
surpreende,surpreender,Fin,Ind,Pres,3,Sing,,,
feitas,fazer,Part,,,,Plur,Fem,Pass,
acentua,acentuar,Fin,Ind,Pres,3,Sing,,,
surpreender,surpreender,Inf,,,,,,,
intitulavam,intitular,Fin,Ind,Imp,3,Plur,,,
aplicava,aplicar,Fin,Ind,Imp,3,Sing,,,
denunciado,denunciar,Part,,,,Sing,Masc,Pass,
terminou,terminar,Fin,Ind,Past,3,Sing,,,
operava,operar,Fin,Ind,Imp,3,Sing,,,
levantou,levantar,Fin,Ind,Past,3,Sing,,,
perdido,perder,Part,,,,,,,
conferiu,conferir,Fin,Ind,Past,3,Sing,,,
pensar,pensar,Inf,,,3,Sing,,,
permita,permitir,Fin,Sub,Pres,3,Sing,,,
incorporar,incorporar,Inf,,,,,,,
dispor,dispor,Inf,,,,,,,
resolvo,resolver,Fin,Ind,Pres,1,Sing,,,
visitará,visitar,Fin,Ind,Fut,3,Sing,,,
nasceu,nascer,Fin,Ind,Past,3,Sing,,,
sentir,sentir,Fin,Sub,Fut,3,Sing,,,
encaminhar,encaminhar,Inf,,,,,,,
procurar,procurar,Inf,,,,,,,
considerada,considerar,Part,,,,Sing,Fem,,
começará,começar,Fin,Ind,Fut,3,Sing,,,
passará,passar,Fin,Ind,Fut,3,Sing,,,
terminará,terminar,Fin,Ind,Fut,3,Sing,,,
sei,saber,Fin,Ind,Pres,1,Sing,,,
cruzar,cruzar,Inf,,,,,,,
comer,comer,Inf,,,3,Sing,,,
espremido,espremer,Part,,,,Sing,Masc,,
Compreendeste,compreender,Fin,Ind,Pres,1,Sing,,,
teria,ter,Fin,Cnd,,3,Sing,,,AUX
negar,negar,Inf,,,,,,,
empuleirasse,empuleirar,Fin,Sub,Imp,3,Sing,,,
imagina,imaginar,Fin,Ind,Pres,3,Sing,,,
chegado,chegar,Part,,,,Sing,Masc,Pass,
Sente,sentir,Fin,Ind,Pres,3,Sing,,,
bafejar,bafejar,Inf,,,,,,,
rompe,romper,Fin,Ind,Pres,3,Sing,,,
romperam,romper,Fin,Ind,Past,3,Plur,,,
preparam,preparar,Fin,Ind,Pres,3,Plur,,,
ofereceram,oferecer,Fin,Ind,Past,3,Plur,,,
atingia,atingir,Fin,Ind,Imp,3,Sing,,,
Adota,adotar,Fin,Ind,Pres,3,Sing,,,
processar,processar,Inf,,,,,,,
recuperar,recuperar,Inf,,,,,,,
gastando,gastar,Ger,,,,,,,
repor,repor,Inf,,,,,,,
gasto,gastar,Part,,,,Sing,Masc,Pass,
ajudou,ajudar,Fin,Ind,Past,3,Sing,,,
reeleger,reeleger,Inf,,,3,Sing,,,
garfar,garfar,Inf,,,,,,,
Estabeleceu,estabelecer,Fin,Ind,Past,3,Sing,,,
marchar,marchar,Inf,,,3,Plur,,,
acenará,acenar,Fin,Ind,Pres,3,Sing,,,
rebatizou,rebatizar,Fin,Ind,Past,3,Sing,,,
elaboradas,elaborar,Part,,,,Plur,Fem,Pass,
indexado,indexar,Part,,,,Sing,Masc,,
convertido,converter,Part,,,,Sing,Masc,,
corroído,corroer,Part,,,,Sing,Masc,Pass,
assistiram,assistir,Fin,Ind,Past,3,Plur,,,
atuou,atuar,Fin,Ind,Past,3,Sing,,,
Afastado,afastar,Part,,,,Sing,Masc,,
pegou,pegar,Fin,Ind,Past,3,Sing,,,
Ir,ir,Inf,,,,,,,
aprenderem,aprender,Inf,,,3,Plur,,,
andar,andar,Inf,,,,,,,
comparando,comparar,Ger,,,,,,,
aprovarem,aprovar,Inf,,,3,Plur,,,
subordinado,subordinar,Part,,,,Sing,Masc,,
exercitada,exercitar,Part,,,,Sing,Fem,Pass,
ajuda,ajudar,Fin,Ind,Pres,3,Sing,,,
explicar,explicar,Inf,,,,,,,
financiava,financiar,Fin,Ind,Imp,3,Sing,,,
cobrados,cobrar,Part,,,,Plur,Masc,,
receberá,receber,Fin,Ind,Fut,3,Sing,,,
nega,negar,Fin,Ind,Pres,3,Sing,,,
venha,vir,Fin,Sub,Pres,3,Sing,,,
gastou,gastar,Fin,Ind,Past,3,Sing,,,
Contratou,contratar,Fin,Ind,Past,3,Sing,,,
Terminado,terminar,Part,,,,Sing,Masc,,
cansa,cansar,Fin,Ind,Pres,3,Sing,,,
estudar,estudar,Inf,,,,,,,
filmaram,filmar,Fin,Ind,Past,3,Plur,,,
dominou,dominar,Fin,Ind,Past,3,Sing,,,
voltou,voltar,Fin,Ind,Past,3,Sing,,,AUX
decepcionar,decepcionar,Inf,,,,,,,
terminaram,terminar,Fin,Ind,Past,3,Plur,,,
bastou,bastar,Fin,Ind,Past,3,Sing,,,
determinar,determinar,Inf,,,,,,,
cobrando,cobrar,Ger,,,,,,,
Parar,parar,Inf,,,,,,,
ataca,atacar,Fin,Ind,Pres,3,Sing,,,
entender,entender,Fin,Sub,Fut,3,Sing,,,
apóiem,apoiar,Fin,Sub,Pres,3,Plur,,,
deixem,deixar,Fin,Sub,Pres,3,Plur,,,
esbarram,esbarrar,Fin,Ind,Pres,3,Plur,,,
ocorra,ocorrer,Fin,Sub,Pres,3,Sing,,,
apóie,apoiar,Fin,Sub,Pres,3,Sing,,,
eleger,eleger,Inf,,,,,,,
apresentará,apresentar,Fin,Ind,Fut,3,Sing,,,
calculam,calcular,Fin,Ind,Pres,3,Plur,,,
acreditam,acreditar,Fin,Ind,Pres,3,Plur,,,
admita,admitir,Fin,Sub,Pres,3,Sing,,,
diminuindo,diminuir,Ger,,,,,,,
mudando,mudar,Ger,,,,,,,
criada,criar,Part,,,,Sing,Fem,Pass,
convertidos,converter,Part,,,,Plur,Masc,Pass,
reconhece,reconhecer,Fin,Ind,Pres,3,Sing,,,
cometido,cometer,Part,,,,,,,
reconheceu,reconhecer,Fin,Ind,Past,3,Sing,,,
errado,errar,Part,,,,,,,
concedida,conceder,Part,,,,Sing,Fem,,
encaminhada,encaminhar,Part,,,,Sing,Fem,,
ganhe,ganhar,Fin,Sub,Pres,3,Sing,,,
lista,listar,Fin,Ind,Pres,3,Sing,,,
recuperar,recuperar,Inf,,,3,Sing,,,
queria,querer,Fin,Ind,Imp,3,Sing,,,
iniciou,iniciar,Fin,Ind,Past,3,Sing,,,
parecem,parecer,Fin,Ind,Pres,3,Plur,,,
abalado,abalar,Part,,,,,,,
convenceu,convencer,Fin,Ind,Past,3,Sing,,,
abandonassse,abandonar,Fin,Sub,Imp,3,Sing,,,
perderia,perder,Fin,Cnd,,3,Sing,,,
acompanhavam,acompanhar,Fin,Ind,Imp,3,Plur,,,
abraçando,abraçar,Ger,,,,,,,
chamara,chamar,Fin,Ind,Imp,3,Sing,,,
liberou,liberar,Fin,Ind,Past,3,Sing,,,
Colaborou,colaborar,Fin,Ind,Past,3,Sing,,,
tomará,tomar,Fin,Ind,Fut,3,Sing,,,
conseguirá,conseguir,Fin,Ind,Fut,3,Sing,,,
inviabilizar,inviabilizar,Inf,,,,,,,
combinou,combinar,Fin,Ind,Past,3,Sing,,,
telefonar,telefonar,Inf,,,,,,,
deixaram,deixar,Fin,Ind,Past,3,Plur,,,
pagaram,pagar,Fin,Ind,Past,3,Plur,,,
acreditavam,acreditar,Fin,Ind,Imp,3,Plur,,,
neutralizar,neutralizar,Inf,,,,,,,
Tinha,ter,Fin,Ind,Imp,3,Sing,,,
pensavam,pensar,Fin,Ind,Imp,3,Plur,,,
impediria,impedir,Fin,Cnd,,3,Sing,,,
Pensavam,pensar,Fin,Ind,Imp,3,Plur,,,
recebido,receber,Part,,,,Sing,Masc,Pass,
adora,adorar,Fin,Ind,Pres,3,Sing,,,
atuando,atuar,Ger,,,,,,,
Fizemos,fazer,Fin,Ind,Past,1,Plur,,,
comecei,começar,Fin,Ind,Past,1,Sing,,,AUX
elaborar,elaborar,Inf,,,,,,,
recomendados,recomendar,Part,,,,Plur,Masc,,
Exercendo,exercer,Ger,,,,,,,
gostaria,gostar,Fin,Cnd,,1,Sing,,,
remar,remar,Inf,,,,,,,
pasmem,pasmar,Fin,Ind,Pres,1,Plur,,,
ousar,ousar,Inf,,,,,,,
ajeitem,ajeitar,Fin,Sub,Pres,3,Plur,,,
inventou,inventar,Fin,Ind,Past,3,Sing,,,
Solta,soltar,Fin,Ind,Pres,3,Sing,,,
pescar,pescar,Inf,,,,,,,
pensei,pensar,Fin,Ind,Past,1,Sing,,,
ia,ir,Fin,Ind,Imp,3,Sing,,,
sobe,subir,Fin,Ind,Pres,3,Sing,,,
Atacadas,atacar,Part,,,,Plur,Fem,,
invadem,invadir,Fin,Ind,Pres,3,Plur,,,
contratavam,contratar,Fin,Ind,Imp,3,Plur,,,
Parece,parecer,Fin,Ind,Pres,3,Sing,,,
promove,promover,Fin,Ind,Pres,3,Sing,,,
Achei,achar,Fin,Ind,Past,1,Sing,,,
costumo,costumar,Fin,Ind,Pres,1,Sing,,,
tiveram,ter,Fin,Ind,Past,3,Plur,,,
ocupados,ocupar,Part,,,,Plur,Masc,,
vendidas,vender,Part,,,,Plur,Fem,Pass,
fizesse,fazer,Fin,Sub,Imp,3,Sing,,,
indicado,indicar,Part,,,,Sing,Masc,Pass,
ocupem,ocupar,Fin,Sub,Pres,3,Plur,,,
tenhamos,ter,Fin,Sub,Pres,1,Plur,,,
tratados,tratar,Part,,,,Plur,Masc,,
envolvem,envolver,Fin,Ind,Pres,3,Plur,,,
buscam,buscar,Fin,Ind,Pres,3,Plur,,,
tentando,tentar,Ger,,,,,,,
desfazer,desfazer,Inf,,,,,,,
atribuído,atribuir,Part,,,,Sing,Masc,,
andam,andar,Fin,Ind,Pres,3,Plur,,,
desapareceu,desaparecer,Fin,Ind,Past,3,Sing,,,
contempla,contemplar,Fin,Ind,Pres,3,Sing,,,
tornando,tornar,Ger,,,,,,,
aumentarem,aumentar,Inf,,,3,Plur,,,
impedindo,impedir,Ger,,,,,,,
suscitado,suscitar,Part,,,,Sing,Masc,,
consiste,consistir,Fin,Ind,Pres,3,Sing,,,
controlar,controlar,Inf,,,,,,,
cumprirem,cumprir,Inf,,,3,Plur,,,
acumulados,acumular,Part,,,,Plur,Masc,,
provocado,provocar,Part,,,,Sing,Masc,Pass,
influenciados,influenciar,Part,,,,Plur,Masc,Pass,
procurava,procurar,Fin,Ind,Imp,3,Sing,,,
rachando,rachar,Ger,,,,,,,
compôs,compor,Fin,Ind,Past,3,Sing,,,
gravada,gravar,Part,,,,Sing,Fem,,
chutou,chutar,Fin,Ind,Past,3,Sing,,,
configurava,configurar,Fin,Ind,Imp,3,Sing,,,
alternando,alternar,Ger,,,,,,,
variava,variar,Fin,Ind,Imp,3,Sing,,,
acertavam,acertar,Fin,Ind,Imp,3,Plur,,,
perdia,perder,Fin,Ind,Imp,3,Sing,,,
estourar,estourar,Inf,,,,,,,
reescreverá,reescrever,Fin,Ind,Fut,3,Sing,,,
assinou,assinar,Fin,Ind,Past,3,Sing,,,
ganhará,ganhar,Fin,Ind,Fut,3,Sing,,,
ressuscitar,ressuscitar,Inf,,,,,,,
reescrever,reescrever,Inf,,,,,,,
exibiu,exibir,Fin,Ind,Past,3,Sing,,,
lançar,lançar,Inf,,,,,,,
define,definir,Fin,Ind,Pres,3,Sing,,,
teremos,ter,Fin,Ind,Fut,1,Plur,,,AUX
superar,superar,Inf,,,,,,,
praticando,praticar,Ger,,,,,,,
obtendo,obter,Ger,,,,,,,
Entendemos,entender,Fin,Ind,Pres,1,Plur,,,
nortear,nortear,Inf,,,,,,,
exigiram,exigir,Fin,Ind,Past,3,Plur,,,
começassem,começar,Fin,Sub,Imp,3,Plur,,,
irritou,irritar,Fin,Ind,Past,3,Sing,,,
criticaram,criticar,Fin,Ind,Past,3,Plur,,,
inaugurou,inaugurar,Fin,Ind,Past,3,Sing,,,
fundada,fundar,Part,,,,Sing,Fem,Pass,
jogado,jogar,Part,,,,,,,
dopado,dopar,Part,,,,Sing,Masc,,
abalou,abalar,Fin,Ind,Past,3,Sing,,,
aguerrido,aguerrido,Part,,,,Sing,Masc,,
Variava,variar,Fin,Ind,Imp,3,Sing,,,
aproveitar,aproveitar,Inf,,,,,,,
desgravar,desgravar,Inf,,,,,,,
permitem,permitir,Fin,Ind,Pres,3,Plur,,,
estimar,estimar,Inf,,,,,,,
usados,usar,Part,,,,Plur,Masc,,
fugia,fugir,Fin,Ind,Imp,3,Sing,,,
Achava,achar,Fin,Ind,Imp,3,Sing,,,
pôde,poder,Fin,Ind,Past,3,Sing,,,
homenagear,homenagear,Inf,,,,,,,
aceitei,aceitar,Fin,Ind,Past,1,Sing,,,
acompanha,acompanhar,Fin,Ind,Pres,3,Sing,,,
Acha,achar,Fin,Ind,Pres,3,Sing,,,
formada,formar,Part,,,,Sing,Fem,,
amplificou,amplificar,Fin,Ind,Past,3,Sing,,,
adiantaria,adiantar,Fin,Cnd,,3,Sing,,,
omitirem,omitir,Inf,,,3,Plur,,,
arrastados,arrastar,Part,,,,Plur,Masc,Pass,
adiantar,adiantar,Inf,,,,,,,
Vamos,ir,Fin,Ind,Pres,1,Plur,,,
empatar,empatar,Inf,,,,,,,
classificar,classificar,Inf,,,3,Sing,,,
desrespeitando,desrespeitar,Ger,,,,,,,
substituírem,substituir,Inf,,,3,Plur,,,
sentir,sentir,Inf,,,,,,,
voto,votar,Fin,Ind,Pres,1,Sing,,,
condena,condenar,Fin,Ind,Pres,3,Sing,,,
atingiram,atingir,Fin,Ind,Past,3,Plur,,,
aprova,aprovar,Fin,Ind,Pres,3,Sing,,,
decorre,decorrer,Fin,Ind,Pres,3,Sing,,,
descobrir,descobrir,Inf,,,,,,,
pagou,pagar,Fin,Ind,Past,3,Sing,,,
liberado,liberar,Part,,,,Sing,Masc,Pass,
permaneceu,permanecer,Fin,Ind,Past,3,Sing,,,
conectado,conectar,Part,,,,Sing,Masc,,
pareciam,parecer,Fin,Ind,Imp,3,Plur,,,
mora,morar,Fin,Ind,Pres,3,Sing,,,
Morando,morar,Ger,,,,,,,
sinto,sentir,Fin,Ind,Pres,1,Sing,,,
chegasse,chegar,Fin,Sub,Imp,3,Sing,,,
privilegiar,privilegiar,Inf,,,,,,,
realizada,realizar,Part,,,,Sing,Fem,Pass,
padece,padecer,Fin,Ind,Pres,3,Sing,,,
Analisado,analisar,Part,,,,Sing,Masc,,
levado,levar,Part,,,,Sing,Masc,,
consumar,consumar,Inf,,,,,,,
deseja,desejar,Fin,Ind,Pres,3,Sing,,,
podiam,poder,Fin,Ind,Imp,3,Plur,,,
dirigida,dirigir,Part,,,,Sing,Fem,Pass,
atraísse,atrair,Fin,Sub,Imp,3,Sing,,,
Cite,citar,Fin,Sub,Pres,3,Sing,,,
namorado,namorar,Part,,,,Sing,Masc,,
namoro,namorar,Fin,Ind,Pres,1,Sing,,,
cotado,cotar,Part,,,,Sing,Masc,,
elaborada,elaborar,Part,,,,Sing,Fem,Pass,
unir,unir,Inf,,,,,,,
abra,abrir,Fin,Sub,Pres,3,Sing,,,
passava,passar,Fin,Ind,Imp,1,Sing,,,AUX
apresentava,apresentar,Fin,Ind,Imp,3,Sing,,,
Ligue,ligar,Fin,Sub,Pres,3,Sing,,,
solte,soltar,Fin,Sub,Pres,3,Sing,,,
aguento,aguentar,Fin,Ind,Pres,1,Sing,,,
faço,fazer,Fin,Ind,Pres,1,Sing,,,
Devo,dever,Fin,Ind,Pres,1,Sing,,,
fingir,fingir,Inf,,,,,,,
enxergo,enxergar,Fin,Ind,Pres,1,Sing,,,
sento,sentar,Fin,Ind,Pres,1,Sing,,,
choro,chorar,Fin,Ind,Pres,1,Sing,,,
fascinado,fascinar,Part,,,,Sing,Masc,,
caminha,caminhar,Fin,Ind,Pres,3,Sing,,,
ameaça,ameaçar,Fin,Ind,Pres,3,Sing,,,
olha,olhar,Fin,Ind,Pres,3,Sing,,,
sairá,sair,Fin,Ind,Fut,3,Sing,,,
deixar,deixar,Fin,Sub,Fut,3,Sing,,,
chegará,chegar,Fin,Ind,Fut,3,Sing,,,
tiver,ter,Fin,Sub,Fut,3,Sing,,,
pinçado,pinçar,Part,,,,Sing,Masc,Pass,
lembrei,lembrar,Fin,Ind,Past,1,Sing,,,
acusadas,acusar,Part,,,,Plur,Fem,,
conspirarem,conspirar,Inf,,,3,Plur,,,
assassinar,assassinar,Inf,,,,,,,
morto,morrer,Part,,,,Sing,Masc,Pass,
sequestrou,sequestrar,Fin,Ind,Past,3,Sing,,,
violentou,violentar,Fin,Ind,Past,3,Sing,,,
sabia,saber,Fin,Ind,Imp,3,Sing,,,
previsto,prever,Part,,,,Sing,Masc,,
considerada,considerar,Part,,,,Sing,Fem,Pass,
estrelados,estrelar,Part,,,,Plur,Masc,,
trocados,trocar,Part,,,,Plur,Masc,Pass,
impresso,imprimir,Part,,,,Sing,Masc,,
acompanhada,acompanhar,Part,,,,Sing,Fem,,
assegurada,assegurar,Part,,,,Sing,Fem,,
permitiria,permitir,Fin,Cnd,,3,Sing,,,
admite,admitir,Fin,Ind,Pres,3,Sing,,,
baseia,basear,Fin,Ind,Pres,3,Sing,,,
sampleadas,samplear,Part,,,,Plur,Fem,,
pesadas,pesar,Part,,,,Plur,Fem,,
difere,diferir,Fin,Ind,Pres,3,Sing,,,
substituiu,substituir,Fin,Ind,Past,3,Sing,,,
sobrevivemos,sobreviver,Fin,Ind,Pres,1,Plur,,,
encontramos,encontrar,Fin,Ind,Pres,1,Plur,,,
derrubar,derrubar,Inf,,,,,,,
barrou,barrar,Fin,Ind,Past,3,Sing,,,
apoiou,apoiar,Fin,Ind,Past,3,Sing,,,
cedeu,ceder,Fin,Ind,Past,3,Sing,,,
concordou,concordar,Fin,Ind,Past,3,Sing,,,
registrado,registrar,Part,,,,Sing,Masc,,
fechados,fechar,Part,,,,Plur,Masc,Pass,
ligadas,ligar,Part,,,,Plur,Fem,,
converteram,converter,Fin,Ind,Past,3,Plur,,,
efetivadas,efetivar,Part,,,,Plur,Fem,Pass,
precisar,precisar,Fin,Sub,Fut,3,Sing,,,
cumprido,cumprir,Part,,,,Sing,Masc,Pass,
demitidos,demitir,Part,,,,Plur,Masc,Pass,
cheque,checar,Fin,Sub,Pres,3,Sing,,,
Participa,participar,Fin,Ind,Pres,3,Sing,,,
condicionada,condicionado,Part,,,,Sing,Fem,,
cuida,cuidar,Fin,Ind,Pres,3,Sing,,,
barrada,barrar,Part,,,,Sing,Fem,Pass,
barra,barrar,Fin,Ind,Pres,3,Sing,,,
recusado,recusar,Part,,,,Sing,Masc,Pass,
registrados,registrar,Part,,,,Plur,Masc,Pass,
montou,montar,Fin,Ind,Past,3,Sing,,,
informar,informar,Inf,,,,,,,
visitaram,visitar,Fin,Ind,Past,3,Plur,,,
Iniciado,iniciar,Part,,,,Sing,Masc,,
terminaria,terminar,Fin,Cnd,,3,Sing,,,
tirar,tirar,Inf,,,,,,,
publica,publicar,Fin,Ind,Pres,3,Sing,,,
criadas,criar,Part,,,,Plur,Fem,Pass,
facilitam,facilitar,Fin,Ind,Pres,3,Plur,,,
temperado,temperar,Part,,,,Sing,Masc,,
riscam,riscar,Fin,Ind,Pres,3,Plur,,,
utilizada,utilizar,Part,,,,Sing,Fem,Pass,
queimado,queimar,Part,,,,Sing,Masc,,
promete,prometer,Fin,Ind,Pres,3,Sing,,,
Fica,ficar,Fin,Ind,Pres,3,Sing,,,
dedica,dedicar,Fin,Ind,Pres,3,Sing,,,
evitado,evitar,Part,,,,,,,
aprovado,aprovar,Part,,,,Sing,Masc,Pass,
aplicar,aplicar,Inf,,,,,,,
defendido,defender,Part,,,,,,,
escolheu,escolher,Fin,Ind,Past,3,Sing,,,
ocupar,ocupar,Inf,,,,,,,
discutirá,discutir,Fin,Ind,Fut,3,Sing,,,
consultadas,consultar,Part,,,,Plur,Fem,Pass,
transferido,transferir,Part,,,,Sing,Masc,Pass,
Foram,ser,Fin,Ind,,3,Plur,,,
analisadas,analisar,Part,,,,Plur,Fem,,
sofrer,sofrer,Inf,,,,,,,
tem,ter,Fin,Ind,Pres,3,Sing,,,AUX
provocada,provocar,Part,,,,Sing,Fem,Pass,
abordo,abordar,Fin,Ind,Pres,1,Sing,,,
depender,depender,Fin,Sub,Fut,3,Sing,,,
envidraçado,envidraçar,Part,,,,Sing,Masc,,
administrar,administrar,Inf,,,,,,,
derrubou,derrubar,Fin,Ind,Past,3,Sing,,,
restringiam,restringir,Fin,Ind,Imp,3,Plur,,,
desiste,desistir,Fin,Ind,Pres,3,Sing,,,
vencida,vencer,Part,,,,Sing,Fem,Pass,
credenciados,credenciar,Part,,,,Plur,Masc,,
votar,votar,Inf,,,,,,,
inaugura,inaugurar,Fin,Ind,Pres,3,Sing,,,
marcada,marcar,Part,,,,Sing,Fem,Pass,
Espalhados,espalhar,Part,,,,Plur,Masc,,
planeja,planejar,Fin,Ind,Pres,3,Sing,,,
Preocupado,preocupar,Part,,,,Sing,Masc,,
acatou,acatar,Fin,Ind,Past,3,Sing,,,
submeteu,submeter,Fin,Ind,Past,3,Sing,,,
protagonizou,protagonizar,Fin,Ind,Past,3,Sing,,,
mortos,matar,Part,,,,Plur,Masc,Pass,
sai,sair,Fin,Ind,Pres,3,Sing,,,
rodado,rodar,Part,,,,Sing,Masc,,
coleciona,colecionar,Fin,Ind,Pres,3,Sing,,,
permanecerão,permanecer,Fin,Ind,Fut,3,Plur,,,
resultar,resultar,Fin,Sub,Fut,3,Sing,,,
pago,pagar,Part,,,,Sing,Masc,,
tratam,tratar,Fin,Ind,Pres,3,Plur,,,
convertidas,converter,Part,,,,Plur,Fem,,
pagos,pagar,Part,,,,Plur,Masc,,
atualizados,atualizar,Part,,,,Plur,Masc,Pass,
previstos,prever,Part,,,,Plur,Masc,,
termina,terminar,Fin,Ind,Pres,3,Sing,,,
detidos,deter,Part,,,,Plur,Masc,,
usando,usar,Ger,,,,,,,
acusados,acusar,Part,,,,Plur,Masc,Pass,
estuprar,estuprar,Inf,,,,,,,
confessado,confessar,Part,,,,Sing,Masc,,
tinha,ter,Fin,Ind,Imp,1,Sing,,,
impressionou,impressionar,Fin,Ind,Past,3,Sing,,,
Daria,dar,Fin,Cnd,,3,Sing,,,
conquistou,conquistar,Fin,Ind,Past,3,Sing,,,
empatou,empatar,Fin,Ind,Past,3,Sing,,,
determinado,determinar,Part,,,,Sing,Masc,,
adapte,adaptar,Fin,Sub,Pres,3,Sing,,,
estabelecendo,estabelecer,Ger,,,,,,,
Findo,findar,Part,,,,Sing,Masc,,
lançado,lançar,Part,,,,Sing,Masc,Pass,
votar,votar,Inf,,,3,Sing,,,
significa,significar,Fin,Ind,Pres,3,Sing,,,
protesta,protestar,Fin,Ind,Pres,3,Sing,,,
haverem,haver,Inf,,,3,Plur,,,
realizado,realizar,Part,,,,Sing,Masc,,
luta,lutar,Fin,Ind,Pres,3,Sing,,,
algemaram,algemar,Fin,Ind,,3,Plur,,,
anuncia,anunciar,Fin,Ind,Pres,3,Sing,,,
reverterá,reverter,Fin,Ind,Fut,3,Sing,,,
arrecadado,arrecadar,Part,,,,Sing,Masc,,
irá,ir,Fin,Ind,Fut,3,Sing,,,
organizada,organizar,Part,,,,Sing,Fem,Pass,
conferir,conferir,Inf,,,,,,,
reembalar,reembalar,Inf,,,,,,,
repassar,repassar,Inf,,,,,,,
permitiu,permitir,Fin,Ind,Past,3,Sing,,,
causado,causar,Part,,,,Sing,Masc,Pass,
abafaram,abafar,Fin,Ind,Imp,3,Plur,,,
expressas,esprimir,Part,,,,Plur,Fem,,
investigar,investigar,Inf,,,,,,,
acalmar,acalmar,Inf,,,,,,,
ignorou,ignorar,Fin,Ind,Past,3,Sing,,,
acusar,acusar,Inf,,,,,,,
gosto,gostar,Fin,Ind,Pres,1,Sing,,,
influenciado,influenciar,Part,,,,,,,
alega,alegar,Fin,Ind,Pres,3,Sing,,,
ratificar,ratificar,Inf,,,,,,,
publicado,publicar,Part,,,,Sing,Masc,Pass,
informa,informar,Fin,Ind,Pres,3,Sing,,,
ocupam,ocupar,Fin,Ind,Pres,3,Plur,,,
informam,informar,Fin,Ind,Pres,3,Plur,,,
restringem,restringir,Fin,Ind,Pres,3,Plur,,,
tentam,tentar,Fin,Ind,Pres,3,Plur,,,
forçadas,forçar,Part,,,,Plur,Fem,,
ocorrida,ocorrer,Part,,,,Sing,Fem,,
insatisfeitas,insatisfeito,Part,,,,Plur,Fem,,
resumindo,resumir,Ger,,,,,,,
preferem,preferir,Fin,Ind,Pres,3,Plur,,,
descrever,descrever,Inf,,,,,,,
agredida,agredir,Part,,,,Sing,Fem,Pass,
concorrido,concorrido,Part,,,,Sing,Masc,,
estacionar,estacionar,Inf,,,,,,,
conclamou,conclamar,Fin,Ind,Past,3,Sing,,,
transmitido,transmitir,Part,,,,Sing,Masc,,
quebrando,quebrar,Ger,,,,,,,
selecionou,selecionar,Fin,Ind,Past,3,Sing,,,
selecionados,selecionar,Part,,,,Plur,Masc,Pass,
temem,temer,Fin,Ind,Pres,3,Plur,,,
tratava,tratar,Fin,Ind,Imp,3,Sing,,,
cita,citar,Fin,Ind,Pres,3,Sing,,,
atuado,atuar,Part,,,,,,,
ocupadas,ocupar,Part,,,,Plur,Fem,,
reabilitados,reabilitar,Part,,,,Plur,Masc,Pass,
viraram,virar,Fin,Ind,Past,3,Plur,,,
jogar,jogar,Inf,,,3,Sing,,,
auxiliam,auxiliar,Fin,Ind,Pres,3,Plur,,,
desagrada,desagradar,Fin,Ind,Pres,3,Sing,,,
esperam,esperar,Fin,Ind,Pres,3,Plur,,,
conveniada,conveniar,Part,,,,Sing,Fem,,
fixará,fixar,Fin,Ind,Fut,3,Sing,,,
acordada,acordar,Part,,,,Sing,Fem,,
debitarão,debitar,Fin,Ind,Fut,3,Plur,,,
creditarão,creditar,Fin,Ind,Pres,3,Plur,,,
dominado,dominar,Part,,,,Sing,Masc,Pass,
chegaram,chegar,Fin,Ind,Past,3,Plur,,,AUX
ditas,dizer,Part,,,,Plur,Fem,Pass,
resumem,resumir,Fin,Ind,Pres,3,Plur,,,
basta,bastar,Fin,Ind,Pres,3,Sing,,,
concentrou,concentrar,Fin,Ind,Past,3,Sing,,,
Entenda,entender,Fin,Sub,Pres,3,Sing,,,
abandonados,abandonar,Part,,,,Plur,Masc,Pass,
definida,definir,Part,,,,Sing,Fem,Pass,
reavaliam,reavaliar,Fin,Ind,Pres,3,Plur,,,
investiu,investir,Fin,Ind,Past,3,Sing,,,
faria,fazer,Fin,Cnd,,3,Sing,,,
assistiu,assistir,Fin,Ind,Past,3,Sing,,,
Elogiou,elogiar,Fin,Ind,Past,3,Sing,,,
morou,morar,Fin,Ind,Past,3,Sing,,,
acumulara,acumular,Fin,Ind,Pqp,3,Sing,,,
retornar,retornar,Inf,,,,,,,
distingue,distinguir,Fin,Ind,Pres,3,Sing,,,
Pertence,pertencer,Fin,Ind,Pres,3,Sing,,,
zerou,zerar,Fin,Ind,Past,3,Sing,,,
usados,usar,Part,,,,Plur,Masc,Pass,
libera,liberar,Fin,Ind,Pres,3,Sing,,,
desinterditou,desinterditar,Fin,Ind,Past,3,Sing,,,
Continuam,continuar,Fin,Ind,Pres,3,Plur,,,
interditados,interditar,Part,,,,Plur,Masc,,
verificada,verificar,Part,,,,Sing,Fem,,
registraram,registrar,Fin,Ind,Past,3,Plur,,,
pedia,pedir,Fin,Ind,Imp,3,Sing,,,
Podemos,poder,Fin,Ind,Pres,1,Plur,,,
dormir,dormir,Inf,,,,,,,
Dão,dar,Fin,Ind,Pres,3,Plur,,,
dependendo,depender,Ger,,,,,,,
conseguir,conseguir,Fin,Sub,Fut,3,Sing,,,
experimentar,experimentar,Inf,,,,,,,
varia,variar,Fin,Ind,Pres,3,Sing,,,
grelhados,grelhar,Part,,,,Plur,Masc,,
desamparada,desamparar,Part,,,,Sing,Fem,,
buscada,buscar,Part,,,,Sing,Fem,Pass,
reclamava,reclamar,Fin,Ind,Imp,3,Sing,,,
escreveram,escrever,Fin,Ind,Past,3,Plur,,,
recomendo,recomendar,Fin,Ind,Pres,1,Sing,,,
demandar,demandar,Inf,,,,,,,
Querem,querer,Fin,Ind,Pres,3,Plur,,,
arrecadados,arrecadar,Part,,,,Plur,Masc,,
transferidas,transferir,Part,,,,Plur,Fem,,
deixa,deixar,Fin,Ind,Pres,3,Sing,,,AUX
produz,produzir,Fin,Ind,Pres,3,Sing,,,
aumentou,aumentar,Fin,Ind,Past,3,Sing,,,
atribuído,atribuir,Part,,,,Sing,Masc,Pass,
pulou,pular,Fin,Ind,Past,3,Sing,,,
espere,esperar,Fin,Sub,Pres,3,Sing,,,
iniciar,iniciar,Inf,,,,,,,
participa,participar,Fin,Ind,Pres,3,Sing,,,
incrementado,incrementar,Part,,,,Sing,Masc,Pass,
recupere,recuperar,Fin,Sub,Pres,3,Sing,,,
registrado,registrar,Part,,,,Sing,Masc,Pass,
movimentaram,movimentar,Fin,Ind,Past,3,Plur,,,
apreciadas,apreciar,Part,,,,Plur,Fem,Pass,
cala,calar,Fin,Ind,Pres,3,Sing,,,
inscreveu,inscrever,Fin,Ind,Past,3,Sing,,,
denominaram,denominar,Fin,Ind,Past,3,Plur,,,
escalou,escalar,Fin,Ind,Past,3,Sing,,,
optou,optar,Fin,Ind,Past,3,Sing,,,
confrontar,confrontar,Inf,,,,,,,
privilegiam,privilegiar,Fin,Ind,Pres,3,Plur,,,
congestionando,congestionar,Ger,,,,,,,
confere,conferir,Fin,Ind,Pres,3,Sing,,,
composto,compor,Part,,,,Sing,Masc,Pass,
residia,residir,Fin,Ind,Imp,3,Sing,,,
traduzia,traduzir,Fin,Ind,Imp,3,Sing,,,
conspirava,conspirar,Fin,Ind,Imp,3,Sing,,,
pusesse,pôr,Fin,Sub,Imp,3,Sing,,,
revelasse,revelar,Fin,Sub,Imp,3,Sing,,,
renunciar,renunciar,Inf,,,,,,,
cassar,cassar,Inf,,,,,,,
cometa,cometer,Fin,Sub,Pres,3,Sing,,,
governar,governar,Inf,,,,,,,
retidas,reter,Part,,,,Plur,Fem,,
retidos,reter,Part,,,,Plur,Masc,,
Sei,saber,Fin,Ind,Pres,1,Sing,,,
Procure,procurar,Fin,Sub,Pres,3,Sing,,,
entrega,entregar,Fin,Ind,Pres,3,Sing,,,
medir,medir,Inf,,,,,,,
mede,medir,Fin,Ind,Pres,3,Sing,,,
enxergando,enxergar,Ger,,,,,,,
percorrendo,percorrer,Ger,,,,,,,
desconhecer,desconhecer,Inf,,,,,,,
conseguirão,conseguir,Fin,Ind,Fut,3,Plur,,,
efetivar,efetivar,Inf,,,,,,,
garantir,garantir,Inf,,,,,,,
haviam,haver,Fin,Ind,Imp,3,Plur,,,
desfrutado,desfrutar,Part,,,,Sing,Masc,,
asseguram,assegurar,Fin,Ind,Pres,3,Plur,,,
dura,durar,Fin,Ind,Pres,3,Sing,,,
contribui,contribuir,Fin,Ind,Pres,3,Sing,,,
escrevendo,escrever,Ger,,,,,,,
critica,criticar,Fin,Ind,Pres,3,Sing,,,
irritada,irritar,Part,,,,Sing,Fem,,
dispensada,dispensar,Part,,,,Sing,Fem,Pass,
socorrido,socorrer,Part,,,,Sing,Masc,Pass,
ENCONTRAR,encontrar,Fin,Sub,Fut,3,Sing,,,
virou,virar,Fin,Ind,Past,3,Sing,,,
voltada,voltar,Part,,,,Sing,Fem,,
buscar,buscar,Inf,,,,,,,
concluindo,concluir,Ger,,,,,,,
criticar,criticar,Inf,,,,,,,
têm,ter,Fin,Ind,Pres,3,Plur,,,AUX
reciclar,reciclar,Inf,,,,,,,
sabemos,saber,Fin,Ind,Pres,1,Plur,,,
esperamos,esperar,Fin,Ind,Pres,1,Plur,,,
continue,continuar,Fin,Sub,Pres,3,Sing,,,AUX
criaram,criar,Fin,Ind,Past,3,Plur,,,
mostradas,mostrar,Part,,,,Plur,Fem,Pass,
Cresce,crescer,Fin,Ind,Pres,3,Sing,,,
movimentam,movimentar,Fin,Ind,Pres,3,Plur,,,
agitado,agitar,Part,,,,Sing,Masc,,
movimentou,movimentar,Fin,Ind,Past,3,Sing,,,
trabalhou,trabalhar,Fin,Ind,Past,3,Sing,,,
operou,operar,Fin,Ind,Past,3,Sing,,,
desapareceram,desaparecer,Fin,Ind,Past,3,Plur,,,
contabilizar,contabilizar,Inf,,,,,,,
ganharam,ganhar,Fin,Ind,Past,3,Plur,,,
continuam,continuar,Fin,Ind,Pres,3,Plur,,,
tramitando,tramitar,Ger,,,,,,,
cotado,cotar,Part,,,,Sing,Masc,Pass,
Procurando,procurar,Ger,,,,,,,
Aposto,apostar,Fin,Ind,Pres,1,Sing,,,
convive,conviver,Fin,Ind,Pres,3,Sing,,,
Voando,voar,Ger,,,,,,,
testando,testar,Ger,,,,,,,
falar,falar,Fin,Sub,Fut,3,Sing,,,
Assinaram,assinar,Fin,Ind,Past,3,Plur,,,
visitados,visitar,Part,,,,Plur,Masc,,
exigir,exigir,Inf,,,,,,,
dissera,dizer,Fin,Ind,Imp,3,Sing,,,
abandonasse,abandonar,Fin,Sub,Imp,3,Sing,,,
continuará,continuar,Fin,Ind,Fut,3,Sing,,,
espelhando,espelhar,Ger,,,,,,,
usamos,usar,Fin,Ind,Pres,1,Plur,,,
eliminar,eliminar,Inf,,,,,,,
durou,durar,Fin,Ind,Past,3,Sing,,,
aplicada,aplicar,Part,,,,Sing,Fem,,
supera,superar,Fin,Ind,Pres,3,Sing,,,
realizados,realizar,Part,,,,Plur,Masc,,
apresentadas,apresentar,Part,,,,Plur,Fem,Pass,
obrigou,obrigar,Fin,Ind,Past,3,Sing,,,
acertar,acertar,Inf,,,,,,,
garantiram,garantir,Fin,Ind,Past,3,Plur,,,
expirou,expirar,Fin,Ind,Past,3,Sing,,,
renovado,renovar,Part,,,,Sing,Masc,Pass,
cobre,cobrir,Fin,Ind,Pres,3,Sing,,,
deterioraram,deteriorar,Fin,Ind,Past,3,Plur,,,
cerca,cercar,Fin,Ind,Pres,3,Plur,,,
confirmada,confirmar,Part,,,,Sing,Fem,,
atribuem,atribuir,Fin,Ind,Pres,3,Plur,,,
afastadas,afastar,Part,,,,Plur,Fem,,
descartada,descartar,Part,,,,Sing,Fem,,
afastada,afastar,Part,,,,Sing,Fem,,
abrindo,abrir,Ger,,,,,,,
comece,começar,Fin,Sub,Pres,3,Sing,,,AUX
deslanchar,deslanchar,Inf,,,,,,,
acate,acatar,Fin,Sub,Pres,3,Sing,,,
apresentada,apresentar,Part,,,,Sing,Fem,Pass,
renuncie,renunciar,Fin,Sub,Pres,3,Sing,,,
demorada,demorar,Part,,,,Sing,Fem,,
oferecendo,oferecer,Ger,,,,,,,
conectar,conectar,Inf,,,,,,,
contando,contar,Ger,,,,,,,
espalhados,espalhar,Part,,,,Plur,Masc,,
procurados,procurar,Part,,,,Plur,Masc,,
disponibilizando,disponibilizar,Ger,,,,,,,
completar,completar,Inf,,,,,,,
adulterou,adulterar,Fin,Ind,Past,3,Sing,,,
satisfazer,satisfazer,Inf,,,,,,,
afirmaram,afirmar,Fin,Ind,Past,3,Plur,,,
publicado,publicar,Part,,,,Sing,Masc,,
afirmam,afirmar,Fin,Ind,Pres,3,Plur,,,
ascendem,ascender,Fin,Ind,Pres,3,Plur,,,
use,usar,Fin,Sub,Pres,3,Sing,,,
idolatra,idolatrar,Fin,Ind,Pres,3,Sing,,,
Adaptado,adaptar,Part,,,,Sing,Masc,,
atrasar,atrasar,Inf,,,,,,,
respeitando,respeitar,Ger,,,,,,,
mudará,mudar,Fin,Ind,Fut,3,Sing,,,
tivesse,ter,Fin,Sub,Imp,3,Sing,,,
atrasados,atrasar,Part,,,,Plur,Masc,Pass,
continuarão,continuar,Fin,Ind,Fut,3,Plur,,,AUX
fechando,fechar,Ger,,,,,,,
afetado,afetar,Part,,,,Sing,Masc,Pass,
pagarem,pagar,Inf,,,3,Plur,,,
atravesso,atravessar,Fin,Ind,Pres,1,Sing,,,
chego,chegar,Fin,Ind,Pres,1,Sing,,,
Apoiada,apoiar,Part,,,,Sing,Fem,,
levantado,levantar,Part,,,,Sing,Masc,,
concentrado,concentrar,Part,,,,Sing,Masc,,
personificava,personificar,Fin,Ind,Imp,3,Sing,,,
situado,situar,Part,,,,Sing,Masc,,
transformada,transformar,Part,,,,Sing,Fem,Pass,
reverencia,reverenciar,Fin,Ind,Pres,3,Sing,,,
recordo,recordar,Fin,Ind,Pres,1,Sing,,,
vividas,viver,Part,,,,Plur,Fem,,
aprendi,aprender,Fin,Ind,Past,1,Sing,,,
ensinou,ensinar,Fin,Ind,Past,3,Sing,,,
constrói,construir,Fin,Ind,Pres,3,Sing,,,
reinaugura,reinaugurar,Fin,Ind,Pres,3,Sing,,,
restaurado,restaurar,Part,,,,Sing,Masc,Pass,
lançada,lançar,Part,,,,Sing,Fem,Pass,
encolhendo,encolher,Ger,,,,,,,
comeu,começar,Fin,Ind,Past,3,Sing,,,AUX
conceituado,conceituado,Part,,,,Sing,Masc,,
importados,importar,Part,,,,Plur,Masc,Pass,
multado,multar,Part,,,,Sing,Masc,Pass,
sonegados,sonegar,Part,,,,Plur,Masc,,
superam,superar,Fin,Ind,Pres,3,Plur,,,
escolherá,escolher,Fin,Ind,Fut,3,Sing,,,
representar,representar,Inf,,,,,,,
saindo,sair,Ger,,,,,,,
Criticou,criticar,Fin,Ind,Past,3,Sing,,,
respeitado,respeitar,Part,,,,Sing,Masc,,
Acrescenta,acrescentar,Fin,Ind,Pres,3,Sing,,,
diferenciados,diferenciar,Part,,,,Plur,Masc,,
dividiu,dividir,Fin,Ind,Past,3,Sing,,,
estrelou,estrelar,Fin,Ind,Past,3,Sing,,,
viaja,viajar,Fin,Ind,Pres,3,Sing,,,
restabeleceu,restabelecer,Fin,Ind,Past,3,Sing,,,
atrai,atrair,Fin,Ind,Pres,3,Sing,,,
declaram,declarar,Fin,Ind,Pres,3,Plur,,,
aterrissar,aterrissar,Inf,,,,,,,
causando,causar,Ger,,,,,,,
preferirem,preferir,Inf,Sub,Fut,3,Plur,,,
preparado,preparar,Part,,,,Sing,Masc,,
inugurada,inaugurar,Part,,,,Sing,Fem,Pass,
emprega,empregar,Fin,Ind,Pres,3,Sing,,,
arruma,arrumar,Fin,Ind,Pres,3,Sing,,,
decidiu,decidir,Fin,Ind,Past,3,Sing,,,
compõem,compor,Fin,Ind,Pres,3,Plur,,,
Parecia,parecer,Fin,Ind,Imp,3,Sing,,,
empataram,empatar,Fin,Ind,Past,3,Plur,,,
Adoro,adorar,Fin,Ind,Pres,1,Sing,,,
oferecidos,oferecer,Part,,,,Plur,Masc,,
manifestava,manifestar,Fin,Ind,Imp,3,Sing,,,
extinta,extinguir,Part,,,,Sing,Fem,,
adiada,adiar,Part,,,,Sing,Fem,Pass,
preservada,preservar,Part,,,,Sing,Fem,Pass,
voltaram,voltar,Fin,Ind,Past,3,Plur,,,AUX
destinado,destinar,Part,,,,Sing,Masc,,
candidatos,candidatar,Part,,,,Plur,Masc,,
figuram,figurar,Fin,Ind,Pres,3,Plur,,,
incluem,incluir,Fin,Ind,Pres,3,Plur,,,
marcar,marcar,Inf,,,,,,,
avançaram,avançar,Fin,Ind,Past,3,Plur,,,
neutralizaram,neutralizar,Fin,Ind,Past,3,Plur,,,
arriscou,arriscar,Fin,Ind,Past,3,Sing,,,
estuda,estudar,Fin,Ind,Pres,3,Sing,,,
emitidos,emitir,Part,,,,Plur,Masc,Pass,
propostos,propor,Part,,,,Plur,Masc,Pass,
começo,começar,Fin,Ind,Pres,1,Sing,,,
acostumados,acostumado,Part,,,,Plur,Masc,,
vencer,vencer,Inf,,,3,Sing,,,
arrasou,arrasar,Fin,Ind,Past,3,Sing,,,
Tinha,ter,Fin,Ind,Imp,1,Sing,,,
marcado,marcar,Part,,,,Sing,Masc,,
imaginava,imaginar,Fin,Ind,Imp,1,Sing,,,
Dá,dar,Fin,Ind,Pres,3,Sing,,,
desconfiar,desconfiar,Inf,,,,,,,
publicadas,publicar,Part,,,,Plur,Fem,Pass,
verificado,verificar,Part,,,,,,,
separar,separar,Inf,,,,,,,
entrevistado,entrevistar,Part,,,,Sing,Masc,,
ouvidos,ouvir,Part,,,,Plur,Masc,,
grifar,grifar,Inf,,,,,,,
Começa,começar,Fin,Ind,Pres,3,Sing,,,
estimam,estimar,Fin,Ind,Pres,3,Plur,,,
aberta,abrir,Part,,,,Sing,Fem,Pass,
corrige,corrigir,Fin,Ind,Pres,3,Sing,,,
valerá,valer,Fin,Ind,Fut,3,Sing,,,
sairão,sair,Fin,Ind,Fut,3,Plur,,,
Será,ser,Fin,Ind,Fut,3,Sing,,,
lançado,lançar,Part,,,,Sing,Masc,,
fará,fazer,Fin,Ind,Fut,3,Sing,,,
limitam,limitar,Fin,Ind,Pres,3,Plur,,,
LIGADA,ligar,Part,,,,Sing,Fem,,
SUBMETERÁ,submeter,Fin,Ind,Fut,3,Sing,,,
relacionado,relacionar,Part,,,,Sing,Masc,,
separou,separar,Fin,Ind,Past,3,Sing,,,
Senti,sentir,Fin,Ind,Past,1,Sing,,,
decidi,decidir,Fin,Ind,Past,1,Sing,,,
farei,fazer,Fin,Ind,Fut,1,Sing,,,
seguiu,seguir,Fin,Ind,Past,3,Sing,,,
descansar,descansar,Inf,,,,,,,
repetiu,repetir,Fin,Ind,Past,3,Sing,,,
ventilado,ventilar,Part,,,,Sing,Masc,,
invertido,inverter,Part,,,,Sing,Masc,,
apura,apurar,Fin,Ind,Pres,3,Sing,,,
denunciados,denunciar,Part,,,,Plur,Masc,Pass,
invadiu,invadir,Fin,Ind,Past,3,Sing,,,
rotulados,rotular,Part,,,,Plur,Masc,Pass,
expedirão,expedir,Fin,Ind,Fut,3,Plur,,,
expor,expor,Inf,,,,,,,
reservado,reservar,Part,,,,Sing,Masc,,
lotar,lotar,Inf,,,,,,,
fechar,fechar,Inf,,,,,,,
ficarem,ficar,Inf,,,3,Plur,,,
grudados,grudado,Part,,,,Plur,Masc,,
equipado,equipar,Part,,,,Sing,Masc,,
exigiam,exigir,Fin,Ind,Imp,3,Plur,,,
tirasse,tirar,Fin,Sub,Imp,3,Sing,,,
mandar,mandar,Inf,,,,,,,
reservar,reservar,Inf,,,,,,,
acessar,acessar,Inf,,,,,,,
casar,casar,Inf,,,,,,,
vieram,vir,Fin,Ind,Past,3,Plur,,,
desenvolvendo,desenvolver,Ger,,,,,,,
promovem,promover,Fin,Ind,Pres,3,Plur,,,
apaixonado,apaixonar,Part,,,,Sing,Masc,,
sorriu,sorrir,Fin,Ind,Past,3,Sing,,,
atrapalhando,atrapalhar,Ger,,,,,,,
publicados,publicar,Part,,,,Plur,Masc,,
consiga,conseguir,Fin,Sub,Pres,3,Sing,,,
adaptar,adaptar,Inf,,,,,,,
lança,lançar,Fin,Ind,Pres,3,Sing,,,
suicida,suicidar,Fin,Ind,Pres,3,Sing,,,
suicidou,suicidar,Fin,Ind,Past,3,Sing,,,
venceu,vencer,Fin,Ind,Past,3,Sing,,,
chocou,chocar,Fin,Ind,Past,3,Sing,,,
possibilitou,possibilitar,Fin,Ind,Past,3,Sing,,,
enfia,enfiar,Fin,Ind,Pres,3,Sing,,,
rodando,rodar,Ger,,,,,,,
cobrindo,cobrir,Ger,,,,,,,
realizadas,realizar,Part,,,,Plur,Fem,,
Brigada,brigar,Part,,,,Sing,Fem,,
esperado,esperar,Part,,,,Sing,Masc,,
Ganhou,ganhar,Fin,Ind,Past,3,Sing,,,
estourar,estourar,Inf,,,3,Sing,,,
TERMINA,terminar,Fin,Ind,Pres,3,Sing,,,
PROMOVE,promover,Fin,Ind,Pres,3,Sing,,,
correu,correr,Fin,Ind,Past,3,Sing,,,
implantadas,implantar,Part,,,,Plur,Fem,,
disputará,disputar,Fin,Ind,Fut,3,Sing,,,
posou,posar,Fin,Ind,Past,3,Sing,,,
rompem,romper,Fin,Ind,Pres,3,Plur,,,
desmaiarem,desmaiar,Inf,,,3,Plur,,,
demonstrou,demonstrar,Fin,Ind,Past,3,Sing,,,
afetada,afetar,Part,,,,Sing,Fem,,
impedem,impedir,Fin,Ind,Pres,3,Plur,,,
ressalvou,ressalvar,Fin,Ind,Past,3,Sing,,,
conhecia,conhecer,Fin,Ind,Imp,3,Sing,,,
instituiu,instituir,Fin,Ind,Past,3,Sing,,,
contrariem,contrariar,Fin,Sub,Pres,3,Plur,,,
Falando,falar,Ger,,,,,,,
decidido,decidir,Part,,,,Sing,Masc,,
acontecido,acontecer,Part,,,,,,,
evitou,evitar,Fin,Ind,Past,3,Sing,,,
determinados,determinar,Part,,,,Plur,Masc,,
conversado,conversar,Part,,,,Sing,Masc,,
festejam,festejar,Fin,Ind,Pres,3,Plur,,,
aceleramos,acelerar,Fin,Ind,Pres,1,Plur,,,
começamos,começar,Fin,Ind,Pres,1,Plur,,,
começamos,começar,Fin,Ind,Past,1,Plur,,,
introduzir,introduzir,Inf,,,,,,,
desmontando,desmontar,Ger,,,,,,,
definidos,definir,Part,,,,Plur,Masc,,
cadastrados,cadastrar,Part,,,,Plur,Masc,,
consumiam,consumir,Fin,Ind,Imp,3,Plur,,,
representavam,representar,Fin,Ind,Imp,3,Plur,,,
internado,internar,Part,,,,Sing,Masc,,
rever,rever,Inf,,,,,,,
mantiveram,manter,Fin,Ind,Past,3,Plur,,,
indiscriminada,indiscriminado,Part,,,,Sing,Fem,,
projetado,projetar,Part,,,,Sing,Masc,,
revista,rever,Part,,,,Sing,Fem,,
melhorada,melhorar,Part,,,,Sing,Fem,,
aceito,aceitar,Fin,Ind,Pres,1,Sing,,,
reconstruída,reconstruir,Part,,,,Sing,Fem,Pass,
tombada,tombar,Part,,,,Sing,Fem,,
modifica,modificar,Fin,Ind,Pres,3,Sing,,,
fundamenta,fundamentar,Fin,Ind,Pres,3,Sing,,,
notificada,notificar,Part,,,,Sing,Fem,Pass,
vem,vir,Fin,Ind,Pres,3,Sing,,,AUX
bastam,bastar,Fin,Ind,Pres,3,Plur,,,
demonstrar,demonstrar,Inf,,,3,Sing,,,
significará,significar,Fin,Ind,Fut,3,Sing,,,
apresento,apresentar,Fin,Ind,Pres,1,Sing,,,
fundamentam,fundamentar,Fin,Ind,Pres,3,Plur,,,
trate,tratar,Fin,Sub,Pres,3,Sing,,,
comprovar,comprovar,Inf,,,,,,,
furado,furado,Part,,,,Sing,Masc,,
PERCORRE,percorrer,Fin,Ind,Pres,3,Sing,,,
desembarcar,desembarcar,Inf,,,,,,,
troque,trocar,Fin,Sub,Pres,3,Sing,,,
esqueça,esquecer,Fin,Sub,Pres,3,Sing,,,
usado,usar,Part,,,,Sing,Masc,Pass,
Existem,existir,Fin,Ind,Pres,3,Plur,,,
burlar,burlar,Inf,,,,,,,
fique,ficar,Fin,Sub,Pres,3,Sing,,,
reajustados,reajustar,Part,,,,Plur,Masc,Pass,
alugam,alugar,Fin,Ind,Pres,3,Plur,,,
adiantado,adiantar,Part,,,,Sing,Masc,,
avalia,avaliar,Fin,Ind,Pres,3,Sing,,,
cresceram,crescer,Fin,Ind,Past,3,Plur,,,
desculpado,desculpar,Part,,,,,,,
comparecido,comparecer,Part,,,,Sing,Masc,,
interessa,interessar,Fin,Ind,Pres,3,Sing,,,
Lidamos,lidar,Fin,Ind,Pres,1,Plur,,,
precipitado,precipitar,Part,,,,Sing,Masc,Pass,
tiraram,tirar,Fin,Ind,Past,3,Plur,,,
receber,receber,Inf,,,3,Sing,,,
rejeita,rejeitar,Fin,Ind,Pres,3,Sing,,,
enlatado,enlatar,Part,,,,Sing,Masc,,
enlatada,enlatar,Part,,,,Sing,Fem,,
desprovida,desprover,Part,,,,Sing,Fem,,
pagando,pagar,Ger,,,,,,,
recuaram,recuar,Fin,Ind,Past,3,Plur,,,
pesquisado,pesquisar,Part,,,,Sing,Masc,Pass,
formular,formular,Inf,,,,,,,
possibilitem,possibilitar,Fin,Sub,Pres,3,Plur,,,
negociou,negociar,Fin,Ind,Past,3,Sing,,,
combate,combater,Fin,Ind,Pres,3,Sing,,,
concluem,concluir,Fin,Ind,Pres,3,Plur,,,
usada,usar,Part,,,,Sing,Fem,,
inalada,inalar,Part,,,,Sing,Fem,Pass,
prolongada,prolongar,Part,,,,Sing,Fem,,
lutar,lutar,Inf,,,,,,,
emprestou,emprestar,Fin,Ind,Past,3,Sing,,,
compensado,compensar,Part,,,,Sing,Masc,Pass,
ultrapassaram,ultrapassar,Fin,Ind,Past,3,Plur,,,
ajudam,ajudar,Fin,Ind,Pres,3,Plur,,,
atrair,atrair,Inf,,,,,,,
comprando,comprar,Ger,,,,,,,
acelerar,acelerar,Inf,,,,,,,
descola,descolar,Fin,Ind,Pres,3,Sing,,,
socorrer,socorrer,Inf,,,,,,,
subsidiados,subsidiar,Part,,,,Plur,Masc,,
divulga,divulgar,Fin,Ind,Pres,3,Sing,,,
pagarão,pagar,Fin,Ind,Fut,3,Plur,,,
resistir,resistir,Inf,,,,,,,
zoneando,zonear,Ger,,,,,,,
coordenado,coordenar,Part,,,,Sing,Masc,Pass,
construído,construir,Part,,,,Sing,Masc,,
doou,doar,Fin,Ind,Past,3,Sing,,,
fazer,fazer,Inf,,,3,Sing,,,
aconteça,acontecer,Fin,Sub,Pres,3,Sing,,,
usará,usar,Fin,Ind,Fut,3,Sing,,,
Confira,conferir,Fin,Sub,Pres,3,Sing,,,
comparar,comparar,Inf,,,,,,,
Vale,valer,Fin,Ind,Pres,3,Sing,,,
conferir,conferir,Inf,,,3,Sing,,,
ameaçada,ameaçar,Part,,,,Sing,Fem,Pass,
ordenou,ordenar,Fin,Ind,Past,3,Sing,,,
prevenir,prevenir,Inf,,,,,,,
informando,informar,Ger,,,,,,,
sofreria,sofrer,Fin,Cnd,,3,Sing,,,
aguardava,aguardar,Fin,Ind,Imp,3,Sing,,,
procedem,proceder,Fin,Ind,Pres,3,Plur,,,
venderam,vender,Fin,Ind,Past,3,Plur,,,
arrematada,arrematar,Part,,,,Sing,Fem,Pass,
permitido,permitir,Part,,,,Sing,Masc,Pass,
jurar,jurar,Inf,,,,,,,
PAGAR,pagar,Inf,,,,,,,
aprove,aprovar,Fin,Sub,Pres,3,Sing,,,
recolhem,recolher,Fin,Ind,Pres,3,Plur,,,
elevar,elevar,Inf,,,,,,,
pertencem,pertencer,Fin,Ind,Pres,3,Plur,,,
cairá,cair,Fin,Ind,Fut,3,Sing,,,
oferecer,oferecer,Fin,Sub,Fut,3,Sing,,,
Prevê,prever,Fin,Ind,Pres,3,Sing,,,
voltar,voltar,Fin,Sub,Fut,3,Sing,,,
passado,passar,Part,,,,,,,
Vim,vir,Fin,Ind,Past,1,Sing,,,
seguido,seguir,Part,,,,,,,
Perguntado,perguntar,Part,,,,Sing,Masc,,
ironizou,ironizar,Fin,Ind,Past,3,Sing,,,
dito,dizer,Part,,,,,,,
opta,optar,Fin,Ind,Pres,3,Sing,,,
permanece,permanecer,Fin,Ind,Pres,3,Sing,,,
revelava,revelar,Fin,Ind,Imp,3,Sing,,,
decepciona,decepcionar,Fin,Ind,Pres,3,Sing,,,
pareça,parecer,Fin,Sub,Pres,3,Sing,,,
empenhar,empenhar,Inf,,,3,Sing,,,
anulou,anular,Fin,Ind,Past,3,Sing,,,
preenchidos,preencher,Part,,,,Plur,Masc,,
anuladas,anular,Part,,,,Plur,Fem,Pass,
Chutando,chutar,Ger,,,,,,,
hospedado,hospedar,Part,,,,Sing,Masc,,
Afirma,afirmar,Fin,Ind,Pres,3,Sing,,,
analisados,analisar,Part,,,,Plur,Masc,Pass,
dizer,dizer,Inf,,,3,Sing,,,
sinalizado,sinalizar,Part,,,,Sing,Masc,,
apropriado,apropriar,Part,,,,Sing,Masc,,
adaptados,adaptar,Part,,,,Plur,Masc,Pass,
realizar,realizar,Fin,Sub,Fut,3,Sing,,,
chamados,chamar,Part,,,,Plur,Masc,,
determinada,determinar,Part,,,,Sing,Fem,,
representado,representar,Part,,,,Sing,Masc,,
retardou,retardar,Fin,Ind,Past,3,Sing,,,
pensando,pensar,Ger,,,,,,,
disputado,disputar,Part,,,,Sing,Masc,Pass,
retoma,retomar,Fin,Ind,Pres,3,Sing,,,
perguntar,perguntar,Inf,,,,,,,
limpo,limpar,Part,,,,Sing,Masc,,
precisamos,precisar,Fin,Ind,Pres,1,Plur,,,
trazemos,trazer,Fin,Ind,Pres,1,Plur,,,
cruzadas,cruzar,Part,,,,Plur,Fem,,
ingerem,ingerir,Fin,Ind,Pres,3,Plur,,,
digerem,digerir,Fin,Ind,Pres,3,Plur,,,
investidos,investir,Part,,,,Plur,Masc,Pass,
alteram,alterar,Fin,Ind,Pres,3,Plur,,,
comem,comer,Fin,Ind,Pres,3,Plur,,,
entrevistou,entrevistar,Fin,Ind,Past,3,Sing,,,
Observou,observar,Fin,Ind,Past,3,Sing,,,
almoçam,almoçar,Fin,Ind,Pres,3,Plur,,,
amassado,amassado,Part,,,,Sing,Masc,,
interferir,interferir,Inf,,,,,,,
consome,consumir,Fin,Ind,Pres,3,Sing,,,
Multiplique,multiplicar,Fin,Sub,Pres,3,Sing,,,
some,sumir,Fin,Ind,Pres,3,Sing,,,
ficaria,ficar,Fin,Cnd,,3,Sing,,,
agendada,agendar,Part,,,,Sing,Fem,,
instala,instalar,Fin,Ind,Pres,3,Sing,,,
precisaram,precisar,Fin,Ind,Past,3,Plur,,,
renegociados,renegociar,Part,,,,Plur,Masc,Pass,
alcançou,alcançar,Fin,Ind,Past,3,Sing,,,
registram,registrar,Fin,Ind,Pres,3,Plur,,,
ocorrido,ocorrer,Part,,,,Sing,Masc,,
chocaram,chocar,Fin,Ind,Past,3,Plur,,,
viajavam,viajar,Fin,Ind,Imp,3,Plur,,,
vendendo,vender,Ger,,,,,,,
vende,vender,Fin,Ind,Pres,3,Sing,,,
negociado,negociar,Part,,,,Sing,Masc,Pass,
cair,cair,Fin,Sub,Fut,3,Sing,,,
profere,proferir,Fin,Ind,Pres,3,Sing,,,
escuta,escutar,Fin,Ind,Pres,3,Sing,,,
celebrava,celebrar,Fin,Ind,Imp,3,Sing,,,
caracteriza,caracterizar,Fin,Ind,Pres,3,Sing,,,
acrescentava,acrescentar,Fin,Ind,Imp,3,Sing,,,
definido,definir,Part,,,,Sing,Masc,Pass,
enfrentamos,enfrentar,Fin,Ind,Pres,1,Plur,,,
Vai,ir,Fin,Ind,Pres,3,Sing,,,
depender,depender,Inf,,,,,,,
esterilizada,esterilizar,Part,,,,Sing,Fem,Pass,
absorvida,absorver,Part,,,,Sing,Fem,Pass,
requereu,requerer,Fin,Ind,Past,3,Sing,,,
pega,pegar,Fin,Ind,Pres,3,Sing,,,
interpretado,interpretar,Part,,,,Sing,Masc,Pass,
despreza,desprezar,Fin,Ind,Pres,3,Sing,,,
desenvolvem,desenvolver,Fin,Ind,Pres,3,Plur,,,
nascendo,nascer,Ger,,,,,,,
concentrada,concentrar,Part,,,,Sing,Fem,,
cair,cair,Inf,,,,,,,
indicada,indicar,Part,,,,Sing,Fem,Pass,
habitado,habitar,Part,,,,Sing,Masc,Pass,
procurada,procurar,Part,,,,Sing,Fem,Pass,
mata,matar,Fin,Ind,Pres,3,Sing,,,
traduzida,traduzido,Part,,,,Sing,Fem,,
regendo,reger,Ger,,,,,,,
beirando,beirar,Ger,,,,,,,
impressionar,impressionar,Inf,,,,,,,
toca,tocar,Fin,Ind,Pres,3,Sing,,,
cair,cair,Inf,,,3,Sing,,,
despencaram,despencar,Fin,Ind,Past,3,Plur,,,
diminuíram,diminuir,Fin,Ind,Past,3,Plur,,,
desagradou,desagradar,Fin,Ind,Past,3,Sing,,,
liderados,liderar,Part,,,,Plur,Masc,Pass,
lutou,lutar,Fin,Ind,Past,3,Sing,,,
tornaria,tornar,Fin,Cnd,,3,Sing,,,
presidiu,presidir,Fin,Ind,Past,3,Sing,,,
Eleito,eleger,Part,,,,Sing,Masc,,
cuidou,cuidar,Fin,Ind,Past,3,Sing,,,
aboliu,abolir,Fin,Ind,Past,3,Sing,,,
adotou,adotar,Fin,Ind,Past,3,Sing,,,
impedido,impedir,Part,,,,Sing,Masc,Pass,
blindado,blindar,Part,,,,Sing,Masc,,
Houve,haver,Fin,Ind,Past,3,Sing,,,
armados,armar,Part,,,,Plur,Masc,,
bloqueou,bloquear,Fin,Ind,Past,3,Sing,,,
ERRAMOS,errar,Fin,Ind,Pres,1,Plur,,,
perceberam,perceber,Fin,Ind,Past,3,Plur,,,
diversificaram,diversificar,Fin,Ind,Past,3,Plur,,,
Promovem,promover,Fin,Ind,Pres,3,Plur,,,
Cobram,cobrar,Fin,Ind,Pres,3,Plur,,,
pesquisados,pesquisar,Part,,,,Plur,Masc,,
estabeleceu,estabelecer,Fin,Ind,Past,3,Sing,,,
vistas,ver,Part,,,,Plur,Fem,,
narradas,narrar,Part,,,,Plur,Fem,,
exaltado,exaltar,Part,,,,Sing,Masc,,
perambulando,perambular,Ger,,,,,,,
emprestado,emprestar,Part,,,,Sing,Masc,,
tentava,tentar,Fin,Ind,Imp,3,Sing,,,
atingido,atingir,Part,,,,Sing,Masc,Pass,
Encontramos,encontrar,Fin,Ind,Pres,1,Plur,,,
sentíamos,sentir,Fin,Ind,Imp,1,Plur,,,
carregada,carregar,Part,,,,Sing,Fem,Pass,
medicada,medicar,Part,,,,Sing,Fem,Pass,
começar,começar,Inf,,,3,Sing,,,
facilitem,facilitar,Fin,Sub,Pres,3,Plur,,,
recolheram,recolher,Fin,Ind,Past,3,Plur,,,
acumulado,acumular,Part,,,,Sing,Masc,Pass,
desinfetaram,desinfetar,Fin,Ind,Past,3,Plur,,,
assassinados,assassinar,Part,,,,Plur,Masc,Pass,
roubados,roubar,Part,,,,Plur,Masc,,
furtados,furtar,Part,,,,Plur,Masc,,
voam,voar,Fin,Ind,Pres,3,Plur,,,
anilhado,anilhar,Part,,,,Sing,Masc,,
observado,observar,Part,,,,Sing,Masc,,
criado,criar,Part,,,,Sing,Masc,,
acumula,acumular,Fin,Ind,Pres,3,Sing,,,
amplida,ampliar,Part,,,,Sing,Fem,,
aprimorado,aprimorar,Part,,,,Sing,Masc,,
surgiram,surgir,Fin,Ind,Past,3,Plur,,,
estimularam,estimular,Fin,Ind,Past,3,Plur,,,
apressada,apressado,Part,,,,Sing,Fem,,
estabelece,estabelecer,Fin,Ind,Pres,3,Sing,,,
predeterminadas,predeterminar,Part,,,,Plur,Fem,,
Dando,dar,Ger,,,,,,,
Teve,ter,Fin,Ind,Past,3,Sing,,,
decola,decolar,Fin,Ind,Pres,3,Sing,,,
variado,variar,Part,,,,Sing,Masc,,
terminasse,terminar,Fin,Sub,Imp,3,Sing,,,
jogou,jogar,Fin,Ind,Past,3,Sing,,,
escalado,escalar,Part,,,,Sing,Masc,Pass,
consertar,consertar,Inf,,,,,,,
dar,dar,Inf,,,3,Sing,,,
incorporam,incorporar,Fin,Ind,Pres,3,Plur,,,
comuniquem,comunicar,Fin,Sub,Pres,3,Plur,,,
exagerado,exagerar,Part,,,,Sing,Masc,,
Costuma,costumar,Fin,Ind,Pres,3,Sing,,,
encarar,encarar,Inf,,,,,,,
salva,salvar,Fin,Ind,Pres,3,Sing,,,
Traz,trazer,Fin,Ind,Pres,3,Sing,,,
Voltado,voltar,Part,,,,Sing,Masc,,
avançados,avançar,Part,,,,Plur,Masc,,
Inclui,incluir,Fin,Ind,Pres,3,Sing,,,
declaradas,declarar,Part,,,,Plur,Fem,Pass,
vendia,vender,Fin,Ind,Imp,3,Sing,,,
chegar,chegar,Fin,Sub,Fut,3,Sing,,,
priorizou,priorizar,Fin,Ind,Past,3,Sing,,,
causados,causar,Part,,,,Plur,Masc,Pass,
participou,participar,Fin,Ind,Past,3,Sing,,,
submetidas,submeter,Part,,,,Plur,Fem,,
avaliadas,avaliar,Part,,,,Plur,Fem,Pass,
monitoradas,monitorar,Part,,,,Plur,Fem,Pass,
constituiu,constituir,Fin,Ind,Past,3,Sing,,,
destinados,destinar,Part,,,,Plur,Masc,Pass,
contratados,contratar,Part,,,,Plur,Masc,,
identificar,identificar,Inf,,,,,,,
zonear,zonear,Inf,,,,,,,
camufla,camuflar,Fin,Ind,Pres,3,Sing,,,
conseguidas,conseguir,Part,,,,Plur,Fem,Pass,
esconder,esconder,Inf,,,,,,,
desenhados,desenhar,Part,,,,Plur,Masc,,
camuflar,camuflar,Inf,,,,,,,
Comentei,comentar,Fin,Ind,Past,1,Sing,,,
melados,melar,Part,,,,Plur,Masc,,
massacraram,massacrar,Fin,Ind,Past,3,Plur,,,
aveludadas,aveludado,Part,,,,Plur,Fem,,
pegando,pegar,Ger,,,,,,,
bradou,bradar,Fin,Ind,Past,3,Sing,,,
propôs,propor,Fin,Ind,Past,3,Sing,,,
desencadeasse,desencadear,Fin,Sub,Imp,3,Sing,,,
lambuzadas,lambuzar,Part,,,,Plur,Fem,,
Façam,fazer,Fin,Sub,Pres,3,Plur,,,
cumprimentar,cumprimentar,Fin,Sub,Fut,3,Sing,,,
suado,suar,Part,,,,Sing,Masc,,
registrada,registrar,Part,,,,Sing,Fem,,
revelam,revelar,Fin,Ind,Pres,3,Plur,,,
fretado,fretar,Part,,,,Sing,Masc,Pass,
denegrir,denegrir,Inf,,,,,,,
exercem,exercer,Fin,Ind,Pres,3,Plur,,,
escapar,escapar,Inf,,,3,Sing,,,
digamos,dizer,Fin,Sub,Pres,1,Plur,,,
sairia,sair,Fin,Cnd,,3,Sing,,,
acostuma,acostumar,Fin,Ind,Pres,3,Sing,,,
exercer,exercer,Inf,,,,,,,
oficialize,oficializar,Fin,Sub,Pres,3,Sing,,,
universalize,universalizar,Fin,Sub,Pres,3,Sing,,,
sofrera,sofrer,Fin,Ind,Imp,3,Sing,,,
contestar,contestar,Inf,,,,,,,
patrocinam,patrocinar,Fin,Ind,Pres,3,Plur,,,
consumir,consumir,Inf,,,,,,,
Esperava,esperar,Fin,Ind,Imp,3,Sing,,,
aparecer,aparecer,Inf,,,,,,,
custar,custar,Inf,,,,,,,
proteger,proteger,Inf,,,3,Sing,,,
detidas,deter,Part,,,,Plur,Fem,Pass,
supervisionando,supervisionar,Ger,,,,,,,
Cabe,caber,Fin,Ind,Pres,3,Sing,,,
adequado,adequado,Part,,,,Sing,Masc,,
cumprida,cumprir,Part,,,,Sing,Fem,,
costumavam,costumar,Fin,Ind,Imp,3,Plur,,,
Iam,ir,Fin,Ind,Imp,3,Plur,,,
reparavam,reparar,Fin,Ind,Imp,3,Plur,,,
ousavam,ousar,Fin,Ind,Imp,3,Plur,,,
frequentar,frequentar,Inf,,,,,,,
comunicou,comunicar,Fin,Ind,Past,3,Sing,,,
namorando,namorar,Ger,,,,,,,
achou,achar,Fin,Ind,Past,3,Sing,,,
firmar,firmar,Inf,,,,,,,
apresentasse,apresentar,Fin,Sub,Imp,3,Sing,,,
concilie,conciliar,Fin,Sub,Pres,3,Sing,,,
fechadas,fechar,Part,,,,Plur,Fem,Pass,
saber,saber,Inf,,,3,Sing,,,
engravidar,engravidar,Inf,,,,,,,
parar,parar,Inf,,,,,,,AUX
fumar,fumar,Inf,,,,,,,
acabei,acabar,Fin,Ind,Past,1,Sing,,,
perdendo,perder,Ger,,,,,,,
Baixa,baixar,Fin,Ind,Pres,3,Sing,,,
esquece,esquecer,Fin,Ind,Pres,3,Sing,,,
tive,ter,Fin,Ind,Past,1,Sing,,,
experimentado,experimentar,Part,,,,,,,
escala,escalar,Fin,Ind,Pres,3,Sing,,,
berrou,berrar,Fin,Ind,Past,3,Sing,,,
conformar,conformar,Inf,,,,,,,
olhe,olhar,Fin,Sub,Pres,3,Sing,,,
tirava,tirar,Fin,Ind,Imp,3,Sing,,,
gravava,gravar,Fin,Ind,Imp,3,Sing,,,
Pago,pagar,Fin,Ind,Pres,1,Sing,,,
discutem,discutir,Fin,Ind,Pres,3,Plur,,,
escovando,escovar,Ger,,,,,,,
aceitar,aceitar,Fin,Sub,Fut,3,Sing,,,
perpetuando,perpetuar,Ger,,,,,,,
Pertencemos,pertencer,Fin,Ind,Pres,1,Plur,,,
Fazemos,fazer,Fin,Ind,Pres,1,Plur,,,
Dançamos,dançar,Fin,Ind,Pres,1,Plur,,,
renegociaram,renegociar,Fin,Ind,Past,3,Plur,,,
Faltam,faltar,Fin,Ind,Pres,3,Plur,,,
renegociados,renegociar,Part,,,,Plur,Masc,,
abrangem,abranger,Fin,Ind,Pres,3,Plur,,,
baseado,basear,Part,,,,Sing,Masc,Pass,
exclui,excluir,Fin,Ind,Pres,3,Sing,,,
complementaria,complementar,Fin,Ind,,3,Sing,,,
jantar,jantar,Inf,,,,,,,
assusta,assustar,Fin,Ind,Pres,3,Sing,,,
posa,posar,Fin,Ind,Pres,3,Sing,,,
jantaram,jantar,Fin,Ind,Past,3,Plur,,,
Votar,votar,Inf,,,,,,,
escolhida,escolher,Part,,,,Sing,Fem,Pass,
fabrica,fabricar,Fin,Ind,Pres,3,Sing,,,
conquista,conquistar,Fin,Ind,Pres,3,Sing,,,
sobrepõe,sobrepor,Fin,Ind,Pres,3,Sing,,,
invadida,invadir,Part,,,,Sing,Fem,Pass,
destacam,destacar,Fin,Ind,Pres,3,Plur,,,
fundado,fundar,Part,,,,Sing,Masc,Pass,
debater,debater,Inf,,,,,,,
vestido,vestir,Part,,,,Sing,Masc,,
recebia,receber,Fin,Ind,Imp,3,Sing,,,
prestavam,prestar,Fin,Ind,Imp,3,Plur,,,
ligou,ligar,Fin,Ind,Past,3,Sing,,,
Subiu,subir,Fin,Ind,Past,3,Sing,,,
avaliado,avaliar,Part,,,,Sing,Masc,,
restrito,restringir,Part,,,,Sing,Masc,,
colocada,colocar,Part,,,,Sing,Fem,Pass,
apaixona,apaixonar,Fin,Ind,Pres,3,Sing,,,
ama,amar,Fin,Ind,Pres,3,Sing,,,
acabam,acabar,Fin,Ind,Pres,3,Plur,,,
desencontrando,desencontrar,Ger,,,,,,,
Esquentando,esquentar,Ger,,,,,,,
aposta,apostar,Fin,Ind,Pres,3,Sing,,,
prepara,preparar,Fin,Ind,Pres,3,Sing,,,
atuar,atuar,Inf,,,,,,,
criado,criar,Part,,,,Sing,Masc,Pass,
percorrer,percorrer,Inf,,,,,,,
Sinto,sentir,Fin,Ind,Pres,1,Sing,,,
Quero,querer,Fin,Ind,Pres,1,Sing,,,
sente,sentir,Fin,Ind,Pres,3,Sing,,,
acontecido,acontecer,Part,,,,Sing,Masc,,
venho,vir,Fin,Ind,Pres,1,Sing,,,
imaginar,imaginar,Inf,,,,,,,
tirei,tirar,Fin,Ind,Past,1,Sing,,,
Aprendi,aprender,Fin,Ind,Past,1,Sing,,,
tentei,tentar,Fin,Ind,Past,1,Sing,,,
vivia,viver,Fin,Ind,Imp,1,Sing,,,
Tive,ter,Fin,Ind,Past,1,Sing,,,
podia,poder,Fin,Ind,Imp,1,Sing,,,
Espero,esperar,Fin,Ind,Pres,1,Sing,,,
viajar,viajar,Fin,Sub,Fut,3,Sing,,,
prefira,preferir,Fin,Sub,Pres,3,Sing,,,
Dobrando,dobrar,Ger,,,,,,,
passada,passar,Part,,,,Sing,Fem,Pass,
encerrava,encerrar,Fin,Ind,Imp,3,Sing,,,
ligar,ligar,Inf,,,,,,,
pulverizado,pulverizar,Part,,,,,,,
lembrara,lembrar,Fin,Ind,Imp,3,Sing,,,
ficava,ficar,Fin,Ind,Imp,3,Sing,,,
esfaqueada,esfaquear,Part,,,,Sing,Fem,,
disfarçada,disfarçar,Part,,,,Sing,Fem,,
Chegaram,chegar,Fin,Ind,Past,3,Plur,,,
esfarrapados,esfarrapar,Part,,,,Plur,Masc,,
desvendaram,desvendar,Fin,Ind,Past,3,Plur,,,
abertos,abrir,Part,,,,Plur,Masc,Pass,
preparou,preparar,Fin,Ind,Past,3,Sing,,,
serviram,servir,Fin,Ind,Past,3,Plur,,,
assassinado,assassinar,Part,,,,Sing,Masc,Pass,
Escrevia,escrever,Fin,Ind,Imp,3,Sing,,,
interrompido,interromper,Part,,,,Sing,Masc,,
transferida,transferir,Part,,,,Sing,Fem,Pass,
enfraquecer,enfraquecer,Inf,,,,,,,
lidera,liderar,Fin,Ind,Pres,3,Sing,,,
permitir,permitir,Inf,,,3,Sing,,,
utilizam,utilizar,Fin,Ind,Pres,3,Plur,,,
sequestrado,sequestrar,Part,,,,Sing,Masc,,
capturado,capturar,Part,,,,Sing,Masc,Pass,
reunindo,reunir,Ger,,,,,,,
provaram,provar,Fin,Ind,Past,3,Plur,,,
ligaram,ligar,Fin,Ind,Past,3,Plur,,,
cantou,cantar,Fin,Ind,Past,3,Sing,,,
chamais,chamar,Fin,Ind,Pres,1,Plur,,,
ensinam,ensinar,Fin,Ind,Pres,3,Plur,,,
avança,avançar,Fin,Ind,Pres,3,Sing,,,
caíram,cair,Fin,Ind,Past,3,Plur,,,
excluída,excluir,Part,,,,Sing,Fem,,
vendidas,vender,Part,,,,Plur,Fem,,
reduzida,reduzir,Part,,,,Sing,Fem,,
voltando,voltar,Ger,,,,,,,
deter,deter,Inf,,,,,,,
pré-qualificadas,pré-qualificar,Part,,,,Plur,Fem,,
destruído,destruir,Part,,,,Sing,Masc,,
denunciado,denunciar,Part,,,,Sing,Masc,,
impugnou,impugnar,Fin,Ind,Past,3,Sing,,,
argumentando,argumentar,Ger,,,,,,,
contraria,contrariar,Fin,Ind,Pres,3,Sing,,,
homenageará,homenagear,Fin,Ind,Fut,3,Sing,,,
Indagados,indagar,Part,,,,Plur,Masc,,
concordavam,concordar,Fin,Ind,Imp,3,Plur,,,
discordaram,discordar,Fin,Ind,Past,3,Plur,,,
Convencido,convencer,Part,,,,Sing,Masc,,
falar,falar,Inf,,,,Sing,,,
decidir,decidir,Inf,,,,,,,
Centrado,centrar,Part,,,,Sing,Masc,,
integram,integrar,Fin,Ind,Pres,3,Plur,,,
acompanhando,acompanhar,Ger,,,,,,,
sonha,sonhar,Fin,Ind,Pres,3,Sing,,,
recorrer,recorrer,Inf,,,,,,,
oferecidos,oferecer,Part,,,,Plur,Masc,Pass,
procurados,procurar,Part,,,,Plur,Masc,Pass,
comparados,comparar,Part,,,,Plur,Masc,,
praticados,praticar,Part,,,,Plur,Masc,Pass,
infiltrar,infiltrar,Inf,,,3,Sing,,,
impedir,impedir,Inf,,,3,Sing,,,
interromper,interromper,Inf,,,,,,,
interceptar,interceptar,Inf,,,,,,,
regulamentando,regulamentar,Ger,,,,,,,
tinha,ter,Fin,Ind,Imp,3,Sing,,,AUX
solicitar,solicitar,Inf,,,,,,,
aproximado,aproximar,Part,,,,Sing,Masc,,
guardam,guardar,Fin,Ind,Pres,3,Plur,,,
variando,variar,Ger,,,,,,,
concentra,concentrar,Fin,Ind,Pres,3,Sing,,,
espalhadas,espalhar,Part,,,,Plur,Fem,Pass,
adornada,adornar,Part,,,,Sing,Fem,,
Adoraria,adorar,Fin,Cnd,,1,Sing,,,
engordassem,engordar,Fin,Sub,Imp,3,Plur,,,
adquirir,adquirir,Inf,,,,,,,
conduziu,conduzir,Fin,Ind,Past,3,Sing,,,
autorizando,autorizar,Ger,,,,,,,
venceria,vencer,Fin,Cnd,,3,Sing,,,
precisará,precisar,Fin,Ind,Fut,3,Sing,,,
acompanhas,acompanhar,Part,,,,Plur,,,
descrita,descrever,Part,,,,Sing,Fem,Pass,
exibe,exibir,Fin,Ind,Pres,3,Sing,,,
abriga,abrigar,Fin,Ind,Pres,3,Sing,,,
receberam,receber,Fin,Ind,Past,3,Plur,,,
acontecendo,acontecer,Ger,,,,,,,
analisada,analisar,Part,,,,Sing,Fem,Pass,
analisando,analisar,Ger,,,,,,,
assumido,assumir,Part,,,,Sing,Masc,,
sobem,subir,Fin,Ind,Pres,3,Plur,,,
registrados,registrar,Part,,,,Plur,Masc,,
Teremos,ter,Fin,Ind,Fut,1,Plur,,,
defendem,defender,Fin,Ind,Pres,3,Plur,,,
entrevista,entrevistar,Fin,Ind,Pres,3,Sing,,,
surgida,surgir,Part,,,,Sing,Fem,,
falam,falar,Fin,Ind,Pres,3,Plur,,,
Entendo,entender,Fin,Ind,Pres,1,Sing,,,
desconfiada,desconfiar,Part,,,,Sing,Fem,,
impede,impedir,Fin,Ind,Pres,3,Sing,,,
deseje,desejar,Fin,Sub,Pres,3,Sing,,,
quebraram,quebrar,Fin,Ind,Past,3,Plur,,,
tentaram,tentar,Fin,Ind,Past,3,Plur,,,
tornado,tornar,Part,,,,Sing,Masc,,
Citou,citar,Fin,Ind,Past,3,Sing,,,
ocorridos,ocorrer,Part,,,,Plur,Masc,,
investe,investir,Fin,Ind,Pres,3,Sing,,,
desengavetasse,desengavetar,Fin,Ind,Pres,3,Sing,,,
bancar,bancar,Inf,,,,,,,
relatou,relatar,Fin,Ind,Past,3,Sing,,,
doada,doar,Part,,,,Sing,Fem,Pass,
completados,completar,Part,,,,Plur,Masc,Pass,
votem,votar,Fin,Sub,Pres,3,Plur,,,
conseguirem,conseguir,Fin,Sub,Fut,3,Plur,,,
eleitos,eleger,Part,,,,Plur,Masc,Pass,
dirigiu,dirigir,Fin,Ind,Past,3,Sing,,,
tomado,tomar,Part,,,,Sing,Masc,Pass,
partem,partir,Fin,Ind,Pres,3,Plur,,,
usadas,usar,Part,,,,Plur,Fem,,
averiguar,averiguar,Inf,,,,,,,
Encarregado,encarregar,Part,,,,Sing,Masc,,
julgar,julgar,Inf,,,,,,,
prefiro,preferir,Fin,Ind,Pres,1,Sing,,,
dependermos,depender,Inf,,,1,Plur,,,
chamada,chamar,Part,,,,Sing,Fem,,
perde,perder,Fin,Ind,Pres,3,Sing,,,
enviou,enviar,Fin,Ind,Past,3,Sing,,,
reativar,reativar,Inf,,,,,,,
cuidava,cuidar,Fin,Ind,Imp,3,Sing,,,
respondia,responder,Fin,Ind,Imp,3,Sing,,,
desativado,desativar,Part,,,,Sing,Masc,Pass,
esclareceram,esclarecer,Fin,Ind,Past,3,Plur,,,
adquiridas,adquirir,Part,,,,Plur,Fem,,
raciocinam,raciocinar,Fin,Ind,Pres,3,Plur,,,
normalizará,normalizar,Fin,Ind,Fut,3,Sing,,,
implica,implicar,Fin,Ind,Pres,3,Sing,,,
dará,dar,Fin,Ind,Fut,3,Sing,,,
renegociar,renegociar,Inf,,,,,,,
aprovadas,aprovar,Part,,,,Plur,Fem,Pass,
seguindo,seguir,Ger,,,,,,,
aproveitada,aproveitado,Part,,,,Sing,Fem,,
dure,durar,Fin,Sub,Pres,3,Sing,,,
Mantendo,manter,Ger,,,,,,,
registra,registrar,Fin,Ind,Pres,3,Sing,,,
preservar,preservar,Inf,,,,,,,
Manter,manter,Inf,,,,,,,
cultivada,cultivar,Part,,,,Sing,Fem,,
vacinadas,vacinar,Part,,,,Plur,Fem,,
apresentada,apresentar,Part,,,,Sing,Fem,,
aumentem,aumentar,Fin,Sub,Pres,3,Plur,,,
concedam,conceder,Fin,Sub,Pres,3,Plur,,,
divulgada,divulgar,Part,,,,Sing,Fem,,
encaminhada,encaminhar,Part,,,,Sing,Fem,Pass,
disputam,disputar,Fin,Ind,Pres,3,Plur,,,
lembraram,lembrar,Fin,Ind,Past,3,Plur,,,
Confio,confiar,Fin,Ind,Pres,1,Sing,,,
espero,esperar,Fin,Ind,Pres,1,Sing,,,
afastou,afastar,Fin,Ind,Past,3,Sing,,,
negociado,negociar,Part,,,,Sing,Masc,,
somaram,somar,Fin,Ind,Past,3,Plur,,,
movimentadas,movimentar,Part,,,,Plur,Fem,Pass,
fizéssemos,fazer,Fin,Sub,Imp,3,Plur,,,
sofreriam,sofrer,Fin,Cnd,,3,Plur,,,
optado,optar,Part,,,,,,,
Felicito,felicitar,Fin,Ind,Pres,1,Sing,,,
Instado,instar,Part,,,,Sing,Masc,,
escapar,escapar,Inf,,,,,,,
desceu,descer,Fin,Ind,Past,3,Sing,,,
cruzou,cruzar,Fin,Ind,Past,3,Sing,,,
escorar,escorar,Inf,,,3,Sing,,,
enviadas,enviar,Part,,,,Plur,Fem,Pass,
questiona,questionar,Fin,Ind,Pres,3,Sing,,,
exibidos,exibir,Part,,,,Plur,Masc,,
adotada,adotar,Part,,,,Sing,Fem,Pass,
vasculharam,vasculhar,Fin,Ind,Past,3,Plur,,,
selecionaram,selecionar,Fin,Ind,Past,3,Plur,,,
produzidas,produzir,Part,,,,Plur,Fem,Pass,
reivindicam,reivindicar,Fin,Ind,Pres,3,Plur,,,
tento,tentar,Fin,Ind,Pres,1,Sing,,,
relata,relatar,Fin,Ind,Pres,3,Sing,,,
torturado,torturar,Part,,,,Sing,Masc,Pass,
cantava,cantar,Fin,Ind,Imp,3,Sing,,,
emoldurar,emoldurar,Inf,,,,,,,
vetadas,vetar,Part,,,,Plur,Fem,,
delineada,delinear,Part,,,,Sing,Fem,Pass,
assumem,assumir,Fin,Ind,Pres,3,Plur,,,
implementar,implementar,Inf,,,,,,,
esboçaram,esboçar,Fin,Ind,Past,3,Plur,,,
lembram,lembrar,Fin,Ind,Pres,3,Plur,,,
admirado,admirar,Part,,,,Sing,Masc,,
participava,participar,Fin,Ind,Imp,3,Sing,,,
escolhidas,escolher,Part,,,,Plur,Fem,Pass,
seguiram,seguir,Fin,Ind,Past,3,Plur,,,
prejudicado,prejudicar,Part,,,,Sing,Masc,,
mostrado,mostrar,Part,,,,Sing,Masc,,
voltam,voltar,Fin,Ind,Pres,3,Plur,,,AUX
comer,comer,Inf,,,,,,,
testada,testar,Part,,,,Sing,Fem,Pass,
embarcarem,embarcar,Fin,Sub,Fut,3,Plur,,,
encomendou,encomendar,Fin,Ind,Past,3,Sing,,,
utilizando,utilizar,Ger,,,,,,,
devorarem,devorar,Inf,,,3,Plur,,,
comercializar,comercializar,Inf,,,,,,,
destacado,destacar,Part,,,,Sing,Masc,,
resumida,resumir,Part,,,,Sing,Fem,,
diferenciar,diferenciar,Inf,,,,,,,
Comenta,comentar,Fin,Ind,Pres,3,Sing,,,
controlem,controlar,Fin,Sub,Pres,3,Plur,,,
infringir,infringir,Inf,,,,,,,
obtém,obter,Fin,Ind,Pres,3,Sing,,,
converteu,converter,Fin,Ind,Past,3,Sing,,,
seguido,seguir,Part,,,,Sing,Masc,Pass,
sopram,soprar,Fin,Ind,Pres,3,Plur,,,
encetou,encetar,Fin,Ind,Past,3,Sing,,,
impôs,impor,Fin,Ind,Past,3,Sing,,,
enfrentou,enfrentar,Fin,Ind,Past,3,Sing,,,
sofrendo,sofrer,Ger,,,,,,,
Aprofundando,aprofundar,Ger,,,,,,,
mimetizar,mimetizar,Inf,,,,,,,
enviará,enviar,Fin,Ind,Fut,3,Sing,,,
sofrer,sofrer,Fin,Sub,Fut,3,Sing,,,
determina,determinar,Fin,Ind,Pres,3,Sing,,,
revistas,rever,Part,,,,Plur,Fem,Pass,
reunirá,reunir,Fin,Ind,Fut,3,Sing,,,
limita,limitar,Fin,Ind,Pres,3,Sing,,,
completa,completar,Fin,Ind,Pres,3,Sing,,,
pensava,pensar,Fin,Ind,Imp,3,Sing,,,
rolar,rolar,Inf,,,3,,,,
suportariam,suportar,Fin,Cnd,,3,Plur,,,
discuto,discutir,Fin,Ind,Pres,1,Sing,,,
estabelecerá,estabelecer,Fin,Ind,Fut,3,Sing,,,
consultem,consultar,Fin,Sub,Pres,3,Plur,,,
consolidou,consolidar,Fin,Ind,Past,3,Sing,,,
Deixamos,deixar,Fin,Ind,Pres,1,Plur,,,
consideraria,considerar,Fin,Cnd,,3,Sing,,,
declinasse,declinar,Fin,Sub,Imp,3,Sing,,,
votado,votar,Part,,,,Sing,Masc,,
outorgada,outorgar,Part,,,,Sing,Fem,Pass,
aparecia,aparecer,Fin,Ind,Imp,3,Sing,,,
colocado,colocar,Part,,,,Sing,Masc,,
disser,dizer,Fin,Sub,Fut,3,Sing,,,
conhece,conhecer,Fin,Ind,Pres,3,Sing,,,
mentindo,mentir,Ger,,,,,,,
pedirá,pedir,Fin,Ind,Fut,3,Sing,,,
acertaram,acertar,Fin,Ind,Past,3,Plur,,,
ficar,ficar,Fin,Sub,Fut,3,Sing,,,
acolhendo,acolher,Ger,,,,,,,
decide,decidir,Fin,Ind,Pres,3,Sing,,,
julgados,julgar,Part,,,,Plur,Masc,Pass,
pedem,pedir,Fin,Ind,Pres,3,Plur,,,
reabra,reabrir,Fin,Sub,Pres,3,Sing,,,
atua,atuar,Fin,Ind,Pres,3,Sing,,,
filiada,filiar,Part,,,,Sing,Fem,,
Controlam,controlar,Fin,Ind,Pres,3,Plur,,,
milita,militar,Fin,Ind,Pres,3,Sing,,,
bebido,beber,Part,,,,Sing,Masc,Pass,
refrescado,refrescar,Part,,,,Sing,Masc,,
encorpados,encorpado,Part,,,,Plur,Masc,,
frutado,frutar,Part,,,,Sing,Masc,,
baixa,baixar,Fin,Ind,Pres,3,Sing,,,
ignora,ignorar,Fin,Ind,Pres,3,Sing,,,
atravessa,atravessar,Fin,Ind,Pres,3,Sing,,,
supor,supor,Inf,,,3,Sing,,,
existam,existir,Fin,Sub,Pres,3,Plur,,,
cometido,cometer,Part,,,,Sing,Masc,Pass,
recai,recair,Fin,Ind,Pres,3,Sing,,,
gerando,gerar,Ger,,,,,,,
cedendo,ceder,Ger,,,,,,,
frustrados,frustrar,Part,,,,Plur,Masc,,
frustre,frustrar,Fin,Sub,Pres,3,Sing,,,
surgia,surgir,Fin,Ind,Imp,3,Sing,,,
preferíssemos,preferir,Fin,Ind,Pres,1,Plur,,,
mantidos,manter,Part,,,,Plur,Masc,Pass,
afetam,afetar,Fin,Ind,Pres,3,Plur,,,
Aberto,abrir,Part,,,,Sing,Masc,,
assustados,assustado,Part,,,,Plur,Masc,,
viabilizar,viabilizar,Inf,,,,,,,
dispuser,dispor,Fin,Sub,Fut,3,Sing,,,
cobrir,cobrir,Inf,,,,,,,
viabilizar,viabilizar,Inf,,,3,Sing,,,
Olhando,olhar,Ger,,,,,,,
predominaram,predominar,Fin,Ind,Past,3,Plur,,,
fechadas,fechar,Part,,,,Plur,Fem,,
ouso,ousar,Fin,Ind,Pres,1,Sing,,,
chora,chorar,Fin,Ind,Pres,3,Sing,,,
sorteado,sortear,Part,,,,Sing,Masc,Pass,
lançando,lançar,Ger,,,,,,,
frequentava,frequentar,Fin,Ind,Imp,3,Sing,,,
sente,sentir,Fin,Sub,Pres,3,Sing,,,
transportava,transportar,Fin,Ind,Imp,3,Sing,,,
feridos,ferir,Part,,,,Plur,Masc,Pass,
atendidos,atender,Part,,,,Plur,Masc,,
identificada,identificar,Part,,,,Sing,Fem,,
organizadas,organizar,Part,,,,Plur,Fem,,
procuravam,procurar,Fin,Ind,Imp,3,Plur,,,
realçar,realçar,Inf,,,,,,,
entendia,entender,Fin,Ind,Imp,3,Sing,,,
rechaçando,rechaçar,Ger,,,,,,,
derivava,derivar,Fin,Ind,Imp,3,Sing,,,
privilegiavam,privilegiar,Fin,Ind,Imp,3,Plur,,,
sirva,servir,Fin,Sub,Pres,3,Sing,,,
abriria,abrir,Fin,Cnd,,3,Sing,,,
haver,haver,Inf,,,3,Sing,,,
delineados,delinear,Part,,,,Plur,Masc,,
divulgados,divulgar,Part,,,,Plur,Masc,,
negociados,negociar,Part,,,,Plur,Masc,,
consubstanciem,consubstanciar,Fin,Sub,Pres,3,Plur,,,
aprovar,aprovar,Inf,,,3,Sing,,,
Chega,chegar,Fin,Ind,Pres,3,Sing,,,
engrossa,engrossar,Fin,Ind,Pres,3,Sing,,,
agido,agir,Part,,,,,,,
soa,soar,Fin,Ind,Pres,3,Sing,,,
tocados,tocar,Part,,,,Plur,Masc,Pass,
ouvi,ouvir,Fin,Ind,Past,1,Sing,,,
apitam,apitar,Fin,Ind,Pres,3,Plur,,,
prejudicar,prejudicar,Inf,,,,,,,
usadas,usar,Part,,,,Plur,Fem,Pass,
protestaram,protestar,Fin,Ind,Past,3,Plur,,,
abafar,abafar,Inf,,,,,,,
encontradas,encontrar,Part,,,,Plur,Fem,Pass,
apóia,apoiar,Fin,Ind,Pres,3,Sing,,,
acionadas,acionar,Part,,,,Plur,Fem,Pass,
orgulhar,orgulhar,Inf,,,,,,,
representados,representar,Part,,,,Plur,Masc,,
devemos,dever,Fin,Ind,Pres,1,Plur,,,
saudar,saudar,Inf,,,,,,,
prestam,prestar,Fin,Ind,Pres,3,Plur,,,
acusadas,acusar,Part,,,,Plur,Fem,Pass,
financiar,financiar,Inf,,,,,,,
plantam,plantar,Fin,Ind,Pres,3,Plur,,,
omitiu,omitir,Fin,Ind,Past,3,Sing,,,
comparecido,comparecer,Part,,,,,,,
marcadas,marcar,Part,,,,Plur,Fem,,
explicasse,explicar,Fin,Sub,Imp,3,Sing,,,
jogadas,jogar,Part,,,,Plur,Fem,,
desenhou,desenhar,Fin,Ind,Past,3,Sing,,,
circundou,circundar,Fin,Ind,Past,3,Sing,,,
vêm,vir,Fin,Ind,Pres,3,Plur,,,
dificultam,dificultar,Fin,Ind,Pres,3,Plur,,,
alertando,alertar,Ger,,,,,,,
saem,sair,Fin,Ind,Pres,3,Plur,,,
orientarão,orientar,Fin,Ind,Fut,3,Plur,,,
indicarão,indicar,Fin,Ind,Fut,3,Plur,,,
suponha,supor,Fin,Sub,Pres,3,Sing,,,
vire,virar,Fin,Sub,Pres,3,Sing,,,
ter,ter,Inf,,,3,Sing,,,AUX
peça,pedir,Fin,Sub,Pres,3,Sing,,,
trazidos,trazer,Part,,,,Plur,Masc,,
Importados,importar,Part,,,,Plur,Masc,Pass,
calculadas,calcular,Part,,,,Plur,Fem,Pass,
terão,ter,Fin,Ind,Fut,3,Plur,,,AUX
condenados,condenar,Part,,,,Plur,Masc,Pass,
reparar,reparar,Inf,,,3,Sing,,,
alterado,alterar,Part,,,,,,,
Conhecia,conhecer,Fin,Ind,Imp,3,Sing,,,
saberia,saber,Fin,Cnd,,3,Sing,,,
tende,tender,Fin,Ind,Pres,3,Sing,,,AUX
agravar,agravar,Inf,,,,,,,
recuar,recuar,Inf,,,,,,,
declararam,declarar,Fin,Ind,Past,3,Plur,,,
obriga,obrigar,Fin,Ind,Pres,3,Sing,,,
contratar,contratar,Fin,Sub,Fut,3,Sing,,,
ensinar,ensinar,Inf,,,,,,,
capitalizada,capitalizar,Part,,,,Sing,Fem,Pass,
terei,ter,Fin,Ind,Fut,1,Sing,,,
serei,ser,Fin,Ind,Fut,1,Sing,,,
dilacerado,dilacerar,Part,,,,Sing,Masc,Pass,
negada,negar,Part,,,,Sing,Fem,Pass,
atritam,atritar,Fin,Ind,Pres,3,Plur,,,
noticiei,noticiar,Fin,Ind,Past,1,Sing,,,
exauria,exaurir,Fin,Ind,Pres,3,Sing,,,
nasceria,nascer,Fin,Cnd,,3,Sing,,,
representava,representar,Fin,Ind,Imp,3,Sing,,,
tivera,ter,Fin,Ind,Imp,3,Sing,,,
dissolver,dissolver,Inf,,,,,,,
preciso,precisar,Fin,Ind,Pres,1,Sing,,,
encabeçar,encabeçar,Inf,,,,,,,
repeliu,repelir,Fin,Ind,Past,3,Sing,,,
experimente,experimentar,Fin,Sub,Pres,3,Sing,,,
ofender,ofender,Inf,,,,,,,
verá,ver,Fin,Ind,Fut,3,Sing,,,
atacar,atacar,Inf,,,,,,,
mencionar,mencionar,Inf,,,,,,,
atabalhoada,atabalhoar,Part,,,,Sing,Fem,,
poluído,poluir,Part,,,,Sing,Masc,,
citado,citar,Part,,,,Sing,Masc,Pass,
colaboraram,colaborar,Fin,Ind,Past,3,Plur,,,
atingisse,atingir,Fin,Sub,Imp,3,Sing,,,
industrializados,industrializar,Part,,,,Plur,Masc,,
representam,representar,Fin,Ind,Pres,3,Plur,,,
Tendo,ter,Ger,,,,,,,
reinstalaram,reinstalar,Fin,Ind,Past,3,Plur,,,
amplia,ampliar,Fin,Ind,Pres,3,Sing,,,
comportou,comportar,Fin,Ind,Past,3,Sing,,,
rir,rir,Inf,,,,,,,
cuidar,cuidar,Inf,,,,,,,
posado,posar,Part,,,,Sing,Masc,,
Significa,significar,Fin,Ind,Pres,3,Sing,,,
edita,editar,Fin,Ind,Pres,3,Sing,,,
encostar,encostar,Inf,,,3,Sing,,,
programadas,programar,Part,,,,Plur,Fem,,
chefiava,chefiar,Fin,Ind,Imp,3,Sing,,,
comemoram,comemorar,Fin,Ind,Pres,3,Plur,,,
ferido,ferir,Part,,,,,,,
cercado,cercar,Part,,,,Sing,Masc,Pass,
danada,danar,Part,,,,Sing,Fem,,
antecede,anteceder,Fin,Ind,Pres,3,Sing,,,
Imagino,imaginar,Fin,Ind,Pres,1,Sing,,,
exercita,exercitar,Fin,Ind,Pres,3,Sing,,,
herdados,herdar,Part,,,,Plur,Masc,,
orgulhe,orgulhar,Fin,Sub,Pres,3,Sing,,,
dispensaram,dispensar,Fin,Ind,Past,3,Plur,,,
falava,falar,Fin,Ind,Imp,3,Sing,,,
sorrindo,sorrir,Ger,,,,,,,
começando,começar,Ger,,,,,,,
evitam,evitar,Fin,Ind,Pres,3,Plur,,,
misturam,misturar,Fin,Ind,Pres,3,Plur,,,
prevalece,prevalecer,Fin,Ind,Pres,3,Sing,,,
fundou,fundar,Fin,Ind,Past,3,Sing,,,
verificou,verificar,Fin,Ind,Past,3,Sing,,,
gostava,gostar,Fin,Ind,Imp,3,Sing,,,
chama,chamar,Fin,Ind,Pres,3,Sing,,,
aprovada,aprovar,Part,,,,Sing,Fem,,
desvincula,desvincular,Fin,Ind,Pres,3,Sing,,,
adiantará,adiantar,Fin,Ind,Fut,3,Sing,,,
votadas,votar,Part,,,,Plur,Fem,,
reeditadas,reeditar,Part,,,,Plur,Fem,Pass,
descoberto,descobrir,Part,,,,Sing,Masc,,
esclareceu,esclarecer,Fin,Ind,Past,3,Sing,,,
aprovado,aprovar,Part,,,,,,,
comprovar,comprovar,Fin,Sub,Fut,3,Sing,,,
Resumindo,resumir,Ger,,,,,,,
radicalizou,radicalizar,Fin,Ind,Past,3,Sing,,,
prorrogado,prorrogar,Part,,,,Sing,Masc,Pass,
rendendo,render,Ger,,,,,,,
recebendo,receber,Ger,,,,,,,
mantêm,manter,Fin,Ind,Pres,3,Plur,,,
respira,respirar,Fin,Ind,Pres,3,Sing,,,
localizar,localizar,Inf,,,,,,,
ampliado,ampliar,Part,,,,Sing,Masc,Pass,
estendido,estender,Part,,,,Sing,Masc,,
aprovou,aprovar,Fin,Ind,Past,3,Sing,,,
pagos,pagar,Part,,,,Plur,Masc,Pass,
prorrogados,prorrogar,Part,,,,Plur,Masc,Pass,
comprometida,comprometer,Part,,,,Sing,Fem,,
insinuava,insinuar,Fin,Ind,Imp,3,Sing,,,
derrotar,derrotar,Fin,Sub,Fut,3,Sing,,,
exercida,exercer,Part,,,,Sing,Fem,Pass,
Ficando,ficar,Ger,,,,,,,
Cai,cair,Fin,Ind,Pres,3,Sing,,,
comparado,comparar,Part,,,,Sing,Masc,,
requeridas,requerer,Part,,,,Plur,Fem,Pass,
pedidas,pedir,Part,,,,Plur,Fem,Pass,
Comparadas,comparar,Part,,,,Plur,Fem,,
comparado,comparar,Part,,,,Sing,Masc,Pass,
feitos,fazer,Part,,,,Plur,Masc,Pass,
liberados,liberar,Part,,,,Plur,Masc,Pass,
pretendiam,pretender,Fin,Ind,Imp,3,Plur,,,
colocavam,colocar,Fin,Ind,Imp,3,Plur,,,
ultrapassadas,ultrapassar,Part,,,,Plur,Fem,Pass,
tornarem,tornar,Inf,,,3,Plur,,,
empenharem,empenhar,Inf,,,3,Plur,,,
aprofundar,aprofundar,Inf,,,,,,,
interpreta,interpretar,Fin,Ind,Pres,3,Sing,,,
digam,dizer,Fin,Sub,Pres,3,Plur,,,
escritos,escrever,Part,,,,Plur,Masc,,
antecipados,antecipar,Part,,,,Plur,Masc,,
proclamou,proclamar,Fin,Ind,Past,3,Sing,,,
selecionar,selecionar,Inf,,,,,,,
facilitando,facilitar,Ger,,,,,,,
resultaram,resultar,Fin,Ind,Past,3,Plur,,,
nasceram,nascer,Fin,Ind,Past,3,Plur,,,
sopra,soprar,Fin,Ind,Pres,3,Sing,,,
Move,mover,Fin,Imp,Pres,3,Sing,,,
move,mover,Fin,Imp,Pres,2,Sing,,,
suportam,suportar,Fin,Ind,Pres,3,Plur,,,
inspirado,inspirar,Part,,,,Sing,Masc,,
expedidas,expedir,Part,,,,Plur,Fem,Pass,
avaliar,avaliar,Inf,,,,,,,
ouviu,ouvir,Fin,Ind,Past,3,Sing,,,
variam,variar,Fin,Ind,Pres,3,Plur,,,
civilizados,civilizado,Part,,,,Plur,Masc,,
conviver,conviver,Inf,,,,,,,
Proibido,proibir,Part,,,,Sing,Masc,,
fumar,fumar,Inf,,,3,Sing,,,
proibiu,proibir,Fin,Ind,Past,3,Sing,,,
aderiram,aderir,Fin,Ind,Past,3,Plur,,,
fizermos,fazer,Fin,Sub,Fut,1,Plur,,,
comandou,comandar,Fin,Ind,Past,3,Sing,,,
Estiveram,estar,Fin,Ind,Past,3,Plur,,,
abandonará,abandonar,Fin,Ind,Fut,3,Sing,,,
matou,matar,Fin,Ind,Past,3,Sing,,,
chamada,chamar,Part,,,,Sing,Fem,Pass,
apressassem,apressar,Fin,Sub,Imp,3,Plur,,,
desenvolvidos,desenvolver,Part,,,,Plur,Masc,Pass,
voltado,voltar,Part,,,,Sing,Masc,Pass,
Incluem,incluir,Fin,Ind,Pres,3,Plur,,,
comercializado,comercializar,Part,,,,Sing,Masc,Pass,
municiando,municiar,Ger,,,,,,,
careço,carecer,Fin,Ind,Pres,1,Sing,,,
atravessou,atravessar,Fin,Ind,Past,3,Sing,,,
chegamos,chegar,Fin,Ind,Past,1,Plur,,,
conseguimos,conseguir,Fin,Ind,Past,1,Plur,,,
adequaram,adequar,Fin,Ind,Past,3,Plur,,,
travadas,travar,Part,,,,Plur,Fem,Pass,
escalar,escalar,Inf,,,,,,,
recuperados,recuperar,Part,,,,Plur,Masc,,
Queríamos,querer,Fin,Ind,Imp,1,Plur,,,
cometam,cometer,Fin,Sub,Pres,3,Plur,,,
aumentaria,aumentar,Fin,Cnd,,3,Sing,,,
afiou-o,afiar,Fin,Ind,Past,3,Sing,,,
engajaria,engajar,Fin,Ind,Pqp,3,Sing,,,
geraram,gerar,Fin,Ind,Past,3,Plur,,,
tira,tirar,Fin,Ind,Pres,3,Sing,,,
engajado,engajado,Part,,,,Sing,Masc,,
abalada,abalar,Part,,,,Sing,Fem,,
estacionado,estacionar,Part,,,,Sing,Masc,,
Seria,ser,Fin,Cnd,,3,Sing,,,
participei,participar,Fin,Ind,Past,1,Sing,,,
confidenciou,confidenciar,Fin,Ind,Past,3,Sing,,,
enfrentarão,enfrentar,Fin,Ind,Fut,3,Plur,,,
reforçam,reforçar,Fin,Ind,Pres,3,Plur,,,
venham,vir,Fin,Sub,Pres,3,Plur,,,AUX
chamadas,chamar,Part,,,,Plur,Fem,,
reprimida,reprimir,Part,,,,Sing,Fem,,
convencem,convencer,Fin,Ind,Pres,3,Plur,,,
estabilizar,estabilizar,Inf,,,,,,,
debilitarão,debilitar,Fin,Ind,Fut,3,Plur,,,
expulsou,expulsar,Fin,Ind,Past,3,Sing,,,
acrescentando,acrescentar,Ger,,,,,,,
esquecido,esquecer,Part,,,,,,,
apresentados,apresentar,Part,,,,Plur,Masc,Pass,
surgido,surgir,Part,,,,Sing,Masc,,
disparam,disparar,Fin,Ind,Pres,3,Plur,,,
elaborado,elaborar,Part,,,,Sing,Masc,,
encorpado,encorpar,Part,,,,Sing,Masc,,
escoltar,escoltar,Inf,,,,,,,
desponta,despontar,Fin,Ind,Pres,3,Sing,,,
experimenta,experimentar,Fin,Ind,Pres,3,Sing,,,
descobrirá,descobrir,Fin,Ind,Fut,3,Sing,,,
responsabilizou,responsabilizar,Fin,Ind,Past,3,Sing,,,
recolhidos,recolher,Part,,,,Plur,Masc,,
administra,administrar,Fin,Ind,Pres,3,Sing,,,
negociasse,negociar,Fin,Sub,Pres,3,Sing,,,
errada,errar,Part,,,,Sing,Fem,Pass,
alinham,alinhar,Fin,Ind,Pres,3,Plur,,,
varre,varrer,Fin,Ind,Pres,3,Sing,,,
rendiam,render,Fin,Ind,Imp,3,Plur,,,
mataram,matar,Fin,Ind,Past,3,Plur,,,
assaltaram,assaltar,Fin,Ind,Past,3,Plur,,,
acredito,acreditar,Fin,Ind,Pres,1,Sing,,,
Tentava,tentar,Fin,Ind,Imp,3,Sing,,,
acompanhava,acompanhar,Fin,Ind,Imp,3,Sing,,,
sucumbir,sucumbir,Inf,,,,,,,
ternurar,ternurar,Inf,,,,,,,
repartir,repartir,Inf,,,,,,,
rebater,rebater,Inf,,,,,,,
diluir,diluir,Inf,,,,,,,
adere,aderir,Fin,Ind,Pres,3,Sing,,,
questionado,questionar,Part,,,,Sing,Masc,Pass,
repetem,repetir,Fin,Ind,Pres,3,Plur,,,
afastam,afastar,Fin,Ind,Pres,3,Plur,,,
depende,depender,Fin,Ind,Pres,3,Sing,,,
acompanham,acompanhar,Fin,Ind,Pres,3,Plur,,,
queimada,queimar,Part,,,,Sing,Fem,Pass,
incendiados,incendiar,Part,,,,Plur,Masc,,
incensado,incensar,Part,,,,Sing,Masc,Pass,
destronado,destronar,Part,,,,Sing,Masc,Pass,
procuram,procurar,Fin,Ind,Pres,3,Plur,,,
adquiriu,adquirir,Fin,Ind,Past,3,Sing,,,
esmagou,esmagar,Fin,Ind,Past,3,Sing,,,
implantadas,implantar,Part,,,,Plur,Fem,Pass,
renascem,renascer,Fin,Ind,Pres,3,Plur,,,
assume,assumir,Fin,Ind,Pres,3,Sing,,,
injustificado,injustificado,Part,,,,Sing,Masc,,
corta,cortar,Fin,Ind,Pres,3,Sing,,,
faltarem,faltar,Fin,Sub,Fut,3,Plur,,,
anunciada,anunciar,Part,,,,Sing,Fem,Pass,
pressionado,pressionar,Part,,,,Sing,Masc,Pass,
anunciado,anunciar,Part,,,,Sing,Masc,,
aconteceriam,acontecer,Fin,Cnd,,3,Plur,,,
pronunciado,pronunciar,Part,,,,Sing,Masc,,
descartando,descartar,Ger,,,,,,,
acatando,acatar,Ger,,,,,,,
constróem,construir,Fin,Ind,Pres,3,Plur,,,
tarda,tardar,Fin,Ind,Pres,3,Sing,,,
desnudar,desnudar,Inf,,,,,,,
viajava,viajar,Fin,Ind,Imp,3,Sing,,,
atacado,atacar,Part,,,,Sing,Masc,Pass,
avisada,avisar,Part,,,,Sing,Fem,Pass,
desviado,desviar,Part,,,,Sing,Masc,,
Começaram,começar,Fin,Ind,Past,3,Plur,,,
localizados,localizar,Part,,,,Plur,Masc,,
comprometa,comprometer,Fin,Sub,Pres,3,Sing,,,
vetado,vetar,Part,,,,Sing,Masc,Pass,
reduzidas,reduzir,Part,,,,Plur,Fem,,
creditavam,creditar,Fin,Ind,Imp,3,Plur,,,
desembarcando,desembarcar,Ger,,,,,,,
entrar,entrar,Inf,,,3,Sing,,,
cobiçada,cobiçar,Part,,,,Sing,Fem,Pass,
elevará,elevar,Fin,Ind,Fut,3,Sing,,,
irrigado,irrigar,Part,,,,Sing,Masc,,
erra,errar,Fin,Ind,Pres,3,Sing,,,
cometeu,cometer,Fin,Ind,Past,3,Sing,,,
coroou,coroar,Fin,Ind,Past,3,Sing,,,
acreditava,acreditar,Fin,Ind,Imp,3,Sing,,,
rodou,rodar,Fin,Ind,Past,3,Sing,,,
Enterrou,enterrar,Fin,Ind,Past,3,Sing,,,
viciado,viciar,Part,,,,Sing,Masc,Pass,
esqueceu,esquecer,Fin,Ind,Past,3,Sing,,,
demitida,demitir,Part,,,,Sing,Fem,Pass,
checando,checar,Ger,,,,,,,
encaminha,encaminhar,Fin,Ind,Pres,3,Sing,,,
ligue,ligar,Fin,Sub,Pres,3,Sing,,,
aparecem,aparecer,Fin,Ind,Pres,3,Plur,,,
caídos,cair,Part,,,,Plur,Masc,,
DESAGRADOU,desagradar,Fin,Ind,Past,3,Sing,,,
repercutiu,repercutir,Fin,Ind,Past,3,Sing,,,
acordou,acordar,Fin,Ind,Past,3,Sing,,,
jogando,jogar,Ger,,,,,,,
planejado,planejar,Part,,,,Sing,Masc,Pass,
disfarçados,disfarçar,Part,,,,Plur,Masc,,
iniciados,iniciar,Part,,,,Plur,Masc,Pass,
acertou,acertar,Fin,Ind,Past,3,Sing,,,
embute,embutir,Fin,Ind,Pres,3,Sing,,,
reduzirá,reduzir,Fin,Ind,Fut,3,Sing,,,
papa,papar,Fin,Ind,Pres,3,Sing,,,
equilibra,equilibrar,Fin,Ind,Pres,3,Sing,,,
entenda,entender,Fin,Sub,Pres,3,Sing,,,
procederem,proceder,Inf,,,3,Plur,,,
corresponderem,corresponder,Fin,Sub,Fut,3,Plur,,,
achamos,achar,Fin,Ind,Pres,1,Plur,,,
devíamos,dever,Fin,Ind,Imp,1,Plur,,,
Decidimos,decidir,Fin,Ind,Pres,1,Plur,,,
abolir,abolir,Inf,,,,,,,
insinuar,insinuar,Inf,,,,,,,
conseguimos,conseguir,Fin,Ind,Pres,1,Plur,,,
comprovado,comprovar,Part,,,,Sing,Masc,Pass,
buscando,buscar,Ger,,,,,,,
Organizados,organizar,Part,,,,Plur,Masc,,
utilizar,utilizar,Inf,,,,,,,
surgir,surgir,Inf,,,,,,,
difundidos,difundir,Part,,,,Plur,Masc,,
atenuado,atenuar,Part,,,,,,,
melhorado,melhorar,Part,,,,Sing,Masc,,
franqueado,franqueado,Part,,,,Sing,Masc,,
Atuando,atuar,Ger,,,,,,,
cumprida,cumprir,Part,,,,Sing,Fem,Pass,
reconduzido,reconduzir,Part,,,,Sing,Masc,Pass,
afastado,afastar,Part,,,,Sing,Masc,Pass,
transferido,transferir,Part,,,,Sing,Masc,,
atingindo,atingir,Ger,,,,,,,
lido,ler,Part,,,,Sing,Masc,,
preparara,preparar,Fin,Ind,Imp,3,Sing,,,
senti,sentir,Fin,Ind,Past,1,Sing,,,
anotei,anotar,Fin,Ind,Past,1,Sing,,,
esforçava,esforçar,Fin,Ind,Imp,1,Sing,,,
lutava,lutar,Fin,Ind,Imp,3,Sing,,,
Dispensar,dispensar,Inf,,,,,,,
exposto,expor,Part,,,,Sing,Masc,Pass,
prolongaram,prolongar,Fin,Ind,Past,3,Plur,,,
compostas,compor,Part,,,,Plur,Fem,Pass,
abordado,abordar,Part,,,,Sing,Masc,,
emoldura,emoldurar,Fin,Ind,Pres,3,Sing,,,
calcados,calcar,Part,,,,Plur,Masc,,
pretendida,pretender,Part,,,,Sing,Fem,Pass,
fixada,fixar,Part,,,,Sing,Fem,,
ligado,ligar,Part,,,,Sing,Masc,Pass,
automatizado,automatizado,Part,,,,Sing,Masc,,
consagrando,consagrar,Ger,,,,,,,
tentem,tentar,Fin,Sub,Pres,3,Plur,,,
sobrevive,sobreviver,Fin,Ind,Pres,3,Sing,,,
lançará,lançar,Fin,Ind,Fut,3,Sing,,,
eleito,eleger,Part,,,,Sing,Masc,Pass,
reeleito,reeleger,Part,,,,Sing,Masc,Pass,
volto,voltar,Fin,Ind,Pres,1,Sing,,,AUX
matam,matar,Fin,Ind,Pres,3,Plur,,,
apontados,apontar,Part,,,,Plur,Masc,Pass,
dito,dizer,Part,,,,Sing,Masc,,
incidia,incidir,Fin,Ind,Imp,3,Sing,,,
registradas,registrar,Part,,,,Plur,Fem,,
corria,correr,Fin,Ind,Imp,3,Sing,,,
tinham,ter,Fin,Ind,Imp,3,Plur,,,
Comandado,comandar,Part,,,,Sing,Masc,Pass,
iniciadas,iniciar,Part,,,,Plur,Fem,Pass,
atendeu,atender,Fin,Ind,Past,3,Sing,,,
acionaram,acionar,Fin,Ind,Past,3,Plur,,,
ampliada,ampliar,Part,,,,Sing,Fem,,
recebam,receber,Fin,Sub,Pres,3,Plur,,,
aplicados,aplicar,Part,,,,Plur,Masc,,
crescer,crescer,Inf,,,,,,,
crescerá,crescer,Fin,Ind,Fut,3,Sing,,,
Fiquei,ficar,Fin,Ind,Past,1,Sing,,,
configuram,configurar,Fin,Ind,Pres,3,Plur,,,
proibidas,proibir,Part,,,,Plur,Fem,,
ter,ter,Inf,,,,,,,AUX
articula,articular,Fin,Ind,Pres,3,Sing,,,
sujeito,sujeitar,Part,,,,Sing,Masc,,
sofreram,sofrer,Fin,Ind,Past,3,Plur,,,
poupados,poupar,Part,,,,Plur,Masc,,
poderiam,poder,Fin,Cnd,,3,Plur,,,
privilegiava,privilegiar,Fin,Ind,Imp,3,Sing,,,
inspirava,inspirar,Fin,Ind,Imp,3,Sing,,,
refletia,refletir,Fin,Ind,Imp,3,Sing,,,
fixa,fixo,Fin,Ind,Pres,3,Sing,,,
chegue,chegar,Fin,Sub,Pres,3,Sing,,,
cumprido,cumprir,Part,,,,Sing,Masc,,
argumentou,argumentar,Fin,Ind,Past,3,Sing,,,
retirada,retirada,Part,,,,Sing,Fem,,
institui,instituir,Fin,Ind,Pres,3,Sing,,,
incorre,incorrer,Fin,Ind,Pres,3,Sing,,,
convidado,convidar,Part,,,,Sing,Masc,Pass,
alertou,alertar,Fin,Ind,Past,3,Sing,,,
instituem,instituir,Fin,Ind,Pres,3,Plur,,,
proibido,proibir,Part,,,,Sing,Masc,Pass,
Diz,dizer,Fin,Ind,Pres,3,Sing,,,
instituída,instituir,Part,,,,Sing,Fem,,
dotada,dotar,Part,,,,Sing,Fem,,
continuando,continuar,Ger,,,,,,,
utilizado,utilizar,Part,,,,Sing,Masc,Pass,
dotado,dotar,Part,,,,Sing,Masc,,
resultar,resultar,Inf,,,,,,,
continuaram,continuar,Fin,Ind,Past,3,Plur,,,
aumentaram,aumentar,Fin,Ind,Past,3,Plur,,,
ocuparia,ocupar,Fin,Cnd,,3,Sing,,,
consegui,conseguir,Fin,Ind,Past,1,Sing,,,
estranharam,estranhar,Fin,Ind,Past,3,Plur,,,
sair,sair,Inf,,,3,Sing,,,
caído,cair,Part,,,,Sing,Masc,,
entupir,entupir,Inf,,,,,,,
compensou,compensar,Fin,Ind,Past,3,Sing,,,
simbolizava,simbolizar,Fin,Ind,Imp,3,Sing,,,
cercada,cercar,Part,,,,Sing,Fem,,
corresponderiam,corresponder,Fin,Cnd,,3,Plur,,,
pendurados,pendurar,Part,,,,Plur,Masc,,
iluminam,iluminar,Fin,Ind,Pres,3,Plur,,,
ateavam,atear,Fin,Ind,Imp,3,Plur,,,
antecipar,antecipar,Inf,,,,,,,
alcança,alcançar,Fin,Ind,Pres,3,Sing,,,
plantou,plantar,Fin,Ind,Past,3,Sing,,,
Trabalho,trabalhar,Fin,Ind,Pres,1,Sing,,,
alcançava,alcançar,Fin,Ind,Imp,3,Sing,,,
Crescer,crescer,Inf,,,,,,,
complicar,complicar,Inf,,,,,,,
Existe,existir,Fin,Ind,Pres,3,Sing,,,
reorientar,reorientar,Inf,,,3,Sing,,,
Prometer,prometer,Inf,,,,,,,
extrapola,extrapolar,Fin,Ind,Pres,3,Sing,,,
comprometer,comprometer,Inf,,,,,,,
equivale,equivaler,Fin,Ind,Pres,3,Sing,,,
abusar,abusar,Inf,,,,,,,
dirá,dizer,Fin,Ind,Fut,3,Sing,,,
acredite,acreditar,Fin,Sub,Pres,3,Sing,,,
acrescenta,acrescentar,Fin,Ind,Pres,3,Sing,,,
seduzem,seduzir,Fin,Ind,Pres,3,Plur,,,
fornecidas,fornecer,Part,,,,Plur,Fem,Pass,
digitalizadas,digitalizar,Part,,,,Plur,Fem,,
identificar,identificar,Inf,,,3,Sing,,,
tivessem,ter,Fin,Sub,Imp,3,Plur,,,
debochada,debochar,Part,,,,Sing,Fem,,
Corria,correr,Fin,Ind,Imp,3,Sing,,,
pagariam,pagar,Fin,Cnd,,3,Plur,,,
dariam,dar,Fin,Cnd,,3,Plur,,,
bancariam,bancar,Fin,Cnd,,3,Plur,,,
esperava,esperar,Fin,Ind,Imp,3,Sing,,,
preferiu,preferir,Fin,Ind,Past,3,Sing,,,
encarnada,encarnar,Part,,,,Sing,Fem,Pass,
debutou,debutar,Fin,Ind,Past,3,Sing,,,
transformado,transformar,Part,,,,,,,
Merecia,merecer,Fin,Ind,Imp,3,Sing,,,
dedicava,dedicar,Fin,Ind,Imp,3,Sing,,,
esperará,esperar,Fin,Ind,Fut,3,Sing,,,
envie,enviar,Fin,Sub,Pres,3,Sing,,,
combinada,combinar,Part,,,,Sing,Fem,,
produziria,produzir,Fin,Cnd,,3,Sing,,,
municiam,municiar,Fin,Ind,Pres,3,Plur,,,
Recebi,receber,Fin,Ind,Past,1,Sing,,,
Reproduzo,reproduzir,Fin,Ind,Pres,1,Sing,,,
notar,notar,Inf,,,,,,,
Vendendo,vender,Ger,,,,,,,
demos,dar,Fin,Ind,Past,1,Plur,,,
Tratamos,tratar,Fin,Ind,Pres,1,Plur,,,
segurar,segurar,Inf,,,,,,,
seguidos,seguir,Part,,,,Plur,Masc,,
vencermos,vencer,Fin,Sub,Fut,1,Plur,,,
chegaremos,chegar,Fin,Ind,Fut,1,Plur,,,
disputados,disputar,Part,,,,Plur,Masc,,
Acredito,acreditar,Fin,Ind,Pres,1,Sing,,,
façam,fazer,Fin,Sub,Pres,3,Plur,,,
analisado,analisar,Part,,,,Sing,Masc,,
especializar,especializar,Inf,,,,,,,
vocacionados,vocacionar,Part,,,,Plur,Masc,,
tatuou,tatuar,Fin,Ind,Past,3,Sing,,,
lutam,lutar,Fin,Ind,Pres,3,Plur,,,
votarão,votar,Fin,Ind,Fut,3,Plur,,,
tenham,ter,Fin,Sub,Pres,3,Plur,,,
Voto,votar,Fin,Ind,Pres,1,Sing,,,
cantada,cantar,Part,,,,Sing,Fem,Pass,
compõe,compor,Fin,Ind,Pres,3,Sing,,,
possibilite,possibilitar,Fin,Sub,Pres,3,Sing,,,
sediado,sediar,Part,,,,Sing,Masc,,
acaba,acabar,Fin,Ind,Pres,3,Sing,,,AUX
ocupado,ocupar,Part,,,,Sing,Masc,Pass,
dança,dançar,Fin,Ind,Pres,3,Sing,,,
catequizou,catequizar,Fin,Ind,Past,3,Sing,,,
cozinhar,cozinhar,Inf,,,,,,,
marinadas,marinar,Part,,,,Plur,Fem,,
incentivava,incentivar,Fin,Ind,Imp,3,Sing,,,
completavam,completar,Fin,Ind,Imp,3,Plur,,,
desse,dar,Fin,Sub,Pres,3,Sing,,,
capturava,capturar,Fin,Ind,Imp,3,Sing,,,
sugeria,sugerir,Fin,Ind,Imp,3,Sing,,,
adequasse,adequar,Fin,Sub,Imp,3,Sing,,,
recomendou,recomendar,Fin,Ind,Past,3,Sing,,,
tornasse,tornar,Fin,Sub,Imp,3,Sing,,,
casado,casado,Part,,,,Sing,Masc,,
levava,levar,Fin,Ind,Imp,3,Sing,,,
igualada,igualar,Part,,,,Sing,Fem,Pass,
decolar,decolar,Inf,,,,,,,
ganharia,ganhar,Fin,Cnd,,3,Sing,,,
girou,girar,Fin,Ind,Past,3,Sing,,,
Dividido,dividir,Part,,,,Sing,Masc,,
utiliza,utilizar,Fin,Ind,Pres,3,Sing,,,
exemplificar,exemplificar,Inf,,,,,,,
recheados,rechear,Part,,,,Plur,Masc,Pass,
ilustradas,ilustrar,Part,,,,Plur,Fem,,
prometido,prometer,Part,,,,Sing,Masc,Pass,
Notamos,notar,Fin,Ind,Pres,1,Plur,,,
inscreve,inscrever,Fin,Ind,Pres,3,Sing,,,
passados,passar,Part,,,,Plur,Masc,,
contribuindo,contribuir,Ger,,,,,,,
consultados,consultar,Part,,,,Plur,Masc,Pass,
autorizam,autorizar,Fin,Ind,Pres,3,Plur,,,
assumiu,assumir,Fin,Ind,Past,3,Sing,,,
RETIRADOS,retirar,Part,,,,Plur,Masc,,
emprestadas,emprestar,Part,,,,Plur,Fem,Pass,
engajado,engajado,Part,,,,Sing,Fem,,
corre,correr,Fin,Ind,Pres,3,Sing,,,
evocar,evocar,Inf,,,3,Sing,,,
Obrigada,obrigado,Part,,,,Sing,Fem,,
veiculada,veicular,Part,,,,Sing,Fem,Pass,
propor,propor,Inf,,,,,,,
relacionada,relacionar,Part,,,,Sing,Fem,,
atendidos,atender,Part,,,,Plur,Masc,Pass,
decretou,decretar,Fin,Ind,Past,3,Sing,,,
gastaram,gastar,Fin,Ind,Past,3,Plur,,,
influenciaram,influenciar,Fin,Ind,Past,3,Plur,,,
preferiram,preferir,Fin,Ind,Past,3,Plur,,,
viajar,viajar,Inf,,,,,,,
configurando,configurar,Ger,,,,,,,
livre,livrar,Fin,Sub,Fut,3,Sing,,,
pertência,pertencer,Fin,Ind,Imp,3,Sing,,,
contratado,contratar,Part,,,,Sing,Masc,,
repetir,repetir,Fin,Sub,Fut,3,Sing,,,
desprende,desprender,Fin,Ind,Pres,3,Sing,,,
estremecer,estremecer,Inf,,,3,Sing,,,
convidados,convidar,Part,,,,Plur,Masc,Pass,
caminhar,caminhar,Inf,,,,,,,
claçando,calçar,Ger,,,,,,,
escutávamos,escutar,Fin,Ind,Past,1,Plur,,,
contemplávamos,contemplar,Fin,Ind,Pres,1,Plur,,,
congelada,congelar,Part,,,,Sing,Fem,,
refletindo,refletir,Ger,,,,,,,
estimada,estimar,Part,,,,Sing,Fem,Pass,
exerce,exercer,Fin,Ind,Pres,3,Sing,,,
Acontecerá,acontecer,Fin,Ind,Fut,3,Sing,,,
confirmada,confirmar,Part,,,,Sing,Fem,Pass,
resgata,resgatar,Fin,Ind,Pres,3,Sing,,,
enterra,enterrar,Fin,Ind,Pres,3,Sing,,,
explicitado,explicitar,Part,,,,Sing,Masc,Pass,
pré-fabricado,pré-fabricado,Part,,,,Sing,Masc,,
forjou,forjar,Fin,Ind,Past,3,Sing,,,
sucumbiu,sucumbir,Fin,Ind,Past,3,Sing,,,
acreditem,acreditar,Fin,Sub,Pres,3,Plur,,,
ajudando,ajudar,Ger,,,,,,,
atolados,atolado,Part,,,,Plur,Masc,,
vistos,ver,Part,,,,Plur,Masc,,
trocar,trocar,Fin,Sub,Fut,3,Sing,,,
apoiando,apoiar,Ger,,,,,,,
firmado,firmar,Part,,,,,,,
aguardar,aguardar,Inf,,,,,,,
correm,correr,Fin,Ind,Pres,3,Plur,,,
vamos,ir,Fin,Ind,Pres,1,Plur,,,
gasta,gastar,Fin,Ind,Pres,3,Sing,,,
reivindicar,reivindicar,Inf,,,,,,,
salienta,salientar,Fin,Ind,Pres,3,Sing,,,
lembra,lembrar,Fin,Ind,Pres,3,Sing,,,
dispõem,dispor,Fin,Ind,Pres,3,Plur,,,
vierem,vir,Fin,Sub,Fut,3,Plur,,,AUX
financiadas,financiar,Part,,,,Plur,Fem,Pass,
pagam,pagar,Fin,Ind,Pres,3,Plur,,,
dado,dar,Part,,,,Sing,Masc,,
enfraquecida,enfraquecer,Part,,,,Sing,Fem,,
vindo,vir,Part,,,,,,,AUX
denominado,denominar,Part,,,,Sing,Masc,,
grave,gravar,Fin,Sub,Pres,3,Sing,,,
transcreva,transcrever,Fin,Sub,Pres,3,Sing,,,
Estamos,estar,Fin,Ind,Pres,1,Plur,,,AUX
acoplar,acoplar,Inf,,,,,,,
devendo,dever,Ger,,,,,,,
confrontado,confrontar,Part,,,,Sing,Masc,Pass,
falado,falar,Part,,,,Sing,Masc,,
estou,estar,Fin,Ind,Pres,1,Sing,,,AUX
tivéssemos,ter,Fin,Sub,Imp,1,Plur,,,AUX
interpretará,interpretar,Fin,Ind,Fut,3,Sing,,,
recordou,recordar,Fin,Ind,Past,3,Sing,,,
suspendeu,suspender,Fin,Ind,Past,3,Sing,,,
gira,girar,Fin,Ind,Pres,3,Sing,,,
justificado,justificar,Part,,,,Sing,Masc,Pass,
regista,registar,Fin,Ind,Pres,3,Sing,,,
admitindo,admitir,Ger,,,,,,,
diversificado,diversificar,Part,,,,Sing,Masc,Pass,
fica,ficar,Fin,Ind,Pres,3,Sing,,,AUX
Garantido,garantido,Part,,,,Sing,Masc,,
abrangidas,abranger,Part,,,,Plur,Fem,Pass,
pára,parar,Fin,Ind,Pres,3,Sing,,,AUX
totalizando,totalizar,Ger,,,,,,,
usufruir,usufruir,Inf,,,,,,,
consideradas,considerar,Part,,,,Plur,Fem,,
excluídos,excluir,Part,,,,Plur,Masc,,
traçado,traçar,Part,,,,Sing,Masc,Pass,
montadas,montar,Part,,,,Plur,Fem,Pass,
candidatar,candidatar,Inf,,,,,,,
testar,testar,Inf,,,,,,,
ceder,ceder,Inf,,,,,,,
efectivado,efectivar,Part,,,,Sing,Masc,Pass,
comparou,comparar,Fin,Ind,Past,3,Sing,,,
geram,gerar,Fin,Ind,Pres,3,Plur,,,
surjam,surgir,Fin,Sub,Pres,3,Plur,,,
empenhem,empenhar,Fin,Sub,Pres,3,Plur,,,
transformar,transformar,Inf,,,3,Sing,,,
cumprimentar,cumprimentar,Inf,,,,,,,
entusiasmado,entusiasmar,Part,,,,Sing,Masc,,
Tomando,tomar,Ger,,,,,,,
atulhada,atulhar,Part,,,,Sing,Fem,,
replicou,replicar,Fin,Ind,Past,3,Sing,,,
inspirou,inspirar,Fin,Ind,Past,3,Sing,,,
evoca,evocar,Fin,Ind,Pres,3,Sing,,,
conclui,concluir,Fin,Ind,Pres,3,Sing,,,
desonra,desonrar,Fin,Ind,Pres,3,Sing,,,
inicia,iniciar,Fin,Ind,Pres,3,Sing,,,
segurou,segurar,Fin,Ind,Past,3,Sing,,,
ajudasse,ajudar,Fin,Sub,Imp,3,Sing,,,
Lutou,lutar,Fin,Ind,Past,3,Sing,,,
rematar,rematar,Inf,,,,,,,
defenda,defender,Fin,Sub,Pres,3,Sing,,,
escrito,escrever,Part,,,,Sing,Masc,Pass,
imitado,imitar,Part,,,,Sing,Masc,,
atribuídas,atribuir,Part,,,,Plur,Fem,,
interrogou,interrogar,Fin,Ind,Past,3,Sing,,,
contestada,contestar,Part,,,,Sing,Fem,,
conseguiam,conseguir,Fin,Ind,Imp,3,Plur,,,
seguida,seguer,Part,,,,Sing,Fem,,
recuados,recuar,Part,,,,Plur,Masc,,
insistindo,insistir,Ger,,,,,,,
actuava,actuar,Fin,Ind,Imp,3,Sing,,,
desempenhando,desempenhar,Ger,,,,,,,
adaptados,adaptar,Part,,,,Plur,Masc,,
enlameado,enlamear,Part,,,,Sing,Masc,,
escolheram,escolher,Fin,Ind,Past,3,Plur,,,
prospera,prosperar,Fin,Ind,Pres,3,Sing,,,
apontar,apontar,Inf,,,,,,,
li,ler,Fin,Ind,Past,1,Sing,,,
ditos,dito,Part,,,,Plur,Masc,,
comunicados,comunicado,Part,,,,Plur,Masc,,
reformular,reformular,Inf,,,,,,,
organiza,organizar,Fin,Ind,Pres,3,Sing,,,
privilegiarem,privilegiar,Inf,,,3,Plur,,,
tentarem,tentar,Inf,,,3,Plur,,,
oferecida,oferecer,Part,,,,Sing,Fem,Pass,
rondava,rondar,Fin,Ind,Imp,3,Sing,,,
clarificada,clarificar,Part,,,,Sing,Fem,,
acabe,acabar,Fin,Sub,Pres,3,Sing,,,
criará,criar,Fin,Ind,Fut,3,Sing,,,
aceitarem,aceitar,Inf,,,3,Plur,,,
defendera,defender,Fin,Ind,Past,3,Sing,,,
apontado,apontar,Part,,,,Sing,Masc,Pass,
adaptou,adaptar,Fin,Ind,Past,3,Sing,,,
castigar,castigar,Inf,,,,,,,
traduz,traduzir,Fin,Ind,Pres,3,Sing,,,
identificadas,identificar,Part,,,,Plur,Fem,Pass,
aderiu,aderir,Fin,Ind,Past,3,Sing,,,
englobar,englobar,Inf,,,,,,,
ocupará,ocupar,Fin,Ind,Fut,3,Sing,,,
congregaram,congregar,Fin,Ind,Past,3,Plur,,,
pisa,pisar,Fin,Ind,Pres,3,Sing,,,
presidir,presidir,Inf,,,,,,,
salientar,salientar,Inf,,,,,,,
firmado,firmar,Part,,,,Sing,Masc,Pass,
respeitado,respeitar,Part,,,,Sing,Masc,Pass,
comentou,comentar,Fin,Ind,Past,3,Sing,,,
falhar,falhar,Inf,,,,,,,
Devemos,dever,Fin,Ind,Pres,1,Plur,,,
falhar,falhar,Fin,Sub,Fut,3,Sing,,,
manda,mandar,Fin,Ind,Pres,3,Sing,,,
interpretam,interpretar,Fin,Ind,Pres,3,Plur,,,
reafirmam,reafirmar,Fin,Ind,Pres,3,Plur,,,
respondendo,responder,Ger,,,,,,,
expulsaram,expulsar,Fin,Ind,Past,3,Plur,,,
decreta,decretar,Fin,Ind,Pres,3,Sing,,,
condicionado,condicionar,Part,,,,Sing,Masc,Pass,
opõe,opor,Fin,Ind,Pres,3,Sing,,,
batia,bater,Fin,Ind,Imp,3,Sing,,,
legislado,legislar,Part,,,,Sing,Masc,,
ignorando,ignorar,Ger,,,,,,,
levada,levar,Part,,,,Sing,Fem,,
escusou,escusar,Fin,Ind,Past,3,Sing,,,
chamava,chamar,Fin,Ind,Imp,3,Sing,,,
destacaram,destacar,Fin,Ind,Past,3,Plur,,,
jantava,jantar,Fin,Ind,Imp,3,Sing,,,
acostou,acostar,Fin,Ind,Past,3,Sing,,,
sublinharam,sublinhar,Fin,Ind,Past,3,Plur,,,
perturbou,perturbar,Fin,Ind,Past,3,Sing,,,
acabara,acabar,Fin,Ind,Imp,3,Sing,,,AUX
raptado,raptar,Part,,,,Sing,Masc,Pass,
proibido,proibir,Part,,,,Sing,Masc,,
recebido,receber,Part,,,,,,,
atracado,atracar,Part,,,,Sing,Masc,,
Irritado,irritado,Part,,,,Sing,Masc,,
acorda,acordar,Fin,Ind,Pres,3,Sing,,,
Roubaste,roubar,Fin,Ind,Pres,1,Sing,,,
caem,cair,Fin,Ind,Pres,3,Plur,,,
pisarem,pisar,Inf,,,3,Plur,,,
Ancorado,ancorar,Part,,,,Sing,Masc,,
aguardadas,aguardar,Part,,,,Plur,Fem,,
coordenou,coordenar,Fin,Ind,Past,3,Sing,,,
davam,dar,Fin,Ind,Imp,3,Plur,,,
desembarcou,desembarcar,Fin,Ind,Past,3,Sing,,,
ofereciam,oferecer,Fin,Ind,Imp,3,Plur,,,
instalavam,instalar,Fin,Ind,Imp,3,Plur,,,
compatibilizar,compatibilizar,Inf,,,,,,,
tornados,tornar,Part,,,,Plur,Masc,Pass,
desce,descer,Fin,Ind,Pres,3,Sing,,,
divulgado,divulgar,Part,,,,Sing,Masc,,
morrerem,morrer,Inf,,,3,Plur,,,
examinar,examinar,Inf,,,,,,,
colher,colher,Inf,,,,,,,
evacuem,evacuar,Fin,Ind,Pres,3,Plur,,,
alertem,alertar,Fin,Sub,Pres,3,Plur,,,
providenciar,providenciar,Inf,,,,,,,
toquem,tocar,Fin,Sub,Pres,3,Plur,,,
evitem,evitar,Fin,Sub,Pres,3,Plur,,,
surge,surgir,Fin,Ind,Pres,3,Sing,,,
ver,ver,Inf,,,3,Sing,,,
apercebe,aperceber,Fin,Ind,Pres,3,Sing,,,
cede,ceder,Fin,Ind,Pres,3,Sing,,,
atina,atinar,Fin,Ind,Pres,3,Sing,,,
Acaba,acabar,Fin,Ind,Pres,3,Sing,,,AUX
temer,temer,Inf,,,,,,,
transforma,transformar,Fin,Ind,Pres,3,Sing,,,
Faz,fazer,Fin,Ind,Pres,3,Sing,,,
condiciona,condicionar,Fin,Ind,Pres,3,Sing,,,
condicionar,condicionar,Inf,,,,,,,
adia,adiar,Fin,Ind,Pres,3,Sing,,,
recolhidos,recolher,Part,,,,Plur,Masc,Pass,
equipadas,equipar,Part,,,,Plur,Fem,,
indiferenciada,indiferenciar,Part,,,,Sing,Fem,,
conhecemos,conhecer,Fin,Ind,Pres,1,Plur,,,
acentuou,acentuar,Fin,Ind,Past,3,Sing,,,
explicarão,explicar,Fin,Ind,Fut,3,Plur,,,
poder,poder,Inf,,,3,Sing,,,
isolado,isolar,Part,,,,Sing,Masc,,
renovaram,renovar,Fin,Ind,Past,3,Plur,,,
lesionados,lesionar,Part,,,,Plur,Masc,,
queremos,querer,Fin,Ind,Pres,1,Plur,,,
beneficiar,beneficiar,Inf,,,,,,,
conseguiria,conseguir,Fin,Cnd,,3,Sing,,,
aprende,aprender,Fin,Ind,Pres,3,Sing,,,
regressar,regressar,Inf,,,,,,,
Voltando,voltar,Ger,,,,,,,
evocou,evocar,Fin,Ind,Past,3,Sing,,,
citemos,citar,Fin,Ind,Pres,1,Plur,,,
Esclarecendo,esclarecer,Ger,,,,,,,
rasgar,rasgar,Inf,,,3,Sing,,,
compreendesse,compreender,Fin,Sub,Imp,3,Sing,,,
enumerar,enumerar,Inf,,,,,,,
desobstruída,desobstruir,Part,,,,Sing,Fem,,
detinha,deter,Fin,Ind,Imp,3,Sing,,,
Começa,começar,Fin,Ind,Pres,3,Sing,,,AUX
bloquear,bloquear,Inf,,,,,,,
gozar,gozar,Inf,,,,,,,
fizera,fazer,Fin,Ind,Imp,3,Sing,,,
destruiu,destruir,Fin,Ind,Past,3,Sing,,,
contactados,contactar,Part,,,,Plur,Masc,Pass,
esquecida,esquecer,Part,,,,Sing,Fem,Pass,
desmentida,desmentir,Part,,,,Sing,Fem,Pass,
presidido,presidir,Part,,,,Sing,Masc,Pass,
encerrou,encerrar,Fin,Ind,Past,3,Sing,,,
salientou,salientar,Fin,Ind,Past,3,Sing,,,
exposto,expor,Part,,,,,,,
julgamos,julgar,Fin,Ind,Pres,1,Plur,,,
guardava,guardar,Fin,Ind,Imp,3,Sing,,,
pudessem,poder,Fin,Sub,Imp,3,Plur,,,
ficariam,ficar,Fin,Cnd,,3,Plur,,,AUX
moram,morar,Fin,Ind,Pres,3,Plur,,,
tenha,ter,Fin,Sub,Pres,3,Sing,,,AUX
citadas,citar,Part,,,,Plur,Fem,Pass,
partido,partir,Part,,,,,,,
preso,prender,Part,,,,Sing,Masc,Pass,
estaria,estar,Fin,Cnd,,3,Sing,,,AUX
reclamar,reclamar,Inf,,,,,,,
fizer,fazer,Fin,Sub,Fut,3,Sing,,,
vaticinam,vaticinar,Fin,Ind,Pres,3,Plur,,,
cancela,cancelar,Fin,Ind,Pres,3,Sing,,,
preparada,preparar,Part,,,,Sing,Fem,,
incidiram,incidir,Fin,Ind,Past,3,Plur,,,
suspeito,suspeitar,Part,,,,Sing,Masc,,
corromper,corromper,Inf,,,,,,,
detido,deter,Part,,,,Sing,Masc,Pass,
desencadeado,desencadear,Part,,,,Sing,Masc,,
incriminar,incriminar,Inf,,,,,,,
arrependido,arrepender,Part,,,,Sing,Masc,,
podíamos,poder,Fin,Ind,Imp,1,Plur,,,
pensem,pensar,Fin,Sub,Pres,3,Plur,,,
traduzam,traduzir,Fin,Sub,Pres,3,Plur,,,
reunir,reunir,Inf,,,,,,,
começar,começar,Inf,,,3,Sing,,,AUX
dedicadas,dedicar,Part,,,,Plur,Fem,Pass,
usaram,usar,Fin,Ind,Past,3,Plur,,,
traçar,traçar,Inf,,,,,,,
plastificados,plastificar,Part,,,,Plur,Masc,,
Bastava,bastar,Fin,Ind,Imp,3,Sing,,,
desaparecer,desaparecer,Inf,,,,,,,
recomeçar,recomeçar,Inf,,,,,,,
proliferam,proliferar,Fin,Ind,Pres,3,Plur,,,
perpetuam,perpetuar,Fin,Ind,Pres,3,Plur,,,
pareceu,parecer,Fin,Ind,Past,3,Sing,,,
lido,ler,Part,,,,,,,
via,ver,Fin,Ind,Imp,1,Sing,,,
vista,ver,Part,,,,Sing,Fem,,
naufragando,naufragar,Ger,,,,,,,
Protegida,proteger,Part,,,,Sing,Fem,Pass,
suspirava,suspirar,Fin,Ind,Imp,3,Sing,,,
reparei,reparar,Fin,Ind,Past,1,Sing,,,
hasteada,hastear,Part,,,,Sing,Fem,,
desconhecia,desconhecer,Fin,Ind,Imp,3,Sing,,,
imaginar,imaginar,Inf,,,3,Sing,,,
Isolada,isolar,Part,,,,Sing,Fem,,
bordejam,bordejar,Fin,Ind,Pres,3,Plur,,,
frequentada,frequentar,Part,,,,Sing,Fem,Pass,
desbloquear,desbloquear,Inf,,,,,,,
assistido,assistir,Part,,,,Sing,Masc,,
acentuada,acentuar,Part,,,,Sing,Fem,,
nascem,nascer,Fin,Ind,Pres,3,Plur,,,
Quer,querer,Fin,Ind,Pres,3,Sing,,,
procriou,procriar,Fin,Ind,Past,3,Sing,,,
Editado,editar,Part,,,,Sing,Masc,Pass,
contextualizar,contextualizar,Inf,,,,,,,
indeferir,indeferir,Inf,,,,,,,
indeferiu,indeferir,Fin,Ind,Past,3,Sing,,,
indiciados,indiciar,Part,,,,Plur,Masc,,
citados,citar,Part,,,,Plur,Masc,,
derivam,derivar,Fin,Ind,Pres,3,Plur,,,
superada,superar,Part,,,,Sing,Fem,Pass,
prosseguiu,prosseguir,Fin,Ind,Past,3,Sing,,,
seguem,seguir,Fin,Ind,Pres,3,Plur,,,
tendem,tender,Fin,Ind,Pres,3,Plur,,,AUX
amaneirado,amaneirado,Part,,,,Sing,Masc,,
assente,assentir,Fin,Ind,Pres,3,Sing,,,
reiterado,reiterado,Part,,,,Sing,Masc,,
regravou,regravar,Fin,Ind,Past,3,Sing,,,
colados,colar,Part,,,,Plur,Masc,,
consistia,consistir,Fin,Ind,Imp,3,Sing,,,
asseado,assear,Part,,,,Sing,Masc,,
repleto,repleto,Part,,,,Sing,Masc,,
recebesse,receber,Fin,Sub,Imp,3,Sing,,,
mentiu,mentir,Fin,Ind,Past,3,Sing,,,
dividissem,dividir,Fin,Sub,Imp,3,Plur,,,
partilhavam,partilhar,Fin,Ind,Imp,3,Plur,,,
comunicavam,comunicar,Fin,Ind,Imp,3,Plur,,,
reclamavam,reclamar,Fin,Ind,Imp,3,Plur,,,
insistiam,insistir,Fin,Ind,Imp,3,Plur,,,
aproveitando,aproveitar,Ger,,,,,,,
desafiar,desafiar,Inf,,,,,,,
promoverem,promover,Inf,,,3,Plur,,,
remeter,remeter,Inf,,,,,,,
há,haver,Fin,Ind,Pres,3,Sing,,,AUX
reformar,reformar,Inf,,,,,,,
excepto,excepto,Fin,Ind,Pres,1,Sing,,,
praticado,praticar,Part,,,,,,,
pensaria,pensar,Fin,Cnd,,3,Sing,,,
estudadas,estudar,Part,,,,Plur,Fem,Pass,
colocadas,colocar,Part,,,,Plur,Fem,Pass,
recair,recair,Inf,,,,,,,
montarmos,montar,Inf,,,1,Plur,,,
faltam,faltar,Fin,Ind,Pres,3,Plur,,,
Comprar,comprar,Inf,,,,,,,
compravam,comprar,Fin,Ind,Imp,3,Plur,,,
acreditamos,acreditar,Fin,Ind,Pres,1,Plur,,,
estamos,estar,Fin,Ind,Pres,1,Plur,,,AUX
aderirem,aderir,Inf,,,3,Plur,,,
assinado,assinar,Part,,,,,,,
especificado,especificar,Part,,,,Sing,Masc,Pass,
instalados,instalar,Part,,,,Plur,Masc,Pass,
comprometido,comprometer,Part,,,,,,,
afirmara,afirmar,Fin,Ind,Imp,3,Sing,,,
desertou,desertar,Fin,Ind,Past,3,Sing,,,
impostas,impor,Part,,,,Plur,Fem,,
venceram,vencer,Fin,Ind,Past,3,Plur,,,
liderar,liderar,Inf,,,,,,,
subordinada,subordinar,Part,,,,Sing,Fem,,
construída,construir,Part,,,,Sing,Fem,,
traça,traçar,Fin,Ind,Pres,3,Sing,,,
estacionados,estacionar,Part,,,,Plur,Masc,,
fecha,fechar,Fin,Ind,Pres,3,Sing,,,
re-afirma,afirmar,Fin,Ind,Pres,3,Sing,,,
situa,situar,Fin,Ind,Pres,3,Sing,,,
deixando,deixar,Ger,,,,,,,AUX
caracterizou,caracterizar,Fin,Ind,Past,3,Sing,,,
compatibilize,compatibilizar,Fin,Sub,Pres,3,Sing,,,
calcula,calcular,Fin,Ind,Pres,3,Sing,,,
baixar,baixar,Inf,,,,,,,
atingiam,atingir,Fin,Ind,Imp,3,Plur,,,
alienar,alienar,Inf,,,,,,,
entrega,entregar,Part,,,,Sing,Masc,Pass,
analisado,analisar,Part,,,,Sing,Masc,Pass,
suscitar,suscitar,Inf,,,,,,,
decorrido,decorrer,Part,,,,,,,
garantido,garantir,Part,,,,Sing,Masc,Pass,
registará,registar,Fin,Ind,Fut,3,Sing,,,
defrontar,defrontar,Inf,,,,,,,
aliviado,aliviar,Part,,,,Sing,Masc,,
ausentaram,ausentar,Fin,Ind,Past,3,Plur,,,
treinado,treinar,Part,,,,Sing,Masc,,
lesionado,lesionar,Part,,,,Sing,Masc,,
perguntou,perguntar,Fin,Ind,Past,3,Sing,,,
ficamos,ficar,Fin,Ind,Pres,1,Plur,,,AUX
sabíamos,saber,Fin,Ind,Imp,1,Plur,,,
escolhemos,escolher,Fin,Ind,Pres,1,Plur,,,
ficamos,ficar,Fin,Ind,Pres,1,Plur,,,
ocuparmos,ocupar,Inf,,,1,Plur,,,
aumentada,aumentar,Part,,,,Sing,Fem,Pass,
dirigem,dirigir,Fin,Ind,Pres,3,Plur,,,
sentimos,sentir,Fin,Ind,Pres,1,Plur,,,
podermos,poder,Fin,Ind,Pres,1,Plur,,,
imaginou,imaginar,Fin,Ind,Past,3,Sing,,,
continha,conter,Fin,Ind,Imp,3,Sing,,,
inventava,inventar,Fin,Ind,Imp,3,Sing,,,
torturava,torturar,Fin,Ind,Imp,3,Sing,,,
empregado,empregado,Part,,,,Sing,Masc,,
escreveu,escrever,Fin,Ind,Past,3,Sing,,,
interromperam,interromper,Fin,Ind,Past,3,Plur,,,
permitirão,permitir,Fin,Ind,Fut,3,Plur,,,
referir,referir,Inf,,,,,,,
conhecendo,conhecer,Ger,,,,,,,
desconhecem,desconhecer,Fin,Ind,Pres,3,Plur,,,
abordado,abordar,Part,,,,Sing,Masc,Pass,
equilibrado,equilibrar,Part,,,,Sing,Masc,,
encarnada,encarnar,Part,,,,Sing,Fem,,
vencido,vencer,Part,,,,,,,
continuou,continuar,Fin,Ind,Past,3,Sing,,,AUX
generalizo,generalizar,Fin,Ind,Pres,1,Sing,,,
convencido,convencer,Part,,,,Sing,Masc,,
serie,seriar,Fin,Cnd,,3,Sing,,,
deita,deitar,Fin,Ind,Pres,3,Sing,,,
exigirem,exigir,Inf,,,3,Plur,,,
pedir,pedir,Inf,,,3,Sing,,,
fazemos,fazer,Fin,Ind,Pres,1,Plur,,,
beneficiassem,beneficiar,Fin,Ind,Imp,3,Plur,,,
integrados,integrar,Part,,,,Plur,Masc,,
convidado,convidar,Part,,,,,,,
renovou,renovar,Fin,Ind,Past,3,Sing,,,
estava,estar,Fin,Ind,Imp,3,Sing,,,AUX
mergulhado,mergulhar,Part,,,,Sing,Masc,,
instalado,instalar,Part,,,,,,,
afecta,afectar,Fin,Ind,Pres,3,Sing,,,
queres,querer,Fin,Ind,Pres,1,Sing,,,
fingindo,fingir,Ger,,,,,,,
desenhar,desenhar,Inf,,,,,,,
apropriar,apropriar,Inf,,,,,,,
Nascida,nascer,Part,,,,Sing,Fem,,
avançando,avançar,Ger,,,,,,,
soube,saber,Fin,Ind,Past,3,Sing,,,
crescer,crescer,Inf,,,3,Sing,,,
ameaçava,ameaçar,Fin,Ind,Imp,3,Sing,,,
Despojada,despojar,Part,,,,Sing,Fem,,
trepou,trepar,Fin,Ind,Past,3,Sing,,,
inventar,inventar,Fin,Sub,Fut,3,Sing,,,
combinar,combinar,Inf,,,3,Sing,,,
aproximado,aproximar,Part,,,,,,,
adubaram,adubar,Fin,Ind,Past,3,Plur,,,
vivida,viver,Part,,,,Sing,Fem,,
abrirá,abrir,Fin,Ind,Fut,3,Sing,,,
junta,juntar,Fin,Ind,Pres,3,Sing,,,
surpreendem,surpreender,Fin,Ind,Pres,3,Plur,,,
condenado,condenar,Part,,,,Sing,Masc,,
cumprido,cumprir,Part,,,,,,,
Insiste,insistir,Fin,Ind,Pres,3,Sing,,,
mete,meter,Fin,Ind,Pres,3,Sing,,,
valorizar,valorizar,Inf,,,,,,,
teorizaram,teorizar,Fin,Ind,Past,3,Plur,,,
competir,competir,Inf,,,,,,,
alimentem,alimentar,Fin,Sub,Pres,3,Plur,,,
aliado,aliar,Part,,,,Sing,Masc,,
apelava,apelar,Fin,Ind,Imp,3,Sing,,,
lançadas,lançar,Part,,,,Plur,Fem,Pass,
conhecida,conhecer,Part,,,,Sing,Fem,Pass,
partilhada,partilhar,Part,,,,Sing,Fem,,
concordando,concordar,Ger,,,,,,,
concluído,concluir,Part,,,,Sing,Masc,,
almoçou,almoçar,Fin,Ind,Past,3,Sing,,,
gostou,gostar,Fin,Ind,Past,3,Sing,,,
constituído,constituir,Part,,,,Sing,Masc,,
incomodam,incomodar,Fin,Ind,Pres,3,Plur,,,
aguenta,aguentar,Fin,Ind,Pres,3,Sing,,,
conseguindo,conseguir,Ger,,,,,,,
esbarrou,esbarrar,Fin,Ind,Past,3,Sing,,,
fura,furar,Fin,Ind,Pres,3,Sing,,,
banido,banir,Part,,,,Sing,Masc,Pass,
revelaram,revelar,Fin,Ind,Past,3,Plur,,,
advogam,advogar,Fin,Ind,Pres,3,Plur,,,
ameaçam,ameaçar,Fin,Ind,Pres,3,Plur,,,
vetar,vetar,Inf,,,,,,,
apoiam,apoiar,Fin,Ind,Pres,3,Plur,,,
demonstrado,demonstrar,Part,,,,,,,
provocava,provocar,Fin,Ind,Imp,3,Sing,,,
levantados,levantar,Part,,,,Plur,Masc,,
cerra,cerrar,Fin,Ind,Pres,3,Sing,,,
Ganhei,ganhar,Fin,Ind,Past,1,Sing,,,
recusa,recusar,Fin,Ind,Pres,3,Sing,,,
compenetra,compenetrar,Fin,Ind,Pres,3,Sing,,,
rasgado,rasgado,Part,,,,Sing,Masc,,
percebe,perceber,Fin,Ind,Pres,3,Sing,,,
incrustado,incrustar,Part,,,,Sing,Masc,,
suscitando,suscitar,Ger,,,,,,,
incidem,incidir,Fin,Ind,Pres,3,Plur,,,
convence,convencer,Fin,Ind,Pres,3,Sing,,,
reiterou,reiterar,Fin,Ind,Past,3,Sing,,,
anunciando,anunciar,Ger,,,,,,,
intensificar,intensificar,Inf,,,,,,,
alegados,alegar,Part,,,,Plur,Masc,,
submetido,submeter,Part,,,,Sing,Masc,Pass,
forneçam,fornecer,Fin,Sub,Pres,3,Plur,,,
roubado,roubar,Part,,,,Sing,Masc,Pass,
consta,constar,Fin,Ind,Pres,3,Sing,,,
Sabendo,saber,Ger,,,,,,,
actuar,actuar,Inf,,,,,,,
representar,representar,Inf,,,3,Sing,,,
despacham,despachar,Fin,Ind,Pres,3,Plur,,,
governa,governar,Fin,Ind,Pres,3,Sing,,,
notificou,notificar,Fin,Ind,Past,3,Sing,,,
tomar,tomar,Inf,,,3,Sing,,,
fornece,fornecer,Fin,Ind,Pres,3,Sing,,,
forneceu,fornecer,Fin,Ind,Past,3,Sing,,,
viria,vir,Fin,Cnd,,3,Sing,,,
competia,competir,Fin,Ind,Imp,3,Sing,,,
atravessava,atravessar,Fin,Ind,Imp,3,Sing,,,
ganhava,ganhar,Fin,Ind,Imp,3,Sing,,,
continuarem,continuar,Inf,,,3,Plur,,,
sublinhou,sublinhar,Fin,Ind,Past,3,Sing,,,
prevenidos,prevenir,Part,,,,Plur,Masc,Pass,
protegerá,proteger,Fin,Ind,Fut,3,Sing,,,
vigiar,vigiar,Inf,,,,,,,
colocaria,colocar,Fin,Cnd,,3,Sing,,,
chancelou,chancelar,Fin,Ind,Past,3,Sing,,,
inquietar,inquietar,Inf,,,,,,,
editada,editar,Part,,,,Sing,Fem,Pass,
Encalhado,Encalhado,Part,,,,Sing,Masc,,
desenterre,desenterrar,Fin,Sub,Pres,3,Sing,,,
aporte,aportar,Fin,Sub,Pres,3,Sing,,,
consagrada,consagrar,Part,,,,Sing,Fem,Pass,
aprovam,aprovar,Fin,Ind,Pres,3,Plur,,,
aprovaram,aprovar,Fin,Ind,Past,3,Plur,,,
instituindo,instituir,Ger,,,,,,,
deslocados,deslocar,Part,,,,Plur,Masc,,
consumiu,consumir,Fin,Ind,Past,3,Sing,,,
utilizadas,utilizar,Part,,,,Plur,Fem,,
danificados,danificar,Part,,,,Plur,Masc,Pass,
embalado,embalar,Part,,,,Sing,Masc,,
pertencia,pertencer,Fin,Ind,Imp,3,Sing,,,
importado,importar,Part,,,,Sing,Masc,,
consumida,consumir,Part,,,,Sing,Fem,Pass,
elevada,elevar,Part,,,,Sing,Fem,Pass,
poupado,poupar,Part,,,,Sing,Masc,,
provar,provar,Inf,,,,,,,
preconizam,preconizar,Fin,Ind,Pres,3,Plur,,,
suscita,suscitar,Fin,Ind,Pres,3,Sing,,,
Dizer,dizer,Inf,,,,,,,
valem,valer,Fin,Ind,Pres,3,Plur,,,
encaminhado,encaminhar,Part,,,,Sing,Masc,Pass,
gerar,gerar,Inf,,,,,,,
Requiem,Requiem,Fin,Ind,,3,Sing,,,
regressam,regressar,Fin,Ind,Pres,3,Plur,,,
definem,definir,Fin,Ind,Pres,3,Plur,,,
roda,rodar,Fin,Ind,Pres,3,Sing,,,
pintados,pintar,Part,,,,Plur,Masc,Pass,
apreciada,apreciar,Part,,,,Sing,Fem,Pass,
presos,prender,Part,,,,Plur,Masc,,
condenados,condenar,Part,,,,Plur,Masc,,
deslizou,deslizar,Fin,Ind,Past,3,Sing,,,
deslizando,deslizar,Ger,,,,,,,
molhado,molhar,Part,,,,Sing,Masc,,
ficariam,ficar,Fin,Cnd,,3,Plur,,,
concentradas,concentrar,Part,,,,Plur,Fem,,
definidos,definir,Part,,,,Plur,Masc,Pass,
andaram,andar,Fin,Ind,Past,3,Plur,,,AUX
combinar,combinar,Inf,,,,,,,
incomodarem,incomodar,Fin,Sub,Fut,3,Plur,,,
couberam,caber,Fin,Ind,Past,3,Plur,,,
tabelar,tabelar,Inf,,,,,,,
mereceu,merecer,Fin,Ind,Past,3,Sing,,,
desanimar,desanimar,Inf,,,,,,,
desenrascar,desenrascar,Inf,,,,,,,
reforçada,reforçar,Part,,,,Sing,Fem,Pass,
repudiado,repudiar,Part,,,,,,,
prosseguia,prosseguir,Fin,Ind,Imp,3,Sing,,,
discutida,discutir,Part,,,,Sing,Fem,Pass,
disponha,dispor,Fin,Sub,Pres,3,Sing,,,
registada,registar,Part,,,,Sing,Fem,,
apreendida,apreender,Part,,,,Sing,Fem,,
confiscou,confiscar,Fin,Ind,Past,3,Sing,,,
envolvida,envolver,Part,,,,Sing,Fem,,
aprendida,aprender,Part,,,,Sing,Fem,Pass,
emprestados,emprestar,Part,,,,Plur,Masc,Pass,
Desce,descer,Fin,Ind,Pres,3,Sing,,,
impôr,impôr,Inf,,,,,,,
dividindo,dividir,Ger,,,,,,,
disponibilizado,disponibilizar,Part,,,,Sing,Masc,Pass,
construído,construir,Part,,,,Sing,Masc,Pass,
escalonada,escalonar,Part,,,,Sing,Fem,,
obtida,obter,Part,,,,Sing,Fem,,
abatidos,abater,Part,,,,Plur,Masc,,
retirar,retirar,Inf,,,,,,,
laborar,laborar,Inf,,,,,,,
incineradas,incinerar,Part,,,,Plur,Fem,Pass,
puxar,puxar,Inf,,,,,,,
insistem,insistir,Fin,Ind,Pres,3,Plur,,,
reconhecidos,reconhecer,Part,,,,Plur,Masc,Pass,
filma,filmar,Fin,Ind,Pres,3,Sing,,,
irrompeu,irromper,Fin,Ind,Past,3,Sing,,,
chamam,chamar,Fin,Ind,Pres,3,Plur,,,
inventados,inventar,Part,,,,Plur,Masc,Pass,
desregrado,desregrar,Part,,,,Sing,Masc,,
dormiu,dormir,Fin,Ind,Past,3,Sing,,,
proibir,proibir,Inf,,,,,,,
acalorada,acalorar,Part,,,,Sing,Fem,,
decorria,decorrer,Fin,Ind,Imp,3,Sing,,,
esgotadas,esgotar,Part,,,,Plur,Fem,,
oferecia,oferecer,Fin,Ind,Imp,3,Sing,,,
convenci,convencer,Fin,Ind,Past,1,Sing,,,
descer,descer,Inf,,,,,,,
atreviam,atrever,Fin,Ind,Imp,3,Plur,,,
acabaram,acabar,Fin,Ind,Past,3,Plur,,,AUX
escoltados,escoltar,Part,,,,Plur,Masc,Pass,
renderem,render,Inf,,,3,Plur,,,
respeitada,respeitar,Part,,,,Sing,Fem,Pass,
filmada,filmar,Part,,,,Sing,Fem,,
respondem,responder,Fin,Ind,Pres,3,Plur,,,
manifestaram,manifestar,Fin,Ind,Past,3,Plur,,,
continuam,continuar,Fin,Ind,Pres,3,Plur,,,AUX
proposto,propor,Part,,,,Sing,Masc,,
dispensado,dispensar,Part,,,,Sing,Masc,Pass,
alegado,alegar,Part,,,,Sing,Masc,,
contribuído,contribuir,Part,,,,,,,
sofrida,sofrer,Part,,,,Sing,Fem,,
transita,transitar,Fin,Ind,Pres,3,Sing,,,
naturalizado,naturalizar,Part,,,,Sing,Masc,,
completam,completar,Fin,Ind,Pres,3,Plur,,,
ronda,rondar,Fin,Ind,Pres,3,Sing,,,
procedeu,proceder,Fin,Ind,Past,3,Sing,,,
disporá,dispor,Fin,Ind,Fut,3,Sing,,,
rondar,rondar,Inf,,,,,,,
alimentam,alimentar,Fin,Ind,Pres,3,Plur,,,
interessam,interessar,Fin,Ind,Pres,3,Plur,,,
regulamenta,regulamentar,Fin,Ind,Pres,3,Sing,,,
vivem,viver,Fin,Ind,Pres,3,Plur,,,
maltratados,maltratado,Part,,,,Plur,Masc,Pass,
ocupando,ocupar,Ger,,,,,,,
determinadas,determinar,Part,,,,Plur,Fem,,
apontada,apontar,Part,,,,Sing,Fem,,
alia,aliar,Fin,Ind,Pres,3,Sing,,,
ultrapassada,ultrapassar,Part,,,,Sing,Fem,Pass,
escolho,escolher,Fin,Ind,Pres,1,Sing,,,
danço,dançar,Fin,Ind,Pres,1,Sing,,,
ensopados,ensopar,Part,,,,Plur,Masc,,
deixados,deixar,Part,,,,Plur,Masc,Pass,
opôs,opor,Fin,Ind,Past,3,Sing,,,
Revelam,revelar,Fin,Ind,Pres,3,Plur,,,
enviadas,enviar,Part,,,,Plur,Fem,,
atearam,atear,Fin,Ind,Past,3,Plur,,,
retiraram,retirar,Fin,Ind,Past,3,Plur,,,
permitiram,permitir,Fin,Ind,Past,3,Plur,,,
publicada,publicar,Part,,,,Sing,Fem,Pass,
chorando,chorar,Ger,,,,,,,
baptizada,baptizar,Part,,,,Sing,Fem,,
voltava,voltar,Fin,Ind,Imp,3,Sing,,,AUX
impressa,imprimir,Part,,,,Sing,Fem,Pass,
escondido,esconder,Part,,,,Sing,Masc,,
encenar,encenar,Inf,,,,,,,
tínhamos,ter,Fin,Ind,Imp,1,Plur,,,
ter,ter,Inf,,,3,,,,
agradar,agradar,Inf,,,,,,,
ensaiar,ensaiar,Inf,,,,,,,
Parti,partir,Fin,Ind,Past,1,Sing,,,
parti,partir,Fin,Ind,Past,1,Sing,,,
responderia,responder,Fin,Cnd,,3,Sing,,,
afastaram,afastar,Fin,Ind,Past,3,Plur,,,
trabalhavam,trabalhar,Fin,Ind,Imp,3,Plur,,,
suscitam,suscitar,Fin,Ind,Pres,3,Plur,,,
decorrem,decorrer,Fin,Ind,Pres,3,Plur,,,
entendeu,entender,Fin,Ind,Past,3,Sing,,,
faseada,fasear,Part,,,,Sing,Fem,,
limitado,limitar,Part,,,,Sing,Masc,,
consistirá,consistir,Fin,Ind,Fut,3,Sing,,,
ocorrerá,ocorrer,Fin,Ind,Fut,3,Sing,,,
oferecido,oferecer,Part,,,,,,,
adoptar,adoptar,Inf,,,,,,,
interessadas,interessar,Part,,,,Plur,Fem,,
Crescer,crescer,Inf,,,3,Sing,,,
informadas,informar,Part,,,,Plur,Fem,Pass,
recohidas,recolher,Part,,,,Plur,Fem,Pass,
leiloados,leiloar,Part,,,,Plur,Masc,,
delimitam,delimitar,Fin,Ind,Pres,3,Plur,,,
divide,dividir,Fin,Ind,Pres,3,Sing,,,
Protegido,proteger,Part,,,,Sing,Masc,,
leiloado,leiloar,Part,,,,Sing,Masc,Pass,
prosperar,prosperar,Inf,,,,,,,
Decidi,decidir,Fin,Ind,Past,1,Sing,,,
Pensei,pensar,Fin,Ind,Past,1,Sing,,,
revelando,revelar,Ger,,,,,,,
tomara,tomar,Fin,Ind,Pres,3,Sing,,,
alargado,alargar,Part,,,,Sing,Masc,,
morriam,morrer,Fin,Ind,Imp,3,Plur,,,
cavavam,cavar,Fin,Ind,Pres,3,Plur,,,
descarregavam,descarregar,Fin,Ind,Imp,3,Plur,,,
alcançando,alcançar,Ger,,,,,,,
voltou,voltar,Fin,Ind,Past,3,Sing,,,
deslindar,deslindar,Inf,,,,,,,
descontratado,descontratar,Part,,,,Sing,Masc,,
indesejado,indesejado,Part,,,,Sing,Masc,Pass,
chumbado,chumbar,Part,,,,Sing,Masc,Pass,
vendera,vender,Fin,Ind,Imp,3,Sing,,,
nascer,nascer,Inf,,,,,,,
estudado,estudar,Part,,,,Sing,Masc,,
Radicalizando,radicalizar,Ger,,,,,,,
quisermos,querer,Fin,Sub,Fut,1,Plur,,,
espalhou,espalhar,Fin,Ind,Past,3,Sing,,,
designado,designar,Part,,,,Sing,Masc,Pass,
surja,surgir,Fin,Sub,Pres,3,Sing,,,
achei,achar,Fin,Ind,Past,1,Sing,,,
fardado,fardar,Part,,,,Sing,Masc,,
explorado,explorar,Part,,,,Sing,Masc,,
venera,venerar,Fin,Ind,Pres,3,Sing,,,
sacrificados,sacrificado,Part,,,,Plur,Masc,,
transmitida,transmitir,Part,,,,Sing,Fem,Pass,
recordasse,recordar,Fin,Sub,Imp,3,Sing,,,
convivem,conviver,Fin,Ind,Pres,3,Plur,,,
reconhecer,reconhecer,Inf,,,,,,,
preparado,preparar,Part,,,,,,,
apagar,apagar,Inf,,,,,,,
dramatizar,dramatizar,Inf,,,,,,,
reclamaram,reclamar,Fin,Ind,Past,3,Plur,,,
viriam,vir,Fin,Cnd,,3,Plur,,,AUX
ocupados,ocupar,Part,,,,Plur,Masc,Pass,
desalojadas,desalojar,Part,,,,Plur,Fem,,
instalou,instalar,Fin,Ind,Past,3,Sing,,,
improvisados,improvisar,Part,,,,Plur,Masc,,
localiza,localizar,Fin,Ind,Pres,3,Sing,,,
localizou,localizar,Fin,Ind,Past,3,Sing,,,
assaltado,assaltar,Part,,,,,,,
tentavam,tentar,Fin,Ind,Imp,3,Plur,,,
respondido,responder,Part,,,,,,,
enviados,enviar,Part,,,,Plur,Masc,Pass,
libertado,libertar,Part,,,,,,,
detinham,deter,Fin,Ind,Imp,3,Plur,,,
ferido,ferir,Part,,,,Sing,Masc,,
ameaçado,ameaçar,Part,,,,,,,
explodir,explodir,Inf,,,,,,,
seguisse,seguir,Fin,Sub,Imp,3,Sing,,,
sequestrar,sequestrar,Inf,,,,,,,
dirijam,dirigir,Fin,Sub,Pres,3,Plur,,,
Condenado,condenar,Part,,,,Sing,Masc,,
editada,editar,Part,,,,Sing,Fem,,
descobertos,descobrir,Part,,,,Plur,Masc,,
efectuada,efectuar,Part,,,,Sing,Fem,,
invocado,invocar,Part,,,,Sing,Masc,,
extinguir,extinguir,Inf,,,,,,,
justificava,justificar,Fin,Ind,Imp,3,Sing,,,
explodiu,explodir,Fin,Ind,Past,3,Sing,,,
suspensa,suspender,Part,,,,Sing,Fem,Pass,
custam,custar,Fin,Ind,Pres,3,Plur,,,
louvar,louvar,Inf,,,,,,,
contrastou,contrastar,Fin,Ind,Past,3,Sing,,,
comprometido,comprometer,Part,,,,Sing,Masc,,
cortámos,cortar,Fin,Ind,Pres,1,Plur,,,
barricámos,barricar,Fin,Ind,Pres,1,Plur,,,
cheguem,chegar,Fin,Sub,Pres,3,Plur,,,
fugido,fugir,Part,,,,Sing,Masc,,
comido,comer,Part,,,,,,,
prezada,prezar,Part,,,,Sing,Fem,,
esticam,esticar,Fin,Ind,Pres,3,Plur,,,
dita,dizer,Fin,Ind,Pres,3,Sing,,,
convertendo,converter,Ger,,,,,,,
regressara,regressar,Fin,Ind,Imp,3,Sing,,,
grelhar,grelhar,Inf,,,,,,,
come,comer,Fin,Ind,Pres,3,Sing,,,
resolve,resolver,Fin,Ind,Pres,3,Sing,,,
relembrou,relembrar,Fin,Ind,Past,3,Sing,,,
falem,falar,Fin,Sub,Pres,3,Plur,,,
pedida,pedir,Part,,,,Sing,Fem,Pass,
retomar,retomar,Inf,,,,,,,
obtidas,obter,Part,,,,Plur,Fem,Pass,
anunciadas,anunciar,Part,,,,Plur,Fem,Pass,
assegurando,assegurar,Ger,,,,,,,
representaria,representar,Fin,Cnd,,3,Sing,,,
imposto,impor,Part,,,,Sing,Masc,Pass,
votados,votar,Part,,,,Plur,Masc,Pass,
abster,abster,Inf,,,,,,,
devolver,devolver,Inf,,,,,,,
Precisou,precisar,Fin,Ind,Past,3,Sing,,,
respeita,respeitar,Fin,Ind,Pres,3,Sing,,,
espiava,espiar,Fin,Ind,Imp,3,Sing,,,
compreender,compreender,Inf,,,3,Sing,,,
passava,passar,Fin,Ind,Imp,3,Sing,,,
denunciou,denunciar,Fin,Ind,Past,3,Sing,,,
nasce,nascer,Fin,Ind,Pres,3,Sing,,,
poluídas,poluir,Part,,,,Plur,Fem,,
observados,observar,Part,,,,Plur,Masc,,
candidatas,candidatar,Part,,,,Plur,Fem,,
concretize,concretizar,Fin,Sub,Pres,3,Sing,,,
recomeçou,recomeçar,Fin,Ind,Past,3,Sing,,,AUX
Adia,adiar,Fin,Ind,Pres,3,Sing,,,
esgotada,esgotar,Part,,,,Sing,Fem,,
esfomeada,esfomear,Part,,,,Sing,Fem,,
Crescem,crescer,Fin,Ind,Pres,3,Plur,,,
contribua,contribuir,Fin,Sub,Pres,3,Sing,,,
prolongar,prolongar,Inf,,,,,,,
alimentar,alimentar,Inf,,,,,,,
persistem,persistir,Fin,Ind,Pres,3,Plur,,,
virá,vir,Fin,Ind,Fut,3,Sing,,,AUX
cabendo,caber,Ger,,,,,,,
ajardinado,ajardinar,Part,,,,Sing,Masc,,
destruído,destruir,Part,,,,Sing,Masc,Pass,
ampliado,ampliar,Part,,,,Sing,Masc,,
melhorará,melhorar,Fin,Ind,Fut,3,Sing,,,
Acabará,acabar,Fin,Ind,Fut,3,Sing,,,
limitou,limitar,Fin,Ind,Past,3,Sing,,,
reconverter,reconverter,Inf,,,,,,,
leccionar,leccionar,Inf,,,,,,,
leccionavam,leccionar,Fin,Ind,Imp,3,Plur,,,
cumprem,cumprir,Fin,Ind,Pres,3,Plur,,,
confrontados,confrontar,Part,,,,Plur,Masc,Pass,
enunciado,enunciado,Part,,,,Sing,Masc,,
rodeia,rodear,Fin,Ind,Pres,3,Sing,,,
pula,pular,Fin,Ind,Pres,3,Sing,,,
pergunta,perguntar,Fin,Ind,Pres,3,Sing,,,
fraquejam,fraquejar,Fin,Ind,Pres,3,Plur,,,
assumida,assumir,Part,,,,Sing,Fem,Pass,
empenhado,empenhar,Part,,,,Sing,Masc,,
escoe,escoar,Fin,Sub,Pres,3,Sing,,,
constatar,constatar,Inf,,,,,,,
revolvido,revolver,Part,,,,Sing,Masc,,
cruzada,cruzar,Part,,,,Sing,Fem,,
vistas,ver,Part,,,,Plur,Fem,Pass,
integrar,integrar,Inf,,,,,,,
despontando,despontar,Ger,,,,,,,
apanha,apanhar,Fin,Ind,Pres,3,Sing,,,
reduzido,reduzir,Part,,,,Sing,Masc,Pass,
controlava,controlar,Fin,Ind,Imp,3,Sing,,,
filmar,filmar,Inf,,,,,,,
forçaram,forçar,Fin,Ind,Past,3,Plur,,,
Desiludido,desiludir,Part,,,,Sing,Masc,,
assenta,assentar,Fin,Ind,Pres,3,Sing,,,
comprado,comprar,Part,,,,Sing,Masc,,
andavam,andar,Fin,Ind,Imp,3,Plur,,,
fugidos,fugir,Part,,,,Plur,Masc,,
Nascia,nascer,Fin,Ind,Imp,3,Sing,,,
supervisou,supervisar,Fin,Ind,Past,3,Sing,,,
controlando,controlar,Ger,,,,,,,
filmado,filmar,Part,,,,Sing,Masc,Pass,
Estreado,estrear,Part,,,,Sing,Masc,,
trouxe,trazer,Fin,Ind,Past,3,Sing,,,
acolhe,acolher,Fin,Ind,Pres,3,Sing,,,
encerrado,encerrar,Part,,,,Sing,Masc,Pass,
compreendidas,compreender,Part,,,,Plur,Fem,,
forçadas,forçar,Part,,,,Plur,Fem,Pass,
agendado,agendar,Part,,,,Sing,Masc,,
despachando,despachar,Ger,,,,,,,
deitará,deitar,Fin,Ind,Fut,3,Sing,,,
ferida,ferir,Part,,,,Sing,Fem,,
expurgada,expurgar,Part,,,,Sing,Fem,,
obrigará,obrigar,Fin,Ind,Fut,3,Sing,,,
submeter,submeter,Inf,,,3,Sing,,,
Telefonei,telefonar,Fin,Ind,Past,1,Sing,,,
forcei,forçar,Fin,Ind,Past,1,Sing,,,
encontrar,encontrar,Inf,Sub,,3,Sing,,,
Optávamos,optar,Fin,Ind,Pres,1,Plur,,,
Tentámos,tentar,Fin,Ind,Past,1,Plur,,,
devo,dever,Fin,Ind,Pres,1,Sing,,,
capturou,capturar,Fin,Ind,Past,3,Sing,,,
tocam,tocar,Fin,Ind,Pres,3,Plur,,,
elegeram,eleger,Fin,Ind,Past,3,Plur,,,
sagrar,sagrar,Inf,,,,,,,
exprime,exprimir,Fin,Ind,Pres,3,Sing,,,
Dado,dar,Part,,,,Sing,Masc,,
decidimos,decidir,Fin,Ind,Pres,1,Plur,,,
aterroriza,aterrorizar,Fin,Ind,Pres,3,Sing,,,
Iremos,ir,Fin,Ind,Fut,1,Plur,,,
adaptarmos,adaptar,Inf,,,1,Plur,,,
preferia,preferir,Fin,Ind,Imp,3,Sing,,,
repetiram,repetir,Fin,Ind,Past,3,Plur,,,
significou,significar,Fin,Ind,Past,3,Sing,,,
privilegiou,privilegiar,Fin,Ind,Past,3,Sing,,,
ofereça,oferecer,Fin,Sub,Pres,3,Sing,,,
baseiam,basear,Fin,Ind,Pres,3,Plur,,,
existiam,existir,Fin,Ind,Imp,3,Plur,,,
emocionaram,emocionar,Fin,Ind,Past,3,Plur,,,
chamamos,chamar,Fin,Ind,Pres,1,Plur,,,
saltámos,saltar,Fin,Ind,Pres,1,Plur,,,
batida,bater,Part,,,,Sing,Fem,,
alcançar,alcançar,Inf,,,,,,,
ascender,ascender,Inf,,,,,,,
repartida,repartir,Part,,,,Sing,Fem,Pass,
golear,golear,Inf,,,,,,,
disputado,disputar,Part,,,,,,,
disfrutam,desfrutar,Fin,Ind,Pres,3,Plur,,,
marcados,marcar,Part,,,,Plur,Masc,,
pressionado,pressionar,Part,,,,Sing,Masc,,
comentando,comentar,Ger,,,,,,,
pertenço,pertencer,Fin,Ind,Pres,1,Sing,,,
orgulho,orgulhar,Fin,Ind,Pres,1,Sing,,,
crescido,crescer,Part,,,,,,,
compreendem,compreender,Fin,Ind,Pres,3,Plur,,,
Compreendem,compreender,Fin,Ind,Pres,3,Plur,,,
Partiram,partir,Fin,Ind,Past,3,Plur,,,
antecipada,antecipar,Part,,,,Sing,Fem,,
forçado,forçar,Part,,,,Sing,Masc,,
importando,importar,Ger,,,,,,,
mantinha,manter,Fin,Ind,Imp,3,Sing,,,
estranhar,estranhar,Inf,,,,,,,
reunidos,reunir,Part,,,,Plur,Masc,,
obcecados,obcecado,Part,,,,Plur,Masc,,
acreditou,acreditar,Fin,Ind,Past,3,Sing,,,
programada,programar,Part,,,,Sing,Fem,Pass,
inicie,iniciar,Fin,Sub,Pres,3,Sing,,,
depositando,depositar,Ger,,,,,,,
Confesso,confessar,Fin,Ind,Pres,1,Sing,,,
entrei,entrar,Fin,Ind,Past,1,Sing,,,
teimou,teimar,Fin,Ind,Past,3,Sing,,,
desalentado,desalentar,Part,,,,Sing,Masc,,
experimentava,experimentar,Fin,Ind,Imp,3,Sing,,,
comece,começar,Fin,Sub,Pres,3,Sing,,,
chegarem,chegar,Fin,Sub,Fut,3,Plur,,,
exprimiu,exprimir,Fin,Ind,Past,3,Sing,,,
proposta,propor,Part,,,,Sing,Fem,Pass,
defendo,defender,Fin,Ind,Pres,1,Sing,,,
ultrapassar,ultrapassar,Inf,,,,,,,
vigorado,vigorar,Part,,,,,,,
ajustada,ajustar,Part,,,,Sing,Fem,,
atravessar,atravessar,Inf,,,,,,,
contemple,contemplar,Fin,Sub,Pres,3,Sing,,,
alterem,alterar,Fin,Sub,Pres,3,Plur,,,
discutidas,discutir,Part,,,,Plur,Fem,,
decididas,decidir,Part,,,,Plur,Fem,Pass,
exigidas,exigir,Part,,,,Plur,Fem,,
aproveite,aproveitar,Fin,Sub,Pres,3,Sing,,,
encolhidas,encolher,Part,,,,Plur,Fem,Pass,
vistoriar,vistoriar,Inf,,,,,,,
saía,sair,Fin,Ind,Imp,3,Sing,,,
tentado,tentar,Part,,,,Sing,Masc,,
demoveu,demover,Fin,Ind,Past,3,Sing,,,
consumou,consumar,Fin,Ind,Past,3,Sing,,,
desaparecera,desaparecer,Fin,Ind,Imp,3,Sing,,,
trazia,trazer,Fin,Ind,Imp,3,Sing,,,
vira,ver,Fin,Ind,Pres,3,Sing,,,
falsifica,falsificar,Fin,Ind,Pres,3,Sing,,,
bebe,beber,Fin,Ind,Pres,3,Sing,,,
saboreia,saborear,Fin,Ind,Pres,3,Sing,,,
apostado,apostar,Part,,,,Sing,Masc,,
desmentir,desmentir,Inf,,,,,,,
mantém,manter,Fin,Ind,Pres,3,Sing,,,
fraquejando,fraquejar,Ger,,,,,,,
compete,competir,Fin,Ind,Pres,3,Sing,,,
valorizados,valorizar,Part,,,,Plur,Masc,Pass,
relembrando,relembrar,Ger,,,,,,,
afastado,afastar,Part,,,,Sing,Masc,,
dançando,dançar,Ger,,,,,,,
coreografando,coreografar,Ger,,,,,,,
interpretados,interpretar,Part,,,,Plur,Masc,,
disputada,disputar,Part,,,,Sing,Fem,Pass,
acabando,acabar,Ger,,,,,,,AUX
eliminou,eliminar,Fin,Ind,Past,3,Sing,,,
admitido,admitir,Part,,,,,,,
empolgando,empolgar,Ger,,,,,,,
batendo,bater,Ger,,,,,,,
defrontará,defrontar,Fin,Ind,Fut,3,Sing,,,
confirmados,confirmar,Part,,,,Plur,Masc,,
causam,causar,Fin,Ind,Pres,3,Plur,,,
sediada,sediar,Part,,,,Sing,Fem,,
Identificado,identificar,Part,,,,Sing,Masc,,
identificado,identificar,Part,,,,Sing,Masc,Pass,
sucumbido,sucumbir,Part,,,,,,,
combateu,combater,Fin,Ind,Past,3,Sing,,,
chefiada,chefiar,Part,,,,Sing,Fem,Pass,
efectuados,efectuar,Part,,,,Plur,Masc,Pass,
deveu,dever,Fin,Ind,Past,3,Sing,,,
sabido,saber,Part,,,,Sing,Masc,Pass,
adiantado,adiantar,Part,,,,Sing,Masc,Pass,
implicou,implicar,Fin,Ind,Past,3,Sing,,,
validar,validar,Inf,,,,,,,
intervêm,intervir,Fin,Ind,Pres,3,Plur,,,
introduzindo,introduzir,Ger,,,,,,,
cumprirão,cumprir,Fin,Ind,Fut,3,Plur,,,
praticadas,praticar,Part,,,,Plur,Fem,,
começará,começar,Fin,Ind,Fut,3,Sing,,,AUX
garantidos,garantir,Part,,,,Plur,Masc,,
exportou,exportar,Fin,Ind,Past,3,Sing,,,
importou,importar,Fin,Ind,Past,3,Sing,,,
melhorou,melhorar,Fin,Ind,Past,3,Sing,,,
subiram,subir,Fin,Ind,Past,3,Plur,,,
Temos,ter,Fin,Ind,Pres,1,Plur,,,AUX
despedido,despedir,Part,,,,Sing,Masc,,
andava,andar,Fin,Ind,Imp,3,Sing,,,AUX
tratada,tratar,Part,,,,Sing,Fem,Pass,
repescados,repescar,Part,,,,Plur,Masc,,
concordam,concordar,Fin,Ind,Pres,3,Plur,,,
preferir,preferir,Fin,Sub,Fut,3,Sing,,,
Empregou,empregar,Fin,Ind,Past,3,Sing,,,
sabido,saber,Part,,,,,,,
reinserir,reinserir,Inf,,,,,,,
despolitizar,despolitizar,Inf,,,,,,,
herdou,herdar,Fin,Ind,Past,3,Sing,,,
governou,governar,Fin,Ind,Past,3,Sing,,,
obrigue,obrigar,Fin,Sub,Pres,3,Sing,,,
esvaziando,esvaziar,Ger,,,,,,,
tolerava,tolerar,Fin,Ind,Imp,3,Sing,,,
aparecido,aparecer,Part,,,,,,,
durar,durar,Inf,,,,,,,
assistem,assistir,Fin,Ind,Pres,3,Plur,,,
saiem,sair,Fin,Ind,Pres,3,Plur,,,
choram,chorar,Fin,Ind,Pres,3,Plur,,,
licenciado,licenciar,Part,,,,Sing,Masc,Pass,
finalizar,finalizar,Inf,,,,,,,
solicita,solicitar,Fin,Ind,Pres,3,Sing,,,
acabar,acabar,Fin,Sub,Fut,3,Sing,,,
aceitam,aceitar,Fin,Ind,Pres,3,Plur,,,
demonstrada,demonstrar,Part,,,,Sing,Fem,Pass,
realizo,realizar,Fin,Ind,Pres,1,Sing,,,
pegue,pegar,Fin,Sub,Pres,3,Sing,,,
elimine,eliminar,Fin,Sub,Pres,3,Sing,,,
contadas,contar,Part,,,,Plur,Fem,,
tente,tentar,Fin,Sub,Pres,3,Sing,,,
Acertou,acertar,Fin,Ind,Past,3,Sing,,,
repita,repetir,Fin,Sub,Pres,3,Sing,,,
alivia,aliviar,Fin,Ind,Pres,3,Sing,,,
influenciar,influenciar,Inf,,,,,,,
detectou,detectar,Fin,Ind,Past,3,Sing,,,
registadas,registar,Part,,,,Plur,Fem,,
considerando-o,considerandor,Ger,,,,,,,
beneficiada,beneficiar,Part,,,,Sing,Fem,Pass,
reforçou,reforçar,Fin,Ind,Past,3,Sing,,,
favorece,favorecer,Fin,Ind,Pres,3,Sing,,,
nasci,nascer,Fin,Ind,Past,1,Sing,,,
vivi,viver,Fin,Ind,Past,1,Sing,,,
exacerbados,exacerbar,Part,,,,Plur,Masc,,
rejeitar,rejeitar,Inf,,,,,,,
utilizado,utilizar,Part,,,,,,,
recandidata,recandidatar,Fin,Ind,Pres,3,Sing,,,
fiquem,ficar,Fin,Sub,Pres,3,Plur,,,
apuraram,apurar,Fin,Ind,Past,3,Plur,,,
permitam,permitir,Fin,Sub,Pres,3,Plur,,,
extrapolados,extrapolar,Part,,,,Plur,Masc,Pass,
elevada,elevar,Part,,,,Sing,Fem,,
associada,associar,Part,,,,Sing,Fem,,
conferencia,conferenciar,Fin,Ind,Pres,3,Sing,,,
conferenciam,conferenciar,Fin,Ind,Pres,3,Plur,,,
posta,pôr,Part,,,,Sing,Fem,,
apela,apelar,Fin,Ind,Pres,3,Sing,,,
tomada,tomar,Part,,,,Sing,Fem,,
distraído,distrair,Part,,,,Sing,Masc,,
aproveita,aproveitar,Fin,Ind,Pres,3,Sing,,,
completar,completar,Inf,,,3,Sing,,,
arrancarem,arrancar,Inf,,,3,Plur,,,
exigindo,exigir,Ger,,,,,,,
presidida,presidir,Part,,,,Sing,Fem,Pass,
comprometem,comprometer,Fin,Ind,Pres,3,Plur,,,
duplicar,duplicar,Inf,,,,,,,
gere,gerir,Fin,Ind,Pres,3,Sing,,,
assegurarem,assegurar,Inf,,,3,Plur,,,
detenham,deter,Fin,Sub,Pres,3,Plur,,,
ascende,ascender,Fin,Ind,Pres,3,Sing,,,
procuras,procurar,Fin,Ind,Pres,1,Plur,,,
publicamos,publicar,Fin,Ind,Pres,1,Plur,,,
concebida,conceber,Part,,,,Sing,Fem,,
Ter,ter,Inf,,,,,,,
Digamos,dizer,Fin,Ind,Pres,1,Plur,,,
despiciendo,despiciendo,Part,,,,,,,
encontrarmos,encontrar,Inf,,,1,Plur,,,
usufruirei,usufruir,Fin,Ind,Pres,1,Sing,,,
desfruta,desfrutar,Fin,Ind,Pres,3,Sing,,,
leram,ler,Fin,Ind,Past,3,Plur,,,
contentando,contentar,Ger,,,,,,,
formado,formar,Part,,,,Sing,Masc,Pass,
actua,actuar,Fin,Ind,Pres,3,Sing,,,
baptizado,baptizar,Part,,,,Sing,Masc,,
variou,variar,Fin,Ind,Past,3,Sing,,,
Despedir,despedir,Inf,,,,,,,
desmantelar,desmantelar,Inf,,,,,,,
continue,continuar,Fin,Sub,Pres,3,Sing,,,
bloqueada,bloquear,Part,,,,Sing,Fem,,
continuem,continuar,Fin,Sub,Pres,3,Plur,,,AUX
obrigados,obrigar,Part,,,,Plur,Masc,Pass,
Conseguir,conseguir,Inf,,,,,,,
ficado,ficar,Part,,,,Sing,Masc,,
concordaram,concordar,Fin,Ind,Past,3,Plur,,,
gostam,gostar,Fin,Ind,Pres,3,Plur,,,
contratou,contratar,Fin,Ind,Past,3,Sing,,,
manterem,manter,Inf,,,3,Plur,,,
conhecem,conhecer,Fin,Ind,Pres,3,Plur,,,
coberto,cobrir,Part,,,,Sing,Masc,,
inaugurada,inaugurar,Part,,,,Sing,Fem,,
atraíram,atrair,Fin,Ind,Past,3,Plur,,,
verificarem,verificar,Inf,,,3,Plur,,,
bloqueada,bloquear,Part,,,,Sing,Fem,Pass,
fugiram,fugir,Fin,Ind,Past,3,Plur,,,
tomaram,tomar,Fin,Ind,Past,3,Plur,,,
conduz,conduzir,Fin,Ind,Pres,3,Sing,,,
consumado,consumar,Part,,,,Sing,Masc,Pass,
rubricam,rubricar,Fin,Ind,Pres,3,Plur,,,
alegada,alegar,Part,,,,Sing,Fem,,
tutelado,tutelar,Part,,,,Sing,Masc,Pass,
conferidos,conferir,Part,,,,Plur,Masc,,
Sugere,sugerir,Fin,Ind,Pres,3,Sing,,,
devam,dever,Fin,Sub,Pres,3,Plur,,,
separados,separar,Part,,,,Plur,Masc,Pass,
alojadas,alojar,Part,,,,Plur,Fem,Pass,
imponham,impor,Fin,Sub,Pres,3,Plur,,,
acrescidas,acrescer,Part,,,,Plur,Fem,,
classificou,classificar,Fin,Ind,Past,3,Sing,,,
assessoriada,assessoriar,Part,,,,Sing,Fem,Pass,
informada,informar,Part,,,,Sing,Fem,,
extinto,extinguir,Part,,,,Sing,Masc,,
deflagrou,deflagrar,Fin,Ind,Past,3,Sing,,,
dado,dar,Part,,,,Sing,Masc,Pass,
morria,morrer,Fin,Ind,Imp,3,Sing,,,
enfrentava,enfrentar,Fin,Ind,Imp,3,Sing,,,
exibia,exibir,Fin,Ind,Imp,3,Sing,,,
coadjuvados,coadjuvar,Part,,,,Plur,Masc,Pass,
dispunha,dispor,Fin,Ind,Imp,3,Sing,,,
tentado,tentar,Part,,,,,,,
recuperou,recuperar,Fin,Ind,Past,3,Sing,,,
começava,começar,Fin,Ind,Imp,3,Sing,,,AUX
definida,definir,Part,,,,Sing,Fem,,
recorde,recordar,Fin,Sub,Pres,3,Sing,,,
acrescento,acrescentar,Fin,Ind,Pres,1,Sing,,,
Continuo,continuar,Fin,Ind,Pres,1,Sing,,,AUX
saibam,saber,Fin,Sub,Pres,3,Plur,,,
aparecessem,aparecer,Fin,Sub,Imp,3,Plur,,,
criadas,criar,Part,,,,Plur,Fem,,
conhecido,conhecer,Part,,,,Sing,Masc,Pass,
Situada,situar,Part,,,,Sing,Fem,,
alimentada,alimentar,Part,,,,Sing,Fem,Pass,
concentram,concentrar,Fin,Ind,Pres,3,Plur,,,
descontado,descontar,Part,,,,Sing,Masc,,
Passados,passar,Part,,,,Plur,Masc,,
continuamos,continuar,Fin,Ind,Pres,1,Plur,,,
estudado,estudar,Part,,,,Sing,Masc,Pass,
requer,requerer,Fin,Ind,Pres,3,Sing,,,
sustentam,sustentar,Fin,Ind,Pres,3,Plur,,,
Incluirá,incluir,Fin,Ind,Fut,3,Sing,,,
estarão,estar,Fin,Ind,Fut,3,Plur,,,
dedicado,dedicar,Part,,,,Sing,Masc,Pass,
falarão,falar,Fin,Ind,Fut,3,Plur,,,
abordará,abordar,Fin,Ind,Fut,3,Sing,,,
adormecer,adormecer,Inf,,,,,,,
exerceu,exercer,Fin,Ind,Past,3,Sing,,,
secou,secar,Fin,Ind,Past,3,Sing,,,
acordar,acordar,Inf,,,,,,,
rematou,rematar,Fin,Ind,Past,3,Sing,,,
embalar,embalar,Inf,,,,,,,
Acabadinho,acabar,Part,,,,Sing,Masc,,
entrar,entrar,Inf,,,,,,,AUX
gelaram,gelar,Fin,Ind,Past,3,Plur,,,
festejava,festejar,Fin,Ind,Imp,3,Sing,,,
suportado,suportar,Part,,,,Sing,Masc,Pass,
Implantado,implantar,Part,,,,Sing,Masc,,
desarticuladas,desarticular,Part,,,,Plur,Fem,,
permanecia,permanecer,Fin,Ind,Imp,3,Sing,,,
desconhecido,desconhecer,Part,,,,Sing,Masc,,
destruir,destruir,Inf,,,,,,,
Desvalorizando,desvalorizar,Ger,,,,,,,
errada,errar,Part,,,,Sing,Fem,,
reafirmou,reafirmar,Fin,Ind,Past,3,Sing,,,
Fundado,fundar,Part,,,,Sing,Masc,Pass,
Compõem,compor,Fin,Ind,Pres,3,Plur,,,
reconhecida,reconhecer,Part,,,,Sing,Fem,,
escolherem,escolher,Fin,Sub,Fut,3,Plur,,,
surgirão,surgir,Fin,Ind,Fut,3,Plur,,,
reinventadas,reinventar,Part,,,,Plur,Fem,,
repete,repetir,Fin,Ind,Pres,3,Sing,,,
justificando,justificar,Ger,,,,,,,
baterem,bater,Inf,,,3,Plur,,,
recolocou,recolocar,Fin,Ind,Past,3,Sing,,,
demonstrada,demonstrar,Part,,,,Sing,Fem,,
derrotada,derrotar,Part,,,,Sing,Fem,Pass,
protegem,proteger,Fin,Ind,Pres,3,Plur,,,
dourados,dourar,Part,,,,Plur,Masc,,
idealizado,idealizar,Part,,,,Sing,Masc,Pass,
apreendido,apreender,Part,,,,Sing,Masc,,
sentado,sentar,Part,,,,Sing,Masc,,
chupar,chupar,Inf,,,,,,,
criados,criar,Part,,,,Plur,Masc,Pass,
calçado,calçar,Part,,,,,,,
inchadas,inchar,Part,,,,Plur,Fem,,
ergue,erguer,Fin,Ind,Pres,3,Sing,,,
mergulhar,mergulhar,Inf,,,,,,,
ressumava,ressumar,Fin,Ind,Imp,3,Sing,,,
pesado,pesar,Part,,,,Sing,Masc,,
partia,partir,Fin,Ind,Imp,3,Sing,,,
enxugava,enxugar,Fin,Ind,Imp,3,Sing,,,
bordado,bordar,Part,,,,Sing,Masc,,
apertado,apertar,Part,,,,Sing,Masc,,
empoada,empoar,Part,,,,Sing,Fem,,
submerge,submergir,Fin,Ind,Pres,3,Sing,,,
comovida,comover,Part,,,,Sing,Fem,,
tratasse,tratar,Fin,Sub,Imp,3,Sing,,,
regressado,regressar,Part,,,,Sing,Masc,,
acaricia,acariciar,Fin,Ind,Pres,3,Sing,,,
tornara,tornar,Fin,Ind,Imp,3,Sing,,,
percorria,percorrer,Fin,Ind,Imp,3,Sing,,,
macular,macular,Inf,,,,,,,
recolhendo,recolher,Ger,,,,,,,
pertencera,pertencer,Fin,Ind,Imp,3,Sing,,,
Falou,falar,Fin,Ind,Past,3,Sing,,,
bebia,beber,Fin,Ind,Imp,3,Sing,,,
gaseificada,gaseificar,Part,,,,Sing,Fem,,
apontou,apontar,Fin,Ind,Past,3,Sing,,,
comiam,comer,Fin,Ind,Imp,3,Plur,,,
apinhava,apinhar,Fin,Ind,Pres,3,Sing,,,
tocasse,tocar,Fin,Sub,Imp,3,Sing,,,
permitia,permitir,Fin,Ind,Imp,3,Sing,,,
observar,observar,Inf,,,,,,,
circunscrito,circunscrever,Part,,,,Sing,Masc,,
atraído,atrair,Part,,,,Sing,Masc,Pass,
evaporava,evaporar,Fin,Ind,Imp,3,Sing,,,
rosada,rosar,Part,,,,Sing,Fem,,
recolhe,recolher,Fin,Ind,Pres,3,Sing,,,
avermelhados,avermelhar,Part,,,,Plur,Masc,Pass,
vivido,viver,Part,,,,,,,
Vem,vir,Fin,Ind,Pres,3,Sing,,,
acompanhado,acompanhar,Part,,,,Sing,Masc,,
passar,passar,Inf,,,3,Sing,,,
indagar,indagar,Inf,,,,,,,
convidadas,convidar,Part,,,,Plur,Fem,Pass,
recuperarem,recuperar,Inf,,,3,Plur,,,
tentarão,tentar,Fin,Ind,Fut,3,Plur,,,
deprimida,deprimido,Part,,,,Sing,Fem,,
encurralada,encurralar,Part,,,,Sing,Fem,,
Tinham,ter,Fin,Ind,Imp,3,Plur,,,
beneficiou,beneficiar,Fin,Ind,Past,3,Sing,,,
abandonou,abandonar,Fin,Ind,Past,3,Sing,,,
sofridos,sofrer,Part,,,,Plur,Masc,,
seguidos,seguir,Part,,,,Plur,Masc,Pass,
treinada,treinar,Part,,,,Sing,Fem,Pass,
impediu,impedir,Fin,Ind,Past,3,Sing,,,
isolar,isolar,Inf,,,3,Sing,,,
baralhada,baralhar,Part,,,,Sing,Fem,,
seduzidos,seduzir,Part,,,,Plur,Masc,Pass,
observavam,observar,Fin,Ind,Imp,3,Plur,,,
movemos,mover,Fin,Ind,Pres,1,Plur,,,
integrado,integrar,Part,,,,,,,
Acreditando,acreditar,Ger,,,,,,,
arriscar,arriscar,Inf,,,,,,,
reafirmem,reafirmar,Fin,Sub,Pres,3,Plur,,,
subscrevem,subscrever,Fin,Ind,Pres,3,Plur,,,
preveja,prever,Fin,Sub,Pres,3,Sing,,,
consigam,conseguir,Fin,Sub,Pres,3,Plur,,,
dinamiza,dinamizar,Fin,Ind,Pres,3,Sing,,,
contribuiram,contribuir,Fin,Ind,Past,3,Plur,,,
lançam,lançar,Fin,Ind,Pres,3,Plur,,,
colocam,colocar,Fin,Ind,Pres,3,Plur,,,
avaliaram,avaliar,Fin,Ind,Past,3,Plur,,,
acompanhadas,acompanhar,Part,,,,Plur,Fem,Pass,
descobertas,descobrir,Part,,,,Plur,Fem,,
descodificar,descodificar,Inf,,,,,,,
ajudaram,ajudar,Fin,Ind,Past,3,Plur,,,
aplaudindo,aplaudir,Ger,,,,,,,
saboreou,saborear,Fin,Ind,Past,3,Sing,,,
Vindo,vir,Ger,,,,,,,
eliminado,eliminar,Part,,,,,,,
aferir,aferir,Inf,,,,,,,
adequada,adequado,Part,,,,Sing,Fem,,
apostou,apostar,Fin,Ind,Past,3,Sing,,,
exigiu,exigir,Fin,Ind,Past,3,Sing,,,
gasto,gastar,Part,,,,,,,
visado,visar,Part,,,,Sing,Masc,,
desenvolvidas,desenvolver,Part,,,,Plur,Fem,,
endereçou,endereçar,Fin,Ind,Past,3,Sing,,,
propondo,propor,Ger,,,,,,,
compense,compensar,Fin,Sub,Pres,3,Sing,,,
cabem,caber,Fin,Ind,Pres,3,Plur,,,
travar,travar,Inf,,,,,,,
propostas,propor,Part,,,,Plur,Fem,,
nascido,nascer,Part,,,,Sing,Masc,,
vier,vir,Fin,Sub,Fut,3,Sing,,,AUX
perder,perder,Inf,,,3,Sing,,,
interpretou,interpretar,Fin,Ind,Past,3,Sing,,,
centrado,centrar,Part,,,,Sing,Masc,,
desfeito,desfazer,Part,,,,Sing,Masc,,
salvo,salvar,Part,,,,Sing,Masc,Pass,
endureceu,endurecer,Fin,Ind,Past,3,Sing,,,
condenada,condenar,Part,,,,Sing,Fem,,
convocar,convocar,Inf,,,,,,,
desvalorizou,desvalorizar,Fin,Ind,Past,3,Sing,,,
subsistir,subsistir,Inf,,,,,,,
reflectem,reflectir,Fin,Ind,Pres,3,Plur,,,
perseguido,perseguir,Part,,,,Sing,Masc,,
prosseguir,prosseguir,Inf,,,,,,,
entendem,entender,Fin,Ind,Pres,3,Plur,,,
remetendo,remeter,Ger,,,,,,,
juntar,juntar,Inf,,,,,,,
sujeita,sujeitar,Part,,,,Sing,Fem,,
afectados,afectar,Part,,,,Plur,Masc,Pass,
prossigam,prosseguir,Fin,Sub,Pres,3,Plur,,,
designado,designar,Part,,,,Sing,Masc,,
regulamentada,regulamentar,Part,,,,Sing,Fem,Pass,
preferidos,preferir,Part,,,,Plur,Masc,Pass,
considerados,considerar,Part,,,,Plur,Masc,,
rebentar,rebentar,Inf,,,,,,,
obedeceu,obedecer,Fin,Ind,Past,3,Sing,,,
disparou,disparar,Fin,Ind,Past,3,Sing,,,
sublinhando,sublinhar,Ger,,,,,,,
manipulam,manipular,Fin,Ind,Pres,3,Plur,,,
volte,voltar,Fin,Sub,Pres,3,Sing,,,AUX
apoia,apoiar,Fin,Ind,Pres,3,Sing,,,
concertada,concertar,Part,,,,Sing,Fem,,
conduzir,conduzir,Inf,,,,,,,
acorreram,acorrer,Fin,Ind,Past,3,Plur,,,
imaginei,imaginar,Fin,Ind,Past,1,Sing,,,
existisse,existir,Fin,Sub,Imp,3,Sing,,,
arrependeram,arrepender,Fin,Ind,Past,3,Plur,,,
correspondem,corresponder,Fin,Ind,Pres,3,Plur,,,
parecer,parecer,Inf,,,3,Sing,,,
escrito,escrever,Part,,,,Sing,Masc,,
posiciona,posicionar,Fin,Ind,Pres,3,Sing,,,
dados,dar,Part,,,,Plur,Masc,Pass,
negoceiam,negociar,Fin,Ind,Pres,3,Plur,,,
abram,abrir,Fin,Sub,Pres,3,Plur,,,
lamentar,lamentar,Inf,,,,,,,
viveu,viver,Fin,Ind,Past,3,Sing,,,
usado,usar,Part,,,,,,,
saltado,saltar,Part,,,,,,,
Indocumentado,indocumentado,Part,,,,Sing,Masc,,
trocado,trocado,Part,,,,Sing,Masc,,
acompanharam,acompanhar,Fin,Ind,Past,3,Plur,,,
verificaram,verificar,Fin,Ind,Past,3,Plur,,,
falsificado,falsificado,Part,,,,Sing,Masc,,
adquirido,adquirir,Part,,,,Sing,Masc,Pass,
Acusado,acusar,Part,,,,Sing,Masc,,
reflectindo,reflectir,Ger,,,,,,,
adoptou,adoptar,Fin,Ind,Past,3,Sing,,,
lançados,lançar,Part,,,,Plur,Masc,,
admitir,admitir,Inf,,,,,,,
diminuído,diminuir,Part,,,,,,,
reuniu,reunir,Fin,Ind,Past,3,Sing,,,
desdobrado,desdobrar,Part,,,,Sing,Masc,,
destina,destinar,Fin,Ind,Pres,3,Sing,,,
acrescidos,acrescer,Part,,,,Plur,Masc,,
proporcionados,proporcionar,Part,,,,Plur,Masc,,
concorre,concorrer,Fin,Ind,Pres,3,Sing,,,
Sobem,subir,Fin,Ind,Pres,3,Plur,,,
descem,descer,Fin,Ind,Pres,3,Plur,,,
escapará,escapar,Fin,Ind,Fut,3,Sing,,,
alinha,alinhar,Fin,Ind,Pres,3,Sing,,,
subirá,subir,Fin,Ind,Fut,3,Sing,,,
Desejava,desejar,Fin,Ind,Imp,3,Sing,,,
acabado,acabar,Part,,,,,,,AUX
reparado,reparar,Part,,,,Sing,Masc,Pass,
competirem,competir,Inf,,,3,Plur,,,
ditar,ditar,Inf,,,,,,,
funcionado,funcionar,Part,,,,Sing,Masc,,
transformarem,transformar,Inf,,,3,Plur,,,
fechado,fechar,Part,,,,,,,
instaladas,instalar,Part,,,,Plur,Fem,Pass,
servirá,servir,Fin,Ind,Fut,3,Sing,,,
formalizado,formalizar,Part,,,,Sing,Masc,Pass,
permanecessem,permanecer,Fin,Sub,Imp,3,Plur,,,
Termina,terminar,Fin,Ind,Pres,3,Sing,,,
centradas,centrar,Part,,,,Plur,Fem,,
equilibrada,equilibrar,Part,,,,Sing,Fem,,
hão,haver,Fin,Ind,Pres,3,Plur,,,AUX
comparo,comparar,Fin,Ind,Pres,1,Sing,,,
entendida,entender,Part,,,,Sing,Fem,Pass,
reflectir,reflectir,Inf,,,,,,,
misturar,misturar,Inf,,,,,,,
hierarquizar,hierarquizar,Inf,,,,,,,
leve,levar,Fin,Sub,Pres,3,Sing,,,
encetar,encetar,Inf,,,,,,,
convencidos,convencer,Part,,,,Plur,Masc,,
proporem,propor,Inf,,,3,Plur,,,
depravadas,depravar,Part,,,,Plur,Fem,,
trocada,trocar,Part,,,,Sing,Fem,Pass,
refutaram,refutar,Fin,Ind,Past,3,Plur,,,
garantindo,garantir,Ger,,,,,,,
prove,provar,Fin,Sub,Pres,3,Sing,,,
contestam,contestar,Fin,Ind,Pres,3,Plur,,,
Contactados,contactar,Part,,,,Plur,Masc,Pass,
mandado,mandar,Part,,,,Sing,Masc,,
elaborar,elaborar,Inf,,,,Sing,,,
carece,carecer,Fin,Ind,Pres,3,Sing,,,
reconheça,reconhecer,Fin,Sub,Pres,3,Sing,,,
dispostas,disposto,Part,,,,Plur,Fem,,
criarem,criar,Inf,,,3,Plur,,,
aprovados,aprovar,Part,,,,Plur,Masc,Pass,
orientadas,orientar,Part,,,,Plur,Fem,,
lembrado,lembrar,Part,,,,,,,
proibida,proibir,Part,,,,Sing,Fem,Pass,
interpelado,interpelar,Part,,,,Sing,Masc,Pass,
revistado,revistar,Part,,,,Sing,Masc,Pass,
imbuído,imbuir,Part,,,,Sing,Masc,,
disparatada,disparatar,Part,,,,Sing,Fem,,
Imaginei,imaginar,Fin,Ind,Past,1,Sing,,,
passava,passar,Fin,Ind,Imp,3,Sing,,,AUX
guardado,guardar,Part,,,,Sing,Masc,Pass,
soubessem,saber,Fin,Sub,Imp,3,Plur,,,
Conheço,conhecer,Fin,Ind,Pres,1,Sing,,,
aprecio,apreciar,Fin,Ind,Pres,1,Sing,,,
conseguida,conseguir,Part,,,,Sing,Fem,Pass,
roubou,roubar,Fin,Ind,Past,3,Sing,,,
sofreu,sofrer,Fin,Ind,Past,3,Sing,,,
iniciado,iniciar,Part,,,,Sing,Masc,,
povoa,povoar,Fin,Ind,Pres,3,Sing,,,
marcando,marcar,Ger,,,,,,,
soltas,soltar,Part,,,,Plur,Fem,,
trajar,trajar,Inf,,,,,,,
bailava,bailar,Fin,Ind,Imp,3,Sing,,,
pavimentavam,pavimentar,Fin,Ind,Imp,3,Plur,,,
executado,executar,Part,,,,Sing,Masc,Pass,
reintegram,reintegrar,Fin,Ind,Pres,3,Plur,,,
Fundado,fundar,Part,,,,Sing,Masc,,
arrasado,arrasar,Part,,,,Sing,Masc,,
datando,datar,Ger,,,,,,,
remodelado,remodelar,Part,,,,Sing,Masc,Pass,
aumentado,aumentar,Part,,,,Sing,Masc,,
anda,andar,Fin,Ind,Pres,3,Sing,,,
abateu,abater,Fin,Ind,Past,3,Sing,,,
administram,administrar,Fin,Ind,Pres,3,Plur,,,
primou,primar,Fin,Ind,Past,3,Sing,,,
disputadas,disputar,Part,,,,Plur,Fem,,
sentirem,sentir,Inf,,,3,Plur,,,
decididas,decidir,Part,,,,Plur,Fem,,
dominada,dominar,Part,,,,Sing,Fem,Pass,
cortou,cortar,Fin,Ind,Past,3,Sing,,,
parado,parar,Part,,,,Sing,Masc,,
parando,parar,Ger,,,,,,,
aquecia,aquecer,Fin,Ind,Imp,3,Sing,,,
Caído,cair,Part,,,,Sing,Masc,,
colocados,colocar,Part,,,,Plur,Masc,,
noticiou,noticiar,Fin,Ind,Past,3,Sing,,,
afectado,afectar,Part,,,,,,,
diminuíu,diminuir,Fin,Ind,Past,3,Sing,,,
converter,converter,Inf,,,,,,,
formam,formar,Fin,Ind,Pres,3,Plur,,,
afinado,afinar,Part,,,,Sing,Masc,,
Parecem,parecer,Fin,Ind,Pres,3,Plur,,,
fiar,fiar,Fin,Sub,Fut,3,Sing,,,
abafado,abafar,Part,,,,Sing,Masc,,
matará,matar,Fin,Ind,Fut,3,Sing,,,
tragam,trazer,Fin,Sub,Pres,3,Plur,,,
começam,começar,Fin,Ind,Pres,3,Plur,,,AUX
devora,devorar,Fin,Ind,Pres,3,Sing,,,
evocando,evocar,Ger,,,,,,,
anunciam,anunciar,Fin,Ind,Pres,3,Plur,,,
autopunir,autopunir,Inf,,,,,,,
havido,haver,Part,,,,Sing,Masc,,
Regista,registar,Fin,Ind,Pres,3,Sing,,,
existiu,existir,Fin,Ind,Past,3,Sing,,,
instalada,instalar,Part,,,,Sing,Fem,,
saudamos,saudar,Fin,Ind,Pres,1,Plur,,,
convalescer,convalescer,Inf,,,,,,,
Acompanhando,acompanhar,Ger,,,,,,,
pronunciada,pronunciar,Part,,,,Sing,Fem,,
ficaram,ficar,Fin,Ind,Past,3,Plur,,,AUX
dever,dever,Inf,,,,,,,
conquistado,conquistar,Part,,,,,,,
diminuiu,diminuir,Fin,Ind,Past,3,Sing,,,
cruzam,cruzar,Fin,Ind,Pres,3,Plur,,,
DEFENDE,defender,Fin,Ind,Pres,3,Sing,,,
preferiria,preferir,Fin,Cnd,,3,Sing,,,
entrasse,entrar,Fin,Sub,Imp,3,Sing,,,
projecta,projectar,Fin,Ind,Pres,3,Sing,,,
rodar,rodar,Inf,,,,,,,
averbarem,averbar,Inf,,,3,Plur,,,
melhorando,melhorar,Ger,,,,,,,
ameaçar,ameaçar,Inf,,,,,,,
desbloqueado,desbloquear,Part,,,,Sing,Masc,Pass,
justificou,justificar,Fin,Ind,Past,3,Sing,,,
adiantando,adiantar,Ger,,,,,,,
estraga,estragar,Fin,Ind,Pres,3,Sing,,,
repensadas,repensar,Part,,,,Plur,Fem,Pass,
apressadas,apressar,Part,,,,Plur,Fem,,
dedicavam,dedicar,Fin,Ind,Imp,3,Plur,,,
queixar,queixar,Inf,,,,,,,
quiserem,querer,Fin,Sub,Fut,3,Plur,,,
gracejou,gracejar,Fin,Ind,Past,3,Sing,,,
manifesta,manifesto,Fin,Ind,Pres,3,Sing,,,
formalizar,formalizar,Inf,,,,,,,
juntou,juntar,Fin,Ind,Past,3,Sing,,,
realça,realçar,Fin,Ind,Pres,3,Sing,,,
elevado,elevar,Part,,,,Sing,Masc,,
motiva,motivar,Fin,Ind,Pres,3,Sing,,,
conseguidos,conseguir,Part,,,,Plur,Masc,,
reforçando,reforçar,Ger,,,,,,,
motorizadas,motorizar,Part,,,,Plur,Fem,Pass,
entusiasmados,entusiasmar,Part,,,,Plur,Masc,,
operado,operar,Part,,,,Sing,Masc,Pass,
conheça,conhecer,Fin,Sub,Pres,3,Sing,,,
saberá,saber,Fin,Ind,Fut,3,Sing,,,
reservada,reservar,Part,,,,Sing,Fem,,
levará,levar,Fin,Ind,Fut,3,Sing,,,
angariar,angariar,Inf,,,,,,,
disponibilizado,disponibilizar,Part,,,,,,,
utilizados,utilizar,Part,,,,Plur,Masc,Pass,
salvaram,salvar,Fin,Ind,Past,3,Plur,,,
Cumprindo,cumprir,Ger,,,,,,,
deslocar,deslocar,Inf,,,3,Sing,,,
aludindo,aludir,Ger,,,,,,,
limitada,limitar,Part,,,,Sing,Fem,,
fiscaliza,fiscalizar,Fin,Ind,Pres,3,Sing,,,
passar,passar,Inf,,,,,,,AUX
Citado,citar,Part,,,,Sing,Masc,Pass,
poderemos,poder,Fin,Ind,Fut,1,Plur,,,
vingar,vingar,Inf,,,,,,,
obrigando,obrigar,Ger,,,,,,,
caberá,caber,Fin,Ind,Fut,3,Sing,,,
estimasse,estimar,Fin,Sub,Imp,3,Sing,,,
calculada,calcular,Part,,,,Sing,Fem,,
recensear,recensear,Inf,,,,,,,
estava,estar,Fin,Ind,Imp,3,Sing,,,
interessaram,interessar,Fin,Ind,Past,3,Plur,,,
esclarecendo,esclarecer,Ger,,,,,,,
supôs,supor,Fin,Ind,Imp,3,Sing,,,
emitida,emitir,Part,,,,Sing,Fem,Pass,
autorizou,autorizar,Fin,Ind,Past,3,Sing,,,
conceder,conceder,Inf,,,,,,,
renovado,renovar,Part,,,,,,,
aplicados,aplicar,Part,,,,Plur,Masc,Pass,
estar,estar,Inf,,,3,Sing,,,AUX
autorizar,autorizar,Inf,,,,,,,
centrou,centrar,Fin,Ind,Past,3,Sing,,,
cabeceou,cabecear,Fin,Ind,Past,3,Sing,,,
atrasaram,atrasar,Fin,Ind,Past,3,Plur,,,
deixara,deixar,Fin,Ind,Imp,3,Sing,,,
entrever,entrever,Inf,,,,,,,
parecida,parecer,Part,,,,Sing,Fem,,
roer,roer,Inf,,,,,,,
trucidadas,trucidar,Part,,,,Plur,Fem,Pass,
tritura,triturar,Fin,Ind,Pres,3,Sing,,,
envia,enviar,Fin,Ind,Pres,3,Sing,,,
enfiando,enfiar,Ger,,,,,,,
armado,armar,Part,,,,Sing,Masc,,
revestem,revestir,Fin,Ind,Pres,3,Plur,,,
comandados,comandar,Part,,,,Plur,Masc,Pass,
controlados,controlar,Part,,,,Plur,Masc,Pass,
invocaram,invocar,Fin,Ind,Past,3,Plur,,,
saído,sair,Part,,,,Sing,Masc,,
perseguidos,perseguir,Part,,,,Plur,Masc,Pass,
escrevia,escrever,Fin,Ind,Imp,3,Sing,,,
apareciam,aparecer,Fin,Ind,Imp,3,Plur,,,
perturbando,perturbar,Ger,,,,,,,
enlutadas,enlutar,Part,,,,Plur,Fem,,
debruados,debruar,Part,,,,Plur,Masc,,
recuperados,recuperar,Part,,,,Plur,Masc,Pass,
empossado,empossar,Part,,,,Sing,Masc,Pass,
Chefiada,chefiar,Part,,,,Sing,Fem,Pass,
fiscalizar,fiscalizar,Inf,,,,,,,
punir,punir,Inf,,,,,,,
destacadas,destacar,Part,,,,Plur,Fem,Pass,
aceite,aceitar,Part,,,,Sing,Masc,,
efectuar,efectuar,Inf,,,3,Sing,,,
integradas,integrar,Part,,,,Plur,Fem,,
tidas,ter,Part,,,,Plur,Fem,,
aberto,abrir,Part,,,,,,,
anunciado,anunciar,Part,,,,Sing,Masc,Pass,
chamavam,chamar,Fin,Ind,Imp,3,Plur,,,
investigada,investigar,Part,,,,Sing,Fem,Pass,
forçado,forçar,Part,,,,,,,
entregarem,entregar,Inf,,,3,Plur,,,
exigir,exigir,Inf,,,3,Sing,,,
esquecidos,esquecer,Part,,,,Plur,Masc,,
cumpra,cumprir,Fin,Sub,Pres,3,Sing,,,
efectuam,efectuar,Fin,Ind,Pres,3,Plur,,,
falseiam,falsear,Fin,Ind,Pres,3,Plur,,,
Conta,contar,Fin,Ind,Pres,3,Sing,,,
folheávamos,folhear,Fin,Ind,Pres,1,Plur,,,
acabados,acabar,Part,,,,Plur,Masc,,
recomeçada,recomeçar,Part,,,,Sing,Fem,,
desligar,desligar,Inf,,,,,,,
invadir,invadir,Inf,,,,,,,
tivermos,ter,Fin,Sub,Fut,1,Plur,,,
trocaram,trocar,Fin,Ind,Past,3,Plur,,,
indeterminado,indeterminar,Part,,,,Sing,Masc,,
transformados,transformar,Part,,,,Plur,Masc,,
fixámos,fixar,Fin,Ind,Pres,1,Plur,,,
atrasou,atrasar,Fin,Ind,Past,3,Sing,,,
rompeu,romper,Fin,Ind,Past,3,Sing,,,
aceitando,aceitar,Ger,,,,,,,
Recusou,recusar,Fin,Ind,Past,3,Sing,,,
propostas,propor,Part,,,,Plur,Fem,Pass,
suspenso,suspender,Part,,,,Sing,Masc,,
efectuaram,efectuar,Fin,Ind,Past,3,Plur,,,
culpado,culpar,Part,,,,Sing,Masc,Pass,
reiteradas,reiterar,Part,,,,Plur,Fem,Pass,
existindo,existir,Ger,,,,,,,
Junta,juntar,Fin,Ind,Pres,3,Sing,,,
secar,secar,Inf,,,,,,,
apetece,apetecer,Fin,Ind,Pres,3,Sing,,,
distribuído,distribuir,Part,,,,Sing,Masc,Pass,
anda,andar,Fin,Ind,Pres,3,Sing,,,AUX
complicados,complicar,Part,,,,Plur,Masc,,
afugentar,afugentar,Inf,,,,,,,
obtidos,obter,Part,,,,Plur,Masc,,
formaliza,formalizar,Fin,Ind,Pres,3,Sing,,,
capacitando,capacitar,Ger,,,,,,,
tenderá,tender,Fin,Ind,Fut,3,Sing,,,AUX
recorrem,recorrer,Fin,Ind,Pres,3,Plur,,,
discutirem,discutir,Inf,,,3,Plur,,,
determinará,determinar,Fin,Ind,Fut,3,Sing,,,
residir,residir,Inf,,,,,,,
cortada,cortar,Part,,,,Sing,Fem,Pass,
expõem,expor,Fin,Ind,Pres,3,Plur,,,
Cheira,cheirar,Fin,Ind,Pres,3,Sing,,,
conquistado,conquistar,Part,,,,Sing,Masc,,
coube,caber,Fin,Ind,Past,3,Sing,,,
Subir,subir,Inf,,,3,Sing,,,
escondem,esconder,Fin,Ind,Pres,3,Plur,,,
reservou,reservar,Fin,Ind,Past,3,Sing,,,
acelera,acelerar,Fin,Ind,Pres,3,Sing,,,
aceitará,aceitar,Fin,Ind,Fut,3,Sing,,,
proposto,propor,Part,,,,Sing,Masc,Pass,
preferindo,preferir,Ger,,,,,,,
consultado,consultar,Part,,,,Sing,Masc,Pass,
romper,romper,Inf,,,,,,,
estando,estar,Ger,,,,,,,AUX
expira,expirar,Fin,Ind,Pres,3,Sing,,,
explicando,explicar,Ger,,,,,,,
entregue,entregar,Part,,,,,,,
enfrentado,enfrentar,Part,,,,,,,
capitalizado,capitalizar,Part,,,,,,,
fizemos,fazer,Fin,Ind,Past,1,Plur,,,
contribuiu,contribuir,Fin,Ind,Past,3,Sing,,,
prever,prever,Inf,,,,,,,
conduza,conduzir,Fin,Sub,Pres,3,Sing,,,
Baseado,basear,Part,,,,Sing,Masc,,
estiverem,estar,Fin,Sub,Fut,3,Plur,,,AUX
massacrar,massacrar,Inf,,,,,,,
relançará,relançar,Fin,Ind,Fut,3,Sing,,,
identificam,identificar,Fin,Ind,Pres,3,Plur,,,
fornecerem,fornecer,Inf,,,3,Plur,,,
idos,ir,Part,,,,Plur,Masc,,
lutaram,lutar,Fin,Ind,Past,3,Plur,,,
trabalhadas,trabalhado,Part,,,,Plur,Fem,Pass,
ocupou,ocupar,Fin,Ind,Past,3,Sing,,,
alinhar,alinhar,Inf,,,3,Sing,,,
avançado,avançar,Part,,,,Sing,Masc,,
valorizou,valorizar,Fin,Ind,Past,3,Sing,,,
quebradas,quebrar,Part,,,,Plur,Fem,Pass,
assinalar,assinalar,Inf,,,,,,,
despromovidos,despromover,Part,,,,Plur,Masc,Pass,
pôs,pôr,Fin,Ind,Past,3,Sing,,,
desempenhava,desempenhar,Fin,Ind,Imp,3,Sing,,,
privatizada,privatizar,Part,,,,Sing,Fem,,
concedo,conceder,Fin,Ind,Pres,1,Sing,,,
aposto,apostar,Fin,Ind,Pres,1,Sing,,,
partilharia,partilhar,Fin,Cnd,,3,Sing,,,
abertos,abrir,Part,,,,Plur,Masc,,
declarar,declarar,Fin,Sub,Fut,3,Sing,,,
efectuado,efectuar,Part,,,,Sing,Masc,,
abordada,abordar,Part,,,,Sing,Fem,Pass,
enviando,enviar,Ger,,,,,,,
autoriza,autorizar,Fin,Ind,Pres,3,Sing,,,
municipalizados,municipalizar,Part,,,,Plur,Masc,,
contestada,contestar,Part,,,,Sing,Fem,Pass,
alterada,alterar,Part,,,,Sing,Fem,Pass,
questionando,questionar,Ger,,,,,,,
impressionaram,impressionar,Fin,Ind,Past,3,Plur,,,
desculpou,desculpar,Fin,Ind,Past,3,Sing,,,
calado,calar,Part,,,,Sing,Masc,,
esvaziava,esvaziar,Fin,Ind,Imp,3,Sing,,,
acrescentasse,acrescentar,Fin,Sub,Imp,3,Sing,,,
procurado,procurar,Part,,,,,,,
vinham,vir,Fin,Ind,Imp,3,Plur,,,
escrevesse,escrever,Fin,Sub,Imp,3,Sing,,,
acossar,acossar,Inf,,,,,,,
emigrar,emigrar,Inf,,,,,,,
autorizados,autorizar,Part,,,,Plur,Masc,Pass,
negado,negar,Part,,,,Sing,Masc,Pass,
negoceia,negociar,Fin,Ind,Pres,3,Sing,,,
abrandar,abrandar,Inf,,,3,Sing,,,
Sabe,saber,Fin,Ind,Pres,3,Sing,,,
excluída,excluir,Part,,,,Sing,Fem,Pass,
condenou,condenar,Fin,Ind,Past,3,Sing,,,
subscrita,subscrever,Part,,,,Sing,Fem,Pass,
Considerando,considerar,Ger,,,,,,,
apretechada,apretechado,Part,,,,Sing,Fem,,
elevados,elevar,Part,,,,Plur,Masc,,
insistiram,insistir,Fin,Ind,Past,3,Plur,,,
pedido,pedir,Part,,,,,,,
acompanhem,acompanhar,Fin,Sub,Pres,3,Plur,,,
precisou,precisar,Fin,Ind,Past,3,Sing,,,
congelar,congelar,Inf,,,,,,,
convocado,convocar,Part,,,,Sing,Masc,Pass,
ouçam,ouvir,Fin,Sub,Pres,3,Plur,,,
associadas,associar,Part,,,,Plur,Fem,Pass,
impliquem,implicar,Fin,Sub,Pres,3,Plur,,,
visto,ver,Part,,,,Sing,Masc,,
esvoaçam,esvoaçar,Fin,Ind,Pres,3,Plur,,,
expressa,esprimir,Part,,,,Sing,Fem,,
imita,imitar,Fin,Ind,Pres,3,Sing,,,
repercute,repercutir,Fin,Ind,Pres,3,Sing,,,
despedaçam,despedaçar,Fin,Sub,Pres,3,Plur,,,
constituído,constituir,Part,,,,,,,
empenhadas,empenhada,Part,,,,Plur,Fem,,
reafirmando,reafirmar,Ger,,,,,,,
sigam,seguir,Fin,Sub,Pres,3,Plur,,,
atendendo,atender,Ger,,,,,,,
facilita,facilitar,Fin,Ind,Pres,3,Sing,,,
definirem,definir,Inf,,,3,Plur,,,
convocaram,convocar,Fin,Ind,Past,3,Plur,,,
continuou,continuar,Fin,Ind,Past,3,Sing,,,
ocupa,ocupar,Fin,Ind,Pres,3,Sing,,,
interveio,intervir,Fin,Ind,Past,3,Sing,,,
motivada,motivar,Part,,,,Sing,Fem,Pass,
aconselharem,aconselhar,Inf,,,3,Plur,,,
venderem,vender,Inf,,,3,Plur,,,
elaborada,elaborar,Part,,,,Sing,Fem,,
alheada,alhear,Part,,,,Sing,Fem,,
anunciara,anunciar,Fin,Ind,Imp,3,Sing,,,
notada,notar,Part,,,,Sing,Fem,,
acompanhados,acompanhar,Part,,,,Plur,Masc,Pass,
sucedendo,suceder,Ger,,,,,,,
dizer,dizer,Inf,,,3,,,,
Olhem,olhar,Fin,Sub,Pres,3,Plur,,,
albergar,albergar,Inf,,,,,,,
inundou,inundar,Fin,Ind,Past,3,Sing,,,
Havia,haver,Fin,Ind,Imp,3,Sing,,,
mostravam,mostrar,Fin,Ind,Imp,3,Plur,,,
esgotar,esgotar,Inf,,,3,Sing,,,
obrigadas,obrigar,Part,,,,Plur,Fem,,
improvisar,improvisar,Inf,,,,,,,
atrasando,atrasar,Ger,,,,,,,
recolhidas,recolher,Part,,,,Plur,Fem,,
deviam,dever,Fin,Ind,Imp,3,Plur,,,
preparavam,preparar,Fin,Ind,Imp,3,Plur,,,
preocupados,preocupado,Part,,,,Plur,Masc,,
ultrapassavam,ultrapassar,Fin,Ind,Imp,3,Plur,,,
falada,falar,Part,,,,Sing,Fem,,
garantia,garantir,Fin,Ind,Pres,3,Sing,,,
aludia,aludir,Fin,Ind,Imp,3,Sing,,,
concordar,concordar,Inf,,,,,,,
dadas,dar,Part,,,,Plur,Fem,,
gerir,gerir,Inf,,,,,,,
transformando,transformar,Ger,,,,,,,
arruinada,arruinar,Part,,,,Sing,Fem,,
olharmos,olhar,Fin,,,1,Plur,,,
verificarmos,verificar,Inf,,,1,Plur,,,
atolada,atolar,Part,,,,Sing,Fem,,
responsabilizar,responsabilizar,Inf,,,,,,,
contado,contar,Part,,,,,,,
herdar,herdar,Inf,,,,,,,
acarreta,acarretar,Fin,Ind,Pres,3,Sing,,,
accionada,accionar,Part,,,,Sing,Fem,Pass,
eternizar,eternizar,Inf,,,,,,,
desencadear,desencadear,Inf,,,,,,,
poupadas,poupar,Part,,,,Plur,Fem,,
diferendo,diferendo,Part,,,,Sing,Masc,,
prometem,prometer,Fin,Ind,Pres,3,Plur,,,
ignorar,ignorar,Inf,,,,,,,
travando,travar,Ger,,,,,,,
inalteradas,inalterado,Part,,,,Plur,Fem,,
data,datar,Fin,Ind,Pres,3,Sing,,,
proferido,proferir,Part,,,,Sing,Masc,,
insistiu,insistir,Fin,Ind,Past,3,Sing,,,
atenue,atenuar,Fin,Sub,Pres,3,Sing,,,
renunciou,renunciar,Fin,Ind,Past,3,Sing,,,
afunilou,afunilar,Fin,Ind,Past,3,Sing,,,
iniciado,iniciar,Part,,,,,,,
celebrado,celebrar,Part,,,,Sing,Masc,,
favorecido,favorecer,Part,,,,Sing,Masc,,
procedido,proceder,Part,,,,Sing,Masc,,
satisfeita,satisfazer,Part,,,,Sing,Fem,,
Lamentamos,lamentar,Fin,Ind,Pres,1,Plur,,,
voltem,voltar,Fin,Sub,Pres,3,Plur,,,
atribuídas,atribuir,Part,,,,Plur,Fem,Pass,
entenderam,entender,Fin,Ind,Past,3,Plur,,,
promova,promover,Fin,Sub,Pres,3,Sing,,,
trocadas,trocar,Part,,,,Plur,Fem,,
ilumina,iluminar,Fin,Ind,Pres,3,Sing,,,
apreciar,apreciar,Inf,,,,,,,
atrelado,atrelar,Part,,,,Sing,Masc,,
refinada,refinar,Part,,,,Sing,Fem,,
vocacionado,vocacionar,Part,,,,Sing,Masc,,
representada,representar,Part,,,,Sing,Fem,Pass,
atravessando,atravessar,Ger,,,,,,,
abandonado,abandonar,Part,,,,,,,
contam,contar,Fin,Ind,Pres,3,Plur,,,
destruídas,destruir,Part,,,,Plur,Fem,,
massacradas,massacrar,Part,,,,Plur,Fem,,
mortos,matar,Part,,,,Plur,Masc,,
chegam,chegar,Fin,Ind,Pres,3,Plur,,,
distinguidos,distinguir,Part,,,,Plur,Masc,,
verifica,verificar,Fin,Ind,Pres,3,Sing,,,
protagonizado,protagonizar,Part,,,,Sing,Masc,Pass,
sentem,sentar,Fin,Sub,Pres,3,Plur,,,
enunciava,enunciar,Fin,Ind,Imp,3,Sing,,,
Ganho,ganhar,Fin,Ind,Pres,1,Sing,,,
dito,dizer,Part,,,,Sing,Masc,Pass,
apresentámos,apresentar,Fin,Ind,Past,1,Plur,,,
convidámos,convidar,Fin,Ind,Past,1,Plur,,,
acorreu,acorrer,Fin,Ind,Past,3,Sing,,,
Protestaram,protestar,Fin,Ind,Past,3,Plur,,,
previstos,prever,Part,,,,Plur,Masc,Pass,
pedimos,pedir,Fin,Ind,Past,1,Plur,,,
perdoados,perdoar,Part,,,,Plur,Masc,Pass,
ovacionados,ovacionar,Part,,,,Plur,Masc,,
assumi,assumir,Fin,Ind,Past,1,Sing,,,
seria,ser,Fin,Cnd,,3,Sing,,,
incluía,incluir,Fin,Ind,Imp,3,Sing,,,
apelou,apelar,Fin,Ind,Past,3,Sing,,,
encorajar,encorajar,Inf,,,,,,,
fundaram,fundar,Fin,Ind,Past,3,Plur,,,
operarem,operar,Inf,,,3,Plur,,,
podendo,poder,Ger,,,,,,,
vir,vir,Inf,,,3,Sing,,,AUX
Sequestrado,sequestrar,Part,,,,Sing,Masc,,
deixar,deixar,Inf,,,,,,,AUX
Imaginem,imaginar,Fin,Ind,Pres,3,Plur,,,
armar,armar,Inf,,,,,,,
ironizar,ironizar,Inf,,,,,,,
viva,viver,Fin,Ind,Pres,3,Sing,,,
retenham,reter,Fin,Sub,Pres,3,Plur,,,
enviem,enviar,Fin,Sub,Pres,3,Plur,,,
traria,trazer,Fin,Cnd,,3,Sing,,,
Perder,perder,Inf,,,,,,,
vindas,vir,Part,,,,Plur,Fem,,
desastrosos,desastroso,Part,,,,Plur,Masc,,
atingida,atingir,Part,,,,Sing,Fem,Pass,
alcançado,alcançar,Part,,,,Sing,Masc,Pass,
intervir,intervir,Inf,,,,,,,
começarem,começar,Fin,Ind,Fut,3,Plur,,,
suceder,suceder,Inf,,,,,,,
aconselham,aconselhar,Fin,Ind,Pres,3,Plur,,,
agravado,agravar,Part,,,,Sing,Masc,Pass,
sobrevier,sobrevir,Fin,Sub,Fut,3,Sing,,,
acelerada,acelerar,Part,,,,Sing,Fem,,
convergir,convergir,Inf,,,,,,,
repartido,repartir,Part,,,,Sing,Masc,Pass,
equiparado,equiparar,Part,,,,Sing,Masc,,
contrariou,contrariar,Fin,Ind,Past,3,Sing,,,
declarado,declarar,Part,,,,Sing,Masc,,
Eleita,eleger,Part,,,,Sing,Fem,,
geriu,gerir,Fin,Ind,Past,3,Sing,,,
cheguei,chegar,Fin,Ind,Past,1,Sing,,,AUX
interfere,interferir,Fin,Ind,Pres,3,Sing,,,
dirigidas,dirigir,Part,,,,Plur,Fem,Pass,
criticado,criticar,Part,,,,,,,
accionado,accionar,Part,,,,Sing,Masc,Pass,
emitidas,emitir,Part,,,,Plur,Fem,,
detido,deter,Part,,,,Sing,Masc,,
integrarem,integrar,Inf,,,3,Plur,,,
deposite,depositar,Fin,Sub,Pres,3,Sing,,,
difamar,difamar,Inf,,,,,,,
pretendendo,pretender,Ger,,,,,,,
adquiridos,adquirir,Part,,,,Plur,Masc,,
perduram,perdurar,Fin,Ind,Pres,3,Plur,,,
tiver,ter,Fin,Sub,Fut,3,Sing,,,AUX
disse,dizer,Fin,Ind,Past,1,Sing,,,
hesitarei,hesitar,Fin,Ind,Pres,1,Sing,,,
desejar,desejar,Inf,,,,,,,
decorrerá,decorrer,Fin,Ind,Fut,3,Sing,,,
Chamou,chamar,Fin,Ind,Past,3,Sing,,,
ignorada,ignorar,Part,,,,Sing,Fem,Pass,
contemplar,contemplar,Inf,,,,,,,
compraram,comprar,Fin,Ind,Past,3,Plur,,,
confrontados,confrontar,Part,,,,Plur,Masc,,
emitirem,emitir,Inf,,,3,Plur,,,
vestindo,vestir,Ger,,,,,,,
Vestiu,vestir,Fin,Ind,Past,3,Sing,,,
tirou,tirar,Fin,Ind,Past,3,Sing,,,
apresentando,apresentar,Ger,,,,,,,
simbolizando,simbolizar,Ger,,,,,,,
traçando,traçar,Ger,,,,,,,
inscrita,inscrever,Part,,,,Sing,Fem,,
homenageada,homenagear,Part,,,,Sing,Fem,,
apostavam,apostar,Fin,Ind,Imp,3,Plur,,,
mobiliza,mobilizar,Fin,Ind,Pres,3,Sing,,,
projectados,projectar,Part,,,,Plur,Masc,Pass,
desejava,desejar,Fin,Ind,Imp,3,Sing,,,
relembra,relembrar,Fin,Ind,Pres,3,Sing,,,
rondando,rondar,Ger,,,,,,,
representarem,representar,Inf,,,3,Plur,,,
atacados,atacar,Part,,,,Plur,Masc,,
rodeados,rodear,Part,,,,Plur,Masc,Pass,
detectado,detectar,Part,,,,Sing,Masc,,
confundem,confundir,Fin,Ind,Pres,3,Plur,,,
danificada,danificar,Part,,,,Sing,Fem,,
subordinados,subordinar,Part,,,,Plur,Masc,,
resultam,resultar,Fin,Ind,Pres,3,Plur,,,
constituem,constituir,Fin,Ind,Pres,3,Plur,,,
assumiram,assumir,Fin,Ind,Past,3,Plur,,,
estabeleceram,estabelecer,Fin,Ind,Past,3,Plur,,,
realizar,realizar,Inf,,,,Sing,,,
norteariam,nortear,Fin,Ind,,3,Plur,,,
proceder,proceder,Inf,,,3,Sing,,,
referidos,referir,Part,,,,Plur,Masc,,
incluídos,incluir,Part,,,,Plur,Masc,,
misturados,misturar,Part,,,,Plur,Masc,,
juntarão,juntar,Fin,Ind,Fut,3,Plur,,,
contidos,conter,Part,,,,Plur,Masc,,
radicado,radicar,Part,,,,Sing,Masc,,
distribuídos,distribuir,Part,,,,Plur,Masc,,
atribuída,atribuir,Part,,,,Sing,Fem,Pass,
fechado,fechar,Part,,,,Sing,Masc,,
saiba,saber,Fin,Sub,Pres,3,Sing,,,
transportou,transportar,Fin,Ind,Past,3,Sing,,,
titulou,titular,Fin,Ind,Past,3,Sing,,,
associa,associar,Fin,Ind,Pres,3,Sing,,,
vendidos,vendir,Part,,,,Plur,Masc,,
Pensa,pensar,Fin,Ind,Pres,3,Sing,,,
Namorar,namorar,Inf,,,,,,,
Continuo,continuar,Fin,Ind,Pres,1,Sing,,,
percebemos,perceber,Fin,Ind,Pres,1,Plur,,,
Define,definir,Fin,Ind,Pres,3,Sing,,,
atingir,atingir,Inf,,,3,Sing,,,
irão,ir,Fin,Ind,Fut,3,Plur,,,
prefaciado,prefaciar,Part,,,,,,,
publicar,publicar,Inf,,,,,,,
caia,cair,Fin,Sub,Pres,3,Sing,,,
Contactado,contactar,Part,,,,Sing,Masc,Pass,
confirma,confirmar,Fin,Ind,Pres,3,Sing,,,
facilitou,facilitar,Fin,Ind,Past,3,Sing,,,
despejou,despejar,Fin,Ind,Past,3,Sing,,,
considerar,considerar,Inf,,,3,Sing,,,
informado,informar,Part,,,,Sing,Masc,Pass,
observou,observar,Fin,Ind,Past,3,Sing,,,
Estávamos,estar,Fin,Ind,Imp,1,Plur,,,AUX
tocamos,tocar,Fin,Ind,Pres,1,Plur,,,
pusemos,pôr,Fin,Ind,Past,1,Plur,,,
arder,arder,Inf,,,,,,,
encontrados,encontrar,Part,,,,Plur,Masc,,
diverge,divergir,Fin,Ind,Pres,3,Sing,,,
indicadas,indicar,Part,,,,Plur,Fem,Pass,
ingeridos,ingerir,Part,,,,Plur,Masc,Pass,
desactiva,desactivar,Fin,Ind,Pres,3,Sing,,,
remata,rematar,Fin,Ind,Pres,3,Sing,,,
vivia,viver,Fin,Ind,Imp,3,Sing,,,
vivo,viver,Fin,Ind,Pres,1,Sing,,,
vives,viver,Fin,Ind,Pres,1,Plur,,,
impressionados,impressionar,Part,,,,Plur,Masc,,
agraciado,agraciar,Part,,,,Sing,Masc,Pass,
encararem,encarar,Inf,,,3,Plur,,,
sugeriam,sugerir,Fin,Ind,Imp,3,Plur,,,
insistir,insistir,Inf,,,,,,,
tutelada,tutelar,Part,,,,Sing,Fem,Pass,
protegia,proteger,Fin,Ind,Imp,3,Sing,,,
penalizava,penalizar,Fin,Ind,Imp,3,Sing,,,
alteraram,alterar,Fin,Ind,Past,3,Plur,,,
realçando,realçar,Ger,,,,,,,
opere,operar,Fin,Sub,Pres,3,Sing,,,
produzido,produzir,Part,,,,Sing,Masc,Pass,
Gerida,gerir,Part,,,,Sing,Fem,Pass,
funcionava,funcionar,Fin,Ind,Imp,3,Sing,,,
calcular,calcular,Inf,,,,,,,
custará,custar,Fin,Ind,Fut,3,Sing,,,
detectavam,detectar,Fin,Ind,Imp,3,Plur,,,
duplicou,duplicar,Fin,Ind,Past,3,Sing,,,
detectados,detectar,Part,,,,Plur,Masc,,
instalada,instalar,Part,,,,Sing,Fem,Pass,
ostentando,ostentar,Ger,,,,,,,
transparece,transparecer,Fin,Ind,Pres,3,Sing,,,
protegidas,proteger,Part,,,,Plur,Fem,,
entornam,entornar,Fin,Ind,Pres,3,Plur,,,
mangueire,mangueirar,Fin,Sub,Pres,3,Sing,,,
cobra,cobrar,Fin,Ind,Pres,3,Sing,,,
ordenem,ordenar,Fin,Sub,Pres,3,Plur,,,
obriguem,obrigar,Fin,Sub,Pres,3,Plur,,,
comercializa,comercializar,Fin,Ind,Pres,3,Sing,,,
Vamos,ir,Fin,Ind,Pres,1,Plur,,,AUX
olhávamos,olhar,Fin,Ind,Imp,1,Plur,,,
apercebido,aperceber,Part,,,,,,,
penetrar,penetrar,Inf,,,,,,,
descobri,descobrir,Fin,Ind,Past,1,Sing,,,
isoladas,isolar,Part,,,,Plur,Fem,,
começaram,começar,Fin,Ind,Past,3,Plur,,,
Mostrando,mostrar,Ger,,,,,,,
revogou,revogar,Fin,Ind,Past,3,Sing,,,
ouvir,ouvir,Inf,,,3,Sing,,,
demitido,demitir,Part,,,,Sing,Masc,Pass,
defendida,defender,Part,,,,Sing,Fem,Pass,
dera,dar,Fin,Ind,Imp,3,Sing,,,
desistirem,desistir,Inf,,,3,Plur,,,
confirmado,confirmar,Part,,,,Sing,Masc,,
decepadas,decepar,Part,,,,Plur,Fem,,
recoladas,recolar,Part,,,,Plur,Fem,,
cortadas,cortar,Part,,,,Plur,Fem,Pass,
brincava,brincar,Fin,Ind,Imp,3,Sing,,,
atropelado,atropelar,Part,,,,Sing,Masc,Pass,
alertaram,alertar,Fin,Ind,Past,3,Plur,,,
sangrando,sangrar,Ger,,,,,,,
Conduzido,conduzir,Part,,,,Sing,Masc,,
mergulhados,mergulhar,Part,,,,Plur,Masc,,
esquecendo,esquecer,Ger,,,,,,,
levara,levar,Fin,Ind,Imp,3,Sing,,,
morto,morrer,Part,,,,,,,
utilizaram,utilizar,Fin,Ind,Past,3,Plur,,,
gerada,gerar,Part,,,,Sing,Fem,Pass,
Visto,ver,Part,,,,Sing,Masc,,
medida,medir,Part,,,,Sing,Fem,Pass,
captar,captar,Inf,,,,,,,
extrair,extrair,Inf,,,,,,,
emitido,emitir,Part,,,,Sing,Masc,Pass,
Negou,negar,Fin,Ind,Past,3,Sing,,,
resultem,resultar,Fin,Sub,Pres,3,Plur,,,
transposto,transpor,Part,,,,Sing,Masc,Pass,
confirmado,confirmar,Part,,,,Sing,Masc,Pass,
Internacionalizar,internacionalizar,Inf,,,,,,,
cooperando,cooperar,Ger,,,,,,,
Organizado,organizar,Part,,,,Sing,Masc,Pass,
submeter,submeter,Inf,,,,,,,
passe,passar,Fin,Sub,Pres,3,Sing,,,AUX
vinda,vir,Part,,,,Sing,Fem,,
transportar,transportar,Inf,,,,,,,
virá,vir,Fin,Ind,Fut,3,Sing,,,
afectarão,afectar,Fin,Ind,Fut,3,Plur,,,
reconciliou,reconciliar,Fin,Ind,Past,3,Sing,,,
completadas,completar,Part,,,,Plur,Fem,Pass,
lavar,lavar,Inf,,,,,,,
aconselhada,aconselhar,Part,,,,Sing,Fem,Pass,
acabrunhado,acabrunhar,Part,,,,Sing,Masc,Pass,
Espetou,espetar,Fin,Ind,Past,3,Sing,,,
percebia,perceber,Fin,Ind,Imp,3,Sing,,,
Começou,começar,Fin,Ind,Past,3,Sing,,,AUX
apagou,apagar,Fin,Ind,Past,3,Sing,,,
Bebeu,beber,Fin,Ind,Past,3,Sing,,,
Pegou,pegar,Fin,Ind,Past,3,Sing,,,
aplaudir,aplaudir,Inf,,,,,,,
montado,montar,Part,,,,Sing,Masc,Pass,
dançaram,dançar,Fin,Ind,Past,3,Plur,,,
vestidas,vestir,Part,,,,Plur,Fem,,
coloridos,colorir,Part,,,,Plur,Masc,,
fabricam,fabricar,Fin,Ind,Pres,3,Plur,,,
enviada,enviar,Part,,,,Sing,Fem,Pass,
Obrigado,obrigar,Part,,,,Sing,Masc,,
ensaiado,ensaiar,Part,,,,Sing,Masc,,
Venham,vir,Fin,Sub,Pres,3,Plur,,,
Acreditam,acreditar,Fin,Ind,Pres,3,Plur,,,
Ouçam,ouvir,Fin,Sub,Pres,3,Plur,,,
soluçou,soluçar,Fin,Ind,Past,3,Sing,,,
chorou,chorar,Fin,Ind,Past,3,Sing,,,
abraçado,abraçar,Part,,,,Sing,Masc,,
possibilitar,possibilitar,Inf,,,,,,,
inspeccionados,inspeccionar,Part,,,,Plur,Masc,,
envelhecido,envelhecido,Part,,,,Sing,Masc,,
explicamos,explicar,Fin,Ind,Pres,1,Plur,,,
Chamamos,chamar,Fin,Ind,Pres,1,Plur,,,
aquece,aquecer,Fin,Ind,Pres,3,Sing,,,
lançaram,lançar,Fin,Ind,Past,3,Plur,,,
distinguido,distinguir,Part,,,,Sing,Masc,,
sugerido,sugerir,Part,,,,,,,
conhecer,conhecer,Inf,,,3,Sing,,,
relegar,relegar,Inf,,,,,,,
adverte,advertir,Fin,Ind,Pres,3,Sing,,,
saúda,saudar,Fin,Ind,Pres,3,Sing,,,
esperada,esperar,Part,,,,Sing,Fem,,
ditados,ditar,Part,,,,Plur,Masc,Pass,
culpados,culpado,Part,,,,Plur,Masc,,
representado,representar,Part,,,,Sing,Masc,Pass,
foi,ir,Fin,Ind,Past,3,Sing,,,AUX
enterrar,enterrar,Inf,,,,,,,
faleceu,falecer,Fin,Ind,Past,3,Sing,,,
relacionava,relacionar,Fin,Ind,Imp,3,Sing,,,
salvou,salvar,Fin,Ind,Past,3,Sing,,,
pensaram,pensar,Fin,Ind,Past,3,Plur,,,
Falta,faltar,Fin,Ind,Pres,3,Sing,,,
contribuam,contribuir,Fin,Sub,Pres,3,Plur,,,
Roubarás,roubar,Fin,Ind,Pres,1,Sing,,,
circula,circular,Fin,Ind,Pres,3,Sing,,,
abanadonada,abanadonar,Part,,,,Sing,Fem,Pass,
escolher,escolher,Inf,,,,,,,
aderirem,aderir,Fin,Sub,Fut,3,Plur,,,
estiverem,estar,Fin,Sub,Fut,3,Plur,,,
arrastando,arrastar,Ger,,,,,,,
andou,andar,Fin,Ind,Past,3,Sing,,,
parou,parar,Fin,Ind,Past,3,Sing,,,
utilizassem,utilizar,Fin,Sub,Imp,3,Plur,,,
inclinou,inclinar,Fin,Ind,Past,3,Sing,,,
andado,andar,Part,,,,,,,
saíam,sair,Fin,Ind,Imp,3,Plur,,,
apanhar,apanhar,Inf,,,3,Sing,,,
estragados,estragar,Part,,,,Plur,Masc,,
barbear,barbear,Inf,,,,,,,
venderia,vender,Fin,Cnd,,3,Sing,,,
vendiam,vender,Fin,Ind,Imp,3,Plur,,,
viviam,viver,Fin,Ind,Imp,3,Plur,,,
compensaram,compensar,Fin,Ind,Past,3,Plur,,,
tendia,tender,Fin,Ind,Imp,3,Sing,,,
destacou,destacar,Fin,Ind,Past,3,Sing,,,
acotovelavam,acotovelar,Fin,Ind,Imp,3,Plur,,,
vou,ir,Fin,Ind,Pres,1,Sing,,,
relatarei,relatar,Fin,Ind,Fut,1,Sing,,,
recusado,recusar,Part,,,,,,,
resulte,resultar,Fin,Sub,Pres,3,Sing,,,
reatada,reatar,Part,,,,Sing,Fem,Pass,
liderou,liderar,Fin,Ind,Past,3,Sing,,,
alcançaram,alcançar,Fin,Ind,Past,3,Plur,,,
conheceram,conhecer,Fin,Ind,Past,3,Plur,,,
terminado,terminar,Part,,,,Sing,Masc,Pass,
aceder,aceder,Inf,,,,,,,
progrediu,progredir,Fin,Ind,Past,3,Sing,,,
sentou,sentar,Fin,Ind,Past,3,Sing,,,
voltaram,voltar,Fin,Ind,Past,3,Plur,,,
assinala,assinalar,Fin,Ind,Pres,3,Sing,,,
faltava,faltar,Fin,Ind,Imp,3,Sing,,,
experimentar,experimentar,Inf,,,3,Sing,,,
verteram,verter,Fin,Ind,Past,3,Plur,,,
redigida,redigir,Part,,,,Sing,Fem,,
recolocadas,recolocar,Part,,,,Plur,Fem,Pass,
arrastadas,arrastar,Part,,,,Plur,Fem,Pass,
repostas,repor,Part,,,,Plur,Fem,Pass,
colmatando,colmatar,Ger,,,,,,,
destruídas,destruir,Part,,,,Plur,Fem,Pass,
deslocaria,deslocar,Fin,Cnd,,3,Sing,,,
cancelada,cancelar,Part,,,,Sing,Fem,Pass,
residiu,residir,Fin,Ind,Past,3,Sing,,,
falhou,falhar,Fin,Ind,Past,3,Sing,,,
brilhou,brilhar,Fin,Ind,Past,3,Sing,,,
Correu,correr,Fin,Ind,Past,3,Sing,,,
acabaria,acabar,Fin,Cnd,,3,Sing,,,
precisava,precisar,Fin,Ind,Imp,3,Sing,,,
formuladas,formular,Part,,,,Plur,Fem,Pass,
respondidas,responder,Part,,,,Plur,Fem,,
enviado,enviar,Part,,,,Sing,Masc,Pass,
Economize,economizar,Fin,Sub,Pres,3,Sing,,,
falecido,falecer,Part,,,,Sing,Masc,,
encorajada,encorajar,Part,,,,Sing,Fem,Pass,
tornados,tornar,Part,,,,Plur,Masc,,
indicando,indicar,Ger,,,,,,,
colocado,colocar,Part,,,,,,,
pronunciarem,pronunciar,Fin,Sub,Fut,3,Plur,,,
contrariando,contrariar,Ger,,,,,,,
manifestada,manifestar,Part,,,,Sing,Fem,Pass,
alterado,alterar,Part,,,,Sing,Masc,,
Deixou,deixar,Fin,Ind,Past,3,Sing,,,AUX
habituadas,habituar,Part,,,,Plur,Fem,,
manifestámos,manifestar,Fin,Ind,Pres,1,Plur,,,
equaciona,equacionar,Fin,Ind,Pres,3,Sing,,,
assegura,assegurar,Fin,Ind,Pres,3,Sing,,,
reduzida,reduzir,Part,,,,Sing,Fem,Pass,
negando,negar,Ger,,,,,,,
repetido,repetir,Part,,,,Sing,Masc,,
Confundir,confundir,Inf,,,,,,,
construídos,construir,Part,,,,Plur,Masc,,
valida,validar,Fin,Ind,Pres,3,Sing,,,
interiorizado,interiorizar,Part,,,,,,,
incorporada,incorporar,Part,,,,Sing,Fem,,
avaliam,avaliar,Fin,Ind,Pres,3,Plur,,,
delapidou,delapidar,Fin,Ind,Past,3,Sing,,,
escreva,escrever,Fin,Sub,Pres,3,Sing,,,
prevendo,prever,Ger,,,,,,,
reabilitado,reabilitar,Part,,,,Sing,Masc,,
começara,começar,Fin,Ind,Pqp,3,Sing,,,
financiado,financiar,Part,,,,Sing,Masc,Pass,
ocorrerem,ocorrer,Inf,,,3,Plur,,,
travados,travar,Part,,,,Plur,Masc,,
deslocavam,deslocar,Fin,Ind,Imp,3,Plur,,,
seguiam,seguir,Fin,Ind,Imp,3,Plur,,,
Levados,levar,Part,,,,Plur,Masc,,
identificados,identificar,Part,,,,Plur,Masc,,
roubados,roubar,Part,,,,Plur,Masc,Pass,
roubada,roubar,Part,,,,Sing,Fem,,
apurados,apurar,Part,,,,Plur,Masc,,
iniciaram,iniciar,Fin,Ind,Past,3,Plur,,,
decidindo,decidir,Ger,,,,,,,
encarregue,encarregar,Part,,,,Sing,Masc,,
explicaram,explicar,Fin,Ind,Past,3,Plur,,,
aceitou,aceitar,Fin,Ind,Past,3,Sing,,,
faconteceu,acontecer,Fin,Ind,Past,3,Sing,,,
Afastada,afastar,Part,,,,Sing,Fem,,
bonificado,bonificar,Part,,,,Sing,Masc,,
afectou,afectar,Fin,Ind,Past,3,Sing,,,
atingido,atingir,Part,,,,Sing,Masc,,
encenada,encenar,Part,,,,Sing,Fem,Pass,
depositar,depositar,Inf,,,,,,,
Confirmada,confirmar,Part,,,,Sing,Fem,,
acumulam,acumular,Fin,Ind,Pres,3,Plur,,,
enviado,enviar,Part,,,,Sing,Masc,,
finda,findar,Part,,,,Sing,Fem,Pass,
atesta,atestar,Fin,Ind,Pres,3,Sing,,,
complicada,complicar,Part,,,,Sing,Fem,,
levara,levar,Fin,Ind,Pqp,3,Sing,,,
contrair,contrair,Inf,,,,,,,
estivesse,estar,Fin,Sub,Imp,3,Sing,,,
Nascera,nascer,Fin,Ind,Imp,3,Sing,,,
exteriorizasse,exteriorizar,Fin,Sub,Imp,3,Sing,,,
Saíra,sair,Fin,Ind,Imp,3,Sing,,,
executem,executar,Fin,Sub,Pres,3,Plur,,,
continuem,continuar,Fin,Sub,Pres,3,Plur,,,
encontrar,encontrar,Fin,Sub,Fut,3,Sing,,,
concorrem,concorrer,Fin,Ind,Pres,3,Plur,,,
Sendo,ser,Ger,,,,,,,
apareceram,aparecer,Fin,Ind,Past,3,Plur,,,
olhou,olhar,Fin,Ind,Past,3,Sing,,,
juntara,juntar,Fin,Ind,Imp,3,Sing,,,
chegámos,chegar,Fin,Ind,Past,1,Plur,,,
entregar,entregar,Fin,Sub,Fut,3,Sing,,,
Demos,dar,Fin,Ind,Pres,1,Plur,,,
decidirem,decidir,Inf,,,3,Plur,,,
subir,subir,Inf,,,3,Sing,,,
Sentados,sentar,Part,,,,Plur,Masc,,
Transportado,transportar,Part,,,,Sing,Masc,,
vigiado,vigiar,Part,,,,Sing,Masc,,
reza,rezar,Fin,Ind,Pres,3,Sing,,,
expostos,expor,Part,,,,Plur,Masc,Pass,
prometida,prometer,Part,,,,Sing,Fem,Pass,
conseguisse,conseguir,Fin,Sub,Imp,3,Sing,,,
observado,observar,Part,,,,Sing,Masc,Pass,
licenciados,licenciado,Part,,,,Plur,Masc,Pass,
afirmado,afirmar,Part,,,,Sing,Masc,Pass,
esgotam,esgotar,Fin,Ind,Pres,3,Plur,,,
afastando,afastar,Ger,,,,,,,
ofuscar,ofuscar,Inf,,,,,,,
esclareceria,esclarecer,Fin,Cnd,,3,Sing,,,
decorrerão,decorrer,Fin,Ind,Fut,3,Plur,,,
organizadas,organizar,Part,,,,Plur,Fem,Pass,
publicitando,publicitar,Ger,,,,,,,
inaugurado,inaugurar,Part,,,,,,,
aferidas,aferir,Part,,,,Plur,Fem,,
lançados,lançar,Part,,,,Plur,Masc,Pass,
figura,figurar,Fin,Ind,Pres,3,Sing,,,
retira,retirar,Fin,Ind,Pres,3,Sing,,,
referiam,referir,Fin,Ind,Imp,3,Plur,,,
libertadas,libertar,Part,,,,Plur,Fem,,
inculpadas,inculpar,Part,,,,Plur,Fem,Pass,
Está,estar,Fin,Ind,Pres,3,Sing,,,AUX
dedicadas,dedicar,Part,,,,Plur,Fem,,
oriundos,oriundo,Part,,,,Plur,Masc,,
prestado,prestar,Part,,,,,,,
concedidos,conceder,Part,,,,Plur,Masc,Pass,
confundir,confundir,Inf,,,,,,,
fugido,fugir,Part,,,,,,,
fale,falar,Fin,Sub,Pres,3,Sing,,,
deliberada,deliberar,Part,,,,Sing,Fem,,
lucra,lucrar,Fin,Ind,Pres,3,Sing,,,
respeitados,respeitar,Part,,,,Plur,Masc,,
espanta,espantar,Fin,Ind,Pres,3,Sing,,,
pretenda,pretender,Fin,Sub,Pres,3,Sing,,,
compreenderiam,compreender,Fin,Ind,Pres,3,Plur,,,
voltariam,voltar,Fin,Cnd,,3,Plur,,,
prefiram,preferir,Fin,Sub,Pres,3,Plur,,,
impressiona,impressionar,Fin,Ind,Pres,3,Sing,,,
porá,pôr,Fin,Ind,Fut,3,Sing,,,
Exceptuando,exceptuar,Ger,,,,,,,
traçou,traçar,Fin,Ind,Past,3,Sing,,,
aterrorizado,aterrorizar,Part,,,,Sing,Masc,Pass,
chumba,chumbar,Fin,Ind,Pres,3,Sing,,,
assegurados,assegurar,Part,,,,Plur,Masc,,
transpostas,transpor,Part,,,,Plur,Fem,,
entrando,entrar,Ger,,,,,,,
prometida,prometer,Part,,,,Sing,Fem,,
manifeste,manifestar,Fin,Sub,Pres,3,Sing,,,
solicitou,solicitar,Fin,Ind,Past,3,Sing,,,
prognosticam,prognosticar,Fin,Ind,Pres,3,Plur,,,
constatem,constatar,Fin,Sub,Pres,3,Plur,,,
abrande,abrandar,Fin,Sub,Pres,3,Sing,,,
antevê,antever,Fin,Ind,Pres,3,Sing,,,
registar,registar,Inf,,,,,,,
acabará,acabar,Fin,Ind,Fut,3,Sing,,,AUX
constitua,constituir,Fin,Sub,Pres,3,Sing,,,
detalhada,detalhar,Part,,,,Sing,Fem,,
afectar,afectar,Inf,,,,,,,
exportada,exportar,Part,,,,Sing,Fem,Pass,
recordar,recordar,Inf,,,,,,,
considerados,considerar,Part,,,,Plur,Masc,Pass,
prolonga,prolongar,Fin,Ind,Pres,3,Sing,,,
queiram,querer,Fin,Sub,Pres,3,Plur,,,
Distribuídos,distribuir,Part,,,,Plur,Masc,,
pertencer,pertencer,Inf,,,,,,,
Impulsionar,impulsionar,Inf,,,,,,,
impedido,impedir,Part,,,,Sing,Masc,,
consistem,consistir,Fin,Ind,Pres,3,Plur,,,
inserir,inserir,Inf,,,,,,,
introduzido,introduzir,Part,,,,Sing,Masc,,
comanda,comandar,Fin,Ind,Pres,3,Sing,,,
descontrolada,descontrolar,Part,,,,Sing,Fem,,
chegarem,chegar,Inf,,,3,Plur,,,
fabricada,fabricar,Part,,,,Sing,Fem,Pass,
tratado,tratar,Part,,,,Sing,Masc,,
infectar,infectar,Inf,,,,,,,
reexaminarão,reexaminar,Fin,Ind,Fut,3,Plur,,,
alcançarem,alcançar,Fin,Sub,Fut,3,Plur,,,
afluir,afluir,Inf,,,,,,,
Adiada,adiar,Part,,,,Sing,Fem,,
vacinaram,vacinar,Fin,Ind,Past,3,Plur,,,
desaparece,desaparecer,Fin,Ind,Pres,3,Sing,,,
morrido,morrer,Part,,,,Sing,Masc,,
vacinado,vacinar,Part,,,,Sing,Masc,Pass,
tencionamos,tencionar,Fin,Ind,Pres,1,Plur,,,
destinadas,destinar,Part,,,,Plur,Fem,,
colaborar,colaborar,Inf,,,,,,,
demorar,demorar,Inf,,,,,,,
Comissariado,comissariar,Part,,,,Sing,Masc,,
cederam,ceder,Fin,Ind,Past,3,Plur,,,
custar,custar,Fin,Sub,Fut,3,Sing,,,
expostas,expor,Part,,,,Plur,Fem,,
prosseguiram,prosseguir,Fin,Ind,Past,3,Plur,,,
responderam,responder,Fin,Ind,Past,3,Plur,,,
bombardeou,bombardear,Fin,Ind,Past,3,Sing,,,
situadas,situar,Part,,,,Plur,Fem,,
vencem,vencer,Fin,Ind,Pres,3,Plur,,,
soma,somar,Fin,Ind,Pres,3,Sing,,,
goleou,golear,Fin,Ind,Past,3,Sing,,,
somando,somar,Ger,,,,,,,
domina,dominar,Fin,Ind,Pres,3,Sing,,,
postos,pôr,Part,,,,Plur,Masc,,
variadas,variar,Part,,,,Plur,Fem,,
provocadas,provocar,Part,,,,Plur,Fem,,
projectado,projectar,Part,,,,Sing,Masc,,
desaparecidos,desaparecer,Part,,,,Plur,Masc,,
ajuizado,ajuizar,Part,,,,Sing,Masc,,
empobrecer,empobrecer,Inf,,,,,,,
farto,fartar,Part,,,,Sing,Masc,,
aturar,aturar,Inf,,,,,,,
aplicando,aplicar,Ger,,,,,,,
retomará,retomar,Fin,Ind,Fut,3,Sing,,,
honrados,honrar,Part,,,,Plur,Masc,,
ultrapassado,ultrapassar,Part,,,,Sing,Masc,,
reeditada,reeditar,Part,,,,Sing,Fem,,
saudado,saudar,Part,,,,Sing,Masc,Pass,
guardada,guardar,Part,,,,Sing,Fem,,
explorar,explorar,Inf,,,,,,,
comportando,comportar,Ger,,,,,,,
suportada,suportar,Part,,,,Sing,Fem,Pass,
inesperada,inesperado,Part,,,,Sing,Fem,,
familiarizados,familiarizar,Part,,,,Plur,Masc,,
aguardam,aguardar,Fin,Ind,Pres,3,Plur,,,
interpretando,interpretar,Ger,,,,,,,
aconteceram,acontecer,Fin,Ind,Past,3,Plur,,,
apazigua,apaziguar,Fin,Ind,Pres,3,Sing,,,
parasse,parar,Fin,Sub,Imp,3,Sing,,,
avizinha,avizinhar,Fin,Ind,Pres,3,Sing,,,
mutilado,mutilar,Part,,,,Sing,Masc,Pass,
compreendido,compreender,Part,,,,Sing,Masc,,
notam,notar,Fin,Ind,Pres,3,Plur,,,
mexe,mexer,Fin,Ind,Pres,3,Sing,,,
Decretaram,decretar,Fin,Ind,Past,3,Plur,,,
tido,ter,Part,,,,Sing,Masc,,
tolhido,tolher,Part,,,,Sing,Masc,Pass,
sofria,sofrer,Fin,Ind,Imp,3,Sing,,,
fundando,fundar,Ger,,,,,,,
arrancou,arrancar,Fin,Ind,Past,3,Sing,,,
opunha,opor,Fin,Ind,Imp,3,Sing,,,
surgido,surgir,Part,,,,,,,
administrar,administrar,Inf,,,3,Sing,,,
reitera,reiterar,Fin,Ind,Pres,3,Sing,,,
necessitar,necessitar,Inf,,,,,,,
citando,citar,Ger,,,,,,,
colocasse,colocar,Fin,Sub,Imp,3,Sing,,,
situe,situar,Fin,Sub,Pres,3,Sing,,,
agudizou,agudizar,Fin,Ind,Past,3,Sing,,,
derrotados,derrotar,Part,,,,Plur,Masc,Pass,
renovada,renovar,Part,,,,Sing,Fem,,
concentrando,concentrar,Ger,,,,,,,
ruir,ruir,Inf,,,,,,,
verão,ver,Fin,Ind,Pres,3,Plur,,,
modernizado,modernizar,Part,,,,Sing,Masc,,
orçadas,orçar,Part,,,,Plur,Fem,,
culpabiliza,culpabilizar,Fin,Ind,Pres,3,Sing,,,
delineado,delinear,Part,,,,Sing,Masc,,
ocorrem,ocorrer,Fin,Ind,Pres,3,Plur,,,
encaradas,encarar,Part,,,,Plur,Fem,Pass,
temos,ter,Fin,Ind,Pres,1,Plur,,,AUX
deixaria,deixar,Fin,Cnd,,3,Sing,,,AUX
argumentar,argumentar,Inf,,,,,,,
falharem,falhar,Fin,Sub,Fut,3,Plur,,,
afirmaria,afirmar,Fin,Cnd,,3,Sing,,,
compararmos,comparar,Fin,Sub,Fut,1,Plur,,,
referia,referir,Fin,Ind,Imp,3,Sing,,,
vermos,ver,Inf,,,1,Plur,,,
resistido,resistir,Part,,,,,,,
põem,pôr,Fin,Ind,Pres,3,Plur,,,
culminar,culminar,Inf,,,,,,,
roubado,roubar,Part,,,,Sing,Masc,,
despachar,despachar,Inf,,,,,,,
resultava,resultar,Fin,Ind,Imp,3,Sing,,,
preparar,preparar,Inf,,,3,,,,
terminado,terminar,Part,,,,,,,
regular,regular,Inf,,,,,,,
cruzassem,cruzar,Fin,Sub,Imp,3,Plur,,,
atravessam,atravessar,Fin,Ind,Pres,3,Plur,,,
Contribuiria,contribuir,Fin,Cnd,,3,Sing,,,
distender,distender,Inf,,,,,,,
limar,limar,Inf,,,,,,,
desdramatizar,desdramatizar,Inf,,,,,,,
contentar,contentar,Inf,,,3,Sing,,,
costumam,costumar,Fin,Ind,Pres,3,Plur,,,
investem,investir,Fin,Ind,Pres,3,Plur,,,
disponibilizar,disponibilizar,Inf,,,,,,,
deixam,deixar,Fin,Ind,Pres,3,Plur,,,AUX
enquadrar,enquadrar,Inf,,,,,,,
surgidas,surgir,Part,,,,Plur,Fem,,
dedicada,dedicar,Part,,,,Sing,Fem,,
acabando,acabar,Ger,,,,,,,
Falamos,falar,Fin,Ind,Pres,1,Plur,,,
selando,selar,Ger,,,,,,,
demorou,demorar,Fin,Ind,Past,3,Sing,,,
acabará,acabar,Fin,Ind,Fut,3,Sing,,,
liberta,libertar,Fin,Ind,Pres,3,Sing,,,
completava,completar,Fin,Ind,Imp,3,Sing,,,
Funcionou,funcionar,Fin,Ind,Past,3,Sing,,,
Deparamos,deparar,Fin,Ind,Pres,1,Plur,,,
abandonarão,abandonar,Fin,Ind,Fut,3,Plur,,,
continuarem,continuar,Fin,Sub,Fut,3,Plur,,,
dominem,dominar,Fin,Sub,Pres,3,Plur,,,
reconhecendo,reconhecer,Ger,,,,,,,
pacificar,pacificar,Inf,,,,,,,
permitido,permitir,Part,,,,,,,
fomentado,fomentar,Part,,,,Sing,Masc,,
injectar,injectar,Inf,,,,,,,
lamentando,lamentar,Ger,,,,,,,
concluídos,concluir,Part,,,,Plur,Masc,,
interrompida,interromper,Part,,,,Sing,Fem,,
registem,registar,Fin,Sub,Pres,3,Plur,,,
gostaram,gostar,Fin,Ind,Past,3,Plur,,,
revelada,revelar,Part,,,,Sing,Fem,Pass,
apurada,apurar,Part,,,,Sing,Fem,,
substituída,substituir,Part,,,,Sing,Fem,Pass,
cobrarem,cobrar,Inf,,,3,Plur,,,
desejarem,desejar,Fin,Sub,Fut,3,Plur,,,
indicar,indicar,Inf,,,,,,,
radicada,radicar,Part,,,,Sing,Fem,,
receba,receber,Fin,Sub,Pres,3,Sing,,,
indicar,indicar,Inf,,,3,Sing,,,
morder,morder,Inf,,,,,,,
dispondo,dispor,Ger,,,,,,,
preconizada,preconizar,Part,,,,Sing,Fem,,
abrange,abranger,Fin,Ind,Pres,3,Sing,,,
Defende,defender,Fin,Ind,Pres,3,Sing,,,
reexaminar,reexaminar,Inf,,,,,,,
desencorajam,desencorajar,Fin,Ind,Pres,3,Plur,,,
recebida,receber,Part,,,,Sing,Fem,Pass,
reparada,reparar,Part,,,,Sing,Fem,Pass,
suspender,suspender,Inf,,,3,Sing,,,
contestou,contestar,Fin,Ind,Past,3,Sing,,,
excluiu,excluir,Fin,Ind,Past,3,Sing,,,
montado,montar,Part,,,,,,,
culpar,culpar,Inf,,,,,,,
recorda,recordar,Fin,Ind,Pres,3,Sing,,,
excluído,excluir,Part,,,,,,,
instaurada,instaurar,Part,,,,Sing,Fem,,
admirar,admirar,Inf,,,,,,,
interesse,interessar,Fin,Sub,Pres,3,Sing,,,
gastos,gastar,Part,,,,Plur,Masc,,
crê,crer,Fin,Ind,Pres,3,Sing,,,
investidos,investir,Part,,,,Plur,Masc,,
andaram,andar,Fin,Ind,Past,3,Plur,,,
posto,pôr,Part,,,,Sing,Masc,,
saírem,sair,Inf,,,3,Plur,,,
comentam,comentar,Fin,Ind,Pres,3,Plur,,,
acusando,acusar,Ger,,,,,,,
prestado,prestar,Part,,,,Sing,Masc,,
apontada,apontar,Part,,,,Sing,Fem,Pass,
adiantada,adiantar,Part,,,,Sing,Fem,,
revista,rever,Part,,,,Sing,Fem,Pass,
registaram,registar,Fin,Ind,Past,3,Plur,,,
interagir,interagir,Inf,,,,,,,
criarem,criar,Fin,Sub,Fut,3,Plur,,,
transparecer,transparecer,Inf,,,,,,,
coexistem,coexistir,Fin,Ind,Pres,3,Plur,,,
ratificados,ratificar,Part,,,,Plur,Masc,Pass,
representada,representar,Part,,,,Sing,Fem,,
teriam,ter,Fin,Cnd,,3,Plur,,,AUX
custavam,custar,Fin,Ind,Imp,3,Plur,,,
retinham,reter,Fin,Ind,Pres,3,Plur,,,
depositados,depositar,Part,,,,Plur,Masc,Pass,
enviados,enviar,Part,,,,Plur,Masc,,
situar,situar,Inf,,,3,Sing,,,
mantido,manter,Part,,,,Sing,Masc,,
concerne,concernir,Fin,Ind,Pres,3,Sing,,,
criticam,criticar,Fin,Ind,Pres,3,Plur,,,
englobe,englobar,Fin,Sub,Pres,3,Sing,,,
saídas,sair,Part,,,,Plur,Fem,,
Pretendemos,pretender,Fin,Ind,Pres,1,Plur,,,
servirão,servir,Fin,Ind,Fut,3,Plur,,,
existiram,existir,Fin,Ind,Past,3,Plur,,,
inclinado,inclinar,Part,,,,Sing,Masc,,
pressionar,pressionar,Inf,,,,,,,
desmantelado,desmantelar,Part,,,,Sing,Masc,Pass,
escondidos,esconder,Part,,,,Plur,Masc,Pass,
cobertos,cobrir,Part,,,,Plur,Masc,Pass,
prevenindo,prevenir,Ger,,,,,,,
trabalhada,trabalhar,Part,,,,Sing,Fem,,
necessitou,necessitar,Fin,Ind,Past,3,Sing,,,
Escavou,escavar,Fin,Ind,Past,3,Sing,,,
deitou,deitar,Fin,Ind,Past,3,Sing,,,
poderem,poder,Inf,Sub,,3,Plur,,,
assuma,assumir,Fin,Sub,Pres,3,Sing,,,
rejeitada,rejeitar,Part,,,,Sing,Fem,Pass,
desistir,desistir,Inf,,,,,,,
expressos,esprimir,Part,,,,Plur,Masc,,
contesta,contestar,Fin,Ind,Pres,3,Sing,,,
Separados,separar,Part,,,,Plur,Masc,Pass,
adoptadas,adoptar,Part,,,,Plur,Fem,,
refutar,refutar,Inf,,,,,,,
acordam,acordar,Fin,Ind,Pres,3,Plur,,,
abstêm,abster,Fin,Ind,Pres,3,Plur,,,
causaram,causar,Fin,Ind,Past,3,Plur,,,
traumatizaram,traumatizar,Fin,Ind,Past,3,Plur,,,
aparecidos,aparecer,Part,,,,Plur,Masc,,
controladas,controlar,Part,,,,Plur,Fem,Pass,
Traumatizado,traumatizar,Part,,,,Sing,Masc,,
estreia,estrear,Fin,Ind,Pres,3,Sing,,,
Aguento,aguentar,Fin,Ind,Pres,1,Sing,,,
admiro,admirar,Fin,Ind,Pres,1,Sing,,,
resisto,resistir,Fin,Ind,Pres,1,Sing,,,
zapar,zapar,Inf,,,,,,,
saltar,saltar,Inf,,,,,,,
transmite,transmitir,Fin,Ind,Pres,3,Sing,,,
rezapo,rezapar,Fin,Ind,Pres,1,Sing,,,
abraçados,abraçar,Part,,,,Plur,Masc,,
declarar,declarar,Inf,,,,,,,
planeia,planear,Fin,Ind,Pres,3,Sing,,,
prevêem,prever,Fin,Ind,Pres,3,Plur,,,
considerava,considerar,Fin,Ind,Imp,3,Sing,,,
provado,provar,Part,,,,Sing,Masc,,
impuseram,impor,Fin,Ind,Past,3,Plur,,,
saltam,saltar,Fin,Ind,Pres,3,Plur,,,
Ultrapassadas,ultrapassar,Part,,,,Plur,Fem,,
mergulha,mergulhar,Fin,Ind,Pres,3,Sing,,,
receamos,recear,Fin,Ind,Pres,1,Plur,,,
esteja,estar,Fin,Sub,Pres,3,Sing,,,AUX
sacrifiquem,sacrificar,Fin,Sub,Pres,3,Plur,,,
afectará,afectar,Fin,Ind,Fut,3,Sing,,,
introduzirá,introduzir,Fin,Ind,Fut,3,Sing,,,
baixarem,baixar,Inf,,,3,Plur,,,
aumentará,aumentar,Fin,Ind,Fut,3,Sing,,,
atendermos,atender,Fin,Sub,Fut,1,Plur,,,
fornecem,fornecer,Fin,Ind,Pres,3,Plur,,,
vencia,vencer,Fin,Ind,Imp,3,Sing,,,
gabada,gabar,Part,,,,Sing,Fem,,
recolhidas,recolher,Part,,,,Plur,Fem,Pass,
canalizar,canalizar,Inf,,,,,,,
atraídos,atrair,Part,,,,Plur,Masc,,
figurar,figurar,Inf,,,,,,,
viria,vir,Fin,Cnd,,3,Sing,,,AUX
negava,negar,Fin,Ind,Imp,3,Sing,,,
culminando,culminar,Ger,,,,,,,
viajado,viajar,Part,,,,Sing,Masc,,
comendo,comer,Ger,,,,,,,
pagavam,pagar,Fin,Ind,Imp,3,Plur,,,
Burlados,burlar,Part,,,,Plur,Masc,Pass,
deteve,deter,Fin,Ind,Past,3,Sing,,,
testámos,testar,Fin,Ind,Past,1,Plur,,,
corremos,correr,Fin,Ind,Pres,1,Plur,,,
escorregava,escorregar,Fin,Ind,Imp,3,Sing,,,
inclinava,inclinar,Fin,Ind,Imp,3,Sing,,,
classificados,classificar,Part,,,,Plur,Masc,,
largou,largar,Fin,Ind,Past,3,Sing,,,
atingem,atingir,Fin,Ind,Pres,3,Plur,,,
escolhidas,escolher,Part,,,,Plur,Fem,,
apanhará,apanhar,Fin,Ind,Fut,3,Sing,,,
entrámos,entrar,Fin,Ind,Past,1,Plur,,,
tomámos,tomar,Fin,Ind,Past,1,Plur,,,
viemos,vir,Fin,Ind,Pres,1,Plur,,,
desconhecemos,desconhecer,Fin,Ind,Pres,1,Plur,,,
ignoramos,ignorar,Fin,Ind,Pres,1,Plur,,,
vacinar,vacinar,Inf,,,,,,,
lembrando,lembrar,Ger,,,,,,,
existira,existir,Fin,Ind,,3,Sing,,,
inserida,inserir,Part,,,,Sing,Fem,,
penalizar,penalizar,Inf,,,,,,,
Considero,considerar,Fin,Ind,Pres,1,Sing,,,
atingidas,atingir,Part,,,,Plur,Fem,Pass,
Optou,optar,Fin,Ind,Past,3,Sing,,,
recordando,recordar,Ger,,,,,,,
ficasse,ficar,Fin,Sub,Imp,3,Sing,,,
fecharam,fechar,Fin,Ind,Past,3,Plur,,,
impediram,impedir,Fin,Ind,Past,3,Plur,,,
limpar,limpar,Inf,,,,,,,
interessava,interessar,Fin,Ind,Imp,3,Sing,,,
era,ser,Fin,Ind,Imp,3,Sing,,,AUX
exposta,expor,Part,,,,Sing,Fem,Pass,
envolver,envolver,Inf,,,,,,,
livrar,livrar,Inf,,,,,,,
mudar,mudar,Fin,Sub,Fut,3,Sing,,,
esfregar,esfregar,Inf,,,,,,,
estabilizará,estabilizar,Fin,Ind,Fut,3,Sing,,,
protegida,protegido,Part,,,,Sing,Fem,,
molhar,molhar,Inf,,,,,,,
arranca,arrancar,Fin,Ind,Pres,3,Sing,,,
realçada,realçar,Part,,,,Sing,Fem,Pass,
humanizado,humanizado,Part,,,,Sing,Masc,,
personalizado,personalizar,Part,,,,Sing,Masc,,
reganhar,reganhar,Inf,,,,,,,
incentivar,incentivar,Inf,,,,,,,
remover,remover,Inf,,,,,,,
Socorro,socorro,Fin,Ind,Pres,1,Sing,,,
mutilado,mutilar,Part,,,,Sing,Masc,,
ouvirem,ouvir,Inf,,,3,Plur,,,
ido,ir,Part,,,,Sing,Masc,,
reconhecerem,reconhecer,Inf,,,3,Plur,,,
conduzidos,conduzir,Part,,,,Plur,Masc,Pass,
insatisfeita,insatisfeito,Part,,,,Sing,Fem,,
coberta,cobrir,Part,,,,Sing,Fem,,
ordenar,ordenar,Inf,,,,,,,
faltem,faltar,Fin,Sub,Pres,3,Plur,,,
comprovam,comprovar,Fin,Ind,Pres,3,Plur,,,
alcançados,alcançar,Part,,,,Plur,Masc,,
deixarei,deixar,Fin,Ind,Fut,1,Sing,,,AUX
recordarão,recordar,Fin,Ind,Pres,3,Plur,,,
trouxer,trazer,Fin,Sub,Fut,3,Sing,,,
creio,crer,Fin,Ind,Pres,1,Sing,,,
valha,valer,Fin,Sub,Pres,3,Sing,,,
solucionar,solucionar,Inf,,,,,,,
rodeados,rodear,Part,,,,Plur,Masc,,
construíndo,construir,Ger,,,,,,,
encabeçada,encabeçar,Part,,,,Sing,Fem,Pass,
desenvolvido,desenvolver,Part,,,,Sing,Masc,,
vim,vir,Fin,Ind,Past,1,Sing,,,
conquistados,conquistar,Part,,,,Plur,Masc,Pass,
especializar,especializar,Inf,,,3,Sing,,,
equacionado,equacionar,Part,,,,Sing,Masc,Pass,
Tratado,Tratado,Part,,,,Sing,Masc,,
aconselharia,aconselhar,Fin,Cnd,,3,Sing,,,
dotasse,dotar,Fin,Sub,Imp,3,Sing,,,
conseguia,conseguir,Fin,Ind,Imp,1,Sing,,,
cobertas,cobrir,Part,,,,Plur,Fem,,
queimadas,queimar,Part,,,,Plur,Fem,,
doía,doer,Fin,Ind,Imp,3,Sing,,,
agitando,agitar,Ger,,,,,,,
deslizei,deslizar,Fin,Ind,Past,1,Sing,,,
renovando,renovar,Ger,,,,,,,
Criou,criar,Fin,Ind,Past,3,Sing,,,
erguer,erguer,Inf,,,,,,,
contado,contar,Part,,,,Sing,Masc,,
diluía,diluir,Fin,Ind,Imp,3,Sing,,,
curado,curar,Part,,,,Sing,Masc,Pass,
cuidados,cuidar,Part,,,,Plur,Masc,,
dominar,dominar,Inf,,,,,,,
evoluiu,evoluir,Fin,Ind,Past,3,Sing,,,
indicarem,indicar,Inf,,,3,Plur,,,
agitada,agitar,Part,,,,Sing,Fem,,
agaiatado,agaiatar,Part,,,,Sing,Masc,,
iniciará,iniciar,Fin,Ind,Fut,3,Sing,,,
dispostos,dispor,Part,,,,Plur,Masc,,
acelerado,acelerar,Part,,,,Sing,Masc,,
registado,registar,Part,,,,,,,
destribuído,destribuir,Part,,,,Sing,Masc,,
interrompida,interromper,Part,,,,Sing,Fem,Pass,
consistiu,consistir,Fin,Ind,Past,3,Sing,,,
carregadas,carregar,Part,,,,Plur,Fem,,
regulariza,regularizar,Fin,Ind,Pres,3,Sing,,,
vimos,vir,Fin,Ind,Past,1,Plur,,,
solicitando,solicitar,Ger,,,,,,,
decorrido,decorrer,Part,,,,Sing,Masc,,
ligando,ligar,Ger,,,,,,,
dispersos,dispersar,Part,,,,Plur,Masc,,
matraquear,matraquear,Inf,,,,,,,
abria,abrir,Fin,Ind,Imp,3,Sing,,,
atravessarem,atravessar,Inf,,,3,Plur,,,
avistou,avistar,Fin,Ind,Past,3,Sing,,,
sucumbida,sucumbir,Part,,,,Sing,Fem,,
virar,virar,Inf,,,3,Sing,,,
rondam,rondar,Fin,Ind,Pres,3,Plur,,,
ultrapassam,ultrapassar,Fin,Ind,Pres,3,Plur,,,
investiram,investir,Fin,Ind,Past,3,Plur,,,
acrescentarmos,acrescentar,Fin,Sub,Fut,1,Plur,,,
perdido,perder,Part,,,,Sing,Masc,Pass,
dormidas,dormida,Part,,,,Plur,Fem,,
perdidas,perder,Part,,,,Plur,Fem,,
causarão,causar,Fin,Ind,Fut,3,Plur,,,
Esperavam,esperar,Fin,Ind,Imp,3,Plur,,,
falo,falar,Fin,Ind,Pres,1,Sing,,,
adormecido,adormecer,Part,,,,Sing,Masc,Pass,
cometidas,cometer,Part,,,,Plur,Fem,Pass,
imortalizada,imortalizar,Part,,,,Sing,Fem,,
sondado,sondar,Part,,,,Sing,Masc,Pass,
Chama,chamar,Fin,Ind,Pres,3,Sing,,,
incitavam,incitar,Fin,Ind,Imp,3,Plur,,,
Fale,falar,Fin,Sub,Pres,3,Sing,,,
baste,bastar,Fin,Sub,Pres,3,Sing,,,
cale,calar,Fin,Sub,Pres,3,Sing,,,
bombardeados,bombardear,Part,,,,Plur,Masc,,
goza,gozar,Fin,Ind,Pres,3,Sing,,,
mostrar,mostrar,Inf,,,3,Sing,,,
ditas,dizer,Part,,,,Plur,Fem,,
opor,opor,Inf,,,,,,,
conciliar,conciliar,Inf,,,3,Sing,,,
deva,dever,Fin,Sub,Pres,3,Sing,,,
formulados,formular,Part,,,,Plur,Masc,Pass,
tecida,tecer,Part,,,,Sing,Fem,,
gravado,gravar,Part,,,,Sing,Masc,,
reeditado,reeditar,Part,,,,Sing,Masc,Pass,
esgotados,esgotar,Part,,,,Plur,Masc,,
candidatado,candidatar,Part,,,,,,,
avisou,avisar,Fin,Ind,Past,3,Sing,,,
tomaria,tomar,Fin,Cnd,,3,Sing,,,
administrou,administrar,Fin,Ind,Past,3,Sing,,,
duvida,duvidar,Fin,Ind,Pres,3,Sing,,,
atribuiam,atribuir,Fin,Ind,Imp,3,Plur,,,
verificava,verificar,Fin,Ind,Imp,3,Sing,,,
abonam,abonar,Fin,Ind,Pres,3,Plur,,,
incomodava,incomodar,Fin,Ind,Imp,3,Sing,,,
estender,estender,Inf,,,,,,,
entardecer,entardecer,Inf,,,,,,,
Terminava,terminar,Fin,Ind,Imp,3,Sing,,,
assiste,assistir,Fin,Ind,Pres,3,Sing,,,
intrevêm,intrevir,Fin,Ind,Pres,3,Plur,,,
Prefiro,preferir,Fin,Ind,Pres,1,Sing,,,
recebamos,receber,Fin,Sub,Pres,1,Plur,,,
sentenciou,sentenciar,Fin,Ind,Past,3,Sing,,,
cobrar,cobrar,Inf,,,3,Sing,,,
diminuem,diminuir,Fin,Ind,Pres,3,Plur,,,
eliminam,eliminar,Fin,Ind,Pres,3,Plur,,,
avançados,avançar,Part,,,,Plur,Masc,Pass,
suscitadas,suscitar,Part,,,,Plur,Fem,,
taxar,taxar,Inf,,,,,,,
sujeitas,sujeitar,Part,,,,Plur,Fem,,
esmagadas,esmagar,Part,,,,Plur,Fem,Pass,
fixados,fixar,Part,,,,Plur,Masc,,
encostem,encostar,Fin,Sub,Pres,3,Plur,,,
destaca,destacar,Fin,Ind,Pres,3,Sing,,,
Analisando,analisar,Ger,,,,,,,
apresentar,apresentar,Inf,,,3,Sing,,,
apresentarem,apresentar,Inf,,,3,Plur,,,
garantia,garantir,Fin,Ind,Imp,3,Sing,,,
demolir,demolir,Inf,,,,,,,
queixam,queixar,Fin,Ind,Pres,3,Plur,,,
circulou,circular,Fin,Ind,Past,3,Sing,,,
apelando,apelar,Ger,,,,,,,
ameaçaram,ameaçar,Fin,Ind,Past,3,Plur,,,
resolvido,resolver,Part,,,,Sing,Masc,Pass,
encabeça,encabeçar,Fin,Ind,Pres,3,Sing,,,
passara,passar,Fin,Ind,Imp,3,Sing,,,
apanhara,apanhar,Fin,Ind,Imp,3,Sing,,,
abandonam,abandonar,Fin,Ind,Pres,3,Plur,,,
esperou,esperar,Fin,Ind,Past,3,Sing,,,
agredir,agredir,Inf,,,,,,,
pretendo,pretender,Fin,Ind,Pres,1,Sing,,,
chamo,chamar,Fin,Ind,Pres,1,Sing,,,
mamem,mamar,Fin,Ind,Pres,3,Plur,,,
caladinhos,caladinho,Part,,,,Plur,Masc,,
ensinaram,ensinar,Fin,Ind,Past,3,Plur,,,
perdido,perder,Part,,,,Sing,Masc,,
melhorava,melhorar,Fin,Ind,Imp,3,Sing,,,
concluíam,concluir,Fin,Ind,Imp,3,Plur,,,
divididas,dividir,Part,,,,Plur,Fem,,
ostentar,ostentar,Inf,,,3,Sing,,,
Vitimado,vitimar,Part,,,,Sing,Masc,,
queimada,queimar,Part,,,,Sing,Fem,,
arderam,arder,Fin,Ind,Past,3,Plur,,,
discursando,discursar,Ger,,,,,,,
encontrará,encontrar,Fin,Ind,Fut,3,Sing,,,
escolher,escolher,Fin,Sub,Fut,3,Sing,,,
dizemos,dizer,Fin,Ind,Pres,1,Plur,,,
sentem,sentar,Fin,Ind,Pres,3,Plur,,,
reparado,reparar,Part,,,,Sing,Masc,,
Chegou,chegar,Fin,Ind,Past,3,Sing,,,AUX
atende,atender,Fin,Ind,Pres,3,Sing,,,
Atendi,atender,Fin,Ind,Past,1,Sing,,,
agradeci,agradecer,Fin,Ind,Past,1,Sing,,,
desliguei,desligar,Fin,Ind,Past,1,Sing,,,
gritei,gritar,Fin,Ind,Past,1,Sing,,,
telefona,telefonar,Fin,Ind,Pres,3,Sing,,,
dizia,dizer,Fin,Ind,Imp,1,Sing,,,
embarcaste,embarcar,Fin,Ind,Pres,1,Sing,,,
mandado,mandar,Part,,,,,,,
felicitei,felicitar,Fin,Ind,Past,1,Sing,,,
perguntamos,perguntar,Fin,Ind,Pres,1,Plur,,,
seleccionar,seleccionar,Inf,,,,,,,
acidentado,acidentado,Part,,,,Sing,Masc,,
pese,pesar,Fin,Sub,Pres,3,Sing,,,
avisam,avisar,Fin,Ind,Pres,3,Plur,,,
insistir,insistir,Inf,,,3,Sing,,,
arranjará,arranjar,Fin,Ind,Fut,3,Sing,,,
queimar,queimar,Inf,,,,,,,
terminada,terminar,Part,,,,Sing,Fem,,
persuadir,persuadir,Inf,,,,,,,
boicotar,boicotar,Inf,,,,,,,
presididas,presidir,Part,,,,Plur,Fem,Pass,
preenche,preencher,Fin,Sub,Pres,3,Sing,,,
Organizar,organizar,Inf,,,,,,,
desligada,desligar,Part,,,,Sing,Fem,,
enriquecer,enriquecer,Inf,,,,,,,
diferido,diferir,Part,,,,Sing,Masc,,
marginalizado,marginalizar,Part,,,,Sing,Masc,,
mandasse,mandar,Fin,Sub,Imp,3,Sing,,,
Chegadas,chegar,Part,,,,Plur,Fem,,
controla,controlar,Fin,Ind,Pres,3,Sing,,,
Concluída,concluir,Part,,,,Sing,Fem,,
assumisse,assumir,Fin,Sub,Imp,3,Sing,,,
detectadas,detectar,Part,,,,Plur,Fem,,
anuíu,anuir,Fin,Ind,Past,3,Sing,,,
subscrever,subscrever,Inf,,,,,,,
ouvirmos,ouvir,Inf,,,1,Plur,,,
ficámos,ficar,Fin,Ind,Past,1,Plur,,,
rejeitou,rejeitar,Fin,Ind,Past,3,Sing,,,
pretextando,pretextar,Ger,,,,,,,
Escrevemos,escrever,Fin,Ind,Pres,1,Plur,,,
passadas,passar,Part,,,,Plur,Fem,,
Procurei,procurar,Fin,Ind,Past,1,Sing,,,
contactar,contactar,Inf,,,,,,,
convencionado,convencionar,Part,,,,Sing,Masc,,
desfiando,desfiar,Ger,,,,,,,
esboça,esboçar,Fin,Ind,Pres,3,Sing,,,
gostava,gostar,Fin,Ind,Imp,1,Sing,,,
poupar,poupar,Inf,,,3,,,,
proclama,proclamar,Fin,Ind,Pres,3,Sing,,,
apontadas,apontar,Part,,,,Plur,Fem,,
orçado,orçar,Part,,,,Sing,Masc,,
viajando,viajar,Ger,,,,,,,
desafiando,desafiar,Ger,,,,,,,
alugada,alugar,Part,,,,Sing,Fem,Pass,
comparticipa,comparticipar,Fin,Ind,Pres,3,Sing,,,
imprimir,imprimir,Inf,,,,,,,
suavizam,suavizar,Fin,Ind,Pres,3,Plur,,,
enerva,enervar,Fin,Ind,Pres,3,Sing,,,
consentidas,consentir,Part,,,,Plur,Fem,,
criticadas,criticar,Part,,,,Plur,Fem,,
continuar,continuar,Inf,,,3,Sing,,,
humilhada,humilhar,Part,,,,Sing,Fem,Pass,
reencontrar,reencontrar,Inf,,,,,,,
concentrarem,concentrar,Fin,Sub,Fut,3,Plur,,,
possibilitarem,possibilitar,Fin,Sub,Fut,3,Plur,,,
posto,pôr,Part,,,,Sing,Masc,Pass,
sustentada,sustentar,Part,,,,Sing,Fem,,
avisa,avisar,Fin,Ind,Pres,3,Sing,,,
reduzirem,reduzir,Inf,,,3,Plur,,,
cresçam,crescer,Fin,Sub,Pres,3,Plur,,,
aumentadas,aumentar,Part,,,,Plur,Fem,Pass,
estabelecida,estabelecer,Part,,,,Sing,Fem,Pass,
estado,estar,Part,,,,,,,AUX
Concretizando,concretizar,Ger,,,,,,,
reconhecido,reconhecer,Part,,,,Sing,Masc,Pass,
Enquadrada,enquadrar,Part,,,,Sing,Fem,,
terciarizado,terciarizado,Part,,,,Sing,Masc,,
relembrar,relembrar,Inf,,,,,,,
substituídos,substituir,Part,,,,Plur,Masc,,
declinaram,declinar,Fin,Ind,Past,3,Plur,,,
intervém,intervir,Fin,Ind,Pres,3,Sing,,,
assinada,assinar,Part,,,,Sing,Fem,,
pronunciaram,pronunciar,Fin,Ind,Past,3,Plur,,,
Interessa,interessar,Fin,Ind,Pres,3,Sing,,,
preferimos,preferir,Fin,Ind,Pres,1,Plur,,,
sobra,sobrar,Fin,Ind,Pres,3,Sing,,,
predominar,predominar,Inf,,,,,,,
sentirá,sentir,Fin,Ind,Fut,3,Sing,,,
redigir,redigir,Inf,,,,,,,
violado,violar,Part,,,,Sing,Masc,,
violar,violar,Inf,,,,,,,
sobrevoar,sobrevoar,Inf,,,,,,,
lance,lançar,Fin,Sub,Pres,3,Sing,,,
cesse,cessar,Fin,Sub,Pres,3,Sing,,,
comnporte,comportar,Fin,Sub,Pres,3,Sing,,,
eliminado,eliminar,Part,,,,Sing,Masc,Pass,
batidos,bater,Part,,,,Plur,Masc,Pass,
interceptado,interceptar,Part,,,,Sing,Masc,Pass,
localizado,localizar,Part,,,,,,,
actuado,actuar,Part,,,,,,,
preste,prestar,Fin,Sub,Pres,3,Sing,,,
facilitado,facilitar,Part,,,,,,,
mostrarem,mostrar,Fin,Sub,Fut,3,Plur,,,
assegurada,assegurar,Part,,,,Sing,Fem,Pass,
seduz,seduzir,Fin,Ind,Pres,3,Sing,,,
excluindo,excluir,Ger,,,,,,,
reprimidos,reprimir,Part,,,,Plur,Masc,,
estende,estender,Fin,Ind,Pres,3,Sing,,,
enriquecem,enriquecer,Fin,Ind,Pres,3,Plur,,,
REIVINDICA,reivindicar,Fin,Ind,Pres,3,Sing,,,
autodenominado,autodenominar,Part,,,,Sing,Masc,,
reivindicou,reivindicar,Fin,Ind,Past,3,Sing,,,
libertado,libertar,Part,,,,Sing,Masc,Pass,
exprimia,exprimir,Fin,Ind,Imp,3,Sing,,,
nomeou,nomear,Fin,Ind,Past,3,Sing,,,
classifica,classificar,Fin,Ind,Pres,3,Sing,,,
remonta,remontar,Fin,Ind,Pres,3,Sing,,,
titulado,titular,Part,,,,Sing,Masc,Pass,
comprometia,comprometer,Fin,Ind,Imp,3,Sing,,,
custear,custear,Inf,,,,,,,
deslocaram,deslocar,Fin,Ind,Past,3,Plur,,,
operada,operar,Part,,,,Sing,Fem,Pass,
recuperadas,recuperar,Part,,,,Plur,Fem,,
originar,originar,Inf,,,,,,,
inesperado,inesperado,Part,,,,Sing,Masc,,
regressaram,regressar,Fin,Ind,Past,3,Plur,,,
somam,somar,Fin,Ind,Pres,3,Plur,,,
conquistados,conquistar,Part,,,,Plur,Masc,,
obtido,obter,Part,,,,,,,
incide,incidir,Fin,Ind,Pres,3,Sing,,,
observem,observar,Fin,Sub,Pres,3,Plur,,,
estipulados,estipular,Part,,,,Plur,Masc,,
reveja,rever,Fin,Sub,Pres,3,Sing,,,
ameaçando,ameaçar,Ger,,,,,,,
regressa,regressar,Fin,Ind,Pres,3,Sing,,,
indicou,indicar,Fin,Ind,Past,3,Sing,,,
tocou,tocar,Fin,Ind,Past,3,Sing,,,
Espantada,espantar,Part,,,,Sing,Fem,,
resolvi,resolver,Fin,Ind,Past,1,Sing,,,
encontravam,encontrar,Fin,Ind,Imp,3,Plur,,,
entender,entender,Inf,,,3,Sing,,,
confesso,confessar,Fin,Ind,Pres,1,Sing,,,
celebrará,celebrar,Fin,Ind,Fut,3,Sing,,,
completará,completar,Fin,Ind,Fut,3,Sing,,,
beneficiarem,beneficiar,Inf,,,3,Plur,,,
geriam,gerir,Fin,Ind,Imp,3,Plur,,,
baliza,balizar,Fin,Ind,Pres,3,Sing,,,
cotados,cotar,Part,,,,Plur,Masc,,
rivaliza,rivalizar,Fin,Ind,Pres,3,Sing,,,
dado,dar,Fin,Ind,Pres,3,Sing,,,
estabelecida,estabelecer,Part,,,,Sing,Fem,,
acrescida,acrescer,Part,,,,Sing,Fem,,
atribuídos,atribuir,Part,,,,Plur,Masc,,
verificado,verificar,Part,,,,Sing,Masc,,
registados,registar,Part,,,,Plur,Masc,,
destrói,destruir,Fin,Ind,Pres,3,Sing,,,
desalojando,desalojar,Ger,,,,,,,
colocada,colocar,Part,,,,Sing,Fem,,
antecipa,antecipar,Fin,Ind,Pres,3,Sing,,,
viradas,virar,Part,,,,Plur,Fem,,
guardar,guardar,Inf,,,,,,,
saudaram,saudar,Fin,Ind,Past,3,Plur,,,
Embalado,embalar,Part,,,,Sing,Masc,,
deixava,deixar,Fin,Ind,Imp,3,Sing,,,
cheiro,cheirar,Fin,Ind,Pres,1,Sing,,,
afirmava,afirmar,Fin,Ind,Imp,3,Sing,,,
Transpareceu,transparecer,Fin,Ind,Past,3,Sing,,,
arrumado,arrumar,Part,,,,Sing,Masc,,
verificar,verificar,Inf,,,3,Sing,,,
contrariar,contrariar,Inf,,,,,,,
decidida,decidir,Part,,,,Sing,Fem,Pass,
pontuar,pontuar,Inf,,,,,,,
pronunciem,pronunciar,Fin,Sub,Pres,3,Plur,,,
descontada,descontar,Part,,,,Sing,Fem,,
dirigiram,dirigir,Fin,Ind,Past,3,Plur,,,
informados,informar,Part,,,,Plur,Masc,Pass,
desenham,desenhar,Fin,Ind,Pres,3,Plur,,,
Lembrava,lembrar,Fin,Ind,Imp,3,Sing,,,
precipitadas,precipitar,Part,,,,Plur,Fem,,
fragilizar,fragilizar,Inf,,,,,,,
interiorizasse,interiorizar,Fin,Sub,Imp,3,Sing,,,
redundar,redundar,Inf,,,,,,,
obtida,obter,Part,,,,Sing,Fem,Pass,
fragilizado,fragilizado,Part,,,,Sing,Masc,,
afirmar,afirmar,Inf,,,3,Sing,,,
estarão,estar,Fin,Ind,Fut,3,Plur,,,AUX
carregado,carregar,Part,,,,Sing,Masc,,
fôr,ser,Fin,Sub,Fut,3,Sing,,,
concluida,concluir,Part,,,,Sing,Fem,,
cortarem,cortar,Inf,,,3,Plur,,,
noticiado,noticiar,Part,,,,,,,
instalara,instalar,Fin,Ind,Past,3,Sing,,,
reconhecida,reconhecer,Part,,,,Sing,Fem,Pass,
fabricar,fabricar,Inf,,,,,,,
conjugar,conjugar,Inf,,,,,,,
empenhado,empenhar,Part,,,,,,,
transportados,transportar,Part,,,,Plur,Masc,,
deixarão,deixar,Fin,Ind,Fut,3,Plur,,,
exagera,exagerar,Fin,Ind,Pres,3,Sing,,,
querer,querer,Fin,,,3,Sing,,,
estará,estar,Fin,Ind,Fut,3,Sing,,,AUX
comportar,comportar,Inf,,,,,,,
estragam,estragar,Fin,Ind,Pres,3,Plur,,,
montaram,montar,Fin,Ind,Past,3,Plur,,,
usem,usar,Fin,Sub,Pres,3,Plur,,,
Confrontado,confrontar,Part,,,,Sing,Masc,,
oficiou,oficiar,Fin,Ind,Past,3,Sing,,,
gerido,gerir,Part,,,,Sing,Masc,Pass,
agradou,agradar,Fin,Ind,Past,3,Sing,,,
repesense,repesense,Fin,Ind,Pres,3,Sing,,,
entretinha,entreter,Fin,Ind,Imp,3,Sing,,,
enterrada,enterrar,Part,,,,Sing,Fem,,
vigiava,vigiar,Fin,Ind,Imp,3,Sing,,,
multiplicar,multiplicar,Inf,,,,,,,
realizava,realizar,Fin,Ind,Imp,3,Sing,,,
fixava,fixar,Fin,Ind,Imp,3,Sing,,,
surgiam,surgir,Fin,Ind,Imp,3,Plur,,,
inspirar,inspirar,Inf,,,,,,,
considerara,considerar,Fin,Ind,Imp,3,Sing,,,
ambicionam,ambicionar,Fin,Ind,Pres,3,Plur,,,
velada,velar,Part,,,,Sing,Fem,,
cheirar,cheirar,Inf,,,,,,,
advertir,advertir,Inf,,,,,,,
agredido,agredir,Part,,,,,,,
violar,violar,Inf,,,3,Sing,,,
regressava,regressar,Fin,Ind,Imp,3,Sing,,,
agrediu,agredir,Fin,Ind,Past,3,Sing,,,
ocorrido,ocorrer,Part,,,,,,,
estabelecidos,estabelecer,Part,,,,Plur,Masc,Pass,
cotadas,cotar,Part,,,,Plur,Fem,,
continuada,continuar,Part,,,,Sing,Fem,,
vivido,viver,Part,,,,Sing,Masc,,
conduziram,conduzir,Fin,Ind,Past,3,Plur,,,
beneficiaram,beneficiar,Fin,Ind,Past,3,Plur,,,
promoveram,promover,Fin,Ind,Past,3,Plur,,,
vampirizam,vampirizar,Fin,Ind,Pres,3,Plur,,,
determinam,determinar,Fin,Ind,Pres,3,Plur,,,
vide,vidar,Fin,Ind,Pres,3,Sing,,,
deixasse,deixar,Fin,Sub,Imp,3,Sing,,,AUX
marginalizaram,marginalizar,Fin,Ind,Past,3,Plur,,,
obter,obter,Inf,,,3,Sing,,,
obtidos,obter,Part,,,,Plur,Masc,Pass,
acrescentado,acrescentar,Part,,,,Sing,Masc,,
complementa,complementar,Fin,Ind,Pres,3,Sing,,,
atordoa,atordoar,Fin,Ind,Pres,3,Sing,,,
vibra,vibrar,Fin,Ind,Pres,3,Sing,,,
vibrar,vibrar,Inf,,,,,,,
escutam,escutar,Fin,Ind,Pres,3,Plur,,,
cultivando,cultivar,Ger,,,,,,,
garantida,garantir,Part,,,,Sing,Fem,,
Trabalha,trabalhar,Fin,Ind,Pres,3,Sing,,,
mostrei,mostrar,Fin,Ind,Past,1,Sing,,,
Solicitado,solicitar,Part,,,,Sing,Masc,,
decidem,decidir,Fin,Ind,Pres,3,Plur,,,
assegurado,assegurar,Part,,,,Sing,Masc,,
Alegando,alegar,Ger,,,,,,,
assumidas,assumir,Part,,,,Plur,Fem,Pass,
alerta,alertar,Fin,Ind,Pres,3,Sing,,,
utilizadas,utilizar,Part,,,,Plur,Fem,Pass,
reivindicadas,reivindicar,Part,,,,Plur,Fem,Pass,
regulamentava,regulamentar,Fin,Ind,Imp,3,Sing,,,
passem,passar,Fin,Sub,Pres,3,Plur,,,AUX
regulados,regular,Part,,,,Plur,Masc,Pass,
assegure,assegurar,Fin,Sub,Pres,3,Sing,,,
acrescido,acrescer,Part,,,,Sing,Masc,Pass,
perdessem,perder,Fin,Sub,Imp,3,Plur,,,
Valeu,valer,Fin,Ind,Past,3,Sing,,,
desconhecida,desconhecer,Part,,,,Sing,Fem,,
inseridos,inserir,Part,,,,Plur,Masc,,
abrangidos,abranger,Part,,,,Plur,Masc,Pass,
atentar,atentar,Inf,,,,,,,
libertar,libertar,Inf,,,,,,,
respondessem,responder,Fin,Sub,Imp,3,Plur,,,
encorajado,encorajar,Part,,,,Sing,Masc,Pass,
admito,admitir,Fin,Ind,Pres,1,Sing,,,
entendesse,entender,Fin,Sub,Imp,3,Sing,,,
auscultar,auscultar,Inf,,,,,,,
começaria,começar,Fin,Cnd,,3,Sing,,,AUX
Aproveitaria,aproveitar,Fin,Cnd,,3,Sing,,,
esventrado,esventrar,Part,,,,Sing,Masc,,
adiada,adiar,Part,,,,Sing,Fem,,
valia,valer,Fin,Ind,Imp,3,Sing,,,
adaptado,adaptar,Part,,,,,,,
subirem,subir,Inf,,,3,Plur,,,
ficam,ficar,Fin,Ind,Pres,3,Plur,,,AUX
salientam,salientar,Fin,Ind,Pres,3,Plur,,,
consomem,consumir,Fin,Ind,Pres,3,Plur,,,
funcionam,funcionar,Fin,Ind,Pres,3,Plur,,,
contribuir,contribuir,Inf,,,3,Sing,,,
disponibilizadas,disponibilizar,Part,,,,Plur,Fem,,
aproveitado,aproveitar,Part,,,,Sing,Masc,Pass,
espalhado,espalhar,Part,,,,Sing,Masc,,
removido,remover,Part,,,,Sing,Masc,,
acertada,acertar,Part,,,,Sing,Fem,,
percebeu,perceber,Fin,Ind,Past,3,Sing,,,
desvinculará,desvincular,Fin,Ind,Fut,3,Sing,,,
parecer,parecer,Inf,,,,,,,
colorido,colorir,Part,,,,Sing,Masc,,
reformados,reformar,Part,,,,Plur,Masc,,
desempenha,desempenhar,Fin,Ind,Pres,3,Sing,,,
delineada,delinear,Part,,,,Sing,Fem,,
tenciona,tencionar,Fin,Ind,Pres,3,Sing,,,
retiramos,retirar,Fin,Ind,Pres,1,Plur,,,
degolarão,degolar,Fin,Ind,Fut,3,Plur,,,
parecesse,parecer,Fin,Sub,Imp,3,Sing,,,
Irão,ir,Fin,Ind,Fut,3,Plur,,,
havido,haver,Part,,,,,,,
Rebentou,rebentar,Fin,Ind,Past,3,Sing,,,
trauteava,trautear,Fin,Ind,Pres,3,Sing,,,
compunha,compor,Fin,Ind,Imp,3,Sing,,,
distinguir,distinguir,Inf,,,,,,,
Sou,ser,Fin,Ind,Pres,1,Sing,,,
receio,receiar,Fin,Ind,Pres,1,Sing,,,
preconizado,preconizar,Part,,,,Sing,Masc,,
agravará,agravar,Fin,Ind,Fut,3,Sing,,,
comparticipado,comparticipar,Part,,,,Sing,Masc,Pass,
escolhidos,escolher,Part,,,,Plur,Masc,Pass,
tirada,tirar,Part,,,,Sing,Fem,Pass,
deitado,deitar,Part,,,,Sing,Masc,,
tresandar,tresandar,Inf,,,,,,,
velado,velar,Part,,,,Sing,Masc,Pass,
conheceu,conhecer,Fin,Ind,Past,3,Sing,,,
entregava,entregar,Fin,Ind,Imp,3,Sing,,,
alegando,alegar,Ger,,,,,,,
caducaria,caducar,Fin,Ind,,3,Sing,,,
chegaria,chegar,Fin,Cnd,,3,Sing,,,AUX
Carregado,Carregado,Part,,,,Sing,Masc,,
acrescido,acrescer,Part,,,,Sing,Masc,,
transitam,transitar,Fin,Ind,Pres,3,Plur,,,
empatem,empatar,Fin,Sub,Pres,3,Plur,,,
vençam,vençer,Fin,Sub,Pres,3,Plur,,,
permaneceria,permanecer,Fin,Cnd,,3,Sing,,,
apuraria,apurar,Fin,Cnd,,3,Sing,,,
esclarecerá,esclarecer,Fin,Ind,Fut,3,Sing,,,
vença,vencer,Fin,Sub,Pres,3,Sing,,,
derrote,derrotar,Fin,Sub,Pres,3,Sing,,,
patrocinadas,patrocinar,Part,,,,Plur,Fem,Pass,
requerida,requerer,Part,,,,Sing,Fem,,
torne,tornar,Fin,Sub,Pres,3,Sing,,,
desinflaccionadas,desinflaccionar,Part,,,,Plur,Fem,Pass,
negociando,negociar,Ger,,,,,,,
resolvem,resolver,Fin,Ind,Pres,3,Plur,,,
praticarem,praticar,Inf,,,3,Plur,,,
escrevemos,escrever,Fin,Ind,Pres,1,Plur,,,
excitou,excitar,Fin,Ind,Past,3,Sing,,,
mente,mentir,Fin,Ind,Pres,3,Sing,,,
comunicar,comunicar,Inf,,,,,,,
desagravar,desagravar,Inf,,,,,,,
sublinhará,sublinhar,Fin,Ind,Fut,3,Sing,,,
Digo,dizer,Fin,Ind,Pres,1,Sing,,,
desmobilizaram,desmobilizar,Fin,Ind,Past,3,Plur,,,
agradecia,agradecer,Fin,Ind,Imp,1,Sing,,,
transmitido,transmitir,Part,,,,Sing,Masc,Pass,
vedou,vedar,Fin,Ind,Past,3,Sing,,,
policiou,policiar,Fin,Ind,Pres,3,Sing,,,
descobertos,descobrir,Part,,,,Plur,Masc,Pass,
eclodiram,eclodir,Fin,Ind,Past,3,Plur,,,
divulgaram,divulgar,Fin,Ind,Past,3,Plur,,,
revoltada,revoltar,Part,,,,Sing,Fem,,
acusaram,acusar,Fin,Ind,Past,3,Plur,,,
incitado,incitar,Part,,,,Sing,Masc,,
mancharam,manchar,Fin,Ind,Past,3,Plur,,,
alinhados,alinhar,Part,,,,Plur,Masc,,
exumadas,exumar,Part,,,,Plur,Fem,,
colocadas,colocar,Part,,,,Plur,Fem,,
desconhecidos,desconhecer,Part,,,,Plur,Masc,,
agrupam,agrupar,Fin,Ind,Pres,3,Plur,,,
recompensadas,recompensar,Part,,,,Plur,Fem,,
feridas,ferir,Part,,,,Plur,Fem,Pass,
presas,prender,Part,,,,Plur,Fem,,
molestadas,molestar,Part,,,,Plur,Fem,,
arredados,arredado,Part,,,,Plur,Masc,,
despertar,despertar,Inf,,,,,,,
enjeita,enjeitar,Fin,Ind,Pres,3,Sing,,,
planeámos,planear,Fin,Ind,Pres,1,Plur,,,
declinou,declinar,Fin,Ind,Past,3,Sing,,,
abrangera,abranger,Fin,Ind,Pres,3,Sing,,,
vedadas,vedar,Part,,,,Plur,Fem,,
entregou,entregar,Fin,Ind,Past,3,Sing,,,
prosseguem,prosseguir,Fin,Ind,Pres,3,Plur,,,
ingerido,ingerir,Part,,,,,,,
encoberta,encoberto,Part,,,,Sing,Fem,,
comissariada,comissariar,Part,,,,Sing,Fem,Pass,
ultrapassando,ultrapassar,Ger,,,,,,,
supôr,supor,Inf,,,,,,,
habilitado,habilitado,Part,,,,Sing,Masc,,
comissariar,comissariar,Inf,,,,,,,
assumidos,assumir,Part,,,,Plur,Masc,,
contactou,contactar,Fin,Ind,Past,3,Sing,,,
distribuidos,distribuir,Part,,,,Plur,Masc,,
Indignados,indignado,Part,,,,Plur,Masc,,
aconselharam,aconselhar,Fin,Ind,Past,3,Plur,,,
trair,trair,Inf,,,,,,,
obedecer,obedecer,Inf,,,,,,,
averbou,averbar,Fin,Ind,Past,3,Sing,,,
interposta,interpor,Part,,,,Sing,Fem,Pass,
empurrar,empurrar,Inf,,,,,,,
divulgados,divulgar,Part,,,,Plur,Masc,Pass,
Beijou,beijar,Fin,Ind,Past,3,Sing,,,
abraçou,abraçar,Fin,Ind,Past,3,Sing,,,
conversou,conversar,Fin,Ind,Past,3,Sing,,,
torci,torciar,Fin,Ind,Past,1,Sing,,,
dispensam,dispensar,Fin,Ind,Pres,3,Plur,,,
expresso,expressar,Part,,,,Sing,Masc,,
aventurar,aventurar,Inf,,,3,Sing,,,
importam,importar,Fin,Ind,Pres,3,Plur,,,
coberta,cobrir,Part,,,,Sing,Fem,Pass,
trabalhadas,trabalhado,Part,,,,Plur,Fem,,
substituem,substituir,Fin,Ind,Pres,3,Plur,,,
reelege,reeleger,Fin,Ind,Pres,3,Sing,,,
amou,amar,Fin,Ind,Past,3,Sing,,,
Convidada,convidar,Part,,,,Sing,Fem,,
convocada,convocar,Part,,,,Sing,Fem,,
inventada,inventar,Part,,,,Sing,Fem,Pass,
condenar,condenar,Inf,,,,,,,
executar,executar,Inf,,,,,,,
Formada,formar,Part,,,,Sing,Fem,Pass,
conluir,conluir,Inf,,,,,,,
çe,çar,Fin,Ind,Pres,3,Sing,,,
serviria,servir,Fin,Ind,,3,Sing,,,
aliada,aliar,Part,,,,Sing,Fem,,
destruíram,destruir,Fin,Ind,Past,3,Plur,,,
ancorada,ancorar,Part,,,,Sing,Fem,,
mandado,mandar,Part,,,,Sing,Masc,Pass,
detestava,detestar,Fin,Ind,Imp,3,Sing,,,
causadas,causar,Part,,,,Plur,Fem,Pass,
ingeriram,ingerir,Fin,Ind,Past,3,Plur,,,
autorizado,autorizar,Part,,,,Sing,Masc,Pass,
pago,pagar,Fin,Ind,Pres,1,Sing,,,
atualizadas,atualizar,Part,,,,Plur,Fem,,
Corresponde,corresponder,Fin,Ind,Pres,3,Sing,,,
identificaram,identificar,Fin,Ind,Past,3,Plur,,,
resgatar,resgatar,Inf,,,,,,,
projetam,projeter,Fin,Ind,Pres,3,Plur,,,
projeta,projeter,Fin,Ind,Pres,3,Sing,,,
renderiam,render,Fin,Ind,,3,Plur,,,
conformada,conformar,Part,,,,Sing,Fem,,
reuniram,reunir,Fin,Ind,Past,3,Plur,,,
chegado,chegar,Part,,,,Sing,Masc,,
seguraram,segurar,Fin,Ind,Past,3,Plur,,,
aceitava,aceitar,Fin,Ind,Imp,3,Sing,,,
Conquistou,conquistar,Fin,Ind,Past,3,Sing,,,
excluído,excluir,Part,,,,Sing,Masc,,
queimado,queimar,Part,,,,Sing,Masc,Pass,
animado,animar,Part,,,,Sing,Masc,,
expedida,expedir,Part,,,,Sing,Fem,Pass,
transmitiu,transmitir,Fin,Ind,Past,3,Sing,,,
vestir,vestir,Inf,,,,,,,
autopsiar,autopsiar,Inf,,,,,,,
desmaiar,desmaiar,Inf,,,,,,,
rebaixado,rebaixar,Part,,,,Sing,Masc,,
metralhou,metralhar,Fin,Ind,Past,3,Sing,,,
sonegarem,sonegar,Inf,,,3,Plur,,,
exigia,exigir,Fin,Ind,Imp,3,Sing,,,
coletarem,coletar,Fin,Sub,Fut,3,Plur,,,
reverto,revertar,Fin,Ind,Pres,1,Sing,,,
precisando,precisar,Ger,,,,,,,
veta,vetar,Fin,Ind,Pres,3,Sing,,,
recompense,recompensar,Fin,Sub,Pres,3,Sing,,,
parassem,parar,Fin,Sub,Imp,3,Plur,,,
convertido,converter,Part,,,,Sing,Masc,Pass,
projetar,projetar,Inf,,,,,,,
Leia,ler,Fin,Sub,Pres,3,Sing,,,
celebram,celebrar,Fin,Ind,Pres,3,Plur,,,
velar,velar,Inf,,,3,Sing,,,
trafica,traficar,Fin,Ind,Pres,3,Sing,,,
escapado,escapar,Part,,,,Sing,Masc,,
apreendidas,apreender,Part,,,,Plur,Fem,Pass,
compartilhados,compartilhar,Part,,,,Plur,Masc,Pass,
reservados,reservar,Part,,,,Plur,Masc,,
alertavam,alertar,Fin,Ind,Imp,3,Plur,,,
afirmavam,afirmar,Fin,Ind,Imp,3,Plur,,,
descartar,descartar,Inf,,,,,,,
atirar,atirar,Inf,,,,,,,
desaconselhou,desaconselhar,Fin,Ind,Past,3,Sing,,,
Avisado,avisar,Part,,,,Sing,Masc,,
desdenhou,desdenhar,Fin,Ind,Past,3,Sing,,,
trocaria,trocar,Fin,Cnd,,1,Sing,,,
Agarrado,agarrar,Part,,,,Sing,Masc,,
batizada,batizar,Part,,,,Sing,Fem,,
opera,operar,Fin,Ind,Pres,3,Sing,,,
acrescentarão,acrescentar,Fin,Ind,Fut,3,Plur,,,
sonhar,sonhar,Inf,,,,,,,
combina,combinar,Fin,Ind,Pres,3,Sing,,,
caracterizar,caracterizar,Inf,,,,,,,
unido,unir,Part,,,,Sing,Masc,Pass,
amarrariam,amarrar,Fin,Ind,,3,Plur,,,
ressuscitou,ressuscitar,Fin,Ind,Past,3,Sing,,,
batido,bater,Part,,,,Sing,Masc,,
capotado,capotar,Part,,,,Sing,Masc,,
descreveu,descrever,Fin,Ind,Past,3,Sing,,,
Aposentado,aposentar,Part,,,,Sing,Masc,,
aposentado,aposentar,Part,,,,Sing,Masc,,
sapateou,sapatear,Fin,Ind,Past,3,Sing,,,
treinado,treinar,Part,,,,Sing,Masc,Pass,
reagir,reagir,Fin,Sub,Fut,3,Sing,,,
evitar,evitar,Fin,Sub,,3,Sing,,,
Desanima,desanimar,Fin,Ind,Pres,3,Sing,,,
deifica,deificar,Fin,Ind,Pres,3,Sing,,,
mistifica,mistificar,Fin,Ind,Pres,3,Sing,,,
espalhar,espalhar,Inf,,,,,,,
folhear,folhear,Inf,,,,,,,
virada,virar,Part,,,,Sing,Fem,Pass,
fracassarem,fracassar,Inf,,,3,Plur,,,
mordido,morder,Part,,,,Sing,Masc,Pass,
rebolando,rebolar,Ger,,,,,,,
vigiados,vigiar,Part,,,,Plur,Masc,Pass,
retirado,retirar,Part,,,,Sing,Masc,Pass,
achado,achado,Part,,,,Sing,Masc,Pass,
invadiram,invadir,Fin,Ind,Past,3,Plur,,,
sofridos,sofrer,Part,,,,Plur,Masc,Pass,
comporta,comportar,Fin,Ind,Pres,3,Sing,,,
bendito,bender,Part,,,,Sing,Masc,,
minorar,minorar,Inf,,,,,,,
demitido,demitir,Part,,,,Sing,Masc,,
concentremos,concentrer,Fin,Ind,Pres,1,Plur,,,
sequestrado,sequestrar,Part,,,,Sing,Masc,Pass,
Abalado,abalar,Part,,,,Sing,Masc,,
mastiga,mastever,Fin,Ind,Pres,3,Sing,,,
quebrou,quebrar,Fin,Ind,Past,3,Sing,,,
cruzado,cruzar,Part,,,,Sing,Masc,,
trancados,trancar,Part,,,,Plur,Masc,,
torturados,torturar,Part,,,,Plur,Masc,Pass,
ficou,ficar,Fin,Ind,Past,3,Sing,,,AUX
submetida,submeter,Part,,,,Sing,Fem,Pass,
voltava,voltar,Fin,Ind,Imp,3,Sing,,,
canta,cantar,Fin,Ind,Pres,3,Sing,,,
Esqueça,esqueçar,Fin,Sub,Pres,3,Sing,,,
passe,passar,Fin,Sub,Pres,3,Sing,,,
cite,citar,Fin,Ind,Pres,3,Sing,,,
importadas,importar,Part,,,,Plur,Fem,,
estimulou,estimular,Fin,Ind,Past,3,Sing,,,
garantido,garantir,Part,,,,Sing,Masc,,
Constam,constar,Fin,Ind,Pres,3,Plur,,,
relacionando,relacionar,Ger,,,,,,,
discutidas,discutir,Part,,,,Plur,Fem,Pass,
enfatizou,enfatizar,Fin,Ind,Past,3,Sing,,,
dependeria,depender,Fin,Cnd,,3,Sing,,,
agrada,agradar,Fin,Ind,Pres,3,Sing,,,
Abre,abrir,Fin,Ind,Pres,3,Sing,,,
reavaliar,reavaliar,Inf,,,,,,,
intermediar,intermediar,Inf,,,,,,,
recolheu,recolher,Fin,Ind,Past,3,Sing,,,
decretar,decretar,Inf,,,,,,,
publicaram,publicar,Fin,Ind,Past,3,Plur,,,
treinando,treinar,Ger,,,,,,,
promovidos,promover,Part,,,,Plur,Masc,Pass,
Recém-promovido,recém-promover,Part,,,,Sing,Masc,,
juntinhos,juntinhar,Part,,,,Plur,Masc,Pass,
assitir,assitir,Inf,,,,,,,
Amaram,amar,Fin,Ind,Past,3,Plur,,,
celebrados,celebrar,Part,,,,Plur,Masc,,
convertidos,converter,Part,,,,Plur,Masc,,
reflita,reflitar,Fin,Sub,Pres,3,Sing,,,
andando,andar,Ger,,,,,,,
puxado,puxar,Part,,,,Sing,Masc,Pass,
pratiquei,praticar,Fin,Ind,Past,1,Sing,,,
caí,cair,Fin,Ind,Past,1,Sing,,,
soltei,soltar,Fin,Ind,Past,1,Sing,,,
Precisei,precisar,Fin,Ind,Past,1,Sing,,,
viajar,viajar,Inf,,,3,Sing,,,
satisfazíamos,satisfar,Fin,Ind,Pres,1,Plur,,,
almoçar,almoçar,Inf,,,,,,,
conheçam,conheçar,Fin,Sub,Pres,3,Plur,,,
influenciam,influenciar,Fin,Ind,Pres,3,Plur,,,
revêem,rever,Fin,Ind,Pres,3,Plur,,,
Pedem,pedir,Fin,Ind,Pres,3,Plur,,,
Cursando,cursar,Ger,,,,,,,
substitui,substituir,Fin,Ind,Pres,3,Sing,,,
desferido,desferir,Part,,,,Sing,Masc,,
escritas,escrever,Part,,,,Plur,Fem,,
viabilizaria,viabilizar,Fin,Ind,,3,Sing,,,
colheu,colher,Fin,Ind,Past,3,Sing,,,
dirigia,dirigir,Fin,Ind,Imp,3,Sing,,,
praticaram,praticar,Fin,Ind,Past,3,Plur,,,
elevou,elevar,Fin,Ind,Past,3,Sing,,,
Vivemos,viver,Fin,Ind,Pres,1,Plur,,,
sofrido,sofrer,Part,,,,,,,
interpretadas,interpretar,Part,,,,Plur,Fem,Pass,
Lutava,lutar,Fin,Ind,Imp,3,Sing,,,
rolados,rolar,Part,,,,Plur,Masc,Pass,
empregada,empregar,Part,,,,Sing,Fem,,
coincidindo,coincidir,Ger,,,,,,,
investigado,investigar,Part,,,,Sing,Masc,Pass,
suava,suavar,Fin,Ind,Imp,3,Sing,,,
arrepiada,arrepiar,Part,,,,Sing,Fem,,
alertada,alertar,Part,,,,Sing,Fem,Pass,
ampliou,ampliar,Fin,Ind,Past,3,Sing,,,
leque,lequir,Fin,Ind,Pres,3,Sing,,,
programou,programar,Fin,Ind,Past,3,Sing,,,
acertamos,acertar,Fin,Ind,Past,1,Plur,,,
queixou,queixar,Fin,Ind,Past,3,Sing,,,
forjados,forjar,Part,,,,Plur,Masc,,
coincidiu,coincidir,Fin,Ind,Past,3,Sing,,,
anunciava,anunciar,Fin,Ind,Imp,3,Sing,,,
investia,investir,Fin,Ind,Imp,3,Sing,,,
investindo,investir,Ger,,,,,,,
faturou,faturar,Fin,Ind,Past,3,Sing,,,
reflete,refletir,Fin,Ind,Pres,3,Sing,,,
captam,captar,Fin,Ind,Pres,3,Plur,,,
mobilizar,mobilizar,Inf,,,,,,,
examinou,examinar,Fin,Ind,Past,3,Sing,,,
assimiláveis,assimilável,Part,,,,Plur,Fem,Pass,
integrados,integrar,Part,,,,Plur,Masc,Pass,
observando,observar,Ger,,,,,,,
esvaindo,esvair,Ger,,,,,,,
confundi,confundir,Fin,Ind,Pres,1,Sing,,,
deparei,deparar,Fin,Ind,Past,1,Sing,,,
apurado,apurar,Part,,,,Sing,Masc,,
pare,parer,Fin,Sub,Pres,3,Sing,,,
Custa,custar,Fin,Ind,Pres,3,Sing,,,
voltado,voltar,Part,,,,Sing,Masc,,
Sai,sair,Fin,Ind,Pres,3,Sing,,,
vivendo,viver,Ger,,,,,,,
demonstrar,demonstrar,Inf,,,,,,,
devolvendo,devolver,Ger,,,,,,,
levados,levar,Part,,,,Plur,Masc,,
amo,amar,Fin,Ind,Pres,1,Sing,,,
rindo,rir,Ger,,,,,,,
Começam,começar,Fin,Ind,Pres,3,Plur,,,AUX
chorar,chorar,Inf,,,,,,,
projetando,projetar,Ger,,,,,,,
puxada,puxar,Part,,,,Sing,Fem,Pass,
impulsionada,impulsionar,Part,,,,Sing,Fem,Pass,
Esperamos,esperar,Fin,Ind,Pres,1,Plur,,,
ocorrendo,ocorrer,Ger,,,,,,,
tomar,tomar,Fin,Sub,Fut,3,Sing,,,
apropriados,apropriar,Part,,,,Plur,Masc,,
derrota,derrota,Fin,Ind,Pres,3,Sing,,,
Animado,animar,Part,,,,Sing,Masc,,
Conhecer,conhecer,Inf,,,,,,,
assimilados,assimilar,Part,,,,Plur,Masc,Pass,
notaram,notar,Fin,Ind,Past,3,Plur,,,
prejudicada,prejudicar,Part,,,,Sing,Fem,,
comete,cometer,Fin,Ind,Pres,3,Sing,,,
chegam,chegar,Fin,Ind,Pres,3,Plur,,,AUX
enfrentaram,enfrentar,Fin,Ind,Past,3,Plur,,,
escravizar,escravizar,Inf,,,3,Sing,,,
planificada,planificar,Part,,,,Sing,Fem,,
sugerida,sugerir,Part,,,,Sing,Fem,Pass,
encaminhados,encaminhar,Part,,,,Plur,Masc,,
avaliou,avaliar,Fin,Ind,Past,3,Sing,,,
repetido,repetir,Part,,,,,,,
pertenceram,pertencer,Fin,Ind,Past,3,Plur,,,
reclamam,reclamar,Fin,Ind,Pres,3,Plur,,,
adiando,adiar,Ger,,,,,,,
agendar,agendar,Inf,,,,,,,
emboscada,emboscar,Part,,,,Sing,Fem,,
retomadas,retomar,Part,,,,Plur,Fem,Pass,
negligenciado,negligenciar,Part,,,,Sing,Masc,,
comprova,comprovar,Fin,Ind,Pres,3,Sing,,,
transferir,transferir,Inf,,,,,,,
subordinanda,subordinandar,Fin,Ind,Pres,3,Sing,,,
Compramos,comprar,Fin,Ind,Pres,1,Plur,,,
levei,levar,Fin,Ind,Past,1,Sing,,,
enxerguei,enxerguar,Fin,Ind,Past,1,Sing,,,
pilotam,pilotar,Fin,Ind,Pres,3,Plur,,,
Divulgado,divulgar,Part,,,,Sing,Masc,,
saído,sair,Part,,,,,,,
detalhados,detalhar,Part,,,,Plur,Masc,,
revelados,revelar,Part,,,,Plur,Masc,Pass,
Tomado,tomar,Part,,,,Sing,Masc,,
carregar,carregar,Inf,,,,,,,
contêm,conter,Fin,Ind,Pres,3,Plur,,,
acedido,acedir,Part,,,,Sing,Masc,Pass,
requere,requerer,Fin,Ind,Pres,3,Sing,,,
suplantados,suplantar,Part,,,,Plur,Masc,Pass,
suportado,suportar,Part,,,,Sing,Masc,,
controlam,controlar,Fin,Ind,Pres,3,Plur,,,
abunda,aboudar,Fin,Ind,Pres,3,Sing,,,
despojada,despojar,Part,,,,Sing,Fem,,
sossegar,sossegar,Inf,,,,,,,
temiam,temer,Fin,Ind,Imp,3,Plur,,,
sucedesse,suceder,Fin,Sub,Imp,3,Sing,,,
arrastam,arrastar,Fin,Ind,Pres,3,Plur,,,
planeado,planear,Part,,,,Sing,Masc,,
propunha,propor,Fin,Ind,Imp,3,Sing,,,
intersectado,intersectar,Part,,,,Sing,Masc,,
caminar,caminar,Fin,Sub,Fut,3,Sing,,,
ultrapassa,ultrapassar,Fin,Ind,Pres,3,Sing,,,
procedido,proceder,Part,,,,,,,
diferenciada,diferenciar,Part,,,,Sing,Fem,,
libertados,libertar,Part,,,,Plur,Masc,Pass,
dispara,disparar,Fin,Ind,Pres,3,Sing,,,
colará,colar,Fin,Ind,Pres,3,Sing,,,
Procura,procurar,Fin,Ind,Pres,3,Sing,,,
pressiona,pressionar,Fin,Ind,Pres,3,Sing,,,
pressionada,pressionar,Part,,,,Sing,Fem,,
frequentadas,frequentar,Part,,,,Plur,Fem,Pass,
incendiadas,incendiar,Part,,,,Plur,Fem,Pass,
sonham,ser,Fin,Ind,Pres,3,Plur,,,
ilustram,ilustrar,Fin,Ind,Pres,3,Plur,,,
adiantadas,adiantar,Part,,,,Plur,Fem,Pass,
estimados,estimar,Part,,,,Plur,Masc,,
referido,referir,Part,,,,Sing,Masc,Pass,
tivesse,ter,Fin,Sub,Imp,3,Sing,,,AUX
deliberar,deliberar,Inf,,,,,,,
inviabilizando,inviabilizar,Ger,,,,,,,
conserve,conservar,Fin,Sub,Pres,3,Sing,,,
diria,dizer,Fin,Cnd,,3,Sing,,,
dispararam,disparar,Fin,Ind,Past,3,Plur,,,
ornamentar,ornamentar,Inf,,,,,,,
ornam,ornar,Fin,Ind,Pres,3,Plur,,,
compostas,compor,Part,,,,Plur,Fem,,
Acabou,acabar,Fin,Ind,Past,3,Sing,,,AUX
traduzir,traduzir,Inf,,,,,,,
reclamaria,reclamar,Fin,Cnd,,3,Sing,,,
deteriorada,deteriorar,Part,,,,Sing,Fem,Pass,
imperaram,imperar,Fin,Ind,Imp,3,Plur,,,
perseguida,perseguir,Part,,,,Sing,Fem,Pass,
selada,selar,Part,,,,Sing,Fem,,
manipulou,manipular,Fin,Ind,Past,3,Sing,,,
enumerando,enumerar,Ger,,,,,,,
alcoolizados,alcoolizar,Part,,,,Plur,Masc,,
aplicou,aplicar,Fin,Ind,Past,3,Sing,,,
conduziam,conduzir,Fin,Ind,Imp,3,Plur,,,
sentiu,sentir,Fin,Ind,Past,3,Sing,,,
ofendida,ofender,Part,,,,Sing,Fem,,
considerar,considerar,Fin,Sub,Fut,3,Sing,,,
processado,processar,Part,,,,Sing,Masc,,
concretizado,concretizar,Part,,,,,,,
envolver,envolver,Inf,,,3,Sing,,,
contratado,contratar,Part,,,,Sing,Masc,Pass,
escondidas,esconder,Part,,,,Plur,Fem,,
suportassem,suportar,Fin,Sub,Pres,3,Plur,,,
Abriu,abrir,Fin,Ind,Past,3,Sing,,,
clarificados,clarificar,Part,,,,Plur,Masc,Pass,
enfatizando,enfatizar,Ger,,,,,,,
originam,originar,Fin,Ind,Pres,3,Plur,,,
convencionou,convencionar,Fin,Ind,Past,3,Sing,,,
designar,designar,Inf,,,,,,,
assumido,assumir,Part,,,,Sing,Masc,Pass,
confrontada,confrontar,Part,,,,Sing,Fem,,
centralizar,centralizar,Inf,,,,,,,
Iniciar,iniciar,Inf,,,,,,,
recorre,recorrer,Fin,Ind,Pres,3,Sing,,,
deixadas,deixar,Part,,,,Plur,Fem,,
cruza,cruzar,Fin,Ind,Pres,3,Sing,,,
criando,criar,Ger,,,,,,,
problematizar,problematizar,Inf,,,,,,,
convidada,convidar,Part,,,,Sing,Fem,Pass,
desarmados,desarmar,Part,,,,Plur,Masc,,
indagou,indagar,Fin,Ind,Past,3,Sing,,,
tencionava,tencionar,Fin,Ind,Imp,3,Sing,,,
falavam,falar,Fin,Ind,Imp,3,Plur,,,
balbuciou,balbuciar,Fin,Ind,Past,3,Sing,,,
exilado,exilar,Part,,,,Sing,Masc,,
cometida,cometer,Part,,,,Sing,Fem,,
dar,dar,Inf,,,,,,,AUX
formar,formar,Inf,,,,,,,
adequem,adequar,Fin,Sub,Pres,3,Plur,,,
concretizada,concretizar,Part,,,,Sing,Fem,Pass,
debatido,debater,Part,,,,,,,
estivemos,estar,Fin,Ind,Past,1,Plur,,,
simular,simular,Inf,,,,,,,
Viajamos,viajar,Fin,Ind,Pres,1,Plur,,,
comprar,comprar,Fin,Sub,Fut,3,Sing,,,
passamos,passar,Fin,Ind,Pres,1,Plur,,,
especializadas,especializar,Part,,,,Plur,Fem,,
significava,significar,Fin,Ind,Imp,3,Sing,,,
pude,poder,Fin,Ind,Past,1,Sing,,,
cercados,cercar,Part,,,,Plur,Masc,Pass,
controlado,controlar,Part,,,,Sing,Masc,,
lendo,ler,Ger,,,,,,,
assimilam,assimilar,Fin,Ind,Pres,3,Plur,,,
tornam,tornar,Fin,Ind,Pres,3,Plur,,,
editado,editar,Part,,,,Sing,Masc,Pass,
evocado,evocar,Part,,,,Sing,Masc,Pass,
expandir,expandir,Inf,,,,,,,
decretadas,decretar,Part,,,,Plur,Fem,,
esforçaram,esforçar,Fin,Ind,Past,3,Plur,,,
esconderam,esconder,Fin,Ind,Past,3,Plur,,,
atestam,atestar,Fin,Ind,Pres,3,Plur,,,
necessitam,necessitar,Fin,Ind,Pres,3,Plur,,,
comprimir,comprimir,Inf,,,,,,,
sangrar,sangrar,Inf,,,,,,,
necessitarão,necessitar,Fin,Ind,Fut,3,Plur,,,
indiscriminado,indiscriminar,Part,,,,Sing,Masc,,
provocadas,provocar,Part,,,,Plur,Fem,Pass,
renascer,renascer,Inf,,,,,,,
propõem,propor,Fin,Ind,Pres,3,Plur,,,
defender,defender,Inf,,,3,Sing,,,
expulsando,expulsar,Ger,,,,,,,
aterrorizar,aterrorizar,Inf,,,,,,,
assistiam,assistir,Fin,Ind,Imp,3,Plur,,,
fascinadas,fascinar,Part,,,,Plur,Fem,,
choravam,chorar,Fin,Ind,Imp,3,Plur,,,
aterrorizadas,aterrorizar,Part,,,,Plur,Fem,,
respondiam,responder,Fin,Ind,Imp,3,Plur,,,
avultados,avultar,Part,,,,Plur,Masc,,
cortadas,cortar,Part,,,,Plur,Fem,,
encomendada,encomendar,Part,,,,Sing,Fem,Pass,
Marcada,marcar,Part,,,,Sing,Fem,,
anunciada,anunciar,Part,,,,Sing,Fem,,
acorrem,acorrer,Fin,Ind,Pres,3,Plur,,,
fiscalizam,fiscalizar,Fin,Ind,Pres,3,Plur,,,
degradados,degradar,Part,,,,Plur,Masc,,
abandonados,abandonar,Part,,,,Plur,Masc,,
executadas,executar,Part,,,,Plur,Fem,,
frisou,frisar,Fin,Ind,Past,3,Sing,,,
desafiou,desafiar,Fin,Ind,Past,3,Sing,,,
visitado,visitar,Part,,,,Sing,Masc,Pass,
desmesuradas,desmesurar,Part,,,,Plur,Fem,,
erguidas,erguir,Part,,,,Plur,Fem,,
proibidos,proibir,Part,,,,Plur,Masc,,
descrito,descrever,Part,,,,Sing,Masc,,
sobrepostos,sobrepor,Part,,,,Plur,Masc,,
retirámos,retirar,Fin,Ind,Past,1,Plur,,,
adaptámos,adaptar,Fin,Ind,Pres,1,Plur,,,
apresentamos,apresentar,Fin,Ind,Pres,1,Plur,,,
conhecer,conhecer,Fin,Sub,Fut,3,Sing,,,
souber,saber,Fin,Sub,Pres,3,Sing,,,
convocam,convocar,Fin,Ind,Pres,3,Plur,,,
manifestam,manifestar,Fin,Ind,Pres,3,Plur,,,
reagem,reagar,Fin,Ind,Pres,3,Plur,,,
gritando,gritar,Ger,,,,,,,
exonerado,exonerar,Part,,,,Sing,Masc,,
expondo,expor,Ger,,,,,,,
gostaríamos,gostar,Fin,Ind,Past,1,Plur,,,
sabido,saber,Part,,,,Sing,Masc,,
excluir,excluir,Inf,,,3,Sing,,,
exista,existir,Fin,Sub,Pres,3,Sing,,,
garanta,garantar,Fin,Sub,Pres,3,Sing,,,
tornará,tornar,Fin,Ind,Fut,3,Sing,,,AUX
amealhou,amealhar,Fin,Ind,Past,3,Sing,,,
pegarmos,pegar,Fin,Sub,Fut,1,Plur,,,
subdesenvolvida,subdesenvolver,Part,,,,Sing,Fem,,
geridos,gerir,Part,,,,Plur,Masc,,
cavar,cavar,Inf,,,,,,,
disfarçada,disfarçar,Part,,,,Sing,Fem,Pass,
avisara,avisar,Fin,Ind,Past,3,Sing,,,
virem,vir,Inf,,,3,Plur,,,
admitiram,admitir,Fin,Ind,Past,3,Plur,,,
citados,citar,Part,,,,Plur,Masc,Pass,
progridem,progridir,Fin,Ind,Pres,3,Plur,,,
suspensas,suspender,Part,,,,Plur,Fem,,
regule,regular,Fin,Sub,Pres,3,Sing,,,
resolvida,resolvido,Part,,,,Sing,Fem,,
introduzidas,introduzir,Part,,,,Plur,Fem,,
preencha,preenchar,Fin,Sub,Pres,3,Sing,,,
cumprimimos,cumprimir,Fin,Ind,Pres,1,Plur,,,
deixamos,deixar,Fin,Ind,Pres,1,Plur,,,
produzirem,produzir,Inf,,,3,Plur,,,
formar,formar,Inf,,,3,Sing,,,
decompõe,decompoar,Fin,Ind,Pres,3,Sing,,,
angariou,angariar,Fin,Ind,Past,3,Sing,,,
começado,começar,Part,,,,,,,
derrotou,derrotar,Fin,Ind,Past,3,Sing,,,
conquistando,conquistar,Ger,,,,,,,
decidido,decidir,Part,,,,,,,
ficaríamos,ficar,Fin,Ind,,1,Plur,,,
corressem,correr,Fin,Sub,Imp,3,Plur,,,
iniciar,iniciar,Inf,,,3,Sing,,,
revertido,reverter,Part,,,,,,,
ouvidas,ouvidar,Part,,,,Plur,Fem,,
declarando,declarar,Ger,,,,,,,
maltratada,maltratar,Part,,,,Sing,Fem,Pass,
perturbado,perturbado,Part,,,,Sing,Masc,Pass,
Contactada,contactar,Part,,,,Sing,Fem,Pass,
indesejados,indesejar,Part,,,,Plur,Masc,,
superlotadas,superlotar,Part,,,,Plur,Fem,,
cometido,cometer,Part,,,,Sing,Masc,,
poderem,poder,Inf,,,3,Plur,,,
reciclado,reciclar,Part,,,,Sing,Masc,,
reclamando,reclamar,Ger,,,,,,,
congestionada,congestionar,Part,,,,Sing,Fem,,
resumiu,resumir,Fin,Ind,Past,3,Sing,,,
discutidos,discutir,Part,,,,Plur,Masc,,
detectado,detectar,Part,,,,Sing,Masc,Pass,
reunido,reunido,Part,,,,Sing,Masc,Pass,
tencionar,tencionar,Inf,,,,,,,
avançada,avançar,Part,,,,Sing,Fem,Pass,
Descongelar,descongelar,Inf,,,,,,,
maltrata,maltratar,Fin,Ind,Pres,3,Sing,,,
referissem,referir,Fin,Sub,Imp,3,Plur,,,
Apresenta,apresentar,Fin,Ind,Pres,3,Sing,,,
olvida,olvidar,Fin,Ind,Pres,3,Sing,,,
cativado,cativar,Part,,,,Sing,Masc,,
dedicados,dedicar,Part,,,,Plur,Masc,,
Esquece,esquecer,Fin,Ind,Pres,3,Sing,,,
honraram,honrar,Fin,Ind,Past,3,Plur,,,
motivado,motivado,Part,,,,,,,
apeada,apear,Part,,,,Sing,Fem,,
restará,restar,Fin,Ind,Fut,3,Sing,,,
convém,conver,Fin,Ind,Pres,3,Sing,,,
alienadas,alienar,Part,,,,Plur,Fem,Pass,
delineou,delinear,Fin,Ind,Past,3,Sing,,,
incluídas,incluir,Part,,,,Plur,Fem,,
obedece,obedecer,Fin,Ind,Pres,3,Sing,,,
orientado,orientar,Part,,,,Sing,Masc,Pass,
suscitou,suscitar,Fin,Ind,Past,3,Sing,,,
sucedido,suceder,Part,,,,Sing,Masc,,
cessa,cessar,Fin,Ind,Pres,3,Sing,,,AUX
apreensivos,apreensiver,Part,,,,Plur,Masc,,
estabelecem,estabelecer,Fin,Ind,Pres,3,Plur,,,
esquartejam,esquartejar,Fin,Sub,Pres,3,Plur,,,
autorizada,autorizar,Part,,,,Sing,Fem,Pass,
ocuparam,ocupar,Fin,Ind,Past,3,Plur,,,
envergonham,envergonhar,Fin,Ind,Pres,3,Plur,,,
batem,bater,Fin,Ind,Pres,3,Plur,,,
espezinhados,espezinhar,Part,,,,Plur,Masc,,
chumbados,chumbar,Part,,,,Plur,Masc,,
pratica,praticar,Fin,Ind,Pres,3,Sing,,,
propalar,propalar,Inf,,,,,,,
quantificar,quantificar,Inf,,,,,,,
abatida,abater,Part,,,,Sing,Fem,,
envenenado,envenenar,Part,,,,Sing,Masc,,
morta,morto,Part,,,,Sing,Fem,,
perdidos,perder,Part,,,,Plur,Masc,Pass,
provocada,provocar,Part,,,,Sing,Fem,,
responsabilizado,responsabilizar,Part,,,,Sing,Masc,Pass,
disseminadas,disseminar,Part,,,,Plur,Fem,Pass,
eliminados,eliminar,Part,,,,Plur,Masc,,
desmente,desmentar,Fin,Ind,Pres,3,Sing,,,
remetido,remeter,Part,,,,Sing,Masc,,
instaurado,instaurar,Part,,,,Sing,Masc,Pass,
durma,durmar,Fin,Sub,Pres,3,Sing,,,
actue,actuar,Fin,Sub,Pres,3,Sing,,,
Voltando,voltar,Ger,,,,,,,AUX
prometer,prometer,Inf,,,,,,,
dificultar,dificultar,Inf,,,,,,,
aguardando,aguardar,Ger,,,,,,,
bater,bater,Inf,,,3,Sing,,,
subsistem,subsistir,Fin,Ind,Pres,3,Plur,,,
confrontado,confrontar,Part,,,,,Masc,,
acende,acendar,Fin,Ind,Pres,3,Sing,,,
normalizaram,normalizar,Fin,Ind,Past,3,Plur,,,
Sentem,sentar,Fin,Ind,Pres,3,Plur,,,
Gritam,gritar,Fin,Ind,Pres,3,Plur,,,
articulados,articular,Part,,,,Plur,Masc,,
instruendo,instruir,Part,,,,Sing,Masc,,
aproveitado,aproveitar,Part,,,,,,,
descia,descer,Fin,Ind,Imp,3,Sing,,,
sentar,sentar,Inf,,,,,,,
pisgar,pisgar,Inf,,,,,,,
fechava,fechar,Fin,Ind,Imp,3,Sing,,,
enfiou,enfiar,Fin,Ind,Past,3,Sing,,,
sucederão,suceder,Fin,Ind,Fut,3,Plur,,,
incorporadas,incorporar,Part,,,,Plur,Fem,,
cronometrados,cronometrar,Part,,,,Plur,Masc,,
dita,dizer,Part,,,,Sing,Fem,Pass,
Repetiam,repetir,Fin,Ind,Imp,3,Plur,,,
atribuíam,atribuir,Fin,Ind,Imp,3,Plur,,,
Insistiam,insistir,Fin,Ind,Imp,3,Plur,,,
aturavam,aturar,Fin,Ind,Imp,3,Plur,,,
aguentado,aguentar,Part,,,,,,,
brindar,brindar,Inf,,,,,,,
aconselhada,aconselhar,Part,,,,Sing,Fem,,
Pirateada,piratear,Part,,,,Sing,Fem,,
distribuída,distribuir,Part,,,,Sing,Fem,,
Consta,constar,Fin,Ind,Pres,3,Sing,,,
suspeitávamos,suspeitar,Fin,Ind,Pres,1,Plur,,,
reagi,reagir,Fin,Ind,Past,1,Sing,,,
fiquei,ficar,Fin,Ind,Past,1,Sing,,,AUX
engravidei,engravidar,Fin,Ind,Past,1,Sing,,,
multiplicados,multiplicar,Part,,,,Plur,Masc,Pass,
gerados,gerar,Part,,,,Plur,Masc,Pass,
decidida,decidir,Part,,,,Sing,Fem,,
passará,passar,Fin,Ind,Fut,3,Sing,,,AUX
libertar,libertar,Inf,,,3,Sing,,,
consagrado,consagrar,Part,,,,Sing,Masc,Pass,
contornar,contornar,Inf,,,,,,,
supor,supor,Inf,,,,,,,
morta,morto,Part,,,,Sing,Fem,Pass,
encarregará,encarregar,Fin,Ind,Fut,3,Sing,,,
dêem,dar,Fin,Sub,Pres,3,Plur,,,
proibindo,proibir,Ger,,,,,,,
desencadeando,desencadear,Ger,,,,,,,
vierem,vir,Fin,Sub,Pres,3,Plur,,,AUX
construídas,construir,Part,,,,Plur,Fem,Pass,
igualou,igualar,Fin,Ind,Past,3,Sing,,,
afectam,afectar,Fin,Ind,Pres,3,Plur,,,
informadas,informar,Part,,,,Plur,Fem,,
confessam,confessar,Fin,Ind,Pres,3,Plur,,,
referidas,referir,Part,,,,Plur,Fem,,
Comercializado,comercializar,Part,,,,Sing,Masc,,
testado,testar,Part,,,,Sing,Masc,,
registado,registar,Part,,,,Sing,Masc,Pass,
atribuidas,atribuir,Part,,,,Plur,Fem,Pass,
referidos,referir,Part,,,,Plur,Masc,Pass,
comunicaram,comunicar,Fin,Ind,Past,3,Plur,,,
fornecidos,fornecer,Part,,,,Plur,Masc,Pass,
cortada,cortar,Part,,,,Sing,Fem,,
víamos,ver,Fin,Ind,Imp,1,Plur,,,
impõem,impor,Fin,Ind,Pres,3,Plur,,,
acrescentam,acrescentar,Fin,Ind,Pres,3,Plur,,,
julgadas,julgar,Part,,,,Plur,Fem,Pass,
inadequadas,inadequar,Part,,,,Plur,Fem,,
prolongadas,prolongar,Part,,,,Plur,Fem,,
suprir,suprir,Inf,,,,,,,
lecciona,leccionar,Fin,Ind,Pres,3,Sing,,,
exorcizado,exorcizar,Part,,,,Sing,Masc,,
Movimentados,movimentar,Part,,,,Plur,Masc,,
intermediados,intermediar,Part,,,,Plur,Masc,Pass,
acordava,acordar,Fin,Ind,Imp,3,Sing,,,
lê,ler,Fin,Ind,Pres,3,Sing,,,
envergonhar,envergonhar,Inf,,,,,,,
circular,circular,Inf,,,,,,,
zangarmos,zangar,Inf,,,1,Plur,,,
responda,responder,Fin,Sub,Pres,3,Sing,,,
encontrarem,encontrar,Inf,,,3,Plur,,,
conhecerem,conhecer,Inf,,,3,Plur,,,
absorver,absorver,Inf,,,,,,,
lha,lhar,Fin,Sub,Pres,3,Sing,,,
explicar,explicar,Inf,,,3,Sing,,,
Absorver,absorver,Inf,,,,,,,
Relacionar,relacionar,Inf,,,,,,,
perdoar,perdoar,Inf,,,,,,,
condescendendo,condescender,Ger,,,,,,,
detêm,deter,Fin,Ind,Pres,3,Plur,,,
distribuem,distribuir,Fin,Ind,Pres,3,Plur,,,
adquire,adquir,Fin,Ind,Pres,3,Sing,,,
limitado,limitar,Part,,,,Sing,Masc,Pass,
Andou,andar,Fin,Ind,Past,3,Sing,,,
decorreram,decorrer,Fin,Ind,Past,3,Plur,,,
Falam,falar,Fin,Ind,Pres,3,Plur,,,
arrisca,arriscar,Fin,Ind,Pres,3,Sing,,,
perigue,perigar,Fin,Sub,Pres,3,Sing,,,
chefiado,chefiar,Part,,,,Sing,Masc,Pass,
desempataram,desempatar,Fin,Ind,Past,3,Plur,,,
provam,provar,Fin,Ind,Pres,3,Plur,,,
diminui,diminuir,Fin,Ind,Pres,3,Sing,,,
quebrava,quebrar,Fin,Ind,Imp,3,Sing,,,
deixavam,deixar,Fin,Ind,Imp,3,Plur,,,AUX
prescrever,prescrever,Inf,,,,,,,
saberiam,saber,Fin,Cnd,,3,Plur,,,
precisariam,precisar,Fin,Cnd,,3,Plur,,,
diminuiria,diminuir,Fin,Cnd,,3,Sing,,,
haveria,haver,Fin,Cnd,,3,Sing,,,
Entrou,entrar,Fin,Ind,Past,3,Sing,,,
rentabilizar,rentabilizar,Inf,,,,,,,
Fez,fazer,Fin,Ind,Past,3,Sing,,,
alargada,alargar,Part,,,,Sing,Fem,Pass,
Beneficiando,beneficiar,Ger,,,,,,,
ministrar,ministrar,Inf,,,,,,,
Suspensas,suspender,Part,,,,Plur,Fem,,
Estão,estar,Fin,Ind,Pres,3,Plur,,,
engolido,engolir,Part,,,,Sing,Masc,Pass,
esperavam,esperar,Fin,Ind,Imp,3,Plur,,,
sucedeu,suceder,Fin,Ind,Past,3,Sing,,,
espalhado,espalhar,Part,,,,Sing,Masc,Pass,
justificadas,justificar,Part,,,,Plur,Fem,,
tinham,ter,Fin,Ind,Imp,3,Plur,,,AUX
esclarecidas,esclarecer,Part,,,,Plur,Fem,Pass,
avançava,avançar,Fin,Ind,Imp,3,Sing,,,
evidenciada,evidenciar,Part,,,,Sing,Fem,,
consolidados,consolidar,Part,,,,Plur,Masc,,
vendida,vender,Part,,,,Sing,Fem,,
ascendeu,ascender,Fin,Ind,Past,3,Sing,,,
totalizaram,totalizar,Fin,Ind,Past,3,Plur,,,
incrustadas,incrustar,Part,,,,Plur,Fem,,
conteve,contever,Fin,Ind,Past,3,Sing,,,
apurada,apurar,Part,,,,Sing,Fem,Pass,
compilados,compilar,Part,,,,Plur,Masc,,
depor,depor,Inf,,,,,,,
esclarecerem,esclarecer,Inf,,,3,Plur,,,
mantidos,manter,Part,,,,Plur,Masc,,
preservada,preservar,Part,,,,Sing,Fem,,
recorrendo,recorrer,Ger,,,,,,,
apariceu,aparicer,Fin,Ind,Past,3,Sing,,,
divulgadas,divulgar,Part,,,,Plur,Fem,Pass,
causados,causar,Part,,,,Plur,Masc,,
avultadas,avultar,Part,,,,Plur,Fem,,
ardidas,ardir,Part,,,,Plur,Fem,,
reunida,reunido,Part,,,,Sing,Fem,,
desencadeada,desencadear,Part,,,,Sing,Fem,,
adoptada,adoptar,Part,,,,Sing,Fem,,
reafirma,reafirmar,Fin,Ind,Pres,3,Sing,,,
iniciada,iniciar,Part,,,,Sing,Fem,,
desenrola,desenrolar,Fin,Ind,Pres,3,Sing,,,
sobrevoando,sobrevoar,Ger,,,,,,,
enfrentando,enfrentar,Ger,,,,,,,
vagueiam,vaguear,Fin,Ind,Pres,3,Plur,,,
zelar,zelar,Inf,,,,,,,
manejar,manejar,Inf,,,,,,,
executar,executar,Inf,,,3,Sing,,,
Reduzir,reduzir,Inf,,,,,,,
fumada,fumar,Part,,,,Sing,Fem,,
injectada,injectar,Part,,,,Sing,Fem,,
surpreendida,surpreender,Part,,,,Sing,Fem,Pass,
esgotarem,esgotar,Fin,Sub,Fut,3,Plur,,,
queixado,queixar,Part,,,,,,,
licenciado,licenciar,Part,,,,Sing,Masc,,
tê-vê,te--ir,Fin,Ind,Pres,1,Sing,,,
achava,achar,Fin,Ind,Imp,3,Sing,,,
jurava,jurar,Fin,Ind,Imp,3,Sing,,,
Protagonizava,protagonizar,Fin,Ind,Imp,3,Sing,,,
badaladas,badalar,Part,,,,Plur,Fem,,
pesados,pesado,Part,,,,Plur,Masc,,
considerarem,considerar,Inf,,,3,Plur,,,
empregados,empregado,Part,,,,Plur,Masc,Pass,
possibilita,possibilitar,Fin,Ind,Pres,3,Sing,,,
classificados,classificar,Part,,,,Plur,Masc,Pass,
disponíveis,disponível,Part,,,,Plur,Masc,,
destacar,destacar,Inf,,,,,,,
sendo,ser,Ger,,,,,,,
empregados,empregado,Part,,,,Plur,Masc,,
age,ager,Fin,Ind,Pres,3,Sing,,,
desempenhem,desempenher,Fin,Sub,Pres,3,Plur,,,
hidrolisadas,hidrolisar,Part,,,,Plur,Fem,,
ocasionar,ocasionar,Inf,,,,,,,
inclinados,inclinar,Part,,,,Plur,Masc,,
contatada,contatar,Part,,,,Sing,Fem,,
provocando,provocar,Ger,,,,,,,
ocorreria,ocorrer,Fin,Cnd,,3,Sing,,,
exerça,exerçar,Fin,Sub,Pres,3,Sing,,,
requeridas,requerer,Part,,,,Plur,Fem,,
possua,possuir,Fin,Sub,Pres,3,Sing,,,
evitar,evitar,Inf,,,3,,,,
filtrado,filtrar,Part,,,,Sing,Masc,,
originados,originar,Part,,,,Plur,Masc,,
incorporados,incorporar,Part,,,,Plur,Masc,Pass,
viscosificar,viscosificar,Inf,,,,,,,
possibilitando,possibilitar,Ger,,,,,,,
incorporados,incorporar,Part,,,,Plur,Masc,,
satisfaçam,satisfaçar,Fin,Sub,Pres,3,Plur,,,
adicionada,adicionar,Part,,,,Sing,Fem,,
observadas,observar,Part,,,,Plur,Fem,,
otimizar,otimizar,Inf,,,3,Sing,,,
fomenta,fomentar,Fin,Ind,Pres,3,Sing,,,
focado,focar,Part,,,,Sing,Masc,Pass,
injetados,injetar,Part,,,,Plur,Masc,,
avaliados,avaliar,Part,,,,Plur,Masc,Pass,
preparados,preparar,Part,,,,Plur,Masc,Pass,
destilada,destilar,Part,,,,Sing,Fem,,
hidrolisada,hidrolisar,Part,,,,Sing,Fem,,
monitorar,monitorar,Inf,,,,,,,
avaliada,avaliado,Part,,,,Sing,Fem,Pass,
descritos,descrever,Part,,,,Plur,Masc,,
sumariza,sumarizar,Fin,Ind,Pres,3,Sing,,,
divididos,dividir,Part,,,,Plur,Masc,Pass,
fragmenta,fragmentar,Fin,Ind,Pres,3,Sing,,,
comprimida,comprimir,Part,,,,Sing,Fem,,
girada,girar,Part,,,,Sing,Fem,,
levados,levar,Part,,,,Plur,Masc,Pass,
bombeado,bombear,Part,,,,Sing,Masc,Pass,
retorna,retornar,Fin,Ind,Pres,3,Sing,,,
perfurado,perfurar,Part,,,,Sing,Masc,,
facilitada,facilitar,Part,,,,Sing,Fem,Pass,
armazenados,armazenar,Part,,,,Plur,Masc,Pass,
bombeados,bombear,Part,,,,Plur,Masc,,
Saindo,sair,Ger,,,,,,,
retornando,retornar,Ger,,,,,,,
tratado,tratar,Part,,,,Sing,Masc,Pass,
injetado,injetar,Part,,,,Sing,Masc,,
apud,apor,Fin,Ind,Pres,3,Sing,,,
alteradas,alterar,Part,,,,Plur,Fem,Pass,
julgar,julgar,Fin,Sub,Fut,3,Sing,,,
desenvolvam,desenvolver,Fin,Sub,Pres,3,Plur,,,
apresentem,apresenter,Fin,Sub,Pres,3,Plur,,,
atravessadas,atravessar,Part,,,,Plur,Fem,,
Apresentar,apresentar,Inf,,,,,,,
testadas,testar,Part,,,,Plur,Fem,Pass,
determinado,determinar,Part,,,,Sing,Masc,Pass,
influem,influir,Fin,Ind,Pres,3,Plur,,,
apresente,apresentar,Fin,Sub,Pres,3,Sing,,,
exija,exijar,Fin,Sub,Pres,3,Sing,,,
carreia,carrear,Fin,Sub,Pres,3,Sing,,,
permaneçam,permaneçar,Fin,Sub,Pres,3,Plur,,,
depositem,depositar,Fin,Sub,Pres,3,Plur,,,
percorra,percorrer,Fin,Sub,Pres,3,Sing,,,
anular,anular,Inf,,,,Sing,,,
invadindo,invadir,Ger,,,,,,,
danificando,danificar,Ger,,,,,,,
adsorvem,adsorver,Fin,Ind,Pres,3,Plur,,,
equilibrando,equilibrar,Ger,,,,,,,
dispersas,dispersar,Part,,,,Plur,Fem,,
reiniciar,reiniciar,Inf,,,,,,,
adquirem,adquir,Fin,Ind,Pres,3,Plur,,,
repouso,repouso,Fin,Ind,Pres,1,Sing,,,
Filtrado,filtrar,Part,,,,Sing,Masc,,
controlado,controlar,Part,,,,Sing,Masc,Pass,
derivados,derivar,Part,,,,Plur,Masc,,
proporcionando,proporcionar,Ger,,,,,,,
expressar,expressar,Inf,,,,,,,
inibidos,inibir,Part,,,,Plur,Masc,,
salgada,salgar,Part,,,,Sing,Fem,,
ocorram,ocorrer,Fin,Sub,Pres,3,Plur,,,
desenvolvida,desenvolver,Part,,,,Sing,Fem,Pass,
formulada,formular,Part,,,,Sing,Fem,,
perfuradas,perfurar,Part,,,,Plur,Fem,Pass,
proporciona,proporcionar,Fin,Ind,Pres,3,Sing,,,
minimizar,minimizar,Inf,,,,,,,
monitorada,monitorar,Part,,,,Sing,Fem,Pass,
acumular,acumular,Inf,,,,,,,
restringindo,restringir,Ger,,,,,,,
explotadas,explotar,Part,,,,Plur,Fem,Pass,
perfurar,perfurar,Inf,,,,,,,
demanda,demanda,Fin,Ind,Pres,3,Sing,,,
surgindo,surgir,Ger,,,,,,,
invade,invadir,Fin,Ind,Pres,3,Sing,,,
perdidas,perder,Part,,,,Plur,Fem,Pass,
tendem,tender,Fin,Ind,Pres,3,Plur,,,
tamponar,tamponar,Inf,,,,,,,
reduzindo,reduzir,Ger,,,,,,,
iniciando,iniciar,Ger,,,,,,,
formulados,formular,Part,,,,Plur,Masc,,
definidas,definido,Part,,,,Plur,Fem,Pass,
selecionando,selecionar,Ger,,,,,,,
suspensos,suspender,Part,,,,Plur,Masc,,
formando,formar,Ger,,,,,,,
atravesse,atraver,Fin,Sub,Pres,3,Sing,,,
minimizando,minimizar,Ger,,,,,,,
formulado,formular,Part,,,,Sing,Masc,Pass,
encontradas,encontrar,Part,,,,Plur,Fem,,
Maximizar,maximizar,Inf,,,,,,,
Oferecer,oferecer,Inf,,,,,,,
Proporcionar,proporcionar,Inf,,,,,,,
gerados,gerar,Part,,,,Plur,Masc,,
limitada,limitar,Part,,,,Sing,Fem,Pass,
apropriada,apropriar,Part,,,,Sing,Fem,,
aprofunda,aprofundir,Fin,Ind,Pres,3,Sing,,,
extraídos,extrair,Part,,,,Plur,Masc,,
dispersos,dispersar,Part,,,,Plur,Masc,Pass,
resultando,resultar,Ger,,,,,,,
adicionar,adicionar,Inf,,,,,,,
hidratar,hidratar,Inf,,,3,Sing,,,
adicionadas,adicionar,Part,,,,Plur,Fem,,
carrear,carrear,Inf,,,,,,,
tem-se,tem-sar,Fin,Ind,Pres,3,Sing,,,
incha,inchar,Fin,Ind,Pres,3,Sing,,,
diferenciadas,diferenciar,Part,,,,Plur,Fem,Pass,
indicada,indicar,Part,,,,Sing,Fem,,
alcançadas,alcançar,Part,,,,Plur,Fem,Pass,
perfurada,perfurar,Part,,,,Sing,Fem,Pass,
aproximada,aproximar,Part,,,,Sing,Fem,,
subordinadas,subordinar,Part,,,,Plur,Fem,Pass,
unidas,unidar,Part,,,,Plur,Fem,,
permutar,permutar,Inf,,,,,,,
balanceada,balancear,Part,,,,Sing,Fem,Pass,
intercalados,intercalar,Part,,,,Plur,Masc,,
denominados,denominar,Part,,,,Plur,Masc,,
adsorvidos,adsorver,Part,,,,Plur,Masc,Pass,
supracitados,supracitar,Part,,,,Plur,Masc,,
acrescida,acrescer,Part,,,,Sing,Fem,Pass,
penetre,penetrar,Fin,Sub,Pres,3,Sing,,,
adsorvida,adsorver,Part,,,,Sing,Fem,Pass,
comparada,comparar,Part,,,,Sing,Fem,,
juntam,juntar,Fin,Ind,Pres,3,Plur,,,
mostraram,mostrar,Fin,Ind,Past,3,Plur,,,
adicionados,adicionar,Part,,,,Plur,Masc,Pass,
desenvolverem,desenvolver,Inf,,,3,Plur,,,
perfurados,perfurar,Part,,,,Plur,Masc,,
modificados,modificar,Part,,,,Plur,Masc,,
ramificada,ramificar,Part,,,,Sing,Fem,,
fabricado,fabricar,Part,,,,Sing,Masc,,
forma,forma,Fin,Ind,Pres,3,Sing,,,
derivado,derivar,Part,,,,Sing,Masc,,
copolimerizada,copolimerizar,Part,,,,Sing,Fem,Pass,
estimem,estimir,Fin,Sub,Pres,3,Plur,,,
denominadas,denominar,Part,,,,Plur,Fem,,
qualificar,qualificar,Inf,,,,,,,
visualizado,visualizar,Part,,,,Sing,Masc,Pass,
preenchido,preencher,Part,,,,Sing,Masc,,
desloca,deslocar,Fin,Ind,Pres,3,Sing,,,
deformar,deformar,Inf,,,,,,,
intercepta,interceptar,Fin,Ind,Pres,3,Sing,,,
denominada,denominado,Part,,,,Sing,Fem,Pass,
versus,ver,Fin,Ind,Pres,3,Sing,,,
submetidos,submeter,Part,,,,Plur,Masc,,
diluídas,diluir,Part,,,,Plur,Fem,,
comportam,comportar,Fin,Ind,Pres,3,Plur,,,
exibem,exibir,Fin,Ind,Pres,3,Plur,,,
acentuado,acentuar,Part,,,,Sing,Masc,,
adicionado,adicionar,Part,,,,Sing,Masc,Pass,
descrevem,descrever,Fin,Ind,Pres,3,Plur,,,
contém,conter,Fin,Ind,Pres,3,Sing,,,
ditos,dito,Part,,,,Plur,Masc,Pass,
retomam,retomar,Fin,Ind,Pres,3,Plur,,,
submetermos,submeter,Fin,Sub,Fut,1,Plur,,,
decrescerá,decrescer,Fin,Ind,Fut,3,Sing,,,
atingirmos,atingir,Inf,,,1,Plur,,,
organizada,organizar,Part,,,,Sing,Fem,,
sobrepõem,sobrepor,Fin,Ind,Pres,3,Plur,,,
cisalhada,cisalhar,Part,,,,Sing,Fem,,
∆P,spgir,Fin,Ind,Pres,3,Sing,,,
influenciem,influenciar,Fin,Sub,Pres,3,Plur,,,
injetada,injetar,Part,,,,Sing,Fem,,
anexem,anexar,Fin,Ind,Pres,3,Plur,,,
aprisionando,aprisionar,Ger,,,,,,,
esperadas,esperar,Part,,,,Plur,Fem,,
entendido,entender,Part,,,,Sing,Masc,,
zerada,zerar,Part,,,,Sing,Fem,,
parada,parada,Part,,,,Sing,Fem,,
difundem,difundir,Fin,Ind,Pres,3,Plur,,,
relacionados,relacionar,Part,,,,Plur,Masc,Pass,
descrito,descrever,Part,,,,Sing,Masc,Pass,
induzido,induzir,Part,,,,Sing,Masc,Pass,
vencidos,vencer,Part,,,,Plur,Masc,,
generalizar,generalizar,Inf,,,,,,,
enfatiza,enfatizar,Fin,Ind,Pres,3,Sing,,,
migrar,migrar,Inf,,,,,,,
molha,molhar,Fin,Ind,Pres,3,Sing,,,
danificar,danificar,Inf,,,,,,,
laminado,laminar,Part,,,,Sing,Masc,,
laminados,laminar,Part,,,,Plur,Masc,,
removidos,remover,Part,,,,Plur,Masc,Pass,
inconsolidado,inconsolidar,Part,,,,Sing,Masc,,
tendendo,tender,Ger,,,,,,,
sobrebalanceada,sobrebalancear,Part,,,,Sing,Fem,,
possuindo,possuir,Ger,,,,,,,
bloqueados,bloquear,Part,,,,Plur,Masc,Pass,
tendam,ter,Fin,Sub,Pres,3,Plur,,,AUX
fraturados,fraturar,Part,,,,Plur,Masc,,
interconectado,interconectar,Part,,,,Sing,Masc,,
tida,ter,Part,,,,Sing,Fem,,
sobrebalanceadas,sobrebalancear,Part,,,,Plur,Fem,,
perfurado,perfurar,Part,,,,Sing,Masc,Pass,
alojar,alojar,Inf,,,,,,,
precipitar,precipitar,Inf,,,,,,,
minimiza,minimizar,Fin,Ind,Pres,3,Sing,,,
designadas,designar,Part,,,,Plur,Fem,Pass,
lubrificar,lubrificar,Inf,,,,,,,
constituídos,constituir,Part,,,,Plur,Masc,Pass,
listadas,listar,Part,,,,Plur,Fem,,
listaram,listar,Fin,Ind,Past,3,Plur,,,
danificada,danificar,Part,,,,Sing,Fem,Pass,
quantificado,quantificar,Part,,,,Sing,Masc,Pass,
relaciona,relacionar,Fin,Ind,Pres,3,Sing,,,
extraído,extrair,Part,,,,Sing,Masc,Pass,
classificam,classificar,Fin,Ind,Pres,3,Plur,,,
produzidos,produzir,Part,,,,Plur,Masc,,
Quantificar,quantificar,Inf,,,,,,,
Diagnosticar,diagnosticar,Inf,,,,,,,
Realizar,realizar,Inf,,,,,,,
descritos,descrever,Part,,,,Plur,Masc,Pass,
baseada,basear,Part,,,,Sing,Fem,Pass,
controladas,controlar,Part,,,,Plur,Fem,,
injetado,injetar,Part,,,,Sing,Masc,Pass,
medidos,medir,Part,,,,Plur,Masc,Pass,
calibrado,calibrar,Part,,,,Sing,Masc,,
devidas,dever,Part,,,,Plur,Fem,,
fornecido,fornecer,Part,,,,Sing,Masc,Pass,
tabelado,tabelar,Part,,,,Sing,Masc,Pass,
fornecida,fornecer,Part,,,,Sing,Fem,Pass,
selecionadas,selecionar,Part,,,,Plur,Fem,Pass,
preparados,preparar,Part,,,,Plur,Masc,,
conectada,conectar,Part,,,,Sing,Fem,,
marcadas,marcar,Part,,,,Plur,Fem,Pass,
saturadas,saturar,Part,,,,Plur,Fem,Pass,
saturadas,saturar,Part,,,,Plur,Fem,,
retiradas,retirar,Part,,,,Plur,Fem,Pass,
contendo,conter,Ger,,,,,,,
acrescentado,acrescentar,Part,,,,Sing,Masc,Pass,
acrescentados,acrescentar,Part,,,,Plur,Masc,,
decantava,decantar,Fin,Ind,Imp,3,Sing,,,
equivocados,equivocar,Part,,,,Plur,Masc,,
adicionado,adicionar,Part,,,,Sing,Masc,,
dissolva,dissolver,Fin,Sub,Pres,3,Sing,,,
adicionados,adicionar,Part,,,,Plur,Masc,,
possuírem,possuírar,Inf,,,3,Plur,,,
alterando,alterar,Ger,,,,,,,
mantida,manter,Part,,,,Sing,Fem,Pass,
elaborados,elaborar,Part,,,,Plur,Masc,Pass,
ativada,ativar,Part,,,,Sing,Fem,,
elaborados,elaborar,Part,,,,Plur,Masc,,
misturada,misturar,Part,,,,Sing,Fem,Pass,
seguido,seguir,Part,,,,Sing,Masc,,
Decorrido,decorrer,Part,,,,Sing,Masc,,
agitada,agitar,Part,,,,Sing,Fem,Pass,
diminuirmos,diminuir,Fin,Sub,Fut,1,Plur,,,
caracterizados,caracterizar,Part,,,,Plur,Masc,Pass,
mostrada,mostrar,Part,,,,Sing,Fem,Pass,
dividido,dividir,Part,,,,Sing,Masc,,
calibrados,calibrar,Part,,,,Plur,Masc,,
lidos,ler,Part,,,,Plur,Masc,Pass,
invertido,inverter,Part,,,,Sing,Masc,Pass,
considerarmos,considerar,Fin,Sub,Fut,1,Plur,,,
medido,medir,Part,,,,Sing,Masc,,
saturada,saturar,Part,,,,Sing,Fem,,
vedadas,vedar,Part,,,,Plur,Fem,Pass,
posicionada,posicionar,Part,,,,Sing,Fem,,
Calculada,calcular,Part,,,,Sing,Fem,,
fechada,fechar,Part,,,,Sing,Fem,Pass,
posicionada,posicionar,Part,,,,Sing,Fem,Pass,
lidos,ler,Part,,,,Plur,Masc,,
produzida,produzir,Part,,,,Sing,Fem,,
observar,observar,Inf,,,3,Sing,,,
estabilizado,estabilizar,Part,,,,Sing,Masc,,
Feito,fazer,Part,,,,Sing,Masc,,
retirada,retirada,Part,,,,Sing,Fem,Pass,
conectada,conectar,Part,,,,Sing,Fem,Pass,
direcionar,direcionar,Inf,,,,,,,
invertidas,inverter,Part,,,,Plur,Fem,,
coletados,coletar,Part,,,,Plur,Masc,Pass,
imposta,impor,Part,,,,Sing,Fem,,
mostrado,mostrar,Part,,,,Sing,Masc,Pass,
OBTIDOS,obtidar,Part,,,,Plur,Masc,,
comparados,comparar,Part,,,,Plur,Masc,Pass,
associados,associar,Part,,,,Plur,Masc,,
foram,ir,Fin,Ind,,3,Plur,,,
detalhados,detalhar,Part,,,,Plur,Masc,Pass,
medidos,medir,Part,,,,Plur,Masc,,
testadas,testar,Part,,,,Plur,Fem,,
deslocado,deslocar,Part,,,,Sing,Masc,,
ilustrada,ilustrar,Part,,,,Sing,Fem,Pass,
acumulado,acumular,Part,,,,Sing,Masc,,
obtido,obter,Part,,,,Sing,Masc,,
continham,conter,Fin,Ind,Imp,3,Plur,,,
tendendo,tender,Ger,,,,,,,AUX
horizontalizar,horizontalizar,Inf,,,,,,,
obstruídas,obstruir,Part,,,,Plur,Fem,Pass,
observarmos,observar,Inf,,,1,Plur,,,
invadido,invadir,Part,,,,Sing,Masc,,
somada,somar,Part,,,,Sing,Fem,,
observada,observar,Part,,,,Sing,Fem,,
plotados,plotar,Part,,,,Plur,Masc,Pass,
obtidas,obter,Part,,,,Plur,Fem,,
tenderam,tender,Fin,Ind,Past,3,Plur,,,AUX
visualizada,visualizar,Part,,,,Sing,Fem,Pass,
demandou,demandar,Fin,Ind,Past,3,Sing,,,
estabilizou,estabilizar,Fin,Ind,Past,3,Sing,,,
tendeu,tender,Fin,Ind,Past,3,Sing,,,AUX
plotadas,plotar,Part,,,,Plur,Fem,,
visto,ver,Ger,,,,,,,
tamponados,tamponar,Part,,,,Plur,Masc,Pass,
avaliado,avaliar,Part,,,,Sing,Masc,Pass,
desbloqueando,desbloquear,Ger,,,,,,,
bloqueados,bloquear,Part,,,,Plur,Masc,,
estabiliza,estabilizar,Fin,Ind,Pres,3,Sing,,,
influenciado,influenciar,Part,,,,Sing,Masc,Pass,
contida,conter,Part,,,,Sing,Fem,,
invadidas,invadir,Part,,,,Plur,Fem,Pass,
danificou,danificar,Fin,Ind,Past,3,Sing,,,
obstruídos,obstruir,Part,,,,Plur,Masc,,
plotados,plotar,Part,,,,Plur,Masc,,
causado,causar,Part,,,,Sing,Masc,,
amarelado,amarelar,Part,,,,Sing,Masc,Pass,
interferem,interferir,Fin,Ind,Pres,3,Plur,,,
filtrados,filtrar,Part,,,,Plur,Masc,,
reduziu,reduzir,Fin,Ind,Past,3,Sing,,,
comportada,comportar,Part,,,,Sing,Fem,,
danificadas,danificar,Part,,,,Plur,Fem,Pass,
podermos,poder,Inf,,,1,Plur,,,
interpolados,interpolar,Part,,,,Plur,Masc,Pass,
ressaltar,ressaltar,Inf,,,,,,,
visualizar,visualizar,Inf,,,,,,,
obtiveram,obter,Fin,Ind,Past,3,Plur,,,
obstruídos,obstruir,Part,,,,Plur,Masc,Pass,
constatado,constatar,Part,,,,Sing,Masc,,
filtrados,filtrar,Part,,,,Plur,Masc,Pass,
estendeu,estender,Fin,Ind,Past,3,Sing,,,
observada,observar,Part,,,,Sing,Fem,Pass,
justificada,justificar,Part,,,,Sing,Fem,Pass,
encontrasse,encontrar,Fin,Sub,Imp,3,Sing,,,
retido,reter,Part,,,,Sing,Masc,Pass,
obstruir,obstruir,Inf,,,,,,,
removido,remover,Part,,,,Sing,Masc,Pass,
caracterizado,caracterizar,Part,,,,Sing,Masc,Pass,
atravessado,atravessar,Part,,,,,,,
produzindo,produzir,Ger,,,,,,,
influenciou,influenciar,Fin,Ind,Past,3,Sing,,,
cessou,cessar,Fin,Ind,Past,3,Sing,,,
transportada,transportar,Part,,,,Sing,Fem,Pass,
Colocando,colocar,Ger,,,,,,,
interferiram,interferir,Fin,Ind,Past,3,Plur,,,
testados,testar,Part,,,,Plur,Masc,,
detalhado,detalhar,Part,,,,Sing,Masc,,
evidenciando,evidenciar,Ger,,,,,,,
podermos,poder,Fin,Sub,Pres,1,Plur,,,
invadidas,invadir,Part,,,,Plur,Fem,,
atravessaram,atravessar,Fin,Ind,Past,3,Plur,,,
produziu,produzir,Fin,Ind,Past,3,Sing,,,
calculados,calcular,Part,,,,Plur,Masc,Pass,
aproximar,aproximar,Inf,,,3,Sing,,,
comparamos,comparar,Fin,Ind,Pres,1,Plur,,,
derivadas,derivar,Part,,,,Plur,Fem,,
interferiu,interferir,Fin,Ind,Past,3,Sing,,,
decantar,decantar,Inf,,,,,,,
cessar,cessar,Inf,,,,,,,
retida,reterar,Part,,,,Sing,Fem,Pass,
invadidos,invadir,Part,,,,Plur,Masc,,
Comparando,comparar,Ger,,,,,,,
evidenciado,evidenciar,Part,,,,,,,
estabilizam,estabilizar,Fin,Ind,Pres,3,Plur,,,
removido,remover,Part,,,,,,,
intensificado,intensificar,Part,,,,,,,
caracterizada,caracterizar,Part,,,,Sing,Fem,Pass,
aprisionada,aprisionar,Part,,,,Sing,Fem,Pass,
simulado,simular,Part,,,,Sing,Masc,,
saturados,saturar,Part,,,,Plur,Masc,,
conata,conatar,Fin,Ind,Pres,3,Sing,,,
viabilizando,viabilizar,Ger,,,,,,,
gerado,gerar,Part,,,,Sing,Masc,,
aprimorar,aprimorar,Inf,,,,,,,
geradas,gerar,Part,,,,Plur,Fem,,
obrigadas,obrigar,Part,,,,Plur,Fem,Pass,
tratarem,tratar,Inf,,,3,Plur,,,
pressurizados,pressurizar,Part,,,,Plur,Masc,,
emulsionado,emulsionar,Part,,,,Sing,Masc,,
exceder,exceder,Inf,,,,,,,
enfocar,enfocar,Inf,,,,,,,
almeja,almejar,Fin,Ind,Pres,3,Sing,,,
Estudar,estudar,Inf,,,,,,,
Encontrar,encontrar,Inf,,,,,,,
Produzida,produzir,Part,,,,Sing,Fem,,
carreada,carrear,Part,,,,Sing,Fem,,
gerada,gerar,Part,,,,Sing,Fem,,
depletando,depletar,Ger,,,,,,,
injetada,injetar,Part,,,,Sing,Fem,Pass,
forçando,forçar,Ger,,,,,,,
permeadas,permear,Part,,,,Plur,Fem,Pass,
saturado,saturar,Part,,,,Sing,Masc,,
deslocados,deslocar,Part,,,,Plur,Masc,Pass,
dissolvidos,dissolver,Part,,,,Plur,Masc,,
constituídas,constituir,Part,,,,Plur,Fem,Pass,
emulsificado,emulsificar,Part,,,,Sing,Masc,,
situa-se,situar,Fin,Ind,Pres,3,Plur,,,
dificulta,dificultar,Fin,Ind,Pres,3,Sing,,,
sofisticados,sofisticar,Part,,,,Plur,Masc,,
requerendo,requerer,Ger,,,,,,,
ativado,ativar,Part,,,,Sing,Masc,,
produzidas,produzir,Part,,,,Plur,Fem,,
explicam,explicar,Fin,Ind,Pres,3,Plur,,,
coprecipitar,coprecipitar,Inf,,,,,,,
contribuem,contribuir,Fin,Ind,Pres,3,Plur,,,
adicionada,adicionar,Part,,,,Sing,Fem,Pass,
recuperado,recuperar,Part,,,,Sing,Masc,,
recolhido,recolhido,Part,,,,Sing,Masc,Pass,
removidos,remover,Part,,,,Plur,Masc,,
dissolvido,dissolver,Part,,,,Sing,Masc,,
induzido,induzir,Part,,,,Sing,Masc,,
remove,remover,Fin,Ind,Pres,3,Sing,,,
enre,enrar,Fin,Ind,Pres,3,Sing,,,
ascendam,ascendar,Fin,Sub,Imp,3,Plur,,,
carreadas,carrear,Part,,,,Plur,Fem,Pass,
removidas,remover,Part,,,,Plur,Fem,,
introduzido,introduzir,Part,,,,Sing,Masc,Pass,
sofrerem,sofrer,Inf,,,3,Plur,,,
introduzida,introduzir,Part,,,,Sing,Fem,Pass,
direcionada,direcionar,Part,,,,Sing,Fem,,
acelerado,acelerar,Part,,,,Sing,Masc,Pass,
exigidos,exigir,Part,,,,Plur,Masc,Pass,
conhecidos,conhecer,Part,,,,Plur,Masc,Pass,
dosado,dosar,Part,,,,Sing,Masc,Pass,
separada,separar,Part,,,,Sing,Fem,Pass,
fornecendo,fornecer,Ger,,,,,,,
atravessar,atravessar,Inf,,,3,Sing,,,
captura,captura,Fin,Ind,Pres,3,Sing,,,
formarão,formar,Fin,Ind,Fut,3,Plur,,,
completado,completar,Part,,,,Sing,Masc,,
Ativado,ativar,Part,,,,Sing,Masc,,
adsorvido,adsorver,Part,,,,Sing,Masc,,
maximizando,maximizar,Ger,,,,,,,
disperso,dispersar,Part,,,,Sing,Masc,,
aquecida,aquecer,Part,,,,Sing,Fem,,
resfriada,resfriar,Part,,,,Sing,Fem,Pass,
condensadas,condensar,Part,,,,Plur,Fem,,
elevadas,elevar,Part,,,,Plur,Fem,,
governada,governar,Part,,,,Sing,Fem,Pass,
recheadas,rechear,Part,,,,Plur,Fem,,
contaminado,contaminar,Part,,,,Sing,Masc,,
resfriado,resfriar,Part,,,,Sing,Masc,Pass,
governado,governar,Part,,,,Sing,Masc,Pass,
apesarem,apesar,Fin,Ind,Pres,3,Plur,,,
associados,associar,Part,,,,Plur,Masc,Pass,
liberam,liberar,Fin,Ind,Pres,3,Plur,,,
oriundas,oriundar,Part,,,,Plur,Fem,,
dissociam,dissociar,Fin,Ind,Pres,3,Plur,,,
consistindo,consistir,Ger,,,,,,,
variar,variar,Inf,,,,,,,
afetadas,afetar,Part,,,,Plur,Fem,Pass,
incentivados,incentivar,Part,,,,Plur,Masc,Pass,
conhecidas,conhecer,Part,,,,Plur,Fem,Pass,
adotar,adotar,Inf,,,,,,,
formadas,formar,Part,,,,Plur,Fem,Pass,
polar,polar,Inf,,,,,,,
voltadas,voltar,Part,,,,Plur,Fem,,
agrupadas,agrupar,Part,,,,Plur,Fem,Pass,
chamadas,chamar,Part,,,,Plur,Fem,Pass,
predizer,predizer,Inf,,,,,,,
hidratado,hidratar,Part,,,,Sing,Masc,,
precipitado,precipitar,Part,,,,Sing,Masc,,
difundido,difundir,Part,,,,Sing,Masc,,
conjugada,conjugar,Part,,,,Sing,Fem,,
viabiliza,viabilizar,Fin,Ind,Pres,3,Sing,,,
carreando,carrear,Ger,,,,,,,
interagindo,interagir,Ger,,,,,,,
viabilizam,viabilizar,Fin,Ind,Pres,3,Plur,,,
Utilizados,utilizar,Part,,,,Plur,Masc,,
cedido,cedir,Part,,,,Sing,Masc,Pass,
sintetizada,sintetizar,Part,,,,Sing,Fem,,
saponificados,saponificar,Part,,,,Plur,Masc,,
calculada,calcular,Part,,,,Sing,Fem,Pass,
proporcionada,proporcionar,Part,,,,Sing,Fem,Pass,
pesado,pesar,Part,,,,Sing,Masc,Pass,
varrer,varrer,Inf,,,,,,,
variadas,variar,Part,,,,Plur,Fem,Pass,
Utilizando,utilizar,Ger,,,,,,,
graduado,graduar,Part,,,,Sing,Masc,,
graduada,graduar,Part,,,,Sing,Fem,,
homogenizado,homogenizar,Part,,,,Sing,Masc,Pass,
contido,conter,Part,,,,Sing,Masc,,
montado,montar,Part,,,,Sing,Masc,,
matinha,mater,Fin,Ind,Imp,3,Sing,,,
pressurizado,pressurizar,Part,,,,Sing,Masc,,
obtivemos,obter,Fin,Ind,Past,1,Plur,,,
levada,levar,Part,,,,Sing,Fem,Pass,
Seguindo,seguir,Ger,,,,,,,
estudada,estudar,Part,,,,Sing,Fem,Pass,
aumentamos,aumentar,Fin,Ind,Pres,1,Plur,,,
Observando,observar,Ger,,,,,,,
obtenham,obter,Fin,Sub,Pres,3,Plur,,,
varreu,varrer,Fin,Ind,Past,3,Sing,,,
avaliar,avaliar,Inf,,,3,,,,
Admitindo,admitir,Ger,,,,,,,
integrando,integrar,Ger,,,,,,,
Aplicando,aplicar,Ger,,,,,,,
obtemos,obter,Fin,Ind,Pres,1,Plur,,,
multiplicando,multiplicar,Ger,,,,,,,
conjugada,conjugar,Part,,,,Sing,Fem,Pass,
combinados,combinar,Part,,,,Plur,Masc,,
Percebemos,perceber,Fin,Ind,Pres,1,Plur,,,
Fazendo,fazer,Ger,,,,,,,
utilizou,utilizar,Fin,Ind,Past,3,Sing,,,
avaliamos,avaliar,Fin,Ind,Pres,1,Plur,,,
sequestram,sequestrar,Fin,Ind,Pres,3,Plur,,,
moderada,moderar,Part,,,,Sing,Fem,,
aplicamos,aplicar,Fin,Ind,Pres,1,Plur,,,
conjugados,conjugar,Part,,,,Plur,Masc,,
caracterizadas,caracterizar,Part,,,,Plur,Fem,Pass,
individualizada,individualizar,Part,,,,Sing,Fem,Pass,
aborda,abordar,Fin,Ind,Pres,3,Sing,,,
identificados,identificar,Part,,,,Plur,Masc,Pass,
perfazendo,perfazer,Ger,,,,,,,
estudada,estudar,Part,,,,Sing,Fem,,
consultadas,consultar,Part,,,,Plur,Fem,,
mosaicar,mosaicar,Inf,,,,,,,
localizadas,localizar,Part,,,,Plur,Fem,Pass,
exportados,exportar,Part,,,,Plur,Masc,,
separado,separar,Part,,,,Sing,Masc,Pass,
proporcionou,proporcionar,Fin,Ind,Past,3,Sing,,,
agrupar,agrupar,Inf,,,,,,,
auxiliou,auxiliar,Fin,Ind,Past,3,Sing,,,
provocam,provocar,Fin,Ind,Pres,3,Plur,,,
confeccionado,confeccionar,Part,,,,Sing,Masc,Pass,
carregados,carregar,Part,,,,Plur,Masc,,
interpretado,interpretar,Part,,,,Sing,Masc,,
administrada,administrar,Part,,,,Sing,Fem,Pass,
intervalar,intervalar,Inf,,,,,,,
intervalar,intervalar,Inf,,,,Sing,,,
substituídos,substituir,Part,,,,Plur,Masc,Pass,
adotada,adotar,Part,,,,Sing,Fem,,
transformado,transformar,Part,,,,Sing,Masc,Pass,
transferidos,transferir,Part,,,,Plur,Masc,Pass,
mapeados,mapear,Part,,,,Plur,Masc,,
calibrada,calibrar,Part,,,,Sing,Fem,Pass,
interpretada,interpretar,Part,,,,Sing,Fem,,
calibradas,calibrar,Part,,,,Plur,Fem,Pass,
traçados,traçar,Part,,,,Plur,Masc,Pass,
coordenadas,coordenada,Part,,,,Plur,Fem,,
coletar,coletar,Inf,,,,,,,
auxilia,auxiliar,Fin,Ind,Pres,3,Sing,,,
erodido,erodidar,Part,,,,Sing,Masc,,
colidiu,colidir,Fin,Ind,Past,3,Sing,,,
preserva,preservar,Fin,Ind,Pres,3,Sing,,,
retrabalhando,retrabalhar,Ger,,,,,,,
englobando,englobar,Ger,,,,,,,
relacionada,relacionar,Part,,,,Sing,Fem,Pass,
Possui,possuir,Fin,Ind,Pres,3,Sing,,,
alongada,alongar,Part,,,,Sing,Fem,,
equivalem,equivaler,Fin,Ind,Pres,3,Plur,,,
avermelhados,avermelhar,Part,,,,Plur,Masc,,
esbranquiçados,esbranquiçar,Part,,,,Plur,Masc,,
representados,representar,Part,,,,Plur,Masc,Pass,
atrelada,atrelar,Part,,,,Sing,Fem,,
dividida,dividir,Part,,,,Sing,Fem,,
chega,chegar,Fin,Ind,Pres,3,Sing,,,AUX
deformado,deformar,Part,,,,Sing,Masc,,
descritas,descrever,Part,,,,Plur,Fem,,
visualizadas,visualizar,Part,,,,Plur,Fem,Pass,
desenvolvidos,desenvolver,Part,,,,Plur,Masc,,
Constituída,constituir,Part,,,,Sing,Fem,,
recobertos,recobrir,Part,,,,Plur,Masc,Pass,
dividida,dividir,Part,,,,Sing,Fem,Pass,
constituindo,constituir,Ger,,,,,,,
preencheram,preencher,Fin,Ind,Past,3,Plur,,,
restando,restar,Ger,,,,,,,
falhada,falhar,Part,,,,Sing,Fem,,
efetuada,efetuar,Part,,,,Sing,Fem,,
recoberta,recobertar,Part,,,,Sing,Fem,Pass,
recobrem,recobrir,Fin,Ind,Pres,3,Plur,,,
progradam,prograr,Fin,Ind,Pres,3,Plur,,,
aplainado,aplainar,Part,,,,Sing,Masc,,
cortado,cortar,Part,,,,Sing,Masc,Pass,
recoberto,recobertar,Part,,,,Sing,Masc,Pass,
mergulham,mergulhar,Fin,Ind,Pres,3,Plur,,,
associam,associar,Fin,Ind,Pres,3,Plur,,,
afetando,afetar,Ger,,,,,,,
inclinadas,inclinar,Part,,,,Plur,Fem,,
imbricadas,imbricar,Part,,,,Plur,Fem,,
originou,originar,Fin,Ind,Past,3,Sing,,,
soterrado,soterrar,Part,,,,Sing,Masc,,
estendem,estender,Fin,Ind,Pres,3,Plur,,,
atravessadas,atravessar,Part,,,,Plur,Fem,Pass,
correlacionadas,correlacionar,Part,,,,Plur,Fem,Pass,
representadas,representar,Part,,,,Plur,Fem,Pass,
associadas,associar,Part,,,,Plur,Fem,,
separando,separar,Ger,,,,,,,
associada,associar,Part,,,,Sing,Fem,Pass,
aparenta,aparentar,Fin,Ind,Pres,3,Sing,,,
balizar,balizar,Inf,,,,,,,
ilustrando,ilustrar,Ger,,,,,,,
modificado,modificar,Part,,,,Sing,Masc,,
iniciado,iniciar,Part,,,,Sing,Masc,Pass,
fragmentou,fragmentar,Fin,Ind,Past,3,Sing,,,
preenchidos,preencher,Part,,,,Plur,Masc,Pass,
denominadas,denominar,Part,,,,Plur,Fem,Pass,
superpostos,superpor,Part,,,,Plur,Masc,,
mergulhando,mergulhar,Ger,,,,,,,
depositadas,depositar,Part,,,,Plur,Fem,Pass,
recém-fragmentada,recém-fragmentar,Part,,,,Sing,Fem,,
formados,formar,Part,,,,Plur,Masc,Pass,
coberto,cobrir,Part,,,,Sing,Masc,Pass,
extrudidos,extrudir,Part,,,,Plur,Masc,,
sedimentar,sedimentar,Inf,,,,,,,
Ocorreu,ocorrer,Fin,Ind,Past,3,Sing,,,
ocasionado,ocasionar,Part,,,,Sing,Masc,Pass,
notados,notar,Part,,,,Plur,Masc,Pass,
depositada,depositar,Part,,,,Sing,Fem,Pass,
traçadas,traçar,Part,,,,Plur,Fem,Pass,
exportadas,exportar,Part,,,,Plur,Fem,Pass,
sobreposta,sobrepostar,Part,,,,Sing,Fem,Pass,
correlacionados,correlacionar,Part,,,,Plur,Masc,,
traçados,traçar,Part,,,,Plur,Masc,,
interpretadas,interpretar,Part,,,,Plur,Fem,,
correlacionada,correlacionar,Part,,,,Sing,Fem,,
correspondendo,corresponder,Ger,,,,,,,
anastomosados,anastomosar,Part,,,,Plur,Masc,,
estriados,estriar,Part,,,,Plur,Masc,,
caracterizados,caracterizar,Part,,,,Plur,Masc,,
reconhecidas,reconhecer,Part,,,,Plur,Fem,Pass,
interligadas,interligar,Part,,,,Plur,Fem,,
cortando,cortar,Ger,,,,,,,
identificadas,identificar,Part,,,,Plur,Fem,,
ajustam,ajustar,Fin,Ind,Pres,3,Plur,,,
distribuídas,distribuir,Part,,,,Plur,Fem,,
Levando,levar,Ger,,,,,,,
reconhecidas,reconhecer,Part,,,,Plur,Fem,,
cortam,cortar,Fin,Ind,Pres,3,Plur,,,
mapeadas,mapear,Part,,,,Plur,Fem,,
reativadas,reativar,Part,,,,Plur,Fem,,
prolongando,prolongar,Ger,,,,,,,
identificada,identificar,Part,,,,Sing,Fem,Pass,
falhado,falhar,Part,,,,Sing,Masc,,
registradas,registrar,Part,,,,Plur,Fem,Pass,
caracterizam,caracterizar,Fin,Ind,Pres,3,Plur,,,
evidenciado,evidenciar,Part,,,,Sing,Masc,Pass,
delimita,delimitar,Fin,Ind,Pres,3,Sing,,,
influencia,influenciar,Fin,Ind,Pres,3,Sing,,,
constatado,constatar,Part,,,,Sing,Masc,Pass,
delimitada,delimitar,Part,,,,Sing,Fem,Pass,
afetou,afetar,Fin,Ind,Past,3,Sing,,,
isolados,isolar,Part,,,,Plur,Masc,,
condicionando,condicionar,Ger,,,,,,,
constatada,constatar,Part,,,,Sing,Fem,Pass,
falhados,falhar,Part,,,,Plur,Masc,,
gerou,gerar,Fin,Ind,Past,3,Sing,,,
misturados,misturar,Part,,,,Plur,Masc,Pass,
acarretando,acarretar,Ger,,,,,,,
perdem,perder,Fin,Ind,Pres,3,Plur,,,
modificadas,modificar,Part,,,,Plur,Fem,,
Preparar,preparar,Inf,,,,,,,
aquecidos,aquecer,Part,,,,Plur,Masc,Pass,
ionizam,ionizar,Fin,Ind,Pres,3,Plur,,,
origina,originar,Fin,Ind,Pres,3,Sing,,,
emulsificar,emulsificar,Inf,,,,,,,
empregou,empregar,Fin,Ind,Past,3,Sing,,,
empregando,empregar,Ger,,,,,,,
transforme,transformar,Fin,Sub,Pres,3,Sing,,,
úmidas,úmidar,Part,,,,Plur,Fem,,
comparadas,comparar,Part,,,,Plur,Fem,,
apresentar,apresentar,Inf,,,3,,,,
composta,compor,Part,,,,Sing,Fem,,
preparadas,preparar,Part,,,,Plur,Fem,Pass,
desempenhe,desempenhar,Fin,Sub,Pres,3,Sing,,,
cimentar,cimentar,Inf,,,,,,,
impermeabilizar,impermeabilizar,Inf,,,,,,,
recomendadas,recomendar,Part,,,,Plur,Fem,Pass,
provocado,provocar,Part,,,,Sing,Masc,,
agregado,agregar,Part,,,,Sing,Masc,,
designada,designar,Part,,,,Sing,Fem,,
designadas,designar,Part,,,,Plur,Fem,,
regulada,regular,Part,,,,Sing,Fem,Pass,
Dependendo,depender,Ger,,,,,,,
classificadas,classificar,Part,,,,Plur,Fem,Pass,
vivencia,vivencer,Fin,Ind,Pres,3,Sing,,,
agregar,agregar,Inf,,,,,,,
modificados,modificar,Part,,,,Plur,Masc,Pass,
modificadas,modificar,Part,,,,Plur,Fem,Pass,
executados,executar,Part,,,,Plur,Masc,Pass,
restritas,restrito,Part,,,,Plur,Fem,Pass,
cessada,cessar,Part,,,,Sing,Fem,,
apresentar,apresentar,Fin,Sub,Fut,3,Sing,,,
melhora,melhora,Fin,Ind,Pres,3,Sing,,,
arrancado,arrancar,Part,,,,Sing,Masc,,
desenvolvidas,desenvolver,Part,,,,Plur,Fem,Pass,
nanoestruturados,nanoestruturar,Part,,,,Plur,Masc,,
ordenadas,ordenar,Part,,,,Plur,Fem,,
desordenadas,desordenar,Part,,,,Plur,Fem,,
conferem,conferir,Fin,Ind,Pres,3,Plur,,,
construídas,construir,Part,,,,Plur,Fem,,
Sofre,sofrer,Fin,Ind,Pres,3,Sing,,,
expandida,expander,Part,,,,Sing,Fem,,
hidratados,hidratar,Part,,,,Plur,Masc,,
submetida,submeter,Part,,,,Sing,Fem,,
explodam,explodar,Fin,Sub,Pres,3,Plur,,,
transformem,transformar,Fin,Sub,Pres,3,Plur,,,
sanfonados,sanfonar,Part,,,,Plur,Masc,,
expandido,expander,Part,,,,Sing,Masc,,
aprisiona,aprisionar,Fin,Ind,Pres,3,Sing,,,
consigo,conseguir,Fin,,,,,,,
irrita,irritar,Fin,Ind,Pres,3,Sing,,,
deteriora,deteriorar,Fin,Ind,Pres,3,Sing,,,
apodrece,apodrecer,Fin,Ind,Pres,3,Sing,,,
atacado,atacar,Part,,,,Sing,Masc,,
modificada,modificar,Part,,,,Sing,Fem,,
produza,produzir,Fin,Sub,Pres,3,Sing,,,
depositado,depositar,Part,,,,Sing,Masc,,
desejado,desejar,Part,,,,Sing,Masc,,
tratada,tratar,Part,,,,Sing,Fem,,
permanecer,permanecer,Inf,,,3,Sing,,,
adiciona,adicionar,Fin,Ind,Pres,3,Sing,,,
aquecida,aquecer,Part,,,,Sing,Fem,Pass,
adicionadas,adicionar,Part,,,,Plur,Fem,Pass,
analisam,analisar,Fin,Ind,Pres,3,Plur,,,
recuperado,recuperar,Part,,,,Sing,Masc,Pass,
compreenderam,compreender,Fin,Ind,Past,3,Plur,,,
retido,reter,Part,,,,Sing,Masc,,
vertida,verter,Part,,,,Sing,Fem,Pass,
escoar,escoar,Inf,,,,,,,
indicadas,indicar,Part,,,,Plur,Fem,,
citada,citar,Part,,,,Sing,Fem,,
transferida,transferir,Part,,,,Sing,Fem,,
recoberta,recobertar,Part,,,,Sing,Fem,,
verificando,verificar,Ger,,,,,,,
determinados,determinar,Part,,,,Plur,Masc,Pass,
retiradas,retirar,Part,,,,Plur,Fem,,
interrompido,interromper,Part,,,,Sing,Masc,Pass,
espelhada,espelhar,Part,,,,Sing,Fem,,
pesada,pesar,Part,,,,Sing,Fem,Pass,
permanecido,permanecer,Part,,,,Sing,Masc,,
baseadas,basear,Part,,,,Plur,Fem,Pass,
modificar,modificar,Inf,,,,,,,
tende,tender,Fin,Ind,Pres,3,Sing,,,
Havendo,haver,Fin,Ind,Pres,,Sing,,,
viessem,vir,Fin,Sub,Imp,3,Plur,,,AUX
calculados,calcular,Part,,,,Plur,Masc,,
homogeneizar,homogeneizar,Inf,,,,,,,
submetido,submeter,Part,,,,Sing,Masc,,
reage,reagar,Fin,Ind,Pres,3,Sing,,,
inserido,inserir,Part,,,,Sing,Masc,,
especificada,especificar,Part,,,,Sing,Fem,,
incorporado,incorporar,Part,,,,Sing,Masc,,
deteriorado,deteriorar,Part,,,,,,,
ocasionando,ocasionar,Ger,,,,,,,
especificado,especificar,Part,,,,Sing,Masc,,
postuladas,postular,Part,,,,Plur,Fem,,
objetiva,objetivar,Fin,Ind,Pres,3,Sing,,,
enfocando,enfocar,Ger,,,,,,,
Coordenadas,coordenada,Part,,,,Plur,Fem,,
consistiram,consistir,Fin,Ind,Past,3,Plur,,,
adotadas,adotar,Part,,,,Plur,Fem,,
investigadas,investigar,Part,,,,Plur,Fem,Pass,
distinguida,distinguir,Part,,,,Sing,Fem,,
escrita,escrever,Part,,,,Sing,Fem,Pass,
escritas,escrever,Part,,,,Plur,Fem,Pass,
estabelecidas,estabelecer,Part,,,,Plur,Fem,Pass,
adotado,adotar,Part,,,,Sing,Masc,Pass,
adquiridas,adquirir,Part,,,,Plur,Fem,Pass,
constituírem,constituir,Inf,,,3,Plur,,,
cruzados,cruzar,Part,,,,Plur,Masc,,
constituirem,constituir,Inf,,,3,Plur,,,
inseridos,inserir,Part,,,,Plur,Masc,Pass,
analisados,analisar,Part,,,,Plur,Masc,,
indicados,indicar,Part,,,,Plur,Masc,Pass,
convertida,converter,Part,,,,Sing,Fem,,
expressam,exprimir,Fin,Ind,Pres,3,Plur,,,
abrangeu,abranger,Fin,Ind,Past,3,Sing,,,
montados,montar,Part,,,,Plur,Masc,Pass,
selecionados,selecionar,Part,,,,Plur,Masc,,
levantadas,levantar,Part,,,,Plur,Fem,,
escaneadas,escanear,Part,,,,Plur,Fem,Pass,
inseridas,inserir,Part,,,,Plur,Fem,,
pré-definido,pré-definir,Part,,,,Sing,Masc,,
materializado,materializar,Part,,,,Sing,Masc,Pass,
Assine,assinir,Fin,Sub,Pres,3,Sing,,,
interligados,interligar,Part,,,,Plur,Masc,,
retrabalhados,retrabalhar,Part,,,,Plur,Masc,,
redepositada,redepositar,Part,,,,Sing,Fem,Pass,
permanecendo,permanecer,Ger,,,,,,,
auxiliaram,auxiliar,Fin,Ind,Past,3,Plur,,,
compreendendo,compreender,Ger,,,,,,,
implantada,implantar,Part,,,,Sing,Fem,,
curvadas,curvar,Part,,,,Plur,Fem,,
inverteu,inverter,Fin,Ind,Past,3,Sing,,,
reativou,reativar,Fin,Ind,Past,3,Sing,,,
consolidada,consolidar,Part,,,,Sing,Fem,,
diferindo,diferir,Ger,,,,,,,
subdividida,subdivididar,Part,,,,Sing,Fem,,
limitadas,limitar,Part,,,,Plur,Fem,Pass,
testemunhado,testemunhar,Part,,,,Sing,Masc,Pass,
aflora,aflorar,Fin,Ind,Pres,3,Sing,,,
definindo,definir,Ger,,,,,,,
materializada,materializar,Part,,,,Sing,Fem,Pass,
entrelaçados,entrelaçar,Part,,,,Plur,Masc,,
silicificada,silicificar,Part,,,,Sing,Fem,,
remete,remeter,Fin,Ind,Pres,3,Sing,,,
depositou,depositar,Fin,Ind,Past,3,Sing,,,
interdigitados,interdigitar,Part,,,,Plur,Masc,,
intercalada,intercalar,Part,,,,Sing,Fem,,
esverdeados,esverdear,Part,,,,Plur,Masc,,
sobreposta,sobrepostar,Part,,,,Sing,Fem,,
diferenciado,diferenciar,Part,,,,Sing,Masc,,
recobrindo,recobrir,Ger,,,,,,,
distinguido,distinguir,Part,,,,Sing,Masc,Pass,
adotaram,adotar,Fin,Ind,Past,3,Plur,,,
divergem,divergir,Fin,Ind,Pres,3,Plur,,,
ocorridas,ocorrer,Part,,,,Plur,Fem,,
provém,prover,Fin,Ind,Pres,3,Sing,,,
descreve,descrever,Fin,Ind,Pres,3,Sing,,,
descrevendo,descrever,Ger,,,,,,,
assemelham,assemelhar,Fin,Ind,Pres,3,Plur,,,
corrobora,corroborar,Fin,Ind,Pres,3,Sing,,,
lagunar,lagunar,Inf,,,,Sing,,,
observaram,observar,Fin,Ind,Past,3,Plur,,,
constituída,constituir,Part,,,,Sing,Fem,,
preservados,preservar,Part,,,,Plur,Masc,,
postulam,postular,Fin,Ind,Pres,3,Plur,,,
comprovada,comprovar,Part,,,,Sing,Fem,,
confirmando,confirmar,Ger,,,,,,,
enfocam,enfocar,Fin,Ind,Pres,3,Plur,,,
testemunhados,testemunhar,Part,,,,Plur,Masc,,
relatam,relatar,Fin,Ind,Pres,3,Plur,,,
descritas,descrever,Part,,,,Plur,Fem,Pass,
levantada,levantar,Part,,,,Sing,Fem,,
intemperizado,intemperizar,Part,,,,Sing,Masc,,
acanalada,acanalar,Part,,,,Sing,Fem,,
matriz-sustentados,matriz-stentar,Part,,,,Plur,Masc,,
arredondados,arredondar,Part,,,,Plur,Masc,,
decantada,decantar,Part,,,,Sing,Fem,,
acanaladas,acanalar,Part,,,,Plur,Fem,,
delimitados,delimitar,Part,,,,Plur,Masc,Pass,
subarredondados,subarredondar,Part,,,,Plur,Masc,,
amalgamados,amalgamar,Part,,,,Plur,Masc,,
adelgaçam,adelgaçar,Fin,Ind,Pres,3,Plur,,,
creme-esbranquiçados,creme-esbranquiçar,Part,,,,Plur,Masc,,
predominam,predominar,Fin,Ind,Pres,3,Plur,,,
conferindo,conferir,Ger,,,,,,,
aparecerem,aparecer,Inf,,,3,Plur,,,
carbonificados,carbonificar,Part,,,,Plur,Masc,,
ondulada,ondular,Part,,,,Sing,Fem,,
carreados,carrear,Part,,,,Plur,Masc,Pass,
onduladas,ondular,Part,,,,Plur,Fem,,
depositada,depositar,Part,,,,Sing,Fem,,
justapostas,justapor,Part,,,,Plur,Fem,,
observadas,observar,Part,,,,Plur,Fem,Pass,
decantadas,decantar,Part,,,,Plur,Fem,,
carbonizados,carbonizar,Part,,,,Plur,Masc,,
canalizados,canalizar,Part,,,,Plur,Masc,,
estagnadas,estagnar,Part,,,,Plur,Fem,,
elevam,elever,Fin,Ind,Pres,3,Plur,,,
erodida,erodidar,Part,,,,Sing,Fem,Pass,
marrom-arroxeado,marrom-arroxear,Part,,,,Sing,Masc,,
Associadas,associar,Part,,,,Plur,Fem,,
representadas,representar,Part,,,,Plur,Fem,,
caracterizando,caracterizar,Ger,,,,,,,
ondulado,ondular,Part,,,,Sing,Masc,,
acinzentados,acinzentar,Part,,,,Plur,Masc,,
cruzada,cruzar,Part,,,,Sing,Fem,Pass,
diferem,diferir,Fin,Ind,Pres,3,Plur,,,
isolada,isolar,Part,,,,Sing,Fem,,
possibilitaram,possibilitar,Fin,Ind,Past,3,Plur,,,
deformados,deformar,Part,,,,Plur,Masc,,
arredondadas,arredondar,Part,,,,Plur,Fem,,
ondulados,ondular,Part,,,,Plur,Masc,,
intercaladas,intercalar,Part,,,,Plur,Fem,,
verificados,verificar,Part,,,,Plur,Masc,Pass,
carecendo,carecer,Ger,,,,,,,
limitadas,limitar,Part,,,,Plur,Fem,,
fragmentados,fragmentar,Part,,,,Plur,Masc,,
leve,levar,Fin,Sub,Pres,,Sing,,,
amarelados,amarelar,Part,,,,Plur,Masc,,
depositam,depositar,Fin,Ind,Pres,3,Plur,,,
transportadas,transportar,Part,,,,Plur,Fem,Pass,
desarticular,desarticular,Inf,,,,,,,
fragmentar,fragmentar,Inf,,,,,,,
finalizando,finalizar,Ger,,,,,,,
posicionado,posicionar,Part,,,,Sing,Masc,,
sucedidas,sucedido,Part,,,,Plur,Fem,Pass,
culminam,culminar,Fin,Ind,Pres,3,Plur,,,
sucedidos,suceder,Part,,,,Plur,Masc,Pass,
evidenciada,evidenciar,Part,,,,Sing,Fem,Pass,
verificadas,verificar,Part,,,,Plur,Fem,Pass,
identificado,identificar,Part,,,,,,,
enfatizado,enfatizar,Part,,,,Sing,Masc,Pass,
estudaram,estudar,Fin,Ind,Past,3,Plur,,,
situou,situar,Fin,Ind,Past,3,Sing,,,
consideraram,considerar,Fin,Ind,Past,3,Plur,,,
perdurou,perdurar,Fin,Ind,Past,3,Sing,,,
exibindo,exibir,Ger,,,,,,,
sustentados,sustentar,Part,,,,Plur,Masc,,
avermelhadas,avermelhar,Part,,,,Plur,Fem,,
erodindo,erodir,Ger,,,,,,,
gradando,gradar,Ger,,,,,,,
estratificados,estratificar,Part,,,,Plur,Masc,,
descrita,descrever,Part,,,,Sing,Fem,,
reforçado,reforçar,Part,,,,Sing,Masc,Pass,
constatada,constatar,Part,,,,Sing,Fem,,
realçadas,realçar,Part,,,,Plur,Fem,Pass,
sucedem,suceder,Fin,Ind,Pres,3,Plur,,,
retrabalhar,retrabalhar,Inf,,,,,,,
limitando,limitar,Ger,,,,,,,
retornam,retornar,Fin,Ind,Pres,3,Plur,,,
sucede,suceder,Fin,Ind,Pres,3,Sing,,,
depositado,depositar,Part,,,,Sing,Masc,Pass,
gradam,gradar,Fin,Ind,Pres,3,Plur,,,
encerram,encerrar,Fin,Ind,Pres,3,Plur,,,
devida,dever,Part,,,,Sing,Fem,Pass,
corroboram,corroborar,Fin,Ind,Pres,3,Plur,,,
denominou,denominar,Fin,Ind,Past,3,Sing,,,
evidenciaram,evidenciar,Fin,Ind,Past,3,Plur,,,
identificando,identificar,Ger,,,,,,,
grada,gradar,Part,,,,Sing,Fem,,
forçada,forçar,Part,,,,Sing,Fem,,
leva,levar,Fin,Ind,Pres,3,Sing,,,AUX
Contrapondo,contrapor,Ger,,,,,,,
implicam,implicar,Fin,Ind,Pres,3,Plur,,,
adotado,adotar,Part,,,,Sing,Masc,,
submetidos,submeter,Part,,,,Plur,Masc,Pass,
sugeriu,sugerir,Fin,Ind,Past,3,Sing,,,
constatando,constatar,Ger,,,,,,,
conjecturada,conjecturar,Part,,,,Sing,Fem,Pass,
reforçados,reforçar,Part,,,,Plur,Masc,Pass,
trabalho,trabalho,Fin,Ind,Pres,1,Sing,,,
aliados,aliado,Part,,,,Plur,Masc,,
favoreceram,favorecer,Fin,Ind,Past,3,Plur,,,
superou,superar,Fin,Ind,Past,3,Sing,,,
abrangendo,abranger,Ger,,,,,,,
alcançados,alcançar,Part,,,,Plur,Masc,Pass,
garantirá,garantir,Fin,Ind,Fut,3,Sing,,,
obteria,obter,Fin,Cnd,,3,Sing,,,
indicados,indicar,Part,,,,Plur,Masc,,
caracterizado,caracterizar,Part,,,,Sing,Masc,,
Analisar,analisar,Inf,,,,,,,
distinguindo,distinguir,Ger,,,,,,,
refinado,refinar,Part,,,,Sing,Masc,,
extraída,extrair,Part,,,,Sing,Fem,Pass,
acumulada,acumular,Part,,,,Sing,Fem,,
desenvolveram,desenvolver,Fin,Ind,Past,3,Plur,,,
extraído,extrair,Part,,,,Sing,Masc,,
implantar,implantar,Inf,,,,,,,
determinadas,determinar,Part,,,,Plur,Fem,Pass,
recuperada,recuperar,Part,,,,Sing,Fem,,
Sengundo,sengundir,Fin,Ind,Pres,3,Sing,,,
investidas,investida,Part,,,,Plur,Fem,Pass,
Conhecidas,conhecer,Part,,,,Plur,Fem,,
injetados,injetar,Part,,,,Plur,Masc,Pass,
datam,datar,Fin,Ind,Pres,3,Plur,,,
buscavam,buscar,Fin,Ind,Imp,3,Plur,,,
deslocar,deslocar,Inf,,,,,,,
deixado,deixar,Part,,,,Sing,Masc,Pass,
atravessado,atravessar,Part,,,,Sing,Masc,Pass,
alternada,alternar,Part,,,,Sing,Fem,,
sofridas,sofrer,Part,,,,Plur,Fem,Pass,
ilustra,ilustrar,Fin,Ind,Pres,3,Sing,,,
derivadas,derivar,Part,,,,Plur,Fem,Pass,
aquecido,aquecer,Part,,,,Sing,Masc,,
oferecida,oferecer,Part,,,,Sing,Fem,,
transportado,transportar,Part,,,,Sing,Masc,,
propaga,propagar,Fin,Ind,Pres,3,Sing,,,
traduzida,traduzido,Part,,,,Sing,Fem,Pass,
manipular,manipular,Inf,,,,,,,
polarizado,polarizar,Part,,,,Sing,Masc,Pass,
magnetizado,magnetizar,Part,,,,Sing,Masc,Pass,
dadas,dar,Part,,,,Plur,Fem,Pass,
expressa,esprimir,Part,,,,Sing,Fem,Pass,
especificadas,especificar,Part,,,,Plur,Fem,Pass,
simplificadas,simplificar,Part,,,,Plur,Fem,Pass,
induzida,induzir,Part,,,,Sing,Fem,,
ilustrado,ilustrar,Part,,,,Sing,Masc,,
sombreada,sombrear,Part,,,,Sing,Fem,,
induzidas,induzir,Part,,,,Plur,Fem,,
simplificar,simplificar,Inf,,,,,,,
gerado,gerar,Part,,,,Sing,Masc,Pass,
fluem,fluar,Fin,Ind,Pres,3,Plur,,,
modelar,modelar,Inf,,,,,,,
disponibilizados,disponibilizar,Part,,,,Plur,Masc,Pass,
estudados,estudar,Part,,,,Plur,Masc,Pass,
maduros,madurar,Part,,,,Plur,Masc,,
catalogados,catalogar,Part,,,,Plur,Masc,,
sugeridos,sugerir,Part,,,,Plur,Masc,Pass,
simulado,simular,Part,,,,Sing,Masc,Pass,
PREPARANDO,preparar,Ger,,,,,,,
simplificados,simplificar,Part,,,,Plur,Masc,,
carregado,carregar,Part,,,,Sing,Masc,Pass,
flui,fluir,Fin,Ind,Pres,3,Sing,,,
aqueça,aqueçar,Fin,Sub,Pres,3,Sing,,,
excitadas,excitar,Part,,,,Plur,Fem,Pass,
arrefecido,arrefecer,Part,,,,Sing,Masc,Pass,
homogeneizadas,homogeneizar,Part,,,,Plur,Fem,,
repetiria,repetir,Fin,Cnd,,3,Sing,,,
fornecida,fornecer,Part,,,,Sing,Fem,,
induzir,induzir,Inf,,,,,,,
excitando,excitar,Ger,,,,,,,
alternada,alternar,Part,,,,Sing,Fem,Pass,
adotados,adotar,Part,,,,Plur,Masc,Pass,
contribuiria,contribuir,Fin,Cnd,,3,Sing,,,
aquecendo,aquecer,Ger,,,,,,,
preservando,preservar,Ger,,,,,,,
desconsideradas,desconsiderar,Part,,,,Plur,Fem,Pass,
explicado,explicar,Part,,,,Sing,Masc,,
adaptadas,adaptar,Part,,,,Plur,Fem,,
predefinidos,predefinir,Part,,,,Plur,Masc,,
explicada,explicar,Part,,,,Sing,Fem,,
demonstrado,demonstrar,Part,,,,Sing,Masc,Pass,
estudados,estudar,Part,,,,Plur,Masc,,
demonstrado,demonstrar,Part,,,,Sing,Masc,,
alcançar,alcançar,Inf,,,3,Sing,,,
previsto,prever,Part,,,,Sing,Masc,Pass,
transformada,transformar,Part,,,,Sing,Fem,,
efetuado,efetuar,Part,,,,Sing,Masc,,
fornecido,fornecer,Part,,,,Sing,Masc,,
inibir,inibir,Inf,,,,,,,
dissolvida,dissolver,Part,,,,Sing,Fem,,
esquentando,esquentar,Ger,,,,,,,
resume,resumir,Fin,Ind,Pres,3,Sing,,,
classificado,classificado,Part,,,,Sing,Masc,Pass,
exposto,expor,Part,,,,Sing,Masc,,
objetivou,objetivar,Fin,Ind,Past,3,Sing,,,
extrapesado,extrapesar,Part,,,,Sing,Masc,,
hidratadas,hidratar,Part,,,,Plur,Fem,,
perfuradas,perfurar,Part,,,,Plur,Fem,,
mencionado,mencionar,Part,,,,Sing,Masc,,
contornem,contornar,Fin,Sub,Pres,3,Plur,,,
desenvolver,desenvolver,Inf,,,3,Sing,,,
propostos,propor,Part,,,,Plur,Masc,,
especificados,especificar,Part,,,,Plur,Masc,Pass,
transporta-,transporta-,Fin,Ind,Pres,3,Sing,,,
resfriar,resfriar,Inf,,,,,,,
descartado,descartar,Part,,,,Sing,Masc,,
descartadas,descartar,Part,,,,Plur,Fem,Pass,
bombeado,bombear,Part,,,,Sing,Masc,,
recomeça,recomeçar,Fin,Ind,Pres,3,Sing,,,
simplificado,simplificar,Part,,,,Sing,Masc,,
considerar,considerar,Inf,,,3,,,,
salgada,salgar,Part,,,,Sing,Fem,Pass,
prover,prover,Inf,,,,,,,
não-inibidos,não-inibir,Part,,,,Plur,Masc,,
dispensado,dispensar,Part,,,,Sing,Masc,,
programados,programar,Part,,,,Plur,Masc,Pass,
interage,interagar,Fin,Ind,Pres,3,Sing,,,
retardar,retardar,Inf,,,,,,,
reduzem,reduzir,Fin,Ind,Pres,3,Plur,,,
perfura,perfurar,Fin,Ind,Pres,3,Sing,,,
contenham,conter,Fin,Sub,Pres,3,Plur,,,
fissuradas,fissurar,Part,,,,Plur,Fem,,
agregados,agregado,Part,,,,Plur,Masc,,
direcionado,direcionar,Part,,,,Sing,Masc,Pass,
extrai,extrar,Fin,Ind,Pres,3,Sing,,,
descarte,descartar,Fin,Sub,Pres,1,Sing,,,
contaminados,contaminar,Part,,,,Plur,Masc,,
inibam,inibar,Fin,Sub,Pres,3,Plur,,,
maximizar,maximizar,Inf,,,,,,,
seguidas,seguir,Part,,,,Plur,Fem,Pass,
umedecido,umedecer,Part,,,,Sing,Masc,,
desenvolve,desenvolver,Fin,Ind,Pres,3,Sing,,,
misturado,misturar,Part,,,,Sing,Masc,,
restabelecida,restabelecer,Part,,,,Sing,Fem,,
depositaram,depositar,Fin,Ind,Past,3,Plur,,,
endurece,endurecer,Fin,Ind,Pres,3,Sing,,,
assinalado,assinalar,Part,,,,Sing,Masc,,
compostos,compor,Part,,,,Plur,Masc,Pass,
extraídas,extrair,Part,,,,Plur,Fem,,
detectáveis,detectar,Part,,,,Plur,Masc,Pass,
balancear,balancear,Inf,,,,,,,
arranjados,arranjar,Part,,,,Plur,Masc,,
apontem,apontar,Fin,Sub,Pres,3,Plur,,,
encaixar,encaixar,Inf,,,,,,,
empilhadas,empilhar,Part,,,,Plur,Fem,,
ponderadas,ponderar,Part,,,,Plur,Fem,,
preenchidas,preencher,Part,,,,Plur,Fem,Pass,
equilibrada,equilibrar,Part,,,,Sing,Fem,Pass,
chegando,chegar,Ger,,,,,,,AUX
separá-las,separá-ar,Inf,,,,,,,
úmidos,úmir,Part,,,,Plur,Masc,,
hidratam,hidratar,Fin,Ind,Pres,3,Plur,,,
interlamelar,interlamelar,Fin,,,,Sing,,,
cristalizada,cristalizar,Part,,,,Sing,Fem,,
adsorvida,adsorver,Part,,,,Sing,Fem,,
orientada,orientar,Part,,,,Sing,Fem,,
adsorvidos,adsorver,Part,,,,Plur,Masc,,
úmido,úmir,Part,,,,Sing,Masc,,
quebradas,quebrar,Part,,,,Plur,Fem,,
devida,dever,Part,,,,Sing,Fem,,
deslocada,deslocar,Part,,,,Sing,Fem,,
acomodar,acomodar,Inf,,,,,,,
caracterizar,caracterizar,Inf,,,3,Sing,,,
influenciados,influenciar,Part,,,,Plur,Masc,,
estendida,estender,Part,,,,Sing,Fem,,
enovelada,enovelar,Part,,,,Sing,Fem,,
interferindo,interferir,Ger,,,,,,,
carregada,carregar,Part,,,,Sing,Fem,,
adaptada,adaptar,Part,,,,Sing,Fem,,
PROMOVER,promover,Inf,,,,,,,
acoplada,acoplar,Part,,,,Sing,Fem,Pass,
controlados,controlar,Part,,,,Plur,Masc,,
acoplado,acoplar,Part,,,,Sing,Masc,Pass,
confeccionados,confeccionar,Part,,,,Plur,Masc,,
aliviar,aliviar,Inf,,,3,Sing,,,
desprender,desprender,Inf,,,,,,,
desprender,desprender,Inf,,,3,Sing,,,
estudadas,estudar,Part,,,,Plur,Fem,,
moídas,moiar,Part,,,,Plur,Fem,Pass,
peneiradas,peneirar,Part,,,,Plur,Fem,Pass,
guardadas,guardar,Part,,,,Plur,Fem,Pass,
protegido,proteger,Part,,,,Sing,Masc,,
doadas,doar,Part,,,,Plur,Fem,Pass,
pulverizada,pulverizado,Part,,,,Sing,Fem,,
fundida,fundir,Part,,,,Sing,Fem,Pass,
incidiu,incidir,Fin,Ind,Past,3,Sing,,,
pulverizada,pulverizado,Part,,,,Sing,Fem,Pass,
prensada,prensar,Part,,,,Sing,Fem,,
preparadas,preparar,Part,,,,Plur,Fem,,
orientadas,orientar,Part,,,,Plur,Fem,Pass,
aquecidas,aquecer,Part,,,,Plur,Fem,,
absorvidas,absorver,Part,,,,Plur,Fem,,
decresce,decrescer,Fin,Ind,Pres,3,Sing,,,
centrifugada,centrifugar,Part,,,,Sing,Fem,Pass,
comprovaram,comprovar,Fin,Ind,Past,3,Plur,,,
resfriadas,resfriar,Part,,,,Plur,Fem,Pass,
abertas,aberto,Part,,,,Plur,Fem,,
lavado,lavar,Part,,,,Sing,Masc,Pass,
peneirado,peneirar,Part,,,,Sing,Masc,Pass,
peneirada,peneirar,Part,,,,Sing,Fem,,
aferido,aferir,Part,,,,Sing,Masc,Pass,
diluída,diluir,Part,,,,Sing,Fem,,
baseados,basear,Part,,,,Plur,Masc,Pass,
apresentas,apresentar,Fin,Ind,Pres,1,Plur,,,
expressando,expressar,Ger,,,,,,,
advém,advir,Fin,Ind,Pres,3,Sing,,,
possuírem,possuírar,Fin,Sub,Fut,3,Plur,,,
evidenciado,evidenciar,Part,,,,Sing,Masc,,
hidratada,hidratar,Part,,,,Sing,Fem,,
desfolha,desfolhar,Fin,Ind,Pres,3,Sing,,,
inibiu,inibir,Fin,Ind,Past,3,Sing,,,
ajustado,ajustar,Part,,,,Sing,Masc,,
colar,colar,Inf,,,,,,,
recolhida,recolher,Part,,,,Sing,Fem,Pass,
aderir,aderir,Inf,,,,,,,
presa,presa,Part,,,,Sing,Fem,,
comprovando,comprovar,Ger,,,,,,,
aderida,aderir,Part,,,,Sing,Fem,,
descartada,descartar,Part,,,,Sing,Fem,Pass,
interestratificada,interestratificar,Part,,,,Sing,Fem,,
motra,motrar,Fin,Ind,Pres,3,Sing,,,
proposta,propor,Part,,,,Sing,Fem,,
centrado,centrar,Part,,,,Sing,Masc,Pass,
possibilitará,possibilitar,Fin,Ind,Fut,3,Sing,,,
embasada,embasar,Part,,,,Sing,Fem,Pass,
contribuirá,contribuir,Fin,Ind,Fut,3,Sing,,,
Abrange,abrangar,Fin,Ind,Pres,3,Sing,,,
encaixados,encaixar,Part,,,,Plur,Masc,,
subdividida,subdivididar,Part,,,,Sing,Fem,Pass,
Coube,caber,Fin,Ind,Past,3,Sing,,,
dividiram,dividir,Fin,Ind,Past,3,Plur,,,
depositados,depositar,Part,,,,Plur,Masc,,
clasto-sustentados,clasto-sustentar,Part,,,,Plur,Masc,,
caracterizaram,caracterizar,Fin,Ind,Past,3,Plur,,,
originado,originar,Part,,,,Sing,Masc,,
entrelaçado,entrelaçar,Part,,,,Sing,Masc,,
assoreado,assorear,Part,,,,Sing,Masc,Pass,
geradas,gerar,Part,,,,Plur,Fem,Pass,
dominava,dominar,Fin,Ind,Imp,3,Sing,,,
limitava,limitar,Fin,Ind,Imp,3,Sing,,,
atestada,atestar,Part,,,,Sing,Fem,Pass,
tange,tangar,Fin,Ind,Pres,3,Sing,,,
sobreposto,sobrepor,Part,,,,Sing,Masc,,
forneceram,fornecer,Fin,Ind,Past,3,Plur,,,
pegadas,pegada,Part,,,,Plur,Fem,,
descreveram,descrever,Fin,Ind,Past,3,Plur,,,
buscaram,buscar,Fin,Ind,Past,3,Plur,,,
conferiram,conferir,Fin,Ind,Past,3,Plur,,,
coletadas,coletar,Part,,,,Plur,Fem,,
convergem,convergar,Fin,Ind,Pres,3,Plur,,,
corroboraram,corroborar,Fin,Ind,Past,3,Plur,,,
datadas,datar,Part,,,,Plur,Fem,Pass,
concluíram,concluir,Fin,Ind,Past,3,Plur,,,
corroborando,corroborar,Ger,,,,,,,
delgados,delgar,Part,,,,Plur,Masc,,
EXECUTADAS,executada,Part,,,,Plur,Fem,,
consultada,consultar,Part,,,,Sing,Fem,Pass,
Precedendo,preceder,Ger,,,,,,,
processadas,processar,Part,,,,Plur,Fem,,
modificado,modificar,Part,,,,Sing,Masc,Pass,
discriminados,discriminar,Part,,,,Plur,Masc,Pass,
distribuídos,distribuir,Part,,,,Plur,Masc,Pass,
sobreposta,sobrepostar,Fin,Ind,Pres,3,Sing,Fem,,
abrangeram,abranger,Fin,Ind,Past,3,Plur,,,
subdivididos,subdividir,Part,,,,Plur,Masc,,
Ocorrem,ocorrer,Fin,Ind,Pres,3,Plur,,,
conglomerados,conglomerar,Part,,,,Plur,Masc,,
clasto-sustentado,clasto-sustentar,Part,,,,Sing,Masc,,
imbricados,imbricar,Part,,,,Plur,Masc,,
matriz-sustentado,matriz-sustentar,Part,,,,Sing,Masc,,
cruzadas,cruzar,Part,,,,Plur,Fem,Pass,
obliterada,obliterar,Part,,,,Sing,Fem,,
estendida,estender,Part,,,,Sing,Fem,Pass,
interdigitadas,interdigitar,Part,,,,Plur,Fem,,
indicaram,indicar,Fin,Ind,Past,3,Plur,,,
restritos,restrever,Part,,,,Plur,Masc,,
agrupados,agrupar,Part,,,,Plur,Masc,Pass,
afloram,aflorar,Fin,Ind,Pres,3,Plur,,,
Sobrepondo,sobrepor,Ger,,,,,,,
sucedido,suceder,Part,,,,Sing,Masc,Pass,
assemelha,assemelhar,Fin,Ind,Pres,3,Sing,,,
esverdeada,esverdear,Part,,,,Sing,Fem,,
predominando,predominar,Ger,,,,,,,
Associado,associar,Part,,,,Sing,Masc,,
Associados,Associados,Part,,,,Plur,Masc,,
notado,notar,Part,,,,Sing,Masc,Pass,
cimentadas,cimentar,Part,,,,Plur,Fem,Pass,
secam,secuir,Fin,Ind,Pres,3,Plur,,,
interrompidos,interromper,Part,,,,Plur,Masc,Pass,
denominados,denominar,Part,,,,Plur,Masc,Pass,
demostrando,demostrar,Ger,,,,,,,
esperada,esperar,Part,,,,Sing,Fem,Pass,
cimentados,cimentar,Part,,,,Plur,Masc,,
sobrepostas,sobrepor,Part,,,,Plur,Fem,,
truncando,truncar,Ger,,,,,,,
Intercalados,intercalar,Part,,,,Plur,Masc,,
subordinadas,subordinar,Part,,,,Plur,Fem,,
notada,notar,Part,,,,Sing,Fem,Pass,
ilustrada,ilustrar,Part,,,,Sing,Fem,,
deformada,deformar,Part,,,,Sing,Fem,,
provem,provar,Fin,Ind,Pres,3,Plur,,,
sugerem,sugerir,Fin,Ind,Pres,3,Plur,,,
cessa,cessar,Fin,Ind,Pres,3,Sing,,,
atribuídos,atribuir,Part,,,,Plur,Masc,Pass,
truncam,truncar,Fin,Ind,Pres,3,Plur,,,
sobrepondo,sobrepor,Ger,,,,,,,
estabilizados,estabilizar,Part,,,,Plur,Masc,,
fluidificados,fluidificar,Part,,,,Plur,Masc,,
úmida,úmidar,Part,,,,Sing,Fem,,
interdigitado,interdigitar,Part,,,,Sing,Masc,,
agrupadas,agrupar,Part,,,,Plur,Fem,,
coexistiram,coexistir,Fin,Ind,Imp,3,Plur,,,
Areado,arear,Part,,,,Sing,Masc,,
preenchida,preencher,Part,,,,Sing,Fem,Pass,
ocorria,ocorrer,Fin,Ind,Imp,3,Sing,,,
predominavam,predominar,Fin,Ind,Imp,3,Plur,,,
superpõem,superpor,Fin,Ind,Pres,3,Plur,,,
estratificada,estratificar,Part,,,,Sing,Fem,,
reativada,reativar,Part,,,,Sing,Fem,Pass,
expandiam,expander,Fin,Ind,Imp,3,Plur,,,
recobriam,recobrir,Fin,Ind,Pres,3,Plur,,,
interagiram,interagir,Fin,Ind,Past,3,Plur,,,
depositadas,depositar,Part,,,,Plur,Fem,,
assoreados,assorear,Part,,,,Plur,Masc,Pass,
predominarem,predominar,Inf,,,3,Plur,,,
ocorriam,ocorrer,Fin,Ind,Imp,3,Plur,,,
excedeu,exceder,Fin,Ind,Past,3,Sing,,,
afetaram,afetar,Fin,Ind,Past,3,Plur,,,
caracterizada,caracterizar,Part,,,,Sing,Fem,,
Fornecer,fornecer,Inf,,,,,,,
estuga,estugar,Fin,Ind,Pres,3,Sing,,,
emitidos,emitir,Part,,,,Plur,Masc,,
mitigadas,mitigar,Part,,,,Plur,Fem,Pass,
capturar,capturar,Inf,,,,,,,
armazenando,armazenar,Ger,,,,,,,
permanecerá,permanecer,Fin,Ind,Fut,3,Sing,,,
criados,criar,Part,,,,Plur,Masc,,
Certificadas,certificar,Part,,,,Plur,Fem,,
certificadas,certificar,Part,,,,Plur,Fem,,
comercializadas,comercializar,Part,,,,Plur,Fem,Pass,
mantidas,manter,Part,,,,Plur,Fem,Pass,
capturada,capturar,Part,,,,Sing,Fem,Pass,
armazenada,armazenar,Part,,,,Sing,Fem,Pass,
demonstrados,demonstrar,Part,,,,Plur,Masc,,
detalhar,detalhar,Inf,,,,,,,
dimensionado,dimensionar,Part,,,,Sing,Masc,,
capturadas,capturar,Part,,,,Plur,Fem,,
armazenadas,armazenar,Part,,,,Plur,Fem,,
quantificadas,quantificar,Part,,,,Plur,Fem,,
evitadas,evitar,Part,,,,Plur,Fem,Pass,
alinhar,alinhar,Inf,,,,,,,
simplificando,simplificar,Ger,,,,,,,
dimensionar,dimensionar,Inf,,,,,,,
demonstrados,demonstrar,Part,,,,Plur,Masc,Pass,
mitigar,mitigar,Inf,,,,,,,
desconsiderando,desconsiderar,Ger,,,,,,,
permaneça,permaneçar,Fin,Sub,Pres,3,Sing,,,
transportado,transportar,Part,,,,Sing,Masc,Pass,
purificar,purificar,Inf,,,,,,,
armazenado,armazenar,Part,,,,Sing,Masc,,
implantada,implantar,Part,,,,Sing,Fem,Pass,
capturado,capturar,Part,,,,Sing,Masc,,
adaptado,adaptar,Part,,,,Sing,Masc,,
separam,separ,Fin,Ind,Pres,3,Plur,,,
exausto,exaustar,Part,,,,Sing,Masc,,
possuirá,possuir,Fin,Ind,Fut,3,Sing,,,
necessitando,necessitar,Ger,,,,,,,
processa,processar,Fin,Ind,Pres,3,Sing,,,
combinado,combinar,Part,,,,Sing,Masc,,
condensaram,condensar,Fin,Ind,Imp,3,Plur,,,
encarecendo,encarecer,Ger,,,,,,,
armazenar,armazenar,Inf,,,,,,,
absorvendo,absorver,Ger,,,,,,,
resfriado,resfriar,Part,,,,Sing,Masc,,
separado,separar,Part,,,,Sing,Masc,,
liberar,liberar,Inf,,,,,,,
regenerado,regenerar,Part,,,,Sing,Masc,Pass,
comprimido,comprimir,Part,,,,Sing,Masc,Pass,
adequada,adequado,Part,,,,Sing,Fem,Pass,
liberando,liberar,Ger,,,,,,,
permeiem,permeiar,Fin,Sub,Pres,3,Plur,,,
resfriados,resfriar,Part,,,,Plur,Masc,Pass,
condensam,condensar,Fin,Ind,Pres,3,Plur,,,
armazenado,armazenar,Part,,,,Sing,Masc,Pass,
transportam,transportar,Fin,Ind,Pres,3,Plur,,,
transportando,transportar,Ger,,,,,,,
desidratado,desidratar,Part,,,,Sing,Masc,Pass,
corroídos,corroer,Part,,,,Plur,Masc,Pass,
instalados,instalar,Part,,,,Plur,Masc,,
ocorrer,ocorrer,Fin,Sub,Fut,3,Sing,,,
comprimido,comprimir,Part,,,,Sing,Masc,,
focando,focar,Ger,,,,,,,
depletados,depletar,Part,,,,Plur,Masc,,
armazenar,armazenar,Inf,,,3,Sing,,,
dissolve,dissolver,Fin,Ind,Pres,3,Sing,,,
absorvido,absorver,Part,,,,Sing,Masc,Pass,
ocupadas,ocupar,Part,,,,Plur,Fem,Pass,
dobradas,dobrar,Part,,,,Plur,Fem,,
fraturadas,fraturar,Part,,,,Plur,Fem,,
migram,migrar,Fin,Ind,Pres,3,Plur,,,
dissolvido,dissolver,Part,,,,Sing,Masc,Pass,
provocará,provocar,Fin,Ind,Fut,3,Sing,,,
injetar,injetar,Inf,,,3,Sing,,,
utilizarem,utilizar,Inf,,,3,Plur,,,
recuperando,recuperar,Ger,,,,,,,
investido,investir,Part,,,,Sing,Masc,,
extraídos,extrair,Part,,,,Plur,Masc,Pass,
avançada,avançar,Part,,,,Sing,Fem,,
mistura,mistura,Fin,Ind,Pres,3,Sing,,,
afaste,afastar,Fin,Sub,Pres,3,Sing,,,
acentuadas,acentuar,Part,,,,Plur,Fem,,
aderindo,aderirir,Ger,,,,,,,
dissolvendo,dissolver,Ger,,,,,,,
adsorver,adsorver,Inf,,,3,Sing,,,
adsorvido,adsorver,Part,,,,Sing,Masc,Pass,
desprendendo,desprender,Ger,,,,,,,
injetar,injetar,Inf,,,,,,,
permeará,permear,Fin,Ind,Fut,3,Sing,,,
recuperam,recuperar,Fin,Ind,Pres,3,Plur,,,
armazenadas,armazenar,Part,,,,Plur,Fem,Pass,
trabalhar,trabalhar,Inf,,,3,Sing,,,
concedendo,conceder,Ger,,,,,,,
relacionar,relacionar,Inf,,,,,,,
escolhesse,escolher,Fin,Sub,Imp,3,Sing,,,
capturados,capturar,Part,,,,Plur,Masc,,
capturar,capturar,Inf,,,3,,,,
capturada,capturar,Part,,,,Sing,Fem,,
consumidos,consumir,Part,,,,Plur,Masc,Pass,
aglomerada,aglomerar,Part,,,,Sing,Fem,Pass,
carregadas,carregar,Part,,,,Plur,Fem,Pass,
soprado,soprar,Part,,,,Sing,Masc,Pass,
queima,queima,Fin,Ind,Pres,3,Sing,,,
reagirá,reagir,Fin,Ind,Fut,3,Sing,,,
liquefaz,liquefar,Fin,Sub,Pres,3,Sing,,,
derretidas,derreter,Part,,,,Plur,Fem,,
segregadas,segregar,Part,,,,Plur,Fem,,
solidificada,solidificar,Part,,,,Sing,Fem,Pass,
deformado,deformar,Part,,,,Sing,Masc,Pass,
transformado,transformar,Part,,,,Sing,Masc,,
perfilados,perfilar,Part,,,,Plur,Masc,,
Integradas,integrar,Part,,,,Plur,Fem,,
consumido,consumir,Part,,,,Sing,Masc,Pass,
represetam,represetar,Fin,Ind,Pres,3,Plur,,,
estimadas,estimar,Part,,,,Plur,Fem,Pass,
emitem,emitir,Fin,Ind,Pres,3,Plur,,,
reaproveitado,reaproveitar,Part,,,,Sing,Masc,Pass,
efetuar,efetuar,Inf,,,3,Sing,,,
combinadas,combinar,Part,,,,Plur,Fem,,
demandando,demandar,Ger,,,,,,,
alimentado,alimentar,Part,,,,Sing,Masc,Pass,
alimentado,alimentar,Part,,,,Sing,Masc,,
capturado,capturar,Part,,,,,,,
Privatizada,privatizar,Part,,,,Sing,Fem,,
medirem,medir,Inf,,,3,Plur,,,
divulgarem,divulgar,Inf,,,3,Plur,,,
gerenciarem,gerenciar,Inf,,,3,Plur,,,
Inaugurada,inaugurar,Part,,,,Sing,Fem,,
direcionada,direcionar,Part,,,,Sing,Fem,Pass,
Interligado,interligar,Part,,,,Sing,Masc,,
reaproveitada,reaproveitar,Part,,,,Sing,Fem,Pass,
reportado,reportar,Part,,,,Sing,Masc,Pass,
manterá,manter,Fin,Ind,Fut,3,Sing,,,
seguir,seguir,Inf,,,3,Sing,,,
demandam,demandar,Fin,Ind,Pres,3,Plur,,,
almejada,almejar,Part,,,,Sing,Fem,,
dimensionados,dimensionar,Part,,,,Plur,Masc,,
delinear,delinear,Inf,,,,,,,
utilizar,utilizar,Inf,,,3,Sing,,,
houvesse,haver,Fin,Sub,Imp,3,Sing,,,
instalado,instalar,Part,,,,Sing,Masc,Pass,
impeça,impeçar,Fin,Sub,Pres,3,Sing,,,
enterrados,enterrar,Part,,,,Plur,Masc,,
otimizar,otimizar,Inf,,,,,,,
distribui,distribuir,Fin,Ind,Pres,3,Sing,,,
mencionados,mencionar,Part,,,,Plur,Masc,,
necessárias,necessário,Part,,,,Plur,Fem,Pass,
localizada,localizar,Part,,,,Sing,Fem,Pass,
dota,dotar,Fin,Ind,Pres,3,Sing,,,
transportada,transportar,Part,,,,Sing,Fem,,
arredondados,arredondar,Part,,,,Plur,Masc,Pass,
povoadas,povoar,Part,,,,Plur,Fem,,
submersos,submer,Part,,,,Plur,Masc,,
reportados,reportar,Part,,,,Plur,Masc,,
somados,somar,Part,,,,Plur,Masc,,
pontilhadas,pontilhar,Part,,,,Plur,Fem,,
somados,somar,Part,,,,Plur,Masc,Pass,
equivaler,equivaler,Inf,,,3,Sing,,,
reter,reter,Inf,,,,,,,
retorne,retornar,Fin,Sub,Pres,3,Sing,,,
resultaria,resultar,Fin,Cnd,,3,Sing,,,
coletada,coletar,Part,,,,Sing,Fem,,
interligam,interligar,Fin,Ind,Pres,3,Plur,,,
escoada,escoar,Part,,,,Sing,Fem,Pass,
produ,produ,Fin,Ind,Pres,3,Sing,,,
ão,ser,Fin,Ind,Pres,3,Sing,,,
direcionam,direcionar,Fin,Ind,Pres,3,Plur,,,
constatadas,constatar,Part,,,,Plur,Fem,Pass,
não-confinados,não-confinar,Part,,,,Plur,Masc,,
inconsolidados,inconsolidar,Part,,,,Plur,Masc,,
coletada,coletar,Part,,,,Sing,Fem,Pass,
coleta,coleta,Fin,Ind,Pres,3,Sing,,,
subsaturados,subsaturar,Part,,,,Plur,Masc,,
compartilhado,compartilhar,Part,,,,Sing,Masc,,
atualizados,atualizar,Part,,,,Plur,Masc,,
Injetada,injetar,Part,,,,Sing,Fem,Pass,
fornecidos,fornecer,Part,,,,Plur,Masc,,
Dada,dar,Part,,,,Sing,Fem,,
injete,injetir,Fin,Sub,Pres,3,Sing,,,
reinjetado,reinjetar,Part,,,,Sing,Masc,Pass,
reciclado,reciclar,Part,,,,Sing,Masc,Pass,
saturar,saturar,Inf,,,,,,,
surtem,surtir,Fin,Ind,Pres,3,Plur,,,
recuperada,recuperar,Part,,,,Sing,Fem,Pass,
estimado,estimar,Part,,,,Sing,Masc,,
completados,completar,Part,,,,Plur,Masc,,
retornará,retornar,Fin,Ind,Fut,3,Sing,,,
injetam,injetar,Fin,Ind,Pres,3,Plur,,,
necessitem,necessitir,Fin,Sub,Pres,3,Plur,,,
reportados,reportar,Part,,,,Plur,Masc,Pass,
tiverem,ter,Fin,Sub,Fut,3,Plur,,,
enviarão,enviar,Fin,Ind,Fut,3,Plur,,,
elevados,elevar,Part,,,,Plur,Masc,Pass,
estimados,estimar,Part,,,,Plur,Masc,Pass,
adquirir,adquirir,Inf,,,,Sing,,,
implantados,implantar,Part,,,,Plur,Masc,,
implantado,implantar,Part,,,,Sing,Masc,Pass,
implicar,implicar,Inf,,,,,,,
ocorreriam,ocorrer,Fin,Cnd,,3,Plur,,,
cumpram,cumprir,Fin,Sub,Pres,3,Plur,,,
autorizadas,autorizar,Part,,,,Plur,Fem,Pass,
estimula,estimular,Fin,Ind,Pres,3,Sing,,,
deduzida,deduzir,Part,,,,Sing,Fem,Pass,
perdida,perder,Part,,,,Sing,Fem,Pass,
subtraindo,subtrair,Ger,,,,,,,
recebida,receber,Part,,,,Sing,Fem,,
efetuado,efetuar,Part,,,,Sing,Masc,Pass,
Designada,designar,Part,,,,Sing,Fem,,
credenciada,credenciar,Part,,,,Sing,Fem,Pass,
designada,designar,Part,,,,Sing,Fem,Pass,
validado,validar,Part,,,,Sing,Masc,Pass,
aprovará,aprovar,Fin,Ind,Fut,3,Sing,,,
ratificou,ratificar,Fin,Ind,Past,3,Sing,,,
validado,validar,Part,,,,Sing,Masc,,
emitidas,emitir,Part,,,,Plur,Fem,Pass,
monitoradas,monitorar,Part,,,,Plur,Fem,,
verificará,verificar,Fin,Ind,Fut,3,Sing,,,
Atendidos,atender,Part,,,,Plur,Masc,,
creditadas,creditar,Part,,,,Plur,Fem,Pass,
empregada,empregar,Part,,,,Sing,Fem,Pass,
refinado,refinar,Part,,,,Sing,Masc,Pass,
consumido,consumir,Part,,,,Sing,Masc,,
mitigadas,mitigar,Part,,,,Plur,Fem,,
corresponderá,corresponder,Fin,Ind,Fut,3,Sing,,,
ocorrerão,ocorrer,Fin,Ind,Fut,3,Plur,,,
Capturadas,capturar,Part,,,,Plur,Fem,,
exercido,exercer,Part,,,,Sing,Masc,Pass,
contabilizados,contabilizar,Part,,,,Plur,Masc,Pass,
capturar,capturar,Inf,,,3,Sing,,,
comprimir,comprimir,Inf,,,3,Sing,,,
consumida,consumir,Part,,,,Sing,Fem,,
oriundas,oriundar,Part,,,,Plur,Fem,Pass,
gasta,gastar,Part,,,,Sing,Fem,,
Segue,seguir,Fin,Ind,Pres,3,Sing,,,
exercidas,exercer,Part,,,,Plur,Fem,,
ligadas,ligar,Part,,,,Plur,Fem,Pass,
compensados,compensar,Part,,,,Plur,Masc,Pass,
alterou,alterar,Fin,Ind,Past,3,Sing,,,
decaia,decaiar,Fin,Sub,Pres,3,Sing,,,
minimizados,minimizar,Part,,,,Plur,Masc,Pass,
elevem,elever,Fin,Sub,Pres,3,Plur,,,
validada,validar,Part,,,,Sing,Fem,,
escolhida,escolher,Part,,,,Sing,Fem,,
localizam,localizar,Fin,Ind,Pres,3,Plur,,,
prospectar,prospectar,Inf,,,,,,,
instaladas,instalar,Part,,,,Plur,Fem,,
viabilizaram,viabilizar,Fin,Ind,Past,3,Plur,,,
operando,operar,Ger,,,,,,,
voltada,voltar,Part,,,,Sing,Fem,Pass,
apontaram,apontar,Fin,Ind,Past,3,Plur,,,
perfurados,perfurar,Part,,,,Plur,Masc,Pass,
processando,processar,Ger,,,,,,,
divida,diver,Part,,,,Sing,Fem,Pass,
possibilitam,possibilitar,Fin,Ind,Pres,3,Plur,,,
monitoram,monitor,Fin,Ind,Pres,3,Plur,,,
demandará,demandar,Fin,Ind,Fut,3,Sing,,,
destinado,destinar,Part,,,,Sing,Masc,Pass,
comparar,comparar,Fin,Sub,Fut,3,Sing,,,
alcançassem,alcançar,Fin,Sub,Imp,3,Plur,,,
comprovada,comprovar,Part,,,,Sing,Fem,Pass,
condensado,condensado,Part,,,,Sing,Masc,,
renegociado,renegociar,Part,,,,Sing,Masc,Pass,
atravessados,atravessar,Part,,,,Plur,Masc,Pass,
contaminadas,contaminar,Part,,,,Plur,Fem,,
retomada,retomada,Part,,,,Sing,Fem,Pass,
liquida,liquir,Part,,,,Sing,Fem,,
enfrentados,enfrentar,Part,,,,Plur,Masc,Pass,
prevista,prever,Part,,,,Sing,Fem,Pass,
desconhecidos,desconhecer,Part,,,,Plur,Masc,Pass,
auditou,auditar,Fin,Ind,Past,3,Sing,,,
estimar,estimar,Inf,,,3,Sing,,,
explorado,explorar,Part,,,,Sing,Masc,Pass,
englobem,englobar,Fin,Sub,Pres,3,Plur,,,
resumidos,resumir,Part,,,,Plur,Masc,Pass,
destinada,destinar,Part,,,,Sing,Fem,,
contratadas,contratar,Part,,,,Plur,Fem,,
inferir,inferir,Inf,,,,,,,
efetuada,efetuar,Part,,,,Sing,Fem,Pass,
planejada,planejar,Part,,,,Sing,Fem,,
planejada,planejar,Part,,,,Sing,Fem,Pass,
limitariam,limitar,Fin,Ind,,3,Plur,,,
alcançasse,alcançar,Fin,Sub,Imp,3,Sing,,,
levaria,levar,Fin,Cnd,,3,Sing,,,
líquida,líquido,Part,,,,Sing,Fem,,
liberados,liberar,Part,,,,Plur,Masc,,
possibilitaria,possibilitar,Fin,Cnd,,3,Sing,,,
determinaram,determinar,Fin,Ind,Past,3,Plur,,,
não-associado,não-associar,Part,,,,Sing,Masc,,
citar,citar,Inf,,,,,,,
explotados,explotar,Part,,,,Plur,Masc,Pass,
adotadas,adotar,Part,,,,Plur,Fem,Pass,
exploradas,explorar,Part,,,,Plur,Fem,Pass,
atendam,atendar,Fin,Sub,Pres,3,Plur,,,
trazida,trazer,Part,,,,Sing,Fem,Pass,
acumulando,acumular,Ger,,,,,,,
impacta,impactar,Fin,Ind,Pres,3,Sing,,,
classificada,classificado,Part,,,,Sing,Fem,,
investissem,investir,Fin,Sub,Imp,3,Plur,,,
separar,separar,Inf,,,3,Sing,,,
sofrido,sofrer,Part,,,,Sing,Masc,Pass,
projetados,projetar,Part,,,,Plur,Masc,,
favorecem,favorecer,Fin,Ind,Pres,3,Plur,,,
contidas,conter,Part,,,,Plur,Fem,,
sulfurados,sulfurar,Part,,,,Plur,Masc,,
exportado,exportar,Part,,,,Sing,Masc,,
destacando,destacar,Ger,,,,,,,
fixas,fizar,Part,,,,Plur,Fem,Pass,
realocado,realocar,Part,,,,Sing,Masc,Pass,
desidratar,desidratar,Inf,,,,,,,
exportam,exportar,Fin,Ind,Pres,3,Plur,,,
desidratado,desidratar,Part,,,,Sing,Masc,,
enquadra,enquar,Fin,Ind,Pres,3,Sing,,,
projetada,projetar,Part,,,,Sing,Fem,Pass,
evita,evitar,Fin,Ind,Pres,3,Sing,,,
evitar,evitar,Inf,,,3,Sing,,,
lideram,liderar,Fin,Ind,Pres,3,Plur,,,
reinjetada,reinjetar,Part,,,,Sing,Fem,,
correspondesse,corresponder,Fin,Sub,Imp,3,Sing,,,
subsea,subsar,Fin,Ind,Pres,3,Sing,,,
encaminhados,encaminhar,Part,,,,Plur,Masc,Pass,
pesa,pesar,Fin,Ind,Pres,3,Sing,,,
separada,separar,Part,,,,Sing,Fem,,
submerso,submer,Part,,,,Sing,Masc,,
projetados,projetar,Part,,,,Plur,Masc,Pass,
lidar,lidar,Inf,,,,,,,
molhadas,molhar,Part,,,,Plur,Fem,,
conduzida,conduzir,Part,,,,Sing,Fem,,
liquido,liquir,Part,,,,Sing,Masc,,
passassem,passar,Fin,Sub,Imp,3,Plur,,,AUX
tolerar,tolerar,Inf,,,,,,,
suplementar,suplementar,Inf,,,,,,,
equipada,equipar,Part,,,,Sing,Fem,,
apropriado,apropriar,Part,,,,Sing,Masc,Pass,
requerido,requerer,Part,,,,Sing,Masc,Pass,
testados,testar,Part,,,,Plur,Masc,Pass,
envelhece,envelhecer,Fin,Ind,Pres,3,Sing,,,
optaram,optar,Fin,Ind,Past,3,Plur,,,
finalizado,finalizar,Part,,,,Sing,Masc,Pass,
contavam,contar,Fin,Ind,Imp,3,Plur,,,
possibilitada,possibilitar,Part,,,,Sing,Fem,Pass,
aumentar,aumentar,Inf,,,3,,,,
exauridos,exaurir,Part,,,,Plur,Masc,,
evitariam,evitar,Fin,Cnd,,3,Plur,,,
processada,processar,Part,,,,Sing,Fem,,
intensificado,intensificar,Part,,,,Sing,Masc,Pass,
simplificada,simplificar,Part,,,,Sing,Fem,,
mostradas,mostrar,Part,,,,Plur,Fem,,
formados,formar,Part,,,,Plur,Masc,,
aprisionadas,aprisionar,Part,,,,Plur,Fem,,
favorecida,favorecer,Part,,,,Sing,Fem,Pass,
aprisionadas,aprisionar,Part,,,,Plur,Fem,Pass,
reticuladas,reticular,Part,,,,Plur,Fem,,
condensada,condensar,Part,,,,Sing,Fem,,
exercida,exercer,Part,,,,Sing,Fem,,
arrastado,arrastar,Part,,,,Sing,Masc,,
divididos,dividir,Part,,,,Plur,Masc,,
deslocada,deslocar,Part,,,,Sing,Fem,Pass,
inibem,inibir,Fin,Ind,Pres,3,Plur,,,
Funcionam,funcionar,Fin,Ind,Pres,3,Plur,,,
Necessitam,necessitar,Fin,Ind,Pres,3,Plur,,,
Requerem,requerer,Fin,Ind,Pres,3,Plur,,,
perturbam,perturbar,Fin,Ind,Pres,3,Plur,,,
interagem,interagar,Fin,Ind,Pres,3,Plur,,,
aglomerem,aglomerir,Fin,Sub,Pres,3,Plur,,,
bloqueiem,bloqueiar,Fin,Sub,Pres,3,Plur,,,
aglomerada,aglomerar,Part,,,,Sing,Fem,,
auxiliando,auxiliar,Ger,,,,,,,
diamina,diaminar,Fin,Ind,Pres,3,Sing,,,
sofra,sofrer,Fin,Sub,Pres,3,Sing,,,
ferve,fervir,Fin,Ind,Pres,3,Sing,,,
extraída,extrair,Part,,,,Sing,Fem,,
alimentadas,alimentar,Part,,,,Plur,Fem,Pass,
beneficia,beneficiar,Fin,Ind,Pres,3,Sing,,,
borbulhado,borbulhar,Part,,,,Sing,Masc,,
regenerada,regenerar,Part,,,,Sing,Fem,,
alimentada,alimentar,Part,,,,Sing,Fem,,
degradadas,degradar,Part,,,,Plur,Fem,Pass,
permeiam,permeir,Fin,Ind,Pres,3,Plur,,,
permeia,permear,Fin,Ind,Pres,3,Sing,,,
permeado,permear,Part,,,,Sing,Masc,,
retida,reterar,Part,,,,Sing,Fem,,
retentado,retentar,Part,,,,Sing,Masc,,
espiralada,espiralar,Part,,,,Sing,Fem,,
requerido,requerer,Part,,,,Sing,Masc,,
usar,usar,Fin,Sub,Fut,3,Sing,,,
recomendado,recomendar,Part,,,,Sing,Masc,Pass,
suplementam,suplementar,Fin,Ind,Pres,3,Plur,,,
classificada,classificado,Part,,,,Sing,Fem,Pass,
impulsionar,impulsionar,Inf,,,,,,,
explorar,explorar,Inf,,,3,Sing,,,
ocorrer,ocorrer,Inf,,,3,Sing,,,
alternado,alternar,Part,,,,Sing,Masc,,
comprovado,comprovar,Part,,,,Sing,Masc,,
reinjetados,reinjetar,Part,,,,Plur,Masc,Pass,
impulsionou,impulsionar,Fin,Ind,Past,3,Sing,,,
reportada,reportar,Part,,,,Sing,Fem,Pass,
simulada,simular,Part,,,,Sing,Fem,,
desconsideradas,desconsiderar,Part,,,,Plur,Fem,,
normalizadas,normalizar,Part,,,,Plur,Fem,,
possibilitada,possibilitar,Part,,,,Sing,Fem,,
inserida,inserir,Part,,,,Sing,Fem,Pass,
fixada,fixar,Part,,,,Sing,Fem,Pass,
simulada,simular,Part,,,,Sing,Fem,Pass,
re-encaminhado,re-encaminhar,Part,,,,Sing,Masc,,
destinada,destinar,Part,,,,Sing,Fem,Pass,
removida,remover,Part,,,,Sing,Fem,Pass,
bombeada,bombear,Part,,,,Sing,Fem,Pass,
separar,separar,Inf,,,3,,,,
vaporizar,vaporizar,Inf,,,,,,,
reaquecida,reaquecer,Part,,,,Sing,Fem,Pass,
comprimida,comprimir,Part,,,,Sing,Fem,Pass,
unir,unir,Inf,,,3,Sing,,,
ajustar,ajustar,Inf,,,,,,,
atinja,atingir,Fin,Sub,Pres,3,Sing,,,
mostrados,mostrar,Part,,,,Plur,Masc,,
percorrem,percorrer,Fin,Ind,Pres,3,Plur,,,
percorre,percorrer,Fin,Ind,Pres,3,Sing,,,
pré-aquecida,pré-aquecer,Part,,,,Sing,Fem,,
atender,atender,Inf,,,3,Sing,,,
direcionadas,direcionar,Part,,,,Plur,Fem,Pass,
Acorrente,acorrentar,Fin,Sub,Pres,3,Sing,,,
vaporizada,vaporizar,Part,,,,Sing,Fem,,
despressurizada,despressurizar,Part,,,,Sing,Fem,Pass,
coma,coma,Fin,Sub,Pres,3,Sing,,,
despressurizada,despressurizar,Part,,,,Sing,Fem,,
encaminhadas,encaminhar,Part,,,,Plur,Fem,Pass,
seguirem,seguir,Inf,,,3,Plur,,,
especificada,especificar,Part,,,,Sing,Fem,Pass,
requeridos,requerer,Part,,,,Plur,Masc,Pass,
pressurizar,pressurizar,Inf,,,,,,,
pressurizado,pressurizar,Part,,,,Sing,Masc,Pass,
transporta,transportar,Fin,Ind,Pres,3,Sing,,,
importado,importar,Part,,,,Sing,Masc,Pass,
aumentados,aumentar,Part,,,,Plur,Masc,Pass,
dimensionado,dimensionar,Part,,,,Sing,Masc,Pass,
destinadas,destinar,Part,,,,Plur,Fem,Pass,
atingidos,atingir,Part,,,,Plur,Masc,Pass,
exigida,exigir,Part,,,,Sing,Fem,Pass,
verificado,verificar,Part,,,,Sing,Masc,Pass,
absorvida,absorver,Part,,,,Sing,Fem,,
detectada,detectar,Part,,,,Sing,Fem,,
expande,expander,Fin,Ind,Pres,3,Sing,,,
fortalece,fortalecer,Fin,Ind,Pres,3,Sing,,,
alcançado,alcançar,Part,,,,Sing,Masc,,
resultarão,resultar,Fin,Ind,Fut,3,Plur,,,
englobam,englobar,Fin,Ind,Pres,3,Plur,,,
preparada,preparar,Part,,,,Sing,Fem,Pass,
classificadas,classificar,Part,,,,Plur,Fem,,
acarretam,acarretar,Fin,Ind,Pres,3,Plur,,,
Desenvolver,desenvolver,Inf,,,,,,,
formadas,formar,Part,,,,Plur,Fem,,
dispersa,dispersar,Fin,Ind,Pres,3,Sing,,,
aglutinar,aglutinar,Inf,,,,,,,
conferida,conferir,Part,,,,Sing,Fem,,
dispersa,dispersar,Part,,,,Sing,Fem,,
mencionadas,mencionar,Part,,,,Plur,Fem,,
exibirem,exibir,Inf,,,3,Plur,,,
coalesce,coalescer,Fin,Ind,Pres,3,Sing,,,
propicia,propiciar,Fin,Ind,Pres,3,Sing,,,
impulsionando,impulsionar,Ger,,,,,,,
retardada,retardar,Part,,,,Sing,Fem,Pass,
enfrente,enfrentar,Fin,Sub,Pres,3,Sing,,,
retardando,retardar,Ger,,,,,,,
alcançada,alcançar,Part,,,,Sing,Fem,Pass,
variados,variado,Part,,,,Plur,Masc,,
ilustrados,ilustrar,Part,,,,Plur,Masc,,
revertidos,reverter,Part,,,,Plur,Masc,Pass,
unem,unir,Fin,Ind,Pres,3,Plur,,,
compatibilizados,compatibilizar,Part,,,,Plur,Masc,Pass,
etoxilados,etoxilar,Part,,,,Plur,Masc,,
SELECIONANDO,selecionando,Fin,,,,,,,
favoreça,favoreçar,Fin,Sub,Pres,3,Sing,,,
norteiam,nortear,Fin,Ind,Pres,3,Plur,,,
introduziu,introduzir,Fin,Ind,Past,3,Sing,,,
verificada,verificar,Part,,,,Sing,Fem,Pass,
emulsionada,emulsionar,Part,,,,Sing,Fem,,
designados,designar,Part,,,,Plur,Masc,,
acoplado,acoplar,Part,,,,Sing,Masc,,
emulsifica,emulsificar,Fin,Ind,Pres,3,Sing,,,
avaliadas,avaliar,Part,,,,Plur,Fem,,
inalterada,inalterar,Part,,,,Sing,Fem,,
previne,previnar,Fin,Ind,Pres,3,Sing,,,
proporcionaram,proporcionar,Fin,Ind,Past,3,Plur,,,
adsorvidas,adsorver,Part,,,,Plur,Fem,,
mostrados,mostrar,Part,,,,Plur,Masc,Pass,
formuladas,formular,Part,,,,Plur,Fem,,
provada,provar,Part,,,,Sing,Fem,,
produzíveis,produzir,Part,,,,Plur,Masc,Pass,
ocasionem,ocasionar,Fin,Sub,Pres,3,Plur,,,
remova,removar,Fin,Sub,Pres,3,Sing,,,
permanecem,permanecer,Fin,Ind,Pres,3,Plur,,,
paradas,parar,Part,,,,Plur,Fem,,
ramificadas,ramificar,Part,,,,Plur,Fem,,
líquidos,líquido,Part,,,,Plur,Masc,Pass,
pastosos,pastar,Part,,,,Plur,Masc,,
preferidas,preferir,Part,,,,Plur,Fem,,
exemplificadas,exemplificar,Part,,,,Plur,Fem,,
contem,contar,Fin,Ind,Pres,3,Plur,,,
resultará,resultar,Fin,Ind,Fut,3,Sing,,,
degradado,degradar,Part,,,,Sing,Masc,Pass,
refinados,refinado,Part,,,,Plur,Masc,,
influenciada,influenciar,Part,,,,Sing,Fem,Pass,
migrado,migrar,Part,,,,,,,
carregam,carregar,Fin,Ind,Pres,3,Plur,,,
dificultado,dificultar,Part,,,,Sing,Masc,Pass,
exemplificado,exemplificar,Part,,,,Sing,Masc,,
testou,testar,Fin,Ind,Past,3,Sing,,,
provou,provar,Fin,Ind,Past,3,Sing,,,
Repartida,repartir,Part,,,,Sing,Fem,,
expôs,expor,Fin,Ind,Past,3,Sing,,,
incorpora,incorporar,Fin,Ind,Pres,3,Sing,,,
obstruído,obstruir,Part,,,,Sing,Masc,,
repartida,repartir,Part,,,,Sing,Fem,,
afetada,afetar,Part,,,,Sing,Fem,Pass,
adotados,adotar,Part,,,,Plur,Masc,,
correlacionam,correlacionar,Fin,Ind,Pres,3,Plur,,,
galvanizado,galvanizar,Part,,,,Sing,Masc,,
deionizada,deionizar,Part,,,,Sing,Fem,,
induz,induzir,Fin,Ind,Pres,3,Sing,,,
investigaram,investigar,Fin,Ind,Past,3,Plur,,,
pesados,pesado,Part,,,,Plur,Masc,Pass,
selecionado,selecionar,Part,,,,Sing,Masc,,
estabilizado,estabilizar,Part,,,,Sing,Masc,Pass,
agindo,agir,Ger,,,,,,,
escoa,escoar,Fin,Ind,Pres,3,Sing,,,
contrabalancear,contrabalancear,Inf,,,,,,,
desestabilizar,desestabilizar,Inf,,,,,,,
estabilizadas,estabilizar,Part,,,,Plur,Fem,Pass,
suprimir,suprimir,Inf,,,,,,,
dissolvidos,dissolver,Part,,,,Plur,Masc,Pass,
particionados,particionar,Part,,,,Plur,Masc,,
transportados,transportar,Part,,,,Plur,Masc,Pass,
invertem,inverter,Fin,Ind,Pres,3,Plur,,,
escoados,escoar,Part,,,,Plur,Masc,Pass,
monitorado,monitorar,Part,,,,Sing,Masc,Pass,
distam,dizer,Fin,Ind,Pres,3,Plur,,,
introduz,introduzir,Fin,Ind,Pres,3,Sing,,,
projetou,projetar,Fin,Ind,Past,3,Sing,,,
desacelerado,desacelerar,Part,,,,Sing,Masc,Pass,
impulsiona,impulsionar,Fin,Ind,Pres,3,Sing,,,
garantida,garantir,Part,,,,Sing,Fem,Pass,
insere,inserir,Fin,Ind,Pres,3,Sing,,,
encaixada,encaixar,Part,,,,Sing,Fem,,
distorce,distorcar,Fin,Ind,Pres,3,Sing,,,
abertas,aberto,Part,,,,Plur,Fem,Pass,
escoando,escoar,Ger,,,,,,,
acionada,acionar,Part,,,,Sing,Fem,Pass,
indique,indicar,Fin,Sub,Pres,3,Sing,,,
limpa,limpar,Fin,Ind,Pres,3,Sing,,,
pressurizando,pressurizar,Ger,,,,,,,
ajustada,ajustar,Part,,,,Sing,Fem,Pass,
desligadas,desligar,Part,,,,Plur,Fem,,
despressurizar,despressurizar,Inf,,,,,,,
reservados,reservar,Part,,,,Plur,Masc,Pass,
desligadas,desligar,Part,,,,Plur,Fem,Pass,
completado,completar,Part,,,,Sing,Masc,Pass,
deixada,deixar,Part,,,,Sing,Fem,Pass,
indicava,indicar,Fin,Ind,Imp,3,Sing,,,
tornava,tornar,Fin,Ind,Imp,3,Sing,,,
destilada,destilar,Part,,,,Sing,Fem,Pass,
originada,originar,Part,,,,Sing,Fem,Pass,
medido,medir,Part,,,,Sing,Masc,Pass,
favorecendo,favorecer,Ger,,,,,,,
segregadas,segregar,Part,,,,Plur,Fem,Pass,
turvar,turvar,Inf,,,,,,,
neutralizada,neutralizar,Part,,,,Sing,Fem,Pass,
agitado,agitar,Part,,,,Sing,Masc,Pass,
consistir,consistir,Inf,,,,,,,
imaginava,imaginar,Fin,Ind,Imp,3,Sing,,,
aditivada,aditivar,Part,,,,Sing,Fem,,
estudando,estudar,Ger,,,,,,,
observara,observar,Fin,Ind,Imp,3,Sing,,,
arrancar,arrancar,Inf,,,,,,,
substituindo,substituir,Ger,,,,,,,
desobstruído,desobstruir,Part,,,,Sing,Masc,,
gasto,gastar,Part,,,,Sing,Masc,,
consideramos,considerar,Fin,Ind,Pres,1,Plur,,,
descreva,descrever,Fin,Sub,Pres,3,Sing,,,
Avaliar,avaliar,Inf,,,,,,,
requererem,requerer,Inf,,,3,Plur,,,
Podendo,poder,Ger,,,,,,,
encarregado,encarregado,Part,,,,Sing,Masc,,
coordenados,coordenar,Part,,,,Plur,Masc,Pass,
abastecidos,abastecer,Part,,,,Plur,Masc,,
utilizem,utilizir,Fin,Sub,Pres,3,Plur,,,
fortalecendo,fortalecer,Ger,,,,,,,
cofere,coferir,Fin,Ind,Pres,3,Sing,,,
pesquisar,pesquisar,Inf,,,,,,,
exploradas,explorar,Part,,,,Plur,Fem,,
amplificada,amplificar,Part,,,,Sing,Fem,,
particulados,particular,Part,,,,Plur,Masc,,
Constataram,constatar,Fin,Ind,Past,3,Plur,,,
recomendado,recomendar,Part,,,,Sing,Masc,,
auxiliará,auxiliar,Fin,Ind,Fut,3,Sing,,,
alimentadas,alimentar,Part,,,,Plur,Fem,,
mostrada,mostrar,Part,,,,Sing,Fem,,
explorada,explorar,Part,,,,Sing,Fem,,
cultivadas,cultivar,Part,,,,Plur,Fem,,
vislumbradas,vislumbrar,Part,,,,Plur,Fem,,
Utilizado,utilizar,Part,,,,Sing,Masc,,
Utilizada,utilizar,Part,,,,Sing,Fem,Pass,
anotada,anotar,Part,,,,Sing,Fem,Pass,
completem,completar,Fin,Sub,Pres,3,Plur,,,
queimados,queimar,Part,,,,Plur,Masc,,
processadas,processar,Part,,,,Plur,Fem,Pass,
qualificado,qualificar,Part,,,,Sing,Masc,Pass,
mencionado,mencionar,Part,,,,,Masc,,
atestando,atestar,Ger,,,,,,,
atenderam,atender,Fin,Ind,Past,3,Plur,,,
duraram,durar,Fin,Ind,Past,3,Plur,,,
repetidos,repetir,Part,,,,Plur,Masc,Pass,
pré-estabelecidos,pré-estabelecer,Part,,,,Plur,Masc,,
chegassemos,chegar,Fin,Sub,Imp,1,Plur,,,
funcionando,funcionar,Ger,,,,,,,
Encontrados,encontrar,Part,,,,Plur,Masc,,
esperado,esperar,Part,,,,Sing,Masc,Pass,
tenda,ter,Fin,Sub,Pres,3,Sing,,,AUX
localizaram,localizar,Fin,Ind,Past,3,Plur,,,
cresça,cresçer,Fin,Sub,Pres,3,Sing,,,
aumentasse,aumentar,Fin,Sub,Imp,3,Sing,,,
implicaram,implicar,Fin,Ind,Past,3,Plur,,,
Comparados,comparar,Part,,,,Plur,Masc,,
demonstraram,demonstrar,Fin,Ind,Past,3,Plur,,,
emite,emitir,Fin,Ind,Pres,3,Sing,,,
experimentado,experimentar,Part,,,,Sing,Masc,,
apresentarem,apresentar,Fin,Sub,Fut,3,Plur,,,
explicados,explicar,Part,,,,Plur,Masc,Pass,
aspirado,aspirar,Part,,,,Sing,Masc,Pass,
alterado,alterar,Part,,,,Sing,Masc,Pass,
obervada,obervar,Part,,,,Sing,Fem,Pass,
representaram,representar,Fin,Ind,Past,3,Plur,,,
acessado,acessar,Part,,,,Sing,Masc,,
priorizados,priorizar,Part,,,,Plur,Masc,Pass,
apontados,apontar,Part,,,,Plur,Masc,,
sinalizam,sinalizar,Fin,Ind,Pres,3,Plur,,,
reduziria,reduzir,Fin,Cnd,,3,Sing,,,
implementou,implementar,Fin,Ind,Past,3,Sing,,,
advindo,advir,Part,,,,Sing,Masc,,
responde,responder,Fin,Ind,Pres,3,Sing,,,
removida,remover,Part,,,,Sing,Fem,,
trazido,trazer,Part,,,,,,,
objetivando,objetivar,Ger,,,,,,,
dificultado,dificultar,Part,,,,,,,
contemplados,contemplar,Part,,,,Plur,Masc,,
implementada,implementar,Part,,,,Sing,Fem,Pass,
abastecendo,abastecer,Ger,,,,,,,
sintetizado,sintetizar,Part,,,,Sing,Masc,,
Produzir,produzir,Inf,,,,,,,
Testar,testar,Inf,,,,,,,
investigados,investigar,Part,,,,Plur,Masc,Pass,
ampliaram,ampliar,Fin,Ind,Past,3,Plur,,,
intensificando,intensificar,Ger,,,,,,,
fragmentada,fragmentar,Part,,,,Sing,Fem,Pass,
atenda,atendar,Fin,Sub,Pres,3,Sing,,,
empregadas,empregar,Part,,,,Plur,Fem,,
ligam,ligar,Fin,Ind,Pres,3,Plur,,,
insaturados,insaturar,Part,,,,Plur,Masc,,
sujeitas,sujeitar,Part,,,,Plur,Fem,Pass,
descartado,descartar,Part,,,,Sing,Masc,Pass,
doado,doar,Part,,,,Sing,Masc,Pass,
vendido,vender,Part,,,,Sing,Masc,,
submetidas,submeter,Part,,,,Plur,Fem,Pass,
fritos,frizar,Part,,,,Plur,Masc,,
frito,frizar,Part,,,,Sing,Masc,Pass,
liberadas,liberar,Part,,,,Plur,Fem,,
combinam,combinar,Fin,Ind,Pres,3,Plur,,,
tratar,tratar,Inf,,,3,Sing,,,
reaproveitados,reaproveitar,Part,,,,Plur,Masc,Pass,
reaproveitados,reaproveitar,Part,,,,Plur,Masc,,
crescendo,crescer,Ger,,,,,,,
corroer,corroer,Inf,,,,,,,
competirão,competir,Fin,Ind,Fut,3,Plur,,,
reagirão,reagir,Fin,Ind,Fut,3,Plur,,,
causará,causar,Fin,Ind,Fut,3,Sing,,,
dificultarão,dificultar,Fin,Ind,Pres,3,Plur,,,
suportada,suportar,Part,,,,Sing,Fem,,
reciclados,reciclar,Part,,,,Plur,Masc,Pass,
reutilizados,reutilizar,Part,,,,Plur,Masc,,
nomeados,nomear,Part,,,,Plur,Masc,,
ativando,ativar,Ger,,,,,,,
ativadas,ativar,Part,,,,Plur,Fem,,
constituídos,constituir,Part,,,,Plur,Masc,,
suportados,suportar,Part,,,,Plur,Masc,,
ancorados,ancorar,Part,,,,Plur,Masc,,
imobilizados,imobilizar,Part,,,,Plur,Masc,,
lixiviam,lixivir,Fin,Ind,Pres,3,Plur,,,
valendo,valer,Ger,,,,,,,
remunerar,remunerar,Inf,,,,,,,
igualada,igualar,Part,,,,Sing,Fem,,
indefinido,indefinir,Part,,,,Sing,Masc,,
compensem,compensar,Fin,Sub,Pres,3,Plur,,,
Consiste,consistir,Fin,Ind,Pres,3,Sing,,,
despendidos,despender,Part,,,,Plur,Masc,,
enfrentados,enfrentar,Part,,,,Plur,Masc,,
coletado,coletar,Part,,,,Sing,Masc,,
aumente,aumentar,Fin,Sub,Pres,3,Sing,,,
dopado,dopar,Part,,,,Sing,Masc,Pass,
dissolveu,dissolver,Fin,Ind,Past,3,Sing,,,
calcinado,calcinar,Part,,,,Sing,Masc,,
programada,programar,Part,,,,Sing,Fem,,
calcinar,calcinar,Inf,,,,,,,
desgaseificadas,desgaseificar,Part,,,,Plur,Fem,,
espelhados,espelhar,Part,,,,Plur,Masc,,
Programada,programar,Part,,,,Sing,Fem,,
aquecidas,aquecer,Part,,,,Plur,Fem,Pass,
coletados,coletar,Part,,,,Plur,Masc,,
metilados,metilar,Part,,,,Plur,Masc,,
subtraído,subtrair,Part,,,,Sing,Masc,,
forme,furmar,Fin,Sub,Pres,3,Sing,,,
tritubulado,tritubular,Part,,,,Sing,Masc,,
pulverizado,pulverizar,Part,,,,Sing,Masc,,
purificadas,purificar,Part,,,,Plur,Fem,Pass,
purificado,purificar,Part,,,,Sing,Masc,Pass,
centrados,centrar,Part,,,,Plur,Masc,,
reagidos,reager,Part,,,,Plur,Masc,,
certificarmos,certificar,Inf,,,1,Plur,,,
solubilizadas,solubilizar,Part,,,,Plur,Fem,Pass,
repetidos,repetir,Part,,,,Plur,Masc,,
complicando,complicar,Ger,,,,,,,
lixiviadas,lixiviar,Part,,,,Plur,Fem,,
lixiviados,lixiviar,Part,,,,Plur,Masc,,
descartados,descartar,Part,,,,Plur,Masc,,
coletadas,coletar,Part,,,,Plur,Fem,Pass,
movidos,mover,Part,,,,Plur,Masc,,
fazerr,fazerr,Inf,,,,,,,
vinculada,vincular,Part,,,,Sing,Fem,,
independem,independer,Fin,Ind,Pres,3,Plur,,,
simuladas,simular,Part,,,,Plur,Fem,Pass,
transesterificado,transesterificar,Part,,,,Sing,Masc,,
purificados,purificar,Part,,,,Plur,Masc,,
dopar,dopar,Inf,,,,,,,
modificou,modificar,Fin,Ind,Past,3,Sing,,,
sobrepostos,sobrepor,Part,,,,Plur,Masc,Pass,
Ocorre,ocorrer,Fin,Ind,Pres,3,Sing,,,
supordados,supordar,Part,,,,Plur,Masc,Pass,
ocupado,ocupar,Part,,,,,,,
diminuído,diminuir,Part,,,,Sing,Masc,,
particulado,particular,Part,,,,Sing,Masc,,
aglomerando,aglomerar,Ger,,,,,,,
calcinada,calcinar,Part,,,,Sing,Fem,,
explicado,explicar,Part,,,,Sing,Masc,Pass,
sugera,sugerar,Fin,Ind,Pres,3,Sing,,,
recolhido,recolhido,Part,,,,Sing,Masc,,
mudam,mudar,Fin,Ind,Pres,3,Plur,,,
temperados,temperar,Part,,,,Plur,Masc,Pass,
influenciando,influenciar,Ger,,,,,,,
investigados,investigar,Part,,,,Plur,Masc,,
antecedem,anteceder,Fin,Ind,Pres,3,Plur,,,
promoveu,promover,Fin,Ind,Past,3,Sing,,,
conduzidas,conduzir,Part,,,,Plur,Fem,Pass,
converão,converãor,Fin,Ind,Pres,3,Sing,,,
desaparecendo,desaparecer,Ger,,,,,,,
assurgir,assurgir,Inf,,,,,,,
desaparecerem,desaparecer,Inf,,,3,Plur,,,
observava,observar,Fin,Ind,Imp,3,Sing,,,
gerado,gerar,Part,,,,,,,
reagindo,reagir,Ger,,,,,,,
desaparecem,desaparecer,Fin,Ind,Pres,3,Plur,,,
confome,confumir,Fin,Ind,Pres,3,Sing,,,
insaturadas,insaturar,Part,,,,Plur,Fem,,
congelados,congelar,Part,,,,Plur,Masc,,
provindo,provir,Part,,,,Sing,Masc,,
hidratado,hidratar,Part,,,,Sing,Masc,Pass,
desejado,desejar,Part,,,,Sing,Masc,Pass,
avaliarmos,avaliar,Inf,,,1,Plur,,,
disponibiliza,disponibilizar,Fin,Ind,Pres,3,Sing,,,
construida,construir,Part,,,,Sing,Fem,Pass,
degomado,degomar,Part,,,,Sing,Masc,,
levantados,levantar,Part,,,,Plur,Masc,Pass,
informado,informar,Part,,,,,,,
ficar,ficar,Inf,,,3,Sing,,,
reutilizados,reutilizar,Part,,,,Plur,Masc,Pass,
representarão,representar,Fin,Ind,Fut,3,Plur,,,
gerarão,gerar,Fin,Ind,Fut,3,Plur,,,
reutilizado,reutilizar,Part,,,,Sing,Masc,Pass,
dependerão,depender,Fin,Ind,Fut,3,Plur,,,
obitidos,obitar,Part,,,,Plur,Masc,Pass,
efetuados,efetuar,Part,,,,Plur,Masc,,
simulando,simular,Ger,,,,,,,
dopadar,dopadar,Inf,,,,,,,
usar,usar,Inf,,,3,Sing,,,
estipulado,estipular,Part,,,,Sing,Masc,,
batelada,batelar,Part,,,,Sing,Fem,,
exigido,exigir,Part,,,,Sing,Masc,Pass,
suportou,suportar,Fin,Ind,Past,3,Sing,,,
torna-o,tornar,Fin,Ind,Pres,3,Sing,,,
mover,mover,Inf,,,,,,,
aprisionada,aprisionar,Part,,,,Sing,Fem,,
merecem,merecer,Fin,Ind,Pres,3,Plur,,,
necessite,necessitar,Fin,Sub,Pres,3,Sing,,,
responsabiliza,responsabilizar,Fin,Ind,Pres,3,Sing,,,
acondicionar,acondicionar,Inf,,,,,,,
evitarem,evitar,Inf,,,3,Plur,,,
usaremos,usar,Fin,Ind,Pres,1,Plur,,,
determinar,determinar,Inf,,,3,Sing,,,
denota,denotar,Fin,Ind,Pres,3,Sing,,,
agregados,agregado,Part,,,,Plur,Masc,Pass,
cercadas,cercar,Part,,,,Plur,Fem,Pass,
iniciam,iniciar,Fin,Ind,Pres,3,Plur,,,
detectada,detectar,Part,,,,Sing,Fem,Pass,
saturada,saturar,Part,,,,Sing,Fem,Pass,
armazenada,armazenar,Part,,,,Sing,Fem,,
migra,migrar,Fin,Ind,Pres,3,Sing,,,
fraturado,fraturar,Part,,,,Sing,Masc,,
inibe,inibir,Fin,Ind,Pres,3,Sing,,,
retêm,reter,Fin,Ind,Pres,3,Plur,,,
capturados,capturar,Part,,,,Plur,Masc,Pass,
migraram,migrar,Fin,Ind,Past,3,Plur,,,
absorveram,absorver,Fin,Ind,Past,3,Plur,,,
transmitida,transmitir,Part,,,,Sing,Fem,,
absorvidos,absorver,Part,,,,Plur,Masc,,
alternados,alternar,Part,,,,Plur,Masc,,
quantizada,quantizar,Part,,,,Sing,Fem,,
excitado,excitar,Part,,,,Sing,Masc,,
emitindo,emitir,Ger,,,,,,,
afete,afetar,Fin,Sub,Pres,3,Sing,,,
mascararam,mascarar,Fin,Ind,Past,3,Plur,,,
mascaram,mascar,Fin,Ind,Pres,3,Plur,,,
apropriada,apropriar,Part,,,,Sing,Fem,Pass,
contaminada,contaminar,Part,,,,Sing,Fem,,
aplicaram,aplicar,Fin,Ind,Past,3,Plur,,,
Concluindo,concluir,Ger,,,,,,,
abordando,abordar,Ger,,,,,,,
UTILIZADOS,utiliar,Part,,,,Plur,Masc,,
pesar,pesar,Inf,,,,,,,
Colocar,colocar,Inf,,,,,,,
mudasse,mudar,Fin,Sub,Imp,3,Sing,,,
pesava,pesar,Fin,Ind,Imp,3,Sing,,,
pré-definidas,pré-definir,Part,,,,Plur,Fem,,
linearizada,linearizar,Part,,,,Sing,Fem,,
microemulsionados,microemulsionar,Part,,,,Plur,Masc,,
solubilizaram,solubilizar,Fin,Ind,Past,3,Plur,,,
extrair,extrair,Inf,,,3,Sing,,,
inadequada,inadequar,Part,,,,Sing,Fem,,
permitido,permitir,Part,,,,Sing,Masc,,
Acreditamos,acreditar,Fin,Ind,Pres,1,Plur,,,
inspirada,inspirar,Part,,,,Sing,Fem,Pass,
sugeriram,sugerir,Fin,Ind,Past,3,Plur,,,
utilizavam,utilizar,Fin,Ind,Imp,3,Plur,,,
aproximando,aproximar,Ger,,,,,,,
levavam,levar,Fin,Ind,Imp,3,Plur,,,
levassem,levar,Fin,Sub,Imp,3,Plur,,,
aumentada,aumentar,Part,,,,Sing,Fem,,
sintetizados,sintetizar,Part,,,,Plur,Masc,,
aceito,aceitar,Part,,,,Sing,Masc,,
dosados,dosar,Part,,,,Plur,Masc,Pass,
impregnada,impregnar,Part,,,,Sing,Fem,,
trocado,trocado,Part,,,,Sing,Masc,Pass,
penetram,penetrar,Fin,Ind,Pres,3,Plur,,,
difunde,difundir,Fin,Ind,Pres,3,Sing,,,
penetrando,penetrar,Ger,,,,,,,
decompostos,decompor,Part,,,,Plur,Masc,,
carburados,carburar,Part,,,,Plur,Masc,,
originando,originar,Ger,,,,,,,
originadas,originar,Part,,,,Plur,Fem,Pass,
compensadas,compensar,Part,,,,Plur,Fem,Pass,
truncado,truncar,Part,,,,Sing,Masc,,
constatar,constatar,Inf,,,3,,,,
arrancados,arrancar,Part,,,,Plur,Masc,Pass,
acompanhada,acompanhar,Part,,,,Sing,Fem,Pass,
expresso,expressar,Part,,,,Sing,Masc,Pass,
deixada,deixar,Part,,,,Sing,Fem,,
filtrada,filtrar,Part,,,,Sing,Fem,Pass,
lavado,lavar,Part,,,,Sing,Masc,,
pré-tratadas,pré-tratar,Part,,,,Plur,Fem,Pass,
acarretar,acarretar,Inf,,,,,,,
pré-tratada,pré-tratar,Part,,,,Sing,Fem,,
misturada,misturar,Part,,,,Sing,Fem,,
retornada,retornar,Part,,,,Sing,Fem,,
melhorado,melhorar,Part,,,,Sing,Masc,Pass,
manipulados,manipular,Part,,,,Plur,Masc,Pass,
digeridas,digerir,Part,,,,Plur,Fem,Pass,
secas,seco,Part,,,,Plur,Fem,Pass,
pesadas,pesar,Part,,,,Plur,Fem,Pass,
digeridas,digerir,Part,,,,Plur,Fem,,
transferidos,transferir,Part,,,,Plur,Masc,,
adsorvido,adsorver,Part,,,,,,,
tratadas,tratar,Part,,,,Plur,Fem,Pass,
abatido,abater,Part,,,,Sing,Masc,Pass,
introduzidas,introduzir,Part,,,,Plur,Fem,Pass,
empregadas,empregar,Part,,,,Plur,Fem,Pass,
manipuladas,manipular,Part,,,,Plur,Fem,Pass,
absorvem,absorver,Fin,Ind,Pres,3,Plur,,,
unindo,unir,Ger,,,,,,,
confeccionada,confeccionar,Part,,,,Sing,Fem,,
repousada,repousar,Part,,,,Sing,Fem,,
auto-suportadas,auto-suportar,Part,,,,Plur,Fem,,
pré-tratadas,pré-tratar,Part,,,,Plur,Fem,,
desejados,desejar,Part,,,,Plur,Masc,,
reconectada,reconectar,Part,,,,Sing,Fem,Pass,
resfriada,resfriar,Part,,,,Sing,Fem,,
coletado,coletar,Part,,,,Sing,Masc,Pass,
carburado,carburar,Part,,,,Sing,Masc,,
aquecido,aquecer,Part,,,,Sing,Masc,Pass,
conectado,conectar,Part,,,,Sing,Masc,Pass,
alcançada,alcançar,Part,,,,Sing,Fem,,
diluídos,diluir,Part,,,,Plur,Masc,,
passasse,passar,Fin,Sub,Imp,3,Sing,,,
evacuado,evacuar,Part,,,,Sing,Masc,,
injetadas,injetar,Part,,,,Plur,Fem,,
configurado,configurar,Part,,,,Sing,Masc,,
arraste,arrastar,Fin,Sub,Pres,3,Sing,,,
corrigida,corrigir,Part,,,,Sing,Fem,,
ajustadas,ajustar,Part,,,,Plur,Fem,Pass,
alternadas,alternar,Part,,,,Plur,Fem,Pass,
adsorver,adsorver,Inf,,,,,,,
larga,largo,Fin,Ind,Pres,3,Sing,,,
pertencendo,pertencer,Ger,,,,,,,
sugerir,sugerir,Inf,,,,,,,
dessorvidas,dessorver,Part,,,,Plur,Fem,,
dessorvida,dessorver,Part,,,,Sing,Fem,Pass,
dessorvida,dessorver,Part,,,,Sing,Fem,,
Substituindo,substituir,Ger,,,,,,,
alumina,aluminar,Fin,Ind,Pres,3,Sing,,,
proibidas,proibir,Part,,,,Plur,Fem,Pass,
suportadas,suportar,Part,,,,Plur,Fem,,
quimissorvido,quimissorver,Part,,,,Sing,Masc,,
desaluminizada,desaluminizar,Part,,,,Sing,Fem,Pass,
continuariam,continuar,Fin,Cnd,,3,Plur,,,
quimissorveram,quimissorver,Fin,Ind,Pres,3,Plur,,,
dedicam,dedicar,Fin,Ind,Pres,3,Plur,,,
enfocada,enfocar,Part,,,,Sing,Fem,,
Partindo,partir,Ger,,,,,,,
magnetizadas,magnetizar,Part,,,,Plur,Fem,,
pesquisada,pesquisar,Part,,,,Sing,Fem,,
adentra,adentrar,Fin,Ind,Pres,3,Sing,,,
traçada,traçar,Part,,,,Sing,Fem,Pass,
recobre,recobrir,Fin,Ind,Pres,3,Sing,,,
adquirida,adquirir,Part,,,,Sing,Fem,,
Generalizada,generalizar,Part,,,,Sing,Fem,,
ajustar,ajustar,Inf,,,3,Sing,,,
discernir,discernir,Inf,,,,,,,
estimadas,estimar,Part,,,,Plur,Fem,,
mencionada,mencionar,Part,,,,Sing,Fem,,
impressa,imprimir,Part,,,,Sing,Fem,,
empilhado,empilhar,Part,,,,Sing,Masc,,
enfatizar,enfatizar,Inf,,,,,,,
admitidas,admitir,Part,,,,Plur,Fem,Pass,
projetaria,projetar,Fin,Cnd,,3,Sing,,,
defletir,defletir,Inf,,,,,,,
secciona,seccionar,Fin,Ind,Pres,3,Sing,,,
servido,servir,Part,,,,Sing,Masc,,
englobava,englobar,Fin,Ind,Imp,3,Sing,,,
separavam,separar,Fin,Ind,Imp,3,Plur,,,
evoluíram,evoluir,Fin,Ind,Past,3,Plur,,,
festonadas,festonar,Part,,,,Plur,Fem,,
estendendo,estender,Ger,,,,,,,
bordeja,bordejar,Fin,Ind,Pres,3,Sing,,,
posicionam,posicionar,Fin,Ind,Pres,3,Plur,,,
confina,confinar,Fin,Ind,Pres,3,Sing,,,
amostrados,amostrar,Part,,,,Plur,Masc,,
alcançam,alcançar,Fin,Ind,Pres,3,Plur,,,
datado,datar,Part,,,,Sing,Masc,Pass,
amostrado,amostrar,Part,,,,Sing,Masc,,
apoiada,apoiar,Part,,,,Sing,Fem,,
prevaleceram,prevalecer,Fin,Ind,Past,3,Plur,,,
dolomitizados,dolomitizar,Part,,,,Plur,Masc,,
Conclui,concluir,Fin,Ind,Pres,3,Sing,,,
condicionadas,condicionar,Part,,,,Plur,Fem,,
destacada,destacar,Part,,,,Sing,Fem,,
condicionada,condicionado,Part,,,,Sing,Fem,Pass,
truncado,truncar,Part,,,,Sing,Masc,Pass,
preenche,preencher,Fin,Ind,Pres,3,Sing,,,
reconhecidos,reconhecer,Part,,,,Plur,Masc,,
Interferindo,interferir,Ger,,,,,,,
influenciadas,infuenciar,Part,,,,Plur,Fem,Pass,
pode-se,poder,Fin,Ind,Pres,3,Sing,,,
aplainados,aplainar,Part,,,,Plur,Masc,Pass,
correlacionadas,correlacionar,Part,,,,Plur,Fem,,
rastrear,rastrear,Inf,,,,,,,
sofrida,sofrer,Part,,,,Sing,Fem,Pass,
orientados,orientar,Part,,,,Plur,Masc,,
reativados,reativar,Part,,,,Plur,Masc,,
atingiria,atingir,Fin,Cnd,,3,Sing,,,
contorna,contornar,Fin,Ind,Pres,3,Sing,,,
limitados,limitar,Part,,,,Plur,Masc,Pass,
retrabalhados,retrabalhar,Part,,,,Plur,Masc,Pass,
correlaciona,correlacionar,Fin,Ind,Pres,3,Sing,,,
prolongam,prolongar,Fin,Ind,Pres,3,Plur,,,
ressalta,ressaltar,Fin,Ind,Pres,3,Sing,,,
ocupada,ocupar,Part,,,,Sing,Fem,Pass,
alongado,alongar,Part,,,,Sing,Masc,Pass,
supersaturadas,supersaturar,Part,,,,Plur,Fem,,
evoluídos,evoluir,Part,,,,Plur,Masc,,
inferidos,inferir,Part,,,,Plur,Masc,Pass,
Continuando,continuar,Ger,,,,,,,
intrudidos,intrudir,Part,,,,Plur,Masc,,
acentuada,acentuar,Part,,,,Sing,Fem,Pass,
digeridos,digerir,Part,,,,Plur,Masc,,
escarpado,escarpar,Part,,,,Sing,Masc,,
produziram,produzir,Fin,Ind,Past,3,Plur,,,
modelaram,modelar,Fin,Ind,Past,3,Plur,,,
recobertos,recobrir,Part,,,,Plur,Masc,,
afetado,afetar,Part,,,,,,,
argumentam,argumentar,Fin,Ind,Pres,3,Plur,,,
Propõem,propor,Fin,Ind,Pres,3,Plur,,,
não-afinada,não-afinar,Part,,,,Sing,Fem,,
afinada,afinar,Part,,,,Sing,Fem,,
nivelou-o,nivelouar,Fin,Ind,Past,3,Sing,,,
deprimidas,deprimir,Part,,,,Plur,Fem,,
afundou,afundar,Fin,Ind,Past,3,Sing,,,
coincidia,coincidir,Fin,Ind,Imp,3,Sing,,,
Argumentam,argumentar,Fin,Ind,Pres,3,Plur,,,
corroborado,corroborar,Part,,,,,,,
sugeridos,sugerir,Part,,,,Plur,Masc,,
empregaram,empregar,Fin,Ind,Past,3,Plur,,,
abrangida,abranger,Part,,,,Sing,Fem,Pass,
incluído,incluir,Part,,,,Sing,Masc,,
restritos,restrever,Part,,,,Plur,Fem,,
brechada,brechar,Part,,,,Sing,Fem,,
Fizeram,fazer,Fin,Ind,Past,3,Plur,,,
Verificaram,verificar,Fin,Ind,Past,3,Plur,,,
Objetivando,objetivar,Ger,,,,,,,
contrasta,contrastar,Fin,Ind,Pres,3,Sing,,,
esperaria,esperar,Fin,Cnd,,3,Sing,,,
inferidas,inferir,Part,,,,Plur,Fem,,
observam,observar,Fin,Ind,Pres,3,Plur,,,
sugeridas,sugerir,Part,,,,Plur,Fem,Pass,
inferida,inferir,Part,,,,Sing,Fem,,
processados,processar,Part,,,,Plur,Masc,,
alimentados,alimentar,Part,,,,Plur,Masc,Pass,
imposta,impor,Part,,,,Sing,Fem,Pass,
supracitadas,supracitar,Part,,,,Plur,Fem,,
corroborar,corroborar,Inf,,,,,,,
desempenhado,desempenhar,Part,,,,Sing,Masc,Pass,
restrita,restritar,Part,,,,Sing,Fem,,
correlacionar,correlacionar,Inf,,,,,,,
cedidas,cedir,Part,,,,Plur,Fem,Pass,
designados,designar,Part,,,,Plur,Masc,Pass,
espaçadas,espaçar,Part,,,,Plur,Fem,,
processado,processar,Part,,,,Sing,Masc,Pass,
disposto,disposto,Part,,,,Sing,Masc,,
atendo,ater,Fin,Ind,Pres,1,Sing,,,
executados,executar,Part,,,,Plur,Masc,,
compreendida,compreender,Part,,,,Sing,Fem,,
organizados,organizar,Part,,,,Plur,Masc,Pass,
parecendo,parecer,Ger,,,,,,,
percebidas,perceber,Part,,,,Plur,Fem,,
verificadas,verificar,Part,,,,Plur,Fem,,
magnetizados,magnetizar,Part,,,,Plur,Masc,,
perpendicular,perpendicular,Part,,,,Sing,Masc,,
fugindo,fugir,Ger,,,,,,,
situam,situar,Fin,Ind,Pres,3,Plur,,,
posicionadas,posicionar,Part,,,,Plur,Fem,,
batizado,batizar,Part,,,,Sing,Masc,,
subdeterminado,subdeterminar,Part,,,,Sing,Masc,,
introduzidos,introduzir,Part,,,,Plur,Masc,,
satisfazem,satisfazer,Fin,Ind,Pres,3,Plur,,,
destituídas,destituir,Part,,,,Plur,Fem,Pass,
conseguido,conseguir,Part,,,,Sing,Masc,Pass,
investigada,investigar,Part,,,,Sing,Fem,,
fundamentada,fundamentar,Part,,,,Sing,Fem,,
Li,lir,Fin,Ind,Past,1,Sing,,,
abarcando,abarcar,Ger,,,,,,,
extrapolando,extrapolar,Ger,,,,,,,
magnetizado,magnetizar,Part,,,,Sing,Masc,,
Derivadas,derivar,Part,,,,Plur,Fem,,
girar,girar,Inf,,,,,,,
alonga,alongar,Fin,Ind,Pres,3,Sing,,,
alongados,alongar,Part,,,,Plur,Masc,,
distorcer,distorcer,Inf,,,,,,,
induzidas,induzir,Part,,,,Plur,Fem,Pass,
preconizado,preconizar,Part,,,,Sing,Masc,Pass,
regionalizados,regionalizar,Part,,,,Plur,Masc,,
dominados,dominar,Part,,,,Plur,Masc,Pass,
Empregando,empregar,Ger,,,,,,,
mascaradas,mascarar,Part,,,,Plur,Fem,,
realçam,realçar,Fin,Ind,Pres,3,Plur,,,
atenuam,atenuar,Fin,Ind,Pres,3,Plur,,,
interpretados,interpretar,Part,,,,Plur,Masc,Pass,
alongado,alongar,Part,,,,Sing,Masc,,
super-impostos,super-impôr,Part,,,,Plur,Masc,Pass,
mascaradas,mascarar,Part,,,,Plur,Fem,Pass,
abordadas,abordar,Part,,,,Plur,Fem,Pass,
subdivididas,subdividir,Part,,,,Plur,Fem,Pass,
aproximados,aproximar,Part,,,,Plur,Masc,Pass,
relacionam,relacionar,Fin,Ind,Pres,3,Plur,,,
medida,medir,Part,,,,Sing,Fem,,
abordados,abordar,Part,,,,Plur,Masc,Pass,
empilhados,empilhar,Part,,,,Plur,Masc,,
envolvam,envolver,Fin,Sub,Pres,3,Plur,,,
provir,provir,Inf,,,,,,,
isoladas,isolar,Part,,,,Plur,Fem,Pass,
reescrita,reescrever,Part,,,,Sing,Fem,Pass,
deslocadas,deslocar,Part,,,,Plur,Fem,,
Sugerem,sugerir,Fin,Ind,Pres,3,Plur,,,
forneça,fornecer,Fin,Sub,Pres,3,Sing,,,
fornecer,fornecer,Fin,Sub,Fut,3,Sing,,,
Visando,visar,Ger,,,,,,,
centralizada,centralizar,Part,,,,Sing,Fem,,
centralizada,centralizar,Part,,,,Sing,Fem,Pass,
deduziram,deduzir,Fin,Ind,Past,3,Plur,,,
focada,focar,Part,,,,Sing,Fem,,
abordadas,abordar,Part,,,,Plur,Fem,,
concebida,conceber,Part,,,,Sing,Fem,Pass,
sugerida,sugerir,Part,,,,Sing,Fem,,
dispersam,dispersar,Fin,Ind,Pres,3,Plur,,,
contaminadas,contaminar,Part,,,,Plur,Fem,Pass,
somado,somar,Part,,,,Sing,Masc,,
alargada,alargar,Part,,,,Sing,Fem,,
interferentes,interferenter,Part,,,,Plur,Fem,,
discrimina,discriminar,Fin,Ind,Pres,3,Sing,,,
encontrar,encontrar,Inf,,,3,Sing,,,
causada,causar,Part,,,,Sing,Fem,,
inviabiliza,inviabilizar,Fin,Ind,Pres,3,Sing,,,
convertida,converter,Part,,,,Sing,Fem,Pass,
Usando,usar,Ger,,,,,,,
englobados,englobar,Part,,,,Plur,Masc,,
adaptada,adaptar,Part,,,,Sing,Fem,Pass,
implementada,implementar,Part,,,,Sing,Fem,,
Representando,representar,Ger,,,,,,,
atribuindo,atribuir,Ger,,,,,,,
Supondo,supor,Ger,,,,,,,
subdividindo,subdividir,Ger,,,,,,,
otimizado,otimizar,Part,,,,Sing,Masc,Pass,
explique,explicar,Fin,Sub,Pres,3,Sing,,,
propuseram,propor,Fin,Ind,Past,3,Plur,,,
vincula,vincular,Fin,Ind,Pres,3,Sing,,,
generalizaram,generalizar,Fin,Ind,Past,3,Plur,,,
atualizada,atualizar,Part,,,,Sing,Fem,Pass,
introduzidos,introduzir,Part,,,,Plur,Masc,Pass,
numerados,numerar,Part,,,,Plur,Masc,Pass,
ultrapassarão,ultrapassar,Fin,Ind,Fut,3,Plur,,,
interprete,interpretar,Fin,Sub,Pres,3,Sing,,,
compensado,compensar,Part,,,,Sing,Masc,,
substituído,substituir,Part,,,,Sing,Masc,,
preservado,preservar,Part,,,,Sing,Masc,,
frisar,frisar,Inf,,,,,,,
delineadas,delinear,Part,,,,Plur,Fem,Pass,
testado,testar,Part,,,,Sing,Masc,Pass,
delineiam,delinear,Fin,Ind,Pres,3,Plur,,,
investigado,investigar,Part,,,,Sing,Masc,,
concebido,conceber,Part,,,,Sing,Masc,,
elucidam,elucidar,Fin,Ind,Pres,3,Plur,,,
congeladas,congelar,Part,,,,Plur,Fem,,
acrescentados,acrescentar,Part,,,,Plur,Masc,Pass,
modelando,modelar,Ger,,,,,,,
inclinada,inclinar,Part,,,,Sing,Fem,,
Supondo,supor,Fin,,,,,,,
magnetizada,magnetizar,Part,,,,Sing,Fem,,
adequado,adequado,Part,,,,Sing,Masc,Pass,
assumidas,assumir,Part,,,,Plur,Fem,,
represente,representar,Fin,Sub,Pres,3,Sing,,,
implementado,implementar,Part,,,,Sing,Masc,,
atingida,atingir,Part,,,,Sing,Fem,,
inspirado,inspirar,Part,,,,,,,
referende,referender,Fin,Ind,Pres,3,Sing,,,
condicionado,condicionar,Part,,,,Sing,Masc,,
impossibilitando,impossibilitar,Ger,,,,,,,
esbranquiçada,esbranquiçar,Part,,,,Sing,Fem,,
aprofundando,aprofundar,Ger,,,,,,,
estreitando,estreitar,Ger,,,,,,,
sugerido,sugerir,Part,,,,Sing,Masc,Pass,
preenchida,preencher,Part,,,,Sing,Fem,,
acrescentada,acrescentar,Part,,,,Sing,Fem,,
corrompida,corrompidar,Part,,,,Sing,Fem,,
corrompendo,corromper,Ger,,,,,,,
lida,ler,Part,,,,Sing,Fem,,
vinculam,vincular,Fin,Ind,Pres,3,Plur,,,
encontrar,encontrar,Inf,,,3,,,,
conjugadas,conjugar,Part,,,,Plur,Fem,,
-Teste,ttestir,Fin,Ind,Pres,3,Sing,,,
espaçados,espaçar,Part,,,,Plur,Masc,,
suavizada,suavizar,Part,,,,Sing,Fem,,
alicerçou,alicerçar,Fin,Ind,Past,3,Sing,,,
intrudindo,intrudir,Ger,,,,,,,
emergindo,emergir,Ger,,,,,,,
sinalizada,sinalizar,Part,,,,Sing,Fem,Pass,
exemplifica,exemplificar,Fin,Ind,Pres,3,Sing,,,
invertida,inverter,Part,,,,Sing,Fem,Pass,
verticalizadas,verticalizar,Part,,,,Plur,Fem,,
subverticalizadas,subverticalizar,Part,,,,Plur,Fem,,
detalhadas,detalhar,Part,,,,Plur,Fem,,
condicionados,condicionar,Part,,,,Plur,Masc,,
entendidos,entendidos,Part,,,,Plur,Masc,Pass,
mapear,mapear,Inf,,,,,,,
complementar,complementar,Inf,,,,,,,
plotada,plotar,Part,,,,Sing,Fem,,
falhado,falhar,Part,,,,Sing,Masc,Pass,
acunha,acunhar,Fin,Ind,Pres,3,Sing,,,
percebida,perceber,Part,,,,Sing,Fem,Pass,
corroborada,corroborar,Part,,,,Sing,Fem,Pass,
sedimentar,sedimentar,Inf,,,3,Sing,,,
escurecidas,escurecer,Part,,,,Plur,Fem,,
interrompe,interromper,Fin,Ind,Pres,3,Sing,,,
associado,associar,Part,,,,Sing,Masc,Pass,
inferido,inferir,Part,,,,Sing,Masc,,
subdividem,subdividar,Fin,Ind,Pres,3,Plur,,,
preenchendo,preencher,Ger,,,,,,,
associar,associar,Inf,,,3,Sing,,,
desmagnetizado,desmagnetizar,Part,,,,Sing,Masc,,
adelgaça,adelgaçar,Fin,Ind,Pres,3,Sing,,,
desmagnetizada,desmagnetizar,Part,,,,Sing,Fem,,
datadas,datar,Part,,,,Plur,Fem,,
sedimentar,sedimentar,Inf,,,,Sing,,,
sugeridas,sugerir,Part,,,,Plur,Fem,,
individualizados,individualizar,Part,,,,Plur,Masc,,
alimentaram,alimentar,Fin,Ind,Past,3,Plur,,,
inicializar,inicializar,Inf,,,,,,,
separadas,separar,Part,,,,Plur,Fem,,
circundando,circundar,Ger,,,,,,,
desprovida,desprover,Part,,,,Sing,Fem,Pass,
constatam,constatar,Fin,Ind,Pres,3,Plur,,,
alargados,alargar,Part,,,,Plur,Masc,,
intervalados,intervalar,Part,,,,Plur,Masc,Pass,
inferem,inferir,Fin,Ind,Pres,3,Plur,,,
Representa,representar,Fin,Ind,Pres,3,Sing,,,
sobressaem,sobressar,Fin,Ind,Pres,3,Plur,,,
plotado,plotar,Part,,,,Sing,Masc,,
seciona,secionar,Fin,Ind,Pres,3,Sing,,,
polarizada,polarizar,Part,,,,Sing,Fem,,
super-impostas,super-impor,Part,,,,Plur,Fem,,
alçam,alçar,Fin,Ind,Pres,3,Plur,,,
orbitando,orbitar,Ger,,,,,,,
Comparada,comparar,Part,,,,Sing,Fem,,
adentrarem,adentrar,Inf,,,3,Plur,,,
curvam,curvar,Fin,Ind,Pres,3,Plur,,,
curvando,curvar,Ger,,,,,,,
paralelizando,paralelizar,Ger,,,,,,,
induzida,induzir,Part,,,,Sing,Fem,Pass,
assumir,assumir,Inf,,,3,Sing,,,
deteriorou,deteriorar,Fin,Ind,Past,3,Sing,,,
delimitado,delimitar,Part,,,,Sing,Masc,Pass,
orientam,orientar,Fin,Ind,Pres,3,Plur,,,
funcionariam,funcionar,Fin,Cnd,,3,Plur,,,
dissipam,dissipar,Fin,Ind,Pres,3,Plur,,,
avançam,avançar,Fin,Ind,Pres,3,Plur,,,
apoiada,apoiar,Part,,,,Sing,Fem,Pass,
condicionam,condicionar,Fin,Ind,Pres,3,Plur,,,
adentrando,adentrar,Ger,,,,,,,
atenuado,atenuar,Part,,,,Sing,Masc,,
introduzida,introduzir,Part,,,,Sing,Fem,,
ajustou,ajustar,Fin,Ind,Past,3,Sing,,,
representem,representer,Fin,Sub,Pres,3,Plur,,,
revelado,revelar,Part,,,,Sing,Masc,Pass,
datado,datar,Part,,,,Sing,Masc,,
exemplificado,exemplificar,Part,,,,Sing,Masc,Pass,
emerge,emergar,Fin,Ind,Pres,3,Sing,,,
atenuando,atenuar,Ger,,,,,,,
Margeando,margear,Ger,,,,,,,
submersa,submerso,Part,,,,Sing,Fem,,
truncada,truncar,Part,,,,Sing,Fem,Pass,
truncadas,truncar,Part,,,,Plur,Fem,Pass,
aprofundariam,aprofundar,Fin,Ind,,3,Plur,,,
respaldadas,respaldar,Part,,,,Plur,Fem,,
registrando,registrar,Ger,,,,,,,
circundam,circundar,Fin,Ind,Pres,3,Plur,,,
carecem,carecer,Fin,Ind,Pres,3,Plur,,,
associados,associar,Part,,,,Plur,Fem,,
confundindo,confundir,Ger,,,,,,,
aprofundam,aprofundar,Fin,Ind,Pres,3,Plur,,,
interpenetrada,interpenetrar,Part,,,,Sing,Fem,,
selecionadas,selecionar,Part,,,,Plur,Fem,,
plotadas,plotar,Part,,,,Plur,Fem,Pass,
traçado,traçar,Part,,,,Sing,Masc,,
originado,originar,Part,,,,Sing,Masc,Pass,
discriminadas,discriminar,Part,,,,Plur,Fem,,
subdivide,subdividar,Fin,Ind,Pres,3,Sing,,,
preponderam,preponder,Fin,Ind,Past,3,Plur,,,
constituido,constituir,Part,,,,Sing,Masc,Pass,
individualizar,individualizar,Inf,,,,,,,
mencionado,mencionar,Part,,,,Sing,Masc,Pass,
correspondeu,corresponder,Fin,Ind,Past,3,Sing,,,
culminou,culminar,Fin,Ind,Past,3,Sing,,,
seccionam,seccionar,Fin,Ind,Pres,3,Plur,,,
diferenciam,diferenciar,Fin,Ind,Pres,3,Plur,,,
associarem,associar,Inf,,,3,Plur,,,
associarem,associar,Inf,Sub,,3,Plur,,,
deslocando,deslocar,Ger,,,,,,,
reveladas,revelar,Part,,,,Plur,Fem,,
evidenciados,evidenciar,Part,,,,Plur,Masc,Pass,
aproximadas,aproximar,Part,,,,Plur,Fem,,
trunca,truncar,Fin,Ind,Pres,3,Sing,,,
rompido,romper,Part,,,,,,,
Chamam,chamar,Fin,Ind,Pres,3,Plur,,,
condicionariam,condicionar,Fin,Ind,Past,3,Plur,,,
Corroborando,corroborar,Ger,,,,,,,
deslocam,deslocar,Fin,Ind,Pres,3,Plur,,,
interceptadas,interceptar,Part,,,,Plur,Fem,Pass,
alinhado,alinhar,Part,,,,Sing,Masc,Pass,
tangenciando,tangenciar,Ger,,,,,,,
reativados,reativar,Part,,,,Plur,Masc,Pass,
postuladas,postular,Part,,,,Plur,Fem,Pass,
evidenciados,evidenciar,Part,,,,Plur,Masc,,
tecidas,tecer,Part,,,,Plur,Fem,Pass,
assinalada,assinalar,Part,,,,Sing,Fem,,
correspondam,corresponder,Fin,Sub,Pres,3,Plur,,,
mascarando,mascarar,Ger,,,,,,,
mascara,mascar,Fin,Ind,Pres,3,Sing,,,
individualizam,individualizar,Fin,Ind,Pres,3,Plur,,,
fundem,fundir,Fin,Ind,Pres,3,Plur,,,
inferidas,inferir,Part,,,,Plur,Fem,Pass,
motivaram,motivar,Fin,Ind,Past,3,Plur,,,
corresponder,corresponder,Inf,,,,,,,
ostenta,ostentar,Fin,Ind,Pres,3,Sing,,,
Reiterando,reiterar,Ger,,,,,,,
funcionaram,funcionar,Fin,Ind,Past,3,Plur,,,
contrastam,contrastar,Fin,Ind,Pres,3,Plur,,,
centralizado,centralizar,Part,,,,Sing,Masc,,
inferirem,inferir,Inf,,,3,Plur,,,
rejeito,rejeitar,Fin,Ind,Pres,1,Sing,,,
basearam,basear,Fin,Ind,Past,3,Plur,,,
reativadas,reativar,Part,,,,Plur,Fem,Pass,
descontados,descontar,Part,,,,Plur,Masc,,
aproximar,aproximar,Inf,,,,,,,
esboçar,esboçar,Inf,,,,,,,
adelgaçado,adelgaçar,Part,,,,Sing,Masc,,
alongando,alongar,Ger,,,,,,,
posicionado,posicionar,Part,,,,Sing,Masc,Pass,
sedimentar,sedimentar,Part,,,,Sing,Masc,,
condicionaram,condicionar,Fin,Ind,Past,3,Plur,,,
rebatido,rebater,Part,,,,Sing,Masc,,
extrapolado,extrapolar,Part,,,,Sing,Masc,Pass,
Poderia,poder,Fin,Cnd,,3,Sing,,,
presta,prestar,Fin,Ind,Pres,3,Sing,,,
complementando,complementar,Ger,,,,,,,
refletido,refletir,Part,,,,Sing,Masc,,
compactada,compactar,Part,,,,Sing,Fem,,
atenuada,atenuar,Part,,,,Sing,Fem,,
aproximadas,aproximar,Part,,,,Plur,Fem,Pass,
delinear,delinear,Inf,,,3,Sing,,,
compensando,compensar,Ger,,,,,,,
atenuadas,atenuar,Part,,,,Plur,Fem,,
originadas,originar,Part,,,,Plur,Fem,,
exemplificada,exemplificar,Part,,,,Sing,Fem,Pass,
acumulados,acumular,Part,,,,Plur,Masc,Pass,
norteado,nortear,Part,,,,Sing,Masc,Pass,
refina,refinar,Fin,Ind,Pres,3,Sing,,,
vinculada,vincular,Part,,,,Sing,Fem,Pass,
orienta,orientar,Fin,Ind,Pres,3,Sing,,,
tratar,tratar,Inf,,,,Sing,,,
solucionado,solucionar,Part,,,,Sing,Masc,Pass,
ajusta,ajustar,Fin,Ind,Pres,3,Sing,,,
atingir,atingir,Fin,Sub,Fut,3,Sing,,,
assumida,assumir,Part,,,,Sing,Fem,,
testada,testar,Part,,,,Sing,Fem,,
difundidas,difundir,Part,,,,Plur,Fem,,
exemplificada,exemplificar,Part,,,,Sing,Fem,,
aproveitaram,aproveitar,Fin,Ind,Past,3,Plur,,,
expressa,esprimir,Fin,Ind,Pres,3,Sing,,,
intrudido,intrudir,Part,,,,Sing,Masc,Pass,
alinhada,alinhar,Part,,,,Sing,Fem,,
apresentariam,apresentar,Fin,Cnd,,3,Plur,,,
diferenciadas,diferenciar,Part,,,,Plur,Fem,,
revelada,revelar,Part,,,,Sing,Fem,,
registrar,registrar,Inf,,,,,,,
bordejando,bordejar,Ger,,,,,,,
argumentada,argumentar,Part,,,,Sing,Fem,,
debilitando,debilitar,Ger,,,,,,,
constituiriam,constituir,Fin,Cnd,,3,Plur,,,
fortalecer,fortalecer,Inf,,,,,,,
deslocadas,deslocar,Part,,,,Plur,Fem,Pass,
banhando,banhar,Ger,,,,,,,
exacerbada,exacerbar,Part,,,,Sing,Fem,,
nota,nota,Fin,Ind,Pres,3,Sing,,,
conduzem,conduzir,Fin,Ind,Pres,3,Plur,,,
afetado,afetar,Part,,,,Sing,Masc,,
vazado,vazar,Part,,,,Sing,Masc,,
determinando,determinar,Ger,,,,,,,
espalham,espalhar,Fin,Ind,Pres,3,Plur,,,
executando,executar,Ger,,,,,,,
empregado,empregado,Part,,,,Sing,Masc,Pass,
impactado,impactar,Part,,,,Sing,Masc,,
interferidos,interferir,Part,,,,Plur,Masc,Pass,
derramado,derramar,Part,,,,Sing,Masc,,
atingidos,atingir,Part,,,,Plur,Masc,,
empreendidos,empreender,Part,,,,Plur,Masc,,
ocasionada,ocasionar,Part,,,,Sing,Fem,Pass,
estruturar,estruturar,Inf,,,,,,,
Vendo,ver,Ger,,,,,,,
Testar,testar,Inf,,,3,Sing,,,
Construir,construir,Inf,,,,,,,
Verificar,verificar,Inf,,,,,,,
disserta,dizer,Fin,Ind,Pres,3,Sing,,,
soterrados,soterrar,Part,,,,Plur,Masc,,
juntaram,juntar,Fin,Ind,Past,3,Plur,,,
certificam,certificar,Fin,Ind,Pres,3,Plur,,,
formou,formar,Fin,Ind,Past,3,Sing,,,
derramado,derramar,Part,,,,Sing,Masc,Pass,
extrapesados,extrapesar,Part,,,,Plur,Masc,,
inflamam,inflamar,Fin,Ind,Pres,3,Plur,,,
evaporar,evaporar,Inf,,,,,,,
dissipar,dissipar,Inf,,,,,,,
derrame,derramer,Fin,Sub,Pres,3,Sing,,,
refinados,refinado,Part,,,,Plur,Masc,Pass,
persistir,persistir,Inf,,,,,,,
Engloba,englobar,Fin,Ind,Pres,3,Sing,,,
listados,listar,Part,,,,Plur,Masc,Pass,
demostrar,demostrar,Inf,,,,,,,
denominado,denominar,Part,,,,Sing,Masc,Pass,
observasse,observar,Fin,Sub,Imp,3,Sing,,,
explorada,explorar,Part,,,,Sing,Fem,Pass,
aglomeram,aglomer,Fin,Ind,Pres,3,Plur,,,
georreferenciada,georrefenenciar,Part,,,,Sing,Fem,,
giram,gir,Fin,Ind,Pres,3,Plur,,,
sobrepor,sobrepor,Inf,,,,,,,
mortas,matar,Part,,,,Plur,Fem,,
adentram,adentrar,Fin,Ind,Pres,3,Plur,,,
proporcionavam,proporcionar,Fin,Ind,Imp,3,Plur,,,
aliaram,aliar,Fin,Ind,Past,3,Plur,,,
deixados,deixar,Part,,,,Plur,Masc,,
trazidos,trazer,Part,,,,Plur,Masc,Pass,
interajam,interajar,Fin,Sub,Pres,3,Plur,,,
regulando,regular,Ger,,,,,,,
diversificada,diversificar,Part,,,,Sing,Fem,,
reproduzir,reproduzir,Inf,,,3,Sing,,,
unidos,unir,Part,,,,Plur,Masc,,
ameaçado,ameaçar,Part,,,,Sing,Masc,,
apresentas,apresentar,Fin,Ind,Pres,3,Plur,,,
divisa,divisa,Fin,Ind,Pres,3,Sing,,,
semifechadas,semifechar,Part,,,,Plur,Fem,,
formasse,formar,Fin,Sub,Imp,3,Sing,,,
oriunda,oriundar,Part,,,,Sing,Fem,,
potencializa,potencializar,Fin,Ind,Pres,3,Sing,,,
protegidos,proteger,Part,,,,Plur,Masc,,
ligados,ligar,Part,,,,Plur,Masc,Pass,
removam,removar,Fin,Sub,Pres,3,Plur,,,
derrame,derramer,Fin,Ind,Pres,3,Sing,,,
Trataremos,tratar,Fin,Ind,Pres,1,Plur,,,
habitam,haber,Fin,Ind,Pres,3,Plur,,,
afetados,afetar,Part,,,,Plur,Masc,Pass,
contaminados,contaminar,Part,,,,Plur,Masc,Pass,
alimentar,alimentar,Inf,,,3,Sing,,,
inalados,inalar,Part,,,,Plur,Masc,Pass,
devidos,dever,Part,,,,Plur,Masc,,
identifica,identificar,Fin,Ind,Pres,3,Sing,,,
predomina,predominar,Fin,Ind,Pres,3,Sing,,,
decidas,decer,Part,,,,Plur,Fem,,
nomeado,nomear,Part,,,,Sing,Masc,,
mudarão,mudar,Fin,Ind,Fut,3,Plur,,,
evaporam,evapor,Fin,Ind,Pres,3,Plur,,,
dispersas,dispersar,Part,,,,Plur,Fem,Pass,
afundar,afundar,Inf,,,,,,,
reflutuar,reflutuar,Inf,,,,,,,
percebido,perceber,Part,,,,Sing,Masc,Pass,
instabiliza,instabilizar,Fin,Ind,Pres,3,Sing,,,
estenda,estender,Fin,Sub,Pres,3,Sing,,,
Contribui,contribuir,Fin,Ind,Pres,3,Sing,,,
aceleram,acelerar,Fin,Ind,Pres,3,Plur,,,
agem,agar,Fin,Ind,Pres,3,Plur,,,
decrescer,decrescer,Inf,,,,,,,
contemplam,contemplar,Fin,Ind,Pres,3,Plur,,,
prejudicadas,prejudicar,Part,,,,Plur,Fem,Pass,
afetadas,afetar,Part,,,,Plur,Fem,,
tomadas,tomar,Part,,,,Plur,Fem,,
abrigadas,abrigar,Part,,,,Plur,Fem,,
abrigada,abrigar,Part,,,,Sing,Fem,,
vegetadas,vegetar,Part,,,,Plur,Fem,,
abrigado,abrigar,Part,,,,Sing,Masc,,
alagadiços,alagadiçar,Part,,,,Plur,Masc,,
banhados,banhar,Part,,,,Plur,Masc,,
previstas,prever,Part,,,,Plur,Fem,Pass,
contaminar,contaminar,Inf,,,,,,,
desconta,descontar,Fin,Ind,Pres,3,Sing,,,
minar,minar,Inf,,,,,,,
recomendada,recomendar,Part,,,,Sing,Fem,,
efetuar,efetuar,Inf,,,,,,,
permitida,permitir,Part,,,,Sing,Fem,Pass,
retire,retirar,Fin,Sub,Pres,3,Sing,,,
intemperara,intemperar,Fin,Ind,Pres,3,Sing,,,
posicionadas,posicionar,Part,,,,Plur,Fem,Pass,
espalhar,espalhar,Inf,,,3,Sing,,,
desviando,desviar,Ger,,,,,,,
desviar,desviar,Inf,,,,,,,
concentrar,concentrar,Inf,,,,,,,
isolar,isolar,Inf,,,,,,,
carregados,carregar,Part,,,,Plur,Masc,Pass,
esticar,esticar,Inf,,,,,,,
identificou,identificar,Fin,Ind,Past,3,Sing,,,
descartadas,descartar,Part,,,,Plur,Fem,,
diversificado,diversificar,Part,,,,Sing,Masc,,
endurecer,endurecer,Inf,,,,,,,
colado,colar,Part,,,,Sing,Masc,Pass,
Passado,passar,Part,,,,Sing,Masc,,
revestidos,revestir,Part,,,,Plur,Masc,Pass,
protejedo,protejer,Part,,,,Sing,Masc,,
demostrou,demostrar,Fin,Ind,Past,3,Sing,,,
unidas,unidar,Part,,,,Plur,Fem,Pass,
flutuando,flutuar,Ger,,,,,,,
pré-determinados,pré-determinar,Part,,,,Plur,Masc,,
triturado,triturar,Part,,,,Sing,Masc,Pass,
examina,examinar,Fin,Ind,Pres,3,Sing,,,
visem,visar,Fin,Sub,Pres,3,Plur,,,
explanado,explanar,Part,,,,Sing,Masc,Pass,
conceituados,conceituar,Part,,,,Plur,Masc,Pass,
Definindo,definir,Ger,,,,,,,
circulado,circular,Part,,,,Sing,Masc,,
bombardeado,bombardear,Part,,,,Sing,Masc,,
Ser,ser,Inf,,,,,,,
Aceitar,aceitar,Inf,,,,,,,
Resfriar,resfriar,Inf,,,,,,,
Estabilizar,estabilizar,Inf,,,,,,,
estiver,estar,Fin,Sub,Fut,3,Sing,,,
Facilitar,facilitar,Inf,,,,,,,
Exercer,exercer,Inf,,,,,,,
recirculada,recircular,Part,,,,Sing,Fem,Pass,
mantida,manter,Part,,,,Sing,Fem,,
raspando,raspar,Ger,,,,,,,
raspadas,raspar,Part,,,,Plur,Fem,Pass,
raspados,raspar,Part,,,,Plur,Masc,Pass,
goteja,gotejar,Fin,Ind,Pres,3,Sing,,,
escorrem,escorrer,Fin,Ind,Pres,3,Plur,,,
descartados,descartar,Part,,,,Plur,Masc,Pass,
anular,anular,Inf,,,3,Sing,,,
Modificado,modificar,Part,,,,Sing,Masc,,
modificam,modificar,Fin,Ind,Pres,3,Plur,,,
comprimidos,comprimir,Part,,,,Plur,Masc,Pass,
emulsionada,emulsionar,Part,,,,Sing,Fem,Pass,
subdivididos,subdividir,Part,,,,Plur,Masc,Pass,
dispersa,dispersar,Part,,,,Sing,Fem,Pass,
utilizar,utilizar,Fin,Sub,Fut,3,Sing,,,
Estabilizam,estabilizar,Fin,Ind,Pres,3,Plur,,,
influir,influir,Inf,,,,,,,
escoará,escoar,Fin,Ind,Fut,3,Sing,,,
removendo,remover,Ger,,,,,,,
perfurada,perfurar,Part,,,,Sing,Fem,,
laminar,laminar,Inf,,,,,,,
laminar,laminar,Part,,,,Sing,Masc,,
gelificar,gelificar,Inf,,,,,,,
descontinuado,descontinuar,Part,,,,Sing,Masc,Pass,
reiniciado,reiniciar,Part,,,,Sing,Masc,,
fraturar,fraturar,Inf,,,,,,,
definiram,definir,Fin,Ind,Past,3,Plur,,,
descontinuado,descontinuar,Part,,,,Sing,Masc,,
evite,evitar,Fin,Sub,Pres,3,Sing,,,
expostas,expor,Part,,,,Plur,Fem,Pass,
percorrido,percorrer,Part,,,,Sing,Masc,Pass,
atravessada,atravessar,Part,,,,Sing,Fem,,
diferenciados,diferenciar,Part,,,,Plur,Masc,Pass,
dissociarem,dissociar,Inf,,,3,Plur,,,
incluídos,incluir,Part,,,,Plur,Masc,Pass,
derivados,derivar,Part,,,,Plur,Masc,Pass,
compreendidos,compreender,Part,,,,Plur,Masc,,
dissociados,dissociar,Part,,,,Plur,Masc,,
delimitada,delimitar,Part,,,,Sing,Fem,,
dispersarem,dispersar,Inf,,,3,Plur,,,
estabilizando,estabilizar,Ger,,,,,,,
propiciando,propiciar,Ger,,,,,,,
microemulsionada,microemulsionar,Part,,,,Sing,Fem,,
DÁ,dar,Fin,Ind,Pres,3,Sing,,,
microprocessada,microprocessar,Part,,,,Sing,Fem,,
varrendo,varrer,Ger,,,,,,,
misturou,misturar,Fin,Ind,Past,3,Sing,,,
gotejada,gotejar,Part,,,,Sing,Fem,,
centrifugada,centrifugar,Part,,,,Sing,Fem,,
continuava,continuar,Fin,Ind,Imp,3,Sing,,,
deixado,deixar,Part,,,,Sing,Masc,,
microemulsionado,microemulsionar,Part,,,,Sing,Masc,,
gotejado,gotejar,Part,,,,Sing,Masc,Pass,
variado,variar,Part,,,,Sing,Masc,Pass,
modificaram,modificar,Fin,Ind,Past,3,Plur,,,
analisada,analisar,Part,,,,Sing,Fem,,
ajustaram,ajustar,Fin,Ind,Past,3,Plur,,,
comportaram,comportar,Fin,Ind,Past,3,Plur,,,
Ver,ver,Inf,,,,,,,
regularizou,regularizar,Fin,Ind,Past,3,Sing,,,
rende,render,Fin,Ind,Pres,3,Sing,,,
dirigido,dirigir,Part,,,,,,,
tomados,tomar,Part,,,,Plur,Masc,Pass,
sair,sair,Fin,Sub,Fut,3,Sing,,,
votar,votar,Fin,Sub,Fut,3,Sing,,,
comparecerá,comparecer,Fin,Ind,Fut,3,Sing,,,
terminara,terminar,Fin,Ind,Pqp,3,Sing,,,
encaminhado,encaminhar,Part,,,,Sing,Masc,,
siga,seguir,Fin,Sub,Pres,3,Sing,,,
emprestado,emprestar,Part,,,,Sing,Masc,Pass,
Substituído,substituir,Part,,,,Sing,Masc,,
discorda,discordar,Fin,Ind,Pres,3,Sing,,,
absolvido,absolver,Part,,,,,,,
despontar,despontar,Inf,,,,,,,
desliguem,desligar,Fin,Sub,Pres,3,Plur,,,
criaria,criar,Fin,Cnd,,3,Sing,,,
Resolvi,resolver,Fin,Ind,Past,1,Sing,,,
embolsar,embolsar,Inf,,,,,,,
classificarem,classificar,Inf,,,3,Plur,,,
apreendido,apreender,Part,,,,Sing,Masc,Pass,
detonou,detonar,Fin,Ind,Past,3,Sing,,,
presenciar,presenciar,Inf,,,,,,,
cuidará,cuidar,Fin,Ind,Fut,3,Sing,,,
recebido,receber,Part,,,,Sing,Masc,,
constam,constar,Fin,Ind,Pres,3,Plur,,,
tecer,tecer,Inf,,,,,,,
prestigiou,prestigiar,Fin,Ind,Past,3,Sing,,,
classificaram,classificar,Fin,Ind,Past,3,Plur,,,
diferenciando,diferenciar,Ger,,,,,,,
Tivemos,ter,Fin,Ind,Past,1,Plur,,,
poderíamos,poder,Fin,Ind,,1,Plur,,,
ungido,unger,Part,,,,Sing,Masc,Pass,
Inserida,inserir,Part,,,,Sing,Fem,,
prometendo,prometer,Ger,,,,,,,
contados,contar,Part,,,,Plur,Masc,,
deslocado,deslocar,Part,,,,,,,
chegarão,chegar,Fin,Ind,Fut,3,Plur,,,
especificou,especificar,Fin,Ind,Past,3,Sing,,,
advertiram,advertir,Fin,Ind,Past,3,Plur,,,
encena,encenar,Fin,Ind,Pres,3,Sing,,,
funda,fundar,Fin,Ind,Pres,3,Sing,,,
efetuadas,efetuar,Part,,,,Plur,Fem,Pass,
prorrogadas,prorrogar,Part,,,,Plur,Fem,Pass,
Tome,tomar,Fin,Sub,Pres,3,Sing,,,
declarados,declarar,Part,,,,Plur,Masc,,
elegerá,eleger,Fin,Ind,Fut,3,Sing,,,
constituídas,constituir,Part,,,,Plur,Fem,,
dedicando,dedicar,Ger,,,,,,,
intensificou,intensificar,Fin,Ind,Past,3,Sing,,,
cabia,caber,Fin,Ind,Imp,3,Sing,,,
movimentado,movimentar,Part,,,,Sing,Masc,,
filmados,filmar,Part,,,,Plur,Masc,Pass,
escorou,escorar,Fin,Ind,Past,3,Sing,,,
acontecia,acontecer,Fin,Ind,Imp,3,Sing,,,
insatisfeitos,insatisfeito,Part,,,,Plur,Masc,,
optasse,optar,Fin,Sub,Imp,3,Sing,,,
empregar,empregar,Inf,,,,,,,
rebatida,rebater,Part,,,,Sing,Fem,Pass,
desmotivadas,desmotivar,Part,,,,Plur,Fem,,
anunciei,anunciar,Fin,Ind,Past,1,Sing,,,
esquentar,esquentar,Inf,,,,,,,
compra,compra,Fin,Ind,Pres,3,Sing,,,
financiados,financiar,Part,,,,Plur,Masc,Pass,
atendem,atender,Fin,Ind,Pres,3,Plur,,,
anualizado,anualizar,Part,,,,Sing,Masc,,
precisasse,precisar,Fin,Sub,Imp,3,Sing,,,
usaria,usar,Fin,Cnd,,3,Sing,,,
diisse,dizer,Fin,Ind,Imp,3,Sing,,,
invertendo,inverter,Ger,,,,,,,
celebravam,celebravar,Fin,Ind,Imp,3,Plur,,,
publicavam,publicar,Fin,Ind,Imp,3,Plur,,,
marcará,marcar,Fin,Ind,Fut,3,Sing,,,
movimentar,movimentar,Inf,,,3,Sing,,,
regula,regular,Fin,Ind,Pres,3,Sing,,,
Imagina,imaginar,Fin,Ind,Pres,3,Sing,,,
veem,vir,Fin,Ind,Pres,3,Plur,,,
comandada,comandar,Part,,,,Sing,Fem,Pass,
transcorreu,transcorrer,Fin,Ind,Past,3,Sing,,,
protocolar,protocolar,Inf,,,,,,,
passo,passo,Fin,Ind,Pres,1,Sing,,,
tomados,tomar,Part,,,,Plur,Masc,,
gripado,gripar,Part,,,,Sing,Masc,,
viajaria,viajar,Fin,Cnd,,3,Sing,,,
Pudemos,puder,Fin,Ind,Pres,1,Plur,,,
caímos,cair,Fin,Ind,Pres,1,Plur,,,
gravaram,gravar,Fin,Ind,Past,3,Plur,,,
enviaria,enviar,Fin,Cnd,,3,Sing,,,
suceder,suceder,Fin,Sub,Fut,3,Sing,,,
venda,venda,Fin,Ind,Pres,3,Sing,,,
adquirir,adquirir,Inf,,,3,Sing,,,
gravados,gravar,Part,,,,Plur,Masc,,
rodados,rodar,Part,,,,Plur,Masc,Pass,
concluídas,concluir,Part,,,,Plur,Fem,,
finalizados,finalizar,Part,,,,Plur,Masc,,
citou,citar,Fin,Ind,Past,3,Sing,,,
Dizia,dizer,Fin,Ind,Imp,3,Sing,,,
abandonado,abandonar,Part,,,,Sing,Masc,Pass,
veiculadas,veicular,Part,,,,Plur,Fem,,
responsabilizar,responsabilizar,Inf,,,3,Sing,,,
Precisa,precisar,Fin,Ind,Pres,3,Sing,,,
arrumam,arrumar,Fin,Ind,Pres,3,Plur,,,
embarcam,embarcar,Fin,Ind,Pres,3,Plur,,,
modernizar,modernizar,Inf,,,,,,,
compartilhada,compartilhar,Part,,,,Sing,Fem,,
interagimos,interagimar,Fin,Ind,Pres,1,Plur,,,
consultando,consultar,Ger,,,,,,,
pronta,pronto,Part,,,,Sing,Fem,,
rejeitaram,rejeitar,Fin,Ind,Past,3,Plur,,,
promovida,promover,Part,,,,Sing,Fem,Pass,
anteciparam,antecipar,Fin,Ind,Past,3,Plur,,,
quitado,quitar,Part,,,,Sing,Masc,Pass,
atirou,atirar,Fin,Ind,Past,3,Sing,,,
registrada,registrar,Part,,,,Sing,Fem,Pass,
caída,cair,Part,,,,Sing,Fem,,
liberadas,liberar,Part,,,,Plur,Fem,Pass,
recrutar,recrutar,Inf,,,,,,,
ateou,atear,Fin,Ind,Past,3,Sing,,,
contaminada,contaminar,Part,,,,Sing,Fem,Pass,
badalados,badalar,Part,,,,Plur,Masc,,
doaram,doar,Fin,Ind,Past,3,Plur,,,
apreciado,apreciar,Part,,,,Sing,Masc,Pass,
tardar,tardar,Inf,,,,,,,
atrapalhe,atrapalhar,Fin,Sub,Pres,3,Sing,,,
mobilizaram,mobilizar,Fin,Ind,Past,3,Plur,,,
ultrapassem,ultrapassar,Fin,Sub,Pres,3,Plur,,,
elogia,elogiar,Fin,Ind,Pres,3,Sing,,,
usarem,usar,Inf,,,3,Plur,,,
firmado,firmar,Part,,,,Sing,Masc,,
auditada,auditar,Part,,,,Sing,Fem,Pass,
liderando,liderar,Ger,,,,,,,
interrompa,interrompar,Fin,Sub,Pres,3,Sing,,,
retratados,retratar,Part,,,,Plur,Masc,Pass,
descobrindo,descobrir,Ger,,,,,,,
traída,trazer,Part,,,,Sing,Fem,Pass,
envolveu,envolver,Fin,Ind,Past,3,Sing,,,
surgir,surgir,Fin,Sub,Fut,3,Sing,,,
empolgue,empolguir,Fin,Sub,Pres,3,Sing,,,
Clique,clicar,Fin,Sub,Pres,3,Sing,,,
conviveu,conviver,Fin,Ind,Past,3,Sing,,,
disparado,disparar,Part,,,,Sing,Masc,Pass,
Confie,confiar,Fin,Sub,Pres,3,Sing,,,
casou,casar,Fin,Ind,Past,3,Sing,,,
amenizar,amenizar,Inf,,,,,,,
inaugurado,inaugurar,Part,,,,Sing,Masc,Pass,
cuidam,cuidar,Fin,Ind,Pres,3,Plur,,,
certificar,certificar,Inf,,,,,,,
conduzia,conduzir,Fin,Ind,Imp,3,Sing,,,
clique,clicar,Fin,Sub,Pres,3,Sing,,,
anotou,anotar,Fin,Ind,Past,3,Sing,,,
liberada,liberar,Part,,,,Sing,Fem,Pass,
disputaram,disputar,Fin,Ind,Past,3,Plur,,,
xingado,xingar,Part,,,,Sing,Masc,Pass,
achavam,achar,Fin,Ind,Imp,3,Plur,,,
rechaçar,rechaçar,Inf,,,,,,,
chefiar,chefiar,Inf,,,,,,,
prestado,prestar,Part,,,,Sing,Masc,Pass,
admirei,admirar,Fin,Ind,Past,1,Sing,,,
respeitar,respeitar,Inf,,,,,,,
Sabemos,saber,Fin,Ind,Pres,1,Plur,,,
treinados,treinar,Part,,,,Plur,Masc,,
configurar,configurar,Inf,,,,,,,
complete,completar,Fin,Sub,Pres,3,Sing,,,
realizara,realizar,Fin,Ind,Past,3,Sing,,,
desastrosas,desastrasar,Part,,,,Plur,Fem,Pass,
convertia,converter,Fin,Ind,Imp,3,Sing,,,
prenderam,prender,Fin,Ind,Past,3,Plur,,,
premiando,premiar,Ger,,,,,,,
defina,definar,Fin,Sub,Pres,3,Sing,,,
interditou,interditar,Fin,Ind,Past,3,Sing,,,
prestaram,prestar,Fin,Ind,Past,3,Plur,,,
ressaltou,ressaltar,Fin,Ind,Past,3,Sing,,,
articulam,articular,Fin,Ind,Pres,3,Plur,,,
amarelada,amarelar,Part,,,,Sing,Fem,,
envernizados,envernizar,Part,,,,Plur,Masc,,
contava,contar,Fin,Ind,Imp,3,Sing,,,
oficializada,oficializar,Part,,,,Sing,Fem,Pass,
incluiu,incluir,Fin,Ind,Past,3,Sing,,,
buscava,buscar,Fin,Ind,Imp,3,Sing,,,
coroar,coroar,Inf,,,,,,,
mobilizou,mobilizar,Fin,Ind,Past,3,Sing,,,
lançamos,lançar,Fin,Ind,Pres,1,Plur,,,
Trabalhou,trabalhar,Fin,Ind,Past,3,Sing,,,
repassados,repassar,Part,,,,Plur,Masc,Pass,
disserem,dizer,Fin,Sub,Fut,3,Plur,,,
irem,ir,Inf,,,3,Plur,,,
demovidos,demover,Part,,,,Plur,Masc,Pass,
atualizada,atualizar,Part,,,,Sing,Fem,,
recebi,receber,Fin,Ind,Past,1,Sing,,,
CONHECE,conhecer,Fin,Ind,Pres,3,Sing,,,
surgisse,surgir,Fin,Sub,Imp,3,Sing,,,
homologado,homologar,Part,,,,Sing,Masc,Pass,
rejeitado,rejeitar,Part,,,,Sing,Masc,Pass,
atenderão,atender,Fin,Ind,Fut,3,Plur,,,
Trabalhamos,trabalhar,Fin,Ind,Pres,1,Plur,,,
atuo,atuar,Fin,Ind,Pres,1,Sing,,,
obstaculiza,obstaculizar,Fin,Ind,Pres,3,Sing,,,
sonhei,sonhar,Fin,Ind,Past,1,Sing,,,
reiteram,reiterar,Fin,Ind,Pres,3,Plur,,,
Ia,ir,Fin,Ind,Imp,3,Sing,,,
morar,morar,Inf,,,,,,,
namorou,namorar,Fin,Ind,Past,3,Sing,,,
forçado,forçar,Part,,,,Sing,Masc,Pass,
desestimulada,desestimular,Part,,,,Sing,Fem,,
celebrou,celebrar,Fin,Ind,Past,3,Sing,,,
desprezou,desprezar,Fin,Ind,Past,3,Sing,,,
terminado,terminar,Part,,,,Sing,Masc,,
trocá,trocar,Inf,,,,,,,
desfez,desfezer,Fin,Ind,Past,3,Sing,,,
reassumida,reassumir,Part,,,,Sing,Fem,Pass,
deixar,deixar,Inf,,,3,Sing,,,AUX
revitalizado,revitalizar,Part,,,,Sing,Masc,,
pretendido,pretender,Part,,,,Sing,Masc,,
aduzir,aduzir,Inf,,,,,,,
apuram,apurar,Fin,Ind,Pres,3,Plur,,,
reivindica,reivindicar,Fin,Ind,Pres,3,Sing,,,
alvejado,alvejar,Part,,,,Sing,Masc,Pass,
pontuaram,pontuar,Fin,Ind,Pres,3,Plur,,,
dobrar,dobrar,Inf,,,,,,,
decepcionado,decepcionado,Part,,,,Sing,Masc,,
intimidar,intimidar,Inf,,,,,,,
convidar,convidar,Inf,,,,,,,
postam,postar,Fin,Ind,Pres,3,Plur,,,
conversando,conversar,Ger,,,,,,,
Reservado,reservar,Part,,,,Sing,Masc,,
soltou,soltar,Fin,Ind,Past,3,Sing,,,
devolveu,devolver,Fin,Ind,Past,3,Sing,,,
cometer,cometer,Inf,,,,,,,
termina,terminar,Fin,Ind,Pres,3,Sing,,,AUX
Completou,completar,Fin,Ind,Past,3,Sing,,,
explicita,explicitar,Fin,Ind,Pres,3,Sing,,,
iniciarem,iniciar,Fin,Sub,Fut,3,Plur,,,
iguala,igualar,Fin,Ind,Pres,3,Sing,,,
multada,multar,Part,,,,Sing,Fem,Pass,
fumavam,fumar,Fin,Ind,Imp,3,Plur,,,
fumassem,fumar,Fin,Sub,Imp,3,Plur,,,
ausentou,ausentar,Fin,Ind,Past,3,Sing,,,
reintegrar,reintegrar,Inf,,,,,,,
apressar,apressar,Inf,,,,,,,
Ficar,ficar,Inf,,,,Sing,,,
comemorado,comemorar,Part,,,,Sing,Masc,,
negociadas,negociar,Part,,,,Plur,Fem,Pass,
coexistirem,coexistir,Inf,,,3,Plur,,,
Indicam,indicar,Fin,Ind,Pres,3,Plur,,,
aprová,aprovar,Inf,,,,,,,
raspou,raspar,Fin,Ind,Past,3,Sing,,,
temia,temer,Fin,Ind,Imp,3,Sing,,,
levasse,levar,Fin,Sub,Imp,3,Sing,,,
moderar,moderar,Inf,,,,,,,
zarpando,zarpar,Ger,,,,,,,
terõa,ter,Fin,Ind,Pres,3,Plur,,,
avaliada,avaliado,Part,,,,Sing,Fem,,
cercam,cercar,Fin,Ind,Pres,3,Plur,,,
empoeiradas,empoeirar,Part,,,,Plur,Fem,,
repassadas,repassar,Part,,,,Plur,Fem,Pass,
gostamos,gostar,Fin,Ind,Pres,1,Plur,,,
pensávamos,pensar,Fin,Ind,Imp,1,Plur,,,
desperdiçadas,desperdiçar,Part,,,,Plur,Fem,,
premiado,premiar,Part,,,,Sing,Masc,Pass,
extinta,extinguir,Part,,,,Sing,Fem,Pass,
motivado,motivado,Part,,,,Sing,Masc,Pass,
apresentarão,apresentar,Fin,Ind,Fut,3,Plur,,,
cobertos,cobrir,Part,,,,Plur,Masc,,
Temendo,temer,Ger,,,,,,,
confira,confirir,Fin,Sub,Pres,3,Sing,,,
salvar,salvar,Inf,,,3,Sing,,,
evadir,evadir,Inf,,,,,,,
presas,prender,Part,,,,Plur,Fem,Pass,
autorizada,autorizar,Part,,,,Sing,Fem,,
cometidos,cometer,Part,,,,Plur,Masc,Pass,
arrependido,arrepender,Part,,,,,,,
concedido,conceder,Part,,,,Sing,Masc,Pass,
demonstrava,demonstrar,Fin,Ind,Imp,3,Sing,,,
comprometam,comprometer,Fin,Sub,Pres,3,Plur,,,
bebendo,beber,Ger,,,,,,,
feriu,ferir,Fin,Ind,Past,3,Sing,,,
virar,virar,Inf,,,,,,,
drenar,drenar,Inf,,,3,Sing,,,
inalaram,inalar,Fin,Ind,Past,3,Plur,,,
Acusado,acusar,Part,,,,Sing,Masc,Pass,
atrapalhar,atrapalhar,Inf,,,,,,,
direto,direger,Part,,,,Sing,Masc,Pass,
ocupado,ocupar,Part,,,,Sing,Masc,,
impactou,impactar,Fin,Ind,Past,3,Sing,,,
remoinhou,remoinhar,Fin,Ind,Past,3,Sing,,,
fabricado,fabricar,Part,,,,Sing,Masc,Pass,
cortaram,cortar,Fin,Ind,Past,3,Plur,,,
antecipado,antecipar,Part,,,,,,,
premiadas,premiar,Part,,,,Plur,Fem,Pass,
ambientado,ambientar,Part,,,,Sing,Masc,,
persegue,perseguir,Fin,Ind,Pres,3,Sing,,,
focar,focar,Inf,,,,,,,
emana,emanar,Fin,Ind,Pres,3,Sing,,,
leiloados,leiloar,Part,,,,Plur,Masc,Pass,
interposto,interpor,Part,,,,Sing,Masc,Pass,
tumultuou,tumultuar,Fin,Ind,Past,3,Sing,,,
Pediu,pedir,Fin,Ind,Past,3,Sing,,,
ensinados,ensinar,Part,,,,Plur,Masc,,
voltados,voltado,Part,,,,Plur,Masc,,
comissionados,comissionar,Part,,,,Plur,Masc,,
taxado,taxar,Part,,,,Sing,Masc,Pass,
pintado,pintar,Part,,,,Sing,Masc,,
ministradas,ministrar,Part,,,,Plur,Fem,Pass,
postados,postar,Part,,,,Plur,Masc,,
pelado,pelar,Part,,,,Sing,Masc,,
fortalecida,fortalecer,Part,,,,Sing,Fem,Pass,
abrigará,abrigar,Fin,Ind,Fut,3,Sing,,,
acompanhará,acompanhar,Fin,Ind,Fut,3,Sing,,,
erradas,errar,Part,,,,Plur,Fem,,
manifestado,manifestar,Part,,,,Sing,Masc,Pass,
vejo,vir,Fin,Ind,Pres,1,Sing,,,
pisada,pisar,Part,,,,Sing,Fem,Pass,
invadirá,invadir,Fin,Ind,Fut,3,Sing,,,
obrigado,obrigar,Part,,,,Sing,Masc,Pass,
desalojados,desalojar,Part,,,,Plur,Masc,Pass,
enquadrando,enquadrar,Ger,,,,,,,
merecia,merecer,Fin,Ind,Imp,3,Sing,,,
colhida,colher,Part,,,,Sing,Fem,,
entendemos,entender,Fin,Ind,Pres,1,Plur,,,
precisar,precisar,Inf,,,,,,,
devastar,devastar,Inf,,,,,,,
moderados,moderar,Part,,,,Plur,Masc,Pass,
Escreveu,escrever,Fin,Ind,Past,3,Sing,,,
aprendem,aprender,Fin,Ind,Pres,3,Plur,,,
cativar,cativar,Inf,,,,,,,
repatriar,repatriar,Inf,,,,,,,
adquiram,adquir,Fin,Sub,Pres,3,Plur,,,
estimulando,estimular,Ger,,,,,,,
marcado,marcar,Part,,,,,,,
cobrados,cobrar,Part,,,,Plur,Masc,Pass,
errando,errar,Ger,,,,,,,
aperfeiçoado,aperfeiçoar,Part,,,,Sing,Masc,,
supervisionou,supervisionar,Fin,Ind,Past,3,Sing,,,
atacaram,atacar,Fin,Ind,Past,3,Plur,,,
instalaram,instalar,Fin,Ind,Past,3,Plur,,,
aterrorizaram,aterrorizar,Fin,Ind,Past,3,Plur,,,
torturaram,torturar,Fin,Ind,Past,3,Plur,,,
listados,listar,Part,,,,Plur,Masc,,
colocaram,colocar,Fin,Ind,Past,3,Plur,,,
revoltados,revoltar,Part,,,,Plur,Masc,,
depredaram,depredar,Fin,Ind,Past,3,Plur,,,
continuado,continuar,Part,,,,,,,
aposentar,aposentar,Inf,,,,,,,
consultar,consultar,Inf,,,,,,,
agradando,agradar,Ger,,,,,,,
proporcionarão,proporcionar,Fin,Ind,Fut,3,Plur,,,
contratados,contratar,Part,,,,Plur,Masc,Pass,
demitidos,demitir,Part,,,,Plur,Masc,,
recebidas,receber,Part,,,,Plur,Fem,,
fugiu,fugir,Fin,Ind,Past,3,Sing,,,
despercebido,desperceber,Part,,,,,,,
trombam,trombar,Fin,Ind,Pres,3,Plur,,,
oficializa,oficializar,Fin,Ind,Pres,3,Sing,,,
integrado,integrar,Part,,,,Sing,Masc,Pass,
seguidas,seguir,Part,,,,Plur,Fem,,
difamando,difamar,Ger,,,,,,,
passariam,passar,Fin,Cnd,,3,Plur,,,
recuperasse,recuperar,Fin,Sub,Imp,3,Sing,,,
reconquistasse,reconquistar,Fin,Sub,Imp,3,Sing,,,
constataram,constatar,Fin,Ind,Past,3,Plur,,,
contempladas,contemplar,Part,,,,Plur,Fem,Pass,
abalada,abalar,Part,,,,Sing,Fem,Pass,
endividada,endividar,Part,,,,Sing,Fem,,
assegurou,assegurar,Fin,Ind,Past,3,Sing,,,
listada,listar,Part,,,,Sing,Fem,Pass,
disponibilizados,disponibilizar,Part,,,,Plur,Masc,,
mancha,manchar,Fin,Ind,Pres,3,Sing,,,
contará,contar,Fin,Ind,Fut,3,Sing,,,
relataram,relatar,Fin,Ind,Past,3,Plur,,,
brigava,brigar,Fin,Ind,Imp,3,Sing,,,
Paramos,parar,Fin,Ind,Pres,1,Plur,,,
uso,uso,Fin,Ind,Pres,1,Sing,,,
batucar,batucar,Inf,,,,,,,
conseguiremos,conseguir,Fin,Ind,Fut,1,Plur,,,
queria,querer,Fin,Ind,Imp,1,Sing,,,
sobreviver,sobreviver,Inf,,,,,,,
indevida,indever,Part,,,,Sing,Fem,,
Precisava,precisar,Fin,Ind,Imp,3,Sing,,,
trouxeram,trazer,Fin,Ind,Past,3,Plur,,,
selou,selar,Fin,Ind,Past,3,Sing,,,
encabeçada,encabeçar,Part,,,,Sing,Fem,,
finalizou,finalizar,Fin,Ind,Past,3,Sing,,,
retomamos,retomar,Fin,Ind,Pres,1,Plur,,,
expressou,expressar,Fin,Ind,Past,3,Sing,,,
caída,cair,Part,,,,Sing,Fem,Pass,
atraem,atrair,Fin,Ind,Pres,3,Plur,,,
Jogar,jogar,Inf,,,,,,,
adquirindo,adquirir,Ger,,,,,,,
atingirá,atingir,Fin,Ind,Fut,3,Sing,,,
marcasse,marcar,Fin,Sub,Imp,3,Sing,,,
ajudá,ajudar,Inf,,,,,,,
firmados,firmar,Part,,,,Plur,Masc,Pass,
reatado,reatar,Part,,,,Sing,Masc,Pass,
explorá,explorar,Inf,,,,,,,
confrontando,confrontar,Ger,,,,,,,
repetidas,repetir,Part,,,,Plur,Fem,,
perca,percar,Fin,Sub,Pres,3,Sing,,,
achar,achar,Inf,,,3,Sing,,,
espante,espantar,Fin,Sub,Pres,3,Sing,,,
agravada,agravar,Part,,,,Sing,Fem,,
cozido,cozer,Part,,,,Sing,Masc,,
cortados,cortar,Part,,,,Plur,Masc,,
levá,levar,Fin,Sub,Pres,3,Plur,,,
Acabo,acabar,Fin,Ind,Pres,1,Sing,,,AUX
concluam,concluar,Fin,Sub,Pres,3,Plur,,,
caracterizara,caracterizar,Fin,Ind,Pres,3,Sing,,,
deteria,deter,Fin,Ind,Imp,3,Sing,,,
adotarem,adotar,Inf,,,3,Plur,,,
saímos,sair,Fin,Ind,Past,1,Plur,,,
incentivado,incentivar,Part,,,,Sing,Masc,,
interessar,interessar,Fin,Sub,Fut,3,Sing,,,
arcar,arcar,Inf,,,,,,,
Derrotar,derrotar,Inf,,,,,,,
concede,conceder,Fin,Ind,Pres,3,Sing,,,
preferida,preferir,Part,,,,Sing,Fem,,
controlou,controlar,Fin,Ind,Past,3,Sing,,,
reencontrarem,reencontrar,Inf,,,3,Plur,,,
participará,participar,Fin,Ind,Fut,3,Sing,,,
obedecendo,obedecer,Ger,,,,,,,
debatido,debater,Part,,,,Sing,Masc,,
CONTORNE,contorner,Fin,Sub,Pres,3,Sing,,,
acorde,acordar,Fin,Sub,Pres,3,Sing,,,
isentar,isentar,Inf,,,,,,,
responsabilizando,responsabilizar,Ger,,,,,,,
conversaram,conversar,Fin,Ind,Past,3,Plur,,,
riram,rir,Fin,Ind,Past,3,Plur,,,
excluídas,excluir,Part,,,,Plur,Fem,,
assinalou,assinalar,Fin,Ind,Past,3,Sing,,,
decidirão,decidir,Fin,Ind,Fut,3,Plur,,,
admitirá,admitir,Fin,Ind,Fut,3,Sing,,,
destruída,destruir,Part,,,,Sing,Fem,,
aderia,aderir,Fin,Ind,Pres,3,Sing,,,
pronunciados,pronunciar,Part,,,,Plur,Masc,Pass,
diagnosticar,diagnosticar,Inf,,,,,,,
pousarão,pousar,Fin,Ind,Pres,3,Plur,,,
agradeceu,agradecer,Fin,Ind,Past,3,Sing,,,
desconhecida,desconhecer,Part,,,,Sing,Fem,Pass,
efetuadas,efetuar,Part,,,,Plur,Fem,,
integrarão,integrar,Fin,Ind,Fut,3,Plur,,,
lidam,ler,Fin,Ind,Pres,3,Plur,,,
percorrerão,percorrer,Fin,Ind,Fut,3,Plur,,,
relatadas,relatar,Part,,,,Plur,Fem,,
manipula,manipular,Fin,Ind,Pres,3,Sing,,,
tocado,tocar,Part,,,,Sing,Masc,,
movida,mover,Part,,,,Sing,Fem,,
desceram,descer,Fin,Ind,Past,3,Plur,,,
completaram,completar,Fin,Ind,Past,3,Plur,,,
cadastrar,cadastrar,Inf,,,,,,,
instituir,instituir,Inf,,,,,,,
completou,completar,Fin,Ind,Past,3,Sing,,,
atualizado,atualizar,Part,,,,Sing,Masc,,
voltaria,voltar,Fin,Cnd,,3,Sing,,,
comprado,comprar,Part,,,,,,,
mudado,mudar,Part,,,,Sing,Masc,Pass,
informava,informar,Fin,Ind,Imp,3,Sing,,,
praticou,praticar,Fin,Ind,Past,3,Sing,,,
andava,andar,Fin,Ind,Imp,3,Sing,,,
afirmado,afirmar,Part,,,,Sing,Masc,,
excluir,excluir,Inf,,,,,,,
recepcionará,recepcionar,Fin,Ind,Fut,3,Sing,,,
aprovados,aprovar,Part,,,,Plur,Masc,,
paira,pair,Fin,Ind,Pres,3,Sing,,,
danificados,danificar,Part,,,,Plur,Masc,,
restringirá,restringir,Fin,Ind,Fut,3,Sing,,,
situava,situar,Fin,Ind,Imp,3,Sing,,,
derrubado,derrubar,Part,,,,Sing,Masc,Pass,
opinou,opinar,Fin,Ind,Past,3,Sing,,,
seifadas,seifar,Part,,,,Plur,Fem,Pass,
inscritas,inscrever,Part,,,,Plur,Fem,,
completado,completar,Part,,,,,,,
acata,acatar,Fin,Ind,Pres,3,Sing,,,
equiparam,equipar,Fin,Ind,Pres,3,Plur,,,
Participarão,participar,Fin,Ind,Fut,3,Plur,,,
pare,parer,Fin,Sub,Pres,3,Sing,,,AUX
habilitadas,habilitar,Part,,,,Plur,Fem,,
passaria,passar,Fin,Cnd,,3,Sing,,,
aguardaria,aguardar,Fin,Cnd,,3,Sing,,,
afiliada,afiliar,Part,,,,Sing,Fem,,
passavam,passar,Fin,Ind,Imp,3,Plur,,,
adoram,adorar,Fin,Ind,Pres,3,Plur,,,
cambiar,cambiar,Inf,,,,,,,
politizado,politizar,Part,,,,Sing,Masc,,
quebrada,quebrar,Part,,,,Sing,Fem,,
pronunciar,pronunciar,Inf,,,,,,,
deparou,deparar,Fin,Ind,Past,3,Sing,,,
encobre,encobrir,Fin,Ind,Pres,3,Sing,,,
viola,violar,Fin,Ind,Pres,3,Sing,,,
vestiram,vestir,Fin,Ind,Past,3,Plur,,,
balançava,balançar,Fin,Ind,Imp,3,Sing,,,
ligava,ligar,Fin,Ind,Imp,3,Sing,,,
Ler,ler,Inf,,,,,,,
articulada,articular,Part,,,,Sing,Fem,Pass,
circulando,circular,Ger,,,,,,,
atrasado,atrasado,Part,,,,Sing,Masc,,
superlotado,superlotar,Part,,,,Sing,Masc,,
MEDIDO,medidor,Part,,,,Sing,Masc,Pass,
ATINGIREMOS,atingir,Fin,Ind,Pres,1,Plur,,,
Utilize,utilizar,Fin,Sub,Pres,3,Sing,,,
escrevi,escrever,Fin,Ind,Past,1,Sing,,,
livrei,livrar,Fin,Ind,Past,1,Sing,,,
Conheça,conheçar,Fin,Sub,Pres,3,Sing,,,
caindo,cair,Ger,,,,,,,
buscarem,buscar,Inf,,,3,Plur,,,
Precisamos,precisar,Fin,Ind,Pres,1,Plur,,,
executada,executar,Part,,,,Sing,Fem,Pass,
Resolve,resolver,Fin,Ind,Pres,3,Sing,,,
retarda,retardar,Fin,Ind,Pres,3,Sing,,,
avistarem,avistar,Inf,,,3,Plur,,,
comunicado,comunicar,Part,,,,Sing,Masc,Pass,
votados,votar,Part,,,,Plur,Masc,,
definir,definir,Inf,,,3,,,,
chuta,chutar,Fin,Ind,Pres,3,Sing,,,
mudar,mudar,Inf,,,3,Sing,,,
vendidos,vendir,Part,,,,Plur,Masc,Pass,
pagaria,pagar,Fin,Cnd,,3,Sing,,,
cheias,cheia,Part,,,,Plur,Fem,,
pago,pagar,Fin,Ind,Pres,3,Sing,,,
apartados,apartar,Part,,,,Plur,Masc,Pass,
feridos,ferir,Part,,,,Plur,Masc,,
abrimos,abrir,Fin,Ind,Pres,1,Plur,,,
concluídos,concluir,Part,,,,Plur,Masc,Pass,
aptos,aptar,Part,,,,Plur,Masc,,
brigando,brigar,Ger,,,,,,,
indiciada,indiciar,Part,,,,Sing,Fem,Pass,
responsabilizada,responsabilizar,Part,,,,Sing,Fem,,
qualificado,qualificar,Part,,,,Sing,Masc,,
Recorde,recordar,Fin,Sub,Pres,3,Sing,,,
empreendendo,empreender,Ger,,,,,,,
Entramos,entrar,Fin,Ind,Pres,1,Plur,,,
pego,pegar,Fin,Ind,Pres,1,Sing,,,
observe,observar,Fin,Sub,Pres,3,Sing,,,
falar,falar,Inf,,,3,Sing,,,
repatriado,repatriar,Part,,,,Sing,Masc,Pass,
alugado,alugar,Part,,,,Sing,Masc,Pass,
baseou,basear,Fin,Ind,Past,3,Sing,,,
presídiu,presídir,Fin,Ind,Past,3,Sing,,,
apoiar,apoiar,Fin,Sub,Fut,3,Sing,,,
descubra,descubrar,Fin,Sub,Pres,3,Sing,,,
prejudicarão,prejudicar,Fin,Ind,Fut,3,Plur,,,
poluirão,poluir,Fin,Ind,Pres,3,Plur,,,
objetiva,objetivar,Fin,Ind,Fut,3,Sing,,,
desfrutam,desfrutar,Fin,Ind,Pres,3,Plur,,,
periciada,periciar,Part,,,,Sing,Fem,Pass,
deposto,depostar,Part,,,,Sing,Masc,,
descordar,descordar,Inf,,,,,,,
reiterada,reiterar,Part,,,,Sing,Fem,,
falecendo,falecer,Ger,,,,,,,
sepultado,sepultar,Part,,,,Sing,Masc,,
Trabalhava,trabalhar,Fin,Ind,Imp,3,Sing,,,
alegam,alegar,Fin,Ind,Pres,3,Plur,,,
cobrá,cobrir,Inf,,,,,,,
julgando,julgar,Ger,,,,,,,
impetrado,impetrar,Part,,,,Sing,Masc,Pass,
promulgada,promulgar,Part,,,,Sing,Fem,Pass,
Acesse,acrir,Fin,Sub,Pres,3,Sing,,,
encontre,encontrar,Fin,Sub,Pres,3,Sing,,,
conquistada,conquistar,Part,,,,Sing,Fem,Pass,
reconstruída,reconstruir,Part,,,,Sing,Fem,,
tumultuado,tumultuar,Part,,,,Sing,Masc,,
fundado,fundar,Part,,,,Sing,Masc,,
desperdiçar,desperdiçar,Inf,,,,,,,
movimento,movimento,Fin,Ind,Pres,1,Sing,,,
explodiram,explodir,Fin,Ind,Past,3,Plur,,,
concedem,conceder,Fin,Ind,Pres,3,Plur,,,
rapta,raptar,Fin,Ind,Pres,3,Sing,,,
errou,errar,Fin,Ind,Past,3,Sing,,,
estufar,estufar,Inf,,,3,Sing,,,
adotemos,adotar,Fin,Ind,Pres,1,Plur,,,
vigiarmos,vigiar,Inf,,,1,Plur,,,
argumenta,argumentar,Fin,Ind,Pres,3,Sing,,,
enxurradas,enxurrar,Part,,,,Plur,Fem,,
superaram,superar,Fin,Ind,Past,3,Plur,,,
posar,posar,Inf,,,,,,,
criticados,criticar,Part,,,,Plur,Masc,Pass,
arrecadadas,arrecadar,Part,,,,Plur,Fem,,
declarado,declarar,Part,,,,Sing,Masc,Pass,
traduzidas,traduzir,Part,,,,Plur,Fem,Pass,
revisados,revisar,Part,,,,Plur,Masc,Pass,
sofrerá,sofrer,Fin,Ind,Fut,3,Sing,,,
desferir,desferir,Inf,,,,,,,
Saber,Saber,Inf,,,,,,,
cogitado,cogitar,Part,,,,Sing,Masc,,
resgatam,resgatar,Fin,Ind,Pres,3,Plur,,,
invadam,invadar,Fin,Sub,Pres,3,Plur,,,
semeiam,semeiar,Fin,Ind,Pres,3,Plur,,,
expediu,expedir,Fin,Ind,Past,3,Sing,,,
restem,restar,Fin,Sub,Pres,3,Plur,,,
Composta,compor,Part,,,,Sing,Fem,Pass,
certificado,certificar,Part,,,,Sing,Masc,Pass,
Vejo,vir,Fin,Ind,Pres,1,Sing,,,
encerraram,encerrar,Fin,Ind,Past,3,Plur,,,
caminham,caminhar,Fin,Ind,Pres,3,Plur,,,
liberada,liberar,Part,,,,Sing,Fem,,
sincronizados,sincronizar,Part,,,,Plur,Masc,,
editadas,editar,Part,,,,Plur,Fem,Pass,
suspeitos,suspeito,Part,,,,Plur,Masc,,
finalizará,finalizar,Fin,Ind,Fut,3,Sing,,,
minou,minar,Fin,Ind,Past,3,Sing,,,
Deixe,deixar,Fin,Sub,Pres,3,Sing,,,
cozinhe,cozinhar,Fin,Sub,Pres,3,Sing,,,
conturbados,conturbar,Part,,,,Plur,Masc,,
matado,matar,Part,,,,,,,
remuneradas,remunerar,Part,,,,Plur,Fem,Pass,
surpreenderam,surpreender,Fin,Ind,Past,3,Plur,,,
anunciados,anunciar,Part,,,,Plur,Masc,,
abaluartado,abaluartar,Part,,,,Sing,Masc,,
desgastar,desgastar,Inf,,,,,,,
cantei,cantar,Fin,Ind,Past,1,Sing,,,
socorrida,socorrer,Part,,,,Sing,Fem,Pass,
lavada,lavar,Part,,,,Sing,Fem,,
causado,causar,Part,,,,,,,
desamparado,desamparar,Part,,,,,,,
proporcionem,proporcionar,Fin,Sub,Pres,3,Plur,,,
empreender,empreender,Inf,,,,,,,
Derivados,derivar,Part,,,,Plur,Masc,,
intimidou,intimidar,Fin,Ind,Past,3,Sing,,,
superem,superar,Fin,Sub,Pres,3,Plur,,,
deixadas,deixar,Part,,,,Plur,Fem,Pass,
ame,amir,Fin,Sub,Pres,3,Sing,,,
demonstre,demonstrar,Fin,Sub,Pres,3,Sing,,,
goste,gostar,Fin,Sub,Pres,3,Sing,,,
reprimidos,reprimir,Part,,,,Plur,Masc,Pass,
Apoiamos,apoiar,Fin,Ind,Pres,1,Plur,,,
proferidas,proferir,Part,,,,Plur,Fem,Pass,
defendido,defender,Part,,,,Sing,Masc,Pass,
carregando,carregar,Ger,,,,,,,
arrecadados,arrecadar,Part,,,,Plur,Masc,Pass,
saltaram,saltar,Fin,Ind,Past,3,Plur,,,
administrado,administrar,Part,,,,Sing,Masc,,
fiscalizadas,fiscalizar,Part,,,,Plur,Fem,,
castrados,castrar,Part,,,,Plur,Masc,,
podou,poder,Fin,Ind,Past,3,Sing,,,
recuado,recuar,Part,,,,,,,
contraindo,contrair,Ger,,,,,,,
ganhem,ganhar,Fin,Sub,Pres,3,Plur,,,
assinará,assinar,Fin,Ind,Fut,3,Sing,,,
começariam,começar,Fin,Cnd,,3,Plur,,,
valer,valer,Inf,,,,,,,
modificada,modificar,Part,,,,Sing,Fem,Pass,
assassinadas,assassinar,Part,,,,Plur,Fem,Pass,
liberado,liberar,Part,,,,Sing,Masc,,
paralisar,paralisar,Inf,,,,,,,
forçar,forçar,Inf,,,,,,,
Comprava,comprar,Fin,Ind,Imp,3,Sing,,,
morrendo,morrer,Ger,,,,,,,
indefinidas,indefinir,Part,,,,Plur,Fem,,
comprem,comprir,Fin,Sub,Pres,3,Plur,,,
preservá,preservar,Inf,,,,,,,
liquidou,liquidar,Fin,Ind,Past,3,Sing,,,
realimentando,realimentar,Ger,,,,,,,
aprendemos,aprender,Fin,Ind,Pres,1,Plur,,,
expomos,exporar,Fin,Ind,Pres,1,Plur,,,
Pressionada,pressionar,Part,,,,Sing,Fem,Pass,
comandam,comandar,Fin,Ind,Pres,3,Plur,,,
ascenderam,ascender,Fin,Ind,Past,3,Plur,,,
afastados,afastar,Part,,,,Plur,Masc,,
Hospedada,hospedar,Part,,,,Sing,Fem,,
retornou,retornar,Fin,Ind,Past,3,Sing,,,
embarcou,embarcar,Fin,Ind,Past,3,Sing,,,
fretado,fretar,Part,,,,Sing,Masc,,
representá,representar,Inf,,,,,,,
comunicam,comunicar,Fin,Ind,Pres,3,Plur,,,
Mandou,mandar,Fin,Ind,Past,3,Sing,,,
esfaqueada,esfaquear,Part,,,,Sing,Fem,Pass,
chamado,chamar,Part,,,,,,,
tentar,tentar,Inf,,,3,Sing,,,
subestimar,subestimar,Inf,,,,,,,
poderei,poder,Fin,Ind,Fut,1,Sing,,,
recrutados,recrutar,Part,,,,Plur,Masc,Pass,
solicitada,solicitar,Part,,,,Sing,Fem,Pass,
comemorou,comemorar,Fin,Ind,Past,3,Sing,,,
pertenciam,pertencer,Fin,Ind,Imp,3,Plur,,,
realizariam,realizar,Fin,Cnd,,3,Plur,,,
mensurou,mensurar,Fin,Ind,Past,3,Sing,,,
sofriam,sofrer,Fin,Ind,Imp,3,Plur,,,
abrigar,abrigar,Inf,,,,,,,
reuniam,reunir,Fin,Ind,Imp,3,Plur,,,
incluíam,incluir,Fin,Ind,Imp,3,Plur,,,
convivi,conviver,Fin,Ind,Past,1,Sing,,,
ovacionado,ovacionar,Part,,,,Sing,Masc,Pass,
discursado,discursar,Part,,,,,,,
cunhou,cunhar,Fin,Ind,Past,3,Sing,,,
poupar,poupar,Inf,,,,,,,
encheu,encher,Fin,Ind,Past,3,Sing,,,
atraiu,atrair,Fin,Ind,Past,3,Sing,,,
passeavam,passeavar,Fin,Ind,Imp,3,Plur,,,
entrado,entrar,Part,,,,,,,
autuados,autuar,Part,,,,Plur,Masc,Pass,
editado,editar,Part,,,,Sing,Masc,,
Divulgada,divulgar,Part,,,,Sing,Fem,,
amordaçada,amordaçar,Part,,,,Sing,Fem,,
estive,estar,Fin,Ind,Past,1,Sing,,,
demorarão,demorar,Fin,Ind,Fut,3,Plur,,,
decepcionaram,decepcionar,Fin,Ind,Past,3,Plur,,,
gostar,gostar,Inf,,,,,,,
escolhe,escolher,Fin,Ind,Pres,3,Sing,,,
estará,estar,Fin,Ind,Fut,3,Sing,,,
operavam,operar,Fin,Ind,Imp,3,Plur,,,
descoberta,descobrir,Part,,,,Sing,Fem,Pass,
superado,superar,Part,,,,Sing,Masc,Pass,
falida,falidar,Part,,,,Sing,Fem,,
durava,durar,Fin,Ind,Imp,3,Sing,,,
requisitadas,requisitar,Part,,,,Plur,Fem,,
avisado,avisar,Part,,,,Sing,Masc,Pass,
avisado,avisar,Part,,,,Sing,Masc,,
viveria,viver,Fin,Cnd,,3,Sing,,,
Impressionado,impressionar,Part,,,,Sing,Masc,,
desvendados,desvendar,Part,,,,Plur,Masc,Pass,
exportar,exportar,Inf,,,,,,,
adido,adir,Part,,,,Sing,Masc,Pass,
bastasse,bastar,Fin,Ind,Pres,1,Sing,,,
encarei,encarar,Fin,Ind,Past,1,Sing,,,
concordo,concordar,Fin,Ind,Pres,1,Sing,,,
vislumbramos,vislumbrar,Fin,Ind,Pres,1,Plur,,,
socorra,socorrer,Fin,Sub,Pres,3,Sing,,,
manisfestaram,manisfestar,Fin,Ind,Past,3,Plur,,,
economiza,economizar,Fin,Ind,Pres,3,Sing,,,
ressarcindo,ressarcir,Ger,,,,,,,
notificado,notificar,Part,,,,Sing,Masc,Pass,
perguntando,perguntar,Ger,,,,,,,
ingressou,ingressar,Fin,Ind,Past,3,Sing,,,
superassem,superar,Fin,Sub,Pres,3,Plur,,,
abdicar,abdicar,Inf,,,,,,,
demoraram,demorar,Fin,Ind,Past,3,Plur,,,AUX
aprendeu,aprender,Fin,Ind,Past,3,Sing,,,
doar,doar,Inf,,,,,,,
doa,dar,Fin,Ind,Pres,3,Sing,,,
dobrando,dobrar,Ger,,,,,,,
doados,doar,Part,,,,Plur,Masc,Pass,
apoiaram,apoiar,Fin,Ind,Past,3,Plur,,,
mostrem,mostrar,Fin,Sub,Pres,3,Plur,,,
parados,parar,Part,,,,Plur,Masc,,
prejudicá,prejudicar,Inf,,,,,,,
joguei,jogar,Fin,Ind,Past,1,Sing,,,
banida,banir,Part,,,,Sing,Fem,Pass,
entendam,entender,Fin,Sub,Pres,3,Plur,,,
denunciados,denunciar,Part,,,,Plur,Masc,,
cumprindo,cumprir,Ger,,,,,,,
devolveram,devolver,Fin,Ind,Past,3,Plur,,,
roubaram,roubar,Fin,Ind,Past,3,Plur,,,
tocavam,tocar,Fin,Ind,Imp,3,Plur,,,
discursa,discursar,Fin,Ind,Pres,3,Sing,,,
colorado,colorar,Part,,,,Sing,Masc,,
deflagrada,deflagrar,Part,,,,Sing,Fem,,
Faltando,faltar,Ger,,,,,,,
convencê,convencer,Fin,,Pres,3,Sing,,,
aplaudido,aplaudir,Part,,,,Sing,Masc,,
exaltou,exaltar,Fin,Ind,Past,3,Sing,,,
queríamos,querer,Fin,Ind,Imp,1,Plur,,,
formalizou,formalizar,Fin,Ind,Past,3,Sing,,,
preze,prezer,Fin,Ind,Pres,3,Sing,,,
firmar,firmar,Inf,,,3,Sing,,,
mostar,mostar,Inf,,,,,,,
consagrou,consagrar,Fin,Ind,Past,3,Sing,,,
dividas,diver,Part,,,,Plur,Fem,Pass,
Deveria,dever,Fin,Cnd,,3,Sing,,,
divertiu,divertir,Fin,Ind,Past,3,Sing,,,
aterrorizava,aterrorizar,Fin,Ind,Imp,3,Sing,,,
rachados,rachar,Part,,,,Plur,Masc,,
voar,voar,Inf,,,,,,,
captou,captar,Fin,Ind,Past,3,Sing,,,
querendo,querer,Ger,,,,,,,
Publicou,publicar,Fin,Ind,Past,3,Sing,,,
colhendo,colher,Ger,,,,,,,
Atuou,atuar,Fin,Ind,Past,3,Sing,,,
aguentar,agüentar,Inf,,,,,,,
impossibilitavam,impossibilitar,Fin,Ind,Imp,3,Plur,,,
despachou,despachar,Fin,Ind,Past,3,Sing,,,
indignadas,indignar,Part,,,,Plur,Fem,,
participar,participar,Inf,,,3,Sing,,,
recapitalizar,recapitalizar,Inf,,,,,,,
delegando,delegar,Ger,,,,,,,
customizada,customizar,Part,,,,Sing,Fem,,
expliquem,explicar,Fin,Sub,Pres,3,Plur,,,
clicar,clicar,Inf,,,,,,,
Salvar,salvar,Inf,,,,,,,
malformados,malformar,Part,,,,Plur,Masc,,
Gravado,gravar,Part,,,,Sing,Masc,,
extinguem,extinguir,Fin,Ind,Pres,3,Plur,,,
Nasceu,nascer,Fin,Ind,Past,3,Sing,,,
reconstruído,reconstruir,Part,,,,Sing,Masc,,
retornasse,retornar,Fin,Sub,Imp,3,Sing,,,
rola,rolar,Fin,Ind,Pres,3,Sing,,,
Contém,conter,Fin,Ind,Pres,3,Sing,,,
negado,negar,Part,,,,,,,
expedido,expedir,Part,,,,Sing,Masc,Pass,
sancionada,sancionar,Part,,,,Sing,Fem,Pass,
reservem,reservar,Fin,Sub,Pres,3,Plur,,,
cursado,cursar,Part,,,,,,,
anotar,anotar,Inf,,,,,,,
atropelada,atropelar,Part,,,,Sing,Fem,Pass,
tachou,tachar,Fin,Ind,Past,3,Sing,,,
protocolado,protocolar,Part,,,,Sing,Masc,,
Libera,liberar,Fin,Ind,Pres,3,Sing,,,
firmando,firmar,Ger,,,,,,,
cursar,cursar,Inf,,,,,,,
administrado,administrar,Part,,,,Sing,Masc,Pass,
significando,significar,Ger,,,,,,,
pagas,pagar,Part,,,,Plur,Fem,Pass,
dedicar,dedicar,Inf,,,3,Sing,,,
perseguido,perseguir,Part,,,,Sing,Masc,Pass,
infiltrado,infiltrar,Part,,,,Sing,Masc,Pass,
concluída,concluído,Part,,,,Sing,Fem,Pass,
criamos,criar,Fin,Ind,Pres,1,Plur,,,
trabalharam,trabalhar,Fin,Ind,Past,3,Plur,,,
soltos,soltar,Part,,,,Plur,Masc,Pass,
Visto,ver,Part,,,,Sing,,,
solicitaram,solicitar,Fin,Ind,Past,3,Plur,,,
expressamos,exprimir,Fin,Ind,Pres,1,Plur,,,
ajudar,ajudar,Inf,,,3,Sing,,,
arrisquem,arrisquir,Fin,Sub,Pres,3,Plur,,,
influi,influir,Fin,Ind,Pres,3,Sing,,,
assumam,assumir,Fin,Sub,Pres,3,Plur,,,
ampliem,ampliar,Fin,Sub,Pres,3,Plur,,,
contabiliza,contabilizar,Fin,Ind,Pres,3,Sing,,,
atacada,atacar,Part,,,,Sing,Fem,Pass,
estivera,estar,Fin,Ind,Imp,3,Sing,,,
designa,designar,Fin,Ind,Pres,3,Sing,,,
inflige,infligir,Fin,Ind,Pres,3,Sing,,,
direcionou,direcionar,Fin,Ind,Past,3,Sing,,,
atualizaram,atualizar,Fin,Ind,Past,3,Plur,,,
funcionavam,funcionar,Fin,Ind,Imp,3,Plur,,,
tirando,tirar,Ger,,,,,,,
titubeou,titubear,Fin,Ind,Past,3,Sing,,,
aconselhar,aconselhar,Inf,,,,,,,
disputarão,disputar,Fin,Ind,Fut,3,Plur,,,
Questionado,questionar,Part,,,,Sing,Masc,,
banidas,banir,Part,,,,Plur,Fem,,
declarar,declarar,Inf,,,3,Sing,,,
acusá,acusar,Inf,,,,,,,
render,render,Inf,,,,,,,
governando,governar,Ger,,,,,,,
referenda,referendar,Fin,Ind,Pres,3,Sing,,,
elaborou,elaborar,Fin,Ind,Past,3,Sing,,,
distribuiu,distribuir,Fin,Ind,Past,3,Sing,,,
entrevistarem,entrevistar,Inf,,,3,Plur,,,
mandar,mandar,Inf,,,3,Sing,,,
enlouquecia,enlouquecer,Fin,Ind,Imp,3,Sing,,,
atendido,atender,Part,,,,Sing,Masc,Pass,
celebrando,celebrar,Ger,,,,,,,
gerenciar,gerenciar,Inf,,,,,,,
focado,focar,Part,,,,Sing,Masc,,
participarem,participar,Inf,,,3,Plur,,,
casada,casado,Part,,,,Sing,Fem,Pass,
obtenha,obter,Fin,Sub,Pres,3,Sing,,,
retrair,retrair,Inf,,,,,,,
prestarem,prestar,Inf,,,3,Plur,,,
brincado,brincar,Part,,,,,,,
desejou,desejar,Fin,Ind,Past,3,Sing,,,
retribuído,retribuir,Part,,,,,,,
vir,vir,Inf,,,3,Sing,,,
Sabia,saber,Fin,Ind,Imp,3,Sing,,,
desconstruída,desconstruir,Part,,,,Sing,Fem,Pass,
desviam,desvir,Fin,Ind,Pres,3,Plur,,,
esfaqueado,esfaquear,Part,,,,Sing,Masc,Pass,
matriculada,matricular,Part,,,,Sing,Fem,,
Especializada,especializar,Part,,,,Sing,Fem,,
eliminando,eliminar,Ger,,,,,,,
completada,completar,Part,,,,Sing,Fem,,
inscreva,inscrever,Fin,Sub,Pres,3,Sing,,,
desconhecidas,desconhecer,Part,,,,Plur,Fem,,
analisou,analisar,Fin,Ind,Past,3,Sing,,,
regularizar,regularizar,Inf,,,,,,,
beneficiados,beneficiar,Part,,,,Plur,Masc,,
esclarece,esclarecer,Fin,Ind,Pres,3,Sing,,,
receberia,receber,Fin,Cnd,,3,Sing,,,
suou,suar,Fin,Ind,Past,3,Sing,,,
conquistasse,conquistar,Fin,Sub,Imp,3,Sing,,,
desbancasse,desbancar,Fin,Sub,Imp,3,Sing,,,
emanada,emanar,Part,,,,Sing,Fem,,
FAZER,fazer,Inf,,,,,,,
Devolveu,devolver,Fin,Ind,Past,3,Sing,,,
oferecido,oferecer,Part,,,,Sing,Masc,,
frequenta,frequentar,Fin,Ind,Pres,3,Sing,,,
expedidos,expedir,Part,,,,Plur,Masc,Pass,
deferiu,deferir,Fin,Ind,Past,3,Sing,,,
disciplinados,disciplinar,Part,,,,Plur,Masc,,
contraísse,contrair,Fin,Sub,Pres,3,Sing,,,
sanar,sanar,Inf,,,,,,,
passarem,passar,Inf,,,3,Plur,,,
obedeceram,obedecer,Fin,Ind,Past,3,Plur,,,
ingressar,ingressar,Inf,,,,,,,
desagua,desaguar,Fin,Ind,Pres,3,Sing,,,
solidificar,solidificar,Inf,,,,,,,
implantaram,implantar,Fin,Ind,Past,3,Plur,,,
lido,ler,Part,,,,,Masc,,
Tentando,tentar,Ger,,,,,,,
ditada,ditar,Part,,,,Sing,Fem,Pass,
informe,informar,Fin,Sub,Pres,3,Sing,,,
trocou,trocar,Fin,Ind,Past,3,Sing,,,
Especializado,especializar,Part,,,,Sing,Masc,,
começarmos,começar,Fin,Ind,Pres,1,Plur,,,
Tem,ter,Fin,Ind,Pres,3,Sing,,,AUX
encaixadas,encaixar,Part,,,,Plur,Fem,Pass,
apertar,apertar,Inf,,,,,,,
questionam,questionar,Fin,Ind,Pres,3,Plur,,,
descontou,descontar,Fin,Ind,Past,3,Sing,,,
colhidas,colher,Part,,,,Plur,Fem,Pass,
abraça,abraçar,Fin,Ind,Pres,3,Sing,,,
compartilhe,compartilhar,Fin,Sub,Pres,3,Sing,,,
sofremos,sofrer,Fin,Ind,Pres,1,Plur,,,
aterrorizada,aterrorizar,Part,,,,Sing,Fem,Pass,
Revertendo,reverter,Ger,,,,,,,
agilizar,agilizar,Inf,,,,,,,
dominaram,dominar,Fin,Ind,Past,3,Plur,,,
adotem,adotar,Fin,Sub,Pres,3,Plur,,,
formalizando,formalizar,Ger,,,,,,,
incentivando,incentivar,Ger,,,,,,,
entregues,entregar,Part,,,,Plur,Fem,Pass,
supunha,supor,Fin,Ind,Imp,3,Sing,,,
preocupou,preocupar,Fin,Ind,Past,3,Sing,,,
incitaram,incitar,Fin,Ind,Past,3,Plur,,,
Focam,focar,Fin,Ind,Pres,3,Plur,,,
Siga,seguir,Fin,Sub,Pres,3,Sing,,,
Verificamos,verificar,Fin,Ind,Pres,1,Plur,,,
dissolvida,dissolver,Part,,,,Sing,Fem,Pass,
especulado,especular,Part,,,,Sing,Masc,,
escolha,escolha,Fin,Sub,Pres,3,Sing,,,
relançado,relançar,Part,,,,Sing,Masc,Pass,
gravadas,gravar,Part,,,,Plur,Fem,,
Sancionada,sancionar,Part,,,,Sing,Fem,,
modernizada,modernizar,Part,,,,Sing,Fem,Pass,
amplie,ampliar,Fin,Sub,Pres,3,Sing,,,
transitada,transitar,Part,,,,Sing,Fem,,
julgado,julgar,Part,,,,Sing,Masc,,
exagerou,exagerar,Fin,Ind,Past,3,Sing,,,
curtindo,curtir,Ger,,,,,,,
aprendendo,aprender,Ger,,,,,,,
tocadas,tocar,Part,,,,Plur,Fem,Pass,
registrava,registrar,Fin,Ind,Imp,3,Sing,,,
revertendo,reverter,Ger,,,,,,,
Reserve,reservar,Fin,Sub,Pres,3,Sing,,,
trazerem,trazer,Inf,,,3,Plur,,,
Jogou,jogar,Fin,Ind,Past,3,Sing,,,
recepcionar,recepcionar,Inf,,,,,,,
direciona,direcionar,Fin,Ind,Pres,3,Sing,,,
apregoado,apregoar,Part,,,,Sing,Masc,Pass,
Criada,criar,Part,,,,Sing,Fem,,
adquiriram,adquirir,Fin,Ind,Past,3,Plur,,,
extorquem,extorquer,Fin,Ind,Pres,3,Plur,,,
cumpriram,cumprir,Fin,Ind,Past,3,Plur,,,
exigida,exigir,Part,,,,Sing,Fem,,
segurava,segurar,Fin,Ind,Imp,3,Sing,,,
reassume,reassumir,Fin,Ind,Pres,3,Sing,,,
alfabetizadas,alfabetizar,Part,,,,Plur,Fem,Pass,
desfeito,desfazer,Part,,,,Sing,Masc,Pass,
Buscamos,buscar,Fin,Ind,Pres,1,Plur,,,
denunciarem,denunciar,Fin,Sub,Fut,3,Plur,,,
conscientizar,conscientizar,Inf,,,,,,,
Saiu,sair,Fin,Ind,Past,3,Sing,,,
cobrem,cobrir,Fin,Ind,Pres,3,Plur,,,
gravada,gravar,Part,,,,Sing,Fem,Pass,
conferido,conferir,Part,,,,Sing,Masc,Pass,
discursaram,discursar,Fin,Ind,Past,3,Plur,,,
debatidas,debater,Part,,,,Plur,Fem,Pass,
capta,captar,Fin,Ind,Pres,3,Sing,,,
dificultava,dificultar,Fin,Ind,Imp,3,Sing,,,
checados,checar,Part,,,,Plur,Masc,,
cantada,cantar,Part,,,,Sing,Fem,,
distribuíram,distribuir,Fin,Ind,Past,3,Plur,,,
competem,competir,Fin,Ind,Pres,3,Plur,,,
ajudar,ajudar,Fin,Sub,Fut,3,Sing,,,
prestigiarem,prestigiar,Inf,,,3,Plur,,,
dobraram,dobrar,Fin,Ind,Past,3,Plur,,,
suspeito,suspeitar,Part,,,,Sing,Masc,Pass,
rebateu,rebater,Fin,Ind,Past,3,Sing,,,
escondeu,esconder,Fin,Ind,Past,3,Sing,,,
vivenciar,vivenciar,Inf,,,,,,,
amparada,amparar,Part,,,,Sing,Fem,,
atendê,atender,Inf,,,,,,,
reintroduzir,reintroduzir,Inf,,,,,,,
inscreveram,inscrever,Fin,Ind,Past,3,Plur,,,
apropriou,apropriar,Fin,Ind,Past,3,Sing,,,
piorar,piorar,Inf,,,,,,,
desacelerar,desacelerar,Inf,,,3,,,,
Debutando,debutar,Ger,,,,,,,
colocá,colocar,Inf,,,,,,,
convocadas,convocar,Part,,,,Plur,Fem,Pass,
bebeu,beber,Fin,Ind,Past,3,Sing,,,
dormindo,dormir,Ger,,,,,,,
acidentou,acidentar,Fin,Ind,Past,3,Sing,,,
abordam,abordar,Fin,Ind,Pres,3,Plur,,,
perguntado,perguntar,Part,,,,Sing,Masc,Pass,
revidar,revidar,Inf,,,,,,,
continuadas,continuar,Part,,,,Plur,Fem,,
processada,processar,Part,,,,Sing,Fem,Pass,
extinto,extinguir,Part,,,,Sing,Masc,Pass,
abastecem,abastecer,Fin,Ind,Pres,3,Plur,,,
limitavam,limitar,Fin,Ind,Imp,3,Plur,,,
cutucar,cutucar,Inf,,,,,,,
Anunciamos,anunciar,Fin,Ind,Pres,1,Plur,,,
dirigir,dirigir,Inf,,,3,Sing,,,
vestiu,vestir,Fin,Ind,Past,3,Sing,,,
ocasionaram,ocasionar,Fin,Ind,Past,3,Plur,,,
enumera,enumer,Fin,Ind,Pres,3,Sing,,,
requerer,requerer,Inf,,,,,,,
encobriu,encobrir,Fin,Ind,Past,3,Sing,,,
corrigiu,corrigir,Fin,Ind,Past,3,Sing,,,
errar,errar,Inf,,,,,,,
limpou,limpar,Fin,Ind,Past,3,Sing,,,
acertando,acertar,Ger,,,,,,,
encomendados,encomendar,Part,,,,Plur,Masc,Pass,
Reunida,reunir,Part,,,,Sing,Fem,,
apostos,apostar,Part,,,,Plur,Masc,Pass,
violou,violar,Fin,Ind,Past,3,Sing,,,
cumpridos,cumprir,Part,,,,Plur,Masc,Pass,
homenageado,homenagear,Part,,,,Sing,Masc,Pass,
fortaleceram,fortalecer,Fin,Ind,Past,3,Plur,,,
pioraram,piorar,Fin,Ind,Past,3,Plur,,,
exigidas,exigir,Part,,,,Plur,Fem,Pass,
opinam,opinar,Fin,Ind,Pres,3,Plur,,,
inteirar,inteirar,Inf,,,,,,,
sabeis,saber,Fin,Ind,Pres,1,Plur,,,
encha,enchar,Fin,Sub,Pres,3,Sing,,,
prenda,prenda,Fin,Sub,Pres,3,Sing,,,
afunde,afundir,Fin,Sub,Pres,3,Sing,,,
abrigam,abrigar,Fin,Ind,Pres,3,Plur,,,
ferindo,ferir,Ger,,,,,,,
debatidas,debater,Part,,,,Plur,Fem,,
encaminhadas,encaminhar,Part,,,,Plur,Fem,,
Criado,criar,Part,,,,Sing,Masc,,
desmembrado,desmembrar,Part,,,,Sing,Masc,,
frustrou,frustrar,Fin,Ind,Past,3,Sing,,,
desempregadas,desempregar,Part,,,,Plur,Fem,,
pesquisados,pesquisar,Part,,,,Plur,Masc,Pass,
Agradeço,agradeçar,Fin,Ind,Pres,1,Sing,,,
lembro,lembrar,Fin,Ind,Past,1,Sing,,,
demandada,demandar,Part,,,,Sing,Fem,,
espalmou,espalmar,Fin,Ind,Past,3,Sing,,,
funcionem,funcionar,Fin,Sub,Pres,3,Plur,,,
repetirá,repetir,Fin,Ind,Fut,3,Sing,,,
Entregues,entregar,Part,,,,Plur,Masc,,
achado,achado,Part,,,,Sing,Masc,,
preocupado,preocupado,Part,,,,Sing,Masc,,
animaram,animar,Fin,Ind,Past,3,Plur,,,
homologada,homologar,Part,,,,Sing,Fem,,
tornarem,tornar,Fin,Sub,Fut,3,Plur,,,
admitido,admitir,Part,,,,Sing,Masc,Pass,
Cheguei,chegar,Fin,Ind,Past,1,Sing,,,AUX
logados,logar,Part,,,,Plur,Masc,,
creditado,creditar,Part,,,,Sing,Masc,Pass,
boca,boca,Fin,Ind,Pres,3,Sing,,,
elegerem,eleger,Inf,,,3,Plur,,,
monitorava,monitorar,Fin,Ind,Imp,3,Sing,,,
especulava,especular,Fin,Ind,Imp,3,Sing,,,
atendia,atender,Fin,Ind,Imp,3,Sing,,,
militarizaram,militarizar,Fin,Ind,Past,3,Plur,,,
guiados,guiar,Part,,,,Plur,Masc,Pass,
discursará,discursar,Fin,Ind,Fut,3,Sing,,,
concederá,conceder,Fin,Ind,Fut,3,Sing,,,
qualificada,qualificar,Part,,,,Sing,Fem,,
aprendido,aprender,Part,,,,Sing,Masc,,
fundir,fundir,Inf,,,,,,,
feiraem,feirar,Fin,Ind,Pres,3,Plur,,,
espelhadas,espelhar,Part,,,,Plur,Fem,,
acabei,acabar,Fin,Ind,Past,1,Sing,,,AUX
voltar,voltar,Inf,,,3,Sing,,,
Opera,operar,Fin,Ind,Pres,3,Sing,,,
intepretando,intepretar,Ger,,,,,,,
mensurados,mensurar,Part,,,,Plur,Masc,,
concretizados,concretizar,Part,,,,Plur,Masc,,
administrei,administrar,Fin,Ind,Past,1,Sing,,,
relaciono,relacionar,Fin,Ind,Pres,1,Sing,,,
graduado,graduar,Part,,,,Sing,Masc,Pass,
recuperadas,recuperar,Part,,,,Plur,Fem,Pass,
impedidas,impedir,Part,,,,Plur,Fem,,
treinar,treinar,Inf,,,3,Sing,,,
concentrar,concentrar,Inf,,,3,Sing,,,
acertados,acertar,Part,,,,Plur,Masc,Pass,
menciona,mencionar,Fin,Ind,Pres,3,Sing,,,
desprezar,desprezar,Inf,,,3,Sing,,,
vividos,viver,Part,,,,Plur,Masc,,
Convocado,convocar,Part,,,,Sing,Masc,,
postou,postar,Fin,Ind,Past,3,Sing,,,
sentaram,sentar,Fin,Ind,Past,3,Plur,,,
Atuar,atuar,Inf,,,,,,,
sentiram,sentir,Fin,Ind,Past,3,Plur,,,
convocada,convocar,Part,,,,Sing,Fem,Pass,
enfrentada,enfrentar,Part,,,,Sing,Fem,,
assustar,assustar,Inf,,,,,,,
driblou,driblar,Fin,Ind,Past,3,Sing,,,
preserve,preservar,Fin,Sub,Pres,3,Sing,,,
desvendou,desvendar,Fin,Ind,Past,3,Sing,,,
embutida,embutir,Part,,,,Sing,Fem,,
acharam,achar,Fin,Ind,Past,3,Plur,,,
reavaliadas,reavaliar,Part,,,,Plur,Fem,Pass,
gaste,gastar,Fin,Sub,Pres,3,Sing,,,
internados,internar,Part,,,,Plur,Masc,Pass,
alimentados,alimentar,Part,,,,Plur,Masc,,
prontas,prontar,Part,,,,Plur,Fem,,
fechá,fechar,Inf,,,,,,,
nadar,nadar,Inf,,,3,Sing,,,
acostumando,acostumar,Ger,,,,,,,
jogar,jogar,Inf,,,3,,,,
teríamos,ter,Fin,Cnd,,1,Plur,,,
energizou,energizar,Fin,Ind,Past,3,Sing,,,
processaram,processar,Fin,Ind,Past,3,Plur,,,
espalhados,espalhar,Part,,,,Plur,Masc,Pass,
acarretou,acarretar,Fin,Ind,Past,3,Sing,,,
desistiu,desistir,Fin,Ind,Past,3,Sing,,,
passearem,passear,Inf,,,3,Plur,,,
contornada,contornar,Part,,,,Sing,Fem,Pass,
Cercados,cercar,Part,,,,Plur,Masc,Pass,
gritam,gritar,Fin,Ind,Pres,3,Plur,,,
aperfeiçoando,aperfeiçoar,Ger,,,,,,,
Iniciou,iniciar,Fin,Ind,Past,3,Sing,,,
criticada,criticar,Part,,,,Sing,Fem,Pass,
reconciliar,reconciliar,Inf,,,,,,,
promoverá,promover,Fin,Ind,Fut,3,Sing,,,
possamos,possar,Fin,Sub,Pres,1,Plur,,,
desespera,desesper,Fin,Ind,Pres,3,Sing,,,
encontrem,encontrar,Fin,Sub,Pres,3,Plur,,,
desmascará,desmascar,Inf,,,,,,,
adequados,adequar,Part,,,,Plur,Masc,,
aprenderam,aprender,Fin,Ind,Past,3,Plur,,,AUX
aceitos,aceitar,Part,,,,Plur,Masc,Pass,
experimentaram,experimentar,Fin,Ind,Past,3,Plur,,,
interceptado,interceptar,Part,,,,,,,
prejudicado,prejudicar,Part,,,,Sing,Masc,Pass,
intermediou,intermediar,Fin,Ind,Past,3,Sing,,,
válido,válido,Part,,,,Sing,Masc,,
pulverizados,pulverizar,Part,,,,Plur,Masc,,
deparar,deparar,Inf,,,3,Sing,,,
englobou,englobar,Fin,Ind,Past,3,Sing,,,
enviado,enviar,Part,,,,,,,
caiam,cair,Fin,Sub,Pres,3,Plur,,,
receitado,receitar,Part,,,,Sing,Masc,Pass,
começarão,começar,Fin,Ind,Fut,3,Plur,,,AUX
degradadas,degradar,Part,,,,Plur,Fem,,
captaram,captar,Fin,Ind,Past,3,Plur,,,
investiga,investigar,Fin,Ind,Pres,3,Sing,,,
paralisadas,paralisar,Part,,,,Plur,Fem,,
soltando,soltar,Ger,,,,,,,
desviou,desviar,Fin,Ind,Past,3,Sing,,,
realizarão,realizar,Fin,Ind,Fut,3,Plur,,,
construíram,construir,Fin,Ind,Past,3,Plur,,,
pousou,pousar,Fin,Ind,Past,3,Sing,,,
Prestes,prestar,Fin,,,,Sing,,,AUX
detestou,detestar,Fin,Ind,Past,3,Sing,,,
comparada,comparar,Part,,,,Sing,Fem,Pass,
atropelou,atropelar,Fin,Ind,Past,3,Sing,,,
parecido,parecer,Part,,,,,,,
forçados,forçar,Part,,,,Plur,Masc,,
incentivado,incentivar,Part,,,,Sing,Masc,Pass,
prejudicaram,prejudicar,Fin,Ind,Past,3,Plur,,,
tramita,tramitar,Fin,Ind,Pres,3,Sing,,,
notificadas,notificar,Part,,,,Plur,Fem,Pass,
solucionadas,solucionar,Part,,,,Plur,Fem,,
conectam,conectar,Fin,Ind,Pres,3,Plur,,,
impulsionam,impulsionar,Fin,Ind,Pres,3,Plur,,,
conquistada,conquistar,Part,,,,Sing,Fem,,
produzi,produzir,Inf,,,,,,,
reproduzi,reproduzir,Fin,Ind,Pres,3,Sing,,,
eliminá,eliminar,Fin,Ind,Pres,3,Sing,,,
cortava,cortar,Fin,Ind,Imp,3,Sing,,,
tomava,tomar,Fin,Ind,Imp,3,Sing,,,
esforçado,esforçar,Part,,,,Sing,Masc,,
merecendo,merecer,Ger,,,,,,,
substituido,substituir,Part,,,,Sing,Masc,Pass,
bradando,bradar,Ger,,,,,,,
queimando,queimar,Ger,,,,,,,
vinculado,vincular,Part,,,,Sing,Masc,Pass,
escutar,escutar,Inf,,,,,,,
esforçar,esforçar,Inf,,,,,,,
transferiu,transferir,Fin,Ind,Past,3,Sing,,,
Pergunte,Pergunte,Fin,Sub,Pres,3,Sing,,,
dados,dar,Part,,,,Plur,Masc,,
pleiteiam,pleitear,Fin,Ind,Pres,3,Plur,,,
pousar,pousar,Inf,,,,,,,
mantê,manter,Inf,,,,,,,
detenho,deter,Fin,Ind,Pres,1,Sing,,,
engatou,engatar,Fin,Ind,Past,3,Sing,,,
deixarmos,deixar,Inf,,,1,Plur,,,
consignada,consignar,Part,,,,Sing,Fem,,
elogiu,elogir,Fin,Ind,Past,3,Sing,,,
interrompesse,interromper,Fin,Sub,Imp,3,Sing,,,
debulham,debulhar,Fin,Ind,Pres,3,Plur,,,
comunicassem,comunicar,Fin,Sub,Imp,3,Plur,,,
Ocorrendo,ocorrer,Ger,,,,,,,
Efe,efar,Fin,Ind,Pres,3,Sing,,,
virando,virar,Ger,,,,,,,
refestele,refestelar,Fin,Sub,Pres,3,Sing,,,
assinalado,assinalar,Part,,,,Sing,Masc,Pass,
Restam,restar,Fin,Ind,Pres,3,Plur,,,
Contei,contar,Fin,Ind,Past,1,Sing,,,
rolou,rolar,Fin,Ind,Past,3,Sing,,,
servidos,servir,Part,,,,Plur,Masc,,
investigou,investigar,Fin,Ind,Past,3,Sing,,,
realizá,realizar,Inf,,,,,,,
reinar,reinar,Inf,,,,,,,
divido,diver,Fin,Ind,,1,Sing,,,
revelado,revelar,Part,,,,Sing,Masc,,
divido,diver,Part,,,,Sing,Masc,,
revendido,revender,Part,,,,Sing,Masc,,
surtiu,surtir,Fin,Ind,Past,3,Sing,,,
cancelou,cancelar,Fin,Ind,Past,3,Sing,,,
escapa,escapar,Fin,Ind,Pres,3,Sing,,,
reconheçamos,reconhecer,Fin,Sub,Pres,1,Plur,,,
falamos,falar,Fin,Ind,Pres,1,Plur,,,
questionar,questionar,Inf,,,,,,,
trabalhado,trabalhar,Part,,,,Sing,Masc,,
surprenderam,surprender,Fin,Ind,Past,3,Plur,,,
machucou,machucar,Fin,Ind,Past,3,Sing,,,
para,para,Fin,Ind,Pres,3,Sing,,,AUX
prega,pregar,Fin,Ind,Pres,3,Sing,,,
desclassificado,desclassificar,Part,,,,Sing,Masc,,
discutirão,discutir,Fin,Ind,Fut,3,Plur,,,
confirmava,confirmar,Fin,Ind,Imp,3,Sing,,,
confunde,confundir,Fin,Ind,Pres,3,Sing,,,
instituído,instituir,Part,,,,Sing,Masc,,
aventurar,aventurar,Inf,,,,,,,
revestido,revestir,Part,,,,Sing,Masc,,
transpô,transpor,Inf,,,,,,,
travam,travar,Fin,Ind,Pres,3,Plur,,,
furtou,furtar,Fin,Ind,Past,3,Sing,,,
intensificadas,intensificar,Part,,,,Plur,Fem,Pass,
russificado,russificar,Part,,,,Sing,Masc,,
Chego,chegar,Fin,Ind,Pres,1,Sing,,,
assinei,assinar,Fin,Ind,Past,1,Sing,,,
atendida,atender,Part,,,,Sing,Fem,Pass,
ajudá,ajudar,Fin,Ind,Pres,,Sing,,,
defumados,defumar,Part,,,,Plur,Masc,,
Usar,usar,Inf,,,,,,,
mencionou,mencionar,Fin,Ind,Past,3,Sing,,,
ia,ir,Fin,Ind,Imp,1,Sing,,,
instaurou,instaurar,Fin,Ind,Past,3,Sing,,,
Apresentado,apresentar,Part,,,,Sing,Masc,,
cumpri,cumprir,Fin,Ind,Past,1,Sing,,,
concluído,concluir,Part,,,,Sing,Masc,Pass,
afetará,afetar,Fin,Ind,Fut,3,Sing,,,
exercia,exercer,Fin,Ind,Imp,3,Sing,,,
acumulava,acumular,Fin,Ind,Imp,3,Sing,,,
conversanso,conversan,Fin,Ind,Pres,3,Sing,,,
destrua,destruar,Fin,Sub,Pres,3,Sing,,,
conclua,concluar,Fin,Sub,Pres,3,Sing,,,
lembradas,lembrar,Part,,,,Plur,Fem,,
intimidei,intimidar,Fin,Ind,Past,1,Sing,,,
identificava,identificar,Fin,Ind,Imp,3,Sing,,,
referindo,referir,Ger,,,,,,,
pesquisadas,pesquisar,Part,,,,Plur,Fem,Pass,
apitou,apitar,Fin,Ind,Past,3,Sing,,,
Abriram,abrir,Fin,Ind,Past,3,Plur,,,
destruí,destruir,Inf,,,,,,,
recarregado,recarregar,Part,,,,Sing,Masc,Pass,
Passou,passar,Fin,Ind,Past,3,Sing,,,
monetizar,monetizar,Inf,,,,,,,
indiciadas,indiciar,Part,,,,Plur,Fem,Pass,
vincular,vincular,Inf,,,,,,,
continuarem,continuar,Fin,Sub,Pres,3,Plur,,,
discordaria,discordar,Fin,Ind,,3,Sing,,,
contabilizada,contabilizar,Part,,,,Sing,Fem,Pass,
estimuladas,estimular,Part,,,,Plur,Fem,Pass,
reger,reger,Inf,,,,,,,
igualar,igualar,Inf,,,,,,,
adquirida,adquirir,Part,,,,Sing,Fem,Pass,
capotando,capotar,Ger,,,,,,,
recomendaria,recomendar,Fin,Ind,Past,1,Sing,,,
poderíamos,poder,Fin,Cnd,,1,Plur,,,
licenciar,licenciar,Inf,,,,,,,
lavado,lavar,Part,,,,,,,
contratado,contratar,Part,,,,,,,
desembarcaram,desembarcar,Fin,Ind,Past,3,Plur,,,
conceitua,conceituar,Fin,Ind,Pres,3,Sing,,,
retomou,retomar,Fin,Ind,Past,3,Sing,,,
disputas,disputar,Part,,,,Plur,Fem,Pass,
disfarça,disfarçar,Fin,Ind,Pres,3,Sing,,,
tomei,tomar,Fin,Ind,Past,1,Sing,,,
desolada,desolar,Part,,,,Sing,Fem,,
concedia,conceder,Fin,Ind,Imp,3,Sing,,,
entrarem,entrar,Inf,,,3,Plur,,,
avançou,avançar,Fin,Ind,Past,3,Sing,,,
tramitar,tramitar,Inf,,,,,,,
Finalizando,finalizar,Ger,,,,,,,
acostumado,acostumar,Part,,,,Sing,Masc,,
chutar,chutar,Inf,,,,,,,
beneficiar,beneficiar,Inf,,,3,Sing,,,
Agradecemos,agradecer,Fin,Ind,Pres,1,Plur,,,
lutara,lutar,Fin,Ind,Past,3,Sing,,,
abraçado,abraçar,Part,,,,Sing,Masc,Pass,
editou,editar,Fin,Ind,Past,3,Sing,,,
salgadas,salgar,Part,,,,Plur,Fem,,
uniram,unir,Fin,Ind,Past,3,Plur,,,
rebatizado,rebatizar,Part,,,,Sing,Masc,Pass,
chamará,chamar,Fin,Ind,Fut,3,Sing,,,
divulgadas,divulgar,Part,,,,Plur,Fem,,
cultivou,cultivar,Fin,Ind,Past,3,Sing,,,
Conduzida,conduzir,Part,,,,Sing,Fem,Pass,
sucedida,suceder,Part,,,,Sing,Fem,,
notificar,notificar,Inf,,,3,Sing,,,
adentrar,adentrar,Inf,,,,,,,
assistido,assistir,Part,,,,Sing,Masc,Pass,
refazer,refazer,Inf,,,,,,,
oferecidas,oferecer,Part,,,,Plur,Fem,Pass,
consagrado,consagrar,Part,,,,Sing,Masc,,
Pareceu,parecer,Fin,Ind,Past,3,Sing,,,
subiria,subir,Fin,Cnd,,3,Sing,,,
declarada,declarar,Part,,,,Sing,Fem,,
realizaria,realizar,Fin,Cnd,,3,Sing,,,
Compensa,compensar,Fin,Ind,Pres,3,Sing,,,
distrair,distrair,Inf,,,,,,,
saí,sair,Fin,Ind,Past,1,Sing,,,
disponibilizou,disponibilizar,Fin,Ind,Past,3,Sing,,,
aperfeiçoados,aperfeiçoar,Part,,,,Plur,Masc,Pass,
dotados,dotar,Part,,,,Plur,Masc,,
punir,punir,Inf,,,3,Sing,,,
alcançadas,alcançar,Part,,,,Plur,Fem,,
Cuido,cuir,Fin,Ind,Pres,1,Sing,,,
magoando,magoar,Ger,,,,,,,
efetivada,efetivar,Part,,,,Sing,Fem,,
inauguradas,inaugurar,Part,,,,Plur,Fem,Pass,
machucando,machucar,Ger,,,,,,,
rebatendo,rebater,Ger,,,,,,,
destaque,destacar,Fin,Ind,Pres,3,Sing,,,
perpetuada,perpetuar,Part,,,,Sing,Fem,,
Reconstruiu,reconstruir,Fin,Ind,Past,3,Sing,,,
estampado,estampar,Part,,,,Sing,Masc,,
subido,subir,Part,,,,,,,
blindados,blindado,Part,,,,Plur,Masc,,
atirado,atirar,Part,,,,Sing,Masc,,
Chamemos,chamar,Fin,Ind,Pres,1,Plur,,,
servissem,servir,Fin,Sub,Imp,3,Plur,,,
impugnado,impugnar,Part,,,,Sing,Masc,Pass,
resolvidas,resolver,Part,,,,Plur,Fem,Pass,
mescla,mesclar,Fin,Ind,Pres,3,Sing,,,
escancara,escancar,Fin,Ind,Pres,3,Sing,,,
acolheu,acolher,Fin,Ind,Past,3,Sing,,,
fortaleceu,fortalecer,Fin,Ind,Past,3,Sing,,,
aumentar,aumentar,Inf,,,3,Sing,,,
Repito,repetir,Fin,Ind,Pres,1,Sing,,,
afundando,afundar,Ger,,,,,,,
atirando,atirar,Ger,,,,,,,
habilitaram,habilitar,Fin,Ind,Past,3,Plur,,,
exigidos,exigir,Part,,,,Plur,Masc,,
nacionalizar,nacionalizar,Inf,,,,,,,
capitulou,capitular,Fin,Ind,Past,3,Sing,,,
divulgará,divulgar,Fin,Ind,Fut,3,Sing,,,
despencou,despencar,Fin,Ind,Past,3,Sing,,,
liquidado,liquidar,Part,,,,Sing,Masc,Pass,
contenta,contentar,Fin,Ind,Pres,3,Sing,,,
ajeitou,ajeitar,Fin,Ind,Past,3,Sing,,,
desviar,desviar,Fin,Sub,,3,Sing,,,
manipular,manipular,Inf,,,3,Sing,,,
adaptá,adaptar,Inf,,,,,,,
revisou,revisar,Fin,Ind,Past,3,Sing,,,
criar,criar,Inf,,,3,Sing,,,
direcionados,direcionar,Part,,,,Plur,Masc,,
ajudado,ajudar,Part,,,,Sing,Masc,Pass,
afastá,afastar,Inf,,,,,,,
contentassem,contentar,Fin,Sub,Imp,3,Plur,,,
reiterando,reiterar,Ger,,,,,,,
excursionar,excursionar,Inf,,,,,,,
interessado,interessado,Part,,,,Sing,Masc,,
respeitou,respeitar,Fin,Ind,Past,3,Sing,,,
embebe,embeber,Fin,Ind,Pres,3,Sing,,,
parem,paricer,Fin,Sub,Pres,3,Plur,,,AUX
brigar,brigar,Inf,,,,,,,
controlado,controlar,Part,,,,,,,
remetidas,remeter,Part,,,,Plur,Fem,Pass,
incluam,incluar,Fin,Sub,Pres,3,Plur,,,
transformará,transformar,Fin,Ind,Fut,3,Sing,,,
Entra,entrar,Fin,Ind,Pres,3,Sing,,,
pesquisadas,pesquisar,Part,,,,Plur,Fem,,
esclarecidas,esclarecer,Part,,,,Plur,Fem,,
suspenda,suspender,Fin,Ind,Pres,3,Sing,,,
restabelecer,restabelecer,Inf,,,,,,,
completando,completar,Ger,,,,,,,
vestiam,vestir,Fin,Ind,Imp,3,Plur,,,
ostentava,ostentar,Fin,Ind,Imp,3,Sing,,,
efetuou,efetuar,Fin,Ind,Past,3,Sing,,,
significam,significar,Fin,Ind,Pres,3,Plur,,,
cantando,cantar,Ger,,,,,,,
cante,cantar,Fin,Sub,Pres,3,Sing,,,
arrombadas,arrombar,Part,,,,Plur,Fem,Pass,
revisada,revisar,Part,,,,Sing,Fem,Pass,
arruinar,arruinar,Inf,,,,,,,
revogado,revogar,Part,,,,Sing,Masc,,
derrete,derretar,Fin,Ind,Pres,3,Sing,,,
publicados,publicar,Part,,,,Plur,Masc,Pass,
agarrou,agarrar,Fin,Ind,Past,3,Sing,,,
filiado,filiar,Part,,,,Sing,Masc,,
confiam,confear,Fin,Ind,Pres,3,Plur,,,
estruturado,estruturar,Part,,,,Sing,Masc,,
cursa,cursar,Fin,Ind,Pres,3,Sing,,,
apaixonado,apaixonar,Part,,,,Sing,Masc,Pass,
consumirão,consumir,Fin,Ind,Fut,3,Plur,,,
recompor,recompor,Inf,,,,,,,
tenho,ter,Fin,Ind,Pres,1,Sing,,,AUX
subjaz,subjar,Fin,Ind,Pres,3,Sing,,,
Depende,depender,Fin,Ind,Pres,3,Sing,,,
reabilitar,reabilitar,Inf,,,,,,,
gerida,gerir,Part,,,,Sing,Fem,Pass,
balançou,balançar,Fin,Ind,Past,3,Sing,,,
percorrerá,percorrer,Fin,Ind,Fut,3,Sing,,,
PREPARE,preparer,Fin,Sub,Pres,3,Sing,,,
descoberto,descobrir,Part,,,,,,,
direcionado,direcionar,Part,,,,Sing,Masc,,
chegara,chegar,Fin,Ind,Imp,3,Sing,,,
falecido,falecer,Part,,,,,,,
fechada,fechar,Part,,,,Sing,Fem,,
acontecer,acontecer,Inf,Sub,,3,Sing,,,
pousar,pousar,Inf,,,3,Sing,,,
guiadas,guiar,Part,,,,Plur,Fem,Pass,
cobria,cobriar,Fin,Ind,Imp,3,Sing,,,
exibidos,exibir,Part,,,,Plur,Masc,Pass,
repassada,repassar,Part,,,,Sing,Fem,,
sancionar,sancionar,Inf,,,,,,,
reavaliamos,reavaliar,Fin,Ind,Pres,1,Plur,,,
evocaram,evocar,Fin,Ind,Past,3,Plur,,,
Vão,ver,Fin,Ind,Pres,3,Plur,,,
oficializar,oficializar,Inf,,,,,,,
candidata,candidatar,Fin,Ind,Pres,3,Sing,,,
criarmos,criar,Inf,,,1,Plur,,,
ignorado,ignorar,Part,,,,Sing,Masc,,
apoiado,apoiar,Part,,,,Sing,Masc,,
soltavam,soltar,Fin,Ind,Imp,3,Plur,,,
demorou,demorar,Fin,Ind,Past,3,Sing,,,AUX
ficarem,ficar,Fin,Sub,Fut,3,Plur,,,
voltará,voltar,Fin,Ind,Fut,3,Sing,,,
cuidando,cuidar,Ger,,,,,,,
entramos,entrar,Fin,Ind,Pres,1,Plur,,,
profissionalizado,profissionalizar,Part,,,,Sing,Masc,,
desfilou,desfilar,Fin,Ind,Past,3,Sing,,,
pagar,pagar,Inf,,,3,Sing,,,
primar,primar,Inf,,,,,,,
Acabaremos,acabar,Fin,Ind,Pres,1,Plur,,,AUX
aplaudido,aplaudir,Part,,,,Sing,Masc,Pass,
disputadas,disputar,Part,,,,Plur,Fem,Pass,
batemos,bater,Fin,Ind,Pres,1,Plur,,,
Agradeço,agradeçar,Fin,Ind,Past,1,Sing,,,
sonharam,sonhar,Fin,Ind,Imp,3,Plur,,,
governe,governar,Fin,Sub,Pres,3,Sing,,,
atenderá,atender,Fin,Ind,Fut,3,Sing,,,
desciam,descer,Fin,Ind,Imp,3,Plur,,,
sofrido,sofrer,Part,,,,Sing,Masc,,
pago,pagar,Part,,,,Sing,Masc,Pass,
revoltado,revoltar,Part,,,,Sing,Masc,,
anexou,anexar,Fin,Ind,Past,3,Sing,,,
marchou,marchar,Fin,Ind,Past,3,Sing,,,
reivindicado,reivindicar,Part,,,,Sing,Masc,Pass,
cunhado,cunhar,Part,,,,Sing,Masc,,
eclodiu,eclodir,Fin,Ind,Past,3,Sing,,,
Projetado,projetar,Part,,,,Sing,Masc,,
complicaram,complicar,Fin,Ind,Past,3,Plur,,,
preocupava,preocupar,Fin,Ind,Imp,3,Sing,,,
fornecerem,fornecer,Fin,Sub,Fut,3,Plur,,,
encaminharam,encaminhar,Fin,Ind,Past,3,Plur,,,
encomendado,encomendar,Part,,,,Sing,Masc,Pass,
antecipado,antecipar,Part,,,,Sing,Masc,,
assegurados,assegurar,Part,,,,Plur,Masc,Pass,
Citando,citar,Ger,,,,,,,
compunham,compor,Fin,Ind,Imp,3,Plur,,,
respeitado,respeitar,Part,,,,,,,
somou,somar,Fin,Ind,Past,3,Sing,,,
enfiava,enfiar,Fin,Ind,Imp,3,Sing,,,
exarada,exarar,Part,,,,Sing,Fem,,
recepcionado,recepcionar,Part,,,,Sing,Masc,Pass,
pensássemos,pensar,Fin,Sub,Imp,1,Plur,,,
recuou,recuar,Fin,Ind,Past,3,Sing,,,
adubados,adubar,Part,,,,Plur,Masc,Pass,
ligava,ligar,Fin,Ind,Imp,1,Sing,,,
intenficar,intenficar,Inf,,,,,,,
Conseguimos,conseguir,Fin,Ind,Pres,1,Plur,,,
precedida,preceder,Part,,,,Sing,Fem,,
justificada,justificar,Part,,,,Sing,Fem,,
quitados,quitar,Part,,,,Plur,Masc,Pass,
extradite,extraditar,Fin,Ind,Pres,3,Sing,,,
eliminada,eliminar,Part,,,,Sing,Fem,,
Acontece,Acontece,Fin,Ind,Pres,3,Sing,,,
movimentando,movimentar,Ger,,,,,,,
posicionava,posicionar,Fin,Ind,Imp,3,Sing,,,
engatam,engatar,Fin,Ind,Pres,3,Plur,,,
Lançou,lançar,Fin,Ind,Past,3,Sing,,,
concorrendo,concorrer,Ger,,,,,,,
atrapalhou,atrapalhar,Fin,Ind,Past,3,Sing,,,
perdidos,perder,Part,,,,Plur,Masc,,
certificado,certificar,Part,,,,Sing,Masc,,
liberava,liberar,Fin,Ind,Imp,3,Sing,,,
operado,operar,Part,,,,Sing,Masc,,
massacrou,massacrar,Fin,Ind,Past,3,Sing,,,
mexendo,mexer,Ger,,,,,,,
comentada,comentar,Part,,,,Sing,Fem,Pass,
rematados,rematar,Part,,,,Plur,Masc,Pass,
derrubem,derrubir,Fin,Sub,Pres,3,Plur,,,
denunciava,denunciar,Fin,Ind,Imp,3,Sing,,,
emocionado,emocionar,Part,,,,Sing,Masc,,
codificadas,codificar,Part,,,,Plur,Fem,Pass,
divergiram,divergir,Fin,Ind,Past,3,Plur,,,
seguram,segurar,Fin,Ind,Pres,3,Plur,,,
competiu,competir,Fin,Ind,Past,3,Sing,,,
Falar,Falar,Inf,,,,,,,
atestar,atestar,Inf,,,,,,,
Abrindo,abrir,Ger,,,,,,,
animam,animar,Fin,Ind,Pres,3,Plur,,,
espalhadas,espalhar,Part,,,,Plur,Fem,,
alugar,alugar,Inf,,,,,,,
destacadas,destacar,Part,,,,Plur,Fem,,
contribuirão,contribuir,Fin,Ind,Fut,3,Plur,,,
conglomerado,conglomerar,Part,,,,Sing,Masc,,
peso,peso,Fin,Ind,Pres,3,Sing,,,
Solicitamos,solicitar,Fin,Ind,Pres,1,Plur,,,
excederem,exceder,Fin,Sub,Fut,3,Plur,,,
aceitas,aceitar,Part,,,,Plur,Fem,Pass,
SABE,saber,Fin,Ind,Pres,3,Sing,,,
ESTA,estar,Fin,Ind,Pres,3,Sing,,,
pavimentado,pavimentar,Part,,,,Sing,Masc,Pass,
aprofundado,aprofundar,Part,,,,Sing,Masc,,
Lutaram,lutar,Fin,Ind,Past,3,Plur,,,
devoradas,devorar,Part,,,,Plur,Fem,Pass,
frear,frear,Inf,,,,,,,
motivados,motivar,Part,,,,Plur,Masc,Pass,
banham,banhar,Fin,Ind,Pres,3,Plur,,,
tirar,tirar,Inf,,,3,Sing,,,
ameaçado,ameaçar,Part,,,,Sing,Masc,Pass,
instituído,instituir,Part,,,,Sing,Masc,Pass,
suprimida,suprimir,Part,,,,Sing,Fem,Pass,
DIZER,dizer,Fin,Sub,Fut,3,Sing,,,
PASSA,passar,Fin,Ind,Pres,3,Sing,,,
troco,troco,Fin,Ind,Pres,1,Sing,,,
agredí,agredir,Fin,Ind,Pres,3,Sing,,,
acionado,acionar,Part,,,,Sing,Masc,Pass,
saísse,sair,Fin,Sub,Imp,3,Sing,,,
enfeitar,enfeitar,Inf,,,,,,,
venerado,venerar,Part,,,,Sing,Masc,Pass,
quite,quitar,Inf,,,,,,,
Integra,integrar,Fin,Ind,Pres,3,Sing,,,
reposicionada,reposicionar,Part,,,,Sing,Fem,,
precise,precisar,Fin,Sub,Pres,3,Sing,,,
estendido,estender,Part,,,,Sing,Masc,Pass,
atacar,atacar,Inf,,,3,Sing,,,
baixado,baixar,Part,,,,Sing,Masc,Pass,
Evitar,evitar,Inf,,,,,,,
agridam,agrir,Fin,Sub,Pres,3,Plur,,,
abri,abrir,Fin,Ind,Past,1,Sing,,,
apreendidos,apreender,Part,,,,Plur,Masc,Pass,
Enviar,enviar,Inf,,,,,,,
sobressaiu,sobressar,Fin,Ind,Past,3,Sing,,,
prescreveu,prescrever,Fin,Ind,Past,3,Sing,,,
equilibrou,equilibrar,Fin,Ind,Past,3,Sing,,,
preocupe,preocupar,Fin,Sub,Pres,3,Sing,,,
ordenados,ordenar,Part,,,,Plur,Masc,,
Destruiu,destruir,Fin,Ind,Past,3,Sing,,,
acusada,acusar,Part,,,,Sing,Fem,,
violentar,violentar,Inf,,,,,,,
derivou,derivar,Fin,Ind,Past,3,Sing,,,
proclamada,proclamar,Part,,,,Sing,Fem,,
abomina,abominar,Fin,Ind,Pres,3,Sing,,,
interditado,interditar,Part,,,,Sing,Masc,Pass,
trabalhado,trabalhar,Part,,,,Sing,Masc,Pass,
preenchido,preencher,Part,,,,Sing,Masc,Pass,
sentir,sentir,Inf,,,3,Sing,,,
gastam,gastar,Fin,Ind,Pres,3,Plur,,,
votarem,votar,Inf,,,3,Plur,,,
encaram,encarar,Fin,Ind,Pres,3,Plur,,,
comparecendo,comparecer,Ger,,,,,,,
reservadas,reservar,Part,,,,Plur,Fem,,
preterir,preterir,Inf,,,,,,,
contar,contar,Inf,,,3,Sing,,,
piorado,piorar,Part,,,,,,,
denunciar,denunciar,Inf,,,,,,,
Criado,criar,Part,,,,Sing,Masc,Pass,
gerenciada,gerenciar,Part,,,,Sing,Fem,Pass,
reportam,reportar,Fin,Ind,Pres,3,Plur,,,
dedicou,dedicar,Fin,Ind,Past,3,Sing,,,
legitimado,legitimar,Part,,,,Sing,Masc,Pass,
poupado,poupar,Part,,,,,,,
conversa,conversa,Fin,Ind,Pres,3,Sing,,,
comprada,comprar,Part,,,,Sing,Fem,Pass,
emitida,emitir,Part,,,,Sing,Fem,,
esperadas,esperar,Part,,,,Plur,Fem,Pass,
sucedidos,suceder,Part,,,,Plur,Masc,,
ensinado,ensinar,Part,,,,Sing,Masc,Pass,
continuasse,continuar,Fin,Sub,Imp,3,Sing,,,
participaria,participar,Fin,Cnd,,3,Sing,,,
autuados,autuar,Part,,,,Plur,Masc,,
coibida,coibidar,Part,,,,Sing,Fem,Pass,
convenhamos,convenhar,Fin,Ind,Pres,1,Plur,,,
sinalizaria,sinalizar,Fin,Ind,,3,Sing,,,
matricular,matricular,Inf,,,3,Sing,,,
rolando,rolar,Ger,,,,,,,
acuar,acuar,Inf,,,,,,,
erguidos,erguir,Part,,,,Plur,Masc,,
respeitadas,respeitar,Part,,,,Plur,Fem,Pass,
efetivados,efetivar,Part,,,,Plur,Masc,,
ofendido,ofender,Part,,,,,,,
transformam,transformar,Fin,Ind,Pres,3,Plur,,,
suprimido,suprimir,Part,,,,Sing,Masc,Pass,
Tenham,ter,Fin,Sub,Pres,3,Plur,,,
mentalizem,mentalizar,Fin,Sub,Pres,3,Plur,,,
Dopando,dopar,Ger,,,,Sing,,,
curtiu,curtir,Fin,Ind,Past,3,Sing,,,
provê,prover,Fin,Ind,Pres,3,Sing,,,
aceite,aceitar,Fin,Sub,Pres,3,Sing,,,
prejudique,prejudicar,Fin,Sub,Pres,3,Sing,,,
pague,pagar,Fin,Sub,Pres,3,Sing,,,
executam,executar,Fin,Ind,Pres,3,Plur,,,
colhido,colher,Part,,,,Sing,Masc,Pass,
plantada,plantar,Part,,,,Sing,Fem,Pass,
Comprei,comprir,Fin,Ind,Past,1,Sing,,,
dói,dizer,Fin,Ind,Pres,1,Sing,,,
empurrar,empurrar,Inf,,,3,Sing,,,
válido,válido,Part,,,,Sing,Masc,Pass,
precedido,preceder,Part,,,,Sing,Masc,Pass,
degeneraram,degenerar,Fin,Ind,Past,3,Plur,,,
roubar,roubar,Inf,,,,,,,
contratada,contratar,Part,,,,Sing,Fem,,
requisitados,requisitar,Part,,,,Plur,Masc,Pass,
Voltou,voltar,Fin,Ind,Past,3,Sing,,,
Vira,vir,Fin,Ind,Pres,3,Sing,,,
abandonware,abandonwar,Fin,Ind,Pres,3,Sing,,,
alegrar,alegrar,Inf,,,,,,,
instalando,instalar,Ger,,,,,,,
elegeu,eleger,Fin,Ind,Past,3,Sing,,,
Aprovada,aprovar,Part,,,,Sing,Fem,,
beneficiará,beneficiar,Fin,Ind,Fut,3,Sing,,,
homologar,homologar,Inf,,,,,,,
dopada,dopar,Part,,,,Sing,Fem,,
devolve,devolver,Fin,Ind,Pres,3,Sing,,,
achando,achar,Ger,,,,,,,
honrar,honrar,Inf,,,,,,,
cobertas,cobrir,Part,,,,Plur,Fem,Pass,
acessa,acessar,Fin,Ind,Pres,3,Sing,,,
implantado,implantar,Part,,,,Sing,Masc,,
brinco,brincar,Fin,Ind,Pres,1,Sing,,,
consertada,consertar,Part,,,,Sing,Fem,,
defendidos,defender,Part,,,,Plur,Masc,Pass,
saqueados,saquear,Part,,,,Plur,Masc,,
exploravam,explorar,Fin,Ind,Imp,3,Plur,,,
acoplou,acoplar,Fin,Ind,Past,3,Sing,,,
indeferidas,indeferir,Part,,,,Plur,Fem,,
fundiu,fundir,Fin,Ind,Past,3,Sing,,,
impressionado,impressionar,Part,,,,Sing,Masc,,
retome,retomir,Fin,Sub,Pres,3,Sing,,,
continuaria,continuar,Fin,Cnd,,3,Sing,,,
governava,governar,Fin,Ind,Imp,3,Sing,,,
preocupando,preocupar,Ger,,,,,,,
apartar,apartar,Inf,,,,,,,
texturizado,texturizar,Part,,,,Sing,Masc,,
ouvirão,ouvir,Fin,Ind,Fut,3,Plur,,,
precisem,precisar,Fin,Sub,Pres,3,Plur,,,
compartilham,compartilhar,Fin,Ind,Pres,3,Plur,,,
enfrentadas,enfrentar,Part,,,,Plur,Fem,Pass,
saturado,saturar,Part,,,,Sing,Masc,Pass,
nadar,nadar,Inf,,,,,,,
sensibilizada,sensibilizar,Part,,,,Sing,Fem,Pass,
feridas,ferir,Part,,,,Plur,Fem,,
caminhava,caminhar,Fin,Ind,Imp,1,Sing,,,
chorava,chorar,Fin,Ind,Imp,1,Sing,,,
comia,comer,Fin,Ind,Imp,3,Sing,,,
cumpridos,cumprir,Part,,,,Plur,Masc,,
comunica,comunicar,Fin,Ind,Pres,3,Sing,,,
desconsiderada,desconsiderar,Part,,,,Sing,Fem,,
protagonizaram,protagonizar,Fin,Ind,Past,3,Plur,,,
preservem,preservar,Fin,Sub,Pres,3,Plur,,,
saír,saír,Inf,,,,,,,
Entrando,entrar,Ger,,,,,,,
sonegada,sonegar,Part,,,,Sing,Fem,,
dividia,dividir,Fin,Ind,Imp,3,Sing,,,
brincou,brincar,Fin,Ind,Past,3,Sing,,,
adorei,adorar,Fin,Ind,Past,1,Sing,,,
ganhei,ganhar,Fin,Ind,Past,1,Sing,,,
arrancadas,arrancar,Part,,,,Plur,Fem,Pass,
intimidado,intimidar,Part,,,,Sing,Masc,,
retornar,retornar,Fin,Sub,Fut,3,Sing,,,
desiludidos,desiludir,Part,,,,Plur,Masc,,
reutilizáveis,reutilizável,Part,,,,Plur,Masc,,
imunizará,imunizar,Fin,Ind,Fut,3,Sing,,,
chantageia,chantageiar,Fin,Ind,Pres,3,Sing,,,
embalado,embalar,Part,,,,Sing,Masc,Pass,
reassumindo,reassumir,Ger,,,,,,,
desorientados,desorientar,Part,,,,Plur,Masc,,
falaria,falar,Fin,Cnd,,3,Sing,,,
constatar,constatar,Fin,Sub,Fut,3,Sing,,,
sairiam,sair,Fin,Cnd,,3,Plur,,,
permaneceriam,permanecer,Fin,Cnd,,3,Plur,,,
banca,banca,Fin,Ind,Pres,3,Sing,,,
testemunhou,temtemunhar,Fin,Ind,Past,3,Sing,,,
designou,designar,Fin,Ind,Past,3,Sing,,,
sonegar,sonegar,Inf,,,,,,,
notificados,notificar,Part,,,,Plur,Masc,Pass,
datada,datar,Part,,,,Sing,Fem,,
reivindicando,reivindicar,Ger,,,,,,,
apreendeu,apreender,Fin,Ind,Past,3,Sing,,,
fracassada,fracassar,Part,,,,Sing,Fem,Pass,
padronizado,padronizar,Part,,,,Sing,Masc,Pass,
coincidiram,coincidir,Fin,Ind,Past,3,Plur,,,
dizimadas,dizimar,Part,,,,Plur,Fem,Pass,
Descrita,descrever,Part,,,,Sing,Fem,,
Vivendo,viver,Ger,,,,,,,
cogitado,cogitar,Part,,,,Sing,Masc,Pass,
seduziu,seduzir,Fin,Ind,Past,3,Sing,,,
encostado,encostar,Part,,,,Sing,Masc,,
sentindo,sentir,Ger,,,,,,,
Projetamos,projetar,Fin,Ind,Pres,1,Plur,,,
sucumbiram,sucumbir,Fin,Ind,Past,3,Plur,,,
concursados,concursar,Part,,,,Plur,Masc,,
discutiu,discutir,Fin,Ind,Past,3,Sing,,,
Confiar,confiar,Inf,,,,,,,
formalizadas,formalizar,Part,,,,Plur,Fem,Pass,
punidos,punir,Part,,,,Plur,Masc,Pass,
Pedimos,pedir,Fin,Ind,Pres,1,Plur,,,
virem,vir,Inf,Sub,,3,Plur,,,
fatiada,fatiar,Part,,,,Sing,Fem,,
exibida,exibir,Part,,,,Sing,Fem,,
escalonados,escalonar,Part,,,,Plur,Masc,Pass,
vigorar,vigorar,Inf,,,,,,,
Administrar,administrar,Inf,,,,,,,
pensadas,pensar,Part,,,,Plur,Fem,,
estruturadas,estruturar,Part,,,,Plur,Fem,,
planejando,planejar,Ger,,,,,,,
Aproveita,aproveitar,Fin,Ind,Pres,3,Sing,,,
deglutidos,deglutir,Part,,,,Plur,Masc,Pass,
resvala,resvalar,Fin,Ind,Pres,3,Sing,,,
necessitadas,necessitar,Part,,,,Plur,Fem,,
anexar,anexar,Inf,,,,,,,
alterados,alterar,Part,,,,Plur,Masc,,
urinar,urinar,Inf,,,,,,,
lembrem,lembrar,Fin,Sub,Pres,3,Plur,,,
Botamos,botar,Fin,Ind,Pres,1,Plur,,,
tombado,tombar,Part,,,,Sing,Masc,Pass,
pingar,pingar,Inf,,,,,,,
Viajo,viajar,Fin,Ind,Pres,1,Sing,,,
adquiridos,adquirir,Part,,,,Plur,Masc,Pass,
desabrigadas,desabrigar,Part,,,,Plur,Fem,,
removidas,remover,Part,,,,Plur,Fem,Pass,
enviaram,enviar,Fin,Ind,Past,3,Plur,,,
acumulou,acumular,Fin,Ind,Past,3,Sing,,,
faríamos,far,Fin,Ind,Past,1,Plur,,,
proveu,prover,Fin,Ind,Past,3,Sing,,,
encarregar,encarregar,Inf,,,,,,,
encontrarão,encontrar,Fin,Ind,Fut,3,Plur,,,
difundir,difundir,Inf,,,,,,,
decididos,decidir,Part,,,,Plur,Masc,,
vacinados,vacinar,Part,,,,Plur,Masc,Pass,
devolvidas,devolver,Part,,,,Plur,Fem,Pass,
brigado,brigar,Part,,,,,,,
brigará,brigar,Fin,Ind,Fut,3,Sing,,,
estacionada,estacionar,Part,,,,Sing,Fem,,
enfraqueceu,enfraquecer,Fin,Ind,Past,3,Sing,,,
trouxesse,trazer,Fin,Sub,Imp,3,Sing,,,
reajustados,reajustar,Part,,,,Plur,Masc,,
questionado,questionar,Part,,,,Sing,Masc,,
observei,observar,Fin,Ind,Past,1,Sing,,,
difundirem,difundir,Inf,,,3,Plur,,,
sancioná,sancionar,Inf,,,,,,,
liberado,liberar,Part,,,,,,,
cooperar,cooperar,Inf,,,,,,,
agravando,agravar,Ger,,,,,,,
eliminado,eliminar,Part,,,,Sing,Masc,,
provada,provar,Part,,,,Sing,Fem,Pass,
caçam,caçar,Fin,Ind,Pres,3,Plur,,,
coordenados,coordenar,Part,,,,Plur,Masc,,
cercando,cercar,Ger,,,,,,,
destinará,destinar,Fin,Ind,Fut,3,Sing,,,
totalizam,totalizar,Fin,Ind,Pres,3,Plur,,,
acontecer,acontecer,Fin,Sub,Fut,3,Sing,,,
darei,dar,Fin,Ind,Fut,1,Sing,,,
destacado,destacar,Part,,,,,,,
desafia,desafiar,Fin,Ind,Pres,3,Sing,,,
ignorava,ignorar,Fin,Ind,Imp,3,Sing,,,
morando,morar,Ger,,,,,,,
denunciada,denunciar,Part,,,,Sing,Fem,Pass,
sagrou,sagrar,Fin,Ind,Past,3,Sing,,,
rejeitadas,rejeitar,Part,,,,Plur,Fem,Pass,
amadurecendo,amadurecer,Ger,,,,,,,
liquidar,liquidar,Inf,,,,,,,
juntando,juntar,Ger,,,,,,,
assassinatos,assassinasar,Part,,,,Plur,Masc,Pass,
complica,complicar,Fin,Ind,Pres,3,Sing,,,
acomodam,acomodar,Fin,Ind,Pres,3,Plur,,,
desmanchados,desmanchar,Part,,,,Plur,Masc,,
travado,travar,Part,,,,Sing,Masc,,
balançar,balançar,Inf,,,,,,,
condenaram,condenar,Fin,Ind,Past,3,Plur,,,
confirmar,confirmar,Inf,Sub,,3,Sing,,,
viajei,viajar,Fin,Ind,Past,1,Sing,,,
expressado,expressar,Part,,,,Sing,Masc,Pass,
contextualizados,contextualizar,Part,,,,Plur,Fem,,
frisa,frisar,Fin,Ind,Pres,3,Sing,,,
extintos,extingus,Part,,,,Plur,Masc,,
Participaram,participar,Fin,Ind,Past,3,Plur,,,
eleitos,eleger,Part,,,,Plur,Masc,,
vacinar,vacinar,Inf,,,3,Sing,,,
Mantemos,manter,Fin,Ind,Pres,1,Plur,,,
danificadas,danificar,Part,,,,Plur,Fem,,
beneficiariam,beneficiar,Fin,Ind,Pres,3,Plur,,,
beneficiada,beneficiar,Part,,,,Sing,Fem,,
inundadas,inundar,Part,,,,Plur,Fem,,
Juntar,juntar,Inf,,,,,,,
fiscalizados,fiscalizar,Part,,,,Plur,Masc,,
taxada,taxar,Part,,,,Sing,Fem,,
sobreviveu,sobreviver,Fin,Ind,Past,3,Sing,,,
Diria,dizer,Fin,Cnd,,3,Sing,,,
voltadas,voltar,Part,,,,Plur,Fem,Pass,
recomendassem,recomendar,Fin,Sub,Pres,3,Plur,,,
guiado,guiar,Part,,,,Sing,Masc,Pass,
mantivesse,manter,Fin,Sub,Imp,3,Sing,,,
estrelado,estrelar,Part,,,,Sing,Masc,Pass,
Odeio,oderar,Fin,Ind,Pres,1,Sing,,,
pressionando,pressionar,Ger,,,,,,,
cobrou,cobrar,Fin,Ind,Past,3,Sing,,,
autuada,autuar,Part,,,,Sing,Fem,Pass,
famosa,famoso,Part,,,,Sing,Fem,Pass,
Desenvolveu,desenvolver,Fin,Ind,Past,3,Sing,,,
localizado,localizar,Part,,,,Sing,Masc,Pass,
abandonada,abandonar,Part,,,,Sing,Fem,,
Temo,ter,Fin,Ind,Pres,1,Sing,,,
sirvam,servir,Fin,Sub,Pres,3,Plur,,,
largar,largar,Inf,,,,,,,
derivada,derivar,Part,,,,Sing,Fem,,
contatado,contatar,Part,,,,Sing,Masc,,
figurado,figurar,Part,,,,Sing,Masc,Pass,
seleciona,selecionar,Fin,Ind,Pres,3,Sing,,,
entrarão,entrar,Fin,Ind,Fut,3,Plur,,,
Efetuamos,efetuar,Fin,Ind,Pres,1,Plur,,,
torná,tornar,Fin,Ind,Pres,3,Sing,,,
apaga,apagar,Fin,Ind,Pres,3,Sing,,,
definiremos,definir,Fin,Ind,Pres,1,Plur,,,
ouvia,ouvir,Fin,Ind,Imp,3,Sing,,,
assustava,assustar,Fin,Ind,Imp,3,Sing,,,
gerenciado,gerenciar,Part,,,,Sing,Masc,Pass,
desenhado,desenhar,Part,,,,Sing,Masc,,
desfalcar,desfalcar,Inf,,,,,,,
festejou,festejar,Fin,Ind,Past,3,Sing,,,
mantinham,manter,Fin,Ind,Imp,3,Plur,,,
deixarão,deixar,Fin,Ind,Fut,3,Plur,,,AUX
restitua,restituar,Fin,Sub,Pres,3,Sing,,,
executada,executar,Part,,,,Sing,Fem,,
ressarça,ressarçar,Fin,Ind,Pres,3,Sing,,,
efetivada,efetivar,Part,,,,Sing,Fem,Pass,
Separo,separar,Fin,Ind,Pres,1,Sing,,,
Veja,ver,Fin,,,,Sing,,,
acentuar,acentuar,Inf,,,,,,,
Utilizo,utilizar,Fin,Ind,Pres,1,Sing,,,
repasso,repassar,Fin,Ind,Pres,1,Sing,,,
estimulada,estimular,Part,,,,Sing,Fem,Pass,
Venho,vir,Fin,Ind,Pres,1,Sing,,,
aplicar,aplicar,Fin,Sub,Fut,3,Sing,,,
suba,subir,Fin,Sub,Pres,3,Sing,,,
brinca,brincar,Fin,Ind,Pres,3,Sing,,,
amar,amar,Inf,,,,,,,
flagrada,flagrar,Part,,,,Sing,Fem,Pass,
emocionada,emocionar,Part,,,,Sing,Fem,,
botou,botar,Fin,Ind,Past,3,Sing,,,
desenhada,desenhar,Part,,,,Sing,Fem,,
Vencer,vencer,Inf,,,,,,,
afastar,afastar,Inf,,,3,Sing,,,
catapultou,catapultar,Fin,Ind,Past,3,Sing,,,
repousa,repousar,Fin,Ind,Pres,3,Sing,,,
estenderam,estender,Fin,Ind,Past,3,Plur,,,
colhidas,colher,Part,,,,Plur,Fem,,
carregava,carregar,Fin,Ind,Imp,3,Sing,,,
improvisado,improvisar,Part,,,,Sing,Masc,,
retornar,retornar,Inf,,,3,Sing,,,
ponderou,ponderar,Fin,Ind,Past,3,Sing,,,
ousada,ousar,Part,,,,Sing,Fem,Pass,
banhou,banhar,Fin,Ind,Past,3,Sing,,,
informar,informar,Inf,,,3,Sing,,,
proferia,proferir,Fin,Ind,Imp,3,Sing,,,
inflamados,inflamar,Part,,,,Plur,Masc,,
viciados,viciar,Part,,,,Plur,Masc,,
Conversei,conversar,Fin,Ind,Past,1,Sing,,,
reforçada,reforçar,Part,,,,Sing,Fem,,
disponibilizada,disponibilizar,Part,,,,Sing,Fem,Pass,
tranquiliza,tranquilizar,Fin,Ind,Pres,3,Sing,,,
apressado,apressar,Part,,,,Sing,Masc,Pass,
reforçadas,reforçar,Part,,,,Plur,Fem,Pass,
agiram,agir,Fin,Ind,Past,3,Plur,,,
exigiria,exigir,Fin,Cnd,,3,Sing,,,
desencadeou,desencadear,Fin,Ind,Past,3,Sing,,,
conseguirmos,conseguir,Inf,,,1,Plur,,,
incluído,incluir,Part,,,,Sing,Masc,Pass,
chegariam,chegar,Fin,Cnd,,3,Plur,,,
prometido,prometer,Part,,,,Sing,Masc,,
hospitalizadas,hospitalizar,Part,,,,Plur,Fem,,
recenseada,recensear,Part,,,,Sing,Fem,Pass,
adequar,adequar,Inf,,,,,,,
contemplada,contemplar,Part,,,,Sing,Fem,,
interligados,interligar,Part,,,,Plur,Masc,Pass,
perguntarem,perguntar,Fin,Sub,Fut,3,Plur,,,
esvaziar,esvaziar,Inf,,,,,,,
lançasse,lançar,Fin,Sub,Imp,3,Sing,,,
enalteceu,enaltecer,Fin,Ind,Past,3,Sing,,,
prestigiada,prestigiar,Part,,,,Sing,Fem,,
lotado,lotar,Part,,,,Sing,Masc,,
demora,demorar,Fin,Ind,Pres,3,Sing,,,
revidaram,revidar,Fin,Ind,Past,3,Plur,,,
entrado,entrar,Part,,,,Sing,Masc,,
derreter,derreter,Inf,,,,,,,
divertimos,diverter,Fin,Ind,Pres,1,Plur,,,
definiria,definir,Fin,Cnd,,3,Sing,,,
Finalizada,finalizar,Part,,,,Sing,Fem,,
concedida,conceder,Part,,,,Sing,Fem,Pass,
utilizava,utilizar,Fin,Ind,Imp,3,Sing,,,
inseridas,inserir,Part,,,,Plur,Fem,Pass,
segurando,segurar,Ger,,,,,,,
cobrado,cobrar,Part,,,,Sing,Masc,,
mandados,mandar,Part,,,,Plur,Masc,,
enveredaram,enveredar,Fin,Ind,Pres,3,Plur,,,
diversificar,diversificar,Inf,,,,,,,
obterem,obter,Inf,,,3,Plur,,,
imortalizada,imortalizar,Part,,,,Sing,Fem,Pass,
levantaram,levantar,Fin,Ind,Past,3,Plur,,,
dançava,dançar,Fin,Ind,Imp,3,Sing,,,
conveniadas,conveniar,Part,,,,Plur,Fem,,
encaixou,encaixar,Fin,Ind,Past,3,Sing,,,
embaçou,embaçar,Fin,Ind,Past,3,Sing,,,
beneficiando,beneficiar,Ger,,,,,,,
fomos,ser,Fin,Ind,Past,1,Plur,,,
SEI,seir,Fin,Ind,Pres,1,Sing,,,
Comeram,comer,Fin,Ind,Past,3,Plur,,,
encorajados,encorajar,Part,,,,Plur,Masc,,
construiria,construir,Fin,Cnd,,3,Sing,,,
Preferiu,preferir,Fin,Ind,Past,3,Sing,,,
apoiaria,apoiar,Fin,Cnd,,3,Sing,,,
Encomendado,encomendar,Part,,,,Sing,Masc,Pass,
confessar,confessar,Inf,,,,,,,
procurá,procurar,Inf,,,,,,,
avaliarão,avaliar,Fin,Ind,Fut,3,Plur,,,
entrevistado,entrevistar,Part,,,,Sing,Masc,Pass,
rouba,roubar,Fin,Ind,Pres,3,Sing,,,
acompanhei,acompanhar,Fin,Ind,Past,1,Sing,,,
fixou,fixar,Fin,Ind,Past,3,Sing,,,
entregado,entregar,Part,,,,,,,
aparentava,aparentar,Fin,Ind,Imp,3,Sing,,,
surgirá,surgir,Fin,Ind,Fut,3,Sing,,,
regularizarem,regularizar,Inf,,,3,Plur,,,
diminua,diminuar,Fin,Sub,Pres,3,Sing,,,
indicavam,indicar,Fin,Ind,Imp,3,Plur,,,
marchar,marchar,Inf,,,,,,,
apareça,apareçar,Fin,Sub,Pres,3,Sing,,,
compensarem,compensar,Inf,,,3,Plur,,,
Inibir,inibir,Inf,,,,,,,
transferindo,transferir,Ger,,,,,,,
educar,educar,Inf,,,,,,,
driblar,driblar,Inf,,,,,,,
iniciaram,iniciar,Fin,Ind,Past,3,Plur,,,AUX
empatados,empatar,Part,,,,Plur,Masc,,
opina,openar,Fin,Ind,Pres,3,Sing,,,
alvejadas,alvejar,Part,,,,Plur,Fem,Pass,
bombardeados,bombardear,Part,,,,Plur,Masc,Pass,
margeia,margear,Fin,Ind,Pres,3,Sing,,,
cassado,cassar,Part,,,,Sing,Masc,Pass,
saltita,saltitar,Fin,Ind,Pres,3,Sing,,,
proclamado,proclamar,Part,,,,Sing,Masc,,
sustentado,sustentar,Part,,,,,,,
Graduado,graduar,Part,,,,Sing,Masc,,
costumava,costumar,Fin,Ind,Imp,3,Sing,,,
provoque,provocar,Fin,Sub,Pres,3,Sing,,,
botando,botar,Ger,,,,,,,
arejado,arejar,Part,,,,Sing,Masc,,
cultivarmos,cultivar,Fin,Sub,Fut,1,Plur,,,
SER,ser,Inf,,,,,,,
TER,ter,Fin,,,,Sing,,,
frearmos,frear,Inf,,,1,Plur,,,
estampadas,estampar,Part,,,,Plur,Fem,,
dirigindo,dirigir,Ger,,,,,,,
venceriam,vencer,Fin,Cnd,,3,Plur,,,
disseminado,disseminar,Part,,,,Sing,Masc,Pass,
Preso,prender,Part,,,,Sing,Masc,,
incendiado,incendiar,Part,,,,,,,
multiplicamos,multiplicar,Fin,Ind,Pres,1,Plur,,,
Melhorou,melhorar,Fin,Ind,Past,3,Sing,,,
subestima,subestimar,Fin,Ind,Pres,3,Sing,,,
tornar,tornar,Inf,,,3,Sing,,,
ultrapassados,ultrapassar,Part,,,,Plur,Masc,Pass,
desacatado,desacatar,Part,,,,Sing,Masc,,
algemado,algemar,Part,,,,Sing,Masc,Pass,
casaram,casar,Fin,Ind,Past,3,Plur,,,
habitada,habitar,Part,,,,Sing,Fem,Pass,
publicadas,publicar,Part,,,,Plur,Fem,,
satisfaça,satisfaçar,Fin,Sub,Pres,3,Sing,,,
conformado,conformar,Part,,,,Sing,Masc,,
chamando,chamar,Ger,,,,,,,
impondo,impor,Ger,,,,,,,
surpreendidos,surpreender,Part,,,,Plur,Masc,Pass,
comercializados,comercializar,Part,,,,Plur,Masc,,
cobradas,cobrar,Part,,,,Plur,Fem,Pass,
transitar,transitar,Inf,,,,,,,
demarcadas,demarcar,Part,,,,Plur,Fem,,
invadido,invadir,Part,,,,,,,
direcionados,direcionar,Part,,,,Plur,Masc,Pass,
incluiriam,incluir,Fin,Cnd,,3,Plur,,,
aguardada,aguardar,Part,,,,Sing,Fem,Pass,
visitado,visitar,Part,,,,,,,
guardo,guardar,Fin,Ind,Pres,1,Sing,,,
defenderão,defender,Fin,Ind,Fut,3,Plur,,,
referenciados,referenciar,Part,,,,Plur,Masc,,
refletir,refletir,Inf,,,,,,,
confirmaria,confirmar,Fin,Cnd,,3,Sing,,,
derrubadas,derrubar,Part,,,,Plur,Fem,,
maltratado,maltratar,Part,,,,Sing,Masc,,
crescesse,crescer,Fin,Sub,Imp,3,Sing,,,
deformadas,deformar,Part,,,,Plur,Fem,,
afetava,afetar,Fin,Ind,Imp,3,Sing,,,
reeleito,reeleger,Part,,,,Sing,Masc,,
prevena,prevenar,Fin,Ind,Pres,3,Sing,,,
reverta,revertar,Fin,Sub,Pres,3,Sing,,,
habitar,habitar,Inf,,,,,,,
temperados,temperar,Part,,,,Plur,Masc,,
jurou,jurar,Fin,Ind,Past,3,Sing,,,
postada,postar,Part,,,,Sing,Fem,Pass,
reforçaram,reforçar,Fin,Ind,Past,3,Plur,,,
infectando,infectar,Ger,,,,,,,
treina,treinar,Fin,Ind,Pres,3,Sing,,,
emocionou,emocionar,Fin,Ind,Past,3,Sing,,,
chegamos,chegar,Fin,Ind,Pres,1,Plur,,,
precisaria,precisar,Fin,Cnd,,3,Sing,,,
voltará,voltar,Fin,Ind,Fut,3,Sing,,,AUX
acusada,acusar,Part,,,,Sing,Fem,Pass,
mentir,mentir,Inf,,,,,,,
renderam,render,Fin,Ind,Past,3,Plur,,,
amarram,amarrar,Fin,Ind,Pres,3,Plur,,,
subtraíram,subtrair,Fin,Ind,Past,3,Plur,,,
tirada,tirar,Part,,,,Sing,Fem,,
induzi,induzir,Inf,,,,,,,
complicado,complicado,Part,,,,Sing,Masc,,
Superado,superar,Part,,,,Sing,Masc,,
entravam,entrar,Fin,Ind,Imp,3,Plur,,,
viveram,viver,Fin,Ind,Past,3,Plur,,,
envelhecem,envelhecer,Fin,Ind,Pres,3,Plur,,,
repassado,repassar,Part,,,,Sing,Masc,,
antecipam,antecipar,Fin,Ind,Pres,3,Plur,,,
ensinado,ensinar,Part,,,,Sing,Masc,,
emergiu,emergir,Fin,Ind,Past,3,Sing,,,
encaminhara,encaminhar,Fin,Ind,Past,3,Sing,,,
vedada,vedar,Part,,,,Sing,Fem,,
anotado,anotar,Part,,,,Sing,Masc,Pass,
assinalam,assinal,Fin,Ind,Pres,3,Plur,,,
sedia,sedir,Fin,Ind,Pres,3,Sing,,,
veiculados,veicular,Part,,,,Plur,Masc,Pass,
ressurge,ressurgir,Fin,Ind,Pres,3,Sing,,,
paralisou,paralisar,Fin,Ind,Past,3,Sing,,,
enlouqueceu,enlouquecer,Fin,Ind,Past,3,Sing,,,
funcionado,funcionar,Part,,,,,,,
Misturado,misturar,Part,,,,Sing,Masc,,
vistoriou,vistoriar,Fin,Ind,Past,3,Sing,,,
gerará,gerar,Fin,Ind,Fut,3,Sing,,,
recapturar,recapturar,Inf,,,,,,,
conectando,conectar,Ger,,,,,,,
enfiada,enfiar,Part,,,,Sing,Fem,,
Adora,adorar,Fin,Ind,Pres,3,Sing,,,
resite,resitir,Fin,Ind,Pres,3,Sing,,,
escolher,escolher,Inf,,,3,Sing,,,
caprichada,caprichar,Part,,,,Sing,Fem,,
Acreditar,acreditar,Inf,,,,,,,
brincaram,brincar,Fin,Ind,Past,3,Plur,,,
implicando,implicar,Ger,,,,,,,
demolida,demolir,Part,,,,Sing,Fem,Pass,
presenteados,presentear,Part,,,,Plur,Masc,Pass,
Emerge,emergar,Fin,Ind,Pres,3,Sing,,,
Morri,morrer,Fin,Ind,Past,1,Sing,,,
apoiá,apoiar,Fin,Ind,Pres,3,Sing,,,
construirmos,construir,Fin,Sub,Fut,1,Plur,,,
conclama,conclamar,Fin,Ind,Pres,3,Sing,,,
converterá,converter,Fin,Ind,Fut,3,Sing,,,
instalara,instalar,Fin,Ind,Imp,3,Sing,,,
torcem,torcar,Fin,Ind,Pres,3,Plur,,,
merecido,merecer,Part,,,,Sing,Masc,Pass,
inventado,inventar,Part,,,,,,,
São,São,Fin,Ind,Pres,3,Plur,,,
contribuir,contribuir,Inf,,,3,,,,
atear,atear,Inf,,,,,,,
convocado,convocar,Part,,,,Sing,Masc,,
humanizar,humanizar,Inf,,,,,,,
garantido,garantir,Part,,,,,,,
imaginaria,imaginar,Fin,Cnd,,3,Sing,,,
terminava,terminar,Fin,Ind,Imp,3,Sing,,,
começava,começar,Fin,Ind,Imp,3,Sing,,,
operadas,operar,Part,,,,Plur,Fem,Pass,
elogiado,elogiar,Part,,,,Sing,Masc,,
aproveitam,aproveitar,Fin,Ind,Pres,3,Plur,,,
converte,converter,Fin,Ind,Pres,3,Sing,,,
fiscalizará,fiscalizar,Fin,Ind,Fut,3,Sing,,,
cogita,cogitar,Fin,Ind,Pres,3,Sing,,,
aconteceria,acontecer,Fin,Cnd,,3,Sing,,,
documentou,documentar,Fin,Ind,Past,3,Sing,,,
audita,auditar,Fin,Ind,Pres,3,Sing,,,
sagrando,sagrar,Fin,Ind,Past,3,Sing,,,
penta,pentar,Fin,Ind,Pres,3,Sing,,,
colocarem,colocar,Inf,,,3,Plur,,,
escondidos,esconder,Part,,,,Plur,Masc,,
fingem,fingir,Fin,Ind,Pres,3,Plur,,,
enganarem,enganar,Inf,,,3,Plur,,,
amarrados,amarrar,Part,,,,Plur,Masc,Pass,
gostando,gostar,Ger,,,,,,,
simula,simular,Fin,Ind,Pres,3,Sing,,,
realizamos,realizar,Fin,Ind,Pres,1,Plur,,,
desarmado,desarmar,Part,,,,Sing,Masc,Pass,
mantem,manter,Fin,Ind,Pres,3,Sing,,,
recusam,recusar,Fin,Ind,Pres,3,Plur,,,
investigam,investigar,Fin,Ind,Pres,3,Plur,,,
flagradas,flagrar,Part,,,,Plur,Fem,,
Passeando,passear,Ger,,,,,,,
visitam,visitar,Fin,Ind,Pres,3,Plur,,,
Botafoguense,botafoguer,Part,,,,Sing,Masc,,
organizando,organizar,Ger,,,,,,,
custeada,custear,Part,,,,Sing,Fem,Pass,
batido,bater,Part,,,,,,,
invoca,invocar,Fin,Ind,Pres,3,Sing,,,
Gostaria,gostar,Fin,Cnd,,1,Sing,,,
sustar,sustar,Inf,,,,,,,
interessar,interessar,Inf,,,3,Sing,,,
vetada,vetar,Part,,,,Sing,Fem,Pass,
prestes,prestes,Part,,,,,,,AUX
evitado,evitar,Part,,,,Sing,Masc,Pass,
malhar,malhar,Inf,,,,,,,
participarão,participar,Fin,Ind,Fut,3,Plur,,,
construímos,construir,Fin,Ind,Pres,1,Plur,,,
amadurecer,amadurecer,Inf,,,,,,,
lançava,lançar,Fin,Ind,Imp,3,Sing,,,
sepultada,sepultar,Part,,,,Sing,Fem,Pass,
totalizou,totalizar,Fin,Ind,Past,3,Sing,,,
gravamos,gravar,Fin,Ind,Past,1,Plur,,,
redistribui,redistribuir,Fin,Ind,Pres,3,Sing,,,
empurrando,empurrar,Ger,,,,,,,
impactado,impactar,Part,,,,Sing,Masc,Pass,
levá,levar,Inf,,,,,,,
decretado,decretar,Part,,,,Sing,Masc,Pass,
sincronizados,sincronizar,Part,,,,Plur,Masc,Pass,
fabricadas,fabricar,Part,,,,Plur,Fem,Pass,
metido,meter,Part,,,,Sing,Masc,,
conveniadas,conveniar,Part,,,,Plur,Fem,Pass,
sinalizando,sinalizar,Ger,,,,,,,
disputava,disputar,Fin,Ind,Imp,3,Sing,,,
homenageados,homenagear,Part,,,,Plur,Masc,Pass,
rompido,romper,Part,,,,Sing,Masc,Pass,
dublada,dublar,Part,,,,Sing,Fem,,
antenado,antenar,Part,,,,Sing,Masc,,
perdoou,perdoar,Fin,Ind,Past,3,Sing,,,
renovar,renovar,Inf,,,3,Sing,,,
vier,vir,Fin,Sub,Fut,3,Sing,,,
atacá,atacar,Inf,,,,,,,
acerte,acertar,Fin,Sub,Pres,3,Sing,,,
tropeçou,tropeçar,Fin,Ind,Past,3,Sing,,,
facilite,facilitar,Fin,Sub,Pres,3,Sing,,,
plantar,plantar,Inf,,,,,,,
prolifera,proliferar,Fin,Ind,Pres,3,Sing,,,
receberão,receber,Fin,Ind,Fut,3,Plur,,,
tratá,tratar,Inf,,,,,,,
variada,variar,Part,,,,Sing,Fem,,
prenuncia,prenunciar,Fin,Ind,Pres,3,Sing,,,
referendar,referendar,Inf,,,,,,,
pegam,pegar,Fin,Ind,Pres,3,Plur,,,
saia,saia,Fin,Sub,Pres,3,Sing,,,
unida,unidar,Part,,,,Sing,Fem,,
fazê,fazer,Inf,,,,,,,
vestir,vestir,Inf,,,3,Sing,,,
remarcada,remarcar,Part,,,,Sing,Fem,,
apitar,apitar,Inf,,,,,,,
finalizada,finalizar,Part,,,,Sing,Fem,Pass,
sinaliza,sinalizar,Fin,Ind,Pres,3,Sing,,,
consignado,consignar,Part,,,,Sing,Masc,,
debitado,debitar,Part,,,,Sing,Masc,,
Despachou,despachar,Fin,Ind,Past,3,Sing,,,
multar,multar,Inf,,,,,,,
pensado,pensar,Part,,,,Sing,Masc,Pass,
criminalizar,criminalizar,Inf,,,,,,,
recarrega,recarregar,Fin,Ind,Pres,3,Sing,,,
desperdiçando,desperdiçar,Ger,,,,,,,
empatadas,empatar,Part,,,,Plur,Fem,,
imitando,imitar,Ger,,,,,,,
impetrado,impetrar,Part,,,,Sing,Masc,,
vivam,viver,Fin,Sub,Pres,3,Plur,,,
classificando,classificar,Ger,,,,,,,
Escolhi,escolher,Fin,Ind,Past,1,Sing,,,
chutado,chutar,Part,,,,,,,
atrapalhado,atrapalhar,Part,,,,,,,
ancorado,ancorar,Part,,,,Sing,Masc,Pass,
roubada,roubar,Part,,,,Sing,Fem,Pass,
contratada,contratar,Part,,,,Sing,Fem,Pass,
mantermos,manter,Inf,,,1,Plur,,,
priorizando,priorizar,Ger,,,,,,,
explorou,explorar,Fin,Ind,Past,3,Sing,,,
patrocinada,patrocinar,Part,,,,Sing,Fem,Pass,
destroem,destroar,Fin,Ind,Pres,3,Plur,,,
fizerem,fazer,Fin,Sub,Fut,3,Plur,,,
interceder,interceder,Inf,,,,,,,
encerrados,encerrar,Part,,,,Plur,Masc,Pass,
encaminhando,encaminhar,Ger,,,,,,,
pontuou,pontuar,Fin,Ind,Past,3,Sing,,,
Chamado,chamar,Part,,,,Sing,Masc,,
Retornou,retornar,Fin,Ind,Past,3,Sing,,,
engolindo,engolir,Ger,,,,,,,
Votei,votar,Fin,Ind,Past,1,Sing,,,
entrevistada,entrevistar,Part,,,,Sing,Fem,,
relançar,relançar,Inf,,,,,,,
impugnada,impugnar,Part,,,,Sing,Fem,Pass,
surgidos,surgir,Part,,,,Plur,Masc,,
celebrar,celebrar,Inf,,,,,,,
INDICADA,indicar,Part,,,,Sing,Fem,,
legendadas,legender,Part,,,,Plur,Fem,,
dubladas,dublar,Part,,,,Plur,Fem,,
encarregaria,encarregar,Fin,Cnd,,3,Sing,,,
consultada,consultar,Part,,,,Sing,Fem,,
visava,visar,Fin,Ind,Imp,3,Sing,,,
tá,estar,Fin,Ind,Pres,1,Sing,,,
Treinamos,trer,Fin,Ind,Pres,1,Plur,,,
percebido,perceber,Part,,,,,,,
pousado,pousar,Part,,,,Sing,Masc,,
quebrado,quebrar,Part,,,,Sing,Masc,Pass,
comemorar,comemorar,Inf,,,3,Sing,,,
fazer,fazer,Inf,,,3,,,,
imaginávamos,imaginávar,Fin,Ind,Past,1,Plur,,,
exibido,exibir,Part,,,,Sing,Masc,,
alegue,alegar,Fin,Sub,Pres,3,Sing,,,
estacionarão,estacionar,Fin,Ind,Pres,3,Plur,,,
portando,portar,Ger,,,,,,,
matriculados,matricular,Part,,,,Plur,Masc,,
ofertar,ofertar,Inf,,,,,,,
coloquei,coloeuar,Fin,Ind,Past,1,Sing,,,
Procuro,procurar,Fin,Ind,Pres,1,Sing,,,
assistia,assistir,Fin,Ind,Imp,3,Sing,,,
empurrou,empurrar,Fin,Ind,Past,3,Sing,,,
reaver,reaver,Inf,,,,,,,
Aliviada,aliviar,Part,,,,Sing,Fem,,
incomodado,incomodar,Part,,,,,,,
executado,executar,Part,,,,Sing,Masc,,
alvejar,alvejar,Inf,,,,,,,
inscrito,inscrever,Part,,,,Sing,Masc,Pass,
desperdiçou,desperdiçar,Fin,Ind,Past,3,Sing,,,
calou,calar,Fin,Ind,Past,3,Sing,,,
lotou,lotar,Fin,Ind,Past,3,Sing,,,
florestadas,florestar,Part,,,,Plur,Fem,,
conectava,conectar,Fin,Ind,Imp,3,Sing,,,
codificava,codificar,Fin,Ind,Imp,3,Sing,,,
decodificavam,decodificar,Fin,Ind,Imp,3,Plur,,,
executavam,executar,Fin,Ind,Imp,3,Plur,,,
captados,captar,Part,,,,Plur,Masc,,
orientados,orientar,Part,,,,Plur,Masc,Pass,
ouvida,ouvidar,Part,,,,Sing,Fem,Pass,
Antecipou,antecipar,Fin,Ind,Past,3,Sing,,,
determinava,determinar,Fin,Ind,Imp,3,Sing,,,
sediar,sediar,Fin,Sub,Fut,3,Sing,,,
compartilhar,compartilhar,Inf,,,,,,,
marque,mar,Fin,Sub,Pres,3,Sing,,,
Consegui,conseguir,Fin,Ind,Past,1,Sing,,,
transmitidas,transmitir,Part,,,,Plur,Fem,Pass,
barrada,barrar,Part,,,,Sing,Fem,,
prevaleça,prevaleçar,Fin,Sub,Pres,3,Sing,,,
ouvido,ouvir,Part,,,,Sing,Masc,Pass,
tomem,tumar,Fin,Sub,Pres,3,Plur,,,
preservadas,preservar,Part,,,,Plur,Fem,Pass,
automatizada,automatizar,Part,,,,Sing,Fem,,
Atendo,ater,Fin,Ind,Pres,1,Sing,,,
casado,casado,Part,,,,Sing,Masc,Pass,
viajará,viajar,Fin,Ind,Fut,3,Sing,,,
capitalizar,capitalizar,Inf,,,,,,,
amenizaram,amenizar,Fin,Ind,Past,3,Plur,,,
pesaram,pesar,Fin,Ind,Past,3,Plur,,,
lia,ler,Fin,Ind,Imp,3,Sing,,,
desabrigados,desabrigar,Part,,,,Plur,Masc,,
descansados,descansar,Part,,,,Plur,Masc,,
poupado,poupar,Part,,,,Sing,Masc,Pass,
assumimos,assumir,Fin,Ind,Pres,1,Plur,,,
ocupavam,ocupar,Fin,Ind,Imp,3,Plur,,,
Dizendo,dizer,Ger,,,,,,,
concorreu,concorrer,Fin,Ind,Past,3,Sing,,,
requisitada,requisitar,Part,,,,Sing,Fem,,
recuperaram,recuperar,Fin,Ind,Past,3,Plur,,,
furtado,furtar,Part,,,,Sing,Masc,,
escrutinou,escrutinar,Fin,Ind,Past,3,Sing,,,
trabalhava,trabalhar,Fin,Ind,Imp,3,Sing,,,
vissem,vir,Fin,Sub,Imp,3,Plur,,,
fosse,ser,Fin,Sub,Imp,3,Sing,,,
embasadas,embasar,Part,,,,Plur,Fem,,
faremos,far,Fin,Ind,Fut,1,Plur,,,
traremos,trarer,Fin,Ind,Fut,1,Plur,,,
apostam,apostar,Fin,Ind,Pres,3,Plur,,,
acreditaram,acreditar,Fin,Ind,Past,3,Plur,,,
cairam,cair,Fin,Ind,Past,3,Plur,,,
perdoasse,perdoar,Fin,Sub,Imp,3,Sing,,,
vendi,vender,Fin,Ind,Past,1,Sing,,,
abordaram,abordar,Fin,Ind,Past,3,Plur,,,
começamos,começar,Fin,Ind,Past,1,Plur,,,AUX
Fundada,fundar,Part,,,,Sing,Fem,,
fico,ficar,Fin,Ind,Pres,1,Sing,,,
intrometendo,intrometer,Ger,,,,,,,
prometeram,prometer,Fin,Ind,Past,3,Plur,,,
agredido,agredir,Part,,,,Sing,Masc,Pass,
expulso,expulsar,Part,,,,Sing,Masc,Pass,
metralharam,metralhar,Fin,Ind,Imp,3,Plur,,,
escaparem,escapar,Inf,,,3,Plur,,,
exito,exitar,Fin,Ind,Pres,1,Sing,,,
pondera,ponder,Fin,Ind,Pres,3,Sing,,,
cortar,cortar,Inf,Sub,,3,Sing,,,
entro,entrar,Fin,Ind,Pres,1,Sing,,,
Acompanharam,acompanhar,Fin,Ind,Past,3,Plur,,,
ajeitando,ajeitar,Ger,,,,,,,
fechamos,fechar,Fin,Ind,Past,1,Plur,,,
enraizadas,enraizar,Part,,,,Plur,Fem,Pass,
vivemos,viver,Fin,Ind,Pres,1,Plur,,,
qualificadas,qualificar,Part,,,,Plur,Fem,,
receber,receber,Fin,Sub,Fut,3,Sing,,,
compartilhado,compartilhar,Part,,,,Sing,Masc,Pass,
Confirmamos,confirmar,Fin,Ind,Pres,1,Plur,,,
vivido,viver,Part,,,,Sing,Masc,Pass,
Está,estar,Fin,Ind,Pres,3,Sing,,,
partilhar,partilhar,Inf,,,,,,,
reorganizamos,reorganizar,Fin,Ind,Pres,1,Plur,,,
segurá,segurar,Inf,,,,,,,
Potencializar,potencializar,Inf,,,,,,,
acionou,acionar,Fin,Ind,Past,3,Sing,,,
expulso,expulsar,Part,,,,Sing,Masc,,
torcendo,torcer,Ger,,,,,,,
respaldam,respaldar,Fin,Ind,Pres,3,Plur,,,
Cremos,crer,Fin,Ind,Pres,1,Plur,,,
encenavam,encenar,Fin,Ind,Imp,3,Plur,,,
contatar,contatar,Inf,,,,,,,
herdado,herdar,Part,,,,Sing,Masc,Pass,
sentia,sentir,Fin,Ind,Imp,1,Sing,,,
Transformando,transformar,Ger,,,,,,,
fotografaram,fotografar,Fin,Ind,Past,3,Plur,,,
postaram,postar,Fin,Ind,Past,3,Plur,,,
intercala,intercal,Fin,Ind,Pres,3,Sing,,,
substituirá,substituir,Fin,Ind,Fut,3,Sing,,,
ensinando,ensinar,Ger,,,,,,,
aproveitadas,aproveitar,Part,,,,Plur,Fem,,
idealizar,idealizar,Inf,,,,,,,
deixá,deixar,Inf,,,,,,,
lembrá,lembrar,Inf,,,,,,,
fechado,fechar,Part,,,,Sing,Masc,Pass,
prenchido,prencher,Part,,,,Sing,Masc,,
satisfeito,satisfazer,Part,,,,Sing,Masc,,
confeccionando,confeccionar,Ger,,,,,,,
antecedida,anteceder,Part,,,,Sing,Fem,Pass,
congregam,congregar,Fin,Ind,Pres,3,Plur,,,
dirigiam,dirigir,Fin,Ind,Imp,3,Plur,,,
controlasse,controlar,Fin,Sub,Imp,3,Sing,,,
avaliará,avaliar,Fin,Ind,Fut,3,Sing,,,
promover,promover,Inf,,,3,,,,
trarão,trazer,Fin,Ind,Fut,3,Plur,,,
partilha,partilha,Fin,Ind,Pres,3,Sing,,,
alocados,alocar,Part,,,,Plur,Masc,Pass,
educado,educar,Part,,,,Sing,Masc,,
diluído,diluir,Part,,,,,,,
refugiou,refugiar,Fin,Ind,Past,3,Sing,,,
satisfeitos,satisfazer,Part,,,,Plur,Masc,,
suplantá,suplantar,Inf,,,,,,,
aliciados,aliciar,Part,,,,Plur,Masc,,
abrigados,abrigar,Part,,,,Plur,Masc,Pass,
protocolados,protocolar,Part,,,,Plur,Masc,Pass,
aleguem,aleguar,Fin,Sub,Pres,3,Plur,,,
preferido,preferido,Part,,,,Sing,Masc,Pass,
construiriam,construir,Fin,Cnd,,3,Plur,,,
inutilizar,inutilizar,Inf,,,,,,,
lograr,lograr,Inf,,,,,,,
regularizem,regularizar,Fin,Sub,Pres,3,Plur,,,
alocar,alocar,Inf,,,,,,,
escutadas,escutar,Part,,,,Plur,Fem,Pass,
reencontrará,reencontrar,Fin,Ind,Fut,3,Sing,,,
cortados,cortar,Part,,,,Plur,Masc,Pass,
ofereceria,oferecer,Fin,Cnd,,3,Sing,,,
planejam,planejar,Fin,Ind,Pres,3,Plur,,,
compreenda,compreender,Fin,Sub,Pres,3,Sing,,,
concedido,conceder,Part,,,,Sing,Masc,,
Integrou,integrar,Fin,Ind,Past,3,Sing,,,
banhadas,banhar,Part,,,,Plur,Fem,Pass,
pagava,pagar,Fin,Ind,Imp,1,Sing,,,
nomear,nomear,Inf,,,,,,,
habilitar,habilitar,Inf,,,,,,,
visualizá,visualizar,Fin,Sub,Pres,,Sing,,,
esticasse,esticar,Fin,Ind,Pres,3,Sing,,,
realize,realizar,Fin,Sub,Pres,3,Sing,,,
Imaginava,imaginar,Fin,Ind,Imp,3,Sing,,,
respirando,respirar,Ger,,,,,,,
embriagado,embriagar,Part,,,,Sing,Masc,,
encontrarmos,encontrar,Fin,Sub,Fut,1,Plur,,,
sentaremos,sentar,Fin,Ind,Pres,1,Plur,,,
sobrecarregadas,sobrecarregar,Part,,,,Plur,Fem,,
invertida,inverter,Part,,,,Sing,Fem,,
interditada,interditar,Part,,,,Sing,Fem,,
exibido,exibir,Part,,,,Sing,Masc,Pass,
Interagindo,interagir,Ger,,,,,,,
estendia,estender,Fin,Ind,Imp,3,Sing,,,
falado,falar,Part,,,,,,,
levantando,levantar,Ger,,,,,,,
desacoplando,desacoplar,Ger,,,,,,,
desligando,desligar,Ger,,,,,,,
quadruplicou,quadruplicar,Fin,Ind,Past,3,Sing,,,
vestidos,vestir,Part,,,,Plur,Masc,,
vendemos,vender,Fin,Ind,Pres,1,Plur,,,
desvalorizado,desvalorizar,Part,,,,Sing,Masc,,
Questionada,questionar,Part,,,,Sing,Fem,,
divertem,divertir,Fin,Ind,Pres,3,Plur,,,
avançamos,avançar,Fin,Ind,Pres,1,Plur,,,
aparecerá,aparecer,Fin,Ind,Fut,3,Sing,,,
inseriu,inserir,Fin,Ind,Past,3,Sing,,,
Trabalhar,trabalhar,Inf,,,,,,,
encobrir,encobrir,Inf,,,,,,,
despistando,despistar,Ger,,,,,,,
fornecerá,fornecer,Fin,Ind,Fut,3,Sing,,,
extraditado,extraditar,Part,,,,Sing,Masc,Pass,
agregando,agregar,Ger,,,,,,,
frequento,frequentar,Fin,Ind,Pres,1,Sing,,,
permitidos,permitir,Part,,,,Plur,Masc,Pass,
desrespeite,desrespeitar,Fin,Sub,Pres,3,Sing,,,
viole,violar,Fin,Sub,Pres,3,Sing,,,
aceito,aceitar,Part,,,,,,,
fortalecerá,fortalecer,Fin,Ind,Fut,3,Sing,,,
faltavam,faltar,Fin,Ind,Imp,3,Plur,,,
solidificar,solidificar,Inf,,,3,Sing,,,
ordenado,ordenado,Part,,,,Sing,Masc,Pass,
Famosa,famosar,Part,,,,Sing,Fem,Pass,
rezando,rezar,Ger,,,,,,,
recusar,recusar,Inf,,,3,Sing,,,
desgostar,desgostar,Inf,,,,,,,
conhecerão,conhecer,Fin,Ind,Fut,3,Plur,,,
percorreu,percorrer,Fin,Ind,Past,3,Sing,,,
aliadas,aliar,Part,,,,Plur,Fem,,
gritou,gritar,Fin,Ind,Past,3,Sing,,,
Viva,Viva,Fin,Ind,Pres,3,Sing,,,
convertido,converter,Part,,,,,,,
sancionava,sancionar,Fin,Ind,Imp,3,Sing,,,
tipificava,tipificar,Fin,Ind,Imp,3,Sing,,,
Teria,ter,Fin,Cnd,,3,Sing,,,AUX
dispurada,dispurar,Part,,,,Sing,Fem,,
lançada,lançar,Part,,,,Sing,Fem,,
divergir,divergir,Inf,,,,,,,
cansou,cansar,Fin,Ind,Past,3,Sing,,,
agradece,agradecer,Fin,Ind,Pres,3,Sing,,,
eleva,elevar,Fin,Ind,Pres,3,Sing,,,
creditados,creditar,Part,,,,Plur,Masc,,
readquirir,readquirir,Inf,,,3,Sing,,,
perderá,perder,Fin,Ind,Fut,3,Sing,,,
POSSUI,possuir,Fin,Ind,Pres,3,Sing,,,
crescia,crescer,Fin,Ind,Imp,3,Sing,,,
solta,soltar,Fin,Ind,Pres,3,Sing,,,
excluído,excluir,Part,,,,Sing,Masc,Pass,
acionado,acionar,Part,,,,,,,
interditado,interditar,Part,,,,Sing,Masc,,
oferecido,oferecer,Part,,,,Sing,Masc,Pass,
rotulada,rotular,Part,,,,Sing,Fem,,
proibir,proibir,Inf,Sub,,3,Sing,,,
projectou,projectar,Fin,Ind,Past,3,Sing,,,
envolverem,envolver,Fin,Sub,Fut,3,Plur,,,
Fumando,fumar,Ger,,,,,,,
contaminem,contaminar,Fin,Sub,Pres,3,Plur,,,
estudarão,estudar,Fin,Ind,Fut,3,Plur,,,
atrairá,atrair,Fin,Ind,Fut,3,Sing,,,
espalhá,espalhar,Inf,,,,,,,
assado,assar,Part,,,,Sing,Masc,Pass,
continuo,continuar,Fin,Ind,Pres,1,Sing,,,
fazia,fazer,Fin,Ind,Imp,1,Sing,,,
apertadas,apertar,Part,,,,Plur,Fem,,
refletiria,refletir,Fin,Cnd,,3,Sing,,,
elevaria,elevar,Fin,Cnd,,3,Sing,,,
aproximarmos,aproximar,Inf,,,1,Plur,,,
partirem,partir,Inf,,,3,Plur,,,
desconhecer,desconhecer,Inf,,,3,Sing,,,
alcançará,alcançar,Fin,Ind,Fut,3,Sing,,,
incluiria,incluir,Fin,Cnd,,3,Sing,,,
avaliar,avaliar,Fin,Sub,,3,Sing,,,
desenvolveremos,desenvolver,Fin,Ind,Pres,1,Plur,,,
convido,conver,Fin,Ind,Pres,1,Sing,,,
juntar,juntar,Inf,,,3,Sing,,,
compilar,compilar,Inf,,,,,,,
cassado,cassar,Part,,,,Sing,Masc,,
cobram,cobrar,Fin,Ind,Pres,3,Plur,,,
complementou,complementar,Fin,Ind,Past,3,Sing,,,
rejeitam,rejeitar,Fin,Ind,Pres,3,Plur,,,
reaja,reajar,Fin,Sub,Pres,3,Sing,,,
empolgou,empolgar,Fin,Ind,Past,3,Sing,,,
retornaram,retornar,Fin,Ind,Past,3,Plur,,,
diga,dizer,Fin,Sub,Pres,3,Sing,,,
despedir,despedir,Inf,,,,,,,
veiculado,veicular,Part,,,,Sing,Masc,,
encontrá,encontrar,Fin,Sub,Fut,3,Sing,,,
fraudadas,fraudar,Part,,,,Plur,Fem,Pass,
feder,feder,Inf,,,,,,,
acionados,acionar,Part,,,,Plur,Masc,Pass,
queime,queimer,Fin,Sub,Pres,3,Sing,,,
entraria,entrar,Fin,Cnd,,3,Sing,,,
refletiu,refletir,Fin,Ind,Past,3,Sing,,,
Tomara,tomar,Fin,Ind,Pres,3,Sing,,,
ligada,ligar,Part,,,,Sing,Fem,Pass,
negam,negar,Fin,Ind,Pres,3,Plur,,,
hesitam,hesitar,Fin,Ind,Pres,3,Plur,,,
eregida,eregerir,Part,,,,Sing,Fem,Pass,
homenageados,homenagear,Part,,,,Plur,Masc,,
apostando,apostar,Ger,,,,,,,
despendindo,despender,Ger,,,,,,,
qualifica,qualificar,Fin,Ind,Pres,3,Sing,,,
monta,montar,Fin,Ind,Pres,3,Sing,,,
atualiza,atualizar,Fin,Ind,Pres,3,Sing,,,
aprendo,aprer,Fin,Ind,Pres,1,Sing,,,
comprometida,comprometer,Part,,,,Sing,Fem,Pass,
qualificando,qualificar,Ger,,,,,,,
capacitar,capacitar,Inf,,,,,,,
confessaram,confessar,Fin,Ind,Past,3,Plur,,,
ameaçados,ameaçar,Part,,,,Plur,Masc,Pass,
socorridas,socorrer,Part,,,,Plur,Fem,Pass,
resistiram,resistir,Fin,Ind,Past,3,Plur,,,
internado,internar,Part,,,,Sing,Masc,Pass,
encerrada,encerrado,Part,,,,Sing,Fem,,
Baseados,basear,Part,,,,Plur,Masc,,
prestigiaram,prestigiar,Fin,Ind,Past,3,Plur,,,
comandavam,comandar,Fin,Ind,Imp,3,Plur,,,
paralisado,paralisar,Part,,,,Sing,Masc,Pass,
visitá,visitar,Fin,Ind,Pres,1,Sing,,,
compreendeu,compreender,Fin,Ind,Past,3,Sing,,,
exclamou,exclamar,Fin,Ind,Past,3,Sing,,,
visitada,visitar,Part,,,,Sing,Fem,,
torná,tornar,Inf,,,,,,,
somar,somar,Inf,,,,,,,
Pretendem,pretender,Fin,Ind,Pres,3,Plur,,,
medem,medir,Fin,Ind,Pres,3,Plur,,,
pegar,pegar,Fin,Sub,Fut,3,Sing,,,
Fomos,ser,Fin,Ind,Past,1,Plur,,,
suporemos,supor,Fin,Ind,Pres,1,Plur,,,
deposto,depostar,Part,,,,Sing,Masc,Pass,
falsificadas,falsificar,Part,,,,Plur,Fem,,
Sonha,sonhar,Fin,Ind,Pres,3,Sing,,,
estrelando,estrelar,Ger,,,,,,,
apegado,apegar,Part,,,,Sing,Masc,,
faltar,faltar,Inf,,,,,,,
enriquecerão,enriquecer,Fin,Ind,Fut,3,Plur,,,
atenuado,atenuar,Part,,,,Sing,Masc,Pass,
resgatadas,resgatar,Part,,,,Plur,Fem,Pass,
superá,superar,Fin,Ind,Pres,3,Sing,,,
encorajado,encorajar,Part,,,,Sing,Masc,,
consumir,consumir,Inf,,,3,Sing,,,
assinam,assinar,Fin,Ind,Pres,3,Plur,,,
adote,adotar,Fin,Sub,Pres,3,Sing,,,
percebido,perceber,Part,,,,Sing,Masc,,
utilizá,utilizar,Inf,,,,,,,
encarregou,encarregar,Fin,Ind,Past,3,Sing,,,
dissecada,dissecar,Part,,,,Sing,Fem,,
providenciou,providenciar,Fin,Ind,Past,3,Sing,,,
solucionou,solucionar,Fin,Ind,Past,3,Sing,,,
Estávamos,estar,Fin,Ind,Imp,1,Plur,,,
visualizados,visualizar,Part,,,,Plur,Masc,Pass,
voltado,voltar,Part,,,,,,,
fracassam,fracassar,Fin,Ind,Pres,3,Plur,,,
depredado,depredar,Part,,,,Sing,Masc,,
lute,lutar,Fin,Sub,Pres,3,Sing,,,
uniu,unir,Fin,Ind,Past,3,Sing,,,
verberava,verberar,Fin,Ind,Imp,3,Sing,,,
debateu,debater,Fin,Ind,Past,3,Sing,,,
alimentando,alimentar,Ger,,,,,,,
boiando,boiar,Ger,,,,,,,
culpam,culpar,Fin,Ind,Pres,3,Plur,,,
Mantido,manter,Part,,,,Sing,Masc,Pass,
pauta,pauta,Fin,Ind,Pres,3,Sing,,,
abalado,abalar,Part,,,,Sing,Masc,,
ganharem,ganhar,Fin,Sub,Fut,3,Plur,,,
desmontado,desmontar,Part,,,,Sing,Masc,Pass,
recuperará,recuperar,Fin,Ind,Fut,3,Sing,,,
extendida,extender,Part,,,,Sing,Fem,,
habitua,habituar,Fin,Ind,Pres,3,Sing,,,
negociada,negociar,Part,,,,Sing,Fem,Pass,
veio,vir,Fin,Ind,Past,3,Sing,,,AUX
rachado,rachar,Part,,,,Sing,Masc,,
constituía,constituir,Fin,Ind,Imp,3,Sing,,,
Levaram,levar,Fin,Ind,Past,3,Plur,,,
cozer,cozer,Inf,,,,,,,
aguardaram,aguardar,Fin,Ind,Past,3,Plur,,,
tomara,tomar,Fin,Sub,Pres,3,Sing,,,
tapar,tapar,Inf,,,,,,,
ousa,ousar,Fin,Ind,Pres,3,Sing,,,
cunhadas,cunhar,Part,,,,Plur,Fem,,
descartou,descartar,Fin,Ind,Past,3,Sing,,,
fundar,fundar,Inf,,,,,,,
restaurou,restaurar,Fin,Ind,Past,3,Sing,,,
aderisse,adeririar,Fin,Sub,Imp,3,Sing,,,
desconversa,desconver,Fin,Ind,Pres,3,Sing,,,
bebem,beber,Fin,Ind,Pres,3,Plur,,,
pinçado,pinçar,Part,,,,Sing,Masc,,
estabelecidos,estabelecer,Part,,,,Plur,Masc,,
voltasse,voltar,Fin,Sub,Imp,3,Sing,,,
estabelecesse,estabelecer,Fin,Sub,Imp,3,Sing,,,
poupados,poupar,Part,,,,Plur,Masc,Pass,
deflagrada,deflagrar,Part,,,,Sing,Fem,Pass,
aplicasse,aplicar,Fin,Sub,Imp,3,Sing,,,
favorecido,favorecer,Part,,,,Sing,Masc,Pass,
fizessem,fazer,Fin,Sub,Imp,3,Plur,,,
confirmamos,confirmar,Fin,Ind,Pres,1,Plur,,,
receberem,receber,Inf,,,3,Plur,,,
pensada,pensar,Part,,,,Sing,Fem,Pass,
jogá,jogar,Fin,Ind,Pres,1,Sing,,,
concorreram,concorrer,Fin,Ind,Past,3,Plur,,,
exalta,exaltar,Fin,Ind,Pres,3,Sing,,,
despachada,despachar,Part,,,,Sing,Fem,,
descerá,descer,Fin,Ind,Fut,3,Sing,,,
lutará,lutar,Fin,Ind,Fut,3,Sing,,,
impedida,impedir,Part,,,,Sing,Fem,Pass,
invadida,invadir,Part,,,,Sing,Fem,,
busquem,busquar,Fin,Sub,Pres,3,Plur,,,
instruírem,instruir,Inf,,,3,Plur,,,
desgastando,desgastar,Ger,,,,,,,
engravidou,engravidar,Fin,Ind,Past,3,Sing,,,
Teria,ter,Fin,Cnd,,3,Sing,,,
apanhava,apanhar,Fin,Ind,Imp,3,Sing,,,
empregavam,empregar,Fin,Ind,Imp,3,Plur,,,
ousado,ousar,Part,,,,Sing,Masc,,
congrega,congregar,Fin,Ind,Pres,3,Sing,,,
Filmou,filmar,Fin,Ind,Past,3,Sing,,,
confiar,confiar,Inf,,,,,,,
perderemos,perder,Fin,Ind,Fut,1,Plur,,,
conseguirmos,conseguir,Fin,Sub,Fut,1,Plur,,,
mira,mira,Fin,Ind,Pres,3,Sing,,,
Oferece,oferecer,Fin,Ind,Pres,3,Sing,,,
Afastando,afastar,Ger,,,,,,,
Detecta,detectar,Fin,Ind,Pres,3,Sing,,,
Aliviados,aliviar,Part,,,,Plur,Masc,,
comemoravam,comemorar,Fin,Ind,Imp,3,Plur,,,
soltar,soltar,Inf,,,,,,,
aproveitará,aproveitar,Fin,Ind,Fut,3,Sing,,,
disfarçar,disfarçar,Inf,,,,,,,
correspondia,corresponder,Fin,Ind,Imp,3,Sing,,,
fiscalizando,fiscalizar,Ger,,,,,,,
morram,morrer,Fin,Sub,Pres,3,Plur,,,
rebaixado,rebaixar,Part,,,,Sing,Masc,Pass,
rendadas,rendar,Part,,,,Plur,Fem,,
reserva,reserva,Fin,Ind,Pres,3,Sing,,,
conectarem,conectar,Fin,Sub,Fut,3,Plur,,,
Mostramos,mostrar,Fin,Ind,Pres,1,Plur,,,
cotada,cotado,Part,,,,Sing,Fem,,
agravaram,agravar,Fin,Ind,Past,3,Plur,,,
reconhencem,reconhencer,Fin,Ind,Pres,3,Plur,,,
levante,levantar,Fin,Sub,Pres,3,Sing,,,
posicionar,posicionar,Inf,,,3,Sing,,,
inculcar,inculcar,Inf,,,,,,,
Retornando,retornar,Ger,,,,,,,
treinaram,treinar,Fin,Ind,Past,3,Plur,,,
corrompeu,corromper,Fin,Ind,Past,3,Sing,,,
espalmando,espalmar,Ger,,,,,,,
encobriram,encobrir,Fin,Ind,Pres,3,Plur,,,
captadas,captar,Part,,,,Plur,Fem,Pass,
cometendo,cometer,Ger,,,,,,,
chutando,chutar,Ger,,,,,,,
roubadas,roubar,Part,,,,Plur,Fem,Pass,
imprimiu,imprimir,Fin,Ind,Past,3,Sing,,,
assassinados,assassinar,Part,,,,Plur,Masc,,
avistadas,avistar,Part,,,,Plur,Fem,Pass,
morem,morar,Fin,Sub,Pres,3,Plur,,,
demitir,demitir,Inf,,,,,,,
assentadas,assentar,Part,,,,Plur,Fem,,
primando,primar,Ger,,,,,,,
Dê,dizer,Fin,Sub,Pres,3,Sing,,,
minimizem,minimizar,Fin,Sub,Pres,3,Plur,,,
acoplados,acoplar,Part,,,,Plur,Masc,,
leem,ler,Fin,Ind,Pres,3,Plur,,,
provando,provar,Ger,,,,,,,
parado,parar,Part,,,,,,,
versa,ver,Fin,Ind,Pres,3,Sing,,,
internados,internar,Part,,,,Plur,Masc,,
comercializará,comercializar,Fin,Ind,Fut,3,Sing,,,
mostrava,mostrar,Fin,Ind,Imp,3,Sing,,,
levarmos,levar,Fin,Sub,Fut,1,Plur,,,
avançassem,avançar,Fin,Sub,Imp,3,Plur,,,
revelar,revelar,Inf,,,3,Sing,,,
guiada,guiar,Part,,,,Sing,Fem,Pass,
atrasam,atrasar,Fin,Ind,Pres,3,Plur,,,
Serão,ser,Fin,Ind,Fut,3,Plur,,,
premiados,premiar,Part,,,,Plur,Masc,,
talhados,talhar,Part,,,,Plur,Masc,,
Abominemos,abominar,Fin,Ind,Pres,1,Plur,,,
transmitidas,transmitir,Part,,,,Plur,Fem,,
roubadas,roubar,Part,,,,Plur,Fem,,
Destacando,destacar,Ger,,,,,,,
paralisada,paralisar,Part,,,,Sing,Fem,Pass,
classificado,classificado,Part,,,,Sing,Masc,,
faturar,faturar,Inf,,,,,,,
processados,processar,Part,,,,Plur,Masc,Pass,
investirá,investir,Fin,Ind,Fut,3,Sing,,,
realizarem,realizar,Inf,,,3,Plur,,,
avisado,avisar,Part,,,,,,,
possuir,possuir,Inf,,,3,Sing,,,
Pedi,pedir,Fin,Ind,Past,1,Sing,,,
manifestadas,manifestar,Part,,,,Plur,Fem,Pass,
Deu,dar,Fin,Ind,Past,3,Sing,,,
passado,passar,Part,,,,Sing,Masc,Pass,
julgados,julgar,Part,,,,Plur,Masc,,
persistimos,persistir,Fin,Ind,Pres,1,Plur,,,
empenhados,empenhar,Part,,,,Plur,Masc,,
empatada,empatar,Part,,,,Sing,Fem,,
são,ser,Fin,Ind,Pres,3,Plur,,,
migrou,migrar,Fin,Ind,Past,3,Sing,,,
ignorar,ignorar,Inf,,,3,Sing,,,
adotado,adotar,Part,,,,,,,
nascerem,nascer,Inf,,,3,Plur,,,
empurrarem,empurrar,Inf,,,3,Plur,,,
distribuindo,distribuir,Ger,,,,,,,
intriga,intrigar,Fin,Ind,Pres,3,Sing,,,
Aparentando,aparentar,Ger,,,,,,,
diverte,divertir,Fin,Ind,Pres,3,Sing,,,
acedeu,aceder,Fin,Ind,Past,3,Sing,,,
ambicionava,ambicionar,Fin,Ind,Imp,3,Sing,,,
acusava,acusar,Fin,Ind,Imp,3,Sing,,,
retomada,retomada,Part,,,,Sing,Fem,,
gravado,gravar,Part,,,,Sing,Masc,Pass,
misturado,misturar,Part,,,,Sing,Masc,Pass,
concluídas,concluir,Part,,,,Plur,Fem,Pass,
abandona,abandonar,Fin,Ind,Pres,3,Sing,,,
utilisar,utilisar,Inf,,,,,,,
vingar,vingar,Inf,,,3,Sing,,,
agrediram,agredir,Fin,Ind,Past,3,Plur,,,
antenada,antenar,Part,,,,Sing,Fem,Pass,
sacou,sacar,Fin,Ind,Past,3,Sing,,,
esquenta,esquentar,Fin,Ind,Pres,3,Sing,,,
parecido,parecer,Part,,,,Sing,Masc,,
reservado,reservar,Part,,,,Sing,Masc,Pass,
abraçaram,abraçar,Fin,Ind,Past,3,Plur,,,
estipuladas,estipular,Part,,,,Plur,Fem,Pass,
doadas,doar,Part,,,,Plur,Fem,,
adotar,adotar,Inf,,,3,Sing,,,
condecorado,condecorar,Part,,,,Sing,Masc,Pass,
parou,parar,Fin,Ind,Past,3,Sing,,,AUX
debatidos,debater,Part,,,,Plur,Masc,,
discutiram,discutir,Fin,Ind,Past,3,Plur,,,
cuido,cuir,Fin,Ind,Pres,1,Sing,,,
renomados,renomar,Part,,,,Plur,Masc,,
motivado,motivado,Part,,,,Sing,Masc,,
rendida,rendido,Part,,,,Sing,Fem,Pass,
solta,soltar,Part,,,,Sing,Fem,Pass,
fugirem,fugir,Inf,,,3,Plur,,,
disparado,disparar,Part,,,,,,,
agitou,agitar,Fin,Ind,Past,3,Sing,,,
pedala,pedal,Fin,Ind,Pres,3,Sing,,,
desfilando,desfilar,Ger,,,,,,,
outorgar,outorgar,Inf,,,,,,,
concebido,conceber,Part,,,,Sing,Masc,Pass,
debatida,debater,Part,,,,Sing,Fem,Pass,
apurando,apurar,Ger,,,,,,,
aconselhando,aconselhar,Ger,,,,,,,
Alinhados,alinhar,Part,,,,Plur,Masc,,
tivemos,ter,Fin,Ind,Past,1,Plur,,,AUX
desmarcar,desmarcar,Inf,,,,,,,
ouvidos,ouvir,Part,,,,Plur,Masc,Pass,
Entregue,entregar,Part,,,,Sing,Masc,,
liderado,liderar,Part,,,,Sing,Masc,Pass,
escrito,escrever,Part,,,,,,,
aglomerou,aglomerar,Fin,Ind,Past,3,Sing,,,
desbancou,desbancar,Fin,Ind,Past,3,Sing,,,
repetindo,repetir,Ger,,,,,,,
condená,condenar,Inf,,,,,,,
arbitrou,arbitrar,Fin,Ind,Past,3,Sing,,,
Procedeu,proceder,Fin,Ind,Past,3,Sing,,,
escapado,escapar,Part,,,,,,,
monitorados,monitorar,Part,,,,Plur,Masc,Pass,
estrelada,estrelar,Part,,,,Sing,Fem,Pass,
arrematar,arrematar,Inf,,,,,,,
defendia,defender,Fin,Ind,Imp,3,Sing,,,
legislado,legislar,Part,,,,Sing,Masc,Pass,
Auxilia,auxiliar,Fin,Ind,Pres,3,Sing,,,
reprovaram,reprovar,Fin,Ind,Past,3,Plur,,,
ver,ver,Fin,Sub,Fut,3,Sing,,,
espalha,espalhar,Fin,Ind,Pres,3,Sing,,,
Desculpe,desculpar,Fin,Ind,Pres,3,Sing,,,
portados,portar,Part,,,,Plur,Masc,Pass,
assumirem,assumir,Inf,,,3,Plur,,,
reeleitos,reeleger,Part,,,,Plur,Masc,,
Coordenado,coordenar,Part,,,,Sing,Masc,Pass,
brota,brotar,Fin,Ind,Pres,3,Sing,,,
trabalhados,trabalhar,Part,,,,Plur,Masc,,
restaram,restar,Fin,Ind,Past,3,Plur,,,
espalharam,espalhar,Fin,Ind,Past,3,Plur,,,
baratear,baratear,Inf,,,,,,,
revertida,reverter,Part,,,,Sing,Fem,Pass,
escolhendo,escolher,Ger,,,,,,,
reger,reger,Inf,,,,Sing,,,
pairavam,pairar,Fin,Ind,Imp,3,Plur,,,
traficando,traficar,Ger,,,,,,,
ILUMINA,iluminar,Fin,Ind,Pres,3,Sing,,,
TRABALHADA,trabaladar,Part,,,,Sing,Fem,,
resgatada,resgatar,Part,,,,Sing,Fem,Pass,
somarmos,somar,Fin,Sub,Fut,1,Plur,,,
articular,articular,Inf,,,,,,,
paras,parar,Fin,Ind,Pres,3,Plur,,,
desistir,desistir,Inf,,,3,Sing,,,
contraindicada,contraindicar,Part,,,,Sing,Fem,Pass,
prejudiquem,prejudicar,Fin,Sub,Pres,3,Plur,,,
julguem,julguir,Fin,Sub,Pres,3,Plur,,,
elaboraram,elaborar,Fin,Ind,Past,3,Plur,,,
confeccionaram,confeccionar,Fin,Ind,Past,3,Plur,,,
esquartejado,esquartejar,Part,,,,Sing,Masc,,
diagnosticados,diagnosticar,Part,,,,Plur,Masc,Pass,
sobrevoaram,sobrevoar,Fin,Ind,Past,3,Plur,,,
adaptar,adaptar,Inf,,,3,Sing,,,
continuado,continuar,Part,,,,Sing,Masc,,
amarrado,amarrar,Part,,,,Sing,Masc,,
Acrescente,acrescentar,Fin,Sub,Pres,3,Sing,,,
solucionados,solucionar,Part,,,,Plur,Masc,,
descobrem,descobrir,Fin,Ind,Pres,3,Plur,,,
comeu,começar,Fin,Ind,Past,3,Sing,,,
conturbada,conturbar,Part,,,,Sing,Fem,,
terminar,terminar,Fin,Sub,Fut,3,Sing,,,
festejar,festejar,Inf,,,,,,,
trancou,trancar,Fin,Ind,Past,3,Sing,,,
acolherá,acolher,Fin,Ind,Fut,3,Sing,,,
sinalizaram,sinalizar,Fin,Ind,Past,3,Plur,,,
chutado,chutar,Part,,,,Sing,Masc,,
Implica,implicar,Fin,Ind,Pres,3,Sing,,,
pressurizadas,pressurizar,Part,,,,Plur,Fem,,
animou,animar,Fin,Ind,Past,3,Sing,,,
descriminalizando,descriminalizar,Ger,,,,,,,
vadiar,vadiar,Inf,,,,,,,
apreender,apreender,Inf,,,,,,,
provinha,prover,Fin,Ind,Pres,3,Sing,,,
renderizadas,renderizar,Part,,,,Plur,Fem,Pass,
golearam,golear,Fin,Ind,Past,3,Plur,,,
evacuados,evacuar,Part,,,,Plur,Masc,Pass,
alavanca,alavancar,Fin,Ind,Pres,3,Sing,,,
reunirão,reunir,Fin,Ind,Fut,3,Plur,,,
revisar,revisar,Inf,,,,,,,
acabamos,acabar,Fin,Ind,Pres,1,Plur,,,
inserindo,inserir,Ger,,,,,,,
equalizar,equalizar,Inf,,,,,,,
avançar,avançar,Inf,,,3,Sing,,,
Escondido,esconder,Part,,,,Sing,Masc,,
clama,clamar,Fin,Ind,Pres,3,Sing,,,
externou,externar,Fin,Ind,Past,3,Sing,,,
Traduzido,traduzir,Part,,,,Sing,Masc,,
aguardavam,aguardar,Fin,Ind,Imp,3,Plur,,,
descarregar,descarregar,Inf,,,,,,,
desapropriadas,desapropriar,Part,,,,Plur,Fem,,
inviabilizadas,inviabilizar,Part,,,,Plur,Fem,Pass,
instruídos,instruir,Part,,,,Plur,Masc,Pass,
manobrar,manobrar,Inf,,,,,,,
aponte,apontar,Fin,Sub,Pres,3,Sing,,,
obscurece,obscurecer,Fin,Ind,Pres,3,Sing,,,
alienando,alienar,Ger,,,,,,,
moderadas,moderar,Part,,,,Plur,Fem,,
Cria,criar,Fin,Ind,Pres,3,Sing,,,
lutando,lutar,Ger,,,,,,,
baleado,balear,Part,,,,Sing,Masc,Pass,
pisar,pisar,Inf,,,,,,,
deslancharam,deslanchar,Fin,Ind,Past,3,Plur,,,
cumprir,cumprir,Inf,,,3,Sing,,,
dedicada,dedicar,Part,,,,Sing,Fem,Pass,
trabalhamos,trabalhar,Fin,Ind,Pres,1,Plur,,,
solicitadas,solicitar,Part,,,,Plur,Fem,Pass,
apontadas,apontar,Part,,,,Plur,Fem,Pass,
totaliza,totalizar,Fin,Ind,Pres,3,Sing,,,
corrigido,corrigir,Part,,,,Sing,Masc,Pass,
pulam,pular,Fin,Ind,Pres,3,Plur,,,
rendem,render,Fin,Ind,Pres,3,Plur,,,
custarão,custar,Fin,Ind,Fut,3,Plur,,,
convertida,converter,Part,,,,,,,
furtados,furtar,Part,,,,Plur,Masc,Pass,
absolveu,absolver,Fin,Ind,Past,3,Sing,,,
convoca,convocar,Fin,Ind,Pres,3,Sing,,,
bordarem,bordar,Inf,,,3,Plur,,,
Sinalizar,sinalizar,Inf,,,,,,,
apoderou,apoderar,Fin,Ind,Past,3,Sing,,,
Pintado,pintar,Part,,,,Sing,Masc,,
digamos,dizer,Fin,Ind,Pres,1,Plur,,,
unimos,unir,Fin,Ind,Pres,1,Plur,,,
desonerou,desonerar,Fin,Ind,Past,3,Sing,,,
destinou,destinar,Fin,Ind,Past,3,Sing,,,
abonadas,abonar,Part,,,,Plur,Fem,Pass,
esclarecido,esclarecer,Part,,,,Sing,Masc,,
ajuizada,ajuizar,Part,,,,Sing,Fem,,
desfazer,desfazer,Inf,,,3,Sing,,,
buscado,buscar,Part,,,,Sing,Masc,Pass,
defazer,defazer,Inf,,,3,Sing,,,
infiltrou,infiltrar,Fin,Ind,Past,3,Sing,,,
prová,provar,Inf,,,,,,,
reduzido,reduzir,Part,,,,,,,
precisavam,precisar,Fin,Ind,Imp,3,Plur,,,
explora,explorar,Fin,Ind,Pres,3,Sing,,,
tirá,tir,Fin,Ind,Pres,3,Sing,,,
Conhecida,conhecer,Part,,,,Sing,Fem,,
ficassem,ficar,Fin,Sub,Imp,3,Plur,,,
aparecendo,aparecer,Ger,,,,,,,
conte,contar,Fin,Sub,Pres,3,Sing,,,
risca,riscar,Fin,Ind,Pres,3,Sing,,,
lamenta,lamentar,Fin,Ind,Pres,3,Sing,,,
desenha,desenhar,Fin,Ind,Pres,3,Sing,,,
interrogado,interrogar,Part,,,,Sing,Masc,Pass,
desfigurado,desfigurar,Part,,,,Sing,Masc,,
passadas,passar,Part,,,,Plur,Fem,Pass,
jogue,jogar,Fin,Sub,Pres,3,Sing,,,
roubam,raver,Fin,Ind,Pres,3,Plur,,,
promeça,promeçar,Fin,Ind,Pres,3,Sing,,,
desnaturado,desnaturar,Part,,,,Sing,Masc,,
entramos,entrar,Fin,Ind,Past,1,Plur,,,
costumamos,costumar,Fin,Ind,Pres,1,Plur,,,
lotada,lotar,Part,,,,Sing,Fem,Pass,
ocasionar,ocasionar,Inf,,,3,Sing,,,
Completam,completar,Fin,Ind,Pres,3,Plur,,,
recompensou,recompensar,Fin,Ind,Past,3,Sing,,,
aprimorando,aprimorar,Ger,,,,,,,
cansavam,cansar,Fin,Ind,Imp,3,Plur,,,
servia,servir,Fin,Ind,Imp,3,Sing,,,
faltaram,faltar,Fin,Ind,Past,3,Plur,,,
esclarecidos,esclarecer,Part,,,,Plur,Masc,,
abraçada,abraçar,Part,,,,Sing,Fem,Pass,
homenageadas,homenagear,Part,,,,Plur,Fem,Pass,
crescem,crescer,Fin,Ind,Pres,3,Plur,,,
prestigiar,prestigiar,Inf,,,,,,,
freqüentam,freqüentar,Fin,Ind,Pres,3,Plur,,,
exonerados,exonerar,Part,,,,Plur,Masc,Pass,
deflagrar,deflagrar,Inf,,,3,Sing,,,
pesando,pesar,Ger,,,,,,,
ajustados,ajustar,Part,,,,Plur,Masc,,
referidas,referir,Part,,,,Plur,Fem,Pass,
rebaptizada,rebaptizar,Part,,,,Sing,Fem,,
empatar,empatar,Inf,Sub,,3,Sing,,,
Formado,formar,Part,,,,Sing,Masc,,
habilitaria,habilitar,Fin,Ind,Imp,3,Sing,,,
pressionam,pressionar,Fin,Ind,Pres,3,Plur,,,
Ressalvou,ressalvar,Fin,Ind,Past,3,Sing,,,
Encomendar,encomendar,Inf,,,,,,,
visualizava,visualizar,Fin,Ind,Imp,3,Sing,,,
dividirão,dividir,Fin,Ind,Fut,3,Plur,,,
aguentam,aguentar,Fin,Ind,Pres,3,Plur,,,
alavancar,alavancar,Inf,,,,,,,
incendiou,incendiar,Fin,Ind,Past,3,Sing,,,
delegado,delegado,Part,,,,Sing,Masc,,
prepararem,preparar,Inf,,,3,Plur,,,
definia,definir,Fin,Ind,Imp,3,Sing,,,
indiquem,indiquar,Fin,Sub,Pres,3,Plur,,,
conduzirá,conduzir,Fin,Ind,Fut,3,Sing,,,
impregnou,impregnar,Fin,Ind,Past,3,Sing,,,
Atende,atender,Fin,Ind,Pres,3,Sing,,,
partidarizar,partidarizar,Inf,,,,,,,
Somados,somar,Part,,,,Plur,Masc,,
vedado,vedar,Part,,,,Sing,Masc,Pass,
insulta,insultar,Fin,Ind,Pres,3,Sing,,,
desaparecidas,desaparecer,Part,,,,Plur,Fem,,
Participou,participar,Fin,Ind,Past,3,Sing,,,
colaborando,colaborar,Ger,,,,,,,
rendido,render,Part,,,,Sing,Masc,Pass,
credenciada,credenciar,Part,,,,Sing,Fem,,
gravou,gravar,Fin,Ind,Past,3,Sing,,,
perturbe,perturbar,Fin,Sub,Pres,3,Sing,,,
exigido,exigir,Part,,,,Sing,Masc,,
Apontaram,apontar,Fin,Ind,Past,3,Plur,,,
presenteou,presenter,Fin,Ind,Past,3,Sing,,,
bloquearam,bloquear,Fin,Ind,Past,3,Plur,,,
manifestarem,manifestar,Inf,,,3,Plur,,,
dublados,dublar,Part,,,,Plur,Masc,Pass,
falados,falar,Part,,,,Plur,Masc,Pass,
vaiado,vaiar,Part,,,,Sing,Masc,Pass,
censurado,censurar,Part,,,,Sing,Masc,Pass,
credenciaram,credenciar,Fin,Ind,Past,3,Plur,,,
habilitadas,habilitar,Part,,,,Plur,Fem,Pass,
supere,superir,Fin,Sub,Pres,3,Sing,,,
esbalda,esbaldar,Fin,Ind,Pres,3,Sing,,,
enquadrarem,enquadrar,Inf,,,3,Plur,,,
usufruírem,usufruir,Fin,Sub,Fut,3,Plur,,,
optantes,optar,Part,,,,Plur,Masc,Pass,
prestados,prestar,Part,,,,Plur,Masc,Pass,
atrapalha,atrapalhar,Fin,Ind,Pres,3,Sing,,,
noticiaram,noticiar,Fin,Ind,Past,3,Plur,,,
desanimou,desanimar,Fin,Ind,Past,3,Sing,,,
decepcionou,decepcionar,Fin,Ind,Past,3,Sing,,,
Assustado,assustar,Part,,,,Sing,Masc,,
acelerado,acelerar,Part,,,,,,,
atiraram,atirar,Fin,Ind,Past,3,Plur,,,
procurado,procurar,Part,,,,Sing,Masc,,
restou,restar,Fin,Ind,Past,3,Sing,,,
alongam,alongar,Fin,Ind,Pres,3,Plur,,,
fortalecem,fortalecer,Fin,Ind,Pres,3,Plur,,,
trabalharem,trabalhar,Inf,,,3,Plur,,,
mobilizados,mobilizar,Part,,,,Plur,Masc,Pass,
Esclarecemos,esclarecer,Fin,Ind,Pres,1,Plur,,,
passamos,passar,Fin,Ind,Pres,1,Plur,,,AUX
gire,girar,Fin,Sub,Pres,3,Sing,,,
reproduzido,reproduzir,Part,,,,Sing,Masc,Pass,
entreguem,entregar,Fin,Sub,Pres,3,Plur,,,
impostos,imposto,Part,,,,Plur,Masc,Pass,
escapei,escapar,Fin,Ind,Past,1,Sing,,,
incumbidos,incumbir,Part,,,,Plur,Masc,,
permanecerem,permanecer,Inf,,,3,Plur,,,
Esclareceu,esclarecer,Fin,Ind,Past,3,Sing,,,
indeferido,indeferir,Part,,,,Sing,Masc,,
disputarem,disputar,Inf,,,3,Plur,,,
pular,pular,Inf,,,,,,,
conformarem,conformar,Inf,,,3,Plur,,,
proferiu,proferir,Fin,Ind,Past,3,Sing,,,
descartam,descartar,Fin,Ind,Pres,3,Plur,,,
segmentado,segmentar,Part,,,,Sing,Masc,,
terminam,terminar,Fin,Ind,Pres,3,Plur,,,
notificar,notificar,Inf,,,,,,,
sacudiu,sacudir,Fin,Ind,Past,3,Sing,,,
beije,beijar,Fin,Sub,Pres,3,Sing,,,
finaliza,finalizar,Fin,Ind,Pres,3,Sing,,,
pretendidas,pretender,Part,,,,Plur,Fem,Pass,
apelidado,apelidar,Part,,,,Sing,Masc,,
absolvido,absolver,Part,,,,Sing,Masc,Pass,
FRITOU,fritar,Fin,Ind,Past,3,Sing,,,
assumirão,assumir,Fin,Ind,Fut,3,Plur,,,
Misturei,misturar,Fin,Ind,Past,1,Sing,,,
encarece,encarecer,Fin,Ind,Pres,3,Sing,,,
desejamos,desejar,Fin,Ind,Pres,1,Plur,,,
ficarmos,ficar,Inf,,,1,Plur,,,
sentenciados,sentenciar,Part,,,,Plur,Masc,,
moravam,morar,Fin,Ind,Imp,3,Plur,,,
criticá,criticar,Inf,,,,,,,
deveram,dever,Fin,Ind,Fut,3,Plur,,,
estimulam,estimular,Fin,Ind,Pres,3,Plur,,,
congelado,congelar,Part,,,,Sing,Masc,Pass,
cursou,cursar,Fin,Ind,Past,3,Sing,,,
Lutei,lutar,Fin,Ind,Past,1,Sing,,,
traduzido,traduzir,Part,,,,Sing,Masc,Pass,
alvejada,alvejar,Part,,,,Sing,Fem,Pass,
correram,correr,Fin,Ind,Past,3,Plur,,,
saborear,saborear,Inf,,,,,,,
brincando,brincar,Ger,,,,,,,
larguei,larguar,Fin,Ind,Past,1,Sing,,,
terminei,terminar,Fin,Ind,Past,1,Sing,,,
Monitoramos,monitor,Fin,Ind,Pres,1,Plur,,,
Revitaliza,revitalizar,Fin,Ind,Pres,3,Sing,,,
prejudicando,prejudicar,Ger,,,,,,,
valorizam,valorizar,Fin,Ind,Pres,3,Plur,,,
disseminam,disseminar,Fin,Ind,Pres,3,Plur,,,
responderá,responder,Fin,Ind,Fut,3,Sing,,,
forjados,forjar,Part,,,,Plur,Masc,Pass,
engastadas,engastar,Part,,,,Plur,Fem,,
atingira,atingir,Fin,Ind,Imp,3,Sing,,,
resolvido,resolver,Part,,,,Sing,Masc,,
superado,superar,Part,,,,,,,
remunerados,remunerar,Part,,,,Plur,Masc,,
permitisse,permitir,Fin,Sub,Imp,3,Sing,,,
autorizasse,autorizar,Fin,Sub,Imp,3,Sing,,,
possuiu,possuir,Fin,Ind,Past,3,Sing,,,
aceitas,aceitar,Part,,,,Plur,Fem,,
auto,autar,Fin,Ind,Pres,3,Sing,,,
proclamava,proclamar,Fin,Ind,Imp,3,Sing,,,
vivenciaram,vivenciar,Fin,Ind,Past,3,Plur,,,
Obteve,obter,Fin,Ind,Past,3,Sing,,,
empatando,empatar,Ger,,,,,,,
selar,selar,Inf,,,,,,,
oficializado,oficializar,Part,,,,Sing,Masc,Pass,
questionados,questionar,Part,,,,Plur,Masc,Pass,
emitiu,emitir,Fin,Ind,Past,3,Sing,,,
solidarizando,solidarizar,Ger,,,,,,,
tocava,tocar,Fin,Ind,Imp,3,Sing,,,
indeferida,indeferir,Part,,,,Sing,Fem,Pass,
contornado,contornar,Part,,,,,,,
adiou,adiar,Fin,Ind,Past,3,Sing,,,
melhorarem,melhorar,Inf,,,3,Plur,,,
esvaziaram,esvaziar,Fin,Ind,Imp,3,Plur,,,
rolasse,rolar,Fin,Sub,Imp,3,Sing,,,
pagas,pagar,Part,,,,Plur,Fem,,
comandado,comandar,Part,,,,Sing,Masc,,
divertir,divertir,Inf,,,,,,,
reformando,reformar,Ger,,,,,,,
defendê,defender,Fin,,Pres,,Sing,,,
tê,ter,Inf,,,,,,,
resolverá,resolver,Fin,Ind,Fut,3,Sing,,,
florescem,florescer,Fin,Ind,Pres,3,Plur,,,
sacar,sacar,Inf,,,,,,,
lacraram,lacrar,Fin,Ind,Pres,3,Plur,,,
continuasse,continuar,Fin,Sub,Imp,3,Sing,,,AUX
vestida,vestir,Part,,,,Sing,Fem,,
arremessado,arremessar,Part,,,,Sing,Masc,Pass,
tombou,tombar,Fin,Ind,Past,3,Sing,,,
aderido,aderir,Part,,,,,,,
ensanguentado,ensanguentar,Part,,,,Sing,Masc,,
fraturando,fraturar,Ger,,,,,,,
sediar,sediar,Inf,,,,,,,
tropeçar,tropeçar,Inf,,,,,,,
consertando,consertar,Ger,,,,,,,
comprometendo,comprometer,Ger,,,,,,,
sinalizou,sinalizar,Fin,Ind,Past,3,Sing,,,
afugenta,afugentar,Fin,Ind,Pres,3,Sing,,,
desactivado,desactivar,Part,,,,Sing,Masc,,
interditadas,interditar,Part,,,,Plur,Fem,Pass,
válida,válidar,Part,,,,Sing,Fem,Pass,
Partimos,partir,Fin,Ind,Pres,1,Plur,,,
quebraríamos,quebrar,Fin,Ind,Pres,1,Plur,,,
assaltar,assaltar,Inf,,,,,,,
confirmados,confirmar,Part,,,,Plur,Masc,Pass,
deslocarem,deslocar,Inf,,,3,Plur,,,
pressurizada,pressurizar,Part,,,,Sing,Fem,,
revezaram,revezar,Fin,Ind,Past,3,Plur,,,
torturado,torturar,Part,,,,,,,
matado,matar,Part,,,,Sing,Masc,,
sustentado,sustentar,Part,,,,Sing,Masc,Pass,
deliberadas,deliberar,Part,,,,Plur,Fem,,
planejado,planejar,Part,,,,Sing,Masc,,
deliberado,deliberar,Part,,,,Sing,Masc,,
triplicar,triplicar,Inf,,,,,,,
bastasse,bastar,Fin,Ind,Pres,3,Sing,,,
germinar,germinar,Inf,,,,,,,
frustrado,frustrar,Part,,,,Sing,Masc,,
condado,condar,Part,,,,Sing,Masc,,
refrigerado,refrigerar,Part,,,,Sing,Masc,,
piso,piso,Fin,Ind,Pres,1,Sing,,,
vencerem,vencer,Fin,Sub,Fut,3,Plur,,,
arrombada,arrombar,Part,,,,Sing,Fem,Pass,
acionado,acionar,Part,,,,Sing,Masc,,
suspeitarem,suspeitar,Inf,,,3,Plur,,,
Operando,operar,Ger,,,,,,,
FAZ,fazer,Fin,Ind,Pres,3,Sing,,,
materializar,materializar,Inf,,,,,,,
Creia,crer,Fin,Sub,Pres,3,Sing,,,
Gravei,gravar,Fin,Ind,Past,1,Sing,,,
hospitalizada,hospitalizar,Part,,,,Sing,Fem,,
voltarem,voltar,Fin,Sub,Fut,3,Plur,,,
tiradas,tirar,Part,,,,Plur,Fem,Pass,
ofuscou,ofuscar,Fin,Ind,Past,3,Sing,,,
desprezar,desprezar,Inf,,,,,,,
cessaram,cessar,Fin,Ind,Past,3,Plur,,,
indiciá,indiciar,Inf,,,,,,,
empossados,empossar,Part,,,,Plur,Masc,Pass,
previu,prever,Fin,Ind,Past,3,Sing,,,
alterada,alterar,Part,,,,Sing,Fem,,
substituto,substituto,Part,,,,Sing,Masc,Pass,
trabalhado,trabalhar,Part,,,,,,,
desmentidas,desmentir,Part,,,,Plur,Fem,Pass,
cabido,caber,Part,,,,Sing,Masc,Pass,
remunerado,remunerar,Part,,,,Sing,Masc,Pass,
balizada,balizar,Part,,,,Sing,Fem,,
forjarem,forjar,Fin,Sub,Pres,3,Plur,,,
Entraram,entrar,Fin,Ind,Past,3,Plur,,,
rasgá,rasgar,Inf,,,,,,,
despedir,despedir,Inf,,,3,Sing,,,
fingiu,fingir,Fin,Ind,Past,3,Sing,,,
gritavam,gritar,Fin,Ind,Imp,3,Plur,,,
enxergar,enxergar,Inf,,,,,,,
barradas,barrar,Part,,,,Plur,Fem,Pass,
arriscada,arriscar,Part,,,,Sing,Fem,,
atendermos,atender,Inf,,,1,Plur,,,
resgatará,resgatar,Fin,Ind,Fut,3,Sing,,,
anunciados,anunciar,Part,,,,Plur,Masc,Pass,
desesperados,desesperar,Part,,,,Plur,Masc,Pass,
encheram,encherar,Fin,Ind,Past,3,Plur,,,
simule,simular,Fin,Sub,Pres,3,Sing,,,
balanceado,balancear,Part,,,,Sing,Masc,,
assinadas,assinar,Part,,,,Plur,Fem,Pass,
fracassar,fracassar,Inf,,,,,,,
retomarem,retomar,Inf,,,3,Plur,,,
testemunhar,testemunhar,Fin,Sub,Fut,3,Sing,,,
solucionar,solucionar,Inf,,,3,Sing,,,
delegada,delegar,Part,,,,Sing,Fem,Pass,
referir,referir,Inf,,,3,Sing,,,
habilitada,habilitar,Part,,,,Sing,Fem,Pass,
posicionaram,posicionar,Fin,Ind,Past,3,Plur,,,
acatado,acatar,Part,,,,Sing,Masc,,
pertenceu,pertencer,Fin,Ind,Past,3,Sing,,,
clicada,clicar,Part,,,,Sing,Fem,Pass,
envolverem,envolver,Inf,,,3,Plur,,,
pensado,pensar,Part,,,,Sing,Masc,,
Fiquem,ficar,Fin,Sub,Pres,3,Plur,,,
confiram,confirir,Fin,Ind,Pres,3,Plur,,,
furtar,furtar,Inf,,,,,,,
providenciará,providenciar,Fin,Ind,Fut,3,Sing,,,
desfalcou,desfalcar,Fin,Ind,Past,3,Sing,,,
pavimentada,pavimentar,Part,,,,Sing,Fem,,
estruturada,estruturar,Part,,,,Sing,Fem,,
tirado,tirar,Part,,,,Sing,Masc,Pass,
ofenderam,ofender,Fin,Ind,Past,3,Plur,,,
baixada,baixar,Part,,,,Sing,Fem,Pass,
mesclado,mesclar,Part,,,,Sing,Masc,,
preocuparam,preocupar,Fin,Ind,Past,3,Plur,,,
suspeita,suspeitar,Part,,,,Sing,Fem,,
emendou,emendar,Fin,Ind,Past,3,Sing,,,
economizar,economizar,Inf,,,,,,,
incomodada,incomodar,Part,,,,Sing,Fem,Pass,
protocolada,protocolar,Part,,,,Sing,Fem,Pass,
servido,servir,Part,,,,,,,
eldorado,eldorar,Part,,,,Sing,Masc,,
renova,renovar,Fin,Ind,Pres,3,Sing,,,
apostado,apostar,Part,,,,,,,
compareceram,comparecer,Fin,Ind,Past,3,Plur,,,
guardada,guardar,Part,,,,Sing,Fem,Pass,
grava,gravar,Fin,Ind,Pres,3,Sing,,,
reformado,reformar,Part,,,,Sing,Masc,,
comandado,comandar,Part,,,,,,,
exigido,exigir,Part,,,,,,,
Escolha,escolher,Fin,Sub,Pres,3,Sing,,,
aperfeiçoar,aperfeiçoar,Inf,,,,,,,
aprenda,aprender,Fin,Sub,Pres,3,Sing,,,
desprotegidos,desproteger,Part,,,,Plur,Masc,,
espirra,espirrar,Fin,Ind,Pres,3,Sing,,,
Faço,fazer,Fin,Ind,Pres,1,Sing,,,
abordado,abordar,Part,,,,,,,
detalharam,detalhar,Fin,Ind,Past,3,Plur,,,
darão,dar,Fin,Ind,Fut,3,Plur,,,
executa,executar,Fin,Ind,Pres,3,Sing,,,
reimplantada,reimplantar,Part,,,,Sing,Fem,,
isolados,isolar,Part,,,,Plur,Masc,Pass,
conversava,conversar,Fin,Ind,Imp,3,Sing,,,
aventou,aventar,Fin,Ind,Past,3,Sing,,,
enraizadas,enraizar,Part,,,,Plur,Fem,,
apoiado,apoiar,Part,,,,Sing,Masc,Pass,
requentada,requentar,Part,,,,Sing,Fem,,
marcarão,marcar,Fin,Ind,Pres,3,Plur,,,
envenenar,envenenar,Inf,,,,,,,
prevalecer,prevalecer,Inf,,,,,,,
tornem,tornar,Fin,Sub,Pres,3,Plur,,,
ampliando,ampliar,Ger,,,,,,,
Exibido,exibir,Part,,,,Sing,Masc,,
vota,votar,Fin,Ind,Pres,3,Sing,,,
destacava,destacar,Fin,Ind,Imp,3,Sing,,,
restringido,restringir,Part,,,,,,,
indenizado,indenizar,Part,,,,Sing,Masc,,
remunerada,remunerar,Part,,,,Sing,Fem,,
dependia,depender,Fin,Ind,Imp,3,Sing,,,
imunizadas,imunizar,Part,,,,Plur,Fem,,
acrescente,acrescentar,Fin,Sub,Pres,3,Sing,,,
protestou,protestar,Fin,Ind,Past,3,Sing,,,
gerenciam,gerencer,Fin,Ind,Pres,3,Plur,,,
assisti,assistir,Fin,Ind,Past,1,Sing,,,
cresceria,crescer,Fin,Cnd,,3,Sing,,,
apanhando,apanhar,Ger,,,,,,,
Informamos,informar,Fin,Ind,Pres,1,Plur,,,
orçada,orçar,Part,,,,Sing,Fem,,
Bateu,bater,Fin,Ind,Past,3,Sing,,,
tidos,ter,Part,,,,Plur,Masc,,
aposte,apostar,Fin,Sub,Pres,3,Sing,,,
triunfar,triunfar,Inf,,,,,,,
punido,punir,Part,,,,Sing,Masc,,
divagavam,divagar,Fin,Ind,Pres,3,Plur,,,
arcariam,arcar,Fin,Ind,Past,3,Plur,,,
reintegrados,reintegrar,Part,,,,Plur,Masc,Pass,
inventar,inventar,Inf,,,,,,,
procurem,procurar,Fin,Sub,Pres,3,Plur,,,
deriva,deriva,Fin,Ind,Pres,3,Sing,,,
pediam,pedir,Fin,Ind,Imp,3,Plur,,,
defiro,defirar,Fin,Ind,Pres,1,Sing,,,
proceda,proceder,Fin,Sub,Pres,3,Sing,,,
foragidos,foragido,Part,,,,Plur,Masc,,
revelado,revelar,Part,,,,,,,
conseguir,conseguir,Fin,Sub,Fut,1,Sing,,,
eliminaram,eliminar,Fin,Ind,Past,3,Plur,,,
debatem,debater,Fin,Ind,Pres,3,Plur,,,
deliberou,deliberar,Fin,Ind,Past,3,Sing,,,
anunciassem,anunciar,Fin,Sub,Imp,3,Plur,,,
descumprirão,descumprir,Fin,Ind,Fut,3,Plur,,,
juntarem,juntar,Inf,,,3,Plur,,,
aproveitem,aproveitar,Fin,Sub,Pres,3,Plur,,,
desfrutem,desfrutir,Fin,Sub,Pres,3,Plur,,,
conspirar,conspirar,Inf,,,,,,,
sintonizado,sintonizar,Part,,,,Sing,Masc,Pass,
modernizados,modernizar,Part,,,,Plur,Masc,Pass,
cedesse,ceder,Fin,Sub,Imp,3,Sing,,,
tentará,tentar,Fin,Ind,Fut,3,Sing,,,
incumbiu,incumbir,Fin,Ind,Past,3,Sing,,,
guarnecer,guarnecer,Inf,,,,,,,
revelará,revelar,Fin,Ind,Fut,3,Sing,,,
Morreu,morrer,Fin,Ind,Past,3,Sing,,,
sepultado,sepultar,Part,,,,Sing,Masc,Pass,
inflamadas,inflamar,Part,,,,Plur,Fem,,
Alavancada,alavancar,Part,,,,Sing,Fem,Pass,
figurou,figurar,Fin,Ind,Past,3,Sing,,,
escondendo,esconder,Ger,,,,,,,
mandará,mandar,Fin,Ind,Fut,3,Sing,,,
rasga,rasgar,Fin,Ind,Pres,3,Sing,,,
ressarci,ressarcar,Fin,Ind,Pres,1,Sing,,,
gastado,gastar,Part,,,,Sing,Masc,,
promover,promover,Inf,,,3,Sing,,,
atendidas,atender,Part,,,,Plur,Fem,Pass,
integrou,integrar,Fin,Ind,Past,3,Sing,,,
desfrutar,desfrutar,Inf,,,,,,,
cheira,cheirar,Fin,Ind,Pres,3,Sing,,,
acabavam,acabar,Fin,Ind,Imp,3,Plur,,,
pontua,pontuar,Fin,Ind,Pres,3,Sing,,,
estimulada,estimular,Part,,,,Sing,Fem,,
praticado,praticar,Part,,,,Sing,Masc,Pass,
tampam,tampar,Fin,Ind,Pres,3,Plur,,,
Evoluiu,evoluir,Fin,Ind,Past,3,Sing,,,
admirando,admirar,Ger,,,,,,,
desmentido,desmentir,Part,,,,Sing,Masc,Pass,
Escreve,escrever,Fin,Ind,Pres,3,Sing,,,
impressas,imprimir,Part,,,,Plur,Fem,,
fincadas,fincar,Part,,,,Plur,Fem,,
perseguiram,perseguir,Fin,Ind,Past,3,Plur,,,
adicionou,adicionar,Fin,Ind,Pres,3,Sing,,,
Escolhido,escolher,Part,,,,Sing,Masc,,
parado,parar,Part,,,,Sing,Masc,Pass,
Aconteceram,acontecer,Fin,Ind,Past,3,Plur,,,
canceladas,cancelar,Part,,,,Plur,Fem,Pass,
disparados,disparar,Part,,,,Plur,Masc,,
interceptados,interceptar,Part,,,,Plur,Masc,Pass,
mantidas,manter,Part,,,,Plur,Fem,,
merecida,merecer,Part,,,,Sing,Fem,,
Inspirados,inspirar,Part,,,,Plur,Masc,,
desperdiçado,desperdiçar,Part,,,,,,,
presenciaram,presenciar,Fin,Ind,Past,3,Plur,,,
autografado,autografar,Part,,,,Sing,Masc,,
estenderá,estender,Fin,Ind,Fut,3,Sing,,,
jogaria,jogar,Fin,Cnd,,3,Sing,,,
sentia,sentir,Fin,Ind,Imp,3,Sing,,,
confio,confiar,Fin,Ind,Pres,1,Sing,,,
treinou,treinar,Fin,Ind,Past,3,Sing,,,
surtiam,surtir,Fin,Ind,Pres,3,Plur,,,
arrumou,arrumar,Fin,Ind,Past,3,Sing,,,
atendiam,atender,Fin,Ind,Imp,3,Plur,,,
relevo,relevo,Fin,Ind,Pres,1,Sing,,,
Pensar,pensar,Inf,,,,,,,
politizada,politizar,Part,,,,Sing,Fem,,
antecipado,antecipar,Part,,,,Sing,Masc,Pass,
adiado,adiar,Part,,,,Sing,Masc,Pass,
adivogado,adivogar,Part,,,,Sing,Masc,,
modernizados,modernizar,Part,,,,Plur,Masc,,
suportar,suportar,Inf,,,3,Sing,,,
trilhar,trilhar,Inf,,,,,,,
supervisionar,supervisionar,Inf,,,,,,,
disponibilizadas,disponibilizar,Part,,,,Plur,Fem,Pass,
assegurem,assegurar,Fin,Sub,Pres,3,Plur,,,
expedir,expedir,Inf,,,,,,,
formalizada,formalizar,Part,,,,Sing,Fem,,
criado,criar,Part,,,,,,,
sobram,sobrar,Fin,Ind,Pres,3,Plur,,,
incubadas,incubar,Part,,,,Plur,Fem,Pass,
inova,inovar,Fin,Ind,Pres,3,Sing,,,
centrando,centrar,Ger,,,,,,,
correr,correr,Fin,Sub,Fut,3,Sing,,,
registrarem,registrar,Inf,,,3,Plur,,,
procedendo,proceder,Ger,,,,,,,
adequá,adequar,Fin,Ind,Pres,3,Sing,,,
submetem,submeter,Fin,Ind,Pres,3,Plur,,,
acostumou,acostumar,Fin,Ind,Past,3,Sing,,,
chegarmos,chegar,Fin,Sub,Fut,1,Plur,,,
façamos,fazer,Fin,Sub,Pres,1,Plur,,,
enfrentarmos,enfrentar,Fin,Sub,Fut,1,Plur,,,
inovou,inovar,Fin,Ind,Past,3,Sing,,,
praticada,praticar,Part,,,,Sing,Fem,Pass,
residam,resedir,Fin,Sub,Pres,3,Plur,,,
Escalo,escalar,Fin,Ind,Pres,1,Sing,,,
Investir,investir,Inf,,,,,,,
referendado,referendar,Part,,,,Sing,Masc,Pass,
prejudicadas,prejudicar,Part,,,,Plur,Fem,,
aqueceram,aquecer,Fin,Ind,Past,3,Plur,,,
admirados,admirar,Part,,,,Plur,Masc,,
teclar,teclar,Inf,,,,,,,
aprovem,aprovar,Fin,Sub,Pres,3,Plur,,,
contextualizadas,contextualizar,Part,,,,Plur,Fem,,
atualizou,atualizar,Fin,Ind,Past,3,Sing,,,
agradecido,agradecer,Part,,,,,,,
flagra,flagrar,Fin,Ind,Pres,3,Sing,,,
percorridos,percorrer,Part,,,,Plur,Masc,,
centralizadas,centralizar,Part,,,,Plur,Fem,Pass,
Emprestado,emprestar,Part,,,,Sing,Masc,Pass,
assustou,assustar,Fin,Ind,Past,3,Sing,,,
rebaixada,rebaixar,Part,,,,Sing,Fem,,
frequentadas,frequentar,Part,,,,Plur,Fem,,
CLIQUE,cliruir,Fin,Sub,Pres,3,Sing,,,
pulmonados,pulmonar,Part,,,,Plur,Masc,,
fechado,fechar,Part,,,,Sing,Fem,,
regados,regar,Part,,,,Plur,Masc,,
Ganha,ganhar,Fin,Ind,Pres,3,Sing,,,
chamem,chamar,Fin,Sub,Pres,3,Plur,,,
expulsa,expulsar,Fin,Ind,Pres,3,Sing,,,
rege,regar,Fin,Ind,Pres,3,Sing,,,
cuidarem,cuidar,Fin,Sub,Fut,3,Plur,,,
renovará,renovar,Fin,Ind,Fut,3,Sing,,,
assediada,assediar,Part,,,,Sing,Fem,Pass,
desgrudou,desgrudar,Fin,Ind,Past,3,Sing,,,
revigoradas,revigorar,Part,,,,Plur,Fem,,
implicará,implicar,Fin,Ind,Fut,3,Sing,,,
afastados,afastar,Part,,,,Plur,Masc,Pass,
Tomei,tomar,Fin,Ind,Past,1,Sing,,,
trouxessem,trazer,Fin,Sub,Imp,3,Plur,,,
Investigado,investigar,Part,,,,Sing,Masc,,
Orçado,orçar,Part,,,,Sing,Masc,,
acumulado,acumular,Part,,,,,,,
unificado,unificar,Part,,,,Sing,Masc,,
acelerada,acelerar,Part,,,,Sing,Fem,Pass,
transcendendo,transcender,Ger,,,,,,,
mandaram,mandar,Fin,Ind,Past,3,Plur,,,
perceba,perceber,Fin,Sub,Pres,3,Sing,,,
desencadeado,desencadear,Part,,,,Sing,Masc,Pass,
assegurasse,assegurar,Fin,Sub,Imp,3,Sing,,,
namora,namorar,Fin,Ind,Pres,3,Sing,,,
atira,atir,Fin,Ind,Pres,3,Sing,,,
armadas,armar,Part,,,,Plur,Fem,,
tuitar,tuitar,Inf,,,,,,,
vetado,vetar,Part,,,,,,,
pautada,pautar,Part,,,,Sing,Fem,Pass,
celebra,celebrar,Fin,Ind,Pres,3,Sing,,,
terminar,terminar,Fin,Sub,,3,Sing,,,
cultuar,cultuar,Inf,,,,,,,
descansavam,descansar,Fin,Ind,Imp,3,Plur,,,
seguir,seguir,Inf,,,,Sing,,,
brilhando,brilhar,Ger,,,,,,,
conheçamos,conheçar,Fin,Sub,Pres,1,Plur,,,
Reconhecida,reconhecer,Part,,,,Sing,Fem,Pass,
falada,falar,Part,,,,Sing,Fem,Pass,
sepultados,sepultar,Part,,,,Plur,Masc,Pass,
gerenciar,gerenciar,Inf,,,3,Sing,,,
traga,tragar,Fin,Sub,Pres,3,Sing,,,
estarei,estar,Fin,Ind,Fut,1,Sing,,,
diplomado,diplomar,Part,,,,Sing,Masc,Pass,
Levantamos,levantar,Fin,Ind,Pres,1,Plur,,,
providenciamos,providenciar,Fin,Ind,Pres,1,Plur,,,
georreferenciados,georreferenciar,Part,,,,Plur,Masc,,
informem,informar,Fin,Sub,Pres,3,Plur,,,
fugir,fugir,Inf,,,,Sing,,,
desejo,desejo,Fin,Ind,Pres,1,Sing,,,
coma,coma,Fin,Ind,Pres,3,Sing,,,
Peço,pedir,Fin,Ind,Pres,1,Sing,,,
desanima,desanimar,Fin,Ind,Pres,3,Sing,,,
impostos,imposto,Part,,,,Plur,Masc,,
postando,postar,Ger,,,,,,,
devolver,devolver,Inf,,,3,Sing,,,
resgatado,resgatar,Part,,,,Sing,Masc,Pass,
entendidas,entender,Part,,,,Plur,Fem,Pass,
Leva,levar,Fin,Ind,Pres,3,Sing,,,
picados,picar,Part,,,,Plur,Masc,,
percorreram,percorrer,Fin,Ind,Past,3,Plur,,,
apagado,apagar,Part,,,,Sing,Masc,Pass,
herdará,herdar,Fin,Ind,Fut,3,Sing,,,
beijando,beijar,Ger,,,,,,,
equivalia,equivaler,Fin,Ind,Imp,3,Sing,,,
auxiliado,auxiliar,Part,,,,Sing,Masc,Pass,
nidifica,nidificar,Fin,Ind,Pres,3,Sing,,,
focadas,focar,Part,,,,Plur,Fem,,
aceitem,aceitar,Fin,Sub,Pres,3,Plur,,,
recriados,recriar,Part,,,,Plur,Masc,,
furar,furar,Inf,,,,,,,
arrebentar,arrebentar,Inf,,,,,,,
impulsionado,impulsionar,Part,,,,Sing,Masc,Pass,
sanadas,sanar,Part,,,,Plur,Fem,Pass,
encorajou,encorajar,Fin,Ind,Past,3,Sing,,,
sobrou,sobrar,Fin,Ind,Past,3,Sing,,,
reforce,reforcar,Fin,Sub,Pres,3,Sing,,,
colocará,colocar,Fin,Ind,Fut,3,Sing,,,
biarticulados,biarticular,Part,,,,Plur,Masc,,
batalhar,batalhar,Inf,,,,,,,
lembrar,lembrar,Inf,,,3,Sing,,,
batizada,batizar,Part,,,,Sing,Fem,Pass,
fantasiadas,fantasiar,Part,,,,Plur,Fem,,
cursava,cursar,Fin,Ind,Imp,3,Sing,,,
agachada,agachar,Part,,,,Sing,Fem,,
verbaliza,verbalizar,Fin,Ind,Pres,3,Sing,,,
termine,terminir,Fin,Sub,Pres,3,Sing,,,
Atacando,atacar,Ger,,,,,,,
esmagada,esmagar,Part,,,,Sing,Fem,Pass,
inverterem,inverter,Inf,,,3,Plur,,,
financiada,financiar,Part,,,,Sing,Fem,Pass,
acrescidos,acrescer,Part,,,,Plur,Masc,Pass,
questionada,questionar,Part,,,,Sing,Fem,Pass,
extraindo,extrair,Ger,,,,,,,
concordem,concordar,Fin,Sub,Pres,3,Plur,,,
coordenaram,coordenar,Fin,Ind,Past,3,Plur,,,
alternar,alternar,Inf,,,,,,,
ensina,ensinar,Fin,Ind,Pres,3,Sing,,,
convocados,convocar,Part,,,,Plur,Masc,Pass,
partirò,partir,Fin,Ind,Pres,3,Sing,,,
Integram,integrar,Fin,Ind,Pres,3,Plur,,,
precisão,precisão,Fin,Ind,Pres,3,Sing,,,
impulsionado,impulsionar,Part,,,,,,,
informada,informar,Part,,,,Sing,Fem,Pass,
resolvido,resolver,Part,,,,,,,
investigadas,investigar,Part,,,,Plur,Fem,,
coroado,coroar,Part,,,,Sing,Masc,Pass,
moderados,moderar,Part,,,,Plur,Masc,,
desista,desistar,Fin,Sub,Pres,3,Sing,,,
substituíram,substituir,Fin,Ind,Past,3,Plur,,,
eximido,eximir,Part,,,,Sing,Masc,Pass,
hospedaria,hospedar,Fin,Ind,Imp,3,Sing,,,
Tínhamos,ter,Fin,Ind,Imp,1,Plur,,,
protegendo,proteger,Ger,,,,,,,
surgissem,surgir,Fin,Sub,Imp,3,Plur,,,
remexer,remexer,Inf,,,,,,,
transferidas,transferir,Part,,,,Plur,Fem,Pass,
Terminou,terminar,Fin,Ind,Past,3,Sing,,,
esmagado,esmagar,Part,,,,Sing,Masc,Pass,
mexeu,mexer,Fin,Ind,Past,3,Sing,,,
Jogando,jogar,Ger,,,,,,,
danificado,danificar,Part,,,,Sing,Masc,Pass,
lucrou,lucrar,Fin,Ind,Past,3,Sing,,,
misture,misturar,Fin,Sub,Pres,3,Sing,,,
flagrou,flagrar,Fin,Ind,Past,3,Sing,,,
trafegando,trafegar,Ger,,,,,,,
mandarem,mandar,Inf,,,3,Plur,,,
sacrificá,sacrificar,Inf,,,,,,,
complicou,complicar,Fin,Ind,Past,3,Sing,,,
efetua,efetuar,Fin,Ind,Pres,3,Sing,,,
implora,implorar,Fin,Ind,Pres,3,Sing,,,
encaminhou,encaminhar,Fin,Ind,Past,3,Sing,,,
Industrializados,Industrializados,Part,,,,Plur,Masc,,
encerrará,encerrar,Fin,Ind,Fut,3,Sing,,,
conduzindo,conduzir,Ger,,,,,,,
Começe,começar,Fin,Sub,Pres,3,Sing,,,
retirando,retirar,Ger,,,,,,,
tolerado,tolerar,Part,,,,Sing,Masc,Pass,
visitados,visitar,Part,,,,Plur,Masc,Pass,
prestigiada,prestigiar,Part,,,,Sing,Fem,Pass,
ficar,ficar,Fin,Sub,,3,Sing,,,
voltem,voltar,Fin,Sub,Pres,3,Plur,,,AUX
baleado,balear,Part,,,,Sing,Masc,,
extrapole,extrapolar,Fin,Sub,Pres,3,Sing,,,
segui,seguir,Fin,Ind,Past,1,Sing,,,
figure,figurar,Fin,Sub,Pres,3,Sing,,,
alienado,alienar,Part,,,,Sing,Masc,,
obedecido,obedecer,Part,,,,Sing,Masc,,
convocados,convocar,Part,,,,Plur,Masc,,
funcionarão,funcionar,Fin,Ind,Fut,3,Plur,,,
ocultaram,ocultar,Fin,Ind,Past,3,Plur,,,
reapareceu,reaparecer,Fin,Ind,Past,3,Sing,,,
capitaneados,capitanear,Part,,,,Plur,Masc,Pass,
preferir,preferir,Inf,,,,,,,
salvaguardando,salvaguardar,Ger,,,,,,,
financiado,financiar,Part,,,,Sing,Masc,,
condenada,condenar,Part,,,,Sing,Fem,Pass,
falte,faltar,Fin,Sub,Pres,3,Sing,,,
agradá,agradar,Inf,,,,,,,
paralisaram,paralisar,Fin,Ind,Past,3,Plur,,,
interpretá,interpretar,Inf,,,,,,,
Bastou,bastar,Fin,Ind,Past,3,Sing,,,
acentuar,acentuar,Fin,Sub,Fut,3,Sing,,,
derrubando,derrubar,Ger,,,,,,,
transmitirá,transmitir,Fin,Ind,Fut,3,Sing,,,
procure,procurar,Fin,Sub,Pres,3,Sing,,,
convocasse,convocar,Fin,Sub,Imp,3,Sing,,,
Educar,educar,Inf,,,,,,,
disponíveis,disponível,Part,,,,Plur,Fem,,
impactam,impactar,Fin,Ind,Pres,3,Plur,,,
girar,girar,Inf,,,3,Sing,,,
tendai,tender,Part,,,,Sing,,,
clicando,clicar,Ger,,,,,,,
abordei,abordar,Fin,Ind,Past,1,Sing,,,
residir,residir,Inf,,,,Sing,,,
levamos,levar,Fin,Ind,Pres,1,Plur,,,
declaro,declarar,Fin,Ind,Pres,1,Sing,,,
Temia,temer,Fin,Ind,Imp,3,Sing,,,
Fiz,fazer,Fin,Ind,Past,1,Sing,,,
danificado,danificar,Part,,,,Sing,Masc,,
sorteados,sortear,Part,,,,Plur,Masc,,
desocupadas,desocupar,Part,,,,Plur,Fem,,
Destacou,destacar,Fin,Ind,Past,3,Sing,,,
Separados,separar,Part,,,,Plur,Masc,,
entregará,entregar,Fin,Ind,Fut,3,Sing,,,
contamina,contaminar,Fin,Ind,Pres,3,Sing,,,
enquadrem,enquadrar,Fin,Sub,Pres,3,Plur,,,
especificados,especificar,Part,,,,Plur,Masc,,
esquivou,esquivar,Fin,Ind,Past,3,Sing,,,
comemorando,comemorar,Ger,,,,,,,
Encantada,encantar,Part,,,,Sing,Fem,Pass,
consumindo,consumir,Ger,,,,,,,
bancam,bancar,Fin,Ind,Pres,3,Plur,,,
consulte,consultar,Fin,Sub,Pres,3,Sing,,,
coreografado,coreografar,Part,,,,Sing,Masc,,
votadas,votar,Part,,,,Plur,Fem,Pass,
Escrevo,escrever,Fin,Ind,Pres,1,Sing,,,
emociona,emocionar,Fin,Ind,Pres,3,Sing,,,
enraivece,enraivecer,Fin,Ind,Pres,3,Sing,,,
noticiam,noticiar,Fin,Ind,Pres,3,Plur,,,
municiar,municiar,Inf,,,,,,,
sujeitam,sujeitar,Fin,Ind,Pres,3,Plur,,,
recordaram,recordar,Fin,Ind,Past,3,Plur,,,
assumirá,assumir,Fin,Ind,Fut,3,Sing,,,
Fortalecer,fortalecer,Inf,,,,,,,
incrementar,incrementar,Inf,,,,,,,
Refez,refezer,Fin,Ind,Past,3,Sing,,,
denuncia,denunciar,Fin,Ind,Pres,3,Sing,,,
Deixando,deixar,Ger,,,,,,,
cercar,cercar,Inf,,,,,,,
investir,investir,Inf,,,3,Sing,,,
confirmado,confirmar,Part,,,,,,,
Divididos,dividir,Part,,,,Plur,Masc,,
assumirmos,assumir,Inf,,,1,Plur,,,
registrado,registrar,Part,,,,,,,
derrubarem,derrubar,Fin,Sub,Fut,3,Plur,,,
derrubarão,derrubar,Fin,Ind,Pres,3,Plur,,,
ostentar,ostentar,Inf,,,,,,,
estragaram,estragar,Fin,Ind,Past,3,Plur,,,
desfazendo,desfazer,Ger,,,,,,,
errar,errar,Fin,Sub,Fut,3,Sing,,,
parei,parar,Fin,Ind,Past,1,Sing,,,
decaiu,decair,Fin,Ind,Past,3,Sing,,,
Aumentar,aumentar,Inf,,,,,,,
Jogamos,jogar,Fin,Ind,Pres,1,Plur,,,
filia,filiar,Fin,Ind,Pres,3,Sing,,,
Formando,formar,Ger,,,,,,,
redefiniu,redefinir,Fin,Ind,Past,3,Sing,,,
replantar,replantar,Inf,,,,,,,
vislumbrando,vislumbrar,Ger,,,,,,,
homologado,homologar,Part,,,,Sing,Masc,,
verificam,verificar,Fin,Ind,Pres,3,Plur,,,
Iniciada,iniciar,Part,,,,Sing,Fem,,
acendeu,acender,Fin,Ind,Past,3,Sing,,,
aceita,aceitar,Part,,,,Sing,Fem,Pass,
Precisaremos,precisar,Fin,Ind,Pres,1,Plur,,,
Evite,evitar,Fin,Sub,Pres,3,Sing,,,
relacionou,relacionar,Fin,Ind,Past,3,Sing,,,
contrata,contratar,Fin,Ind,Pres,3,Sing,,,
cobrado,cobrar,Part,,,,Sing,Masc,Pass,
somariam,somar,Fin,Cnd,,3,Plur,,,
escolheriam,escolher,Fin,Cnd,,3,Plur,,,
rejeitados,rejeitar,Part,,,,Plur,Masc,,
privilegiado,privilegiar,Part,,,,Sing,Masc,Pass,
regulados,regular,Part,,,,Plur,Masc,,
atribuir,atribuir,Inf,,,,,,,
renomado,renomar,Part,,,,Sing,Masc,,
saldar,saldar,Inf,,,,,,,
contabilizado,contabilizar,Part,,,,Sing,Masc,,
expandem,expander,Fin,Ind,Pres,3,Plur,,,
evitá,evitar,Inf,,,,,,,
saido,sair,Part,,,,Sing,Masc,,
desarrumados,desarrumar,Part,,,,Plur,Masc,,
ressalva,ressalva,Fin,Ind,Pres,3,Sing,,,
estimavam,estimar,Fin,Ind,Imp,3,Plur,,,
duelar,duelar,Inf,,,,,,,
utilize,utilizir,Fin,Sub,Pres,3,Sing,,,
hipnotiza,hipnotizar,Fin,Ind,Pres,3,Sing,,,
inclina,inclinar,Fin,Ind,Pres,3,Sing,,,
beijá,beijar,Inf,,,,,,,
aproveitava,aproveitar,Fin,Ind,Imp,3,Sing,,,
furtava,furtar,Fin,Ind,Imp,3,Sing,,,
suspeitar,suspeitar,Inf,,,,,,,
grelhados,grelhar,Part,,,,Plur,Masc,Pass,
absolver,absolver,Inf,,,,,,,
consideravam,considerar,Fin,Ind,Imp,3,Plur,,,
Acompanhe,acompanhar,Fin,Sub,Pres,3,Sing,,,
posicionará,posicionar,Fin,Ind,Fut,3,Sing,,,
disponibilizamos,disponibilizar,Fin,Ind,Pres,1,Plur,,,
Conquistaram,conquistar,Fin,Ind,Past,3,Plur,,,
impunha,impor,Fin,Ind,Imp,3,Sing,,,
contemplado,contemplar,Part,,,,Sing,Masc,Pass,
Pressionado,pressionar,Part,,,,Sing,Masc,,
guiar,guiar,Inf,,,,,,,
desconfiando,desconfiar,Ger,,,,,,,
consentido,consentir,Part,,,,Sing,Masc,Pass,
envolvia,envolver,Fin,Ind,Imp,3,Sing,,,
flagrado,flagrar,Part,,,,Sing,Masc,Pass,
percutido,percutir,Part,,,,Sing,Masc,Pass,
percutido,percutir,Part,,,,Sing,Masc,,
voltei,voltar,Fin,Ind,Past,1,Sing,,,
incorporamos,incorporar,Fin,Ind,Pres,1,Plur,,,
praticava,praticar,Fin,Ind,Imp,3,Sing,,,
reivindicada,reivindicar,Part,,,,Sing,Fem,Pass,
Aplicada,aplicar,Part,,,,Sing,Fem,,
honrado,honrar,Part,,,,Sing,Masc,,
emplacar,emplacar,Inf,,,,,,,
respeitados,respeitar,Part,,,,Plur,Masc,Pass,
festejada,festejar,Part,,,,Sing,Fem,Pass,
retomado,retomar,Part,,,,Sing,Masc,Pass,
retomado,retomar,Part,,,,Sing,Masc,,
demolido,demolir,Part,,,,Sing,Masc,,
abatido,abater,Part,,,,Sing,Masc,,
Pesquisei,pesquisar,Fin,Ind,Past,1,Sing,,,
toparam,topar,Fin,Ind,Past,3,Plur,,,
suprimida,suprimir,Part,,,,Sing,Fem,,
Recebemos,receber,Fin,Ind,Pres,1,Plur,,,
dedicamos,dedicar,Fin,Ind,Pres,1,Plur,,,
entrosar,entrosar,Inf,,,,,,,
Queria,querer,Fin,Ind,Imp,3,Sing,,,
improvisou,improvisar,Fin,Ind,Past,3,Sing,,,
promovidas,promover,Part,,,,Plur,Fem,Pass,
postadas,postar,Part,,,,Plur,Fem,,
integradas,integrar,Part,,,,Plur,Fem,Pass,
abalado,abalar,Part,,,,Sing,Masc,Pass,
resumidas,resumir,Part,,,,Plur,Fem,,
socializado,socializar,Part,,,,Sing,Masc,,
animada,animar,Part,,,,Sing,Fem,,
extinguiu,extinguir,Fin,Ind,Past,3,Sing,,,
subordinar,subordinar,Inf,,,,,,,
desintegrando,desintegrar,Ger,,,,,,,
expedido,expedir,Part,,,,Sing,Masc,,
prendê,prender,Inf,,,,,,,
enaltecido,enaltecer,Part,,,,Sing,Masc,Pass,
veicular,veicular,Inf,,,,,,,
hospitalizados,hospitalizar,Part,,,,Plur,Masc,,
cativado,cativar,Part,,,,Sing,Masc,Pass,
sabiam,saber,Fin,Ind,Imp,3,Plur,,,
restaurada,restaurar,Part,,,,Sing,Fem,Pass,
discordam,discordar,Fin,Ind,Pres,3,Plur,,,
bancando,bancar,Ger,,,,,,,
refugiar,refugiar,Inf,,,,,,,
igualar,igualar,Inf,,,3,Sing,,,
largada,largar,Part,,,,Sing,Fem,,
hospedadas,hospedar,Part,,,,Plur,Fem,Pass,
desempatar,desempatar,Inf,,,,,,,
incluíram,incluir,Fin,Ind,Past,3,Plur,,,
Solicito,solicitar,Fin,Ind,Pres,1,Sing,,,
remanejadas,remanejar,Part,,,,Plur,Fem,Pass,
concentrarem,concentrar,Inf,,,3,Plur,,,
equipar,equipar,Inf,,,,,,,
preveem,prever,Fin,Ind,Pres,3,Plur,,,
cansados,cansar,Part,,,,Plur,Masc,,
mate,matar,Fin,Imp,Pres,3,Sing,,,
prejudicarem,prejudicar,Inf,,,3,Plur,,,
praticada,praticar,Part,,,,Sing,Fem,,
desfilada,desfilar,Part,,,,Sing,Fem,,
evocava,evocar,Fin,Ind,Imp,3,Sing,,,
traspassar,traspassar,Inf,,,,,,,
solicitadas,solicitar,Part,,,,Plur,Fem,,
Dou,dar,Fin,Ind,Pres,1,Sing,,,
investirem,investir,Inf,,,3,Plur,,,
locomoverem,locomover,Inf,,,3,Plur,,,
Despreocupado,despreocupar,Part,,,,Sing,Masc,,
bocejou,bocejar,Fin,Ind,Past,3,Sing,,,
combinamos,combinar,Fin,Ind,Pres,1,Plur,,,
expandindo,expander,Ger,,,,,,,
infiltrar,infiltrar,Inf,,,,,,,
remontam,remontar,Fin,Ind,Pres,3,Plur,,,
converteria,converter,Fin,Cnd,,3,Sing,,,
cometesse,cometer,Fin,Sub,Imp,3,Sing,,,
criticar,criticar,Inf,,,3,Sing,,,
sucedidas,sucedido,Part,,,,Plur,Fem,,
Publicada,publicar,Part,,,,Sing,Fem,,
afunila,afunilar,Fin,Ind,Pres,3,Sing,,,
questionou,questionar,Fin,Ind,Past,3,Sing,,,
convivido,conviver,Part,,,,,,,
convida,conveder,Fin,Ind,Pres,3,Sing,,,
começarem,começar,Inf,,,3,Plur,,,
quitadas,quitar,Part,,,,Plur,Fem,,
estuprada,estuprar,Part,,,,Sing,Fem,Pass,
revoltou,revoltar,Fin,Ind,Past,3,Sing,,,
interfira,interfir,Fin,Sub,Pres,3,Sing,,,
apaixonados,apaixonar,Part,,,,Plur,Masc,Pass,
envolvidos,envolver,Part,,,,Plur,Masc,Pass,
arrepender,arrepender,Inf,,,,,,,
pilotando,pilotar,Ger,,,,,,,
agendados,agendar,Part,,,,Plur,Masc,Pass,
alegaram,alegar,Fin,Ind,Past,3,Plur,,,
revolucionar,revolucionar,Inf,,,,,,,
Foge,fugir,Fin,Ind,Pres,3,Sing,,,
entrarem,entrar,Fin,Sub,Fut,3,Plur,,,
guardados,guardar,Part,,,,Plur,Masc,,
criptografar,criptografar,Inf,,,,Sing,,,
desalinhando,desalinhar,Ger,,,,,,,
rejeitem,rejeitar,Fin,Sub,Pres,3,Plur,,,
Mostrei,mostrar,Fin,Ind,Past,1,Sing,,,
credenciaram,credenciar,Fin,Ind,Pres,3,Plur,,,
mereço,merecer,Fin,Ind,Pres,1,Sing,,,
estabelecia,estabelecer,Fin,Ind,Imp,3,Sing,,,
temendo,temer,Ger,,,,,,,
constar,constar,Inf,,,,,,,
multou,multar,Fin,Ind,Past,3,Sing,,,
penalizado,penalizar,Part,,,,Sing,Masc,Pass,
permitida,permitir,Part,,,,Sing,Fem,,
participem,participar,Fin,Sub,Pres,3,Plur,,,
acumuladas,acumular,Part,,,,Plur,Fem,,
entrará,entrar,Fin,Ind,Fut,3,Sing,,,
escolherão,escolher,Fin,Ind,Fut,3,Plur,,,
conectados,conectar,Part,,,,Plur,Masc,,
explorava,explorar,Fin,Ind,Imp,3,Sing,,,
distanciado,distanciar,Part,,,,Sing,Masc,,
Basta,bastar,Fin,Ind,Pres,3,Sing,,,
gerarem,gerar,Inf,,,3,Plur,,,
fraturei,fraturar,Fin,Ind,Past,1,Sing,,,
hospitalizado,hospitalizar,Part,,,,Sing,Masc,Pass,
quebrará,quebrar,Fin,Ind,Fut,3,Sing,,,
enfrentá,enfrentar,Inf,,,,,,,
optei,optar,Fin,Ind,Past,1,Sing,,,
procuro,procurar,Fin,Ind,Pres,1,Sing,,,
moldada,moldar,Part,,,,Sing,Fem,,
arrastou,arrastar,Fin,Ind,Past,3,Sing,,,
satisfizeram,satisfizer,Fin,Ind,Imp,3,Plur,,,
ouvidas,ouvidar,Part,,,,Plur,Fem,Pass,
anunciavam,anunciar,Fin,Ind,Imp,3,Plur,,,
aproximava,aproximar,Fin,Ind,Imp,3,Sing,,,
fantasiar,fantasiar,Inf,,,,,,,
separamos,separar,Fin,Ind,Pres,1,Plur,,,
idealizado,idealizar,Part,,,,Sing,Masc,,
desdobrado,desdobrar,Part,,,,Sing,Masc,Pass,
amarrado,amarrar,Part,,,,Sing,Masc,Pass,
esquentará,esquentar,Fin,Ind,Fut,3,Sing,,,
aliviada,aliviar,Part,,,,Sing,Fem,,
apontando,apontar,Ger,,,,,,,
repassada,repassar,Part,,,,Sing,Fem,Pass,
ganhasse,ganhar,Fin,Sub,Imp,3,Sing,,,
ousou,ousar,Fin,Ind,Past,3,Sing,,,
esvaziada,esvaziar,Part,,,,Sing,Fem,Pass,
produzam,produzir,Fin,Sub,Pres,3,Plur,,,
diminuam,diminuar,Fin,Sub,Pres,3,Plur,,,
terei,ter,Fin,Ind,Fut,1,Sing,,,AUX
dobrou,dobrar,Fin,Ind,Past,3,Sing,,,
estriada,estriar,Part,,,,Sing,Fem,,
estampar,estampar,Inf,,,,,,,
medirá,medir,Fin,Ind,Fut,3,Sing,,,
conversará,conversar,Fin,Ind,Fut,3,Sing,,,
elogiei,elogiar,Fin,Ind,Past,1,Sing,,,
contabilizadas,contabilizar,Part,,,,Plur,Fem,Pass,
perturbado,perturbado,Part,,,,Sing,Masc,,
incriminam,incriminar,Fin,Ind,Pres,3,Plur,,,
Restará,restar,Fin,Ind,Fut,3,Sing,,,
atuará,atuar,Fin,Ind,Pres,3,Sing,,,
trabalhei,trabalhar,Fin,Ind,Past,1,Sing,,,
movido,mover,Part,,,,Sing,Masc,Pass,
separá,separ,Fin,Sub,Pres,3,Sing,,,
engarrafadas,engarrafar,Part,,,,Plur,Fem,,
cancelar,cancelar,Inf,,,3,Sing,,,
defendê,defender,Inf,,,,,,,
legalizar,legalizar,Inf,,,,,,,
tripuladas,tripular,Part,,,,Plur,Fem,,
contaram,contar,Fin,Ind,Past,3,Plur,,,
comprava,comprar,Fin,Ind,Imp,3,Sing,,,
pagado,pagar,Part,,,,Sing,Masc,,
homologadas,homologar,Part,,,,Plur,Fem,Pass,
pintada,pintar,Part,,,,Sing,Fem,,
centrada,centrar,Part,,,,Sing,Fem,Pass,
assombrada,assombrar,Part,,,,Sing,Fem,Pass,
entrem,entrar,Fin,Sub,Pres,3,Plur,,,
cuidem,cuidar,Fin,Sub,Pres,3,Plur,,,
terceirizados,terceirizar,Part,,,,Plur,Masc,,
sincronizado,sincronizar,Part,,,,Sing,Masc,,
jogá,jogar,Inf,,,,,,,
ficaremos,ficar,Fin,Ind,Fut,1,Plur,,,
apelidados,apelidar,Part,,,,Plur,Masc,Pass,
Mandam,mandar,Fin,Ind,Pres,3,Plur,,,
pintava,pintar,Fin,Ind,Imp,3,Sing,,,
autuado,autuar,Part,,,,Sing,Masc,,
legalizado,legalizar,Part,,,,Sing,Masc,,
absolvidos,absolver,Part,,,,Plur,Masc,,
removem,remover,Fin,Ind,Pres,3,Plur,,,
Fico,ficar,Fin,Ind,Pres,1,Sing,,,
alimentamos,alimentar,Fin,Ind,Pres,1,Plur,,,
Fixado,fixar,Part,,,,Sing,Masc,,
plantará,plantar,Fin,Ind,Fut,3,Sing,,,
especificadas,especificar,Part,,,,Plur,Fem,,
Ordenou,ordenar,Fin,Ind,Past,3,Sing,,,
substituíssem,substituir,Fin,Sub,Imp,3,Plur,,,
destrui,destruir,Fin,,,,Sing,,,
perseguem,perseguir,Fin,Ind,Pres,3,Plur,,,
Norteiam,nortear,Fin,Ind,Pres,3,Plur,,,
Caiu,cair,Fin,Ind,Past,3,Sing,,,
Representados,representar,Part,,,,Plur,Masc,Pass,
prestará,prestar,Fin,Ind,Fut,3,Sing,,,
excluem,excluir,Fin,Ind,Pres,3,Plur,,,
envolvidas,envolver,Part,,,,Plur,Fem,Pass,
cite,citar,Fin,Sub,Pres,3,Sing,,,
sobrecarregados,sobrecarregar,Part,,,,Plur,Masc,,
lembrada,lembrar,Part,,,,Sing,Fem,,
inquietou,inquietar,Fin,Ind,Past,3,Sing,,,
Reunidos,reunir,Part,,,,Plur,Masc,,
colocá,colocar,Fin,Ind,Pres,3,Sing,,,
surpreendido,surpreender,Part,,,,Sing,Masc,,
Buscando,buscar,Ger,,,,,,,
estrelar,estrelar,Inf,,,,,,,
conclusos,conclusar,Part,,,,Plur,Masc,Pass,
apreciados,apreciar,Part,,,,Plur,Masc,Pass,
desentendeu,desentender,Fin,Ind,Past,3,Sing,,,
Passam,passar,Fin,Ind,Pres,3,Plur,,,
concretizou,concretizar,Fin,Ind,Past,3,Sing,,,
logado,logar,Part,,,,Sing,Masc,,
Bebericando,bebericar,Ger,,,,,,,
Acompanhei,acompanhar,Fin,Ind,Past,1,Sing,,,
Condenaram,condenar,Fin,Ind,Past,3,Plur,,,
indicará,indicar,Fin,Ind,Fut,3,Sing,,,
hospedou,hospedar,Fin,Ind,Past,3,Sing,,,
Conseguiu,conseguir,Fin,Ind,Past,3,Sing,,,
programado,programar,Part,,,,,,,
divertido,divertido,Part,,,,Sing,Masc,,
manteria,manter,Fin,Cnd,,3,Sing,,,
analise,analisar,Fin,Sub,Pres,3,Sing,,,
recruta,recrutar,Fin,Ind,Pres,3,Sing,,,
jogará,jogar,Fin,Ind,Fut,3,Sing,,,
vazado,vazar,Part,,,,Sing,Masc,Pass,
perguntaram,perguntar,Fin,Ind,Past,3,Plur,,,
votaria,votar,Fin,Cnd,,3,Sing,,,
modernizou,modernizar,Fin,Ind,Past,3,Sing,,,
recorte,recortar,Fin,Sub,Pres,3,Sing,,,
quebrados,quebrar,Part,,,,Plur,Masc,,
chumbará,chumbar,Fin,Ind,Fut,3,Sing,,,
baleado,balear,Part,,,,,,,
sobrado,sobrar,Part,,,,Sing,Masc,,
apreciaram,apreciar,Fin,Ind,Past,3,Plur,,,
adquirirem,adquirir,Inf,,,3,Plur,,,
relembrá,relembrar,Fin,Ind,Pres,1,Sing,,,
traduzidos,traduzir,Part,,,,Plur,Masc,Pass,
entrara,entrar,Fin,Ind,Imp,3,Sing,,,
Estimo,estimar,Fin,Ind,Pres,1,Sing,,,
elogiado,elogiar,Part,,,,Sing,Masc,Pass,
distanciam,distanciar,Fin,Ind,Pres,3,Plur,,,
endividar,endividar,Inf,,,,,,,
endividado,endividar,Part,,,,Sing,Masc,Pass,
reciclados,reciclar,Part,,,,Plur,Masc,,
intensificarem,intensificar,Inf,,,3,Plur,,,
lideradas,liderar,Part,,,,Plur,Fem,Pass,
arrepende,arrepender,Fin,Ind,Pres,3,Sing,,,
localizados,localizar,Part,,,,Plur,Masc,Pass,
desburocratizar,desburocratizar,Inf,,,,,,,
desonerá,desonerar,Fin,Ind,Pres,3,Sing,,,
matar,matar,Inf,,,3,Sing,,,
implicadas,implicar,Part,,,,Plur,Fem,,
beneficiado,beneficiar,Part,,,,Sing,Masc,,
vencesse,vencer,Fin,Sub,Imp,3,Sing,,,
colaborou,colaborar,Fin,Ind,Past,3,Sing,,,
postado,postar,Part,,,,Sing,Masc,,
Descontraída,descontrar,Part,,,,Sing,Fem,,
opinar,opinar,Inf,,,,,,,
desfiada,desfiar,Part,,,,Sing,Fem,,
manifestada,manifestar,Part,,,,Sing,Fem,,
vir,vir,Fin,Sub,Fut,3,Sing,,,
reanimar,reanimar,Inf,,,,,,,
bastaria,bastar,Fin,Cnd,,3,Sing,,,
comissionado,comissionar,Part,,,,Sing,Masc,,
Cumpre,cumprir,Fin,Ind,Pres,3,Sing,,,
declinados,declinar,Part,,,,Plur,Masc,,
alfabetizados,alfabetizar,Part,,,,Plur,Masc,,
legados,legar,Part,,,,Plur,Masc,Pass,
improvise,improver,Fin,Sub,Pres,3,Sing,,,
despertar,despertar,Inf,,,3,Sing,,,
embutir,embutir,Inf,,,,,,,
olha,olhar,Fin,Ind,Pres,1,Sing,,,
Aproveitando,aproveitar,Ger,,,,,,,
reconquistar,reconquistar,Inf,,,,,,,
recebê,receber,Inf,,,,,,,
julgado,julgar,Part,,,,Sing,Masc,Pass,
acreditando,acreditar,Ger,,,,,,,
pegar,pegar,Inf,,,3,Sing,,,
consolidando,consolidar,Ger,,,,,,,
implicaria,implicar,Fin,Cnd,,3,Sing,,,
reconsidere,reconsider,Fin,Sub,Pres,3,Sing,,,
devolva,devolver,Fin,Sub,Pres,3,Sing,,,
argumentaram,argumentar,Fin,Ind,Past,3,Plur,,,
merostomados,merostomar,Part,,,,Plur,Masc,,
conheciam,conhecer,Fin,Ind,Imp,3,Plur,,,
lançá,lançar,Fin,Ind,Pres,3,Sing,,,
capacitados,capacitar,Part,,,,Plur,Masc,,
alegrou,alegrar,Fin,Ind,Past,3,Sing,,,
travada,travar,Part,,,,Sing,Fem,Pass,
entrevistadas,entrevistar,Part,,,,Plur,Fem,,
reformadas,reformar,Part,,,,Plur,Fem,,
diferencia,diferenciar,Fin,Ind,Pres,3,Sing,,,
acometer,acometer,Inf,,,,,,,
curada,curar,Part,,,,Sing,Fem,Pass,
redirecionar,redirecionar,Inf,,,,,,,
termos,ter,Inf,,,1,Plur,,,
editadas,editar,Part,,,,Plur,Fem,,
exibidas,exibir,Part,,,,Plur,Fem,Pass,
morar,morar,Inf,,,3,Sing,,,
exaltados,exaltar,Part,,,,Plur,Masc,Pass,
Indicado,indicar,Part,,,,Sing,Masc,Pass,
contarão,contar,Fin,Ind,Fut,3,Plur,,,
retornado,retornar,Part,,,,Sing,Masc,,
Caímos,cair,Fin,Ind,Pres,1,Plur,,,
instituída,instituir,Part,,,,Sing,Fem,Pass,
entrevistados,entrevistar,Part,,,,Plur,Masc,,
desequilibram,desequilibrar,Fin,Ind,Pres,3,Plur,,,
acesse,acrir,Fin,Sub,Pres,3,Sing,,,
debruçar,debruçar,Inf,,,,,,,
solicitados,solicitar,Part,,,,Plur,Masc,Pass,
distanciar,distanciar,Inf,,,,,,,
mergulharem,mergulhar,Inf,,,3,Plur,,,
brincarem,brincar,Inf,,,3,Plur,,,
começado,começar,Part,,,,Sing,Masc,,
ovalado,ovalar,Part,,,,Sing,Masc,,
absolvidos,absolver,Part,,,,Plur,Masc,Pass,
lembrará,lembrar,Fin,Ind,Fut,3,Sing,,,
aparentando,aparentar,Ger,,,,,,,
aplaudida,aplaudir,Part,,,,Sing,Fem,,
alcançaria,alcançar,Fin,Cnd,,3,Sing,,,
edificado,edificar,Part,,,,Sing,Masc,,
documentado,documentar,Part,,,,Sing,Masc,,
arrancada,arrancar,Part,,,,Sing,Fem,Pass,
educada,educar,Part,,,,Sing,Fem,Pass,
permitidos,permitir,Part,,,,Plur,Masc,,
inscreverem,inscrever,Inf,,,3,Plur,,,
adoptado,adoptar,Part,,,,Sing,Masc,,
linchado,linchar,Part,,,,Sing,Masc,Pass,
atravessada,atravessar,Part,,,,Sing,Fem,Pass,
economizando,economizar,Ger,,,,,,,
comemorado,comemorar,Part,,,,Sing,Masc,Pass,
duelam,duelar,Fin,Ind,Pres,3,Plur,,,
grita,gritar,Fin,Ind,Pres,3,Sing,,,
precisarão,precisar,Fin,Ind,Fut,3,Plur,,,
abater,abater,Inf,,,,,,,
semiaberto,semiaber,Part,,,,Sing,Masc,Pass,
assine,assinar,Fin,Sub,Pres,3,Sing,,,
ventilar,ventilar,Inf,,,,,,,
cospem,cosper,Fin,Ind,Pres,3,Plur,,,
comeram,comer,Fin,Ind,Past,3,Plur,,,
difamam,difamar,Fin,Ind,Pres,3,Plur,,,
Determinar,determinar,Inf,,,,,,,
Prenda,prender,Fin,Sub,Pres,3,Sing,,,
distender,distender,Inf,,,3,Sing,,,
viajam,viajar,Fin,Ind,Pres,3,Plur,,,
Suspenso,suspender,Part,,,,Sing,Masc,,
temido,temer,Part,,,,Sing,Masc,,
locou,locar,Fin,Ind,Past,3,Sing,,,
aflorando,aflorar,Ger,,,,,,,
forjada,forjar,Part,,,,Sing,Fem,,
evitaria,evitar,Fin,Cnd,,3,Sing,,,
respeitaria,respeitar,Fin,Cnd,,3,Sing,,,
empatado,empatar,Part,,,,Sing,Masc,,
furosemida,furosemer,Part,,,,Sing,Fem,,
Andei,andar,Fin,Ind,Past,1,Sing,,,
desesperado,desesperar,Part,,,,Sing,Fem,,
avistei,avistar,Fin,Ind,Past,1,Sing,,,
Dirigido,dirigir,Part,,,,Sing,Masc,Pass,
comandaram,comandar,Fin,Ind,Past,3,Plur,,,
abastecia,abastecer,Fin,Ind,Imp,3,Sing,,,
alcançá,alcançar,Inf,,,,,,,
atrapalhado,atrapalhar,Part,,,,Sing,Masc,,
infundadas,infundar,Part,,,,Plur,Fem,,
ameacei,ameacar,Fin,Ind,Past,1,Sing,,,
tocando,tocar,Ger,,,,,,,
alocados,alocar,Part,,,,Plur,Masc,,
beneficiadas,beneficiar,Part,,,,Plur,Fem,,
criei,criar,Fin,Ind,Past,1,Sing,,,
vazaram,vazar,Fin,Ind,Past,3,Plur,,,
taxado,taxar,Part,,,,Sing,Masc,,
desorganizado,desorganizar,Part,,,,Sing,Masc,,
recuperá,recuperar,Inf,,,,,,,
Caberia,caber,Fin,Cnd,,3,Sing,,,
Situado,situar,Part,,,,Sing,Masc,,
visitado,visitar,Part,,,,Sing,Masc,,
inclua,incluar,Fin,Sub,Pres,3,Sing,,,
ireii,ireigir,Fin,Ind,Past,1,Sing,,,
acabado,acabar,Part,,,,Sing,Masc,,
pousara,pousar,Fin,Ind,Imp,3,Sing,,,
puxou,puxar,Fin,Ind,Past,3,Sing,,,
isolou,isolar,Fin,Ind,Past,3,Sing,,,
ferida,ferir,Part,,,,Sing,Fem,Pass,
transmitia,transmitir,Fin,Ind,Imp,3,Sing,,,
cancelariam,cancelar,Fin,Ind,Past,3,Plur,,,
lecionou,lecionar,Fin,Ind,Past,3,Sing,,,
Mistura,misturar,Fin,Ind,Pres,3,Sing,,,
hajam,haver,Fin,Sub,Pres,3,Plur,,,
Passando,passar,Ger,,,,,,,
eliminadas,eliminar,Part,,,,Plur,Fem,Pass,
ofertada,ofertar,Part,,,,Sing,Fem,,
Demonstrando,demonstrar,Ger,,,,,,,
monitorou,monitorar,Fin,Ind,Past,3,Sing,,,
percebida,perceber,Part,,,,Sing,Fem,,
impactarão,impactar,Fin,Ind,Fut,3,Plur,,,
dado,dar,Fin,,,,Sing,,,
doer,doer,Inf,,,,,,,
alcançado,alcançar,Part,,,,,,,
tornando-o,tornando-ar,Ger,,,,,,,
imortalizado,imortalizar,Part,,,,Sing,Masc,Pass,
detalhou,detalhar,Fin,Ind,Past,3,Sing,,,
derrotadas,derrotar,Part,,,,Plur,Fem,Pass,
duelaram,duelar,Fin,Ind,Past,3,Plur,,,
Recomeço,recomeçar,Fin,Ind,Pres,1,Sing,,,
associei,associar,Fin,Ind,Past,1,Sing,,,
cavalgou,cavalgar,Fin,Ind,Past,3,Sing,,,
possuam,possuir,Fin,Sub,Pres,3,Plur,,,
reporta,reportar,Fin,Ind,Pres,3,Sing,,,
arquitetado,arquitetar,Part,,,,Sing,Masc,,
estepe,estepar,Fin,Ind,Pres,3,Sing,,,
barrado,barrar,Part,,,,Sing,Masc,Pass,
Aumentando,aumentar,Ger,,,,,,,
mantem,manter,Fin,Ind,Pres,3,Plur,,,
conservada,conservar,Part,,,,Sing,Fem,,
postos,pôr,Part,,,,Plur,Masc,Pass,
agrupados,agrupar,Part,,,,Plur,Masc,,
comentado,comentar,Part,,,,,,,
partilhou,partilhar,Fin,Ind,Past,3,Sing,,,
consagrada,consagrar,Part,,,,Sing,Fem,,
votada,votar,Part,,,,Sing,Fem,,
Restando,restar,Ger,,,,,,,
personalizada,personalizar,Part,,,,Sing,Fem,,
mexeram,mexer,Fin,Ind,Past,3,Plur,,,
iludidos,iludir,Part,,,,Plur,Masc,,
proporcionam,proporcionar,Fin,Ind,Pres,3,Plur,,,
acertada,acertar,Part,,,,Sing,Fem,Pass,
vitimado,vitimar,Part,,,,,,,
Escutei,escutar,Fin,Ind,Past,1,Sing,,,
esfaqueado,esfaquear,Part,,,,,,,
ventar,ventar,Inf,,,,,,,
culminaram,culminar,Fin,Ind,Past,3,Plur,,,
sentido,sentido,Part,,,,Sing,Masc,,
calar,calar,Inf,,,,,,,
possuia,possuir,Fin,Ind,Imp,3,Sing,,,
entrevistava,entrevistar,Fin,Ind,Imp,3,Sing,,,
alterados,alterar,Part,,,,Plur,Masc,Pass,
desconstruido,desconstruir,Part,,,,Sing,Masc,Pass,
cogitar,cogitar,Inf,,,,,,,
fretados,fretar,Part,,,,Plur,Masc,,
sanear,sanear,Inf,,,,,,,
Conhecido,conhecer,Part,,,,Sing,Masc,,
reinventar,reinventar,Inf,,,3,Sing,,,
sensibilizou,sensibilizar,Fin,Ind,Past,3,Sing,,,
brigam,brigar,Fin,Ind,Pres,3,Plur,,,
transformá,transformar,Inf,,,,,,,
desfalou,desfalar,Fin,Ind,Past,3,Sing,,,
Poderão,poder,Fin,Ind,Fut,3,Plur,,,
cursando,cursar,Ger,,,,,,,
entendida,entender,Part,,,,Sing,Fem,,
repletos,repletar,Part,,,,Plur,Masc,Pass,
veremos,ver,Fin,Ind,Pres,1,Plur,,,
imobilizado,imobilizar,Part,,,,Sing,Masc,Pass,
floresceu,florescer,Fin,Ind,Past,3,Sing,,,
preservaram,preservar,Fin,Ind,Past,3,Plur,,,
isolarem,isolar,Inf,,,3,Plur,,,
assistindo,assistir,Ger,,,,,,,
multando,multar,Ger,,,,,,,
misturem,misturar,Fin,Sub,Pres,3,Plur,,,
levar,levar,Fin,Sub,Fut,3,Sing,,,
desligue,desligar,Fin,Sub,Pres,3,Sing,,,
reestruturou,reestruturar,Fin,Ind,Past,3,Sing,,,
espancados,espancar,Part,,,,Plur,Masc,Pass,
preze,prezer,Fin,Sub,Pres,3,Sing,,,
ampliado,ampliar,Part,,,,,,,
existiria,existir,Fin,Cnd,,3,Sing,,,
proibimos,proibir,Fin,Ind,Pres,1,Plur,,,
intercalando,intercalar,Ger,,,,,,,
agitar,agitar,Inf,,,3,Sing,,,
cobiçadas,cobiçar,Part,,,,Plur,Fem,Pass,
Filiado,filiar,Part,,,,Sing,Masc,,
afirmei,afirmar,Fin,Ind,Past,1,Sing,,,
ressaltei,ressaltar,Fin,Ind,Past,1,Sing,,,
baleados,balear,Part,,,,Plur,Masc,Pass,
quisesse,querer,Fin,Sub,Imp,3,Sing,,,
respeitada,respeitar,Part,,,,Sing,Fem,,
Empurrado,empurrar,Part,,,,Sing,Masc,Pass,
arrumará,arrumar,Fin,Ind,Fut,3,Sing,,,
Usaram,usar,Fin,Ind,Past,3,Plur,,,
entrosado,entrosar,Part,,,,Sing,Masc,,
pesado,pesar,Part,,,,,,,
anulado,anular,Part,,,,Sing,Masc,Pass,
atraídas,atrair,Part,,,,Plur,Fem,Pass,
abreviado,abreviar,Part,,,,Sing,Masc,,
raptadas,raptar,Part,,,,Plur,Fem,,
Abri,abrir,Fin,Ind,Past,1,Sing,,,
recorreram,recorrer,Fin,Ind,Past,3,Plur,,,
descido,descer,Part,,,,,,,
tornado,tornar,Part,,,,Sing,Masc,Pass,
repudia,repudir,Fin,Ind,Pres,3,Sing,,,
liderados,liderar,Part,,,,Plur,Masc,,
concedidas,conceder,Part,,,,Plur,Fem,,
deteriorasse,deteriorar,Fin,Sub,Imp,3,Sing,,,
estendesse,estender,Fin,Sub,Imp,3,Sing,,,
encher,encher,Inf,,,,,,,
Lembro,lembrar,Fin,Ind,Past,1,Sing,,,
ajuizada,ajuizar,Part,,,,Sing,Fem,Pass,
incorporado,incorporar,Part,,,,Sing,Masc,Pass,
Entregar,entregar,Inf,,,,,,,
rescindiu,rescindir,Fin,Ind,Past,3,Sing,,,
devolvesse,devolver,Fin,Sub,Imp,3,Sing,,,
indicia,indiciar,Fin,Ind,Pres,3,Sing,,,
tuberculados,tubercular,Part,,,,Plur,Masc,,
espalhava,espalhar,Fin,Ind,Imp,3,Sing,,,
Ignorado,ignorar,Part,,,,Sing,Masc,,
desclassificado,desclassificar,Part,,,,Sing,Masc,Pass,
captamos,captar,Fin,Ind,Pres,1,Plur,,,
dado,dar,Fin,Ind,Pres,,Sing,,,
repatriá,repatriar,Inf,,,,,,,
acusado,acusar,Part,,,,,,,
querer,querer,Fin,Sub,Fut,3,Sing,,,
despontem,despontar,Fin,Sub,Pres,3,Plur,,,
firmados,firmar,Part,,,,Plur,Masc,,
reproduz,reproduzir,Fin,Ind,Pres,3,Sing,,,
aprendeu,aprender,Fin,Ind,Past,3,Sing,,,AUX
frequentou,frequentar,Fin,Ind,Past,3,Sing,,,
concluído,concluir,Part,,,,,,,
marcarem,marcar,Inf,,,3,Plur,,,
Garantiu,garantir,Fin,Ind,Past,3,Sing,,,
Preterido,preterir,Part,,,,Sing,Masc,Pass,
tínhamos,ter,Fin,Ind,Imp,1,Plur,,,AUX
pegava,pegar,Fin,Ind,Imp,3,Sing,,,
organizava,organizar,Fin,Ind,Imp,3,Sing,,,
acabava,acabar,Fin,Ind,Imp,3,Sing,,,
compreendia,compreender,Fin,Ind,Imp,3,Sing,,,
protocolaram,protocolar,Fin,Ind,Past,3,Plur,,,
aproximavam,aproximar,Fin,Ind,Imp,3,Plur,,,
conservar,conservar,Inf,,,,,,,
vencemos,vencer,Fin,Ind,Pres,1,Plur,,,
Tentamos,tentar,Fin,Ind,Pres,1,Plur,,,
desligados,desligar,Part,,,,Plur,Masc,Pass,
empreendeu,empreender,Fin,Ind,Past,3,Sing,,,
suspira,suspirar,Fin,Ind,Pres,3,Sing,,,
substitua,substituir,Fin,Sub,Pres,3,Sing,,,
destruída,destruir,Part,,,,Sing,Fem,Pass,
buscamos,buscar,Fin,Ind,Pres,1,Plur,,,
aconselho,aconselhar,Fin,Ind,Pres,1,Sing,,,
pegá,pegar,Inf,,,,,,,
acionados,acionar,Part,,,,Plur,Masc,,
desequilibrou,desequilibrar,Fin,Ind,Past,3,Sing,,,
matavam,matar,Fin,Ind,Imp,3,Plur,,,
devastavam,devastar,Fin,Ind,Imp,3,Plur,,,
colchonerosiniciaram,colchonerosiniar,Fin,Ind,Imp,3,Plur,,,
sacramentar,sacramentar,Inf,,,,,,,
Sangrando,sangrar,Ger,,,,,,,
obtêm,obter,Fin,Ind,Pres,3,Plur,,,
Possuía,possuir,Fin,Ind,Imp,3,Sing,,,
sortear,sortear,Inf,,,,,,,
renovada,renovar,Part,,,,Sing,Fem,Pass,
contraído,contrair,Part,,,,Sing,Masc,,
Criamos,criar,Fin,Ind,Pres,1,Plur,,,
transferiram,transferir,Fin,Ind,Past,3,Plur,,,
Resultam,resultar,Fin,Ind,Pres,3,Plur,,,
aproximamos,aproximar,Fin,Ind,Pres,1,Plur,,,
acelere,acelerir,Fin,Sub,Pres,3,Sing,,,
remetidos,remeter,Part,,,,Plur,Masc,,
navegava,navegar,Fin,Ind,Imp,3,Sing,,,
machucado,machucar,Part,,,,Sing,Masc,,
intensificada,intensificar,Part,,,,Sing,Fem,Pass,
colidindo,colidir,Ger,,,,,,,
Joguei,jogar,Fin,Ind,Past,1,Sing,,,
desapropriados,desapropriar,Part,,,,Plur,Masc,,
assentado,assentar,Part,,,,,,,
sancionada,sancionar,Part,,,,Sing,Fem,,
instaurado,instaurar,Part,,,,Sing,Masc,,
prorrogado,prorrogar,Part,,,,Sing,Masc,,
estusiasmado,estusiasmar,Part,,,,Sing,Masc,,
colhidos,colher,Part,,,,Plur,Masc,,
anteceder,anteceder,Inf,,,,,,,
andar,andar,Inf,,,3,Sing,,,
Somando,somar,Ger,,,,,,,
cumprirá,cumprir,Fin,Ind,Fut,3,Sing,,,
assinem,assinar,Fin,Sub,Pres,3,Plur,,,
ecoou,ecoar,Fin,Ind,Past,3,Sing,,,
libertando,libertar,Ger,,,,,,,
destacada,destacar,Part,,,,Sing,Fem,Pass,
acolhidas,acolher,Part,,,,Plur,Fem,Pass,
protagonizar,protagonizar,Inf,,,,,,,
imitar,imitar,Inf,,,,,,,
Deixa,deixar,Fin,Ind,Pres,3,Sing,,,
clarear,clarear,Inf,,,,,,,
deitarem,deitar,Inf,,,3,Plur,,,
acomodarem,acomodar,Inf,,,3,Plur,,,
endereçada,endereçar,Part,,,,Sing,Fem,,
guardados,guardar,Part,,,,Plur,Masc,Pass,
Partiu,partir,Fin,Ind,Past,3,Sing,,,
desejado,desejar,Part,,,,,,,
julgada,julgar,Part,,,,Sing,Fem,Pass,
interessar,interessar,Inf,,,,,,,
convencê,convencer,Inf,,,,,,,
expirar,expirar,Inf,,,,,,,
energizaram,energizar,Fin,Ind,Past,3,Plur,,,
esquecidas,esquecer,Part,,,,Plur,Fem,,
desabilitado,desabilitar,Part,,,,Sing,Masc,Pass,
capitaneada,capitanear,Part,,,,Sing,Fem,Pass,
labelo,labelar,Fin,Ind,Pres,1,Sing,,,
calcar,calcar,Inf,,,,,,,
examinado,examinar,Part,,,,Sing,Masc,Pass,
inexplorada,inexplorar,Part,,,,Sing,Fem,,
Começamos,começar,Fin,Ind,Pres,1,Plur,,,
esplêndido,esplênder,Part,,,,Sing,Masc,,
lidas,ler,Part,,,,Plur,Fem,Pass,
EXE,exer,Fin,Ind,Pres,3,Sing,,,
aparecer,aparecer,Fin,Sub,Fut,3,Sing,,,
deixo,deixar,Fin,Ind,Pres,1,Sing,,,AUX
incorporando,incorporar,Ger,,,,,,,
fundidos,fundir,Part,,,,Plur,Masc,Pass,
perdi,perder,Fin,Ind,Past,1,Sing,,,
canado,canar,Part,,,,Sing,Fem,,
defendê,defender,Inf,,,3,Sing,,,
preservá,preservar,Fin,Ind,Pres,3,Sing,,,
oprimida,oprimir,Part,,,,Sing,Fem,,
esgotar,esgotar,Inf,,,,,,,
instauradas,instaurar,Part,,,,Plur,Fem,,
vigiavam,vigiar,Fin,Ind,Imp,3,Plur,,,
gravando,gravar,Ger,,,,,,,
Morrendo,morrer,Ger,,,,,,,
especulado,especular,Part,,,,Sing,Masc,Pass,
gostem,gostar,Fin,Sub,Pres,3,Plur,,,
assimilar,assimilar,Inf,,,,,,,
casando,casar,Ger,,,,,,,
surgirem,surgir,Inf,Sub,,3,Plur,,,
paga,pagar,Part,,,,Sing,Fem,,
ressaltando,ressaltar,Ger,,,,,,,
passar,passar,Fin,Sub,Fut,3,Sing,,,
DEVE,dever,Fin,Ind,Pres,3,Sing,,,
PERGUNTAR,perguntar,Inf,,,,,,,
QUERO,querer,Fin,Ind,Pres,1,Sing,,,
Caberá,caber,Fin,Ind,Fut,3,Sing,,,
alteradas,alterar,Part,,,,Plur,Fem,,
desembolsados,desembolsar,Part,,,,Plur,Masc,,
encimado,encimar,Part,,,,Sing,Masc,Pass,
terminados,terminado,Part,,,,Plur,Masc,Pass,
fincando,fincar,Ger,,,,,,,
jogado,jogar,Part,,,,Sing,Masc,,
depenado,depenar,Part,,,,Sing,Masc,,
reformei,reformar,Fin,Ind,Past,1,Sing,,,
Votaram,votar,Fin,Ind,Past,3,Plur,,,
tosado,tosar,Part,,,,Sing,Masc,Pass,
Nomeadas,nomear,Part,,,,Plur,Fem,,
anunciaremos,anunciar,Fin,Ind,Fut,1,Plur,,,
justificadas,justificar,Part,,,,Plur,Fem,Pass,
assegurado,assegurar,Part,,,,Sing,Masc,Pass,
faremos,far,Fin,Ind,Pres,1,Plur,,,
Encerramos,encerrar,Fin,Ind,Pres,1,Plur,,,
Considerada,considerar,Part,,,,Sing,Fem,,
colocava,colocar,Fin,Ind,Imp,3,Sing,,,
valeu,valer,Fin,Ind,Past,3,Sing,,,
motivando,motivar,Ger,,,,,,,
migrem,migrir,Fin,Sub,Pres,3,Plur,,,
comprovasse,comprovar,Fin,Sub,Imp,3,Sing,,,
pensou,pensar,Fin,Ind,Past,3,Sing,,,
analisá,analisar,Inf,,,,,,,
imaginadas,imaginar,Part,,,,Plur,Fem,,
velados,velar,Part,,,,Plur,Masc,,
dora,dorar,Fin,Ind,Pres,3,Sing,,,
afortunadas,afortunar,Part,,,,Plur,Fem,,
alertado,alertar,Part,,,,,,,
armados,armar,Part,,,,Plur,Masc,Pass,
abasteceram,abastecer,Fin,Ind,Past,3,Plur,,,
mentido,mentir,Part,,,,,,,
alegava-se,alegavar,Fin,Ind,Pres,3,Plur,,,
pifam,pifar,Fin,Ind,Pres,3,Plur,,,
começo,começar,Fin,Ind,Pres,1,Sing,,,AUX
anulados,anular,Part,,,,Plur,Masc,Pass,
forçaria,forçar,Fin,Cnd,,3,Sing,,,
demandarem,demandar,Inf,,,3,Plur,,,
deflagrados,deflagrar,Part,,,,Plur,Masc,,
capotaram,capotar,Fin,Ind,Past,3,Plur,,,
teorizada,teorizar,Part,,,,Sing,Fem,Pass,
deitadas,deitar,Part,,,,Plur,Fem,,
selecione,selecionar,Fin,Sub,Pres,3,Sing,,,
gastarem,gastar,Inf,,,3,Plur,,,
traficado,traficar,Part,,,,Sing,Masc,Pass,
levantado,levantar,Part,,,,,,,
gastará,gastar,Fin,Ind,Fut,3,Sing,,,
subtraído,subtrair,Part,,,,Sing,Masc,Pass,
impactar,impactar,Inf,,,,,,,
levarei,levar,Fin,Ind,Fut,1,Sing,,,
massacram,massacrar,Fin,Ind,Pres,3,Plur,,,
reconhecia,reconhecer,Fin,Ind,Imp,3,Sing,,,
disputando,disputar,Ger,,,,,,,
conduzidos,conduzir,Part,,,,Plur,Masc,,
destróem,destróar,Fin,Ind,Pres,3,Plur,,,
Soube,suubir,Fin,Ind,Past,3,Sing,,,
ter,ter,Fin,Sub,Fut,3,Sing,,,
repassou,repassar,Fin,Ind,Past,3,Sing,,,
aprisionados,aprisionar,Part,,,,Plur,Masc,Pass,
descumpra,descumprar,Fin,Sub,Pres,3,Sing,,,
negados,negar,Part,,,,Plur,Masc,,
comandar,comandar,Fin,Sub,Fut,3,Sing,,,
articulado,articulado,Part,,,,Sing,Masc,,
candidatando,candidatar,Ger,,,,,,,
puderem,poder,Fin,Sub,Fut,3,Plur,,,
sentirão,sentir,Fin,Sub,Fut,3,Plur,,,
assaltado,assaltar,Part,,,,Sing,Masc,,
sacar,sacar,Inf,,,3,Sing,,,
traíam,trazer,Fin,Ind,Imp,3,Plur,,,
suspendendo,suspender,Ger,,,,,,,
abrir,abrir,Inf,,,3,Sing,,,
acampados,acampar,Part,,,,Plur,Masc,,
voa,ir,Fin,Ind,Pres,3,Sing,,,
defini,definir,Fin,Ind,Pres,1,Sing,,,
compartilharam,compartilhar,Fin,Ind,Past,3,Plur,,,
aromatizados,aromatizar,Part,,,,Plur,Masc,,
coordenada,coordenar,Part,,,,Sing,Fem,Pass,
florescendo,florescer,Ger,,,,,,,
estudam,estudar,Fin,Ind,Pres,3,Plur,,,
Afirmaram,afirmar,Fin,Ind,Past,3,Plur,,,
requerido,requerer,Part,,,,,,,
consorciadas,consorciar,Part,,,,Plur,Fem,,
estupradas,estuprar,Part,,,,Plur,Fem,Pass,
assassinadas,assassinar,Part,,,,Plur,Fem,,
derrotará,derrotar,Fin,Ind,Fut,3,Sing,,,
readmitidos,readmitir,Part,,,,Plur,Masc,Pass,
Reunir,reunir,Inf,,,,,,,
mostrarmos,mostrar,Inf,,,1,Plur,,,
falarem,falar,Inf,,,3,Plur,,,
frustrada,frustrar,Part,,,,Sing,Fem,Pass,
aterrorizada,aterrorizar,Part,,,,Sing,Fem,,
derivaria,derivar,Fin,Cnd,,3,Sing,,,
Sacado,sacar,Part,,,,Sing,Masc,,
democratizar,democratizar,Inf,,,,,,,
incubados,incubar,Part,,,,Plur,Masc,Pass,
esquecidas,esquecer,Part,,,,Plur,Fem,Pass,
flagrado,flagrar,Part,,,,Sing,Masc,,
Ficam,ficar,Fin,Ind,Pres,3,Plur,,,
deliberaria,deliberar,Fin,Cnd,,3,Sing,,,
retratado,retratar,Part,,,,Sing,Masc,Pass,
sondar,sondar,Inf,,,,,,,
desabitada,desabitar,Part,,,,Sing,Fem,,
candidata,candidatar,Part,,,,Sing,Fem,Pass,
evacuou,evacuar,Fin,Ind,Past,3,Sing,,,
funcionaria,funcionar,Fin,Cnd,,3,Sing,,,
Aguardamos,aguardar,Fin,Ind,Pres,1,Plur,,,
entreter,entreter,Inf,,,,,,,
Chamados,chamar,Part,,,,Plur,Masc,,
Faleceu,falecer,Fin,Ind,Past,3,Sing,,,
realizavam,realizar,Fin,Ind,Imp,3,Plur,,,
ridicularizarem,ridicularizar,Inf,,,3,Plur,,,
desviarem,desviar,Inf,,,3,Plur,,,
batida,bater,Part,,,,Sing,Fem,Pass,
tomarmos,tomar,Inf,,,1,Plur,,,
pecando,pecar,Ger,,,,,,,
abateria,abater,Fin,Ind,Imp,3,Sing,,,
compradas,comprar,Part,,,,Plur,Fem,,
crer,crer,Fin,Sub,Fut,3,Sing,,,
apagado,apagar,Part,,,,Sing,Masc,,
pararam,parar,Fin,Ind,Past,3,Plur,,,
console,consolar,Fin,Ind,Pres,1,Sing,,,
bancadas,bancada,Part,,,,Plur,Fem,Pass,
aposentou,aposentar,Fin,Ind,Past,3,Sing,,,
pareceria,parecer,Fin,Cnd,,3,Sing,,,
compartilhadas,compartilhar,Part,,,,Plur,Fem,,
conte,contar,Fin,Ind,Pres,3,Sing,,,
injetando,injetar,Ger,,,,,,,
Durou,durar,Fin,Ind,Past,3,Sing,,,
instigado,instigar,Part,,,,Sing,Masc,,
exerciam,exercer,Fin,Ind,Imp,3,Plur,,,
desejando,desejar,Ger,,,,,,,
indagado,indagar,Part,,,,Sing,Masc,Pass,
Consultado,consultar,Part,,,,Sing,Masc,Pass,
oficializada,oficializar,Part,,,,Sing,Fem,,
restringiu,restringir,Fin,Ind,Past,3,Sing,,,
versadas,versar,Part,,,,Plur,Fem,Pass,
trataria,tratar,Fin,Cnd,,3,Sing,,,
ler,ler,Inf,,,3,Sing,,,
FIQUEI,firuar,Fin,Ind,Past,1,Sing,,,
SABENDO,sabender,Ger,,,,,,,
bombar,bombar,Inf,,,,,,,
observo,observar,Fin,Ind,Pres,1,Sing,,,
elaboras,elabor,Part,,,,Plur,Fem,Pass,
absterem,abster,Inf,,,3,Plur,,,
pulsa,pulsar,Fin,Ind,Pres,3,Sing,,,
empolgar,empolgar,Inf,,,,,,,
prima,primo,Fin,Ind,Pres,3,Sing,,,
valorizado,valorizado,Part,,,,Sing,Masc,,
garantir,garantir,Inf,,,3,Sing,,,
nasçam,nasçar,Fin,Sub,Pres,3,Plur,,,
desembestam,desembestar,Fin,Ind,Pres,3,Plur,,,
referendada,referendar,Part,,,,Sing,Fem,Pass,
Promovido,promover,Part,,,,Sing,Masc,Pass,
disponibilizará,disponibilizar,Fin,Ind,Fut,3,Sing,,,
assentados,assentar,Part,,,,Plur,Masc,Pass,
apagada,apagar,Part,,,,Sing,Fem,Pass,
impressos,imprimir,Part,,,,Plur,Masc,,
nadando,nadar,Ger,,,,,,,
distribuídas,distribuir,Part,,,,Plur,Fem,Pass,
aquando,aquar,Ger,,,,,,,
Ampliado,ampliar,Part,,,,Sing,Masc,,
disponíveis,disponível,Part,,,,Plur,Fem,Pass,
permanceu,permancer,Fin,Ind,Past,3,Sing,,,
eleger,eleger,Fin,Sub,Fut,3,Sing,,,
estabelecido,estabelecer,Part,,,,,,,
tipificada,tipificar,Part,,,,Sing,Fem,Pass,
demorará,demorar,Fin,Ind,Fut,3,Sing,,,
cobrada,cobrar,Part,,,,Sing,Fem,Pass,
calculou,calcular,Fin,Ind,Past,3,Sing,,,
sentido,sentido,Part,,,,Sing,Masc,Pass,
compostos,compor,Part,,,,Plur,Masc,,
expandiu,expandir,Fin,Ind,Past,3,Sing,,,
Decepcionada,decepcionar,Part,,,,Sing,Fem,,
pacificadas,pacificar,Part,,,,Plur,Fem,,
Indico,indicar,Fin,Ind,Pres,1,Sing,,,
refugar,refugar,Inf,,,,,,,
superado,superar,Part,,,,Sing,Masc,,
protagonizam,protagonizar,Fin,Ind,Pres,3,Plur,,,
machucados,machucar,Part,,,,Plur,Masc,,
pilota,pilotar,Fin,Ind,Pres,3,Sing,,,
regulamentada,regulamentar,Part,,,,Sing,Fem,,
trai,trazer,Fin,Ind,Pres,3,Sing,,,
surtando,surtar,Ger,,,,,,,
ludibriar,ludibriar,Inf,,,,,,,
atendido,atender,Part,,,,Sing,Masc,,
criem,criar,Fin,Sub,Pres,3,Plur,,,
gerenciem,gerenciar,Fin,Sub,Pres,3,Plur,,,
decrescido,decrescer,Part,,,,Sing,Masc,,
Interveio,intervir,Fin,Ind,Past,3,Sing,,,
estalar,estalar,Inf,,,,,,,
Fideliza,fidelizar,Fin,Ind,Pres,3,Sing,,,
agrega,agregar,Fin,Ind,Pres,3,Sing,,,
combatidos,combater,Part,,,,Plur,Masc,Pass,
dimensionam,dimensionar,Fin,Ind,Pres,3,Plur,,,
cativou,cativar,Fin,Ind,Past,3,Sing,,,
apegando,apegar,Ger,,,,,,,
cumpriam,cumprir,Fin,Ind,Imp,3,Plur,,,
criticados,criticar,Part,,,,Plur,Masc,,
ridicularizados,ridicularizar,Part,,,,Plur,Masc,,
assumido,assumir,Part,,,,,,,
popularizou,popularizar,Fin,Ind,Past,3,Sing,,,
oxidados,oxidar,Part,,,,Plur,Masc,Pass,
presentear,presentear,Inf,,,,,,,
pesquisava,pesquisar,Fin,Ind,Imp,3,Sing,,,
acedida,acedir,Part,,,,Sing,Fem,Pass,
concluída,concluído,Part,,,,Sing,Fem,,
faliu,falir,Fin,Ind,Past,3,Sing,,,
Desapareceu,desaparecer,Fin,Ind,Past,3,Sing,,,
Desapareceram,desaparecer,Fin,Ind,Past,3,Plur,,,
Comprou,comprar,Fin,Ind,Past,3,Sing,,,
Ruiu,ruir,Fin,Ind,Past,3,Sing,,,
Choveu,chover,Fin,Ind,Past,3,Sing,,,
choveu,chover,Fin,Ind,Past,3,Sing,,,
Morava,morar,Fin,Ind,Imp,3,Sing,,,
avariou,avariar,Fin,Ind,Past,3,Sing,,,
avariaram,avariar,Fin,Ind,Past,3,Plur,,,
avariaram,avariar,Fin,Ind,Imp,3,Plur,,,
reparar,reparar,Inf,,,,,,,
Reparar,reparar,Inf,,,,,,,
atou,atar,Fin,Ind,Past,3,Sing,,,
copiou,copiar,Fin,Ind,Past,3,Sing,,,
polvilhou,polvilhar,Fin,Ind,Past,3,Sing,,,
pinta,pintar,Fin,Ind,Pres,3,Sing,,,
pintou,pintar,Fin,Ind,Past,3,Sing,,,
comutou,comutar,Fin,Ind,Past,3,Sing,,,
subdividiu,subdividir,Fin,Ind,Past,3,Sing,,,
filosofou,filosofar,Fin,Ind,Past,3,Sing,,,
treme,tremar,Fin,Ind,Pres,3,Sing,,,
medita,meditar,Fin,Ind,Pres,3,Sing,,,
meditou,meditar,Fin,Ind,Past,3,Sing,,,
atenta,atento,Fin,Ind,Pres,3,Sing,,,
recua,recuar,Fin,Ind,Pres,3,Sing,,,
depôs,deper,Fin,Ind,Past,3,Sing,,,
espumou,espumar,Fin,Ind,Past,3,Sing,,,
advieram,advierar,Fin,Ind,Past,3,Plur,,,
divagou,divagar,Fin,Ind,Past,3,Sing,,,
divaga,divagar,Fin,Ind,Pres,3,Sing,,,
resvalou,resvalar,Fin,Ind,Past,3,Sing,,,
clamou,clamar,Fin,Ind,Past,3,Sing,,,
especulou,especular,Fin,Ind,Past,3,Sing,,,
prevaleceu,prevalecer,Fin,Ind,Past,3,Sing,,,
sobressai,sobressar,Fin,Ind,Pres,3,Sing,,,
intercedia,interceder,Fin,Ind,Pqp,3,Sing,,,
estranhou,estranhar,Fin,Ind,Past,3,Sing,,,
adiado,adiar,Part,,,,Sing,Masc,,
ancorou,ancorar,Fin,Ind,Past,3,Sing,,,
atrofia,atrofia,Fin,Ind,Pres,3,Sing,,,
oxidou,oxidar,Fin,Ind,Past,3,Sing,,,
queimou,queimar,Fin,Ind,Past,3,Sing,,,
dorme,dormer,Fin,Ind,Pres,3,Sing,,,
Apoiaram,apoiar,Fin,Ind,Past,3,Plur,,,
Viram,ver,Fin,Ind,Pres,3,Plur,,,
legalizou,legalizar,Fin,Ind,Past,3,Sing,,,
refilam,refilar,Fin,Ind,Pres,3,Plur,,,
prolongasse,prolongar,Fin,Sub,Imp,3,Sing,,,
publicar,publicar,Inf,,,3,Sing,,,
Salientou,salientar,Fin,Ind,Past,3,Sing,,,
Publicarem,publicar,Inf,,,3,Plur,,,
Contactaram,contactar,Fin,Ind,Past,3,Plur,,,
Extraíram,extrair,Fin,Ind,Past,3,Plur,,,
comessem,comessar,Fin,Sub,Imp,3,Plur,,,
refilar,refilar,Fin,Sub,Fut,3,Sing,,,
empata,empatar,Fin,Ind,Pres,3,Sing,,,
prolongue,prolonguir,Fin,Sub,Pres,3,Sing,,,
Referiram,referir,Fin,Ind,Past,3,Plur,,,
acontecesse,acontecer,Fin,Sub,Imp,3,Sing,,,
fugiam,fugir,Fin,Ind,Imp,3,Plur,,,
Falámos,falar,Fin,Ind,Pres,1,Plur,,,
sofisticada,sofisticado,Part,,,,Sing,Fem,,
Estou,estar,Fin,Ind,Pres,1,Sing,,,AUX
Juro,jurar,Fin,Ind,Pres,1,Sing,,,
intervieram,intervir,Fin,Ind,Past,3,Plur,,,
bombardeando,bombardear,Ger,,,,,,,
DEMARCARAM-SE,demarcaragser,Fin,Ind,Pres,3,Plur,,,
saudou,saudar,Fin,Ind,Past,3,Sing,,,
aprendiam,aprender,Fin,Ind,Imp,3,Plur,,,
ensaia,ensal,Fin,Ind,Pres,3,Sing,,,
inflacionadas,inflacionar,Part,,,,Plur,Fem,,
Passou,passar,Fin,Ind,Past,3,Sing,,,AUX
movimenta,movimentar,Fin,Ind,Pres,3,Sing,,,
Visitaram,visitar,Fin,Ind,Past,3,Plur,,,
Posso,poder,Fin,Ind,Pres,1,Sing,,,
sagrado,sagrado,Part,,,,Sing,Masc,,
inveterado,inveterar,Part,,,,Sing,Masc,,
simboliza,simbolizar,Fin,Ind,Pres,3,Sing,,,
caíam,cair,Fin,Ind,Imp,3,Plur,,,
arrastavam,arrastar,Fin,Ind,Imp,3,Plur,,,
tememos,temer,Fin,Ind,Pres,1,Plur,,,
Arrancou,arrancar,Fin,Ind,Past,3,Sing,,,
devidos,dever,Part,,,,Plur,Masc,Pass,
hibernado,hibernar,Part,,,,,,,
contrapôs,contrapor,Fin,Ind,Pres,3,Sing,,,
envenena,envenenar,Fin,Ind,Pres,3,Sing,,,
realojadas,realojar,Part,,,,Plur,Fem,,
desaceleram,desaceler,Fin,Ind,Pres,3,Plur,,,
impomos,impor,Fin,Ind,Pres,1,Plur,,,
constitucionaliza,constitucionalizar,Fin,Ind,Pres,3,Sing,,,
retribuiu,retribuir,Fin,Ind,Past,3,Sing,,,
adormecidos,adormecer,Part,,,,Plur,Masc,,
posicionados,posicionar,Part,,,,Plur,Masc,,
Lançam,lançar,Fin,Ind,Pres,3,Plur,,,
conste,constar,Fin,Sub,Pres,3,Sing,,,
calhar,calhar,Inf,,,,,,,
Coitado,coitar,Part,,,,Sing,Masc,,
apreciará,apreciar,Fin,Ind,Fut,3,Sing,,,
libertou,libertar,Fin,Ind,Past,3,Sing,,,
EMPATA,empatar,Fin,Ind,Pres,3,Sing,,,
enunciado,enunciado,Part,,,,Sing,Masc,Pass,
protagonizada,protagonizar,Part,,,,Sing,Fem,Pass,
privilegiados,privilegiar,Part,,,,Plur,Masc,,
manobram,manobrir,Fin,Ind,Pres,3,Plur,,,
pairam,pair,Fin,Ind,Pres,3,Plur,,,
aqueceu,aquecer,Fin,Ind,Past,3,Sing,,,
compromete,comprometer,Fin,Ind,Pres,3,Sing,,,
enuncia,enunciar,Fin,Ind,Pres,3,Sing,,,
averbaram,averbar,Fin,Ind,Past,3,Plur,,,
alberga,albergar,Fin,Ind,Pres,3,Sing,,,
enriquecida,enriquecer,Part,,,,Sing,Fem,Pass,
encontro,encontro,Fin,Ind,Pres,1,Sing,,,
admirava,admirar,Fin,Ind,Imp,1,Sing,,,
pré-fabricada,pré-fabricar,Part,,,,Sing,Fem,,
Falhou,falhar,Fin,Ind,Past,3,Sing,,,
relatadas,relatar,Part,,,,Plur,Fem,Pass,
desenterrados,desenterrar,Part,,,,Plur,Masc,Pass,
evacuadas,evacuar,Part,,,,Plur,Fem,Pass,
reivindicámos,reivindico,Fin,Ind,Pres,1,Plur,,,
programam,programar,Fin,Ind,Pres,3,Plur,,,
Analisamos,analisar,Fin,Ind,Pres,1,Plur,,,
dialogamos,dialogar,Fin,Ind,Pres,1,Plur,,,
recomendamos,recomendar,Fin,Sub,Pres,1,Plur,,,
frequentada,frequentar,Part,,,,Sing,Fem,,
Deverá,dever,Fin,Ind,Fut,3,Sing,,,
interagirem,interagir,Fin,Sub,Pres,3,Plur,,,
falham,falhar,Fin,Ind,Pres,3,Plur,,,
avançadas,avançar,Part,,,,Plur,Fem,Pass,
dormia,dormer,Fin,Ind,Imp,3,Sing,,,
chorava,chorar,Fin,Ind,Imp,3,Sing,,,
ardeu,arder,Fin,Ind,Past,3,Sing,,,
Come,comer,Fin,Ind,Pres,3,Sing,,,
Ouvi,ouvir,Fin,Ind,Past,1,Sing,,,
provocados,provocar,Part,,,,Plur,Masc,Pass,
refreado,refrear,Part,,,,Sing,Masc,Pass,
suscitada,suscitar,Part,,,,Sing,Fem,Pass,
acolha,acolhar,Fin,Sub,Pres,3,Sing,,,
Assinam,assinar,Fin,Ind,Pres,3,Plur,,,
Anestesiados,anestesiar,Part,,,,Plur,Masc,,
ganharmos,ganhar,Fin,Sub,Fut,1,Plur,,,
dispensar,dispensar,Inf,,,,,,,
indicado,indicar,Part,,,,,,,
escasseia,escassear,Fin,Ind,Pres,3,Sing,,,
enriqueceu,enriquecer,Fin,Ind,Past,3,Sing,,,
beliscou,beliscar,Fin,Ind,Past,3,Sing,,,
encapuçado,encapuçar,Part,,,,Sing,Masc,,
contestadas,contestar,Part,,,,Plur,Fem,Pass,
focados,focar,Part,,,,Plur,Masc,,
Apareceu,aparecer,Fin,Ind,Past,3,Sing,,,
institucionalizada,institucionalizar,Part,,,,Sing,Fem,,
cotada,cotado,Part,,,,Sing,Fem,Pass,
Terá,ter,Fin,Ind,Fut,3,Sing,,,
supervisionará,supervisionar,Fin,Ind,Fut,3,Sing,,,
Pertencia,pertencer,Fin,Ind,Imp,3,Sing,,,
empossam,empor,Fin,Ind,Pres,3,Plur,,,
selado,selar,Part,,,,Sing,Masc,,
contestado,contestar,Part,,,,Sing,Masc,Pass,
conquistam,conquistar,Fin,Ind,Pres,3,Plur,,,
fustigada,fustigar,Part,,,,Sing,Fem,,
Regressou,regressar,Fin,Ind,Past,3,Sing,,,
criámos,criar,Fin,Ind,Pres,1,Plur,,,
marcámos,marcar,Fin,Ind,Past,1,Plur,,,
resista,resistar,Fin,Sub,Pres,3,Sing,,,
Dou,dar,Fin,Ind,Past,1,Sing,,,
assolaram,assolar,Fin,Ind,Past,3,Plur,,,
desdramatiza,desdramatizar,Fin,Ind,Pres,3,Sing,,,
relançada,relançar,Part,,,,Sing,Fem,Pass,
Equilibrou,equilibrar,Fin,Ind,Past,3,Sing,,,
escaparam,escapar,Fin,Ind,Past,3,Plur,,,
embelezada,embelezar,Part,,,,Sing,Fem,Pass,
sentido,sentido,Part,,,,,,,
encontrámos,encontrar,Fin,Ind,Past,1,Plur,,,
reestruturado,reestruturar,Part,,,,Sing,Masc,,
perguntava,perguntar,Fin,Ind,Imp,3,Sing,,,
encontrei,encontrar,Fin,Ind,Past,1,Sing,,,
premeditado,premeditar,Part,,,,Sing,Masc,,
Surge,surgir,Fin,Ind,Pres,3,Sing,,,
pronunciou,pronunciar,Fin,Ind,Past,3,Sing,,,
erraram,errar,Fin,Ind,Past,3,Plur,,,
cansam,cansar,Fin,Ind,Pres,3,Plur,,,
Precisávamos,precisávar,Fin,Ind,Imp,1,Plur,,,
puxada,puxar,Part,,,,Sing,Fem,,
Soube,suubir,Fin,Ind,Past,1,Sing,,,
conhecíamos,conhecer,Fin,Ind,Past,1,Plur,,,
Gomo,gomar,Fin,Ind,Pres,1,Sing,,,
saberemos,saber,Fin,Ind,Fut,1,Plur,,,
amámos,amar,Fin,Ind,Pres,1,Plur,,,
rasteja,rastejar,Fin,Ind,Pres,3,Sing,,,
vislumbra,vislumbrar,Fin,Ind,Pres,3,Sing,,,
recriou,recriar,Fin,Ind,Past,3,Sing,,,
augura,augurar,Fin,Ind,Pres,3,Sing,,,
condicionadas,condicionar,Part,,,,Plur,Fem,Pass,
Damos,dar,Fin,Ind,Pres,1,Plur,,,
furtada,furtar,Part,,,,Sing,Fem,Pass,
Vêem,ver,Fin,Ind,Pres,3,Plur,,,
falaremos,falar,Fin,Ind,Pres,1,Plur,,,
tremeram,tremer,Fin,Ind,Past,3,Plur,,,
Avançou,avançar,Fin,Ind,Past,3,Sing,,,
dramatizou,dramatizar,Fin,Ind,Past,3,Sing,,,
derrotaram,derrotar,Fin,Ind,Past,3,Plur,,,
moderado,moderar,Part,,,,Sing,Masc,Pass,
repudiam,repudir,Fin,Ind,Pres,3,Plur,,,
semi-tratados,semi-tratar,Part,,,,Plur,Masc,,
vendido,vender,Part,,,,,,,
encerradas,encerrar,Part,,,,Plur,Fem,Pass,
Passeavam,passeavar,Fin,Ind,Imp,3,Plur,,,
desanuviado,desanuviar,Part,,,,Sing,Masc,,
desobedecido,desobedecer,Part,,,,,,,
caçando,caçar,Ger,,,,,,,
desconfiam,desconfir,Fin,Ind,Pres,3,Plur,,,
solicitam,solicitar,Fin,Ind,Pres,3,Plur,,,
tomavam,tomar,Fin,Ind,Imp,3,Plur,,,
vocalizam,vocalizar,Fin,Ind,Pres,3,Plur,,,
colaboravam,colaboravar,Fin,Ind,Imp,3,Plur,,,
incomoda,incomodar,Fin,Ind,Pres,3,Sing,,,
ERROU,errouar,Fin,Ind,Past,3,Sing,,,
PROCURA,procurar,Fin,Ind,Pres,3,Sing,,,
FINANCIA,financiar,Fin,Ind,Pres,3,Sing,,,
ESTÁ,estar,Fin,Ind,Pres,3,Sing,,,AUX
CHEGAR,chegar,Inf,,,,,,,
PEDALAM,pedalar,Fin,Ind,Pres,3,Plur,,,
ATINGE,atinger,Fin,Ind,Pres,3,Sing,,,
FAZEM,fazer,Fin,Ind,Pres,3,Plur,,,
FESTEJA,festear,Fin,Ind,Pres,3,Sing,,,
TÊM,trer,Fin,Ind,Pres,3,Plur,,,
inaugurado,inaugurar,Part,,,,Sing,Masc,,
APLAUDE,aplander,Fin,Ind,Pres,3,Sing,,,
VOTA,votar,Fin,Ind,Pres,3,Sing,,,
DENUNCIA,denunciar,Fin,Ind,Pres,3,Sing,,,
HÁ,haver,Fin,Ind,Pres,3,Sing,,,
COMEM,comer,Fin,Ind,Pres,3,Plur,,,
CHEGA,chegar,Fin,Ind,Pres,3,Sing,,,
GANHA,ganhar,Fin,Ind,Pres,3,Sing,,,
DECRETA,decretar,Fin,Ind,Pres,3,Sing,,,
CRIA,criar,Fin,Ind,Pres,3,Sing,,,
ARRANCA,arrancar,Fin,Ind,Pres,3,Sing,,,
MUDAM,mudar,Fin,Ind,Pres,3,Plur,,,
INVIABILIZA,inviarilisar,Fin,Ind,Pres,3,Sing,,,
AVANÇA,avanar,Fin,Ind,Pres,3,Sing,,,
musculada,muscular,Part,,,,Sing,Fem,,
bai,ir,Fin,Ind,Pres,1,Sing,,,
Reside,residir,Fin,Ind,Pres,3,Sing,,,
ser,ser,Inf,,,,,,,AUX
vizir-que-queria-ser-grão-vizir,vizir-que-queria-ser-grão-vizir,Inf,,,,,,,
Perdi,perder,Fin,Ind,Past,1,Sing,,,
aflorada,aflorar,Part,,,,Sing,Fem,Pass,
Existiu,existir,Fin,Ind,Past,3,Sing,,,
PASSEOU,passeouir,Fin,Ind,Past,3,Sing,,,
VENCE,vencer,Fin,Ind,Pres,3,Sing,,,
Devia,dever,Fin,Ind,Imp,3,Sing,,,
punisse,punizir,Fin,Sub,Pres,3,Sing,,,
juro,juro,Fin,Ind,Pres,1,Sing,,,
Concorda,concordar,Fin,Ind,Pres,3,Sing,,,
MOSTAR,mostar,Fin,Sub,Pres,3,Sing,,,
seremos,ser,Fin,Ind,Fut,1,Plur,,,
riu,rer,Fin,Ind,Past,3,Sing,,,
ri,rer,Fin,Ind,Pres,1,Sing,,,
cantássemos,cantar,Fin,Sub,Imp,1,Plur,,,
Chegavam,chegar,Fin,Ind,Imp,3,Plur,,,
licenciaram,licenciar,Fin,Ind,Imp,3,Plur,,,
reteve,retever,Fin,Ind,Past,3,Sing,,,
assinalados,assinalar,Part,,,,Plur,Masc,Pass,
PARTICIPOU,particico,Fin,Ind,Past,3,Sing,,,
OPERADO,operar,Part,,,,Sing,Masc,Pass,
ACELERA,acelerar,Fin,Ind,Pres,3,Sing,,,
ABSORVE,absorver,Fin,Ind,Pres,3,Sing,,,
ESTÁ,estar,Fin,Ind,Pres,3,Sing,,,
DEVIA,deviar,Fin,Ind,Imp,3,Sing,,,
TERMINAM,terminar,Fin,Ind,Pres,3,Plur,,,
APROVAM,aprovar,Fin,Ind,Pres,3,Plur,,,
PODERÃO,poder,Fin,Ind,Fut,3,Plur,,,
PERDER,perder,Inf,,,,,,,
AVISA,avisar,Fin,Ind,Pres,3,Sing,,,
ENVIA,enviar,Fin,Ind,Pres,3,Sing,,,
APOIA,apoiar,Fin,Ind,Pres,3,Sing,,,
PAGAVA,pagar,Fin,Ind,Imp,3,Sing,,,
RECUPERA,recucerar,Fin,Ind,Pres,3,Sing,,,
MORREM,morrer,Fin,Ind,Pres,3,Plur,,,
EXPERIMENTEI,experimentel,Fin,Ind,Past,1,Sing,,,
MANTÉM,manter,Fin,Ind,Pres,3,Sing,,,
REACENDE,reacender,Fin,Ind,Pres,3,Sing,,,
PODE,poder,Fin,Ind,Pres,3,Sing,,,
ACEITAM,aceitar,Fin,Ind,Pres,3,Plur,,,
escondia,esconder,Fin,Ind,Imp,3,Sing,,,
Adiantou,adiantar,Fin,Ind,Past,3,Sing,,,
debruçou,debruçar,Fin,Ind,Past,3,Sing,,,
revê,rever,Fin,Ind,Pres,3,Sing,,,
Teve,ter,Fin,Ind,Past,3,Sing,,,AUX
Gamei-o,gamei-ar,Fin,Ind,Pres,1,Sing,,,
NEGOCIAR,negociar,Inf,,,,,,,
PODERÃO,poder,Fin,Ind,Fut,3,Sing,,,
actualizado,actualizar,Part,,,,Sing,Masc,,
abordou,abordar,Fin,Ind,Past,3,Sing,,,
Desfalece,desfalecer,Fin,Ind,Pres,3,Sing,,,
reagiram,reagir,Fin,Ind,Past,3,Plur,,,
reabrir,reabrir,Inf,,,,,,,
encarada,encarar,Part,,,,Sing,Fem,Pass,
aprovava,aprovar,Fin,Ind,Imp,3,Sing,,,
insuspeitadas,insuspeitar,Part,,,,Plur,Fem,,
alastra,alastrar,Fin,Ind,Pres,3,Sing,,,
almejado,almejar,Part,,,,,,,
tinhas,ter,Fin,Ind,Imp,1,Plur,,,
sabes,saber,Fin,Ind,Pres,1,Sing,,,
sorrir,sorrir,Inf,,,,,,,
Beijinhos,beijinhar,Fin,Ind,Pres,1,Plur,,,
Desligaram,desligar,Fin,Ind,Past,3,Plur,,,
Tocara,tocar,Fin,Ind,Imp,3,Sing,,,
inquiriu,inquirir,Fin,Ind,Past,3,Sing,,,
embatucou,embatucar,Fin,Ind,Past,3,Sing,,,
rezou,rezar,Fin,Ind,Past,3,Sing,,,
acalmarem,acalmar,Fin,Sub,Fut,3,Plur,,,
inchados,inchar,Part,,,,Plur,Masc,,
congestionado,congestionar,Part,,,,Sing,Masc,,
Rodou,rodar,Fin,Ind,Past,3,Sing,,,
Tens,ter,Fin,Ind,Pres,1,Sing,,,
estampada,estampar,Part,,,,Sing,Fem,,
ficara,ficar,Fin,Cnd,,3,Sing,,,
vês,ver,Fin,Ind,Pres,1,Sing,,,
Experimenta,experimentar,Fin,Ind,Pres,3,Sing,,,
quiseres,querer,Fin,Ind,Pres,1,Sing,,,
Saio,sair,Fin,Ind,Pres,1,Sing,,,
Tenho,ter,Fin,Ind,Pres,1,Sing,,,AUX
acordaste,acordastar,Fin,Ind,Pres,3,Sing,,,
engasgou,engasgar,Fin,Ind,Past,3,Sing,,,
importo,importar,Fin,Ind,Pres,1,Sing,,,
esboçou,esboçar,Fin,Ind,Past,3,Sing,,,
Estuda,estudar,Fin,Ind,Pres,3,Sing,,,
Prometo,prometer,Fin,Ind,Pres,1,Sing,,,
cantado,cantar,Part,,,,Sing,Masc,Pass,
emigrou,emigrar,Fin,Ind,Past,3,Sing,,,
retorquiu,retorquir,Fin,Ind,Past,3,Sing,,,
Meti,meter,Fin,Ind,Past,1,Sing,,,
sabias,saber,Fin,Ind,Pres,1,Plur,,,
Dizem,Dizem,Fin,Ind,Pres,3,Plur,,,
percebes,percer,Fin,Ind,Pres,1,Plur,,,
Passava,passar,Fin,Ind,Imp,3,Sing,,,
namorar,namorar,Inf,,,,,,,
Acabei,acabar,Fin,Ind,Past,1,Sing,,,AUX
adormeceu,adormecer,Fin,Ind,Past,3,Sing,,,
adormecera,adormecer,Fin,Ind,Imp,3,Sing,,,
adorava,adorar,Fin,Ind,Imp,1,Sing,,,
aplaudiu,aplaudir,Fin,Ind,Past,3,Sing,,,
Queres,querer,Fin,Ind,Pres,1,Sing,,,
tens,ter,Fin,Ind,Pres,1,Plur,,,
terás,ter,Fin,Ind,Fut,1,Sing,,,
foste,fostar,Fin,Ind,Past,1,Sing,,,
visses,vir,Fin,Sub,Pres,1,Plur,,,
Podíamos,poder,Fin,Ind,Imp,1,Plur,,,
estacionou,estacionar,Fin,Ind,Past,3,Sing,,,
Acertei,acertar,Fin,Ind,Past,1,Sing,,,
estavas,estar,Fin,Ind,Imp,1,Plur,,,AUX
esboçando,esboçar,Ger,,,,,,,
redobrados,redobrar,Part,,,,Plur,Masc,,
percebo,perceber,Fin,Ind,Pres,1,Sing,,,
Sabes,saber,Fin,Ind,Pres,1,Sing,,,
ouviste,ouvistar,Fin,Ind,Pres,1,Sing,,,
erguida,erguir,Part,,,,Sing,Fem,,
decepcionaria,decepcionar,Fin,Ind,,3,Sing,,,
franziu,franzir,Fin,Ind,Past,3,Sing,,,
consolo,consolar,Fin,Ind,Pres,1,Sing,,,
fitando,fitar,Ger,,,,,,,
Tirei,tirar,Fin,Ind,Past,1,Sing,,,
redige,redigir,Fin,Ind,Pres,3,Sing,,,
recompensado,recompensar,Part,,,,Sing,Masc,Pass,
espiolhar,espiolhar,Inf,,,,,,,
sabes,saber,Fin,Ind,Pres,1,Plur,,,
viste,vistir,Fin,Ind,Pres,1,Sing,,,
Reconsiderou,reconsiderar,Fin,Ind,Past,3,Sing,,,
entrarmos,entrar,Inf,,,1,Plur,,,
Ferve,fervir,Fin,Ind,Pres,3,Sing,,,
congela,congelar,Fin,Ind,Pres,3,Sing,,,
imaginas,imaginar,Fin,Ind,Pres,1,Plur,,,
consolar,consolar,Inf,,,,,,,
Relatou,relatar,Fin,Ind,Past,3,Sing,,,
afligia,afligiar,Fin,Ind,Imp,3,Sing,,,
fico,ficar,Fin,Ind,Pres,1,Sing,,,AUX
Vivo,Vivo,Fin,Ind,Pres,1,Sing,,,
compenetrado,compenetrar,Part,,,,Sing,Masc,,
existisses,existir,Fin,Sub,Imp,3,Plur,,,
terias,ter,Fin,Cnd,,1,Plur,,,AUX
inventado,inventar,Part,,,,Sing,Masc,Pass,
corar,corar,Inf,,,,,,,
precisares,precisar,Fin,Ind,Pres,1,Plur,,,
Menciona,mencionar,Fin,Ind,Pres,3,Sing,,,
Concordas,concordar,Fin,Ind,Pres,1,Plur,,,
Justifica,justificar,Fin,Ind,Pres,3,Sing,,,
Refere,referir,Fin,Ind,Pres,3,Sing,,,
polinizadas,polinizar,Part,,,,Plur,Fem,,
enche,enchar,Fin,Ind,Pres,3,Sing,,,
sediado,sediar,Part,,,,Sing,Masc,Pass,
teceu,tecer,Fin,Ind,Past,3,Sing,,,
admira,admirar,Fin,Ind,Pres,3,Sing,,,
votará,votar,Fin,Ind,Fut,3,Sing,,,
abandonada,abandonar,Part,,,,Sing,Fem,Pass,
saldada,saldar,Part,,,,Sing,Fem,Pass,
adornavam,adornar,Fin,Ind,Imp,3,Plur,,,
desaprovou,desaprovar,Fin,Ind,Past,3,Sing,,,
aquiesceu,aquiescer,Fin,Ind,Past,3,Sing,,,
revelados,revelar,Part,,,,Plur,Masc,,
inventa,inventar,Fin,Ind,Pres,3,Sing,,,
mudaria,mudar,Fin,Cnd,,3,Sing,,,
providenciaria,providenciar,Fin,Cnd,,3,Sing,,,
derrubar,derrubar,Inf,,,3,Sing,,,
emitirá,emitir,Fin,Ind,Fut,3,Sing,,,
Tive,ter,Fin,Ind,Past,1,Sing,,,AUX
reatada,reatar,Part,,,,Sing,Fem,,
continuarem,continuar,Fin,Sub,Fut,3,Plur,,,AUX
encontrámos,encontrar,Fin,Ind,Pres,1,Plur,,,
desanexada,desanexar,Part,,,,Sing,Fem,,
repleta,repletar,Part,,,,Sing,Fem,,
zurziram,zurzir,Fin,Ind,Pres,3,Plur,,,
falharam,falhar,Fin,Ind,Past,3,Plur,,,
aperta,aprir,Fin,Ind,Pres,3,Sing,,,
perturba,perturbar,Fin,Ind,Pres,3,Sing,,,
rotulados,rotular,Part,,,,Plur,Masc,,
acabavam,acabar,Fin,Ind,Imp,3,Plur,,,AUX
promovidos,promover,Part,,,,Plur,Masc,,
jogámos,jogar,Fin,Ind,Pres,1,Plur,,,
personalizado,personalizar,Part,,,,Sing,Masc,Pass,
avançado,avançar,Part,,,,Sing,Masc,Pass,
desempenhei,desempenhar,Fin,Ind,Past,1,Sing,,,
estudava,estudar,Fin,Ind,Imp,3,Sing,,,
planeada,planear,Part,,,,Sing,Fem,,
proporcione,proporcionar,Fin,Sub,Pres,3,Sing,,,
Gostaríamos,gostar,Fin,Ind,Past,1,Plur,,,
mereça,merecer,Fin,Sub,Pres,3,Sing,,,
Propõe,propor,Fin,Ind,Pres,3,Sing,,,
Vendem,vender,Fin,Ind,Pres,3,Plur,,,
mudariam,mudar,Fin,Cnd,,3,Plur,,,
pediria,pedir,Fin,Cnd,,3,Sing,,,
despejado,despejar,Part,,,,Sing,Masc,,
espantado,espantar,Part,,,,Sing,Masc,,
Gostava,gostar,Fin,Ind,Imp,3,Sing,,,
subjugado,subjugar,Part,,,,Sing,Masc,,
infectasse,infectar,Fin,Sub,Imp,3,Sing,,,
arrumo,arrumar,Fin,Ind,Pres,1,Sing,,,
Consegue,conseguir,Fin,Ind,Pres,3,Sing,,,
Deixámos,deixar,Fin,Ind,Past,1,Plur,,,
condecorou,condecorar,Fin,Ind,Past,3,Sing,,,
moldar,moldar,Inf,,,,,,,
Preenche,preencher,Fin,Ind,Pres,3,Sing,,,
omita,omitar,Fin,Sub,Pres,3,Sing,,,
deturpe,deturpar,Fin,Sub,Pres,3,Sing,,,
perco,percar,Fin,Ind,Pres,1,Sing,,,
Vandalizaram,vandalizar,Fin,Ind,Past,3,Plur,,,
trocam,trocar,Fin,Ind,Pres,3,Plur,,,
agita,agitar,Fin,Ind,Pres,3,Sing,,,
representará,representar,Fin,Ind,Fut,3,Sing,,,
abundam,abondar,Fin,Ind,Pres,3,Plur,,,
entrega,entregar,Fin,Ind,Pres,3,Sing,Fem,,
Teme,temer,Fin,Ind,Pres,3,Sing,,,
Sacudindo,sacudir,Ger,,,,,,,
hipotecou,hipotecer,Fin,Ind,Past,3,Sing,,,
Deverei,dever,Fin,Ind,Fut,1,Sing,,,
editámos,editar,Fin,Ind,Past,1,Plur,,,
padronizar,padronizar,Inf,,,,,,,
exorbitando,exorbitar,Ger,,,,,,,
preenchidas,preencher,Part,,,,Plur,Fem,,
desvia,desvir,Fin,Ind,Pres,3,Sing,,,
deitar,deitar,Inf,,,,,,,
brinda,brizer,Fin,Ind,Pres,3,Sing,,,
suprimiram,suprimir,Fin,Ind,Past,3,Plur,,,
Demoliram,demolir,Fin,Ind,Past,3,Plur,,,
agitadas,agitar,Part,,,,Plur,Fem,,
Começámos,começar,Fin,Ind,Past,1,Plur,,,
ressuscita,ressuscitar,Fin,Ind,Pres,3,Sing,,,
assediar,assediar,Inf,,,,,,,
desmascarada,desmascarar,Part,,,,Sing,Fem,Pass,
Muda,mudar,Fin,Ind,Pres,3,Sing,,,
estipula,estipular,Fin,Ind,Pres,3,Sing,,,
sorri,sorrer,Fin,Ind,Pres,3,Sing,,,
sambar,sambar,Inf,,,,,,,
partilharam,partilhar,Fin,Ind,Past,3,Plur,,,
passear,passear,Inf,,,,,,,
atropelava,atropelar,Fin,Ind,Imp,3,Sing,,,
ousada,ousar,Part,,,,Sing,Fem,,
vencer,vencer,Fin,Sub,Fut,3,Sing,,,
calhou,calhar,Fin,Ind,Past,3,Sing,,,
Continua,continuar,Fin,Ind,Pres,3,Sing,,,
intermediados,intermediar,Part,,,,Plur,Masc,,
reduzidos,reduzir,Part,,,,Plur,Masc,Pass,
navega,navegar,Fin,Ind,Pres,3,Sing,,,
ameaçados,ameaçar,Part,,,,Plur,Masc,,
debelados,debelar,Part,,,,Plur,Masc,Pass,
cantará,cantar,Fin,Ind,Fut,3,Sing,,,
escamoteiam,escamoter,Fin,Ind,Pres,3,Plur,,,
marcarmos,marcar,Fin,Sub,Fut,1,Plur,,,
ganharmos,ganhar,Fin,Sub,Pres,1,Plur,,,
abala,abalar,Fin,Ind,Pres,3,Sing,,,
possuídos,possuir,Part,,,,Plur,Masc,,
editados,editar,Part,,,,Plur,Masc,,
mudado,mudar,Part,,,,,,,
dilacera,dilacer,Fin,Ind,Pres,3,Sing,,,
certificada,certificar,Part,,,,Sing,Fem,Pass,
riem,riar,Fin,Ind,Pres,3,Plur,,,
empatam,empatar,Fin,Ind,Pres,3,Plur,,,
ganhámos,ganhar,Fin,Ind,Pres,1,Plur,,,
rasgadas,rasgar,Part,,,,Plur,Fem,,
despejadas,despejar,Part,,,,Plur,Fem,Pass,
atraiam,atrair,Fin,Sub,Pres,3,Plur,,,
sediadas,sediado,Part,,,,Plur,Fem,,
asfixiada,asfixiar,Part,,,,Sing,Fem,,
despromovido,despromover,Part,,,,Sing,Masc,,
desvalorizado,desvalorizar,Part,,,,Sing,Masc,Pass,
apanhar,apanhar,Fin,Sub,Fut,3,Sing,,,
sobrevêm,sobrever,Fin,Ind,Pres,3,Plur,,,
lembrados,lembrar,Part,,,,Plur,Masc,Pass,
editámos,editar,Fin,Ind,Pres,1,Plur,,,
manipulado,manipular,Part,,,,Sing,Masc,Pass,
aguarde,aguardar,Fin,Sub,Pres,3,Sing,,,
mudavam,mudar,Fin,Ind,Imp,3,Plur,,,
legalizados,legalizar,Part,,,,Plur,Masc,,
Usava,usar,Fin,Ind,Imp,3,Sing,,,
cintadas,cintar,Part,,,,Plur,Fem,Pass,
agitavam,agitar,Fin,Ind,Imp,3,Plur,,,
inspiradas,inspirar,Part,,,,Plur,Fem,,
extremaram,extremar,Fin,Ind,Pres,3,Plur,,,
continuaram,continuar,Fin,Ind,Past,3,Plur,,,AUX
regidos,regidar,Part,,,,Plur,Masc,Pass,
agitam,agitar,Fin,Ind,Pres,3,Plur,,,
acabamos,acabar,Fin,Ind,Pres,1,Plur,,,AUX
Recuperados,recuperar,Part,,,,Plur,Masc,,
Tomar,Tomar,Inf,,,,,,,
Vivem,viver,Fin,Ind,Pres,3,Plur,,,
dói,dizer,Fin,Ind,Pres,3,Sing,,,
trocava,trocar,Fin,Ind,Imp,3,Sing,,,
estaciona,estacionar,Fin,Ind,Pres,3,Sing,,,
cozinhou,cozinhar,Fin,Ind,Past,3,Sing,,,
rasgam,rasgar,Fin,Ind,Pres,3,Plur,,,
revisto,rever,Part,,,,Sing,Masc,Pass,
incomodou,incomodar,Fin,Ind,Past,3,Sing,,,
entornava,entornar,Fin,Ind,Imp,3,Sing,,,
enterrou,enterrar,Fin,Ind,Past,3,Sing,,,
apostamos,apostar,Fin,Ind,Pres,1,Plur,,,
progredir,progredir,Inf,,,,,,,
transpareceu,transparecer,Fin,Ind,Past,3,Sing,,,
Sentiu,sentir,Fin,Ind,Past,3,Sing,,,
morrera,morrer,Fin,Ind,Imp,3,Sing,,,
atadas,atadar,Part,,,,Plur,Fem,,
adaptaram,adaptar,Fin,Ind,Past,3,Plur,,,
editar,editar,Inf,,,,,,,
pré-concebidas,pré-conceber,Part,,,,Plur,Fem,,
impossibilita,impossibilitar,Fin,Ind,Pres,3,Sing,,,
pudéssemos,pôder,Fin,Ind,Imp,1,Plur,,,
comprávamos,comprávar,Fin,Ind,Imp,1,Plur,,,
publicitadas,publicitar,Part,,,,Plur,Fem,,
benzidos,benzir,Part,,,,Plur,Masc,,
curar,curar,Inf,,,,,,,
meteu,meter,Fin,Ind,Past,3,Sing,,,
Decidiu,decidir,Fin,Ind,Past,3,Sing,,,
escrevem,escrever,Fin,Ind,Pres,3,Plur,,,
aguardamos,aguardar,Fin,Ind,Pres,1,Plur,,,
Percebo,perceber,Fin,Ind,Pres,1,Sing,,,
tutela,tutela,Fin,Ind,Pres,3,Sing,,,
barriquei,barricar,Fin,Ind,Pres,1,Sing,,,
despediu,despedir,Fin,Ind,Past,3,Sing,,,
Reúne,reunir,Fin,Ind,Pres,3,Sing,,,
ajardinada,ajardinar,Part,,,,Sing,Fem,,
liberalizados,liberalizar,Part,,,,Plur,Masc,Pass,
compram,comprir,Fin,Ind,Pres,3,Plur,,,
analisaremos,analisar,Fin,Ind,Fut,1,Plur,,,
decidiremos,decidir,Fin,Ind,Fut,1,Plur,,,
transformaram,transformar,Fin,Ind,Past,3,Plur,,,
plantava,plantar,Fin,Ind,Imp,3,Sing,,,
frequentaram,frequentar,Fin,Ind,Past,3,Plur,,,
entaladas,entalar,Part,,,,Plur,Fem,,
disparando,disparar,Ger,,,,,,,
contactada,contactar,Part,,,,Sing,Fem,Pass,
abasteciam,abastecer,Fin,Ind,Imp,3,Plur,,,
pousados,pousar,Part,,,,Plur,Masc,,
pronunciará,pronunciar,Fin,Ind,Fut,3,Sing,,,
desprendida,desprender,Part,,,,Sing,Fem,,
intensificam,intensificar,Fin,Ind,Pres,3,Plur,,,
confrontaram,confrontar,Fin,Ind,Past,3,Plur,,,
publicava,publicar,Fin,Ind,Imp,3,Sing,,,
ditava,ditar,Fin,Ind,Imp,3,Sing,,,
ocorrera,ocorrer,Fin,Ind,Imp,3,Sing,,,
Actuavam,actuar,Fin,Ind,Imp,3,Plur,,,
resumidas,resumir,Part,,,,Plur,Fem,Pass,
disparadas,disparar,Part,,,,Plur,Fem,Pass,
contrapunha,contraponhar,Fin,Ind,Imp,3,Sing,,,
Encheu,encher,Fin,Ind,Past,3,Sing,,,
eleita,eleger,Part,,,,Sing,Fem,Pass,
reeleger,reeleger,Inf,,,,,,,
demolido,demolir,Part,,,,,,,
Jantou,jantar,Fin,Ind,Past,3,Sing,,,
emergirá,emergir,Fin,Ind,Fut,3,Sing,,,
Ouve,ouvir,Fin,Ind,Pres,3,Sing,,,
Tinha,ter,Fin,Ind,Imp,3,Sing,,,AUX
nacionaliza,nacionalizar,Fin,Ind,Pres,3,Sing,,,
funde,fundir,Fin,Ind,Pres,3,Sing,,,
financiou,financiar,Fin,Ind,Past,3,Sing,,,
ensombram,ensombrar,Fin,Ind,Pres,3,Plur,,,
Critica,criticar,Fin,Ind,Pres,3,Sing,,,
souberes,saber,Fin,Sub,Pres,1,Plur,,,
restringido,restringir,Part,,,,Sing,Masc,Pass,
acabada,acabar,Part,,,,Sing,Fem,,
Passavam,passar,Fin,Ind,Imp,3,Plur,,,
chumbada,chumbar,Part,,,,Sing,Fem,Pass,
activado,activar,Part,,,,Sing,Masc,Pass,
desolado,desolar,Part,,,,Sing,Masc,,
Encerrou,encerrar,Fin,Ind,Past,3,Sing,,,
mantivessem,manter,Fin,Sub,Imp,3,Plur,,,
Sobrevivem,sobreviver,Fin,Ind,Pres,3,Plur,,,
afirmados,afirmar,Part,,,,Plur,Masc,,
Peploe,peploar,Fin,Ind,Pres,3,Sing,,,
Admitimos,admitir,Fin,Ind,Pres,1,Plur,,,
Iniciados,iniciar,Part,,,,Plur,Masc,,
apoiados,apoiar,Part,,,,Plur,Masc,Pass,
Diziam,dizer,Fin,Ind,Imp,3,Plur,,,
englobamos,englobar,Fin,Ind,Pres,1,Plur,,,
encomendar,encomendar,Inf,,,,,,,
retomadas,retomar,Part,,,,Plur,Fem,,
manifestavam,manifestar,Fin,Ind,Imp,3,Plur,,,
Aderiu,aderir,Fin,Ind,Past,3,Sing,,,
arrancam,arrancar,Fin,Ind,Pres,3,Plur,,,
fomentados,fomentar,Part,,,,Plur,Masc,Pass,
dignifique,dignificar,Fin,Sub,Pres,3,Sing,,,
Sofrem,sofrer,Fin,Ind,Pres,3,Plur,,,
chorei,chorar,Fin,Ind,Past,1,Sing,,,
rebentou,rebentar,Fin,Ind,Past,3,Sing,,,
registam,registar,Fin,Ind,Pres,3,Plur,,,
Promete,prometer,Fin,Ind,Pres,3,Sing,,,
cansava,cansar,Fin,Ind,Imp,3,Sing,,,
lambiam,lamber,Fin,Ind,Imp,3,Plur,,,
Foram,ser,Fin,Ind,Past,3,Plur,,,
reprimidas,reprimir,Part,,,,Plur,Fem,Pass,
gozam,gozar,Fin,Ind,Pres,3,Plur,,,
resistem,resistir,Fin,Ind,Pres,3,Plur,,,
paralisados,paralisar,Part,,,,Plur,Masc,,
Obtiveram,obter,Fin,Ind,Past,3,Plur,,,
renovam,renovar,Fin,Ind,Pres,3,Plur,,,
Apresentei,apresentar,Fin,Ind,Past,1,Sing,,,
entregando,entregar,Ger,,,,,,,
desapaixonadas,desapaixonar,Part,,,,Plur,Fem,,
Concordo,concordar,Fin,Ind,Pres,1,Sing,,,
Enfiei,enfiar,Fin,Ind,Past,1,Sing,,,
pariu,parir,Fin,Ind,Past,3,Sing,,,
Cura,curar,Fin,Ind,Pres,3,Sing,,,
assumia,assumir,Fin,Ind,Imp,3,Sing,,,
noticiada,noticiar,Part,,,,Sing,Fem,Pass,
repescadas,repescar,Part,,,,Plur,Fem,Pass,
informatizada,informatizar,Part,,,,Sing,Fem,,
mergulhou,mergulhar,Fin,Ind,Past,3,Sing,,,
molestados,molestar,Part,,,,Plur,Masc,Pass,
desconhecido,desconhecer,Part,,,,Sing,Masc,Pass,
metido,meter,Part,,,,,,,
despe,desper,Fin,Ind,Pres,3,Sing,,,
Vou,ir,Fin,Ind,Pres,1,Sing,,,
Fazem,fazer,Fin,Ind,Pres,3,Plur,,,
Devem,dever,Fin,Ind,Pres,3,Plur,,,
içada,içar,Part,,,,Sing,Fem,Pass,
dificultadas,dificultar,Part,,,,Plur,Fem,,
Preside,presidir,Fin,Ind,Pres,3,Sing,,,
mina,minar,Fin,Ind,Pres,3,Sing,,,
percebi,perceber,Fin,Ind,Past,1,Sing,,,
Cresceram,crescer,Fin,Ind,Past,3,Plur,,,
Funciona,funcionar,Fin,Ind,Pres,3,Sing,,,
tentamos,tentar,Fin,Ind,Pres,1,Plur,,,
evoluíram,evoluir,Fin,Ind,Imp,3,Plur,,,
afinam,afinar,Fin,Ind,Pres,3,Plur,,,
dialogar,dialogar,Inf,,,,,,,
dávamos,dar,Fin,Ind,Imp,1,Plur,,,
restavam,restavar,Fin,Ind,Imp,3,Plur,,,
desiludida,desiludir,Part,,,,Sing,Fem,,
sentados,sentar,Part,,,,Plur,Masc,,
queimaram,queimar,Fin,Ind,Past,3,Plur,,,
hastearam,hastear,Fin,Ind,Past,3,Plur,,,
contados,contar,Part,,,,Plur,Masc,Pass,
recontados,recontar,Part,,,,Plur,Masc,Pass,
calcinados,calcinar,Part,,,,Plur,Masc,,
acolheria,acolher,Fin,Ind,,3,Sing,,,
juncados,juncar,Part,,,,Plur,Masc,,
roubavam,roubar,Fin,Ind,Imp,3,Plur,,,
frequentam,frequentar,Fin,Ind,Pres,3,Plur,,,
Existiram,existir,Fin,Ind,Imp,3,Plur,,,
festejada,festejar,Part,,,,Sing,Fem,,
atribulada,atribular,Part,,,,Sing,Fem,,
cruzaram,cruzar,Fin,Ind,Past,3,Plur,,,
desafiam,desafiar,Fin,Ind,Pres,3,Plur,,,
interpôs,interpor,Fin,Ind,Past,3,Sing,,,
sucederia,suceder,Fin,Cnd,,3,Sing,,,
contactam,contactar,Fin,Ind,Pres,3,Plur,,,
estanca,estancar,Fin,Ind,Pres,3,Sing,,,
curam,curar,Fin,Ind,Pres,3,Plur,,,
lavam,laver,Fin,Ind,Pres,3,Plur,,,
aplaudiram,aplaudir,Fin,Ind,Past,3,Plur,,,
patrocinou,patrocinar,Fin,Ind,Past,3,Sing,,,
cifram,cifrar,Fin,Ind,Past,3,Plur,,,
inspirados,inspirar,Part,,,,Plur,Masc,Pass,
erigiu,erigir,Fin,Ind,Past,3,Sing,,,
comentada,comentar,Part,,,,Sing,Fem,,
gelei,geler,Fin,Ind,Past,1,Sing,,,
gostámos,gostar,Fin,Ind,Past,1,Plur,,,
varreram,varrer,Fin,Ind,Past,3,Plur,,,
Guardam,guardar,Fin,Ind,Pres,3,Plur,,,
defronta,defrontar,Fin,Ind,Pres,3,Sing,,,
Aumentavam,aumentar,Fin,Ind,Imp,3,Plur,,,
semear,semear,Inf,,,,,,,
pressupõe,pressupor,Fin,Ind,Pres,3,Sing,,,
enaltecer,enaltecer,Inf,,,,,,,
emigraram,emigrar,Fin,Ind,Past,3,Plur,,,
asseguramos,assegurar,Fin,Ind,Pres,1,Plur,,,
rodopiar,rodopiar,Inf,,,,,,,
reencontramos,reencontrar,Fin,Ind,Pres,1,Plur,,,
convocaremos,convocar,Fin,Ind,Pres,1,Plur,,,
Reteremos,reterir,Fin,Ind,Pres,1,Plur,,,
rejeitaremos,rejeitar,Fin,Ind,Pres,1,Plur,,,
abalará,abalar,Fin,Ind,Fut,3,Sing,,,
denunciadas,denunciar,Part,,,,Plur,Fem,Pass,
estagiando,estagiar,Ger,,,,,,,
guardei,guardar,Fin,Ind,Past,1,Sing,,,
mitificou,mitificar,Fin,Ind,Past,3,Sing,,,
Estivemos,estar,Fin,Ind,Past,1,Plur,,,AUX
Incriminados,incriminar,Part,,,,Plur,Masc,Pass,
Colhida,colher,Part,,,,Sing,Fem,,
projectada,projectar,Part,,,,Sing,Fem,,
retribuímos,retribuir,Fin,Ind,Pres,1,Plur,,,
rectificou,rectificar,Fin,Ind,Past,3,Sing,,,
declinar,declinar,Inf,,,,,,,
celebrada,celebrar,Part,,,,Sing,Fem,Pass,
estreiam,estrear,Fin,Ind,Pres,3,Plur,,,
partilham,partilhar,Fin,Ind,Pres,3,Plur,,,
Superados,superar,Part,,,,Plur,Masc,,
colorida,colorir,Part,,,,Sing,Fem,,
traído,trazer,Part,,,,Sing,Masc,Pass,
adiantadas,adiantar,Part,,,,Plur,Fem,,
imergimos,imergir,Fin,Ind,Pres,1,Plur,,,
emergimos,emerger,Fin,Ind,Pres,1,Plur,,,
prolongou,prolongar,Fin,Ind,Past,3,Sing,,,
aumentado,aumentar,Part,,,,,,,
Criticada,criticar,Part,,,,Sing,Fem,,
Adoram,adorar,Fin,Ind,Pres,3,Plur,,,
ajudassem,ajudar,Fin,Sub,Imp,3,Plur,,,
adiados,adiar,Part,,,,Plur,Masc,,
arriscámos,arriscar,Fin,Ind,Pres,1,Plur,,,
rasgada,rasgar,Part,,,,Sing,Fem,,
negligencia,negligenciar,Fin,Ind,Pres,3,Sing,,,
danificado,danificar,Part,,,,,,,
devolvidos,devolver,Part,,,,Plur,Masc,,
reconquistará,reconquistar,Fin,Ind,Fut,3,Sing,,,
libertado,libertar,Part,,,,Sing,Masc,,
aluiu,aluir,Fin,Ind,Past,3,Sing,,,
mergulharam,mergulhar,Fin,Ind,Past,3,Plur,,,
fendido,fender,Part,,,,Sing,Masc,,
sararam,sarar,Fin,Ind,Past,3,Plur,,,
nomeia,nomear,Fin,Ind,Pres,3,Sing,,,
evocará,evocar,Fin,Ind,Fut,3,Sing,,,
prestariam,prestar,Fin,Ind,Imp,3,Plur,,,
Agradeceu,agradecer,Fin,Ind,Past,3,Sing,,,
violada,violar,Part,,,,Sing,Fem,,
desfeitos,desfazer,Part,,,,Plur,Masc,,
arrancadas,arrancar,Part,,,,Plur,Fem,,
soubemos,sabor,Fin,Ind,Past,1,Plur,,,
pudemos,pôder,Fin,Ind,Past,1,Plur,,,
transaccionou,transaccionar,Fin,Ind,Past,3,Sing,,,
atingidas,atingir,Part,,,,Plur,Fem,,
morrem,morrer,Fin,Ind,Pres,3,Plur,,,
animada,animar,Part,,,,Sing,Fem,Pass,
apadrinhou,apadrinhar,Fin,Ind,Past,3,Sing,,,
Identificada,identificar,Part,,,,Sing,Fem,,
subsistia,subsistir,Fin,Ind,Pres,3,Sing,,,
arquivado,arquivar,Part,,,,Sing,Masc,Pass,
extintas,extingus,Part,,,,Plur,Fem,Pass,
envolveram,envolver,Fin,Ind,Past,3,Plur,,,
esteve,estevar,Fin,Ind,Past,3,Sing,,,AUX
ministrado,ministrar,Part,,,,Sing,Masc,Pass,
suspendem,suspender,Fin,Ind,Pres,3,Plur,,,
matava,matar,Fin,Ind,Imp,3,Sing,,,
atraíram-no,atraíram-nar,Fin,Ind,Pres,3,Plur,,,
Cancelou,cancelar,Fin,Ind,Past,3,Sing,,,
empunhando,empunhar,Ger,,,,,,,
antecederam,anteceder,Fin,Ind,Past,3,Plur,,,
deslocava,deslocar,Fin,Ind,Imp,3,Sing,,,
reconstruídos,reconstruir,Part,,,,Plur,Masc,,
Ocupa,ocupar,Fin,Ind,Pres,3,Sing,,,
Dei,dar,Fin,Ind,Past,1,Sing,,,
saltou,saltar,Fin,Ind,Past,3,Sing,,,
facilitada,facilitar,Part,,,,Sing,Fem,,
Era,ser,Fin,Ind,Imp,3,Sing,,,
auferia,auferir,Fin,Ind,Pres,3,Sing,,,
estimulado,estimular,Part,,,,Sing,Masc,Pass,
Chegam,chegar,Fin,Ind,Pres,3,Plur,,,
impendem,impender,Fin,Ind,Pres,3,Plur,,,
picam,picar,Fin,Ind,Pres,3,Plur,,,
mordem,morder,Fin,Ind,Pres,3,Plur,,,
Eliminou,eliminar,Fin,Ind,Past,3,Sing,,,
Atacou,atacar,Fin,Ind,Past,3,Sing,,,
exibidas,exibir,Part,,,,Plur,Fem,,
brilha,bril,Fin,Ind,Pres,3,Sing,,,
Vim,vir,Fin,Ind,Past,3,Sing,,,
evoluiria,evoluir,Fin,Cnd,Imp,3,Sing,,,
politizadas,politizar,Part,,,,Plur,Fem,,
segredada,segredar,Part,,,,Sing,Fem,,
delimitados,delimitar,Part,,,,Plur,Masc,,
seguirão,seguir,Fin,Ind,Fut,3,Plur,,,
vigia,vigir,Fin,Ind,Imp,3,Sing,,,
mantiver,manter,Fin,Sub,Fut,3,Sing,,,
desbloqueou,desbloquear,Fin,Ind,Past,3,Sing,,,
sonhado,sonhar,Part,,,,Sing,Masc,,
Consolado,consolar,Part,,,,Sing,Masc,,
servidos,servir,Part,,,,Plur,Masc,Pass,
servido,servir,Part,,,,Sing,Masc,Pass,
bafeja,bafejar,Fin,Ind,Pres,3,Sing,,,
falámos,falar,Fin,Ind,Pres,1,Plur,,,
filmadas,filmar,Part,,,,Plur,Fem,Pass,
fluir,fluir,Inf,,,,,,,
concretizada,concretizar,Part,,,,Sing,Fem,,
Esgrimem,esgrimir,Fin,Ind,Pres,3,Plur,,,
apelidadas,apelidar,Part,,,,Plur,Fem,Pass,
grave,gravar,Fin,Ind,Pres,3,Sing,,,
existiriam,existir,Fin,Cnd,,3,Plur,,,
vencidos,vencer,Part,,,,Plur,Masc,Pass,
insurreccionem,insurreccionar,Fin,Sub,Pres,3,Plur,,,
enchia,enchiar,Fin,Ind,Imp,3,Sing,,,
limito,limitar,Fin,Ind,Pres,1,Sing,,,
procuramos,procurar,Fin,Ind,Pres,1,Plur,,,
guiadas,guiar,Part,,,,Plur,Fem,,
completarão,completar,Fin,Ind,Fut,3,Plur,,,
consumado,consumar,Part,,,,Sing,Masc,,
Conheci,conhecer,Fin,Ind,Past,1,Sing,,,
repartirão,repartir,Fin,Ind,Pres,3,Plur,,,
contestadas,contestar,Part,,,,Plur,Fem,,
seleccionados,seleccionar,Part,,,,Plur,Masc,,
colhe,colhar,Fin,Ind,Pres,3,Sing,,,
estragado,estragar,Part,,,,Sing,Masc,,
Joga,jogar,Fin,Ind,Pres,3,Sing,,,
lamentam,lamentar,Fin,Ind,Pres,3,Plur,,,
viverem,viver,Inf,,,3,Plur,,,
salta,saltar,Fin,Ind,Pres,3,Sing,,,
redigido,redigir,Part,,,,Sing,Masc,Pass,
afecte,afectar,Fin,Sub,Pres,3,Sing,,,
íamos,ir,Fin,Ind,Imp,1,Plur,,,
cuidadoso,cuidar,Part,,,,Sing,Masc,Pass,
Defendemos,defender,Fin,Ind,Pres,1,Plur,,,
mantivemos,manter,Fin,Ind,Past,1,Plur,,,
ganhámos,ganhar,Fin,Ind,Past,1,Plur,,,
colhidos,colher,Part,,,,Plur,Masc,Pass,
agredidos,agredir,Part,,,,Plur,Masc,,
Tinhamos,ter,Fin,Ind,Imp,1,Plur,,,
sustentava,sustentar,Fin,Ind,Imp,3,Sing,,,
resignada,resignar,Part,,,,Sing,Fem,,
parecido,parecer,Part,,,,Sing,Masc,Pass,
socorrendo,socorrer,Ger,,,,,,,
estacionam,estacionar,Fin,Ind,Pres,3,Plur,,,
enviei,enviar,Fin,Ind,Past,1,Sing,,,
Faltaram,faltar,Fin,Ind,Past,3,Plur,,,
arruinado,arruinar,Part,,,,Sing,Masc,,
confrontado,confrontar,Part,,,,Sing,Masc,,
proclamam,proclamar,Fin,Ind,Pres,3,Plur,,,
ficar,ficar,Inf,,,,,,,AUX
estagnava,estagnar,Fin,Ind,Imp,3,Sing,,,
Sentirá,sentir,Fin,Ind,Fut,3,Sing,,,
experimentado,experimentar,Part,,,,Sing,Masc,Pass,
começarão,começar,Fin,Ind,Fut,3,Plur,,,
emergiram,emergir,Fin,Ind,Past,3,Plur,,,
reina,reinar,Fin,Ind,Pres,3,Sing,,,
rondará,rondar,Fin,Ind,Fut,3,Sing,,,
enunciadas,enunciar,Part,,,,Plur,Fem,Pass,
veiculadas,veicular,Part,,,,Plur,Fem,Pass,
escrevam,escrever,Fin,Sub,Pres,3,Plur,,,
apreciados,apreciar,Part,,,,Plur,Masc,,
Comecemos,comecer,Fin,Ind,Pres,1,Plur,,,
operadas,operar,Part,,,,Plur,Fem,,
atormentado,atormentar,Part,,,,Sing,Masc,,
Complicando,complicar,Ger,,,,,,,
Ouvimos,ouvir,Fin,Ind,Pres,1,Plur,,,
suplanta,suplantar,Fin,Ind,Pres,3,Sing,,,
isolando,isolar,Ger,,,,,,,
controlaram,controlar,Fin,Ind,Past,3,Plur,,,
negociadas,negociar,Part,,,,Plur,Fem,,
Determinou,determinar,Fin,Ind,Past,3,Sing,,,
intervirá,intervir,Fin,Ind,Fut,3,Sing,,,
Fundaram,fundar,Fin,Ind,Past,3,Plur,,,
lucram,lucrar,Fin,Ind,Pres,3,Plur,,,
adivinhar,adivinhar,Inf,,,,,,,
Resistiu,resistir,Fin,Ind,Past,3,Sing,,,
combatido,combater,Part,,,,Sing,Masc,Pass,
trocados,trocar,Part,,,,Plur,Masc,,
advoga,advogar,Fin,Ind,Pres,3,Sing,,,
cedida,cedir,Part,,,,Sing,Fem,,
enganados,enganar,Part,,,,Plur,Masc,Pass,
adiam,adiar,Fin,Ind,Pres,3,Plur,,,
dissemos,dizer,Fin,Ind,Past,1,Plur,,,
solicitámos,solicitar,Fin,Ind,Pres,1,Plur,,,
transmitisse,transmitir,Fin,Sub,Imp,3,Sing,,,
nevou,nevar,Fin,Ind,Past,3,Sing,,,
Marcou,marcar,Fin,Ind,Past,3,Sing,,,
Falaram,falar,Fin,Ind,Past,3,Plur,,,
adiadas,adiar,Part,,,,Plur,Fem,Pass,
Vendeu,vender,Fin,Ind,Past,3,Sing,,,
escancaradas,escancar,Part,,,,Plur,Fem,Pass,
alcançaremos,alcançar,Fin,Ind,Fut,1,Plur,,,
questionámos,questionar,Fin,Ind,Pres,1,Plur,,,
interroga,interrogar,Fin,Ind,Pres,3,Sing,,,
Inventei,inventar,Fin,Ind,Past,1,Sing,,,
inventei,inventar,Fin,Ind,Past,1,Sing,,,
significaria,significar,Fin,Cnd,,3,Sing,,,
arriscam,arriscar,Fin,Ind,Pres,3,Plur,,,
adoptámos,adoptar,Fin,Ind,Pres,1,Plur,,,
Continua,continuar,Fin,Ind,Pres,3,Sing,,,AUX
apreciava,apreciar,Fin,Ind,Imp,3,Sing,,,
duvidar,duvidar,Inf,,,,,,,
figurava,figurar,Fin,Ind,Imp,3,Sing,,,
recentrou,recentrar,Fin,Ind,Past,3,Sing,,,
sobressaltar,sobressaltar,Inf,,,,,,,
documentada,documentar,Part,,,,Sing,Fem,,
admitidas,admitir,Part,,,,Plur,Fem,,
ultimam,ultimar,Fin,Ind,Pres,3,Plur,,,
estimulava,estimular,Fin,Ind,Imp,3,Sing,,,
requisitados,requisitar,Part,,,,Plur,Masc,,
destacados,destacado,Part,,,,Plur,Masc,,
baixam,baixar,Fin,Ind,Pres,3,Plur,,,
centrar,centrar,Inf,,,,,,,
Frustrado,frustrar,Part,,,,Sing,Masc,,
assistimos,assistir,Fin,Ind,Pres,1,Plur,,,
interrogados,interrogar,Part,,,,Plur,Masc,,
contactado,contactar,Part,,,,Sing,Masc,Pass,
afinaram,afinar,Fin,Ind,Past,3,Plur,,,
conduzir,conduzir,Fin,Sub,Fut,3,Sing,,,
dou,dar,Fin,Ind,Past,1,Sing,,,
aumentadas,aumentar,Part,,,,Plur,Fem,,
alienadas,alienar,Part,,,,Plur,Fem,,
cotadas,cotar,Part,,,,Plur,Fem,Pass,
Canta,cantar,Fin,Ind,Pres,3,Sing,,,
efectuadas,efectuar,Part,,,,Plur,Fem,Pass,
aguentou,aguentar,Fin,Ind,Past,3,Sing,,,
previam,prever,Fin,Ind,Imp,3,Plur,,,
prejudicada,prejudicar,Part,,,,Sing,Fem,Pass,
fecham,fechar,Fin,Ind,Pres,3,Plur,,,
Comecei,começar,Fin,Ind,Past,1,Sing,,,AUX
renasce,renascer,Fin,Ind,Pres,3,Sing,,,
estejam,estar,Fin,Sub,Pres,3,Plur,,,AUX
Comprovava,comprovar,Fin,Ind,Imp,3,Sing,,,
garantirão,garantir,Fin,Ind,Fut,3,Plur,,,
apanhou,apanhar,Fin,Ind,Past,3,Sing,,,
Vive,viver,Fin,Ind,Pres,3,Sing,,,
Significam,significar,Fin,Ind,Pres,3,Plur,,,
mantivessemos,manter,Fin,Sub,Imp,3,Plur,,,
corrompidos,corromper,Part,,,,Plur,Masc,Pass,
desaguam,desaguar,Fin,Ind,Pres,3,Plur,,,
Começámos,começar,Fin,Ind,Past,1,Plur,,,AUX
Irei,ir,Fin,Ind,Pres,1,Sing,,,
Procuravam,procurar,Fin,Ind,Imp,3,Plur,,,
paravam,parar,Fin,Ind,Imp,3,Plur,,,
cheiram,cheirar,Fin,Ind,Pres,3,Plur,,,
Encaramos,encarar,Fin,Ind,Pres,1,Plur,,,
percebam,perceber,Fin,Sub,Pres,3,Plur,,,
assentar,assentar,Inf,,,,,,,
reviver,reviver,Inf,,,,,,,
dirigidos,dirigir,Part,,,,Plur,Masc,Pass,
chegados,chegar,Part,,,,Plur,Masc,,
viajaram,viajar,Fin,Ind,Past,3,Plur,,,
corri,correr,Fin,Ind,Past,1,Sing,,,
calaram,calar,Fin,Ind,Past,3,Plur,,,
dizes,dizer,Fin,Ind,Pres,1,Plur,,,
continuava,continuar,Fin,Ind,Imp,3,Sing,,,AUX
Soltou,soltar,Fin,Ind,Past,3,Sing,,,
cometemos,cometer,Fin,Ind,Pres,1,Plur,,,
visitada,visitar,Part,,,,Sing,Fem,Pass,
acolhida,acolher,Part,,,,Sing,Fem,Pass,
sobrarem,sobrar,Fin,Sub,Fut,3,Plur,,,
visavam,visar,Fin,Ind,Imp,3,Plur,,,
passados,passar,Part,,,,Plur,Masc,Pass,
emparedado,emparedar,Part,,,,Sing,Masc,,
almoça,almoçar,Fin,Ind,Pres,3,Sing,,,
Continuamos,continuar,Fin,Ind,Pres,1,Plur,,,AUX
infectem,infectir,Fin,Sub,Pres,3,Plur,,,
comentasse,comentar,Fin,Sub,Imp,3,Sing,,,
movimentados,movimentar,Part,,,,Plur,Masc,,
licenciados,licenciado,Part,,,,Plur,Masc,,
delineado,delinear,Part,,,,Sing,Masc,Pass,
avisámos,avisar,Fin,Ind,Pres,1,Plur,,,
procederá,proceder,Fin,Ind,Fut,3,Sing,,,
inesperados,inesperar,Part,,,,Plur,Masc,,
reassumiu,reassumir,Fin,Ind,Past,3,Sing,,,
perdermos,perder,Fin,Sub,Fut,1,Plur,,,
dissemos,dizer,Fin,Ind,Pres,1,Plur,,,
contabilizadas,contabilizar,Part,,,,Plur,Fem,,
bisarão,bisar,Fin,Ind,,3,Sing,,,
impunham,impor,Fin,Ind,Imp,3,Plur,,,
danifica,danificar,Fin,Ind,Pres,3,Sing,,,
Enviou,enviar,Fin,Ind,Past,3,Sing,,,
beneficiado,beneficiar,Part,,,,Sing,Masc,Pass,
privatiza,privatizar,Fin,Ind,Pres,3,Sing,,,
agrava,agravar,Fin,Ind,Pres,3,Sing,,,
Distribuidos,distribuir,Part,,,,Plur,Masc,,
povoada,povoar,Part,,,,Sing,Fem,,
Entrámos,entrar,Fin,Ind,Past,1,Plur,,,
desempenhado,desempenhar,Part,,,,,,,
montara,montar,Fin,Ind,Imp,3,Sing,,,
multiplicou,multiplicar,Fin,Ind,Past,3,Sing,,,
marcava,marcar,Fin,Ind,Imp,3,Sing,,,
vagueou,vaguear,Fin,Ind,Past,3,Sing,,,
Vieram,vir,Fin,Ind,Past,3,Plur,,,
accionado,accionar,Part,,,,Sing,Masc,,
Estão,estar,Fin,Ind,Pres,3,Plur,,,AUX
reinstalado,reinstalar,Part,,,,Sing,Masc,Pass,
choca,chocar,Fin,Ind,Pres,3,Sing,,,
apaixonar,apaixonar,Inf,,,,,,,
abandonando,abandonar,Ger,,,,,,,
inacabado,inacabar,Part,,,,Sing,Masc,,
atraídos,atrair,Part,,,,Plur,Masc,Pass,
encantou,encantar,Fin,Ind,Past,3,Sing,,,
Compensando,compensar,Ger,,,,,,,
afastava,afastar,Fin,Ind,Imp,3,Sing,,,
ensinada,ensinar,Part,,,,Sing,Fem,Pass,
atemorizar,atemorizar,Inf,,,,,,,
encantaram,encantar,Fin,Ind,Pres,3,Plur,,,
Liderávamos,liderár,Fin,Ind,Pres,1,Plur,,,
acabámos,acabar,Fin,Ind,Past,1,Plur,,,AUX
escolhiam,escolher,Fin,Ind,Imp,3,Plur,,,
abundavam,abundar,Fin,Ind,Imp,3,Plur,,,
hospitalizado,hospitalizar,Part,,,,Sing,Masc,,
presidirá,presidir,Fin,Ind,Fut,3,Sing,,,
Nomeando,nomear,Ger,,,,,,,
tapado,tapar,Part,,,,Sing,Masc,Pass,
estive,estar,Fin,Ind,Past,1,Sing,,,AUX
traduziu,traduzir,Fin,Ind,Past,3,Sing,,,
atribuirá,atribuir,Fin,Ind,Fut,3,Sing,,,
assinalará,assinalar,Fin,Ind,Fut,3,Sing,,,
Caíram,cair,Fin,Ind,Past,3,Plur,,,
providenciaram,providenciar,Fin,Ind,Past,3,Plur,,,
rondou,rondar,Fin,Ind,Past,3,Sing,,,
prosseguida,prosseguir,Part,,,,Sing,Fem,Pass,
rebentar,rebentar,Fin,Sub,Fut,3,Sing,,,
selecciona,seleccionar,Fin,Ind,Pres,3,Sing,,,
fraqueja,fraquejar,Fin,Ind,Pres,3,Sing,,,
candidatam,candidatar,Fin,Ind,Pres,3,Plur,,,
arrebatada,arrebatar,Part,,,,Sing,Fem,,
apertam,aprir,Fin,Ind,Pres,3,Plur,,,
invocados,invocar,Part,,,,Plur,Masc,Pass,
pronuncia,pronunciar,Fin,Ind,Pres,3,Sing,,,
Encontra,encontrar,Fin,Ind,Pres,3,Sing,,,
cansado,cansado,Part,,,,Sing,Masc,,
documentam,documentar,Fin,Ind,Pres,3,Plur,,,
favorecidas,favorecer,Part,,,,Plur,Fem,,
disputavam,disputar,Fin,Ind,Imp,3,Plur,,,
Constituem,constituir,Fin,Ind,Pres,3,Plur,,,
Saberá,saber,Fin,Ind,Fut,3,Sing,,,
chefia,cheferir,Fin,Ind,Pres,3,Sing,,,
habitado,habitar,Part,,,,Sing,Masc,,
realojados,realojar,Part,,,,Plur,Masc,Pass,
agitar,agitar,Inf,,,,,,,
acataram,acatar,Fin,Ind,Past,3,Plur,,,
Devíamos,dever,Fin,Ind,Imp,1,Plur,,,
sobrevoava,sobrevoar,Fin,Ind,Imp,3,Sing,,,
Frequentou,frequentar,Fin,Ind,Past,3,Sing,,,
animarão,animar,Fin,Ind,Pres,3,Plur,,,
desqualificada,desqualificar,Part,,,,Sing,Fem,,
encenam,encenar,Fin,Ind,Pres,3,Plur,,,
defrontou,defrontar,Fin,Ind,Past,3,Sing,,,
assobiavam,assobiar,Fin,Ind,Imp,3,Plur,,,
ratificaram,ratificar,Fin,Ind,Past,3,Plur,,,
conservam,conservar,Fin,Ind,Pres,3,Plur,,,
festeja,festejar,Fin,Ind,Pres,3,Sing,,,
medalhada,medalhar,Part,,,,Sing,Fem,,
encurtada,encurtar,Part,,,,Sing,Fem,Pass,
engrossam,engrossar,Fin,Ind,Pres,3,Plur,,,
corrigidas,corrigir,Part,,,,Plur,Fem,Pass,
detecta,detectar,Fin,Ind,Pres,3,Sing,,,
arrendados,arrendar,Part,,,,Plur,Masc,,
laborou,laborar,Fin,Ind,Past,3,Sing,,,
requerida,requerer,Part,,,,Sing,Fem,Pass,
esfaqueia,esfaquelar,Fin,Ind,Pres,3,Sing,,,
recusada,recusar,Part,,,,Sing,Fem,Pass,
requeri,requerer,Fin,Ind,Past,1,Sing,,,
atenuada,atenuar,Part,,,,Sing,Fem,Pass,
dilacerados,dilacerar,Part,,,,Plur,Masc,,
Exige,exigir,Fin,Ind,Pres,3,Sing,,,
relatava,relatar,Fin,Ind,Imp,3,Sing,,,
existirá,existir,Fin,Ind,Fut,3,Sing,,,
construído,construir,Part,,,,,,,
andará,andar,Fin,Ind,Fut,3,Sing,,,
iriam,ir,Fin,Cnd,,3,Plur,,,
reflectida,reflectir,Part,,,,Sing,Fem,,
encarcerados,encarcerar,Part,,,,Plur,Masc,Pass,
ajardinados,ajardinar,Part,,,,Plur,Masc,,
ilustrou,ilustrar,Fin,Ind,Past,3,Sing,,,
lavram,lavrar,Fin,Ind,Pres,3,Plur,,,
profissionalizada,profissionalizar,Part,,,,Sing,Fem,,
aperfeiçoam,aperfeiçoar,Fin,Ind,Pres,3,Plur,,,
Prometeu,prometer,Fin,Ind,Past,3,Sing,,,
apostará,apostar,Fin,Ind,Fut,3,Sing,,,
processou,processar,Fin,Ind,Past,3,Sing,,,
absorve,absorver,Fin,Ind,Pres,3,Sing,,,
destapada,destapar,Part,,,,Sing,Fem,Pass,
Apaparicam,apaparicar,Fin,Ind,Pres,3,Plur,,,
atracam,atracar,Fin,Ind,Pres,3,Plur,,,
alisadas,alisar,Part,,,,Plur,Fem,,
desdramatizaram,desdramatizar,Fin,Ind,Past,3,Plur,,,
desiludiu,desiludir,Fin,Ind,Past,3,Sing,,,
albergará,albergar,Fin,Ind,Fut,3,Sing,,,
dobrará,dobrar,Fin,Ind,Fut,3,Sing,,,
servidas,servir,Part,,,,Plur,Fem,Pass,
melhoram,melhor,Fin,Ind,Pres,3,Plur,,,
repararam,reparar,Fin,Ind,Past,3,Plur,,,
dissipou,dissipar,Fin,Ind,Past,3,Sing,,,
supreendeu,supreender,Fin,Ind,Past,3,Sing,,,
corroborado,corroborar,Part,,,,Sing,Masc,Pass,
Citamos,citar,Fin,Ind,Pres,1,Plur,,,
programados,programar,Part,,,,Plur,Masc,,
arrancaram,arrancar,Fin,Ind,Past,3,Plur,,,
condenam,condenar,Fin,Ind,Pres,3,Plur,,,
ouviram,ouvir,Fin,Ind,Past,3,Plur,,,
sacrificou,sacrificar,Fin,Ind,Past,3,Sing,,,
parava,parar,Fin,Ind,Imp,3,Sing,,,
Mantenho,manter,Fin,Ind,Pres,1,Sing,,,
exorcizam,exorcizar,Fin,Ind,Pres,3,Plur,,,
governados,governar,Part,,,,Plur,Masc,Pass,
note,notar,Fin,Sub,Pres,3,Sing,,,
boicotam,boicotar,Fin,Ind,Pres,3,Plur,,,
superpreenchido,superpreencher,Part,,,,Sing,Masc,Pass,
denunciam,denunciar,Fin,Ind,Pres,3,Plur,,,
facturou,facturar,Fin,Ind,Past,3,Sing,,,
Trouxeram,trazer,Fin,Ind,Past,3,Plur,,,
desajeitada,desajeitar,Part,,,,Sing,Fem,,
acordarão,acordar,Fin,Ind,Pres,3,Plur,,,
higienizados,higienizar,Part,,,,Plur,Masc,,
alertados,alertar,Part,,,,Plur,Masc,,
olho,olho,Fin,Ind,Pres,1,Sing,,,
permanecerem,permanecer,Fin,Sub,Fut,3,Plur,,,
obterão,obter,Fin,Ind,Fut,3,Plur,,,
Saímos,sair,Fin,Ind,Pres,1,Plur,,,
compreendido,compreender,Part,,,,,,,
simulava,simular,Fin,Ind,Imp,3,Sing,,,
actuam,actuar,Fin,Ind,Pres,3,Plur,,,
Limpam,limpar,Fin,Ind,Pres,3,Plur,,,
indeferido,indeferir,Part,,,,Sing,Masc,Pass,
brincara,brincar,Fin,Ind,Imp,3,Sing,,,
incendiara,incendiar,Fin,Ind,Imp,3,Sing,,,
requintado,requintar,Part,,,,Sing,Masc,,
Conhecemos,conhecer,Fin,Ind,Pres,1,Plur,,,
documenta,documentar,Fin,Ind,Pres,3,Sing,,,
mereceriam,merecer,Fin,Cnd,,3,Plur,,,
recomposto,recompor,Part,,,,Sing,Masc,,
enxuga,enxugar,Fin,Ind,Pres,3,Sing,,,
obrigados,obrigar,Part,,,,Plur,Masc,,
evitarão,evitar,Fin,Ind,Fut,3,Plur,,,
baixavam,baixar,Fin,Ind,Imp,3,Plur,,,
mudava,mudar,Fin,Ind,Imp,3,Sing,,,
Nasce,nascer,Fin,Ind,Pres,3,Sing,,,
cerrada,cerrar,Part,,,,Sing,Fem,Pass,
afectá-lo,afectá-lar,Inf,,,,,,,
ouvimos,ouvir,Fin,Ind,Pres,1,Plur,,,
desmotivar,desmotivar,Inf,,,,,,,
contemplando,contemplar,Ger,,,,,,,
avistámos,avistar,Fin,Ind,Imp,1,Plur,,,
deitava,deitar,Fin,Ind,Imp,3,Sing,,,
confessava,confessar,Fin,Ind,Imp,3,Sing,,,
Aumentam,aumentar,Fin,Ind,Pres,3,Plur,,,
servimos,servir,Fin,Ind,Pres,1,Plur,,,
constava,constar,Fin,Ind,Imp,3,Sing,,,
reconheço,reconhecer,Fin,Ind,Pres,1,Sing,,,
equacionadas,equacionar,Part,,,,Plur,Fem,,
lucrar,lucrar,Inf,,,,,,,
derrotando,derrotar,Ger,,,,,,,
comparticipar,comparticipar,Inf,,,,,,,
Podia,poder,Fin,Ind,Imp,3,Sing,,,
Anda,andar,Fin,Ind,Pres,3,Sing,,,
difundida,difundir,Part,,,,Sing,Fem,Pass,
sida,sida,Part,,,,,,,
potencia,potencer,Fin,Ind,Pres,3,Sing,,,
vigie,vigir,Fin,Sub,Pres,3,Sing,,,
selados,selar,Part,,,,Plur,Masc,Pass,
combatida,combater,Part,,,,Sing,Fem,Pass,
avançará,avançar,Fin,Ind,Fut,3,Sing,,,
Gostam,gostar,Fin,Ind,Pres,3,Plur,,,
esquecem,esquecer,Fin,Ind,Pres,3,Plur,,,
recheados,rechear,Part,,,,Plur,Masc,,
aumentarão,aumentar,Fin,Ind,Fut,3,Plur,,,
melhorada,melhorar,Part,,,,Sing,Fem,Pass,
alegava,alegar,Fin,Ind,Imp,3,Sing,,,
esgotaram,esgotar,Fin,Ind,Past,3,Plur,,,
esgota,esgotar,Fin,Ind,Pres,3,Sing,,,
traiu,trazer,Fin,Ind,Past,3,Sing,,,
encapelado,encapelar,Part,,,,Sing,Masc,,
devolvida,devolver,Part,,,,Sing,Fem,Pass,
esfaqueou,esfaquear,Fin,Ind,Past,3,Sing,,,
Regressam,regressar,Fin,Ind,Pres,3,Plur,,,
sãos,ser,Fin,Ind,Pres,3,Plur,,,
apoiamos,apoiar,Fin,Ind,Pres,1,Plur,,,
assedia,assedir,Fin,Ind,Pres,3,Sing,,,
arrendada,arrendar,Part,,,,Sing,Fem,Pass,
recrutadas,recrutar,Part,,,,Plur,Fem,Pass,
violadas,violar,Part,,,,Plur,Fem,,
alugados,alugar,Part,,,,Plur,Masc,,
gravadas,gravar,Part,,,,Plur,Fem,Pass,
estacionadas,estacionar,Part,,,,Plur,Fem,,
ocultado,ocultar,Part,,,,,,,
procedesse,proceder,Fin,Sub,Imp,3,Sing,,,
saio,sair,Fin,Ind,Pres,1,Sing,,,
inviabilizaram,inviabilizar,Fin,Ind,Past,3,Plur,,,
baralham,baralhar,Fin,Ind,Pres,3,Plur,,,
assinadas,assinar,Part,,,,Plur,Fem,,
travaram,travar,Fin,Ind,Past,3,Plur,,,
brilhar,brilhar,Inf,,,,,,,
comprometidos,comprometer,Part,,,,Plur,Masc,,
convidados,convidar,Part,,,,Plur,Masc,,
actuarão,actuar,Fin,Ind,Fut,3,Plur,,,
puniu,punir,Fin,Ind,Past,3,Sing,,,
Iniciaram,iniciar,Fin,Ind,Past,3,Plur,,,
frequentados,frequentar,Part,,,,Plur,Masc,,
Continuam,continuar,Fin,Ind,Pres,3,Plur,,,AUX
apurados,apurar,Part,,,,Plur,Masc,Pass,
infligida,infligir,Part,,,,Sing,Fem,Pass,
financia,financiar,Fin,Ind,Pres,3,Sing,,,
recordado,recordar,Part,,,,Sing,Masc,Pass,
Montou,montar,Fin,Ind,Past,3,Sing,,,
acontecerão,acontecer,Fin,Ind,Fut,3,Plur,,,
curta,curto,Fin,Ind,Pres,3,Sing,,,
desperdiçaram,desperdiçar,Fin,Ind,Past,3,Plur,,,
remontam,remontar,Fin,Ind,Past,3,Plur,,,
afortunado,afortunar,Part,,,,Sing,Masc,,
devolvido,devolver,Part,,,,Sing,Masc,Pass,
Quis,querer,Fin,Ind,Past,1,Sing,,,
recebemos,receber,Fin,Ind,Pres,1,Plur,,,
comentadas,comentar,Part,,,,Plur,Fem,,
Admite,admitir,Fin,Ind,Pres,3,Sing,,,
desproporcionada,desproporcionar,Part,,,,Sing,Fem,,
arquivada,arquivar,Part,,,,Sing,Fem,,
Declarou,declarar,Fin,Ind,Past,3,Sing,,,
cultivado,cultivar,Part,,,,Sing,Masc,Pass,
escusado,escusar,Part,,,,Sing,Masc,,
tremer,tremer,Inf,,,,,,,
Sofreu,sofrer,Fin,Ind,Past,3,Sing,,,
velejar,velejar,Inf,,,,,,,
veleja,veler,Fin,Ind,Pres,3,Sing,,,
Dirige,dirigir,Fin,Ind,Pres,3,Sing,,,
regavam,regar,Fin,Ind,Past,3,Plur,,,
encravado,encravar,Part,,,,Sing,Masc,,
Roubado,roubar,Part,,,,Sing,Masc,,
dobram,dobrar,Fin,Ind,Pres,3,Plur,,,
Determinam,determinar,Fin,Ind,Pres,3,Plur,,,
executamos,executar,Fin,Ind,Pres,1,Plur,,,
aparecesse,aparecer,Fin,Sub,Imp,3,Sing,,,
reagia,reagiar,Fin,Ind,Imp,3,Sing,,,
extradita,extraditar,Fin,Ind,Pres,3,Sing,,,
enchem,enchar,Fin,Ind,Pres,3,Plur,,,
bloqueiam,bloquear,Fin,Ind,Pres,3,Plur,,,
afectadas,afectar,Part,,,,Plur,Fem,,
encenou,encenar,Fin,Ind,Past,3,Sing,,,
continuo,continuar,Fin,Ind,Pres,1,Sing,,,AUX
ditarão,ditar,Fin,Ind,,3,Plur,,,
inesperado,inesperado,Part,,,,Sing,Masc,Pass,
distribuído,distribuir,Part,,,,Sing,Masc,,
preferido,preferido,Part,,,,Sing,Masc,,
aplaude,aplaudar,Fin,Ind,Pres,3,Sing,,,
formalizada,formalizar,Part,,,,Sing,Fem,Pass,
começámos,começar,Fin,Ind,Past,1,Plur,,,
bastariam,bastar,Fin,Cnd,,3,Plur,,,
recrudesce,recrudescer,Fin,Ind,Pres,3,Sing,,,
antecipadas,antecipar,Part,,,,Plur,Fem,Pass,
assolapada,assolapar,Part,,,,Sing,Fem,,
segredado,segredar,Part,,,,Sing,Masc,,
afectadas,afectar,Part,,,,Plur,Fem,Pass,
abanam,abanar,Fin,Ind,Pres,3,Plur,,,
Venceremos,vencer,Fin,Ind,Pres,1,Plur,,,
traziam,trazer,Fin,Ind,Imp,3,Plur,,,
Viu,ver,Fin,Ind,Past,3,Sing,,,
asseguraram,assegurar,Fin,Ind,Past,3,Plur,,,
semeou,semear,Fin,Ind,Past,3,Sing,,,
Virá,vir,Fin,Ind,Fut,3,Sing,,,
deveremos,dever,Fin,Ind,Fut,1,Plur,,,
Chegarei,chegar,Fin,Ind,Pres,1,Sing,,,
Salientamos,salientar,Fin,Ind,Pres,1,Plur,,,
defendemos,defender,Fin,Ind,Pres,1,Plur,,,
contaminou,contaminar,Fin,Ind,Past,3,Sing,,,
moderniza,modernizar,Fin,Ind,Pres,3,Sing,,,
rodado,rodar,Part,,,,Sing,Masc,Pass,
multadas,multar,Part,,,,Plur,Fem,,
ficava,ficar,Fin,Ind,Imp,3,Sing,,,AUX
desistem,desistir,Fin,Ind,Pres,3,Plur,,,
Ensaiam,ensair,Fin,Ind,Pres,3,Plur,,,
cedidos,cedir,Part,,,,Plur,Masc,Pass,
brindado,brindar,Part,,,,Sing,Masc,Pass,
brilham,bril,Fin,Ind,Pres,3,Plur,,,
Custou,custar,Fin,Ind,Past,3,Sing,,,
viesse,vir,Fin,Sub,Imp,3,Sing,,,
apoiados,apoiar,Part,,,,Plur,Masc,,
Encara,encar,Fin,Ind,Pres,3,Sing,,,
metidos,meter,Part,,,,Plur,Masc,Pass,
incomodado,incomodar,Part,,,,Sing,Masc,Pass,
escutava,escutar,Fin,Ind,Imp,3,Sing,,,
defrontam,defrontar,Fin,Ind,Pres,3,Plur,,,
intuiu,intuir,Fin,Ind,Past,3,Sing,,,
demovem,demover,Fin,Ind,Pres,3,Plur,,,
espaçosos,espaçar,Part,,,,Plur,Masc,,
cheguei,chegar,Fin,Ind,Past,1,Sing,,,
detectando,detectar,Ger,,,,,,,
satisfaz,satisfar,Fin,Ind,Pres,3,Sing,,,
protagonizados,protagonizar,Part,,,,Plur,Masc,Pass,
assaltada,assaltar,Part,,,,Sing,Fem,,
efectuado,efectuar,Part,,,,,,,
quereria,querer,Fin,Cnd,,1,Sing,,,
vigora,vigor,Fin,Ind,Pres,3,Sing,,,
borrámos,borrer,Fin,Ind,Pres,1,Plur,,,
arborizado,arborizado,Part,,,,Sing,Masc,,
aludiu,aludir,Fin,Ind,Past,3,Sing,,,
dobrada,dobrar,Part,,,,Sing,Fem,,
Evoluirá,evoluir,Fin,Ind,Fut,3,Sing,,,
punidos,punir,Part,,,,Plur,Masc,,
compradas,comprar,Part,,,,Plur,Fem,Pass,
resolvera,resolver,Fin,Ind,Imp,3,Sing,,,
empossada,empossar,Part,,,,Sing,Fem,Pass,
pré-tratados,pré-tratar,Part,,,,Plur,Masc,,
desmentem,desmentar,Fin,Ind,Pres,3,Plur,,,
compreendemos,compreender,Fin,Ind,Pres,1,Plur,,,
comentaram,comentar,Fin,Ind,Past,3,Plur,,,
subscreveu,subscrever,Fin,Ind,Past,3,Sing,,,
pontuadas,pontuar,Part,,,,Plur,Fem,Pass,
destruídos,destruir,Part,,,,Plur,Masc,Pass,
elaborem,elabor,Fin,Sub,Pres,3,Plur,,,
Comungou,comungar,Fin,Ind,Past,3,Sing,,,
comprado,comprar,Part,,,,Sing,Masc,Pass,
adoptaram,adoptar,Fin,Ind,Past,3,Plur,,,
inalado,inalar,Part,,,,Sing,Masc,Pass,
comungam,comungar,Fin,Ind,Pres,3,Plur,,,
Alternava,alternar,Fin,Ind,Imp,3,Sing,,,
assinalada,assinalar,Part,,,,Sing,Fem,Pass,
partilhado,partilhar,Part,,,,Sing,Masc,Pass,
propagandeadas,propagandear,Part,,,,Plur,Fem,,
indigitado,indigitar,Part,,,,Sing,Masc,,
servida,servir,Part,,,,Sing,Fem,Pass,
destruíam,destruir,Fin,Ind,Imp,3,Plur,,,
legitima,legitimar,Fin,Ind,Pres,3,Sing,,,
reparadas,reparar,Part,,,,Plur,Fem,,
reintroduzidas,reintroduzir,Part,,,,Plur,Fem,,
recorriam,recorrer,Fin,Ind,Imp,3,Plur,,,
Pedida,pedir,Part,,,,Sing,Fem,,
Conto,contar,Fin,Ind,Pres,1,Sing,,,
alegavam,alegar,Fin,Ind,Imp,3,Plur,,,
actuará,actuar,Fin,Ind,Fut,3,Sing,,,
Anulado,anular,Part,,,,Sing,Masc,,
Mudaram,mudar,Fin,Ind,Past,3,Plur,,,
ocuparão,ocupar,Fin,Ind,Fut,3,Plur,,,
ganho,ganhar,Fin,,,1,,,,
Tentou,tentar,Fin,Ind,Past,3,Sing,,,
elegem,eleger,Fin,Ind,Pres,3,Plur,,,
Pediram,pedir,Fin,Ind,Past,3,Plur,,,
vistoriada,vistoriar,Part,,,,Sing,Fem,Pass,
orçar,orçar,Inf,,,,,,,
banhavam,banhar,Fin,Ind,Imp,3,Plur,,,
transmitindo,transmitir,Ger,,,,,,,
Estava,estar,Fin,Ind,Imp,3,Sing,,,AUX
atrasa,atrasar,Fin,Ind,Pres,3,Sing,,,
Cavou,cavar,Fin,Ind,Past,3,Sing,,,
arquitectado,arquitectar,Part,,,,Sing,Masc,Pass,
baralhado,baralhar,Part,,,,Sing,Masc,,
Mostra,mostrar,Fin,Ind,Pres,3,Sing,,,
Acabara,acabar,Fin,Ind,Imp,3,Sing,,,
agravada,agravar,Part,,,,Sing,Fem,Pass,
engrossou,engrossar,Fin,Ind,Past,3,Sing,,,
boicotado,boicotar,Part,,,,Sing,Masc,,
ouvíamos,ouviar,Fin,Ind,Imp,1,Plur,,,
Recai,recair,Fin,Ind,Pres,3,Sing,,,
cimentado,cimentar,Part,,,,,,,
adiantava,adiantar,Fin,Ind,Imp,3,Sing,,,
provocarão,provocar,Fin,Ind,Fut,3,Plur,,,
sentei,sentar,Fin,Ind,Past,1,Sing,,,
aconselhavam,aconselhar,Fin,Ind,Imp,3,Plur,,,
inaugurando,inaugurar,Ger,,,,,,,
suspenderam,suspender,Fin,Ind,Past,3,Plur,,,
neutraliza,neutralizar,Fin,Ind,Pres,3,Sing,,,
Toca,tocar,Fin,Ind,Pres,3,Sing,,,
direi,dizer,Fin,Ind,Pres,1,Sing,,,
Contraria,contrariar,Fin,Ind,Pres,3,Sing,,,
exaltada,exaltar,Part,,,,Sing,Fem,,
eleitas,eleger,Part,,,,Plur,Fem,,
perguntavam,perguntar,Fin,Ind,Imp,3,Plur,,,
morde,morder,Fin,Ind,Pres,3,Sing,,,
detectam,detectar,Fin,Ind,Pres,3,Plur,,,
reduzirei,reduzir,Fin,Ind,Past,1,Sing,,,
suprimirei,suprimir,Fin,Ind,Past,1,Sing,,,
Considera,considerar,Fin,Ind,Pres,3,Sing,,,
injectado,injectar,Part,,,,Sing,Masc,Pass,
militou,militar,Fin,Ind,Past,3,Sing,,,
resgatadas,resgatar,Part,,,,Plur,Fem,,
Ficava,ficar,Fin,Ind,Imp,3,Sing,,,
adiantam,adiantar,Fin,Ind,Pres,3,Plur,,,
giraram,girar,Fin,Ind,Past,3,Plur,,,
interpela,interpelar,Fin,Ind,Pres,3,Sing,,,
Faziam,fazer,Fin,Ind,Imp,3,Plur,,,
partilhados,partilhar,Part,,,,Plur,Masc,Pass,
lançámos,lançar,Fin,Ind,Past,1,Plur,,,
soar,soar,Inf,,,,,,,
desimpedia,desimpedir,Fin,Ind,Imp,3,Sing,,,
gerem,gerir,Fin,Sub,Pres,3,Plur,,,
Prossegue,prosseguir,Fin,Ind,Pres,3,Sing,,,
tome,tomar,Fin,Sub,Pres,3,Sing,,,
represento,representar,Fin,Ind,Pres,1,Sing,,,
espiolhada,espiolhar,Part,,,,Sing,Fem,Pass,
duplicaram,duplicar,Fin,Ind,Past,3,Plur,,,
desvaloriza,desvalorizar,Fin,Ind,Pres,3,Sing,,,
consubstancia,consubstanciar,Fin,Ind,Pres,3,Sing,,,
chumbaram,chumbar,Fin,Ind,Past,3,Plur,,,
anulados,anular,Part,,,,Plur,Masc,,
guardou,guardar,Fin,Ind,Past,3,Sing,,,
evocado,evocar,Part,,,,Sing,Masc,,
galardoada,galardoar,Part,,,,Sing,Fem,Pass,
desliga,desligar,Fin,Ind,Pres,3,Sing,,,
Havendo,haver,Ger,,,,,,,
Atingimos,atingir,Fin,Ind,Pres,1,Plur,,,
Dedicou,dedicar,Fin,Ind,Past,3,Sing,,,
paralisado,paralisar,Part,,,,Sing,Masc,,
fugimos,fugir,Fin,Ind,Pres,1,Plur,,,
disparar,disparar,Inf,,,,,,,
sacrificados,sacrificado,Part,,,,Plur,Masc,Pass,
estragou,estragar,Fin,Ind,Past,3,Sing,,,
errado,errar,Part,,,,Sing,Masc,Pass,
afirmasse,afirmar,Fin,Sub,Imp,3,Sing,,,
revistada,revistar,Part,,,,Sing,Fem,Pass,
incendiar,incendiar,Inf,,,,,,,
descendo,descer,Ger,,,,,,,
triplicou,triplicar,Fin,Ind,Past,3,Sing,,,
subalternizada,subalternizar,Part,,,,Sing,Fem,Pass,
desaconselhados,desaconselhar,Part,,,,Plur,Masc,Pass,
impedidos,impedir,Part,,,,Plur,Masc,Pass,
voltei,voltar,Fin,Ind,Past,1,Sing,,,AUX
Gostou,gostar,Fin,Ind,Past,3,Sing,,,
arriscaria,arriscar,Fin,Cnd,,3,Sing,,,
debate,debate,Fin,Ind,Pres,3,Sing,,,
assumidos,assumir,Part,,,,Plur,Masc,Pass,
reinou,reinar,Fin,Ind,Past,3,Sing,,,
matizada,matizar,Part,,,,Sing,Fem,,
antecipadas,antecipar,Part,,,,Plur,Fem,,
repetia,repetir,Fin,Ind,Imp,3,Sing,,,
Vencemos,vencer,Fin,Ind,Pres,1,Plur,,,
desafogados,desafogar,Part,,,,Plur,Masc,,
esfrega,esfregar,Fin,Ind,Pres,3,Sing,,,
vendado,vendar,Part,,,,Sing,Masc,,
contada,contar,Part,,,,Sing,Fem,,
jura,jurar,Fin,Ind,Pres,3,Sing,,,
desrespeitam,desrespeitar,Fin,Ind,Pres,3,Plur,,,
talhadas,talhar,Part,,,,Plur,Fem,,
concebo,conceber,Fin,Ind,Pres,1,Sing,,,
Entrei,entrar,Fin,Ind,Past,1,Sing,,,
desencadearia,desencadear,Fin,Cnd,,3,Sing,,,
cavalgam,cavalgar,Fin,Ind,Pres,3,Plur,,,
dominado,dominar,Part,,,,Sing,Masc,,
Reapareceu,reaparecer,Fin,Ind,Past,3,Sing,,,
derrapou,derrapar,Fin,Ind,Past,3,Sing,,,
Ajudam,ajudar,Fin,Ind,Pres,3,Plur,,,
concessionadas,concessionar,Part,,,,Plur,Fem,,
emagreço,emagrecer,Fin,Ind,Pres,1,Sing,,,
fiar,fiar,Inf,,,,,,,
baleia,balear,Fin,Ind,Pres,3,Sing,,,
tomarmos,tomar,Fin,Sub,Fut,1,Plur,,,
Sofremos,sofrer,Fin,Ind,Pres,1,Plur,,,
marcamos,matar,Fin,Ind,Pres,1,Plur,,,
acabava,acabar,Fin,Ind,Imp,3,Sing,,,AUX
desfilam,desfilar,Fin,Ind,Pres,3,Plur,,,
tomado,tomar,Part,,,,Sing,Masc,,
questionei,questionar,Fin,Ind,Past,1,Sing,,,
esgotada,esgotar,Part,,,,Sing,Fem,Pass,
travarão,travar,Fin,Ind,Fut,3,Plur,,,
assinalava,assinalar,Fin,Ind,Imp,3,Sing,,,
adoeceu,adoecer,Fin,Ind,Past,3,Sing,,,
Disseram,dizer,Fin,Ind,Past,3,Plur,,,
estagia,estager,Fin,Ind,Pres,3,Sing,,,
afectou-a,afectou-ar,Fin,Ind,Past,3,Sing,,,
ficará,ficar,Fin,Ind,Fut,3,Sing,,,AUX
fustigada,fustigar,Part,,,,Sing,Fem,Pass,
assistidos,assistir,Part,,,,Plur,Masc,Pass,
mencionada,mencionar,Part,,,,Sing,Fem,Pass,
fascinou,fascinar,Fin,Ind,Past,3,Sing,,,
encomendámos,encomendar,Fin,Ind,Pres,1,Plur,,,
Analisou,analisar,Fin,Ind,Past,3,Sing,,,
baptizou,baptizar,Fin,Ind,Past,3,Sing,,,
custaram,custar,Fin,Ind,Past,3,Plur,,,
versam,ver,Fin,Ind,Pres,3,Plur,,,
apoie,apoiar,Fin,Sub,Pres,3,Sing,,,
inspire,inspirar,Fin,Sub,Pres,3,Sing,,,
Sujaram,sujar,Fin,Ind,Past,3,Plur,,,
ouvirá,ouvir,Fin,Ind,Fut,3,Sing,,,
coopera,cooperar,Fin,Ind,Pres,3,Sing,,,
secundaria,secundar,Fin,Ind,Pres,3,Sing,,,
buzinou,buzinar,Fin,Ind,Past,3,Sing,,,
acabe,acabar,Fin,Sub,Pres,3,Sing,,,AUX
abanadas,abanar,Part,,,,Plur,Fem,Pass,
entupidas,entupir,Part,,,,Plur,Fem,,
visitarão,visitar,Fin,Ind,Fut,3,Plur,,,
fixado,fixar,Part,,,,Sing,Masc,Pass,
ultrapassámos,ultrapassar,Fin,Ind,Pres,1,Plur,,,
desenfreado,desenfrear,Part,,,,Sing,Masc,,
estranham,estranhar,Fin,Ind,Pres,3,Plur,,,
encima,encimar,Fin,Ind,Pres,3,Sing,,,
subnutrido,subnutrir,Part,,,,Sing,Masc,,
superalimentado,superalimentar,Part,,,,Sing,Masc,,
reveste,revestir,Fin,Ind,Pres,3,Sing,,,
refiro,refirar,Fin,Ind,Pres,1,Sing,,,
arrefeceu,arrefecer,Fin,Ind,Past,3,Sing,,,
solidificou,solidificar,Fin,Ind,Past,3,Sing,,,
fintou,fintar,Fin,Ind,Past,3,Sing,,,
Voltará,voltar,Fin,Ind,Fut,3,Sing,,,AUX
privilegiará,privilegiar,Fin,Ind,Fut,3,Sing,,,
admitida,admitir,Part,,,,Sing,Fem,Pass,
prestigiado,prestigiar,Part,,,,Sing,Masc,,
fervilham,fervilhar,Fin,Ind,Pres,3,Plur,,,
brotam,brotar,Fin,Ind,Pres,3,Plur,,,
Alberga,albergar,Fin,Ind,Pres,3,Sing,,,
Cantei,cantar,Fin,Ind,Past,1,Sing,,,
indirigida,indirigidar,Part,,,,Sing,Fem,,
desfinalizada,desfinalizar,Part,,,,Sing,Fem,,
apresentámos,apresentar,Fin,Ind,Pres,1,Plur,,,
flutuou,flutuar,Fin,Ind,Past,3,Sing,,,
vejam,vir,Fin,Sub,Pres,3,Plur,,,
atribuí,atribuir,Fin,Ind,Pres,3,Sing,,,
Decidiram,decidir,Fin,Ind,Past,3,Plur,,,
oferecemos,oferecer,Fin,Ind,Pres,1,Plur,,,
rebenta,rebentar,Fin,Ind,Pres,3,Sing,,,
baixado,baixar,Part,,,,Sing,Masc,,
Sujavam,sujar,Fin,Ind,Pres,3,Plur,,,
subir,subir,Inf,,,3,,,,
reequilibra,reequilibrar,Fin,Ind,Pres,3,Sing,,,
Aquece,aquecer,Fin,Ind,Pres,3,Sing,,,
esclarecem,esclarecer,Fin,Ind,Pres,3,Plur,,,
permaneciam,permanecer,Fin,Ind,Imp,3,Plur,,,
pretendidos,pretender,Part,,,,Plur,Masc,,
evitada,evitar,Part,,,,Sing,Fem,Pass,
ter-se-á,ter-se-,Fin,Ind,Pres,3,Sing,,,
acendido,acender,Part,,,,Sing,Masc,,
continuarei,continuar,Fin,Ind,Pres,1,Sing,,,AUX
aduzidos,aduzir,Part,,,,Plur,Masc,Pass,
embargado,embargar,Part,,,,Sing,Masc,,
entregavam,entregar,Fin,Ind,Imp,3,Plur,,,
Vais,vair,Fin,Ind,Pres,1,Sing,,,
Apelo,apelar,Fin,Ind,Pres,1,Sing,,,
trava,travar,Fin,Ind,Pres,3,Sing,,,
abafado,abafar,Part,,,,Sing,Masc,Pass,
Reagiu,reagir,Fin,Ind,Past,3,Sing,,,
leio,ler,Fin,Ind,Pres,1,Sing,,,
desapontar,desapontar,Inf,,,,,,,
Pesei,pesar,Fin,Ind,Past,1,Sing,,,
derrubada,derrubada,Part,,,,Sing,Fem,,
pressente,pressentar,Fin,Ind,Pres,3,Sing,,,
acabado,acabar,Part,,,,,,,
linchados,linchar,Part,,,,Plur,Masc,Pass,
justificam,justificar,Fin,Ind,Pres,3,Plur,,,
anuncie,anunciar,Fin,Sub,Pres,3,Sing,,,
sobreviveram,sobreviver,Fin,Ind,Past,3,Plur,,,
Interrompeu,interromper,Fin,Ind,Past,3,Sing,,,
reprovava,reprovar,Fin,Ind,Imp,3,Sing,,,
contradizem,contradizar,Fin,Ind,Pres,3,Plur,,,
evoluem,evoluar,Fin,Ind,Pres,3,Plur,,,
proferidas,proferir,Part,,,,Plur,Fem,,
devastou,devastar,Fin,Ind,Past,3,Sing,,,
Retoma,retomar,Fin,Ind,Pres,3,Sing,,,
ficavam,ficar,Fin,Ind,Imp,3,Plur,,,
chumbam,chumbar,Fin,Ind,Pres,3,Plur,,,
económico-organizado,económicorganizar,Part,,,,Sing,Masc,,
debandou,debandar,Fin,Ind,Past,3,Sing,,,
experimentadas,experimentar,Part,,,,Plur,Fem,Pass,
fracassaram,fracassar,Fin,Ind,Past,3,Plur,,,
interrompem,interromper,Fin,Ind,Pres,3,Plur,,,
cerram,cerrar,Fin,Ind,Pres,3,Plur,,,
desarmar,desarmar,Inf,,,,,,,
desalojados,desalojar,Part,,,,Plur,Masc,,
Continuaremos,continuar,Fin,Ind,Pres,1,Plur,,,AUX
desconcentrou,desconcentrar,Fin,Ind,Past,3,Sing,,,
desmotivou,desmotivar,Fin,Ind,Past,3,Sing,,,
armadilhadas,armadilhar,Part,,,,Plur,Fem,,
cuidadosa,cuidar,Part,,,,Sing,Fem,Pass,
transcende,transcender,Fin,Ind,Pres,3,Sing,,,
amamentar,amamentar,Inf,,,,,,,
adjudicados,adjudicar,Part,,,,Plur,Masc,Pass,
Crescemos,crescer,Fin,Ind,Pres,1,Plur,,,
enfrentámos,enfrentar,Fin,Ind,Pres,1,Plur,,,
válidos,válir,Part,,,,Plur,Masc,,
Actuam,actuar,Fin,Ind,Pres,3,Plur,,,
avistámos,avistar,Fin,Ind,Pres,1,Plur,,,
primaram,primar,Fin,Ind,Past,3,Plur,,,
excluídos,excluir,Part,,,,Plur,Masc,Pass,
readquiriu,readquirir,Fin,Ind,Past,3,Sing,,,
brincavam,brincar,Fin,Ind,Imp,3,Plur,,,
reeditar,reeditar,Inf,,,,,,,
Verberou,verberar,Fin,Ind,Past,3,Sing,,,
esgotará,esgotar,Fin,Ind,Fut,3,Sing,,,
sufocado,sufocar,Part,,,,Sing,Masc,Pass,
Falhámos,falhar,Fin,Ind,Pres,1,Plur,,,
falhámos,falhar,Fin,Ind,Pres,1,Plur,,,
Continuas,continuar,Fin,Ind,Pres,3,Plur,,,AUX
ajudava,ajudar,Fin,Ind,Imp,3,Sing,,,
actualizada,actualizar,Part,,,,Sing,Fem,Pass,
selada,selar,Part,,,,Sing,Fem,Pass,
desactivada,desactivar,Part,,,,Sing,Fem,,
historia,historiar,Fin,Ind,Pres,3,Sing,,,
premiados,premiar,Part,,,,Plur,Masc,Pass,
distinguidos,distinguir,Part,,,,Plur,Masc,Pass,
Contados,contar,Part,,,,Plur,Masc,,
sabe-o,saber,Fin,Ind,Pres,3,Sing,,,
afirmado,afirmar,Part,,,,,,,
derrubarmos,derrubar,Fin,Sub,Fut,1,Plur,,,
tinge,tingir,Fin,Ind,Pres,3,Sing,,,
desenhadas,desenhar,Part,,,,Plur,Fem,Pass,
percorridas,percorrer,Part,,,,Plur,Fem,Pass,
riscar,riscar,Inf,,,,,,,
queimadas,queimar,Part,,,,Plur,Fem,Pass,
desiludir,desiludir,Inf,,,,,,,
facilitará,facilitar,Fin,Ind,Fut,3,Sing,,,
embrenhar,embrenhar,Inf,,,,,,,
resumirá,resumir,Fin,Ind,Fut,3,Sing,,,
reclamada,reclamar,Part,,,,Sing,Fem,Pass,
trajam,trajar,Fin,Ind,Pres,3,Plur,,,
armadilhado,armadilhar,Part,,,,Sing,Masc,,
Fundou,fundar,Fin,Ind,Past,3,Sing,,,
projectada,projectar,Part,,,,Sing,Fem,Pass,
odeia,odear,Fin,Ind,Pres,3,Sing,,,
detectados,detectar,Part,,,,Plur,Masc,Pass,
contorceu,contorcer,Fin,Ind,Past,3,Sing,,,
averbar,averbar,Inf,,,,,,,
arquivados,arquivar,Part,,,,Plur,Masc,,
agendados,agendar,Part,,,,Plur,Masc,,
empunhará,empunhar,Fin,Ind,Fut,3,Sing,,,
exibirá,exibir,Fin,Ind,Fut,3,Sing,,,
estávamos,estar,Fin,Ind,Imp,1,Plur,,,AUX
Marquei,mar,Fin,Ind,Past,1,Sing,,,
medicada,medicar,Part,,,,Sing,Fem,,
quiséssemos,querer,Fin,Sub,Imp,1,Plur,,,
chumbado,chumbar,Part,,,,Sing,Masc,,
elaborei,elaborar,Fin,Ind,Past,1,Sing,,,
apresentei,apresentar,Fin,Ind,Past,1,Sing,,,
erguido,erguir,Part,,,,Sing,Masc,,
enfileiram,enfileirar,Fin,Ind,Pres,3,Plur,,,
Acabámos,acabar,Fin,Ind,Past,1,Plur,,,AUX
acumule,acumular,Fin,Sub,Pres,3,Sing,,,
atrasados,atrasar,Part,,,,Plur,Masc,,
recuará,recuar,Fin,Ind,Fut,3,Sing,,,
recapturados,recapturar,Part,,,,Plur,Masc,Pass,
assustada,assustar,Part,,,,Sing,Fem,,
Fiquei,ficar,Fin,Ind,Past,1,Sing,,,AUX
inventaram,inventar,Fin,Ind,Past,3,Plur,,,
desmoralizou,desmoralizar,Fin,Ind,Past,3,Sing,,,
morrer,morrer,Fin,Sub,Fut,3,Sing,,,
acena,acenar,Fin,Ind,Pres,3,Sing,,,
descurada,descurar,Part,,,,Sing,Fem,Pass,
voltarão,voltar,Fin,Ind,Fut,3,Plur,,,AUX
cancelado,cancelar,Part,,,,Sing,Masc,,
Coroado,Coroado,Part,,,,Sing,Masc,,
esterilizado,esterilizar,Part,,,,Sing,Masc,Pass,
desinfectado,desinfectar,Part,,,,Sing,Masc,Pass,
cresci,crescer,Fin,Ind,Past,1,Sing,,,
Comecei,começar,Fin,Ind,Past,1,Sing,,,
passearam,passear,Fin,Ind,Past,3,Plur,,,
expropriada,expropriar,Part,,,,Sing,Fem,,
compreendermos,compreender,Fin,Sub,Fut,1,Plur,,,
pestanejou,pestanejar,Fin,Ind,Past,3,Sing,,,
calas,calar,Fin,Ind,Pres,3,Plur,,,
vais,ir,Fin,Ind,Pres,1,Sing,,,
custado,custar,Part,,,,,,,
começarmos,começar,Fin,Sub,Fut,1,Plur,,,AUX
Trocou,trocar,Fin,Ind,Past,3,Sing,,,
noticiado,noticiar,Part,,,,Sing,Masc,Pass,
corrompido,corrompir,Part,,,,Sing,Masc,,
ganho,ganhar,Part,,,,,,,
parafraseia,parafrasear,Fin,Ind,Pres,3,Sing,,,
disputados,disputar,Part,,,,Plur,Masc,Pass,
Morrem,morrer,Fin,Ind,Pres,3,Plur,,,
regulado,regular,Part,,,,Sing,Masc,,
demite,demitir,Fin,Ind,Pres,3,Sing,,,
desenrolou,desenrolar,Fin,Ind,Past,3,Sing,,,
tocaram,tocar,Fin,Ind,Past,3,Plur,,,
afectada,afectar,Part,,,,Sing,Fem,Pass,
sedar,sedar,Inf,,,,,,,
sussurradas,sussurrar,Part,,,,Plur,Fem,Pass,
avançámos,avançar,Fin,Ind,Pres,1,Plur,,,
imobilizavam,imobilizar,Fin,Ind,Imp,3,Plur,,,
vergastava,vergastar,Fin,Ind,Imp,3,Sing,,,
renasceu,renascer,Fin,Ind,Past,3,Sing,,,
prefigura,prefigurar,Fin,Ind,Pres,3,Sing,,,
examinado,examinar,Part,,,,Sing,Masc,,
salientada,salientar,Part,,,,Sing,Fem,,
sentida,sentir,Part,,,,Sing,Fem,Pass,
ilibados,ilibar,Part,,,,Plur,Masc,Pass,
relida,relidar,Part,,,,Sing,Fem,Pass,
esquecida,esquecer,Part,,,,Sing,Fem,,
formalizam,formalizar,Fin,Ind,Pres,3,Plur,,,
catapultada,catapultar,Part,,,,Sing,Fem,Pass,
discriminou,discriminar,Fin,Ind,Past,3,Sing,,,
Reencontramos,reencontrar,Fin,Ind,Pres,1,Plur,,,
desembaraçada,desembaraçar,Part,,,,Sing,Fem,,
abençoado,abençoar,Part,,,,Sing,Masc,,
devastada,devastar,Part,,,,Sing,Fem,Pass,
reclassificadas,reclassificar,Part,,,,Plur,Fem,Pass,
transmitidos,transmitir,Part,,,,Plur,Masc,Pass,
subsidiam,subsidir,Fin,Ind,Pres,3,Plur,,,
subiam,subir,Fin,Ind,Imp,3,Plur,,,
sinta,sentar,Fin,Sub,Pres,3,Sing,,,
devolvam,devolver,Fin,Sub,Pres,3,Plur,,,
Alega,alegar,Fin,Ind,Pres,3,Sing,,,
compro,comprir,Fin,Ind,Pres,1,Sing,,,
abarca,abarcar,Fin,Ind,Pres,3,Sing,,,
actualizados,actualizar,Part,,,,Plur,Masc,,
contestados,contestar,Part,,,,Plur,Masc,,
Continuarei,continuar,Fin,Ind,Pres,1,Sing,,,
abafou,abafar,Fin,Ind,Past,3,Sing,,,
capricha,caprichar,Fin,Ind,Pres,3,Sing,,,
harmonizada,harmonizar,Part,,,,Sing,Fem,,
aceitavam,aceitar,Fin,Ind,Imp,3,Plur,,,
envenenada,envenenar,Part,,,,Sing,Fem,,
condicionado,condicionar,Part,,,,,,,
coordenada,coordenar,Part,,,,Sing,Fem,,
Faltou,faltar,Fin,Ind,Past,3,Sing,,,
reparou,reparar,Fin,Ind,Past,3,Sing,,,
desenrolasse,desenrolar,Fin,Sub,Imp,3,Sing,,,
conceituada,conceituar,Part,,,,Sing,Fem,,
tosse,tor,Fin,Ind,Pres,3,Sing,,,
adoece,adoecar,Fin,Ind,Pres,3,Sing,,,
Dirigirá,dirigir,Fin,Ind,Fut,3,Sing,,,
inflectir,inflectir,Inf,,,,,,,
encarava,encarar,Fin,Ind,Imp,3,Sing,,,
Ocultaram,ocultar,Fin,Ind,Past,3,Plur,,,
preconizou,preconizar,Fin,Ind,Past,3,Sing,,,
decorridos,decorrido,Part,,,,Plur,Masc,,
estudávamos,estudar,Fin,Ind,Imp,1,Plur,,,
Disciplinado,disciplinar,Part,,,,Sing,Masc,,
bato,batar,Fin,Ind,Pres,1,Sing,,,
secundada,secundar,Part,,,,Sing,Fem,Pass,
Disparavam,disparar,Fin,Ind,Imp,3,Plur,,,
Mataram,matar,Fin,Ind,Past,3,Plur,,,
confiara,confiar,Fin,Ind,Imp,3,Sing,,,
decalcado,decalcar,Part,,,,Sing,Masc,,
integrará,integrar,Fin,Ind,Fut,3,Sing,,,
privados,privar,Part,,,,Plur,Masc,,
enganava,enganar,Fin,Ind,Imp,3,Sing,,,
enganado,enganar,Part,,,,Sing,Masc,Pass,
gravados,gravar,Part,,,,Plur,Masc,Pass,
esquecerei,esquecer,Fin,Ind,Past,1,Sing,,,
enchiam,enchiar,Fin,Ind,Imp,3,Plur,,,
resolvia,resolver,Fin,Ind,Imp,3,Sing,,,
imaginamos,imaginar,Fin,Ind,Pres,1,Plur,,,
afectado,afectar,Part,,,,Sing,Masc,Pass,
assassina,assassino,Fin,Ind,Pres,3,Sing,,,
Paga,pagar,Fin,Ind,Pres,3,Sing,,,
nivelado,nivelar,Part,,,,Sing,Masc,,
explicitava,explicitar,Fin,Ind,Imp,3,Sing,,,
contenha,conter,Fin,Sub,Pres,3,Sing,,,
espantados,espantar,Part,,,,Plur,Masc,,
Custará,custar,Fin,Ind,Fut,3,Sing,,,
sinalizadas,sinalizar,Part,,,,Plur,Fem,,
Estamos,estar,Fin,Ind,Pres,1,Plur,,,
entrevistam,entrevistar,Fin,Ind,Pres,3,Plur,,,
perdermos,perder,Fin,Sub,Pres,1,Plur,,,
Pega,pegar,Fin,Ind,Pres,3,Sing,,,
ando,ar,Fin,Ind,Pres,1,Sing,,,
laureados,laurear,Part,,,,Plur,Masc,Pass,
efectua,efectuar,Fin,Ind,Pres,3,Sing,,,
Esperávamos,esperárar,Fin,Ind,Imp,1,Plur,,,
Expo,expor,Fin,Ind,Pres,3,Sing,,,
alegadas,alegar,Part,,,,Plur,Fem,,
exemplificou,exemplificar,Fin,Ind,Past,3,Sing,,,
agarram,agarrar,Fin,Ind,Pres,3,Plur,,,
daremos,dar,Fin,Ind,Fut,1,Plur,,,
destruindo,destruir,Ger,,,,,,,
Encontrou,encontrar,Fin,Ind,Past,3,Sing,,,
visados,visado,Part,,,,Plur,Masc,Pass,
desdramatizou,desdramatizar,Fin,Ind,Past,3,Sing,,,
discursava,discursar,Fin,Ind,Imp,3,Sing,,,
iremos,ir,Fin,Ind,Fut,1,Plur,,,
içado,içar,Part,,,,Sing,Masc,,
Falo,falar,Fin,Ind,Pres,1,Sing,,,
ressoam,ressoar,Fin,Ind,Pres,3,Plur,,,
ignorados,ignorar,Part,,,,Plur,Masc,Pass,
cultivados,cultivar,Part,,,,Plur,Masc,,
fechei,fechar,Fin,Ind,Past,1,Sing,,,
deitam,deitar,Fin,Ind,Pres,3,Plur,,,
Davam,dar,Fin,Ind,Imp,3,Plur,,,
precedeu,preceder,Fin,Ind,Past,3,Sing,,,
deliram,delir,Fin,Ind,Pres,3,Plur,,,
Toma,tomar,Fin,Ind,Pres,3,Sing,,,
pagava,pagar,Fin,Ind,Imp,3,Sing,,,
interferirá,interferir,Fin,Ind,Fut,3,Sing,,,
naufragou,naufragar,Fin,Ind,Past,3,Sing,,,
desbloqueadas,desbloquear,Part,,,,Plur,Fem,,
indefere,indeferir,Fin,Ind,Pres,3,Sing,,,
Perderíamos,perder,Fin,Ind,Imp,1,Plur,,,
salvos,salvar,Part,,,,Plur,Masc,Pass,
embaraçaram,embaraçar,Fin,Ind,Past,3,Plur,,,
gritamos,gritar,Fin,Ind,Pres,1,Plur,,,
deveríamos,dever,Fin,Ind,Past,1,Plur,,,
enjoar,enjoar,Inf,,,,,,,
Realçou,realçar,Fin,Ind,Past,3,Sing,,,
apertou,apertar,Fin,Ind,Past,3,Sing,,,
surgirem,surgir,Fin,Sub,Fut,3,Plur,,,
Volta,Volta,Fin,Ind,Pres,3,Sing,,,
escrevo,escrever,Fin,Ind,Pres,1,Sing,,,
desencadeadas,desencadear,Part,,,,Plur,Fem,Pass,
despartidarizar,despartidarizar,Inf,,,,,,,
pouparam,poupar,Fin,Ind,Past,3,Plur,,,
multado,multar,Part,,,,Sing,Masc,,
cintados,cintar,Part,,,,Plur,Masc,Pass,
privatizadas,privatizar,Part,,,,Plur,Fem,Pass,
Guardarei,guardar,Fin,Ind,Pres,1,Sing,,,
escreverei,escrever,Fin,Ind,Fut,1,Sing,,,
assolado,assolar,Part,,,,,,,
caía,cair,Fin,Ind,Imp,3,Sing,,,
alcunhado,alcunhar,Part,,,,Sing,Masc,Pass,
Trabalhei,trabalhar,Fin,Ind,Past,1,Sing,,,
ignorados,ignorar,Part,,,,Plur,Masc,,
Anunciado,anunciar,Part,,,,Sing,Masc,Pass,
Terminaram,terminar,Fin,Ind,Past,3,Plur,,,
contada,contar,Part,,,,Sing,Fem,Pass,
tripulada,tripulado,Part,,,,Sing,Fem,Pass,
Haveria,haver,Fin,Cnd,,3,Sing,,,
surtido,surtir,Part,,,,,,,
extenuada,extenuar,Part,,,,Sing,Fem,,
comemoraram,comemorar,Fin,Ind,Past,3,Plur,,,
Publicaremos,publicar,Fin,Ind,Pres,1,Plur,,,
admitidos,admitir,Part,,,,Plur,Masc,,
vigarizado,vigarizar,Part,,,,Sing,Masc,Pass,
publicado,publicar,Part,,,,,,,
constatados,constatar,Part,,,,Plur,Masc,Pass,
inusitada,inusitar,Part,,,,Sing,Fem,,
Produzimos,produzir,Fin,Ind,Pres,1,Plur,,,
consumimos,consumir,Fin,Ind,Pres,1,Plur,,,
pegado,pegar,Part,,,,,,,
sobraram,sobrar,Fin,Ind,Past,3,Plur,,,
tinha,ter,Fin,Ind,Imp,1,Sing,,,AUX
Votamos,votar,Fin,Ind,Pres,1,Plur,,,
prolonguem,prolonguir,Fin,Sub,Pres,3,Plur,,,
contestaram,contestar,Fin,Ind,Past,3,Plur,,,
infestadas,infestar,Part,,,,Plur,Fem,,
flutua,flutuar,Fin,Ind,Pres,3,Sing,,,
cumprimentou,cumprimentar,Fin,Ind,Past,3,Sing,,,
escorraçados,escorraçar,Part,,,,Plur,Masc,Pass,
amontoadas,amontoar,Part,,,,Plur,Fem,,
ajudavam,ajudar,Fin,Ind,Imp,3,Plur,,,
arrancamos,arrancar,Fin,Ind,Pres,1,Plur,,,
Dissemos,dizer,Fin,Ind,Pres,1,Plur,,,
trabalharíamos,trabalhar,Fin,Ind,Pres,1,Plur,,,
Gostaram,gostar,Fin,Ind,,3,Plur,,,
Entram,entrar,Fin,Ind,Pres,3,Plur,,,
relaxada,relaxar,Part,,,,Sing,Fem,,
concretizado,concretizar,Part,,,,Sing,Masc,,
ecoam,ecoar,Fin,Ind,Pres,3,Plur,,,
trocamos,trocar,Fin,Ind,Pres,1,Plur,,,
ultrapassada,ultrapassar,Part,,,,Sing,Fem,,
lerá,ler,Fin,Ind,Fut,3,Sing,,,
gozava,gozar,Fin,Ind,Imp,3,Sing,,,
participada,participada,Part,,,,Sing,Fem,,
admiram,admirar,Fin,Ind,Pres,3,Plur,,,
desencantado,desencantar,Part,,,,Sing,Masc,,
amava,amavar,Fin,Ind,Imp,3,Sing,,,
dissimuladas,dissimular,Part,,,,Plur,Fem,Pass,
mudado,mudar,Part,,,,Sing,Masc,,
dividir,dividir,Inf,,,3,Sing,,,
Defenderia,defender,Fin,Cnd,,3,Sing,,,
aplaudisse,aplaudir,Fin,Sub,Imp,3,Sing,,,
supervisará,supervisar,Fin,Ind,Fut,3,Sing,,,
destruiram,destruir,Fin,Ind,Past,3,Plur,,,
arranja,arranjar,Fin,Ind,Pres,3,Sing,,,
entupida,entupir,Part,,,,Sing,Fem,,
Pararam,parar,Fin,Ind,Past,3,Plur,,,
varremos,varrer,Fin,Ind,Pres,1,Plur,,,
filmado,filmar,Part,,,,Sing,Masc,,
exigirá,exigir,Fin,Ind,Fut,3,Sing,,,
apanhados,apanhar,Part,,,,Plur,Masc,,
ruíram,ruir,Fin,Ind,Past,3,Plur,,,
Divorciada,divorciar,Part,,,,Sing,Fem,,
frequentavam,frequentar,Fin,Ind,Imp,3,Plur,,,
captados,captar,Part,,,,Plur,Masc,Pass,
pontificam,pontificar,Fin,Ind,Pres,3,Plur,,,
apagada,apagar,Part,,,,Sing,Fem,,
assombrar,assombrar,Inf,,,,,,,
ultrapassado,ultrapassar,Part,,,,Sing,Masc,Pass,
peço,peçar,Fin,Ind,Pres,1,Sing,,,
retomando,retomar,Ger,,,,,,,
herdada,herdar,Part,,,,Sing,Fem,,
Entrávamos,entrar,Fin,Ind,Imp,1,Plur,,,
comprei,comprir,Fin,Ind,Past,1,Sing,,,
figuravam,figurar,Fin,Ind,Imp,3,Plur,,,
filmam,filmar,Fin,Ind,Pres,3,Plur,,,
Ando,ar,Fin,Ind,Pres,1,Sing,,,
realojada,realojar,Part,,,,Sing,Fem,Pass,
calada,calar,Part,,,,Sing,Fem,,
apoiará,apoiar,Fin,Ind,Fut,3,Sing,,,
indicaria,indicar,Fin,Cnd,,3,Sing,,,
veneramos,venerar,Fin,Ind,Pres,1,Plur,,,
Acabaram,acabar,Fin,Ind,Past,3,Plur,,,
Participam,participar,Fin,Ind,Pres,3,Plur,,,
Apertam,aprir,Fin,Ind,Pres,3,Plur,,,
agradecem,agradecer,Fin,Ind,Pres,3,Plur,,,
encontras,encontrar,Fin,Ind,Pres,1,Plur,,,
vivíamos,viver,Fin,Ind,Imp,1,Plur,,,
assistirá,assistir,Fin,Ind,Fut,3,Sing,,,
despenalizamos,despenalizar,Fin,Ind,Pres,1,Plur,,,
alargou,alargar,Fin,Ind,Past,3,Sing,,,
homenageou,homenagear,Fin,Ind,Past,3,Sing,,,
Deverão,dever,Fin,Ind,Fut,3,Plur,,,
pactuar,pactuar,Inf,,,,,,,
individualizado,individualizar,Part,,,,Sing,Masc,,
assaltadas,assaltar,Part,,,,Plur,Fem,Pass,
hipotecado,hipotecar,Part,,,,Sing,Masc,,
descaracterizar,descaracterizar,Inf,,,,,,,
exceptuando,exceptuar,Ger,,,,,,,
Reflectindo,reflectir,Ger,,,,,,,
conceber,conceber,Inf,,,,,,,
omitem,omitar,Fin,Ind,Pres,3,Plur,,,
modificará,modificar,Fin,Ind,Fut,3,Sing,,,
Sentimos,sentir,Fin,Ind,Pres,1,Plur,,,
estampados,estampar,Part,,,,Plur,Masc,,
desarma,desarmar,Fin,Ind,Pres,3,Sing,,,
absorveu,absorver,Fin,Ind,Past,3,Sing,,,
artificializadas,artificializar,Part,,,,Plur,Fem,,
reprovar,reprovar,Inf,,,,,,,
apertados,apertar,Part,,,,Plur,Masc,Pass,
homenageado,homenagear,Part,,,,Sing,Masc,,
arrancados,arrancar,Part,,,,Plur,Masc,,
Estavam,estar,Fin,Ind,Imp,3,Plur,,,
incidir,incidir,Inf,,,,,,,
figurarão,figurar,Fin,Ind,Fut,3,Plur,,,
guiada,guiar,Part,,,,Sing,Fem,,
iluminado,iluminar,Part,,,,Sing,Masc,,
esmagados,esmagar,Part,,,,Plur,Masc,,
Detesto,deter,Fin,Ind,Pres,1,Sing,,,
Dorme,dormer,Fin,Ind,Pres,3,Sing,,,
assustam,assustar,Fin,Ind,Pres,3,Plur,,,
começarem,começar,Fin,Sub,Fut,3,Plur,,,
influenciar,influenciar,Inf,,,3,Sing,,,
alvejado,alvejar,Part,,,,Sing,Masc,,
vasculhava,vasculhar,Fin,Ind,Imp,3,Sing,,,
constroem,constroar,Fin,Ind,Pres,3,Plur,,,
privilegia,privilegiar,Fin,Ind,Pres,3,Sing,,,
baixaram,baixar,Fin,Ind,Past,3,Plur,,,
esperaram,esperar,Fin,Ind,Past,3,Plur,,,
Matou,matar,Fin,Ind,Past,3,Sing,,,
congestionados,congestionar,Part,,,,Plur,Masc,,
dominavam,dominar,Fin,Ind,Imp,3,Plur,,,
Recusam,recusar,Fin,Ind,Pres,3,Plur,,,
mitigado,mitigar,Part,,,,Sing,Masc,Pass,
assinaladas,assinalar,Part,,,,Plur,Fem,,
perguntámos,perguntar,Fin,Ind,Past,1,Plur,,,
intrigar,intrigar,Inf,,,,,,,
coabitam,coabitar,Fin,Ind,Pres,3,Plur,,,
obviar,obviar,Inf,,,,,,,
Protege,proteger,Fin,Ind,Pres,3,Sing,,,
sobrava,sobrar,Fin,Ind,Imp,3,Sing,,,
compreendi,compreender,Fin,Ind,Past,1,Sing,,,
visada,visar,Part,,,,Sing,Fem,Pass,
isolado,isolar,Part,,,,Sing,Masc,Pass,
prestigiadas,prestigiar,Part,,,,Plur,Fem,,
assaltam,assaltar,Fin,Ind,Pres,3,Plur,,,
revimos,rever,Fin,Ind,Pres,1,Plur,,,
modernizada,modernizar,Part,,,,Sing,Fem,,
recuando,recuar,Ger,,,,,,,
confia,confear,Fin,Ind,Pres,3,Sing,,,
desconfiado,desconfiar,Part,,,,Sing,Masc,,
homologada,homologar,Part,,,,Sing,Fem,Pass,
Podes,poder,Fin,Ind,Pres,1,Sing,,,
Corre,correr,Fin,Ind,Pres,3,Sing,,,
Estenderam,estender,Fin,Ind,Past,3,Plur,,,
sofrerão,sofrer,Fin,Ind,Fut,3,Plur,,,
avistados,avistar,Part,,,,Plur,Masc,,
consola,consola,Fin,Ind,Pres,3,Sing,,,
marcham,marchar,Fin,Ind,Pres,3,Plur,,,
entusiasma,entusiasmar,Fin,Ind,Pres,3,Sing,,,
adormece,adormecer,Fin,Ind,Pres,3,Sing,,,
Atou,atar,Fin,Ind,Past,3,Sing,,,
preocupam,preocupar,Fin,Ind,Pres,3,Plur,,,
Tiveram,ter,Fin,Ind,Past,3,Plur,,,
encenado,encenar,Part,,,,Sing,Masc,,
semidestruídos,semidestruir,Part,,,,Plur,Masc,Pass,
manchado,manchar,Part,,,,Sing,Masc,,
participada,participada,Part,,,,Sing,Fem,Pass,
liderei,liderar,Fin,Ind,Pres,1,Sing,,,
acabasse,acabar,Fin,Sub,Imp,3,Sing,,,
Sabem,saber,Fin,Ind,Pres,3,Plur,,,
preocupo,preocupar,Fin,Ind,Pres,1,Sing,,,
supridos,suprir,Part,,,,Plur,Masc,Pass,
premiada,premiar,Part,,,,Sing,Fem,,
detestará,detestar,Fin,Ind,Fut,3,Sing,,,
trabalhávamos,trabalhar,Fin,Ind,Imp,1,Plur,,,
fazíamos,fazer,Fin,Ind,Imp,1,Plur,,,
premeia,premear,Fin,Ind,Pres,3,Sing,,,
enublados,enublar,Part,,,,Plur,Masc,,
metida,meter,Part,,,,Sing,Fem,,
arranjam,arranjar,Fin,Ind,Pres,3,Plur,,,
Eis,ser,Fin,Ind,Pres,3,Sing,,,
ocidentalizada,ocidentalizar,Part,,,,Sing,Fem,Pass,
precipitada,precipitar,Part,,,,Sing,Fem,,
contemplado,contemplar,Part,,,,Sing,Masc,,
ignoram,ignorar,Fin,Ind,Pres,3,Plur,,,
acelerou,acelerar,Fin,Ind,Past,3,Sing,,,
Gastaram,gastar,Fin,Ind,Past,3,Plur,,,
Poderemos,poder,Fin,Ind,Fut,1,Plur,,,
informatiza,informatizar,Fin,Ind,Pres,3,Sing,,,
assegurará,assegurar,Fin,Ind,Fut,3,Sing,,,
gritava,gritar,Fin,Ind,Imp,3,Sing,,,
equilibrado,equilibrar,Part,,,,Sing,Masc,Pass,
endividados,endividar,Part,,,,Plur,Masc,,
endoudeceram,endoudecer,Fin,Ind,Pres,3,Plur,,,
Curta,curtar,Fin,Ind,Pres,3,Sing,,,
civilizado,civilizar,Part,,,,Sing,Masc,,
Revelou,revelar,Fin,Ind,Past,3,Sing,,,
sustentadas,sustentar,Part,,,,Plur,Fem,Pass,
apelida,apelidar,Fin,Ind,Pres,3,Sing,,,
ponderar,ponderar,Inf,,,,,,,
estilhaçadas,estilhaçar,Part,,,,Plur,Fem,,
arrombadas,arrombar,Part,,,,Plur,Fem,,
despertam,despertar,Fin,Ind,Pres,3,Plur,,,
Estabelecemos,estabelecer,Fin,Ind,Pres,1,Plur,,,
liquidados,liquidar,Part,,,,Plur,Masc,Pass,
Tomámos,tomar,Fin,Ind,Past,1,Plur,,,
Lambeu,lamber,Fin,Ind,Past,3,Sing,,,
Escrevi,escrever,Fin,Ind,Past,1,Sing,,,
Leccionou,leccionar,Fin,Ind,Past,3,Sing,,,
Estudou,estudar,Fin,Ind,Past,3,Sing,,,
reprova,reprovar,Fin,Ind,Pres,3,Sing,,,
infringida,infringir,Part,,,,Sing,Fem,Pass,
entraremos,entrar,Fin,Ind,Fut,1,Plur,,,
Pede,pedir,Fin,Ind,Pres,3,Sing,,,
assistidos,assistir,Part,,,,Plur,Masc,,
efectuada,efectuar,Part,,,,Sing,Fem,Pass,
cheios,cher,Part,,,,Plur,Masc,,
forçam,forçar,Fin,Ind,Pres,3,Plur,,,
Abundam,abrir,Fin,Ind,Pres,3,Plur,,,
divorciado,divorciar,Part,,,,Sing,Masc,,
tirará,tirar,Fin,Ind,Fut,3,Sing,,,
trincam,trincar,Fin,Ind,Pres,3,Plur,,,
despeja,despejar,Fin,Ind,Pres,3,Sing,,,
Advirá,advirar,Fin,Ind,Pres,3,Sing,,,
desdobrou,desdobrar,Fin,Ind,Past,3,Sing,,,
falha,falha,Fin,Ind,Pres,3,Sing,,,
patrocinados,patrocinar,Part,,,,Plur,Masc,Pass,
magoa,magoar,Fin,Ind,Pres,3,Sing,,,
Jogámos,jogar,Fin,Ind,Pres,1,Plur,,,
citaram,citar,Fin,Ind,Past,3,Plur,,,
referiram,referir,Fin,Ind,Past,3,Plur,,,
desvelado,desvelar,Part,,,,Sing,Masc,,
firmaram,firmar,Fin,Ind,Past,3,Plur,,,
anunciará,anunciar,Fin,Ind,Fut,3,Sing,,,
retocados,retocar,Part,,,,Plur,Masc,Pass,
encabeçados,encabeçar,Part,,,,Plur,Masc,Pass,
recaiu,recair,Fin,Ind,Past,3,Sing,,,
remodelada,remodelar,Part,,,,Sing,Fem,Pass,
encalhado,encalhar,Part,,,,Sing,Masc,,
afina,afinar,Fin,Ind,Pres,3,Sing,,,
recitando,recitar,Ger,,,,,,,
tresmalhada,tresmalhar,Part,,,,Sing,Fem,,
desbloqueada,desbloquear,Part,,,,Sing,Fem,Pass,
despronunciados,despronunciar,Part,,,,Plur,Masc,,
experimentou,experimentar,Fin,Ind,Past,3,Sing,,,
aprecia,apreciar,Fin,Ind,Pres,3,Sing,,,
Debate,debater,Fin,Ind,Pres,3,Sing,,,
Franziu,franzir,Fin,Ind,Past,3,Sing,,,
suscitados,suscitar,Part,,,,Plur,Masc,Pass,
militarizadas,militarizar,Part,,,,Plur,Fem,,
Anoitece,anoitecer,Fin,Ind,Pres,3,Sing,,,
Melhoram,melhor,Fin,Ind,Pres,3,Plur,,,
maltratadas,maltratar,Part,,,,Plur,Fem,,
liberta-a,libertar,Fin,Ind,Pres,3,Sing,,,
penaliza,penalizar,Fin,Ind,Pres,3,Sing,,,
filmada,filmar,Part,,,,Sing,Fem,Pass,
Julgada,julgar,Part,,,,Sing,Fem,,
vitimado,vitimar,Part,,,,Sing,Masc,Pass,
prendem,prender,Fin,Ind,Pres,3,Plur,,,
afundadas,afundar,Part,,,,Plur,Fem,,
reunia,reunir,Fin,Ind,Imp,3,Sing,,,
regatearam,regatear,Fin,Ind,Pres,3,Plur,,,
vedado,vedar,Part,,,,Sing,Masc,,
escassear,escassear,Inf,,,,,,,
acabariam,acabar,Fin,Cnd,,3,Plur,,,AUX
Ficarei,ficar,Fin,Ind,Fut,1,Sing,,,
prcessados,prcessar,Part,,,,Plur,Masc,,
tenham,ter,Fin,Sub,Pres,3,Plur,,,AUX
animado,animar,Part,,,,Sing,Masc,Pass,
absolve,absolver,Fin,Ind,Pres,3,Sing,,,
apanhadas,apanhar,Part,,,,Plur,Fem,Pass,
Fui,ser,Fin,Ind,Past,1,Sing,,,
ratificada,ratificar,Part,,,,Sing,Fem,Pass,
ignorado,ignorar,Part,,,,Sing,Masc,Pass,
agravam,agravar,Fin,Ind,Pres,3,Plur,,,
preencheu,preencher,Fin,Ind,Past,3,Sing,,,
Ganham,ganhar,Fin,Ind,Pres,3,Plur,,,
inanimados,inanimar,Part,,,,Plur,Masc,,
compridos,comprir,Part,,,,Plur,Masc,,
agrado,agrado,Part,,,,Sing,Masc,Pass,
Acabava,acabar,Fin,Ind,Imp,3,Sing,,,
despoletou,despoletar,Fin,Ind,Past,3,Sing,,,
resolvidos,resolver,Part,,,,Plur,Masc,,
adjudicada,adjudicar,Part,,,,Sing,Fem,Pass,
restituídos,restituir,Part,,,,Plur,Masc,,
ostentatavam,ostentatar,Fin,Ind,Imp,3,Plur,,,
carbonizado,carbonizar,Part,,,,Sing,Masc,,
Camuflamos,camuflar,Fin,Ind,Pres,1,Plur,,,
acontecera,acontecer,Fin,Ind,Past,3,Sing,,,
Alegada,alegar,Part,,,,Sing,Fem,,
gozem,gozer,Fin,Sub,Pres,3,Plur,,,
revisitou,revisitar,Fin,Ind,Past,3,Sing,,,
reencontrou,reencontrar,Fin,Ind,Past,3,Sing,,,
subornava,subornar,Fin,Ind,Imp,3,Sing,,,
impávidas,impávir,Part,,,,Plur,Fem,,
vigiam,vigir,Fin,Sub,Pres,3,Plur,,,
indignasse,indignar,Fin,Sub,Imp,3,Sing,,,
viste,vistir,Fin,Ind,Pres,3,Sing,,,
Anunciada,anunciar,Part,,,,Sing,Fem,,
assentes,assente,Part,,,,Plur,Masc,,
alargando,alargar,Ger,,,,,,,
elege,eleger,Fin,Ind,Pres,3,Sing,,,
avariavam,avariar,Fin,Ind,Imp,3,Plur,,,
despiu,despir,Fin,Ind,Past,3,Sing,,,
Poderíamos,poder,Fin,Ind,,1,Plur,,,
institucionalizado,institucionalizar,Part,,,,Sing,Masc,,
suportava,suportar,Fin,Ind,Imp,3,Sing,,,
protestam,protestar,Fin,Ind,Pres,3,Plur,,,
entornado,entornar,Part,,,,Sing,Masc,,
consagra,consagrar,Fin,Ind,Pres,3,Sing,,,
Levanta,levantar,Fin,Ind,Pres,3,Sing,,,
escavado,escavar,Part,,,,Sing,Masc,Pass,
Tentei,tentar,Fin,Ind,Past,1,Sing,,,
empresta,emprestar,Fin,Ind,Pres,3,Sing,,,
enlouquece,enlouquecer,Fin,Ind,Pres,3,Sing,,,
acender,acender,Inf,,,,,,,
falhara,falhar,Fin,Ind,Imp,3,Sing,,,
mencionámos,mencionar,Fin,Ind,Pres,1,Plur,,,
arroladas,arrolar,Part,,,,Plur,Fem,Pass,
nascerá,nascer,Fin,Ind,Fut,3,Sing,,,
sossegou,sossegar,Fin,Ind,Past,3,Sing,,,
Arrasaram,arrasar,Fin,Ind,Past,3,Plur,,,
desqualificado,desqualificar,Part,,,,Sing,Masc,Pass,
subsistiam,subsistir,Fin,Ind,Imp,3,Plur,,,
Reinava,reinar,Fin,Ind,Imp,3,Sing,,,
aplaudida,aplaudir,Part,,,,Sing,Fem,Pass,
redourar,redourar,Inf,,,,,,,
cedida,cedir,Part,,,,Sing,Fem,Pass,
martelar,martelar,Inf,,,,,,,
enunciadas,enunciar,Part,,,,Plur,Fem,,
mencionaram,mencionar,Fin,Ind,Past,3,Plur,,,
gravitar,gravitar,Inf,,,,,,,
exaltados,exaltar,Part,,,,Plur,Masc,,
insultado,insultar,Part,,,,Sing,Masc,Pass,
sintonizar,sintonizar,Inf,,,,,,,
destitui,destituir,Fin,Ind,Pres,3,Sing,,,
Totalizando,totalizar,Ger,,,,,,,
adoptam,adoptar,Fin,Ind,Pres,3,Plur,,,
comercializam,comercializar,Fin,Ind,Pres,3,Plur,,,
Observa,observar,Fin,Ind,Pres,3,Sing,,,
formalizámos,formalizar,Fin,Ind,Pres,1,Plur,,,
cooperamos,cooperar,Fin,Ind,Pres,1,Plur,,,
falados,falar,Part,,,,Plur,Masc,,
dissecam,dissecer,Fin,Ind,Pres,3,Plur,,,
brincam,brincar,Fin,Ind,Pres,3,Plur,,,
incrementa,incrementar,Fin,Ind,Pres,3,Sing,,,
Reagiriam,reagir,Fin,Cnd,,3,Plur,,,
entrariam,entrar,Fin,Cnd,,3,Plur,,,
levantam,levantar,Fin,Ind,Pres,3,Plur,,,
realojadas,realojar,Part,,,,Plur,Fem,Pass,
resolvida,resolvido,Part,,,,Sing,Fem,Pass,
Sobrou,sobrar,Fin,Ind,Past,3,Sing,,,
bloqueia,bloquear,Fin,Ind,Pres,3,Sing,,,
cerrada,cerrar,Part,,,,Sing,Fem,,
prejudicados,prejudicar,Part,,,,Plur,Masc,,
fornecido,fornecer,Part,,,,,,,
gerava,gerar,Fin,Ind,Imp,3,Sing,,,
esquecidos,esquecer,Part,,,,Plur,Masc,Pass,
revestida,revestir,Part,,,,Sing,Fem,,
discutia,discutir,Fin,Ind,Imp,3,Sing,,,
Viemos,vir,Fin,Ind,Pres,1,Plur,,,
debatido,debater,Part,,,,Sing,Masc,Pass,
oficializaram,oficializar,Fin,Ind,Past,3,Plur,,,
censuram,censurar,Fin,Ind,Pres,3,Plur,,,
embaraçar,embaraçar,Inf,,,,,,,
Quis,querer,Fin,Ind,Past,3,Sing,,,
representassem,representar,Fin,Sub,Imp,3,Plur,,,
recrutados,recrutar,Part,,,,Plur,Masc,,
ceifa,ceifar,Fin,Ind,Pres,3,Sing,,,
Aprovado,aprovar,Part,,,,Sing,Masc,,
paguei,pagar,Fin,Ind,Past,1,Sing,,,
cometida,cometer,Part,,,,Sing,Fem,Pass,
adiadas,adiar,Part,,,,Plur,Fem,,
encomendados,encomendar,Part,,,,Plur,Masc,,
comedidas,comedir,Part,,,,Plur,Fem,,
concordava,concordar,Fin,Ind,Imp,3,Sing,,,
re-inaugurado,re-inaugurar,Part,,,,Sing,Masc,,
Sobraram,sobrar,Fin,Ind,Past,3,Plur,,,
repeti,repetir,Fin,Ind,Pres,1,Sing,,,
justificariam,justificar,Fin,Ind,Past,3,Plur,,,
digerir,digerir,Inf,,,,,,,
indiciavam,indiciar,Fin,Ind,Imp,3,Plur,,,
divulgarem,divulgar,Fin,Sub,Fut,3,Plur,,,
Abandonou,abandonar,Fin,Ind,Past,3,Sing,,,
acidentada,acidentar,Part,,,,Sing,Fem,,
constituirão,constituir,Fin,Ind,Fut,3,Plur,,,
pedida,pedir,Part,,,,Sing,Fem,,
Estreitaram,estreitar,Fin,Ind,Past,3,Plur,,,
beberricava,beberricar,Fin,Ind,Pres,3,Sing,,,
aumentava,aumentar,Fin,Ind,Imp,3,Sing,,,
Jogaram,jogar,Fin,Ind,Past,3,Plur,,,
Aceitou,aceitar,Fin,Ind,Past,3,Sing,,,
afrontou,afrontar,Fin,Ind,Past,3,Sing,,,
Dedicado,dedicar,Part,,,,Sing,Masc,,
cercada,cercar,Part,,,,Sing,Fem,Pass,
rejeitava,rejeitar,Fin,Ind,Imp,3,Sing,,,
desabafava,desabafar,Fin,Ind,Imp,3,Sing,,,
salvas,salvar,Part,,,,Plur,Fem,Pass,
Bebem,beber,Fin,Ind,Pres,3,Plur,,,
desaparecido,desaparecer,Part,,,,,,,
derrapa,derrapar,Fin,Ind,Pres,3,Sing,,,
contra-atacam,contra-atacar,Fin,Ind,Pres,3,Plur,,,
desmonta,desmontar,Fin,Ind,Pres,3,Sing,,,
comportava,comportar,Fin,Ind,Imp,3,Sing,,,
Vibrou,vibrar,Fin,Ind,Past,3,Sing,,,
deixavam,deixar,Fin,Ind,Imp,3,Plur,,,
ensolarado,ensolarar,Part,,,,Sing,Masc,,
cobiçavam,cobiçar,Fin,Ind,Imp,3,Plur,,,
obtinham,obter,Fin,Ind,Imp,3,Plur,,,
custava,custar,Fin,Ind,Imp,3,Sing,,,
incinerados,incinerar,Part,,,,Plur,Masc,Pass,
agrupa,agrupar,Fin,Ind,Pres,3,Sing,,,
diminuirá,diminuir,Fin,Ind,Fut,3,Sing,,,
desarmam,desarmar,Fin,Ind,Pres,3,Plur,,,
reune,reunir,Fin,Ind,Pres,3,Sing,,,
destoassem,destoar,Fin,Sub,Pres,3,Plur,,,
alagada,alagar,Part,,,,Sing,Fem,,
jogados,jogar,Part,,,,Plur,Masc,,
venciam,vencer,Fin,Ind,Imp,3,Plur,,,
desempenhará,desempenhar,Fin,Ind,Fut,3,Sing,,,
Pintei,pintar,Fin,Ind,Past,1,Sing,,,
Abordei,abordar,Fin,Ind,Past,1,Sing,,,
ouça,ouvir,Fin,Sub,Pres,3,Sing,,,
discursou,discursar,Fin,Ind,Past,3,Sing,,,
transmitiam,transmitir,Fin,Ind,Imp,3,Plur,,,
albergou,albergar,Fin,Ind,Past,3,Sing,,,
ilegalizado,ilegalizar,Part,,,,Sing,Masc,Pass,
favorecido,favorecer,Part,,,,,,,
sobreviverão,sobreviver,Fin,Ind,Fut,3,Plur,,,
ponderado,ponderar,Part,,,,Sing,Masc,Pass,
viverão,viver,Fin,Ind,Fut,3,Plur,,,
adjudicada,adjudicar,Part,,,,Sing,Fem,,
azarada,azarar,Part,,,,Sing,Fem,,
encanta,encantar,Fin,Ind,Pres,3,Sing,,,
cumpria,cumprir,Fin,Ind,Imp,3,Sing,,,
actualizado,actualizar,Part,,,,Sing,Masc,Pass,
inscritos,inscrever,Part,,,,Plur,Masc,,
ultrapassava,ultrapassar,Fin,Ind,Imp,3,Sing,,,
rasgado,rasgado,Part,,,,Sing,Masc,Pass,
apoiavam,apoiar,Fin,Ind,Imp,3,Plur,,,
Assassinado,assassinar,Part,,,,Sing,Masc,Pass,
tapou,tapar,Fin,Ind,Past,3,Sing,,,
contei,contar,Fin,Ind,Past,1,Sing,,,
agarrar,agarrar,Inf,,,,,,,
jogamos,jogar,Fin,Ind,Pres,1,Plur,,,
contarei,contar,Fin,Ind,Pres,1,Sing,,,
recandidatar,recandidatar,Inf,,,3,Sing,,,
espantar,espantar,Inf,,,,,,,
reinvindica,reinvindicar,Fin,Ind,Pres,3,Sing,,,
Ausente,ausentar,Part,,,,Sing,Masc,,
dessem,dar,Fin,Sub,Imp,3,Plur,,,
quebram,quebrar,Fin,Ind,Pres,3,Plur,,,
assaltado,assaltar,Part,,,,Sing,Masc,Pass,
transcendeu,transcender,Fin,Ind,Past,3,Sing,,,
estruturou,estruturar,Fin,Ind,Past,3,Sing,,,
omissa,omissar,Part,,,,Sing,Fem,,
falará,falar,Fin,Ind,Fut,3,Sing,,,
completassem,completar,Fin,Sub,Imp,3,Plur,,,
acalmou,acalmar,Fin,Ind,Past,3,Sing,,,
durará,durar,Fin,Ind,Fut,3,Sing,,,
pouparia,poupar,Fin,Cnd,,3,Sing,,,
continuemos,continuar,Fin,Ind,Pres,1,Plur,,,
sorriem,sorriar,Fin,Ind,Pres,3,Plur,,,
inconformado,inconformar,Part,,,,Sing,Masc,,
compararam,comparar,Fin,Ind,Past,3,Plur,,,
ponderada,ponderar,Part,,,,Sing,Fem,Pass,
esvoaçava,esvoaçar,Fin,Ind,Pres,3,Sing,,,
reforçado,reforçar,Part,,,,Sing,Masc,,
envolvera,envolver,Fin,Ind,Imp,3,Sing,,,
galardoado,galardoar,Part,,,,Sing,Masc,Pass,
recicladas,reciclar,Part,,,,Plur,Fem,Pass,
enforcados,enforcar,Part,,,,Plur,Masc,Pass,
redimensionar,redimensionar,Inf,,,,,,,
rejubila,rejubilar,Fin,Ind,Pres,3,Sing,,,
iluminar,iluminar,Inf,,,,,,,
disfarçado,disfarçar,Part,,,,Sing,Masc,,
aveludada,aveludar,Part,,,,Sing,Fem,,
Tentaram,tentar,Fin,Ind,Past,3,Plur,,,
embala,embalar,Fin,Ind,Pres,3,Sing,,,
despertou,despertar,Fin,Ind,Past,3,Sing,,,
apodrecer,apodrecer,Inf,,,,,,,
menosprezado,menosprezar,Part,,,,Sing,Masc,Pass,
Perdemos,perder,Fin,Ind,Pres,1,Plur,,,
amamos,amar,Fin,Ind,Pres,1,Plur,,,
restituídos,restituir,Part,,,,Plur,Masc,Pass,
encomendei,encomendar,Fin,Ind,Past,1,Sing,,,
filmou,filmar,Fin,Ind,Past,3,Sing,,,
fotografou,fotografar,Fin,Ind,Past,3,Sing,,,
moro,matar,Fin,Ind,Pres,1,Sing,,,
Quisemos,querer,Fin,Ind,Past,1,Plur,,,
Tínhamos,ter,Fin,Ind,Imp,1,Plur,,,AUX
calhar,calhar,Fin,Sub,Pres,1,Sing,,,
Encerrados,encerrar,Part,,,,Plur,Masc,,
primam,primar,Fin,Ind,Pres,3,Plur,,,
debruça,debruçar,Fin,Ind,Pres,3,Sing,,,
transaccionado,transaccionar,Part,,,,Sing,Masc,,
recriada,recriar,Part,,,,Sing,Fem,,
estabelecer,estabelecer,Inf,,,3,Sing,,,
ceder,ceder,Fin,Sub,Fut,3,Sing,,,
subsidiada,subsidiar,Part,,,,Sing,Fem,,
traímos,trazer,Fin,Ind,Pres,1,Plur,,,
Recuei,recuar,Fin,Ind,Past,1,Sing,,,
recuei,recuar,Fin,Ind,Past,1,Sing,,,
continuarem,continuar,Inf,,,3,Plur,,,AUX
referimos,referir,Fin,Ind,Pres,1,Plur,,,
apinhada,apinhar,Part,,,,Sing,Fem,,
segregar,segregar,Inf,,,,,,,
Existia,existir,Fin,Ind,Imp,3,Sing,,,
Vê,ver,Fin,Ind,Pres,3,Sing,,,
Aceitei,aceitar,Fin,Ind,Past,1,Sing,,,
alongou,alongar,Fin,Ind,Past,3,Sing,,,
pensarão,pensar,Fin,Ind,Fut,3,Plur,,,
partilhada,partilhar,Part,,,,Sing,Fem,Pass,
estudará,estudar,Fin,Ind,Fut,3,Sing,,,
asfixiado,asfixiar,Part,,,,Sing,Masc,,
lapidado,lapidar,Part,,,,Sing,Masc,,
multiplica,multiplicar,Fin,Ind,Pres,3,Sing,,,
interrompidos,interromper,Part,,,,Plur,Masc,,
refira,refirar,Fin,Sub,Pres,3,Sing,,,
festejado,festejar,Part,,,,Sing,Masc,Pass,
revelavam,revelar,Fin,Ind,Imp,3,Plur,,,
lerão,ler,Fin,Ind,Fut,3,Plur,,,
tremeu,tremer,Fin,Ind,Past,3,Sing,,,
reanimada,reanimar,Part,,,,Sing,Fem,Pass,
empolada,empolar,Part,,,,Sing,Fem,,
obrigada,obrigar,Part,,,,Sing,Fem,,
indemnizar,indemnizar,Inf,,,,,,,
Avaliando,avaliar,Ger,,,,,,,
baleados,balear,Part,,,,Plur,Masc,,
estragar,estragar,Inf,,,,,,,
tranquilizar,tranquilizar,Inf,,,,,,,
procriam,procrer,Fin,Ind,Pres,3,Plur,,,
Deixo,deixar,Fin,Ind,Pres,1,Sing,,,
reduzissem,reduzir,Fin,Sub,Imp,3,Plur,,,
recaía,recair,Fin,Ind,Imp,3,Sing,,,
Ganharam,ganhar,Fin,Ind,Past,3,Plur,,,
formalizará,formalizar,Fin,Ind,Fut,3,Sing,,,
reavalia,reavaliar,Fin,Ind,Pres,3,Sing,,,
sinalizados,sinalizar,Part,,,,Plur,Masc,,
exagerada,exagerar,Part,,,,Sing,Fem,,
curtem,curtar,Fin,Ind,Pres,3,Plur,,,
reaparece,reaparecer,Fin,Ind,Pres,3,Sing,,,
sulcadas,sulcar,Part,,,,Plur,Fem,Pass,
protagoniza,protagonizar,Fin,Ind,Pres,3,Sing,,,
fixar,fixar,Inf,,,3,Sing,,,
exorcizados,exorcizar,Part,,,,Plur,Masc,,
raptaram,raptar,Fin,Ind,Past,3,Plur,,,
preocupem,preocupar,Fin,Sub,Pres,3,Plur,,,
cumprimos,cumprir,Fin,Ind,Pres,1,Plur,,,
pasteurizada,pasteurizar,Part,,,,Sing,Fem,,
Entrarei,entrar,Fin,Ind,Fut,1,Sing,,,
reestruturados,reestruturar,Part,,,,Plur,Masc,,
repudiadas,repudiar,Part,,,,Plur,Fem,,
decrescem,decrescer,Fin,Ind,Pres,3,Plur,,,
encarado,encarar,Part,,,,Sing,Masc,,
desarticulada,desarticular,Part,,,,Sing,Fem,,
mandando,mandar,Ger,,,,,,,
atabalhoado,atabalhoar,Part,,,,Sing,Masc,,
voavam,voavar,Fin,Ind,Imp,3,Plur,,,
rareavam,rarear,Fin,Ind,Imp,3,Plur,,,
construo,construir,Fin,Ind,Pres,1,Sing,,,
sobrevoada,sobrevoar,Part,,,,Sing,Fem,Pass,
agredido,agredir,Part,,,,Sing,Masc,,
alienada,alienar,Part,,,,Sing,Fem,Pass,
perfilou,perfilar,Fin,Ind,Past,3,Sing,,,
retomava,retomar,Fin,Ind,Imp,3,Sing,,,
jogarmos,jogar,Fin,Sub,Fut,1,Plur,,,
descurar,descurar,Inf,,,,,,,
Diminui,diminuir,Fin,Ind,Pres,3,Sing,,,
ditado,ditar,Part,,,,Sing,Masc,Pass,
interpelada,interpelar,Part,,,,Sing,Fem,Pass,
pertencerá,pertencer,Fin,Ind,Fut,3,Sing,,,
contagiaram,contagiar,Fin,Ind,Past,3,Plur,,,
ordenada,ordenar,Part,,,,Sing,Fem,,
desfilar,desfilar,Inf,,,,,,,
correrá,correr,Fin,Ind,Fut,3,Sing,,,
Preciso,precisar,Fin,Ind,Pres,1,Sing,,,
financiam,financiar,Fin,Ind,Pres,3,Plur,,,
Registaram,registar,Fin,Ind,Past,3,Plur,,,
assaltadas,assaltar,Part,,,,Plur,Fem,,
castigados,castigar,Part,,,,Plur,Masc,Pass,
rescinde,rescinder,Fin,Ind,Pres,3,Sing,,,
Defendi,defender,Fin,Ind,Past,1,Sing,,,
tenhamos,ter,Fin,Sub,Pres,1,Plur,,,AUX
ganhamos,ganhar,Fin,Ind,Pres,1,Plur,,,
activam,activar,Fin,Ind,Pres,3,Plur,,,
antecederá,anteceder,Fin,Ind,Fut,3,Sing,,,
sufragado,sufragar,Part,,,,Sing,Masc,Pass,
declina,declinar,Fin,Ind,Pres,3,Sing,,,
janta,jantar,Fin,Ind,Pres,3,Sing,,,
ouvida,ouvidar,Part,,,,Sing,Fem,,
Promove,promover,Fin,Ind,Pres,3,Sing,,,
procurei,procurar,Fin,Ind,Past,1,Sing,,,
Discursando,discursar,Ger,,,,,,,
refutou,refutar,Fin,Ind,Past,3,Sing,,,
aquecem,aquecer,Fin,Ind,Pres,3,Plur,,,
atrasada,atrasar,Part,,,,Sing,Fem,,
destituir,destituir,Inf,,,,,,,
Exigem,exigir,Fin,Ind,Pres,3,Plur,,,
proíbem,proibir,Fin,Ind,Pres,3,Plur,,,
Ficarão,ficar,Fin,Ind,Fut,3,Plur,,,AUX
reacende,reacender,Fin,Ind,Pres,3,Sing,,,
assistiremos,assistir,Fin,Ind,Pres,1,Plur,,,
praticamos,praticar,Fin,Ind,Pres,1,Plur,,,
Especulou,especular,Fin,Ind,Past,3,Sing,,,
obedecem,obedecer,Fin,Ind,Pres,3,Plur,,,
agride,agridir,Fin,Ind,Pres,3,Sing,,,
Voltou,voltar,Fin,Ind,Past,3,Sing,,,AUX
apreendem,apreender,Fin,Ind,Pres,3,Plur,,,
desconhecidas,desconhecer,Part,,,,Plur,Fem,Pass,
falecera,falecer,Fin,Ind,Imp,3,Sing,,,
respiraram,respirar,Fin,Ind,Past,3,Plur,,,
cercaram,cercar,Fin,Ind,Past,3,Plur,,,
acaloradas,acalorar,Part,,,,Plur,Fem,,
bombardeado,bombardear,Part,,,,Sing,Masc,Pass,
veria,ver,Fin,Cnd,,3,Sing,,,
regularizada,regularizar,Part,,,,Sing,Fem,,
bloqueando,bloquear,Ger,,,,,,,
reconhecem,reconhecer,Fin,Ind,Pres,3,Plur,,,
mobilize,mobilizar,Fin,Sub,Pres,3,Sing,,,
caminhe,caminhar,Fin,Sub,Pres,3,Sing,,,
seguiria,seguir,Fin,Cnd,,3,Sing,,,
assaltou,assaltar,Fin,Ind,Past,3,Sing,,,
planeada,planear,Part,,,,Sing,Fem,Pass,
compre,comprir,Fin,Sub,Pres,3,Sing,,,
Esperada,esperar,Part,,,,Sing,Fem,,
lidou,lidar,Fin,Ind,Past,3,Sing,,,
abrandou,abrandar,Fin,Ind,Past,3,Sing,,,
aguardada,aguardar,Part,,,,Sing,Fem,,
concretiza,concretizar,Fin,Ind,Pres,3,Sing,,,
impulsionados,impulsionar,Part,,,,Plur,Masc,Pass,
temperadas,temperar,Part,,,,Plur,Fem,,
amassada,amassar,Part,,,,Sing,Fem,,
enlouquecem,enlouquecer,Fin,Ind,Pres,3,Plur,,,
acorrerá,acorrer,Fin,Ind,Fut,3,Sing,,,
divulguem,divulguir,Fin,Sub,Pres,3,Plur,,,
contra-ataca,contra-atacer,Fin,Ind,Pres,3,Sing,,,
afastara,afastar,Fin,Ind,Imp,3,Sing,,,
funcione,funcionar,Fin,Sub,Pres,3,Sing,,,
entregam,entregar,Fin,Ind,Pres,3,Plur,,,
desdobrados,desdobrar,Part,,,,Plur,Masc,Pass,
refutada,refutar,Part,,,,Sing,Fem,Pass,
despejada,despejar,Part,,,,Sing,Fem,,
radiografou,radiografar,Fin,Ind,Past,3,Sing,,,
mobilizando,mobilizar,Ger,,,,,,,
terminavam,terminar,Fin,Ind,Imp,3,Plur,,,
aflorados,aflorar,Part,,,,Plur,Masc,Pass,
fabricada,fabricar,Part,,,,Sing,Fem,,
vertido,verter,Part,,,,Sing,Masc,Pass,
Perdeu,perder,Fin,Ind,Past,3,Sing,,,
nomeará,nomear,Fin,Ind,Fut,3,Sing,,,
Desprezou,desprezar,Fin,Ind,Past,3,Sing,,,
estupefacta,estupefacer,Fin,Ind,Pres,3,Sing,,,
enterrados,enterrar,Part,,,,Plur,Masc,Pass,
confiou,confiar,Fin,Ind,Past,3,Sing,,,
aconselhou,aconselhar,Fin,Ind,Past,3,Sing,,,
alinhavar,alinhavar,Inf,,,,,,,
jogarei,jogar,Fin,Ind,Fut,1,Sing,,,
patrulhar,patrulhar,Inf,,,,,,,
apeado,apear,Part,,,,Sing,Masc,Pass,
localizasse,localizar,Fin,Sub,Imp,3,Sing,,,
desabar,desabar,Inf,,,,,,,
limpos,limpor,Part,,,,Plur,Masc,,
carimbados,carimbar,Part,,,,Plur,Masc,Pass,
congregue,congregar,Fin,Ind,Pres,3,Sing,,,
reflectiam,reflectir,Fin,Ind,Pres,3,Plur,,,
Acordavam,acordar,Fin,Ind,Imp,3,Plur,,,
numeradas,numerar,Part,,,,Plur,Fem,Pass,
arguida,arguir,Part,,,,Sing,Fem,Pass,
absolvida,absolver,Part,,,,Sing,Fem,Pass,
Colocou,colocar,Fin,Ind,Past,3,Sing,,,
despejando,despejar,Ger,,,,,,,
arrebatados,arrebatar,Part,,,,Plur,Masc,,
Identificados,identificar,Part,,,,Plur,Masc,,
arquiva,arquivar,Fin,Ind,Pres,3,Sing,,,
resolveria,resolver,Fin,Cnd,,3,Sing,,,
desabou,desabar,Fin,Ind,Past,3,Sing,,,
proibida,proibir,Part,,,,Sing,Fem,,
domesticado,domesticar,Part,,,,Sing,Masc,,
citavam,citar,Fin,Ind,Imp,3,Plur,,,
Interfere,interferir,Fin,Ind,Pres,3,Sing,,,
reconquistadas,reconquistar,Part,,,,Plur,Fem,,
banhada,banhar,Part,,,,Sing,Fem,,
absorvidos,absorver,Part,,,,Plur,Masc,Pass,
reiniciam,reiniciar,Fin,Ind,Pres,3,Plur,,,
elogiada,elogiar,Part,,,,Sing,Fem,Pass,
correrão,correr,Fin,Ind,Fut,3,Plur,,,
temido,temer,Part,,,,Sing,Masc,Pass,
castigado,castigar,Part,,,,Sing,Masc,Pass,
acabarem,acabar,Fin,Sub,Fut,3,Plur,,,
obrigaram,obrigar,Fin,Ind,Past,3,Plur,,,
neutralizados,neutralizar,Part,,,,Plur,Masc,,
publicaremos,publicar,Fin,Ind,Fut,1,Plur,,,
gere,gerir,Fin,Sub,Pres,3,Sing,,,
Marcámos,marcar,Fin,Ind,Past,1,Plur,,,
Chegávamos,chegar,Fin,Ind,Imp,1,Plur,,,
Concordamos,concordar,Fin,Ind,Pres,1,Plur,,,
tido,ter,Part,,,,,Masc,,
pretendido,pretender,Part,,,,Sing,Masc,Pass,
Veio,vir,Fin,Ind,Past,3,Sing,,,
atribuladas,atribular,Part,,,,Plur,Fem,,
exceptuarmos,exceptuar,Fin,Sub,Fut,3,Plur,,,
violada,violar,Part,,,,Sing,Fem,Pass,
fervilhava,fervilhar,Fin,Ind,Imp,3,Sing,,,
amargou,amargar,Fin,Ind,Past,3,Sing,,,
previam,prever,Fin,Ind,Past,3,Plur,,,
patrulham,patrulhar,Fin,Ind,Pres,3,Plur,,,
resolveremos,resolver,Fin,Sub,Pres,1,Plur,,,
Rejeita,rejeitar,Fin,Ind,Pres,3,Sing,,,
revendidos,revender,Part,,,,Plur,Masc,,
Moravam,morar,Fin,Ind,Imp,3,Plur,,,
suspiram,suspirar,Fin,Ind,Pres,3,Plur,,,
suspirar,suspirar,Inf,,,,,,,
circularão,circular,Fin,Ind,Fut,3,Plur,,,
existirão,existir,Fin,Ind,Fut,3,Plur,,,
recolhido,recolhido,Part,,,,,,,
perfaz,perfar,Fin,Ind,Pres,3,Sing,,,
transmiti,transmitir,Fin,Ind,Pres,1,Sing,,,
empurra,empurrar,Fin,Ind,Pres,3,Sing,,,
tens,ter,Fin,Ind,Pres,1,Sing,,,
desarmou,desarmar,Fin,Ind,Past,3,Sing,,,
encabeçará,encabeçar,Fin,Ind,Fut,3,Sing,,,
pacificado,pacificar,Part,,,,Sing,Masc,,
arde,ardir,Fin,Ind,Pres,3,Sing,,,
Cresci,crescer,Fin,Ind,Past,1,Sing,,,
desmistificar,desmistificar,Inf,,,,,,,
Processou,processar,Fin,Ind,Past,3,Sing,,,
odiei,odiar,Fin,Ind,Past,1,Sing,,,
dormi,dormer,Fin,Ind,Past,1,Sing,,,
despropositada,despropositar,Part,,,,Sing,Fem,,
Gostámos,gostar,Fin,Ind,Past,1,Plur,,,
amadurecido,amadurecer,Part,,,,Sing,Masc,,
desaconselham,desaconselhar,Fin,Ind,Pres,3,Plur,,,
retratarem,retratar,Fin,Sub,Fut,3,Plur,,,
recorrerei,recorrer,Fin,Ind,Pres,1,Sing,,,
confiada,confiar,Part,,,,Sing,Fem,Pass,
ultimar,ultimar,Inf,,,,,,,
dourada,dourar,Part,,,,Sing,Fem,,
espartilhar,espartilhar,Inf,,,,,,,
Dominam,dominar,Fin,Ind,Pres,3,Plur,,,
acalma,acalmar,Fin,Ind,Pres,3,Sing,,,
guia,guia,Fin,Ind,Pres,3,Sing,,,
Estava,estar,Fin,Ind,Imp,3,Sing,,,
zangado,zangar,Part,,,,Sing,Masc,,
continuados,continuar,Part,,,,Plur,Masc,,
esbarraram,esbarrar,Fin,Ind,Past,3,Plur,,,
Saí,sair,Fin,Ind,Past,1,Sing,,,
apanhei,apanhar,Fin,Ind,Past,1,Sing,,,
Fecha,fechar,Fin,Ind,Pres,3,Sing,,,
destituído,destituir,Part,,,,Sing,Masc,Pass,
comungaram,comungar,Fin,Ind,Imp,3,Plur,,,
furtado,furtar,Part,,,,Sing,Masc,Pass,
despique,despicar,Fin,Ind,Pres,1,Sing,,,
Frequenta,frequentar,Fin,Ind,Pres,3,Sing,,,
adulterado,adulterar,Part,,,,Sing,Masc,,
pára,parar,Fin,Ind,Pres,3,Sing,,,
atenua,atenuar,Fin,Ind,Pres,3,Sing,,,
decapitado,decapitar,Part,,,,Sing,Masc,Pass,
desintegrada,desintegrar,Part,,,,Sing,Fem,,
melhoraram,melhorar,Fin,Ind,Past,3,Plur,,,
pende,pender,Fin,Ind,Pres,3,Sing,,,
Andam,andar,Fin,Ind,Pres,3,Plur,,,
esticados,esticar,Part,,,,Plur,Masc,,
Decide,decidir,Fin,Ind,Pres,3,Sing,,,
Sentia,sentir,Fin,Ind,Imp,3,Sing,,,
despejaram,despejar,Fin,Ind,Past,3,Plur,,,
releio,reler,Fin,Ind,Pres,1,Sing,,,
desfiadas,desfiar,Part,,,,Plur,Fem,,
boicota,boicotar,Fin,Ind,Pres,3,Sing,,,
agudizado,agudizar,Part,,,,Sing,Masc,Pass,
Começava,começar,Fin,Ind,Imp,3,Sing,,,AUX
envergava,envergar,Fin,Ind,Imp,3,Sing,,,
Enfatizamos,enfatizar,Fin,Ind,Pres,1,Plur,,,
premiada,premiar,Part,,,,Sing,Fem,Pass,
avançavam,avançar,Fin,Ind,Imp,3,Plur,,,
patrocinará,patrocinar,Fin,Ind,Fut,3,Sing,,,
consagrar,consagrar,Inf,,,,,,,
equacionadas,equacionar,Part,,,,Plur,Fem,Pass,
reconstrói,reconstruir,Fin,Ind,Pres,3,Sing,,,
selado,selar,Part,,,,Sing,Masc,Pass,
Volte-face,volte-far,Fin,Ind,Pres,3,Sing,,,
superava,superar,Fin,Ind,Imp,3,Sing,,,
onera,onerar,Fin,Ind,Pres,3,Sing,,,
atingimos,atingir,Fin,Ind,Pres,1,Plur,,,
mandada,mandar,Part,,,,Sing,Fem,Pass,
Atinge,atingir,Fin,Ind,Pres,3,Sing,,,
gravará,gravar,Fin,Ind,Fut,3,Sing,,,
insurgisse,insurgir,Fin,Sub,Imp,3,Sing,,,
Existiam,existir,Fin,Ind,Imp,3,Plur,,,
Pagámos,pagar,Fin,Ind,Pres,1,Plur,,,
Reassumiu,reassumir,Fin,Ind,Past,3,Sing,,,
decididos,decidir,Part,,,,Plur,Masc,Pass,
alicerçada,alicerçar,Part,,,,Sing,Fem,,
estivéssemos,estar,Fin,Sub,Imp,3,Plur,,,
atemorizam,atemorizar,Fin,Ind,Pres,3,Plur,,,
reorganizada,reorganizar,Part,,,,Sing,Fem,Pass,
realizado,realizar,Part,,,,,,,
desassossegou,desassossegar,Fin,Ind,Past,3,Sing,,,
adiados,adiar,Part,,,,Plur,Masc,Pass,
Gostámos,gostar,Fin,Ind,Pres,1,Plur,,,
adoramos,adorar,Fin,Ind,Pres,1,Plur,,,
efectuados,efectuar,Part,,,,Plur,Masc,,
satisfeitas,satisfazer,Part,,,,Plur,Fem,Pass,
decretada,decretar,Part,,,,Sing,Fem,Pass,
vulgarizaram,vulgarizar,Fin,Ind,Pres,3,Plur,,,
Dirá,dizer,Fin,Ind,Fut,3,Sing,,,
lavrada,lavrar,Part,,,,Sing,Fem,,
apadrinham,apadrir,Fin,Ind,Pres,3,Plur,,,
distinguidas,distinguir,Part,,,,Plur,Fem,Pass,
assassinava,assassinar,Fin,Ind,Imp,3,Sing,,,
aumentariam,aumentar,Fin,Cnd,,3,Plur,,,
embandeirada,embandeirar,Part,,,,Sing,Fem,,
ouço,ouvir,Fin,Ind,Pres,1,Sing,,,
Provocou,provocar,Fin,Ind,Past,3,Sing,,,
meteram,meter,Fin,Ind,Past,3,Plur,,,
falhem,falhar,Fin,Sub,Pres,3,Plur,,,
Conhecem,conhecer,Fin,Ind,Pres,3,Plur,,,
usavam,usar,Fin,Ind,Imp,3,Plur,,,
juncam,juncar,Fin,Ind,Pres,3,Plur,,,
reconhecemos,reconhecer,Fin,Ind,Pres,1,Plur,,,
Admitem,admitir,Fin,Ind,Pres,3,Plur,,,
desmantela,desmantel,Fin,Ind,Pres,3,Sing,,,
encaradas,encarar,Part,,,,Plur,Fem,,
pressupõem,pressupor,Fin,Ind,Pres,3,Plur,,,
desejassem,desejar,Fin,Sub,Imp,3,Plur,,,
iluminava,iluminar,Fin,Ind,Imp,3,Sing,,,
consagrados,consagrar,Part,,,,Plur,Masc,,
Recorrerá,recorrer,Fin,Ind,Fut,3,Sing,,,
herdaram,herdar,Fin,Ind,Past,3,Plur,,,
cometidos,cometer,Part,,,,Plur,Masc,,
adjudicadas,adjudicar,Part,,,,Plur,Fem,,
anoitecer,anoitecer,Inf,,,,,,,
desiludido,desiludir,Part,,,,Sing,Masc,,
encavalitada,encavalitar,Part,,,,Sing,Fem,,
clarifique,clarificar,Fin,Sub,Pres,3,Sing,,,
falsearam,falsear,Fin,Ind,Past,3,Plur,,,
pudermos,poder,Fin,Sub,Fut,1,Plur,,,
encarnado,encarnar,Part,,,,Sing,Masc,,
Encolhe,encolher,Fin,Ind,Pres,3,Sing,,,
revolucionará,revolucionar,Fin,Ind,Fut,3,Sing,,,
assinalaria,assinalar,Fin,Ind,,3,Sing,,,
rasurado,rasurar,Part,,,,Sing,Masc,Pass,
aviadas,aviar,Part,,,,Plur,Fem,,
ganhávamos,ganhar,Fin,Ind,Imp,1,Plur,,,
avançaremos,avançar,Fin,Ind,Pres,1,Plur,,,
apreendidas,apreender,Part,,,,Plur,Fem,,
Registado,registar,Part,,,,Sing,Masc,,
escasseiam,escassear,Fin,Ind,Pres,3,Plur,,,
providencia,providenciar,Fin,Ind,Pres,3,Sing,,,
engendra,engendrar,Fin,Ind,Pres,3,Sing,,,
distinguida,distinguir,Part,,,,Sing,Fem,Pass,
votara,votar,Fin,Ind,Pres,3,Sing,,,
contactado,contactar,Part,,,,Sing,Masc,,
simularam,simular,Fin,Ind,Past,3,Plur,,,
admiravam,admirar,Fin,Ind,Imp,3,Plur,,,
chumbou,chumbar,Fin,Ind,Past,3,Sing,,,
Fala-se,falar,Fin,Ind,Pres,3,Sing,,,
fizéssemos,fazer,Fin,Ind,Imp,1,Plur,,,
prestadas,prestar,Part,,,,Plur,Fem,Pass,
expandiram,expander,Fin,Ind,Past,3,Plur,,,
indignado,indignar,Part,,,,Sing,Masc,,
instruiu,instruir,Fin,Ind,Past,3,Sing,,,
raptada,raptar,Part,,,,Sing,Fem,,
institucionalize,institucionalizar,Fin,Sub,Pres,3,Sing,,,
atravessados,atravessar,Part,,,,Plur,Masc,,
embalavam,embalar,Fin,Ind,Imp,3,Plur,,,
filmei,filmar,Fin,Ind,Past,1,Sing,,,
sobre-exploradas,sobre-explorar,Part,,,,Plur,Fem,,
chuvadas,chuvar,Part,,,,Plur,Fem,,
Determinadas,determinar,Part,,,,Plur,Fem,,
começavam,começar,Fin,Ind,Imp,3,Plur,,,AUX
chover,chover,Fin,Sub,Fut,3,Sing,,,
empreendidas,empreender,Part,,,,Plur,Fem,Pass,
prometidos,prometer,Part,,,,Plur,Masc,Pass,
unidos,unir,Part,,,,Plur,Masc,Pass,
resumia,resumir,Fin,Ind,Imp,3,Sing,,,
custaria,custar,Fin,Cnd,,3,Sing,,,
precisos,preciso,Part,,,,Plur,Masc,Pass,
estimulados,estimular,Part,,,,Plur,Masc,Pass,
Andaram,andar,Fin,Ind,Past,3,Plur,,,
Contestada,contestar,Part,,,,Sing,Fem,,
Encontrámos,encontrar,Fin,Ind,Pres,1,Plur,,,
inviabilizou,inviabilizar,Fin,Ind,Past,3,Sing,,,
chatear,chatear,Inf,,,,,,,
atropelado,atropelar,Part,,,,Sing,Masc,,
Aceitámos,aceitar,Fin,Ind,Pres,1,Plur,,,
aviar,aviar,Inf,,,,,,,
comparam,comparar,Fin,Ind,Pres,3,Plur,,,
resumido,resumir,Part,,,,Sing,Masc,Pass,
recrudescem,recrudescer,Fin,Ind,Pres,3,Plur,,,
desferidos,desferir,Part,,,,Plur,Masc,Pass,
condensou,condensar,Fin,Ind,Past,3,Sing,,,
rente,rentir,Fin,Ind,Pres,3,Sing,,,
pronunciada,pronunciar,Part,,,,Sing,Fem,Pass,
treinada,treinar,Part,,,,Sing,Fem,,
subsidia,subsidir,Fin,Ind,Pres,3,Sing,,,
Disparam,disparar,Fin,Ind,Pres,3,Plur,,,
fogem,fugir,Fin,Ind,Pres,3,Plur,,,
Sabiam,saber,Fin,Ind,Imp,3,Plur,,,
pesca,pesca,Fin,Ind,Pres,3,Sing,,,
amarrada,amarrar,Part,,,,Sing,Fem,Pass,
podes,poder,Fin,Ind,Pres,1,Sing,,,
procuraria,procurar,Fin,Cnd,,3,Sing,,,
chumbar,chumbar,Inf,,,,,,,
encarou,encarar,Fin,Ind,Past,3,Sing,,,
limadas,limar,Part,,,,Plur,Fem,Pass,
Decorria,decorrer,Fin,Ind,Imp,3,Sing,,,
esquecido,esquecer,Part,,,,Sing,Masc,,
Descendem,descender,Fin,Ind,Pres,3,Plur,,,
respeitadas,respeitar,Part,,,,Plur,Fem,,
demonstrasse,demonstrar,Fin,Sub,Imp,3,Sing,,,
Instaurados,instaurar,Part,,,,Plur,Masc,,
redigiram,redigir,Fin,Ind,Past,3,Plur,,,
silenciado,silenciar,Part,,,,,,,
molestada,molestar,Part,,,,Sing,Fem,Pass,
esfriou,esfriar,Fin,Ind,Past,3,Sing,,,
fixadas,fixar,Part,,,,Plur,Fem,,
configurou,configurar,Fin,Ind,Past,3,Sing,,,
suprimiram,suprimir,Fin,Ind,Imp,3,Plur,,,
Apanhados,apanhar,Part,,,,Plur,Masc,,
Aguarda,aguardar,Fin,Ind,Pres,3,Sing,,,
actuou,actuar,Fin,Ind,Past,3,Sing,,,
conferiam,conferir,Fin,Ind,Imp,3,Plur,,,
estragada,estragar,Part,,,,Sing,Fem,Pass,
Aparecem,aparecer,Fin,Ind,Pres,3,Plur,,,
rosadas,rosar,Part,,,,Plur,Fem,,
desfaz,desfazer,Fin,Ind,Pres,3,Sing,,,
liquidaram,liquidar,Fin,Ind,Past,3,Plur,,,
arranjaram,arranjar,Fin,Ind,Past,3,Plur,,,
esfaqueado,esfaquear,Part,,,,Sing,Masc,,
desembolsados,desembolsar,Part,,,,Plur,Masc,Pass,
Coordenei,coordenar,Fin,Ind,Past,1,Sing,,,
colaborei,colaborar,Fin,Ind,Past,1,Sing,,,
Convence-a,convence-,Fin,Ind,Pres,3,Sing,,,
reeditados,reeditar,Part,,,,Plur,Masc,Pass,
reencontrados,reencontrar,Part,,,,Plur,Masc,,
Traziam,trazer,Fin,Ind,Imp,3,Plur,,,
chapado,chapar,Part,,,,Sing,Masc,,
compiladas,compilar,Part,,,,Plur,Fem,Pass,
prejudicados,prejudicar,Part,,,,Plur,Masc,Pass,
beneficiava,beneficiar,Fin,Ind,Imp,3,Sing,,,
Gosta,gostar,Fin,Ind,Pres,3,Sing,,,
aprofundou,aprofundar,Fin,Ind,Past,3,Sing,,,
Estivemos,estar,Fin,Ind,Pres,1,Plur,,,
detesta,detestar,Fin,Ind,Pres,3,Sing,,,
denotou,denotar,Fin,Ind,Past,3,Sing,,,
cantam,cantar,Fin,Ind,Pres,3,Plur,,,
revivendo,reviver,Ger,,,,,,,
pegaram,pegar,Fin,Ind,Past,3,Plur,,,
encetaram,encetar,Fin,Ind,Past,3,Plur,,,
dilatados,dilatar,Part,,,,Plur,Masc,,
Toparam,topar,Fin,Ind,Past,3,Plur,,,
incomodados,incomodar,Part,,,,Plur,Masc,Pass,
respirava,respirar,Fin,Ind,Imp,3,Sing,,,
sobrevivendo,sobreviver,Ger,,,,,,,
participadas,participar,Part,,,,Plur,Fem,,
Avaliaremos,avaliar,Fin,Ind,Pres,1,Plur,,,
desmontou,desmontar,Fin,Ind,Past,3,Sing,,,
preferidos,preferir,Part,,,,Plur,Masc,,
triplica,triplicar,Fin,Ind,Pres,3,Sing,,,
Demonstrará,demonstrar,Fin,Ind,Fut,3,Sing,,,
demonstrará,demonstrar,Fin,Ind,Fut,3,Sing,,,
demonstrar,demonstrar,Fin,Sub,Fut,3,Sing,,,
cavará,cavar,Fin,Ind,Pres,3,Sing,,,
obceca,obcecer,Fin,Ind,Pres,3,Sing,,,
nomeiam,nomear,Fin,Ind,Pres,3,Plur,,,
ferem,ferir,Fin,Ind,Pres,3,Plur,,,
realojar,realojar,Inf,,,,,,,
iniciei,iniciar,Fin,Ind,Past,1,Sing,,,
obliterar,obliterar,Inf,,,,,,,
reivindicavam,reivindicar,Fin,Ind,Imp,3,Plur,,,
Faremos,far,Fin,Ind,Pres,1,Plur,,,
assola,assolar,Fin,Ind,Pres,3,Sing,,,
desembolsa,desembolsar,Fin,Ind,Pres,3,Sing,,,
Detectou,detectar,Fin,Ind,Past,3,Sing,,,
soterradas,soterrar,Part,,,,Plur,Fem,,
Encontrei,encontrar,Fin,Ind,Past,1,Sing,,,
regido,regeder,Part,,,,Sing,Masc,Pass,
comprara,comprar,Fin,Ind,Imp,3,Sing,,,
soprava,soprar,Fin,Ind,Imp,3,Sing,,,
requisitar,requisitar,Inf,,,,,,,
afunilado,afunilar,Part,,,,Sing,Masc,,
segrega,segregar,Fin,Ind,Pres,3,Sing,,,
formulada,formular,Part,,,,Sing,Fem,Pass,
reconhecera,reconhecer,Fin,Ind,Past,3,Sing,,,
imobiliza,imobilizar,Fin,Ind,Pres,3,Sing,,,
aguçar,aguçar,Inf,,,,,,,
ultrapassámos,ultrapassar,Fin,Ind,Past,1,Plur,,,
insultada,insultar,Part,,,,Sing,Fem,,
Ditam,dizer,Fin,Ind,Pres,3,Plur,,,
dispensados,dispensar,Part,,,,Plur,Masc,Pass,
pouparão,poupar,Fin,Ind,Fut,3,Plur,,,
Esperando,esperar,Ger,,,,,,,
iluminada,iluminar,Part,,,,Sing,Fem,,
tremiam,tremer,Fin,Ind,Imp,3,Plur,,,
flutuam,flutuar,Fin,Ind,Pres,3,Plur,,,
padronizados,padronizar,Part,,,,Plur,Masc,,
debilitados,debilitar,Part,,,,Plur,Masc,,
auguram,augurar,Fin,Ind,Past,3,Plur,,,
metia,meter,Fin,Ind,Imp,3,Sing,,,
adoptado,adoptar,Part,,,,Sing,Masc,Pass,
adivinhasse,adivinhar,Fin,Sub,Pres,3,Sing,,,
rondavam,rondar,Fin,Ind,Imp,3,Plur,,,
Reunidas,reunir,Part,,,,Plur,Fem,,
marginalizados,marginalizado,Part,,,,Plur,Masc,Pass,
valorizaram,valorizar,Fin,Ind,Past,3,Plur,,,
Começo,começar,Fin,Ind,Pres,1,Sing,,,AUX
celebrada,celebrar,Part,,,,Sing,Fem,,
escandalizam,escandalizar,Fin,Ind,Pres,3,Plur,,,
assalariado,assalariar,Part,,,,Sing,Masc,,
passeia,passear,Fin,Ind,Pres,3,Sing,,,
Desentorpece,desentorpecer,Fin,Ind,Pres,3,Sing,,,
lideraram,liderar,Fin,Ind,Past,3,Plur,,,
Usa,usar,Fin,Ind,Pres,3,Sing,,,
azedam,azidar,Fin,Ind,Pres,3,Plur,,,
impingir,impingir,Inf,,,,,,,
Arregaçámos,arregaçar,Fin,Ind,Pres,1,Plur,,,
excederá,exceder,Fin,Ind,Fut,3,Sing,,,
pensados,pensar,Part,,,,Plur,Masc,,
namoramos,namorar,Fin,Ind,Pres,1,Plur,,,
nómada,nómar,Part,,,,Sing,Fem,,
rebentava,rebentar,Fin,Ind,Imp,3,Sing,,,
Conhece,conhecer,Fin,Ind,Pres,3,Sing,,,
destronar,destronar,Inf,,,,,,,
reforçadas,reforçar,Part,,,,Plur,Fem,,
Deita,deitar,Fin,Ind,Pres,3,Sing,,,
pagámos,pagar,Fin,Ind,Pres,1,Plur,,,
sintonizado,sintonizar,Part,,,,Sing,Masc,,
Contaram,contar,Fin,Ind,Past,3,Plur,,,
bloqueado,bloquear,Part,,,,Sing,Masc,,
Torga,Torga,Fin,Ind,Pres,1,Sing,,,
pontuavam,pontuar,Fin,Ind,Imp,3,Plur,,,
cedidos,cedir,Part,,,,Plur,Masc,,
aliviados,aliviar,Part,,,,Plur,Masc,Pass,
Assumiu,assumir,Fin,Ind,Past,3,Sing,,,
Reagindo,reagir,Ger,,,,,,,
intermediado,intermediar,Part,,,,Sing,Masc,Pass,
carbonizadas,carbonizar,Part,,,,Plur,Fem,,
digeriu,digerir,Fin,Ind,Past,3,Sing,,,
rejubilaram,rejubilar,Fin,Ind,Past,3,Plur,,,
privilegiaremos,privilegiar,Fin,Ind,Pres,1,Plur,,,
amareladas,amarelar,Part,,,,Plur,Fem,,
Disponibilizava,disponibilizar,Fin,Ind,Imp,3,Sing,,,
conhecesse,conhecer,Fin,Sub,Imp,3,Sing,,,
adivinharia,adivinhar,Fin,Ind,,3,Sing,,,
assumirmos,assumir,Fin,Sub,Fut,1,Plur,,,
Contestou,contestar,Fin,Ind,Past,3,Sing,,,
apanhados,apanhar,Part,,,,Plur,Masc,Pass,
desaconselha,desaconselhar,Fin,Ind,Pres,3,Sing,,,
ata,atar,Fin,Ind,Pres,3,Sing,,,
soltos,soltar,Part,,,,Plur,Masc,,
rapado,rapar,Part,,,,Sing,Masc,,
agravados,agravar,Part,,,,Plur,Masc,,
desmontam,desmontar,Fin,Ind,Pres,3,Plur,,,
vigiada,vigiar,Part,,,,Sing,Fem,,
alarguei,alarguar,Fin,Ind,Past,1,Sing,,,
omitido,omitir,Part,,,,Sing,Masc,Pass,
Reafirma,reafirmar,Fin,Ind,Pres,3,Sing,,,
reanalisada,reanalisar,Part,,,,Sing,Fem,,
adjudicam,adjudicar,Fin,Ind,Pres,3,Plur,,,
hibernar,hibernar,Inf,,,,,,,
acenou,acenar,Fin,Ind,Past,3,Sing,,,
remataria,rematar,Fin,Ind,Pres,3,Sing,,,
puxam,puxar,Fin,Ind,Pres,3,Plur,,,
preencherá,preencher,Fin,Ind,Fut,3,Sing,,,
traídos,trazer,Part,,,,Plur,Masc,,
despedido,despedir,Part,,,,Sing,Masc,Pass,
vogavam,vogar,Fin,Ind,Imp,3,Plur,,,
consuma,consumar,Fin,Sub,Pres,3,Sing,,,
reajam,reajar,Fin,Sub,Pres,3,Plur,,,
acabara,acabar,Fin,Ind,Imp,3,Sing,,,
reactivado,reactivar,Part,,,,Sing,Masc,Pass,
assaltamos,assaltar,Fin,Ind,Pres,1,Plur,,,
Criei,criar,Fin,Ind,Past,1,Sing,,,
despovoada,despovoar,Part,,,,Sing,Fem,,
definirá,definir,Fin,Ind,Fut,3,Sing,,,
animado,animar,Part,,,,,,,
esgotadas,esgotar,Part,,,,Plur,Fem,Pass,
pairar,pairar,Inf,,,,,,,
suportarão,suportar,Fin,Ind,Fut,3,Plur,,,
Vencera,vencer,Fin,Ind,,3,Sing,,,
Possuem,possuir,Fin,Ind,Pres,3,Plur,,,
vincado,vincar,Part,,,,Sing,Masc,,
esgotem,esgotar,Fin,Sub,Pres,3,Plur,,,
arquivar,arquivar,Inf,,,,,,,
gemina,geminar,Fin,Ind,Pres,3,Sing,,,
amurada,amurar,Part,,,,Sing,Fem,,
extasiam,extar,Fin,Ind,Pres,3,Plur,,,
atacava,atacar,Fin,Ind,Imp,3,Sing,,,
cortado,cortar,Part,,,,,,,
manquejou,manquejar,Fin,Ind,Past,3,Sing,,,
continuavam,continuar,Fin,Ind,Imp,3,Plur,,,
suprimiu,suprimir,Fin,Ind,Past,3,Sing,,,
Vendia,vender,Fin,Ind,Imp,3,Sing,,,
chefiados,chefiar,Part,,,,Plur,Masc,Pass,
assinalaram,assinalar,Fin,Ind,Past,3,Plur,,,
despejada,despejar,Part,,,,Sing,Fem,Pass,
suscitem,suscitar,Fin,Ind,Pres,3,Plur,,,
rondaram,rondar,Fin,Ind,Past,3,Plur,,,
narrada,narrar,Part,,,,Sing,Fem,Pass,
Frequentei,frequentar,Fin,Ind,Past,1,Sing,,,
Conheces,conhecer,Fin,Ind,Pres,1,Sing,,,
repenicado,repenicar,Part,,,,Sing,Masc,,
irei,ir,Fin,Ind,Fut,1,Sing,,,
Actuaremos,actuar,Fin,Ind,Pres,1,Plur,,,
incontestados,incontestar,Part,,,,Plur,Masc,,
assaltava,assaltar,Fin,Ind,Imp,3,Sing,,,
redobram,redobrar,Fin,Ind,Pres,3,Plur,,,
seduzia,seduzir,Fin,Ind,Imp,3,Sing,,,
transaccionados,transaccionar,Part,,,,Plur,Masc,,
Sublinhou,sublinhar,Fin,Ind,Past,3,Sing,,,
restaurado,restaurar,Part,,,,Sing,Masc,,
avaliados,avaliar,Part,,,,Plur,Masc,,
aniquilam,aniquilar,Fin,Ind,Pres,3,Plur,,,
desdenham,desdenhar,Fin,Ind,Pres,3,Plur,,,
Acompanha,acompanhar,Fin,Ind,Pres,3,Sing,,,
Vendemos,vender,Fin,Ind,Pres,1,Plur,,,
diversificam,diversificar,Fin,Ind,Pres,3,Plur,,,
subscrevo,subscrer,Fin,Ind,Pres,1,Sing,,,
Decorrem,decorrer,Fin,Ind,Pres,3,Plur,,,
anuladas,anular,Part,,,,Plur,Fem,,
desmantelada,desmantelar,Part,,,,Sing,Fem,Pass,
prolongar-se-iam,prolongar,Fin,Ind,Past,3,Plur,,,
Fazia,fazer,Fin,Ind,Imp,3,Sing,,,
amealhava,amealhar,Fin,Ind,Imp,3,Sing,,,
voltado,voltar,Part,,,,,,,AUX
reconheci,reconhecer,Fin,Ind,Past,1,Sing,,,
travar,travar,Inf,,,3,Sing,,,
desenhado,desenhar,Part,,,,Sing,Masc,Pass,
queimam,queimar,Fin,Ind,Pres,3,Plur,,,
retratado,retratar,Part,,,,Sing,Masc,,
envelheceu,envelhecer,Fin,Ind,Past,3,Sing,,,
viabilizou,viabilizar,Fin,Ind,Past,3,Sing,,,
divulgam,divulgar,Fin,Ind,Pres,3,Plur,,,
despoletaram,despoletar,Fin,Ind,Past,3,Plur,,,
faleceram,falecer,Fin,Ind,Past,3,Plur,,,
ganhar,ganhar,Fin,Sub,Fut,3,Sing,,,
Conheceu,conhecer,Fin,Ind,Past,3,Sing,,,
Examinaram,examinar,Fin,Ind,Past,3,Plur,,,
rebocado,rebocar,Part,,,,Sing,Masc,Pass,
Assinou,assinar,Fin,Ind,Past,3,Sing,,,
clamavam,clamar,Fin,Ind,Imp,3,Plur,,,
privilegiada,privilegiar,Part,,,,Sing,Fem,Pass,
projectava,projectar,Fin,Ind,Imp,3,Sing,,,
pré-comprados,pré-comprar,Part,,,,Plur,Masc,,
avariado,avariar,Part,,,,Sing,Masc,,
enriquece,enriquecer,Fin,Ind,Pres,3,Sing,,,
Espera,esperar,Fin,Ind,Pres,3,Sing,,,
cercado,cercar,Part,,,,Sing,Masc,,
acompanhasse,acompanhar,Fin,Sub,Imp,3,Sing,,,
Ficaria,ficar,Fin,Cnd,,3,Sing,,,
Viriam,vir,Fin,Cnd,,3,Plur,,,
atribulada,atribular,Part,,,,Sing,Fem,Pass,
liderava,liderar,Fin,Ind,Imp,3,Sing,,,
multadas,multar,Part,,,,Plur,Fem,Pass,
existirem,existir,Fin,Sub,Fut,3,Plur,,,
degradado,degradar,Part,,,,Sing,Masc,,
principia,principir,Fin,Ind,Pres,3,Sing,,,
antagonizar,antagonizar,Inf,,,,,,,
arrebitadas,arrebitar,Part,,,,Plur,Fem,,
Estiveste,estavestar,Fin,Ind,Past,1,Sing,,,
Ignoraram,ignorar,Fin,Ind,Past,3,Plur,,,
reproduzir,reproduzir,Inf,,,,,,,
ensombrar,ensombrar,Inf,,,,,,,
ateados,atear,Part,,,,Plur,Masc,Pass,
começando,começar,Ger,,,,,,,AUX
atamancado,atamancar,Part,,,,Sing,Masc,Pass,
render,render,Fin,Sub,Fut,3,Sing,,,
Reforçou,reforçar,Fin,Ind,Past,3,Sing,,,
Começamos,começar,Fin,Ind,Past,1,Plur,,,AUX
Parqueamos,parquer,Fin,Ind,Pres,1,Plur,,,
atravessamos,atravessar,Fin,Ind,Pres,1,Plur,,,
denunciada,denunciar,Part,,,,Sing,Fem,,
comemoradas,comemorar,Part,,,,Plur,Fem,Pass,
retratou,retratar,Fin,Ind,Past,3,Sing,,,
decoradas,decorar,Part,,,,Plur,Fem,,
endireitam,endireitar,Fin,Ind,Pres,3,Plur,,,
renegoceiam,renegocear,Fin,Ind,Pres,3,Plur,,,
iludiu,iludir,Fin,Ind,Past,3,Sing,,,
namoram,namorar,Fin,Ind,Pres,3,Plur,,,
Acabara,acabar,Fin,Ind,Imp,3,Sing,,,AUX
resgatada,resgatar,Part,,,,Sing,Fem,,
anexariam,anexar,Fin,Ind,,3,Plur,,,
furou,furar,Fin,Ind,Past,3,Sing,,,
carcaterizada,carcaterizar,Part,,,,Sing,Fem,Pass,
descobrira,descobrir,Fin,Ind,Imp,3,Sing,,,
censura,censura,Fin,Ind,Pres,3,Sing,,,
tomo,tomar,Fin,Ind,Pres,1,Sing,,,
proclamámos,proclamar,Fin,Ind,Past,1,Plur,,,
registados,registar,Part,,,,Plur,Masc,Pass,
furtadas,furtar,Part,,,,Plur,Fem,,
perdurará,perdurar,Fin,Ind,Fut,3,Sing,,,
Diferendo,diferer,Part,,,,Sing,Masc,,
desastrada,desastrado,Part,,,,Sing,Fem,,
Aparece,aparecer,Fin,Ind,Pres,3,Sing,,,
entrecortadas,entrecortar,Part,,,,Plur,Fem,,
aturadas,aturar,Part,,,,Plur,Fem,,
Continuarei,continuar,Fin,Ind,Pres,1,Sing,,,AUX
dispensados,dispensar,Part,,,,Plur,Masc,,
densificada,densificar,Part,,,,Sing,Fem,Pass,
cedi,cedir,Fin,Ind,Past,1,Sing,,,
Surgiu,surgir,Fin,Ind,Past,3,Sing,,,
devolvem,devolver,Fin,Ind,Pres,3,Plur,,,
Emprestava,emprestar,Fin,Ind,Imp,3,Sing,,,
grelhou,grelhar,Fin,Ind,Past,3,Sing,,,
disparados,disparar,Part,,,,Plur,Masc,Pass,
assobia,assober,Fin,Ind,Pres,3,Sing,,,
acarinhada,acarinhar,Part,,,,Sing,Fem,Pass,
pronunciar,pronunciar,Inf,,,3,Sing,,,
estávamos,estar,Fin,Ind,Imp,1,Plur,,,
habituados,habituar,Part,,,,Plur,Masc,,
Congregando,congregar,Ger,,,,,,,
Descobriu,descobrir,Fin,Ind,Past,3,Sing,,,
rachar,rachar,Inf,,,3,Sing,,,
caísse,cair,Fin,Sub,Imp,3,Sing,,,
destruiria,destruir,Fin,Cnd,,3,Sing,,,
Ataca,atacar,Fin,Ind,Pres,3,Sing,,,
branqueado,branquear,Part,,,,Sing,Masc,,
poupe,pover,Fin,Sub,Pres,3,Sing,,,
caçava,caçar,Fin,Ind,Imp,3,Sing,,,
cozinhávamos,cozinhar,Fin,Ind,Pres,1,Plur,,,
deu-lhe,deu-lir,Fin,Ind,Past,3,Sing,,,
Celebrados,celebrar,Part,,,,Plur,Masc,,
recuado,recuar,Part,,,,Sing,Masc,,
fustigado,fustigar,Part,,,,Sing,Masc,Pass,
Terminam,terminar,Fin,Ind,Pres,3,Plur,,,
assaltada,assaltar,Part,,,,Sing,Fem,Pass,
resistirá,resistir,Fin,Ind,Fut,3,Sing,,,
Terá,ter,Fin,Ind,Fut,3,Sing,,,AUX
equipou,equipar,Fin,Ind,Past,3,Sing,,,
morderam,morder,Fin,Ind,Past,3,Plur,,,
Remeteu,remeter,Fin,Ind,Past,3,Sing,,,
ressuscitado,ressuscitar,Part,,,,,,,
sublinhadas,sublinhar,Part,,,,Plur,Fem,Pass,
defendidas,defender,Part,,,,Plur,Fem,Pass,
descobrir,descobrir,Inf,,,3,Sing,,,
Editaram,editar,Fin,Ind,Past,3,Plur,,,
encarado,encarar,Part,,,,Sing,Masc,Pass,
secundados,secundar,Part,,,,Plur,Masc,Pass,
compartilha,compartilhar,Fin,Ind,Pres,3,Sing,,,
Moro,Moro,Fin,Ind,Pres,1,Sing,,,
impulsionadas,impulsionar,Part,,,,Plur,Fem,Pass,
desvalorizam,desvalorizar,Fin,Ind,Pres,3,Plur,,,
imitado,imitar,Part,,,,Sing,Masc,Pass,
Ficaremos,ficar,Fin,Ind,Fut,1,Plur,,,
amachucada,amachucar,Part,,,,Sing,Fem,,
comprassem,comprar,Fin,Sub,Imp,3,Plur,,,
arrancasse,arrancar,Fin,Sub,Imp,3,Sing,,,
compreendida,compreender,Part,,,,Sing,Fem,Pass,
Trouxe,trazer,Fin,Ind,Past,3,Sing,,,
ouves,ouver,Fin,Ind,Pres,1,Sing,,,
ouves,ouver,Fin,Ind,Pres,1,Plur,,,
Vêm,vir,Fin,Ind,Pres,3,Plur,,,
mistas,misturar,Part,,,,Plur,Fem,,
abalar,abalar,Inf,,,,,,,
desmedida,desmedir,Part,,,,Sing,Fem,,
odiou,odiar,Fin,Ind,Past,3,Sing,,,
Aceitará,aceitar,Fin,Ind,Fut,3,Sing,,,
abortada,abortar,Part,,,,Sing,Fem,,
intocada,intocar,Part,,,,Sing,Fem,,
molhados,molhar,Part,,,,Plur,Masc,,
destoa,destoar,Fin,Ind,Pres,3,Sing,,,
multifacetado,multifacetar,Part,,,,Sing,Masc,,
espelha,espelhar,Fin,Ind,Pres,3,Sing,,,
interditar,interditar,Inf,,,,,,,
especula,especular,Fin,Ind,Pres,3,Sing,,,
relativizados,relativizar,Part,,,,Plur,Masc,Pass,
comemorados,comemorar,Part,,,,Plur,Masc,Pass,
solicitado,solicitar,Part,,,,,,,
baralha,baralhar,Fin,Ind,Pres,3,Sing,,,
sonegou,sonegar,Fin,Ind,Past,3,Sing,,,
sublimava,sublimar,Fin,Ind,Imp,3,Sing,,,
consigna,consignar,Fin,Ind,Pres,3,Sing,,,
falasse,falar,Fin,Sub,Imp,3,Sing,,,
presenciou,presenciar,Fin,Ind,Past,3,Sing,,,
inéditos,inéditar,Part,,,,Plur,Masc,,
Chorou,chorar,Fin,Ind,Past,3,Sing,,,
descentralizam,descentralizar,Fin,Ind,Pres,3,Plur,,,
exultou,exultar,Fin,Ind,Past,3,Sing,,,
Sobrevive,sobreviver,Fin,Ind,Pres,3,Sing,,,
Servidos,servir,Part,,,,Plur,Masc,Pass,
esculpida,esculpir,Part,,,,Sing,Fem,,
liberaliza,liberalizar,Fin,Ind,Pres,3,Sing,,,
Observei,observar,Fin,Ind,Past,1,Sing,,,
lançavam,lançar,Fin,Ind,Imp,3,Plur,,,
admirou,admirar,Fin,Ind,Past,3,Sing,,,
da,da,Fin,Ind,Pres,3,Sing,,,
caçou,caçar,Fin,Ind,Past,3,Sing,,,
questionada,questionar,Part,,,,Sing,Fem,,
avassalada,avassalar,Part,,,,Sing,Fem,Pass,
Relata,relatar,Fin,Ind,Pres,3,Sing,,,
entrevistada,entrevistar,Part,,,,Sing,Fem,Pass,
refundado,refundar,Part,,,,Sing,Masc,Pass,
inscrito,inscrever,Part,,,,Sing,Masc,,
Falava,falar,Fin,Ind,Imp,3,Sing,,,
mastigava,mastigar,Fin,Ind,Imp,3,Sing,,,
suportados,suportar,Part,,,,Plur,Masc,Pass,
desfigurem,desfigurar,Fin,Sub,Pres,3,Plur,,,
perguntei,perguntar,Fin,Ind,Past,1,Sing,,,
ensaiando,ensaiar,Ger,,,,,,,
aguçou,aguçar,Fin,Ind,Past,3,Sing,,,
ajudada,ajudar,Part,,,,Sing,Fem,Pass,
advêm,advir,Fin,Ind,Pres,3,Plur,,,
Recitando,recitar,Ger,,,,,,,
contornando,contornar,Ger,,,,,,,
detem,deter,Fin,Ind,Pres,3,Plur,,,
incomodar,incomodar,Inf,,,,,,,
estragada,estragar,Part,,,,Sing,Fem,,
Desconhecia,desconhecer,Fin,Ind,Imp,3,Sing,,,
resumiram,resumir,Fin,Ind,Past,3,Plur,,,
subsidiar,subsidiar,Inf,,,,,,,
surtiram,surtir,Fin,Ind,Past,3,Plur,,,
afogadas,afogar,Part,,,,Plur,Fem,,
isolaria,isolar,Fin,Ind,Pres,3,Sing,,,
relatados,relatar,Part,,,,Plur,Masc,,
Estavam,estar,Fin,Ind,Imp,3,Plur,,,AUX
arruinei,arruinar,Fin,Ind,Past,1,Sing,,,
revolvem,revolver,Fin,Ind,Pres,3,Plur,,,
voltaremos,voltar,Fin,Ind,Fut,1,Plur,,,AUX
vingaram,vingar,Fin,Ind,Past,3,Plur,,,
parecidos,parecer,Part,,,,Plur,Masc,Pass,
despejava,despejar,Fin,Ind,Imp,3,Sing,,,
Contava,contar,Fin,Ind,Imp,3,Sing,,,
vomitava,vomitar,Fin,Ind,Imp,3,Sing,,,
presenciada,presenciar,Part,,,,Sing,Fem,Pass,
combatidas,combater,Part,,,,Plur,Fem,Pass,
Sobe,subir,Fin,Ind,Pres,3,Sing,,,
abranda,abrandar,Fin,Ind,Pres,3,Sing,,,
aportará,aportar,Fin,Ind,Fut,3,Sing,,,
reeximanados,reeximanar,Part,,,,Plur,Masc,Pass,
ousam,ousar,Fin,Ind,Pres,3,Plur,,,
inovam,inovar,Fin,Ind,Pres,3,Plur,,,
inaugurados,inaugurar,Part,,,,Plur,Masc,,
Sofrerá,sofrer,Fin,Ind,Fut,3,Sing,,,
descontraído,descontrair,Part,,,,Sing,Masc,,
diluiu,diluir,Fin,Ind,Past,3,Sing,,,
recolhia,recolher,Fin,Ind,Imp,3,Sing,,,
estrearemos,estrear,Fin,Ind,Pres,1,Plur,,,
imitam,imitar,Fin,Ind,Pres,3,Plur,,,
Compraram,comprar,Fin,Ind,Past,3,Plur,,,
intocados,intocar,Part,,,,Plur,Masc,,
priva,privar,Fin,Ind,Pres,3,Sing,,,
Trazem,trazer,Fin,Ind,Pres,3,Plur,,,
solicitados,solicitar,Part,,,,Plur,Masc,,
solucionado,solucionar,Part,,,,Sing,Masc,,
electrocutadas,electrocutar,Part,,,,Plur,Fem,,
podados,podar,Part,,,,Plur,Masc,,
congestiona,congestionar,Fin,Ind,Pres,3,Sing,,,
desdobrar,desdobrar,Inf,,,,,,,
consentirão,consentir,Fin,Ind,Pres,3,Sing,,,
sincronizada,sincronizar,Part,,,,Sing,Fem,,
pilotado,pilotar,Part,,,,Sing,Masc,Pass,
enfurece,enfurecer,Fin,Ind,Pres,3,Sing,,,
publicam,publicar,Fin,Ind,Pres,3,Plur,,,
Esperaram,esperar,Fin,Ind,Past,3,Plur,,,
centígrados,centígrar,Part,,,,Plur,Masc,,
acorria,acorrer,Fin,Ind,Imp,3,Sing,,,
sacudia,sacudir,Fin,Ind,Imp,3,Sing,,,
suspendia,suspender,Fin,Ind,Imp,3,Sing,,,
despromove,despromover,Fin,Ind,Pres,3,Sing,,,
co-produzida,co-produzir,Part,,,,Sing,Fem,Pass,
beijei,beijar,Fin,Ind,Past,1,Sing,,,
corriam,correr,Fin,Ind,Imp,3,Plur,,,
Descrevendo,descrever,Ger,,,,,,,
Ficámos,ficar,Fin,Ind,Past,1,Plur,,,
exclua,excluar,Fin,Sub,Pres,3,Sing,,,
gabou,gaber,Fin,Ind,Past,3,Sing,,,
louvou,louvar,Fin,Ind,Past,3,Sing,,,
sobreviverá,sobreviver,Fin,Ind,Fut,3,Sing,,,
adoecem,adoecer,Fin,Ind,Pres,3,Plur,,,
infectadas,infectar,Part,,,,Plur,Fem,Pass,
avizinham,avizinhar,Fin,Sub,Pres,3,Plur,,,
contemplados,contemplar,Part,,,,Plur,Masc,Pass,
solucionaram,solucionar,Fin,Ind,Past,3,Plur,,,
remediou,remediar,Fin,Ind,Past,3,Sing,,,
condecorados,condecorar,Part,,,,Plur,Masc,,
logrou,lograr,Fin,Ind,Past,3,Sing,,,
Alegou,alegar,Fin,Ind,Past,3,Sing,,,
amortizar,amortizar,Inf,,,,,,,
consolidava,consolidar,Fin,Ind,Imp,3,Sing,,,
precipitam,precipitar,Fin,Ind,Pres,3,Plur,,,
traçam,traçar,Fin,Ind,Pres,3,Plur,,,
Inaugurado,inaugurar,Part,,,,Sing,Masc,,
hasteavam,hastear,Fin,Ind,Imp,3,Plur,,,
Definidas,definir,Part,,,,Plur,Fem,,
erguia,erguir,Fin,Ind,Imp,3,Sing,,,
escrevera,escrever,Fin,Ind,Imp,3,Sing,,,
co-produzido,co-produzir,Part,,,,Sing,Masc,Pass,
colonizados,colonizar,Part,,,,Plur,Masc,,
mediram,medir,Fin,Ind,Past,3,Plur,,,
Constrói,construir,Fin,Ind,Pres,3,Sing,,,
roubava,roubar,Fin,Ind,Imp,3,Sing,,,
possuído,possuir,Part,,,,Sing,Masc,,
apostava,apostar,Fin,Ind,Imp,3,Sing,,,
Apontou,apontar,Fin,Ind,Past,3,Sing,,,
intervinha,intervir,Fin,Ind,Imp,3,Sing,,,
entendiam,entender,Fin,Ind,Imp,3,Plur,,,
evoco,evocar,Fin,Ind,Pres,1,Sing,,,
martirizar,martirizar,Inf,,,,,,,
Chegará,chegar,Fin,Ind,Fut,3,Sing,,,
regulamentado,regulamentar,Part,,,,Sing,Masc,Pass,
Previstas,prever,Part,,,,Plur,Fem,,
roubando,roubar,Ger,,,,,,,
Matei,matar,Fin,Ind,Past,1,Sing,,,
acatar,acatar,Inf,,,,,,,
minado,minar,Part,,,,Sing,Masc,,
despreocupada,despreocupar,Part,,,,Sing,Fem,,
urbanizadas,urbanizar,Part,,,,Plur,Fem,,
apreensivas,apreenser,Part,,,,Plur,Fem,,
Estará,estar,Fin,Ind,Fut,3,Sing,,,AUX
fundida,fundir,Part,,,,Sing,Fem,,
equilibram,equilibrar,Fin,Ind,Pres,3,Plur,,,
abolida,abolidar,Part,,,,Sing,Fem,Pass,
impressionam,impressionar,Fin,Ind,Pres,3,Plur,,,
agradava,agradar,Fin,Ind,Imp,3,Sing,,,
menosprezada,menosprezar,Part,,,,Sing,Fem,Pass,
afectaram,afectar,Fin,Ind,Past,3,Plur,,,
preservadas,preservar,Part,,,,Plur,Fem,,
bombardearam,bombardear,Fin,Ind,Past,3,Plur,,,
evacuada,evacuar,Part,,,,Sing,Fem,Pass,
produzimos,produzir,Fin,Ind,Pres,1,Plur,,,
infectou,infectar,Fin,Ind,Past,3,Sing,,,
redescobre,redescobrar,Fin,Ind,Pres,3,Sing,,,
aventada,aventar,Part,,,,Sing,Fem,,
Pergunto,perguntar,Fin,Ind,Pres,1,Sing,,,
banalizavam,banalizar,Fin,Ind,Imp,3,Plur,,,
aprovadas,aprovar,Part,,,,Plur,Fem,,
presenciado,presenciar,Part,,,,,,,
adivinhava,adivinhar,Fin,Ind,Imp,3,Sing,,,
intervinham,intervir,Fin,Ind,Pres,3,Plur,,,
publiquei,publicar,Fin,Ind,Past,1,Sing,,,
votam,votar,Fin,Ind,Pres,3,Plur,,,
Traçado,traçar,Part,,,,Sing,Masc,,
contagia,contager,Fin,Ind,Pres,3,Sing,,,
colonizado,colonizar,Part,,,,Sing,Masc,Pass,
fabricará,fabricar,Fin,Ind,Fut,3,Sing,,,
Contando,contar,Ger,,,,,,,
devastada,devastar,Part,,,,Sing,Fem,,
discorre,discorrer,Fin,Ind,Pres,3,Sing,,,
encurralados,encurralar,Part,,,,Plur,Masc,Pass,
perfuram,perfurar,Fin,Ind,Pres,3,Plur,,,
contornou,contornar,Fin,Ind,Past,3,Sing,,,
ditaram,ditar,Fin,Ind,Past,3,Plur,,,
desiludiram,desiludir,Fin,Ind,Past,3,Plur,,,
Divulgadas,divulgar,Part,,,,Plur,Fem,,
virão,vir,Fin,Ind,Fut,3,Plur,,,
recompensados,recompensar,Part,,,,Plur,Masc,Pass,
temida,temer,Part,,,,Sing,Fem,,
Caminhando,caminhar,Ger,,,,,,,
desanimado,desanimar,Part,,,,Sing,Masc,,
passariam,passar,Fin,Cnd,,3,Plur,,,AUX
Nevou,nevar,Fin,Ind,Past,3,Sing,,,
estrearam,estrear,Fin,Ind,Past,3,Plur,,,
fundido,fundir,Part,,,,Sing,Masc,,
hospitalizada,hospitalizar,Part,,,,Sing,Fem,Pass,
inconsideradas,inconsiderar,Part,,,,Plur,Fem,,
repetida,repetir,Part,,,,Sing,Fem,,
Volto,voltar,Fin,Ind,Pres,1,Sing,,,AUX
enjeita,enjeitar,Fin,Ind,Pres,1,Sing,,,
pertencessem,pertencer,Fin,Sub,Imp,3,Plur,,,
reprovado,reprovar,Part,,,,Sing,Masc,Pass,
executava,executar,Fin,Ind,Imp,3,Sing,,,
privatizada,privatizar,Part,,,,Sing,Fem,Pass,
Convocados,convocar,Part,,,,Plur,Masc,,
Acaba,acabar,Fin,Ind,Pres,3,Sing,,,
copia,coper,Fin,Ind,Pres,3,Sing,,,
duplique,duplicar,Fin,Sub,Pres,3,Sing,,,
desencorajando,desencorajar,Ger,,,,,,,
relatados,relatar,Part,,,,Plur,Masc,Pass,
gostado,gostar,Part,,,,,,,
manipulados,manipular,Part,,,,Plur,Masc,,
relativiza,relativizar,Fin,Ind,Pres,3,Sing,,,
destruida,destruir,Part,,,,Sing,Fem,Pass,
pressupunham,pressupungar,Fin,Ind,Pres,3,Plur,,,
consentia,consentir,Fin,Ind,Imp,3,Sing,,,
desequilibrada,desequilibrar,Part,,,,Sing,Fem,Pass,
promulgados,promulgar,Part,,,,Plur,Masc,,
conturbado,conturbar,Part,,,,Sing,Masc,,
reflectiu,reflectir,Fin,Ind,Past,3,Sing,,,
proferido,proferir,Part,,,,Sing,Masc,Pass,
surpreendidos,surpreender,Part,,,,Plur,Masc,,
polarizou,polarizar,Fin,Ind,Past,3,Sing,,,
demolidos,demolir,Part,,,,Plur,Masc,,
Acendem,acendar,Fin,Ind,Pres,3,Plur,,,
Tentam,tentar,Fin,Ind,Pres,3,Plur,,,
regem,regar,Fin,Ind,Pres,3,Plur,,,
possas,poder,Fin,Sub,Pres,3,Sing,,,
renegociadas,renegociar,Part,,,,Plur,Fem,,
desimpedida,desimpedir,Part,,,,Sing,Fem,Pass,
dou,dar,Fin,Ind,Pres,1,Sing,,,
ensaiava,ensaiar,Fin,Ind,Imp,3,Sing,,,
ajude,ajudar,Fin,Sub,Pres,3,Sing,,,
bebi,beber,Fin,Ind,Past,1,Sing,,,
disfarçadas,disfarçar,Part,,,,Plur,Fem,Pass,
içar,içar,Inf,,,,,,,
urrando,urrar,Ger,,,,,,,
entoam,entoar,Fin,Ind,Pres,3,Plur,,,
espreita,espreita,Fin,Ind,Pres,3,Sing,,,
prateados,pratear,Part,,,,Plur,Masc,,
sucedido,suceder,Part,,,,,,,
reataram,reatar,Fin,Ind,Past,3,Plur,,,
Acordava,acordar,Fin,Ind,Imp,3,Sing,,,
pertencerão,pertencer,Fin,Ind,Fut,3,Plur,,,
cultivado,cultivar,Part,,,,,,,
exploram,explorar,Fin,Ind,Pres,3,Plur,,,
devolvida,devolver,Part,,,,Sing,Fem,,
tropeça,tropeçar,Fin,Ind,Pres,3,Sing,,,
dilatadas,dilatar,Part,,,,Plur,Fem,,
expelido,expelir,Part,,,,Sing,Masc,Pass,
concretizados,concretizar,Part,,,,Plur,Masc,Pass,
fustigam,fustigar,Fin,Ind,Pres,3,Plur,,,
insistira,insistir,Fin,Ind,Past,3,Sing,,,
apanham,apanhar,Fin,Ind,Pres,3,Plur,,,
Envolve,envolver,Fin,Ind,Pres,3,Sing,,,
ondulará,ondular,Fin,Ind,Pres,3,Sing,,,
ruge,rugar,Fin,Ind,Pres,3,Sing,,,
destroçado,destroçar,Part,,,,Sing,Masc,,
ensanguentados,ensanguentar,Part,,,,Plur,Masc,,
Ocupou,ocupar,Fin,Ind,Past,3,Sing,,,
aborrecidos,aborrecido,Part,,,,Plur,Masc,,
patrocina,patrocinar,Fin,Ind,Pres,3,Sing,,,
fiscalizadas,fiscalizar,Part,,,,Plur,Fem,Pass,
unificam,unificar,Fin,Ind,Pres,3,Plur,,,
povoada,povoar,Part,,,,Sing,Fem,Pass,
escaldada,escaldar,Part,,,,Sing,Fem,,
desprezava,desprezar,Fin,Ind,Imp,3,Sing,,,
proibidos,proibir,Part,,,,Plur,Masc,Pass,
censuraram,censurar,Fin,Ind,Past,3,Plur,,,
estagiou,estagiar,Fin,Ind,Past,3,Sing,,,
prestada,prestar,Part,,,,Sing,Fem,,
Fugiu,fugir,Fin,Ind,Past,3,Sing,,,
Apanhei,apanhar,Fin,Ind,Past,1,Sing,,,
Cumprimentou,cumprimentar,Fin,Ind,Past,3,Sing,,,
Fazer,fazer,Inf,,,,Sing,,,
desabafam,desabafar,Fin,Ind,Pres,3,Plur,,,
engoliu,engolir,Fin,Ind,Past,3,Sing,,,
percorridas,percorrer,Part,,,,Plur,Fem,,
encabeçam,encabeçar,Fin,Ind,Pres,3,Plur,,,
descuraram,descurar,Fin,Ind,Past,3,Plur,,,
assumiria,assumir,Fin,Cnd,,3,Sing,,,
Actuou,actuar,Fin,Ind,Past,3,Sing,,,
mudámos,mudar,Fin,Ind,Past,1,Plur,,,
procurada,procurar,Part,,,,Sing,Fem,,
sobrelevou,sobrelever,Fin,Ind,Past,3,Sing,,,
avistamos,avistar,Fin,Ind,Pres,1,Plur,,,
recenseados,recensear,Part,,,,Plur,Masc,,
ascendiam,ascender,Fin,Ind,Imp,3,Plur,,,
Desprezei,desprezar,Fin,Ind,Past,1,Sing,,,
Suspende,suspender,Fin,Ind,Pres,3,Sing,,,
fumava,fumar,Fin,Ind,Imp,3,Sing,,,
Descoberta,descobrtar,Part,,,,Sing,Fem,Pass,
flutuar,flutuar,Inf,,,,,,,
Licenciados,licenciar,Part,,,,Plur,Masc,,
agravou,agravar,Fin,Ind,Past,3,Sing,,,
afrontam,afrontar,Fin,Ind,Pres,3,Plur,,,
asseveram,assever,Fin,Ind,Pres,3,Plur,,,
ponderados,ponderar,Part,,,,Plur,Masc,Pass,
desenhados,desenhar,Part,,,,Plur,Masc,Pass,
aguardado,aguardar,Part,,,,Sing,Masc,,
defrontado,defrontar,Part,,,,Sing,Masc,Pass,
atribulados,atribular,Part,,,,Plur,Masc,,
acanhado,acanhar,Part,,,,Sing,Masc,,
abana,abanar,Fin,Ind,Pres,3,Sing,,,
assar,assar,Inf,,,,,,,
figuraram,figurar,Fin,Ind,Past,3,Plur,,,
Encontrada,encontrar,Part,,,,Sing,Fem,,
gravavam,gravar,Fin,Ind,Imp,3,Plur,,,
insubordinado,insubordinar,Part,,,,Sing,Masc,,
acolitada,acolitar,Part,,,,Sing,Fem,Pass,
adiantaram,adiantar,Fin,Ind,Past,3,Plur,,,
subsiste,subsistir,Fin,Ind,Pres,3,Sing,,,
amnistiados,amnistiar,Part,,,,Plur,Masc,Pass,
desorientou,desorientar,Fin,Ind,Past,3,Sing,,,
fascinada,fascinar,Part,,,,Sing,Fem,Pass,
contaminado,contaminar,Part,,,,Sing,Masc,Pass,
boicotados,boicotar,Part,,,,Plur,Masc,Pass,
modulam,modular,Fin,Ind,Pres,3,Plur,,,
contacta,contactar,Fin,Ind,Pres,3,Sing,,,
enumerados,enumerar,Part,,,,Plur,Masc,,
comprometidas,comprometer,Part,,,,Plur,Fem,Pass,
concebi,conceber,Fin,Ind,Past,1,Sing,,,
deixei,deixar,Fin,Ind,Past,1,Sing,,,
decresceram,decrescer,Fin,Ind,Past,3,Plur,,,
participávamos,participáver,Fin,Ind,Past,1,Plur,,,
Dava,dar,Fin,Ind,Imp,3,Sing,,,
estreada,estrear,Part,,,,Sing,Fem,,
desorientado,desorientar,Part,,,,Sing,Masc,,
esconjura,esconjurar,Fin,Ind,Pres,3,Sing,,,
adorar,adorar,Inf,,,,,,,
ecoar,ecoar,Inf,,,,,,,
espancado,espancar,Part,,,,Sing,Masc,Pass,
torturado,torturar,Part,,,,Sing,Masc,,
Descreveu,descrever,Fin,Ind,Past,3,Sing,,,
Herdamos,hazer,Fin,Ind,Pres,1,Plur,,,
geridas,gerir,Part,,,,Plur,Fem,Pass,
Acompanharei,acompanhar,Fin,Ind,Fut,1,Sing,,,
asfixiava,asfixiar,Fin,Ind,Imp,3,Sing,,,
abreviada,abreviar,Part,,,,Sing,Fem,,
presidida,presidir,Part,,,,Sing,Fem,,
estandardizadas,estandardizar,Part,,,,Plur,Fem,,
culminará,culminar,Fin,Ind,Fut,3,Sing,,,
deportados,deportar,Part,,,,Plur,Masc,Pass,
envenenado,envenenar,Part,,,,Sing,Masc,Pass,
protegido,proteger,Part,,,,Sing,Masc,Pass,
embirrou,embirrar,Fin,Ind,Past,3,Sing,,,
desalojadas,desalojar,Part,,,,Plur,Fem,Pass,
Obtém,obter,Fin,Ind,Pres,3,Sing,,,
necessitado,necessitar,Part,,,,Sing,Masc,,
transaccionadas,transaccionar,Part,,,,Plur,Fem,Pass,
calhara,calhar,Fin,Ind,Pres,3,Sing,,,
indignou,indignar,Fin,Ind,Past,3,Sing,,,
determinavam,determinar,Fin,Ind,Imp,3,Plur,,,
apaziguaram,apaziguar,Fin,Ind,Past,3,Plur,,,
policiar,policiar,Inf,,,,,,,
Jogam,jogar,Fin,Ind,Pres,3,Plur,,,
concebidas,conceber,Part,,,,Plur,Fem,Pass,
almoçamos,almoçar,Fin,Ind,Pres,1,Plur,,,
editaram,editar,Fin,Ind,Past,3,Plur,,,
urge,urgir,Fin,Ind,Pres,3,Sing,,,
possibilitadas,possibilitar,Part,,,,Plur,Fem,Pass,
ensombrarão,ensombrar,Fin,Ind,Fut,3,Plur,,,
Arruma,arrumar,Fin,Ind,Pres,3,Sing,,,
exorcisou,exorcisar,Fin,Ind,Past,3,Sing,,,
escutados,escutar,Part,,,,Plur,Masc,Pass,
agradam,agradar,Fin,Ind,Pres,3,Plur,,,
melhorados,melhorar,Part,,,,Plur,Masc,,
lamentavam,lamentar,Fin,Ind,Imp,3,Plur,,,
Esquecem,esquecer,Fin,Ind,Pres,3,Plur,,,
desconheço,desconhecer,Fin,Ind,Pres,1,Sing,,,
erguem,erguer,Fin,Ind,Pres,3,Plur,,,
reafirmada,reafirmar,Part,,,,Sing,Fem,Pass,
pressentidas,pressentir,Part,,,,Plur,Fem,,
espetada,espetar,Part,,,,Sing,Fem,,
reconduzido,reconduzir,Part,,,,Sing,Masc,,
inviabilizado,inviabilizar,Part,,,,Sing,Masc,Pass,
focaram,focar,Fin,Ind,Past,3,Plur,,,
infundados,infundar,Part,,,,Plur,Masc,,
resguardado,resguardar,Part,,,,Sing,Masc,,
cultivava,cultivar,Fin,Ind,Imp,3,Sing,,,
ascenderão,ascender,Fin,Ind,Pres,3,Plur,,,
matara,matar,Fin,Ind,Imp,3,Sing,,,
alugado,alugar,Part,,,,Sing,Masc,,
destruídos,destruir,Part,,,,Plur,Masc,,
Deflagraram,deflagrar,Fin,Ind,Past,3,Plur,,,
motivara,motivar,Fin,Ind,Imp,3,Sing,,,
compensavam,compensar,Fin,Ind,Imp,3,Plur,,,
Insistem,insistir,Fin,Ind,Pres,3,Plur,,,
aceitamos,aceitar,Fin,Ind,Pres,1,Plur,,,
tapem,taper,Fin,Ind,Pres,3,Plur,,,
desfavorecidas,desfavorecer,Part,,,,Plur,Fem,,
rentabilizado,rentabilizar,Part,,,,Sing,Masc,,
destravada,destravar,Part,,,,Sing,Fem,,
defendiam,defender,Fin,Ind,Imp,3,Plur,,,
alcançara,alcançar,Fin,Ind,Pqp,3,Sing,,,
Cumpriu,cumprir,Fin,Ind,Past,3,Sing,,,
prometido,prometer,Part,,,,,,,
Defendeu,defender,Fin,Ind,Past,3,Sing,,,
estivéssemos,estar,Fin,Sub,Imp,1,Plur,,,
viveríamos,viver,Fin,Ind,Past,1,Plur,,,
estaremos,estar,Fin,Ind,Fut,1,Plur,,,
desencadeada,desencadear,Part,,,,Sing,Fem,Pass,
preconizada,preconizar,Part,,,,Sing,Fem,Pass,
exagerar,exagerar,Inf,,,,,,,
referenciam,referenciar,Fin,Ind,Pres,3,Plur,,,
varria,varrer,Fin,Ind,Imp,3,Sing,,,
destruído,destruir,Part,,,,,,,
reformulado,reformular,Part,,,,Sing,Masc,Pass,
apreende,apreender,Fin,Ind,Pres,3,Sing,,,
desgastou,desgastar,Fin,Ind,Past,3,Sing,,,
Voltei,voltar,Fin,Ind,Past,1,Sing,,,AUX
orçamentado,orçamentar,Part,,,,Sing,Masc,,
laçou,laçar,Fin,Ind,Past,3,Sing,,,
contemplava,contemplar,Fin,Ind,Imp,3,Sing,,,
insuportar,insuportar,Inf,,,,,,,
amnistiado,amnistiar,Part,,,,Sing,Masc,Pass,
Descemos,descer,Fin,Ind,Pres,1,Plur,,,
esvoaçar,esvoaçar,Inf,,,,,,,
assolada,assolar,Part,,,,Sing,Fem,Pass,
inspeccionou,inspeccionar,Fin,Ind,Past,3,Sing,,,
Corriam,correr,Fin,Ind,Imp,3,Plur,,,
andei,andar,Fin,Ind,Past,1,Sing,,,
estremenha,estremer,Fin,Ind,Imp,3,Sing,,,
anulavam,anular,Fin,Ind,Imp,3,Plur,,,
descobria,descobrir,Fin,Ind,Imp,3,Sing,,,
tentado,tentar,Part,,,,Sing,Masc,Pass,
desfiou,desfiar,Fin,Ind,Past,3,Sing,,,
dividimos,dividir,Fin,Ind,Pres,1,Plur,,,
celebradas,celebrar,Part,,,,Plur,Fem,,
demita,demitir,Fin,Sub,Pres,3,Sing,,,
Visitei,visitar,Fin,Ind,Past,1,Sing,,,
inspira,inspirar,Fin,Ind,Pres,3,Sing,,,
descongeladas,descongelar,Part,,,,Plur,Fem,Pass,
vislumbro,vislumir,Fin,Ind,Pres,1,Sing,,,
suar,suar,Inf,,,,,,,
Desenvolvida,desenvolver,Part,,,,Sing,Fem,Pass,
possuir,possuir,Fin,Sub,Fut,3,Sing,,,
pairado,pairar,Part,,,,,,,
enquadrados,enquadrar,Part,,,,Plur,Masc,Pass,
cuidadosa,cuidar,Part,,,,Sing,Fem,,
reafirmaram,reafirmar,Fin,Ind,Past,3,Plur,,,
labora,laborar,Fin,Ind,Pres,3,Sing,,,
Renascem,renascer,Fin,Ind,Pres,3,Plur,,,
Adoptada,adoptar,Part,,,,Sing,Fem,,
animadas,animar,Part,,,,Plur,Fem,Pass,
desbloqueia,desbloquer,Fin,Ind,Pres,3,Sing,,,
obrigada,obrigar,Part,,,,Sing,Fem,Pass,
jogavam,jogar,Fin,Ind,Imp,3,Plur,,,
perguntarmos,perguntar,Fin,Sub,Fut,1,Plur,,,
Dizemos,dizer,Fin,Ind,Pres,1,Plur,,,
construamos,construar,Fin,Sub,Pres,1,Plur,,,
fá-lo-emos,fá-lo-ar,Fin,Ind,Pres,1,Plur,,,
Resolvido,resolver,Part,,,,Sing,Masc,,
esculpidos,esculper,Part,,,,Plur,Masc,,
reafirmar,reafirmar,Inf,,,,,,,
presto,prestar,Fin,Ind,Pres,1,Sing,,,
deprimiram,deprimir,Fin,Ind,Imp,3,Plur,,,
limpo,limpar,Part,,,,Sing,Masc,Pass,
arrecadaria,arrecadar,Fin,Ind,,3,Sing,,,
superprotegidos,superproteger,Part,,,,Plur,Masc,,
assinalados,assinalar,Part,,,,Plur,Masc,,
modelar,modelar,Inf,,,3,Sing,,,
rodeiam,rodear,Fin,Ind,Pres,3,Plur,,,
governado,governar,Part,,,,,,,
publicitada,publicitar,Part,,,,Sing,Fem,,
contracenou,contracenar,Fin,Ind,Past,3,Sing,,,
Elege,eleger,Fin,Ind,Pres,3,Sing,,,
Apoia,apoiar,Fin,Ind,Pres,3,Sing,,,
Pretende,pretender,Fin,Ind,Pres,3,Sing,,,
Estivemos,estar,Fin,Ind,Past,1,Plur,,,
retalia,retaliar,Fin,Ind,Pres,3,Sing,,,
Arrancavam,arrancavar,Fin,Ind,Imp,3,Plur,,,
ajoelhou,ajoelhar,Fin,Ind,Past,3,Sing,,,
dupliquem,duplicar,Fin,Sub,Pres,3,Plur,,,
tripliquem,triplicar,Fin,Sub,Pres,3,Plur,,,
Dirigirei,dirigir,Fin,Ind,Past,3,Sing,,,
diferenciada,diferenciar,Part,,,,Sing,Fem,Pass,
distinguia,distinguir,Fin,Ind,Imp,3,Sing,,,
contado,contar,Part,,,,Sing,Masc,Pass,
exultava,exultar,Fin,Ind,Imp,3,Sing,,,
Vende,vender,Fin,Ind,Pres,3,Sing,,,
continuavam,continuar,Fin,Ind,Imp,3,Plur,,,AUX
Bandarilharam,bandarilhar,Fin,Ind,Pres,3,Plur,,,
sedentarizada,sedentarizar,Part,,,,Sing,Fem,,
alargaram,alargar,Fin,Ind,Past,3,Plur,,,
ajeita,ajeitar,Fin,Ind,Pres,3,Sing,,,
visitadas,visitar,Part,,,,Plur,Fem,Pass,
Leu,ler,Fin,Ind,Past,3,Sing,,,
matutar,matutar,Inf,,,,,,,
componha,compor,Fin,Sub,Pres,3,Sing,,,
planear,planear,Inf,,,,,,,
comandara,comandar,Fin,Ind,Imp,3,Sing,,,
oferecera,oferecer,Fin,Ind,Imp,3,Sing,,,
bebiam,beber,Fin,Ind,Imp,3,Plur,,,
intoxicado,intoxicado,Part,,,,Sing,Masc,,
apagaram,apagar,Fin,Ind,Past,3,Plur,,,
cerceavam,cercear,Fin,Ind,Pres,3,Plur,,,
Desaparece,desaparecer,Fin,Ind,Pres,3,Sing,,,
banhadas,banhar,Part,,,,Plur,Fem,,
instituir,instituir,Inf,,,3,Sing,,,
aplauda,aplaudar,Fin,Sub,Pres,3,Sing,,,
esperançado,esperançar,Part,,,,Sing,Masc,,
escamoteado,escamotear,Part,,,,Sing,Masc,Pass,
afirmámos,afirmar,Fin,Ind,Pres,1,Plur,,,
limitado,limitar,Part,,,,,,,
afectarão,afectar,Fin,Ind,Pres,3,Plur,,,
suspeitava,suspeitar,Fin,Ind,Imp,3,Sing,,,
guardado,guardar,Part,,,,Sing,Masc,,
furtadas,furtar,Part,,,,Plur,Fem,Pass,
insurge,insurgir,Fin,Ind,Pres,3,Sing,,,
cheiradas,cheirar,Part,,,,Plur,Fem,Pass,
escrupuliza,escrupulizar,Fin,Ind,Pres,3,Sing,,,
viriam,vir,Fin,Cnd,,3,Plur,,,
indisponibilizados,indisponibilizar,Part,,,,Plur,Masc,,
revistadas,revistar,Part,,,,Plur,Fem,,
revivem,revivir,Fin,Ind,Pres,3,Plur,,,
cilindrava,cilindrar,Fin,Ind,Pres,3,Sing,,,
cediam,cedir,Fin,Ind,Imp,3,Plur,,,
Paguei,pagar,Fin,Ind,Past,1,Sing,,,
destituídos,destituir,Part,,,,Plur,Masc,,
destoou,destoar,Fin,Ind,Past,3,Sing,,,
enervou,enervar,Fin,Ind,Past,3,Sing,,,
dominada,dominar,Part,,,,Sing,Fem,,
arguir,arguir,Inf,,,,,,,
derrotado,derrotar,Part,,,,,,,
engarrafar,engarrafar,Inf,,,,,,,
eternizam,eternizar,Fin,Ind,Pres,3,Plur,,,
pertencesse,pertencer,Fin,Sub,Imp,3,Sing,,,
Morreram,morrer,Fin,Ind,Past,3,Plur,,,
conservados,conservar,Part,,,,Plur,Masc,Pass,
arquivada,arquivar,Part,,,,Sing,Fem,Pass,
dormida,dormidir,Part,,,,Sing,Fem,,
Percorreu,percorrer,Fin,Ind,Past,3,Sing,,,
prevenido,prevenir,Part,,,,Sing,Masc,,
caminhava,caminhar,Fin,Ind,Imp,3,Sing,,,
aguardava-o,aguardavar,Fin,Ind,Past,3,Sing,,,
Ouvia,ouvir,Fin,Ind,Imp,3,Sing,,,
inundada,inundar,Part,,,,Sing,Fem,Pass,
reavaliou,reavaliar,Fin,Ind,Past,3,Sing,,,
mencionados,mencionar,Part,,,,Plur,Masc,Pass,
Adorava,adorar,Fin,Ind,Imp,3,Sing,,,
dispensasse,dispensar,Fin,Ind,Imp,3,Sing,,,
apupado,apupar,Part,,,,Sing,Masc,Pass,
Apresentada,apresentar,Part,,,,Sing,Fem,,
evocam,evocar,Fin,Ind,Pres,3,Plur,,,
operada,operar,Part,,,,Sing,Fem,,
sorver,sorver,Inf,,,,,,,
candidatou,candidatar,Fin,Ind,Past,3,Sing,,,
traduziram,traduzir,Fin,Ind,Past,3,Plur,,,
adjudicadas,adjudicar,Part,,,,Plur,Fem,Pass,
redobradas,redobrar,Part,,,,Plur,Fem,Pass,
enumerámos,enumerar,Fin,Ind,Pres,1,Plur,,,
Começam,começar,Fin,Ind,Pres,3,Plur,,,
colaboram,colabor,Fin,Ind,Pres,3,Plur,,,
temíamos,temer,Fin,Ind,Past,1,Plur,,,
bisam,bisar,Fin,Ind,Pres,3,Plur,,,
rodeou,rodear,Fin,Ind,Past,3,Sing,,,
dediquei,dedicar,Fin,Ind,Past,1,Sing,,,
baralhar,baralhar,Inf,,,,,,,
galardoada,galardoar,Part,,,,Sing,Fem,,
Descobri,descobrir,Fin,Ind,Past,1,Sing,,,
Chamaram,chamar,Fin,Ind,Past,3,Plur,,,
Reiteramos,reiterar,Fin,Ind,Pres,1,Plur,,,
transaccionada,transaccionar,Part,,,,Sing,Fem,Pass,
habitadas,habitar,Part,,,,Plur,Fem,Pass,
procederam,proceder,Fin,Ind,Past,3,Plur,,,
boiar,boiar,Inf,,,,,,,
Esquecidas,esquecer,Part,,,,Plur,Fem,,
sujam,sujar,Fin,Ind,Pres,3,Plur,,,
tapam,tapar,Fin,Ind,Pres,3,Plur,,,
remisturada,remisturar,Part,,,,Sing,Fem,Pass,
destituídos,destituir,Part,,,,Plur,Masc,Pass,
Ultrapassámos,ultrapassar,Fin,Ind,Pres,1,Plur,,,
Lamento,lamentar,Fin,Ind,Pres,1,Sing,,,
assistido,assistir,Part,,,,,,,
desequilibrando,desequilibrar,Ger,,,,,,,
ignorem,ignorar,Fin,Sub,Pres,3,Plur,,,
largasse,largar,Fin,Sub,Imp,3,Sing,,,
raiam,rair,Fin,Ind,Pres,3,Plur,,,
incontestada,incontestar,Part,,,,Sing,Fem,Pass,
comprido,comprido,Part,,,,Sing,Masc,,
explanada,explanar,Part,,,,Sing,Fem,Pass,
festejaram,festejar,Fin,Ind,Past,3,Plur,,,
ousadas,ousado,Part,,,,Plur,Fem,,
caracterizavam,caracterizar,Fin,Ind,Imp,3,Plur,,,
colabora,colabor,Fin,Ind,Pres,3,Sing,,,
serviam,servir,Fin,Ind,Imp,3,Plur,,,
Pagamos,pagar,Fin,Ind,Pres,1,Plur,,,
motivados,motivar,Part,,,,Plur,Masc,,
iludindo,iludir,Ger,,,,,,,
dinamizou,dinamizar,Fin,Ind,Past,3,Sing,,,
voltassem,voltar,Fin,Sub,Imp,3,Plur,,,
saltar,saltar,Inf,,,3,Sing,,,
descansado,descansar,Part,,,,Sing,Masc,,
bombardeada,bombardear,Part,,,,Sing,Fem,Pass,
lavaram,lavar,Fin,Ind,Past,3,Plur,,,
abordavam,abordar,Fin,Ind,Imp,3,Plur,,,
regulam,regular,Fin,Ind,Pres,3,Plur,,,
estranhará,estranhar,Fin,Ind,Fut,3,Sing,,,
indigitado,indigitar,Part,,,,Sing,Masc,Pass,
existissem,existir,Fin,Sub,Imp,3,Plur,,,
impeçam,impeçar,Fin,Sub,Pres,3,Plur,,,
devastaram,devastar,Fin,Ind,Past,3,Plur,,,
comprometidas,comprometer,Part,,,,Plur,Fem,,
fabricava,fabricar,Fin,Ind,Imp,3,Sing,,,
preservaria,preservar,Fin,Ind,Imp,3,Sing,,,
impediriam,impedir,Fin,Cnd,,3,Plur,,,
arrefecidos,arrefecer,Part,,,,Plur,Masc,,
Entrará,entrar,Fin,Ind,Fut,3,Sing,,,
salientado,salientar,Part,,,,Sing,Masc,Pass,
dissimularam,dissimular,Fin,Ind,Past,3,Plur,,,
pagará,pagar,Fin,Ind,Fut,3,Sing,,,
inalterados,inalterar,Part,,,,Plur,Masc,,
assinalasse,assinalar,Fin,Sub,Imp,3,Sing,,,
reportou,reportar,Fin,Ind,Past,3,Sing,,,
Aumentou,aumentar,Fin,Ind,Past,3,Sing,,,
falsificar,falsificar,Inf,,,,,,,
estagnou,estagnar,Fin,Ind,Past,3,Sing,,,
forçada,forçar,Part,,,,Sing,Fem,Pass,
envolviam,envolver,Fin,Ind,Imp,3,Plur,,,
Fechou,fechar,Fin,Ind,Past,3,Sing,,,
Admitiu,admitir,Fin,Ind,Past,3,Sing,,,
normaliza,normalizar,Fin,Ind,Pres,3,Sing,,,
salientaram,salientar,Fin,Ind,Past,3,Plur,,,
amadurece,amadurecer,Fin,Ind,Pres,3,Sing,,,
reportar,reportar,Inf,,,,,,,
boicotado,boicotar,Part,,,,Sing,Masc,Pass,
mistas,misturar,Part,,,,Plur,Fem,Pass,
embaraçada,embaraçar,Part,,,,Sing,Fem,,
Prefere,preferir,Fin,Ind,Pres,3,Sing,,,
reportaram,reportar,Fin,Ind,Past,3,Plur,,,
omitidos,omitir,Part,,,,Plur,Masc,Pass,
Assustou,assustar,Fin,Ind,Past,3,Sing,,,
assolava,assolar,Fin,Ind,Imp,3,Sing,,,
visitava,visitar,Fin,Ind,Imp,3,Sing,,,
encolher,encolher,Inf,,,,,,,
Fabricado,fabricar,Part,,,,Sing,Masc,,
contrariam,contrariar,Fin,Ind,Pres,3,Plur,,,
desmilitarizar,desmilitarizar,Inf,,,,,,,
abanou,abanar,Fin,Ind,Past,3,Sing,,,
descontado,descontar,Part,,,,Sing,Masc,Pass,
dissuadiu,dissuadir,Fin,Ind,Past,3,Sing,,,
inundaram,inundar,Fin,Ind,Past,3,Plur,,,
reprimido,reprimir,Part,,,,Sing,Masc,,
Suspeitamos,suspeitar,Fin,Ind,Pres,1,Plur,,,
Funcionando,funcionar,Ger,,,,,,,
galvanizou,galvanizar,Fin,Ind,Past,3,Sing,,,
adiaram,adiar,Fin,Ind,Past,3,Plur,,,
analisavam,analisar,Fin,Ind,Imp,3,Plur,,,
enfrentavam,enfrentar,Fin,Ind,Imp,3,Plur,,,
motivada,motivar,Part,,,,Sing,Fem,,
financiadas,financiar,Part,,,,Plur,Fem,,
continuaria,continuar,Fin,Cnd,,3,Sing,,,AUX
assistida,assistir,Part,,,,Sing,Fem,Pass,
acabar,acabar,Inf,,,,,,,AUX
decidisse,decidir,Fin,Sub,Imp,3,Sing,,,
adoravam,adorar,Fin,Ind,Imp,3,Plur,,,
renegociada,renegociar,Part,,,,Sing,Fem,Pass,
abrandar,abrandar,Inf,,,,,,,
detestaram,detestar,Fin,Ind,Imp,3,Plur,,,
ignoraram,ignorar,Fin,Ind,Past,3,Plur,,,
sobrevivem,sobreviver,Fin,Ind,Pres,3,Plur,,,
alterarem,alterar,Fin,Sub,Fut,3,Plur,,,
omitidos,omitir,Part,,,,Plur,Masc,,
aumentarem,aumentar,Fin,Sub,Fut,3,Plur,,,
licitaram,licitar,Fin,Ind,Past,3,Plur,,,
espoletou,espoletar,Fin,Ind,Past,3,Sing,,,
desapareçam,desapareçar,Fin,Sub,Pres,3,Plur,,,
arrojados,arrojar,Part,,,,Plur,Masc,,
finalizados,finalizar,Part,,,,Plur,Masc,Pass,
reportar,reportar,Inf,Sub,,3,Sing,,,
semeando,semear,Ger,,,,,,,
demitir,demitir,Inf,,,3,,,,
detalhava,detalhar,Fin,Ind,Imp,3,Sing,,,
Receberam,receber,Fin,Ind,Past,3,Plur,,,
recém-libertados,recém-libertar,Part,,,,Plur,Masc,,
sinalizara,sinalizar,Fin,Ind,Pres,3,Sing,,,
juramentada,juramentar,Part,,,,Sing,Fem,,
justificados,justificar,Part,,,,Plur,Masc,Pass,
aterrou,aterrar,Fin,Ind,Past,3,Sing,,,
Analisa,analisar,Fin,Ind,Pres,3,Sing,,,
enfureceu,enfurecer,Fin,Ind,Past,3,Sing,,,
expressas,esprimir,Part,,,,Plur,Fem,Pass,
cuidadoso,cuidar,Part,,,,Sing,Masc,,
registadas,registar,Part,,,,Plur,Fem,Pass,
terminarem,terminar,Inf,,,3,Plur,,,
bombear,bombear,Inf,,,,,,,
espoletaram,espoletar,Fin,Ind,Past,3,Plur,,,
concentraram,concentrar,Fin,Ind,Past,3,Plur,,,
reduziam,reduzir,Fin,Ind,Imp,3,Plur,,,
voltamos,voltar,Fin,Ind,Past,1,Plur,,,AUX
Deveriam,dever,Fin,Cnd,,3,Plur,,,
sancionadas,sancionar,Part,,,,Plur,Fem,Pass,
gritaram,gritar,Fin,Ind,Past,3,Plur,,,
intimidados,intimidar,Part,,,,Plur,Masc,Pass,
sofisticadas,sofisticar,Part,,,,Plur,Fem,,
Retirou,retirar,Fin,Ind,Past,3,Sing,,,
aborrecida,aborrecer,Part,,,,Sing,Fem,,
moramos,morar,Fin,Ind,Pres,1,Plur,,,
cuidadosos,cuidar,Part,,,,Plur,Masc,Pass,
materializaram,materializar,Fin,Ind,Past,3,Plur,,,
diminuídas,diminuir,Part,,,,Plur,Fem,,
ajustados,ajustar,Part,,,,Plur,Masc,Pass,
excede,excedir,Fin,Ind,Pres,3,Sing,,,
assoladas,assolar,Part,,,,Plur,Fem,Pass,
reguladas,regular,Part,,,,Plur,Fem,Pass,
desencorajou,desencorajar,Fin,Ind,Past,3,Sing,,,
reveladas,revelar,Part,,,,Plur,Fem,Pass,
expressados,expressar,Part,,,,Plur,Masc,Pass,
exercidos,exercer,Part,,,,Plur,Masc,Pass,
respondesse,responder,Fin,Sub,Imp,3,Sing,,,
variada,variar,Part,,,,Sing,Fem,Pass,
adoraram,adorar,Fin,Ind,Past,3,Plur,,,
progredido,progredir,Part,,,,,,,
Consideraria,considerar,Fin,Cnd,,3,Sing,,,
condenadas,condenar,Part,,,,Plur,Fem,Pass,
doutorados,doutorar,Part,,,,Plur,Masc,Pass,
derrotadas,derrotar,Part,,,,Plur,Fem,,
calculava,calcular,Fin,Ind,Imp,3,Sing,,,
gostaram,gostar,Fin,Ind,,3,Plur,,,
subestimaram,subestimar,Fin,Ind,Past,3,Plur,,,
torturar,torturar,Inf,,,,,,,
citada,citar,Part,,,,Sing,Fem,Pass,
atarefada,atarefar,Part,,,,Sing,Fem,,
vencedoras,vencedor,Part,,,,Plur,Fem,Pass,
colapsou,colapsar,Fin,Ind,Past,3,Sing,,,
salvo,salvar,Part,,,,,,,
reinvestidos,reinvestir,Part,,,,Plur,Masc,,
facultam,facultar,Fin,Ind,Pres,3,Plur,,,
deixaria,deixar,Fin,Cnd,,3,Sing,,,
redistribuiu,redistribuir,Fin,Ind,Past,3,Sing,,,
apoiem,apoiar,Fin,Sub,Pres,3,Plur,,,
excederam,exceder,Fin,Ind,Past,3,Plur,,,
indicassem,indicar,Fin,Sub,Imp,3,Plur,,,
esterilizada,esterilizar,Part,,,,Sing,Fem,,
decretam,decretar,Fin,Ind,Pres,3,Plur,,,
proferida,proferir,Part,,,,Sing,Fem,,
proferida,proferir,Part,,,,Sing,Fem,Pass,
Observaram,observar,Fin,Ind,Past,3,Plur,,,
decorou,decorar,Fin,Ind,Past,3,Sing,,,
informassem,informar,Fin,Sub,Imp,3,Plur,,,
inserido,inserir,Part,,,,Sing,Masc,Pass,
estagnaram,estagnar,Fin,Ind,Past,3,Plur,,,
caducaram,caducar,Fin,Ind,Pres,3,Plur,,,
dissimulado,dissimular,Part,,,,Sing,Masc,,
amam,amar,Fin,Ind,Pres,3,Plur,,,
famoso,famoso,Part,,,,Sing,Masc,Pass,
apelar,apelar,Inf,,,,,,,
combinados,combinar,Part,,,,Plur,Masc,Pass,
renegue,renegar,Fin,Ind,Pres,3,Sing,,,
Saboreou,saborear,Fin,Ind,Past,3,Sing,,,
deslavado,deslavar,Part,,,,Sing,Masc,,
renegociadas,renegociar,Part,,,,Plur,Fem,Pass,
co-editados,co-editar,Part,,,,Plur,Masc,,
deduzir,deduzir,Inf,,,,,,,
industrializaram,industrializar,Fin,Ind,Past,3,Plur,,,
protegidas,proteger,Part,,,,Plur,Fem,Pass,
Servem,servir,Fin,Ind,Pres,3,Plur,,,
rebentaram,rebentar,Fin,Ind,Past,3,Plur,,,
surripiar,surripiar,Inf,,,,,,,
discuta,discutar,Fin,Sub,Pres,3,Sing,,,
franze,franzir,Fin,Ind,Pres,3,Sing,,,
inibiram,inibir,Fin,Ind,Past,3,Plur,,,
revendem,revender,Fin,Ind,Pres,3,Plur,,,
avantajada,avantajar,Part,,,,Sing,Fem,,
venderam,vender,Fin,Ind,,3,Plur,,,
Reteve,retever,Fin,Ind,Past,3,Sing,,,
Garantida,garantir,Part,,,,Sing,Fem,Pass,
aconselhado,aconselhar,Part,,,,Sing,Masc,Pass,
aumentara,aumentar,Fin,Ind,Imp,3,Sing,,,
Aumenta,aumentar,Fin,Ind,Pres,3,Sing,,,
noticiar,noticiar,Inf,,,,,,,
padronizado,padronizar,Part,,,,Sing,Masc,,
marcaria,marcar,Fin,Cnd,,3,Sing,,,
retém,reter,Fin,Ind,Pres,3,Sing,,,
engorda,engordar,Fin,Ind,Pres,3,Sing,,,
reformada,reformar,Part,,,,Sing,Fem,,
cancelados,cancelar,Part,,,,Plur,Masc,,
democratizado,democratizar,Part,,,,Sing,Masc,Pass,
violassem,violar,Fin,Sub,Pres,3,Plur,,,
odeiam,odear,Fin,Ind,Pres,3,Plur,,,
patrocinem,patrocinar,Fin,Sub,Pres,3,Plur,,,
licitados,licitar,Part,,,,Plur,Masc,,
Liguei,ligar,Fin,Ind,Past,1,Sing,,,
ampliada,ampliar,Part,,,,Sing,Fem,Pass,
despoletado,despoletar,Part,,,,Sing,Masc,Pass,
Atribui,atribuir,Fin,Ind,Pres,3,Sing,,,
assimilou,assimilar,Fin,Ind,Past,3,Sing,,,
excedem,excedir,Fin,Ind,Pres,3,Plur,,,
captada,captar,Part,,,,Sing,Fem,Pass,
flutuassem,flutuar,Fin,Sub,Imp,3,Plur,,,
Cortou,cortar,Fin,Ind,Past,3,Sing,,,
licitaria,licitar,Fin,Ind,Pres,3,Sing,,,
garantidos,garantir,Part,,,,Plur,Masc,Pass,
garantidas,garantir,Part,,,,Plur,Fem,,
prateadas,pratear,Part,,,,Plur,Fem,,
esperneia,esperner,Fin,Ind,Pres,3,Sing,,,
adorou-a,adorou-ar,Fin,Ind,Past,3,Sing,,,
louvam,laver,Fin,Ind,Pres,3,Plur,,,
recalculado,recalcular,Part,,,,Sing,Masc,,
apanhada,apanhar,Part,,,,Sing,Fem,,
testemunhara,temtemunhar,Fin,Ind,Imp,3,Sing,,,
Apresentou,apresentar,Fin,Ind,Past,3,Sing,,,
reestruturar,reestruturar,Inf,,,,,,,
revogar,revogar,Inf,,,,,,,
extrovertida,extroverter,Part,,,,Sing,Fem,,
Organizou,organizar,Fin,Ind,Past,3,Sing,,,
privilegiada,privilegiar,Part,,,,Sing,Fem,,
demitiram,demitir,Fin,Ind,Past,3,Plur,,,
simulam,simular,Fin,Ind,Pres,3,Plur,,,
estragado,estragar,Part,,,,,,,
estivessem,estar,Fin,Sub,Imp,3,Plur,,,
redimido,redimir,Part,,,,Sing,Masc,Pass,
Constroem,constroar,Fin,Ind,Pres,3,Plur,,,
fundamentada,fundamentar,Part,,,,Sing,Fem,Pass,
inacabados,inacabar,Part,,,,Plur,Masc,,
esquiar,esquiar,Inf,,,,,,,
jogados,jogar,Part,,,,Plur,Masc,Pass,
Interferem,interferir,Fin,Ind,Pres,3,Plur,,,
param,parar,Fin,Ind,Pres,3,Plur,,,
providenciam,providenciar,Fin,Ind,Pres,3,Plur,,,
desistissem,desistir,Fin,Sub,Imp,3,Plur,,,
gerimos,gerir,Fin,Ind,Pres,1,Plur,,,
Viveu,viver,Fin,Ind,Past,3,Sing,,,
restaurados,restaurar,Part,,,,Plur,Masc,Pass,
Lança,lançar,Fin,Ind,Pres,3,Sing,,,
devolvidas,devolver,Part,,,,Plur,Fem,,
Arranjaram,arranjar,Fin,Ind,Past,3,Plur,,,
colapsaram,colapsar,Fin,Ind,Past,3,Plur,,,
Garantidos,garantir,Part,,,,Plur,Masc,,
celebraram,celebrar,Fin,Ind,Past,3,Plur,,,
aprimorada,aprimorar,Part,,,,Sing,Fem,Pass,
reparadas,reparar,Part,,,,Plur,Fem,Pass,
fornecessem,fornecer,Fin,Sub,Imp,3,Plur,,,
perturbaria,perturbar,Fin,Ind,Pres,3,Sing,,,
partilhado,partilhar,Part,,,,Sing,Masc,,
ABALARAM,abalar,Fin,Ind,Past,3,Plur,,,
bloqueadas,bloquear,Part,,,,Plur,Fem,,
falir,falir,Inf,,,,,,,
arrefecera,arrefecer,Fin,Ind,Imp,3,Sing,,,
esvaziam,esvazer,Fin,Ind,Pres,3,Plur,,,
semeia,semear,Fin,Ind,Pres,3,Sing,,,
pavimentadas,pavimentar,Part,,,,Plur,Fem,,
Oferecem,oferecer,Fin,Ind,Pres,3,Plur,,,
Eliminam,eliminar,Fin,Ind,Pres,3,Plur,,,
derreteram,derreter,Fin,Ind,Past,3,Plur,,,
Percebi,perceber,Fin,Ind,Past,1,Sing,,,
drenou,drenar,Fin,Ind,Past,3,Sing,,,
drenou-a,drenou-ar,Fin,Ind,Past,3,Sing,,,
beneficiasse,beneficiar,Fin,Sub,Imp,3,Sing,,,
descontrolados,descontrolar,Part,,,,Plur,Masc,,
encorajadas,encorajar,Part,,,,Plur,Fem,Pass,
incluísse,incluir,Fin,Sub,Imp,3,Sing,,,
afluiu,afluir,Fin,Ind,Past,3,Sing,,,
Escolhe,escolher,Fin,Ind,Pres,3,Sing,,,
serrar,serrar,Inf,,,,,,,
equilibrados,equilibrar,Part,,,,Plur,Masc,,
louca,louco,Part,,,,Sing,Fem,,
apressado,apressar,Part,,,,Sing,Masc,,
coincidiam,coincidir,Fin,Ind,Imp,3,Plur,,,
contratam,contratar,Fin,Ind,Pres,3,Plur,,,
encorajem,encorajar,Fin,Sub,Pres,3,Plur,,,
promovam,promover,Fin,Sub,Pres,3,Plur,,,
defendam,defender,Fin,Sub,Pres,3,Plur,,,
contactadas,contactar,Part,,,,Plur,Fem,,
alienou,alienar,Fin,Ind,Past,3,Sing,,,
guiou,guiar,Fin,Ind,Past,3,Sing,,,
financiaram,financiar,Fin,Ind,Past,3,Plur,,,
Gerem,gerir,Fin,Sub,Pres,3,Plur,,,
agrupando,agrupar,Ger,,,,,,,
retomados,retomar,Part,,,,Plur,Masc,Pass,
especializa,especializar,Fin,Ind,Pres,3,Sing,,,
suplantar,suplantar,Inf,,,,,,,
acalmaram,acalmar,Fin,Ind,Past,3,Plur,,,
chefiadas,chefiar,Part,,,,Plur,Fem,Pass,
actualizada,actualizar,Part,,,,Sing,Fem,,
suspirou,suspirar,Fin,Ind,Past,3,Sing,,,
Comprando,comprar,Ger,,,,,,,
emprestados,emprestar,Part,,,,Plur,Masc,,
publicitados,publicitar,Part,,,,Plur,Masc,,
dissesse,dizer,Fin,Sub,Imp,3,Sing,,,
Garantidas,garantir,Part,,,,Plur,Fem,Pass,
exibiram,exibir,Fin,Ind,Past,3,Plur,,,
exigiriam,exigir,Fin,Cnd,,3,Plur,,,
previram,prever,Fin,Ind,,3,Plur,,,
válidas,válido,Part,,,,Plur,Fem,,
desmantelaram,desmantelar,Fin,Ind,Past,3,Plur,,,
encerrados,encerrar,Part,,,,Plur,Masc,,
começasse,começar,Fin,Sub,Imp,3,Sing,,,AUX
projectar,projectar,Inf,,,,,,,
Liquidifica,liquidificar,Fin,Ind,Pres,3,Sing,,,
atrasem,atrasar,Fin,Sub,Pres,3,Plur,,,
restringidas,restringir,Part,,,,Plur,Fem,Pass,
recompra,recompra,Fin,Ind,Pres,3,Sing,,,
rejeitados,rejeitar,Part,,,,Plur,Masc,Pass,
Assinado,assinar,Part,,,,Sing,Masc,Pass,
duplicado,duplicar,Part,,,,Sing,Masc,Pass,
recairia,recair,Fin,Cnd,,3,Sing,,,
antevêem,antever,Fin,Ind,Pres,3,Plur,,,
conspiraram,conspirar,Fin,Ind,Past,3,Plur,,,
asseguradas,assegurar,Part,,,,Plur,Fem,Pass,
atribuíram,atribuir,Fin,Ind,Past,3,Plur,,,
disponibilizam,disponibilizar,Fin,Ind,Pres,3,Plur,,,
autorizaram,autorizar,Fin,Ind,Past,3,Plur,,,
estabilizaram,estabilizar,Fin,Ind,Past,3,Plur,,,
podes,poder,Fin,Ind,Pres,1,Plur,,,
recomprou,recomprar,Fin,Ind,Past,3,Sing,,,
orquestrou,orquestrar,Fin,Ind,Past,3,Sing,,,
acrescentaram,acrescentar,Fin,Ind,Past,3,Plur,,,
repetido,repetir,Part,,,,Sing,Masc,Pass,
significaram,significar,Fin,Ind,Past,3,Plur,,,
promulgou,promulgar,Fin,Ind,Past,3,Sing,,,
decepcionados,decepcionar,Part,,,,Plur,Masc,,
dificultadas,dificultar,Part,,,,Plur,Fem,Pass,
mencionando,mencionar,Ger,,,,,,,
apoiadas,apoiar,Part,,,,Plur,Fem,Pass,
refinanciados,refinanciar,Part,,,,Plur,Masc,,
controlariam,controlar,Fin,Ind,,3,Plur,,,
cairia,cair,Fin,Cnd,,3,Sing,,,
correriam,correr,Fin,Cnd,,3,Plur,,,
lemos,ler,Fin,Ind,Pres,1,Plur,,,
mordeu,morder,Fin,Ind,Past,3,Sing,,,
ficas,ficar,Fin,Ind,Pres,1,Plur,,,
empurraram,empurrar,Fin,Ind,Past,3,Plur,,,
perseguir,perseguir,Inf,,,,,,,
afligir-se-iam,afligir-se-iar,Fin,Ind,,3,Plur,,,
administrada,administrar,Part,,,,Sing,Fem,,
demonstrámos,demonstrar,Fin,Ind,Pres,1,Plur,,,
enfureça,enfurecer,Fin,Sub,Pres,3,Sing,,,
assombrada,assombrar,Part,,,,Sing,Fem,,
Íamos,ir,Fin,Ind,Imp,1,Plur,,,
massacrados,massacrar,Part,,,,Plur,Masc,,
exagerados,exagerar,Part,,,,Plur,Masc,Pass,
pintado,pintar,Part,,,,Sing,Masc,Pass,
distorceram,distorcer,Fin,Ind,Past,3,Plur,,,
exagerados,exagerar,Part,,,,Plur,Masc,,
Determinados,determinar,Part,,,,Plur,Masc,,
reestruturadas,reestruturar,Part,,,,Plur,Fem,,
desconfiados,desconfiar,Part,,,,Plur,Masc,,
hesitar,hesitar,Inf,,,,,,,
esmaga,esmagar,Fin,Ind,Pres,3,Sing,,,
cometi,cometer,Fin,Ind,Past,1,Sing,,,
enganados,enganar,Part,,,,Plur,Masc,,
alavancadas,alavancar,Part,,,,Plur,Fem,,
descolar,descolar,Inf,,,,,,,
turvado,turvar,Part,,,,,,,
acalme,acalmar,Fin,Sub,Pres,3,Sing,,,
operamos,operar,Fin,Ind,Pres,1,Plur,,,
contrabalançou,contrabalançar,Fin,Ind,Past,3,Sing,,,
especulam,especular,Fin,Ind,Pres,3,Plur,,,
afundam,afundar,Fin,Ind,Pres,3,Plur,,,
impedirá,impedir,Fin,Ind,Fut,3,Sing,,,
contra-atacou,contra-atacar,Fin,Ind,Past,3,Sing,,,
antever,antever,Inf,,,,,,,
disciplinada,disciplinar,Part,,,,Sing,Fem,Pass,
Reunimos,reunir,Fin,Ind,Pres,1,Plur,,,
criticadas,criticar,Part,,,,Plur,Fem,Pass,
derrubada,derrubada,Part,,,,Sing,Fem,Pass,
ajudaria,ajudar,Fin,Cnd,,3,Sing,,,
continuariam,continuar,Fin,Cnd,,3,Plur,,,AUX
reabriram,reabrir,Fin,Ind,Past,3,Plur,,,
encerradas,encerrar,Part,,,,Plur,Fem,,
Estarão,estar,Fin,Ind,Fut,3,Plur,,,
planeado,planear,Part,,,,,,,
ampliados,ampliar,Part,,,,Plur,Masc,Pass,
diriam,dizer,Fin,Cnd,,3,Plur,,,
acumulavam,acumular,Fin,Ind,Imp,3,Plur,,,
estipule,estipular,Fin,Sub,Pres,3,Sing,,,
aborrecido,aborrecer,Part,,,,Sing,Masc,,
invertam,invertar,Fin,Sub,Pres,3,Plur,,,
apaziguar,apaziguar,Inf,,,,,,,
abastadas,abastar,Part,,,,Plur,Fem,,
distorcida,distorcidar,Part,,,,Sing,Fem,,
julgaram,julgar,Fin,Ind,Past,3,Plur,,,
vender,vender,Fin,Sub,Fut,3,Sing,,,
zangados,zangar,Part,,,,Plur,Masc,,
limitaram,limitar,Fin,Ind,Past,3,Plur,,,
avance,avancar,Fin,Sub,Pres,3,Sing,,,
movimentadas,movimentar,Part,,,,Plur,Fem,,
Ocorreram,ocorrer,Fin,Ind,Past,3,Plur,,,
famosos,famoso,Part,,,,Plur,Masc,Pass,
aceitarão,aceitar,Fin,Ind,Fut,3,Plur,,,
aprofundados,aprofundar,Part,,,,Plur,Masc,,
Compreendemos,compreender,Fin,Ind,Pres,1,Plur,,,
caducou,caducar,Fin,Ind,Past,3,Sing,,,
estruturados,estruturar,Part,,,,Plur,Masc,,
considerará,considerar,Fin,Ind,Fut,3,Sing,,,
flectidas,flectir,Part,,,,Plur,Fem,,
cobrirem,cobrir,Inf,,,3,Plur,,,
desfeita,desfeitar,Part,,,,Sing,Fem,Pass,
agarrada,agarrar,Part,,,,Sing,Fem,,
demorámos,demorar,Fin,Ind,Pres,1,Plur,,,
deparar,deparar,Inf,,,,,,,
combinado,combinar,Part,,,,,,,
frequentado,frequentar,Part,,,,Sing,Masc,Pass,
casada,casado,Part,,,,Sing,Fem,,
apaixonada,apaixonado,Part,,,,Sing,Fem,Pass,
estiveram,estar,Fin,Ind,Past,3,Plur,,,AUX
tentemos,tentar,Fin,Ind,Pres,1,Plur,,,
habilitava,habilitar,Fin,Ind,Imp,3,Sing,,,
Costumava,costumar,Fin,Ind,Imp,3,Sing,,,
entregara,entregar,Fin,Ind,Imp,3,Sing,,,
repousam,repousar,Fin,Ind,Pres,3,Plur,,,
perguntam,perguntar,Fin,Ind,Pres,3,Plur,,,
proporcionada,proporcionar,Part,,,,Sing,Fem,,
escondo,escor,Fin,Ind,Pres,1,Sing,,,
Voltemos,voltar,Fin,Ind,Pres,1,Plur,,,
descobrimos,descobrir,Fin,Ind,Pres,1,Plur,,,
merecessem,merecessar,Fin,Sub,Imp,3,Plur,,,
divinizadas,divinizar,Part,,,,Plur,Fem,Pass,
desmistificado,desmistificar,Part,,,,Sing,Masc,,
apelidada,apelidar,Part,,,,Sing,Fem,,
Suponho,supor,Fin,Ind,Pres,1,Sing,,,
Dito,dizer,Part,,,,Sing,Masc,Pass,
consagradas,consagrar,Part,,,,Plur,Fem,,
bugiar,bugiar,Inf,,,,Sing,,,
esmagar,esmagar,Inf,,,,,,,
traçaram,traçar,Fin,Ind,Past,3,Plur,,,
negociaram,negociar,Fin,Ind,Past,3,Plur,,,
varrido,varrer,Part,,,,Sing,Masc,Pass,
combatiam,combater,Fin,Ind,Imp,3,Plur,,,
voltarem,voltar,Inf,,,3,Plur,,,
avaliara,avaliar,Fin,Ind,Past,3,Sing,,,
regressando,regressar,Ger,,,,,,,
deitar,deitar,Inf,,,3,Sing,,,
partiam,partir,Fin,Ind,Imp,3,Plur,,,
Acrescentando,acrescentar,Ger,,,,,,,
terminado,terminar,Part,,,,,Masc,,
iniciavam,iniciar,Fin,Ind,Imp,3,Plur,,,
subscreveram,subscrever,Fin,Ind,Past,3,Plur,,,
apelaram,apelar,Fin,Ind,Past,3,Plur,,,
mostrasse,mostrar,Fin,Sub,Imp,3,Sing,,,
abandonar,abandonar,Inf,,,3,Sing,,,
determinarão,determinar,Fin,Ind,Fut,3,Plur,,,
voltarei,voltar,Fin,Ind,Fut,1,Sing,,,AUX
conversarem,conversar,Inf,,,3,Plur,,,
faças,fazer,Fin,Sub,Pres,3,Plur,,,
deixei,deixar,Fin,Ind,Past,1,Sing,,,AUX
comparava,comparar,Fin,Ind,Imp,3,Sing,,,
perdera,perder,Fin,Ind,Past,3,Sing,,,
sintetiza,sintetizar,Fin,Ind,Pres,3,Sing,,,
aguentem,aguentar,Fin,Sub,Pres,3,Plur,,,
reprovado,reprovar,Part,,,,Sing,Masc,,
depositarmos,depositar,Fin,Sub,Fut,1,Plur,,,
estaremos,estar,Fin,Ind,Fut,1,Plur,,,AUX
indignada,indignar,Part,,,,Sing,Fem,,
despojadas,despojar,Part,,,,Plur,Fem,,
ambicionado,ambicionar,Part,,,,Sing,Masc,,
massificou,massificar,Fin,Ind,Past,3,Sing,,,
escancarou,escancar,Fin,Ind,Past,3,Sing,,,
Estabelecer,estabelecer,Inf,,,,,,,
Atenta,atentar,Fin,Ind,Pres,3,Sing,,,
Captar,captar,Inf,,,,,,,
manifestem,manifestar,Fin,Sub,Pres,3,Plur,,,
apaixonem,apaixonar,Fin,Sub,Pres,3,Plur,,,
impera,imperar,Fin,Ind,Pres,3,Sing,,,
correspondiam,corresponder,Fin,Ind,Imp,3,Plur,,,
TEM,ter,Fin,Ind,Pres,3,Sing,,,
apanhe,apanhar,Fin,Sub,Pres,3,Sing,,,
facilitado,facilitar,Part,,,,Sing,Masc,,
verificasse,verificar,Fin,Sub,Imp,3,Sing,,,
generalizado,generalizar,Part,,,,Sing,Masc,Pass,
considerámos,considerar,Fin,Ind,Pres,1,Plur,,,
chumbados,chumbar,Part,,,,Plur,Masc,Pass,
MOTIVAR,motivar,Inf,,,,,,,
desinteressados,desinteressar,Part,,,,Plur,Masc,,
vibram,vibrar,Fin,Ind,Pres,3,Plur,,,
debitam,debitar,Fin,Ind,Pres,3,Plur,,,
aprende,aprender,Fin,Ind,Pres,3,Sing,,,AUX
esbatendo,esbater,Ger,,,,,,,
comportado,comportar,Part,,,,Sing,Masc,,
transbordar,transbordar,Inf,,,,,,,
germine,germinir,Fin,Sub,Pres,3,Sing,,,
mandava,mandar,Fin,Ind,Imp,3,Sing,,,
rebolavam,rebolar,Fin,Ind,Imp,3,Plur,,,
Chegara,chegar,Fin,Ind,Imp,3,Sing,,,AUX
Meteu,meter,Fin,Ind,Past,3,Sing,,,
voou,voar,Fin,Ind,Past,3,Sing,,,
coordenam,coordenar,Fin,Ind,Pres,3,Plur,,,
recrutaram,recrutar,Fin,Ind,Past,3,Plur,,,
viva,viver,Fin,Sub,Pres,3,Sing,,,
converso,conversar,Fin,Ind,Pres,1,Sing,,,
passeiam,passear,Fin,Ind,Pres,3,Plur,,,
apaixonadas,apaixonar,Part,,,,Plur,Fem,Pass,
deslizar,deslizar,Inf,,,,,,,
funcionasse,funcionar,Fin,Sub,Imp,3,Sing,,,
imposto,impor,Part,,,,Sing,Masc,,
apostaram,apostar,Fin,Ind,Past,3,Plur,,,
darmos,dar,Inf,,,1,Plur,,,
andasse,andar,Fin,Sub,Imp,3,Sing,,,
desapontado,desapontar,Part,,,,Sing,Masc,,
preocupámos,preocupar,Fin,Ind,Pres,1,Plur,,,
adquirimos,adquirir,Fin,Ind,Pres,1,Plur,,,
reincidiu,reincidir,Fin,Ind,Past,3,Sing,,,
intervenham,intervir,Fin,Sub,Pres,3,Plur,,,
AVIADO,aviador,Part,,,,Sing,Masc,,
Olhe,olhar,Fin,Sub,Pres,3,Sing,,,
embevecido,embevecer,Part,,,,Sing,Masc,,
confraternizar,confraternizar,Inf,,,,,,,
empregue,empregar,Fin,Ind,,,Sing,,,
Irritados,irritar,Part,,,,Plur,Masc,,
rogar,rogar,Inf,,,,,,,
Chegados,chegar,Part,,,,Plur,Masc,,
brindaram,brindar,Fin,Ind,Past,3,Plur,,,
julgavam,julgar,Fin,Ind,Imp,3,Plur,,,
Saído,sair,Part,,,,Sing,Masc,,
Estive,estar,Fin,Ind,Past,1,Sing,,,
versará,versar,Fin,Ind,Fut,3,Sing,,,
diversificou,diversificar,Fin,Ind,Past,3,Sing,,,
habitou,habitar,Fin,Ind,Past,3,Sing,,,
começada,começar,Part,,,,Sing,Fem,,
servirem,servir,Inf,,,3,Plur,,,
convide,convidir,Fin,Sub,Pres,3,Sing,,,
convidamos,conveder,Fin,Ind,Pres,1,Plur,,,
pagamos,pagar,Fin,Ind,Pres,1,Plur,,,
terminados,terminado,Part,,,,Plur,Masc,,
Satisfeito,satisfiitar,Part,,,,Sing,Masc,,
advogar,advogar,Inf,,,,,,,
conservo,conservar,Fin,Ind,Pres,1,Sing,,,
confidencia,confidenciar,Fin,Ind,Pres,3,Sing,,,
aguentando,aguentar,Ger,,,,,,,
cumprisse,cumprir,Fin,Sub,Imp,3,Sing,,,
provocar,provocar,Inf,,,3,Sing,,,
interrompido,interromper,Part,,,,,,,
tornar,tornar,Inf,,,3,,,,
Vir,vir,Inf,,,,,,,
herdado,herdar,Part,,,,Sing,Masc,,
retribuir,retribuir,Inf,,,,,,,
deslocou,deslocar,Fin,Ind,Past,3,Sing,,,
recusar-lhe,recusar-ler,Inf,,,,,,,
subindo,subir,Ger,,,,,,,
trocada,trocar,Part,,,,Sing,Fem,,
Desafiar,desafiar,Inf,,,,,,,
legaliza,legalizar,Fin,Ind,Pres,3,Sing,,,
Regressa,regressar,Fin,Ind,Pres,3,Sing,,,
hesitado,hesitar,Part,,,,,,,
oscilou,oscilar,Fin,Ind,Past,3,Sing,,,
confronta,confrontar,Fin,Ind,Pres,3,Sing,,,
Vimos,ir,Fin,Ind,Pres,1,Plur,,,
cavados,cavar,Part,,,,Plur,Masc,,
escolhermos,escolher,Inf,,,1,Plur,,,
entendidos,entendidos,Part,,,,Plur,Masc,,
sintetizada,sintetizar,Part,,,,Sing,Fem,Pass,
Traduz,traduzir,Fin,Ind,Pres,3,Sing,,,
sistematizada,sistematizar,Part,,,,Sing,Fem,Pass,
centrava,centravar,Fin,Ind,Imp,3,Sing,,,
explorei,explorar,Fin,Ind,Past,1,Sing,,,
desconstruo,desconstruar,Fin,Ind,Pres,3,Sing,,,
aplique,aplicar,Fin,Sub,Pres,3,Sing,,,
degradando,degradar,Ger,,,,,,,
disseminar,disseminar,Inf,,,,,,,
constituir,constituir,Inf,,,3,Sing,,,
interrogar,interrogar,Inf,,,,,,,
ceder,ceder,Inf,,,3,Sing,,,
romper,romper,Fin,Sub,Fut,3,Sing,,,
comunique,comunicar,Fin,Sub,Pres,3,Sing,,,
emprestaram,emprestar,Fin,Ind,Past,3,Plur,,,
traduzira,traduzir,Fin,Ind,Imp,3,Sing,,,
declamou,declamar,Fin,Ind,Past,3,Sing,,,
encenada,encenar,Part,,,,Sing,Fem,,
Regionalizar,regionalizar,Inf,,,,,,,
Invocando,invocar,Ger,,,,,,,
conferido,conferir,Part,,,,Sing,Masc,,
listando,listar,Ger,,,,,,,
sobreviviam,sobreviver,Fin,Ind,Imp,3,Plur,,,
gozado,gozar,Part,,,,,,,
dignificar,dignificar,Inf,,,,,,,
extingue,extinguir,Fin,Ind,Pres,3,Sing,,,
zurzir,zurzir,Inf,,,,,,,
apelidou,apelidar,Fin,Ind,Past,3,Sing,,,
imploram,implorar,Fin,Ind,Pres,3,Plur,,,
errados,errar,Part,,,,Plur,Masc,,
refundar,refundar,Inf,,,,,,,
minimizada,minimizar,Part,,,,Sing,Fem,,
arrastava,arrastar,Fin,Ind,Imp,3,Sing,,,
circulava,circular,Fin,Ind,Imp,3,Sing,,,
receberiam,receber,Fin,Cnd,,3,Plur,,,
teríamos,ter,Fin,Cnd,,1,Plur,,,AUX
conseguirmos,conseguir,Fin,Sub,Pres,1,Plur,,,
mostrámos,mostrar,Fin,Ind,Pres,1,Plur,,,
prestaremos,prestar,Fin,Ind,Pres,1,Plur,,,
previsto,prever,Part,,,,,,,
vitimou,vitimar,Fin,Ind,Past,3,Sing,,,
confirmadas,confirmar,Part,,,,Plur,Fem,,
partira,partir,Fin,Ind,Imp,3,Sing,,,
estudavam,estudar,Fin,Ind,Imp,3,Plur,,,
Liga,Liga,Fin,Ind,Pres,3,Sing,,,
desejarem,desejar,Fin,Sub,Pres,3,Plur,,,
dotarem,dotar,Inf,,,3,Plur,,,
cortemos,corter,Fin,Ind,Pres,1,Plur,,,
partamos,partar,Fin,Ind,Pres,1,Plur,,,
despontou,despontar,Fin,Ind,Past,3,Sing,,,
recém-decretadas,recém-decretar,Part,,,,Plur,Fem,Pass,
consagram,consagrar,Fin,Ind,Pres,3,Plur,,,
orçamentadas,orçamentar,Part,,,,Plur,Fem,,
cativar,cativar,Inf,,,3,Sing,,,
afectas,afectar,Part,,,,Plur,Fem,,
obedeçam,obedeçar,Fin,Sub,Pres,3,Plur,,,
fracassado,fracassar,Part,,,,,,,
falhadas,falhar,Part,,,,Plur,Fem,,
disperso,dispersar,Part,,,,Sing,Masc,Pass,
multada,multar,Part,,,,Sing,Fem,,
exígua,exígurar,Part,,,,Sing,Fem,,
superlotada,superlotar,Part,,,,Sing,Fem,,
equiparada,equiparar,Part,,,,Sing,Fem,,
Justificar,justificar,Inf,,,,,,,
punam,pudar,Fin,Sub,Pres,3,Plur,,,
apetrechar,apetrechar,Inf,,,3,Sing,,,
estagnada,estagnar,Part,,,,Sing,Fem,,
anexado,anexar,Part,,,,Sing,Masc,Pass,
deslocalizar,deslocalizar,Inf,,,,,,,
globalizar,globalizar,Inf,,,,,,,
continuarmos,continuar,Inf,,,1,Plur,,,
transformámos,transformar,Fin,Ind,Pres,1,Plur,,,
Apostado,apostar,Part,,,,Sing,Masc,,
sobrar,sobrar,Inf,,,,,,,
implantarem,implantar,Inf,,,3,Plur,,,
vincados,vincar,Part,,,,Plur,Masc,Pass,
contradiz,contradizar,Fin,Ind,Pres,3,Sing,,,
situaria,situar,Fin,Cnd,,3,Sing,,,
pressupunha,pressupuir,Fin,Ind,Imp,3,Sing,,,
excluam,excluar,Fin,Sub,Pres,3,Plur,,,
pretendida,pretender,Part,,,,Sing,Fem,,
falsificada,falsificar,Part,,,,Sing,Fem,,
encostarem,encostar,Inf,,,3,Plur,,,
vendessem,vender,Fin,Sub,Imp,3,Plur,,,
procuradas,procurar,Part,,,,Plur,Fem,,
mudarem,mudar,Inf,,,3,Plur,,,
encarecer,encarecer,Inf,,,,,,,
balançado,balançar,Part,,,,,,,
moderada,moderar,Part,,,,Sing,Fem,Pass,
suportaram,suportar,Fin,Ind,Past,3,Plur,,,
Mostraram,mostrar,Fin,Ind,Past,3,Plur,,,
vencida,vencer,Part,,,,Sing,Fem,,
reduzira,reduzir,Fin,Ind,Pres,3,Sing,,,
contraíram,contrair,Fin,Ind,Past,3,Plur,,,
sonharam,sonhar,Fin,Ind,Past,3,Plur,,,
parecidas,parecer,Part,,,,Plur,Fem,,
volto,voltar,Fin,Ind,Pres,1,Sing,,,
aterrar,aterrar,Fin,Sub,Fut,3,Sing,,,
aspira,aspirar,Fin,Ind,Pres,3,Sing,,,
iniciadas,iniciar,Part,,,,Plur,Fem,,
desanuviar,desanuviar,Inf,,,,,,,
coroadas,coroar,Part,,,,Plur,Fem,,
preocupada,preocupado,Part,,,,Sing,Fem,,
abdicou,abdicar,Fin,Ind,Past,3,Sing,,,
organizado,organizar,Part,,,,,,,
Convidou,convidar,Fin,Ind,Past,3,Sing,,,
advertindo,advertir,Ger,,,,,,,
entusiasmar,entusiasmar,Inf,,,,,,,
regressar,regressar,Fin,Sub,Fut,3,Sing,,,
alterará,alterar,Fin,Ind,Fut,3,Sing,,,
tencionam,tencionar,Fin,Ind,Pres,3,Plur,,,
respeitam,respeitar,Fin,Ind,Pres,3,Plur,,,
pacificada,pacificar,Part,,,,Sing,Fem,,
resultarem,resultar,Fin,Sub,Fut,3,Plur,,,
rejeitado,rejeitar,Part,,,,,,,
abandone,abandonar,Fin,Sub,Pres,3,Sing,,,
demitissem,demitir,Fin,Sub,Imp,3,Plur,,,
comprometeria,comprometer,Fin,Cnd,,3,Sing,,,
vote,votar,Fin,Sub,Pres,3,Sing,,,
aproveitadas,aproveitar,Part,,,,Plur,Fem,Pass,
convidara,convidar,Fin,Ind,Imp,3,Sing,,,
mascarado,mascarar,Part,,,,Sing,Masc,,
desmentindo,desmentir,Ger,,,,,,,
Favorecida,favorecer,Part,,,,Sing,Fem,,
exigisse,exigir,Fin,Sub,Imp,3,Sing,,,
sancionado,sancionar,Part,,,,Sing,Masc,,
aportara,aportar,Fin,Ind,Imp,3,Sing,,,
renderiam,render,Fin,Ind,Past,3,Plur,,,
planeava,planear,Fin,Ind,Imp,3,Sing,,,
proposto,propor,Part,,,,,,,
infiltrados,infiltrar,Part,,,,Plur,Masc,,
ensaiadas,ensaiar,Part,,,,Plur,Fem,,
colaborado,colaborar,Part,,,,,,,
conferenciara,conferenciar,Fin,Ind,Imp,3,Sing,,,
amotinados,amotinar,Part,,,,Plur,Masc,,
reconcilie,reconciliar,Fin,Sub,Pres,3,Sing,,,
participe,participar,Fin,Sub,Pres,3,Sing,,,
ordena,ordenar,Fin,Ind,Pres,3,Sing,,,
deserta,deserto,Part,,,,Sing,Fem,,
saqueada,saquear,Part,,,,Sing,Fem,,
pilhados,pilhar,Part,,,,Plur,Masc,Pass,
acendesse,acender,Fin,Sub,Imp,3,Sing,,,
propagasse,propagar,Fin,Sub,Imp,3,Sing,,,
demolidas,demolir,Part,,,,Plur,Fem,Pass,
fomentaram,fomentar,Fin,Ind,Past,3,Plur,,,
acompanhado,acompanhar,Part,,,,,,,
corrido,correr,Part,,,,,,,
insurgiram,insurgir,Fin,Ind,Past,3,Plur,,,
impostas,impor,Part,,,,Plur,Fem,Pass,
embargada,embargar,Part,,,,Sing,Fem,Pass,
encerrado,encerrar,Part,,,,,,,
respeitar,respeitar,Inf,,,3,Sing,,,
rodear,rodear,Inf,,,,,,,
vedar,vedar,Inf,,,,,,,
nidificam,nidificar,Fin,Ind,Pres,3,Plur,,,
virem,vir,Inf,,,3,Plur,,,AUX
impugnadas,impugnar,Part,,,,Plur,Fem,Pass,
accionar,accionar,Inf,,,,,,,
Transportados,transportar,Part,,,,Plur,Masc,,
reencenava,reencenar,Fin,Ind,Imp,3,Sing,,,
demarca,demarcar,Fin,Ind,Pres,3,Sing,,,
aterrar,aterrar,Inf,,,,,,,
circulará,circular,Fin,Ind,Fut,3,Sing,,,
forrado,forrar,Part,,,,Sing,Masc,,
assentando,assentar,Ger,,,,,,,
descreverá,descrever,Fin,Ind,Fut,3,Sing,,,
apertados,apertar,Part,,,,Plur,Masc,,
defendido,defender,Part,,,,Sing,Masc,,
convinha,convenhar,Fin,Ind,Imp,3,Sing,,,
equacionar,equacionar,Inf,,,,,,,
desembocando,desembocar,Ger,,,,,,,
apurámos,apurar,Fin,Ind,Pres,1,Plur,,,
Regressando,regressar,Ger,,,,,,,
vivificar,vivificar,Inf,,,,,,,
envelhecida,envelhecer,Part,,,,Sing,Fem,,
martirizadas,martirizar,Part,,,,Plur,Fem,Pass,
instituídos,instituir,Part,,,,Plur,Masc,,
julgam,julgar,Fin,Ind,Pres,3,Plur,,,
desprezam,desprezar,Fin,Ind,Pres,3,Plur,,,
desembocará,desembocar,Fin,Ind,Fut,3,Sing,,,
desembocar,desembocar,Inf,,,,,,,
emagrecer,emagrecer,Inf,,,,,,,
fique,ficar,Fin,Sub,Pres,3,Sing,,,AUX
julgarem,julgar,Inf,,,3,Plur,,,
redunda,redundar,Fin,Ind,Pres,3,Sing,,,
corresponda,corresponder,Fin,Sub,Pres,3,Sing,,,
coincidir,coincidir,Inf,,,,,,,
decorreria,decorrer,Fin,Cnd,,3,Sing,,,
dispor-se-iam,dispor-se-,Fin,Ind,Past,3,Plur,,,AUX
iniciarem,iniciar,Inf,,,3,Plur,,,
mexido,mexer,Part,,,,Sing,Masc,,
promulgada,promulgar,Part,,,,Sing,Fem,,
protagonizado,protagonizar,Part,,,,,,,
regulamentam,regulamentar,Fin,Ind,Pres,3,Plur,,,
abordasse,abordar,Fin,Sub,Imp,3,Sing,,,
desmontada,desmontar,Part,,,,Sing,Fem,Pass,
discutindo,discutir,Ger,,,,,,,
alargue,alarguar,Fin,Sub,Pres,3,Sing,,,
adie,adiir,Fin,Sub,Pres,3,Sing,,,
acordado,acordar,Part,,,,Sing,Masc,,
usasse,usar,Fin,Sub,Imp,3,Sing,,,
descabido,descaber,Part,,,,Sing,Masc,,
suou,suar,Fin,Ind,Pres,3,Sing,,,
retomo,retomar,Fin,Ind,Pres,1,Sing,,,
verifiquemos,verificar,Fin,Ind,Pres,1,Plur,,,
progrediram,progredir,Fin,Ind,Past,3,Plur,,,
rumar,rumar,Inf,,,,,,,
admitida,admitir,Part,,,,Sing,Fem,,
Consideramos,considerar,Fin,Ind,Pres,1,Plur,,,
reproduzido,reproduzir,Part,,,,Sing,Masc,,
desconheciam,desconhecer,Fin,Ind,Imp,3,Plur,,,
refeito,refeitar,Part,,,,Sing,Masc,,
nasça,nasçar,Fin,Sub,Pres,3,Sing,,,
ferir,ferir,Inf,,,,,,,
acordado,acordar,Part,,,,Sing,Masc,Pass,
recém-criado,recém-criar,Part,,,,Sing,Masc,,
caber,caber,Inf,,,,,,,
desistir,desistir,Inf,,,3,Sing,,,AUX
confidenciaram,confidenciar,Fin,Ind,Past,3,Plur,,,
concordado,concordar,Part,,,,,,,
desalojou,desalojar,Fin,Ind,Past,3,Sing,,,
fechasse,fechar,Fin,Sub,Imp,3,Sing,,,
declarado,declarar,Part,,,,,,,
ver,ver,Inf,,,3,,,,
dariam,dar,Fin,Cnd,,3,Plur,,,AUX
tornada,tornar,Part,,,,Sing,Fem,Pass,
concorresse,concorrer,Fin,Sub,Imp,3,Sing,,,
coligado,coligar,Part,,,,Sing,Masc,,
escorregou,escorregar,Fin,Ind,Past,3,Sing,,,
merecia,merecer,Fin,Ind,Past,3,Sing,,,
recordamos,recordar,Fin,Ind,Pres,1,Plur,,,
soou,soar,Fin,Ind,Past,3,Sing,,,
apelidam,apelidar,Fin,Ind,Pres,3,Plur,,,
forrar,forrar,Inf,,,,,,,
Apresentar,apresentar,Inf,,,3,Sing,,,
regresse,regressar,Fin,Sub,Pres,3,Sing,,,
desertar,desertar,Inf,,,,,,,
desapercebida,desaperceber,Part,,,,Sing,Fem,,
entalar,entalar,Inf,,,,,,,
acertam,acertar,Fin,Ind,Pres,3,Plur,,,
reparado,reparar,Part,,,,,,,
escutada,escutar,Part,,,,Sing,Fem,,
participado,participar,Part,,,,Sing,Masc,,
convidada,convidar,Part,,,,Sing,Fem,,
escutadas,escutar,Part,,,,Plur,Fem,,
vítima,vítima,Part,,,,Sing,Fem,Pass,
recusado,recusar,Part,,,,Sing,Masc,,
aceite,aceitar,Fin,Ind,Pres,3,Sing,,,
insinuando,insinuar,Ger,,,,,,,
comunga,comungar,Fin,Ind,Pres,3,Sing,,,
ignore,ignorir,Fin,Sub,Pres,3,Sing,,,
dissecado,dissecar,Part,,,,,,,
Escondidos,esconder,Part,,,,Plur,Masc,,
evidenciar,evidenciar,Inf,,,,,,,
regularizaram,regularizar,Fin,Ind,Past,3,Plur,,,
recrutou,recrutar,Fin,Ind,Past,3,Sing,,,
registada,registar,Part,,,,Sing,Fem,Pass,
sentiam,sentir,Fin,Ind,Imp,3,Plur,,,
representasse,representar,Fin,Sub,Imp,3,Sing,,,
mobilizarem,mobilizar,Inf,,,3,Plur,,,
limarem,limar,Inf,,,3,Plur,,,
despropositado,despropositar,Part,,,,Sing,Masc,,
ocultar,ocultar,Inf,,,,,,,
cristalizar,cristalizar,Inf,,,3,Sing,,,
Alertou,alertar,Fin,Ind,Past,3,Sing,,,
interposto,interpor,Part,,,,,,,
excedido,excedir,Part,,,,Sing,Masc,Pass,
invocou,invocar,Fin,Ind,Past,3,Sing,,,
IMPUGNADAS,impognadar,Part,,,,Plur,Fem,,
pretender,pretender,Inf,,,,Sing,,,
rejeitando,rejeitar,Ger,,,,,,,
reflectirá,reflectir,Fin,Ind,Fut,3,Sing,,,
eleitas,eleger,Part,,,,Plur,Fem,Pass,
libertos,libertar,Part,,,,Plur,Masc,,
confundido,confundir,Part,,,,Sing,Masc,,
estenderem,estender,Fin,Sub,Fut,3,Plur,,,
Dito,dizer,Part,,,,Sing,Masc,,
louva,louvar,Fin,Ind,Pres,3,Sing,,,
lembrasse,lembrar,Fin,Sub,Imp,3,Sing,,,
repensar,repensar,Inf,,,,,,,
agregou,agregar,Fin,Ind,Past,3,Sing,,,
controlarem,controlar,Inf,,,3,Plur,,,
envolverão,envolver,Fin,Ind,Fut,3,Plur,,,
entenderem,entender,Fin,Sub,Fut,3,Plur,,,
advogou,advogar,Fin,Ind,Past,3,Sing,,,
estabelecerem,estabelecer,Inf,,,3,Plur,,,
reprovados,reprovar,Part,,,,Plur,Masc,,
Reprovando,reprovar,Ger,,,,,,,
reponha,repor,Fin,Sub,Pres,3,Sing,,,
ressuscitada,ressuscitar,Part,,,,Sing,Fem,,
ilumine,iluminar,Fin,Sub,Pres,3,Sing,,,
iludem,iludir,Fin,Ind,Pres,3,Plur,,,
privar,privar,Inf,,,3,Sing,,,
abençoada,abençoar,Part,,,,Sing,Fem,,
povoado,povoar,Part,,,,Sing,Masc,,
atropela,atropelar,Fin,Ind,Pres,3,Sing,,,
acontecida,acontecer,Part,,,,Sing,Fem,,
reintegrada,reintegrar,Part,,,,Sing,Fem,,
prontos,prontar,Part,,,,Plur,Masc,,
recorrerem,recorrer,Inf,,,3,Plur,,,
convidam,conveder,Fin,Ind,Pres,3,Plur,,,
adornados,adornar,Part,,,,Plur,Masc,,
Ficava,ficar,Fin,Ind,Imp,3,Sing,,,AUX
divorciar,divorciar,Inf,,,3,Sing,,,
Chegava,chegar,Fin,Ind,Imp,3,Sing,,,
improvisaram,improvisar,Fin,Ind,Past,3,Plur,,,
Ultrapassado,ultrapassar,Part,,,,Sing,Masc,,
animados,animar,Part,,,,Plur,Masc,,
programar,programar,Inf,,,,,,,
culmina,culminar,Fin,Ind,Pres,3,Sing,,,
concilia,conciliar,Fin,Ind,Pres,3,Sing,,,
ensinadas,ensinar,Part,,,,Plur,Fem,,
concretizadas,concretizar,Part,,,,Plur,Fem,Pass,
fazer-lhe,fazer-ar,Inf,,,,,,,
batido,bater,Part,,,,Sing,Masc,Pass,
marcara,marcar,Fin,Ind,Past,3,Sing,,,
Agarrei,agarrer,Fin,Ind,Past,1,Sing,,,
importava,importar,Fin,Ind,Imp,1,Sing,,,
Cresceu,crescer,Fin,Ind,Past,3,Sing,,,
Casado,casar,Part,,,,Sing,Masc,,
rescindir,rescindir,Inf,,,,,,,
soprou,soprar,Fin,Ind,Past,3,Sing,,,
Falei,falar,Fin,Ind,Past,1,Sing,,,
treinado,treinar,Part,,,,,,,
prevalecido,prevalecer,Part,,,,,,,
imputaram,imputar,Fin,Ind,Past,3,Plur,,,
inviabilizarem,inviabilizar,Inf,,,3,Plur,,,
profissionalizadas,profissionalizar,Part,,,,Plur,Fem,,
formarem,formar,Fin,Sub,Fut,3,Plur,,,
remate,remate,Fin,Ind,Pres,3,Sing,,,
Ficar,ficar,Inf,,,,,,,
vão,ir,Fin,Ind,Pres,3,Plur,,,AUX
entrados,entrar,Part,,,,Plur,Masc,,
inviabilizará,inviabilizar,Fin,Ind,Fut,3,Sing,,,
subavaliado,subavaliar,Part,,,,Sing,Masc,Pass,
sobreavaliadas,sobreavaliar,Part,,,,Plur,Fem,,
verão,ver,Fin,Ind,Pres,3,Sing,,,
eliminava,eliminar,Fin,Ind,Imp,3,Sing,,,
adjudicou,adjudicar,Fin,Ind,Past,3,Sing,,,
atreveria,atrever,Fin,Cnd,,3,Sing,,,
provocado,provocar,Part,,,,,,,
obstar,obstar,Inf,,,,,,,
concorra,concorrer,Fin,Sub,Pres,3,Sing,,,
lançar,lançar,Inf,,,3,Sing,,,
concessionar,concessionar,Inf,,,,,,,
apontarem,apontar,Inf,,,3,Plur,,,
punha,pôr,Fin,Ind,Imp,3,Sing,,,
correr,correr,Inf,,,3,Sing,,,
expirava,expirar,Fin,Ind,Imp,3,Sing,,,
incluído,incluir,Part,,,,,,,
concretizar,concretizar,Inf,,,3,Sing,,,
padecia,padecer,Fin,Ind,Imp,3,Sing,,,
acirrou,acirrar,Fin,Ind,Past,3,Sing,,,
atravessar,atravessar,Fin,Sub,Fut,3,Sing,,,
desafogada,desafogar,Part,,,,Sing,Fem,,
predominava,predominar,Fin,Ind,Imp,3,Sing,,,
intermediado,intermediar,Part,,,,Sing,Masc,,
atingirem,atingir,Inf,,,3,Plur,,,
transaccionaram,transaccionar,Fin,Ind,Past,3,Plur,,,
valorizada,valorizar,Part,,,,Sing,Fem,,
valorizadas,valorizar,Part,,,,Plur,Fem,,
anulando,anular,Ger,,,,,,,
consultarem,consultar,Inf,,,3,Plur,,,
resolverem,resolver,Inf,,,3,Plur,,,
impregnar,impregnar,Inf,,,,,,,
colocassem,colocar,Fin,Sub,Imp,3,Plur,,,
ultrapassadas,ultrapassar,Part,,,,Plur,Fem,,
exprimem,exprimir,Fin,Ind,Pres,3,Plur,,,
completada,completar,Part,,,,Sing,Fem,Pass,
Sentir,sentir,Inf,,,,,,,
transfigurar,transfigurar,Inf,,,,,,,
condicionou,condicionar,Fin,Ind,Past,3,Sing,,,
dedicaram,dedicar,Fin,Ind,Past,3,Plur,,,
hesitei,hesitar,Fin,Ind,Past,1,Sing,,,
haveria,haver,Fin,Cnd,,3,Sing,,,AUX
perdesse,perder,Fin,Sub,Imp,3,Sing,,,
pré-orientada,pré-orientar,Part,,,,Sing,Fem,,
vincados,vincar,Part,,,,Plur,Masc,,
aceites,aceitar,Part,,,,Plur,Masc,Pass,
pedidos,pedido,Part,,,,Plur,Masc,Pass,
suponho,supor,Fin,Ind,Pres,1,Sing,,,
Tenciono,tencionar,Fin,Ind,Pres,1,Sing,,,
quereria,querer,Fin,Cnd,,3,Sing,,,
confiadas,confiar,Part,,,,Plur,Fem,,
Mostrar,mostrar,Inf,,,,,,,
culminavam,culminar,Fin,Ind,Imp,3,Plur,,,
levantasse,levantar,Fin,Sub,Imp,3,Sing,,,
confiadas,confiar,Part,,,,Plur,Fem,Pass,
venerando,venerar,Ger,,,,,,,
fabricou,fabricar,Fin,Ind,Past,3,Sing,,,
enganou,enganar,Fin,Ind,Past,3,Sing,,,
apostados,apostar,Part,,,,Plur,Masc,,
Transformado,transformar,Part,,,,Sing,Masc,,
readequar,readequar,Inf,,,,,,,
planeadas,planear,Part,,,,Plur,Fem,,
enunciados,enunciar,Part,,,,Plur,Masc,Pass,
promovida,promover,Part,,,,Sing,Fem,,
improvisada,improvisar,Part,,,,Sing,Fem,,
projectado,projectar,Part,,,,Sing,Masc,Pass,
edificado,edificar,Part,,,,Sing,Masc,Pass,
enfermar,enfermar,Inf,,,,,,,
afirmem,afirmar,Fin,Sub,Pres,3,Plur,,,
colidirá,colidir,Fin,Ind,Fut,3,Sing,,,
suspeitada,suspeitar,Part,,,,Sing,Fem,,
exceptuada,exceptuar,Part,,,,Sing,Fem,,
avançarem,avançar,Fin,Sub,Fut,3,Plur,,,
perpassaram,perpassar,Fin,Ind,Past,3,Plur,,,
poderíamos,poder,Fin,Ind,Past,1,Plur,,,
parafraseando,parafrasear,Ger,,,,,,,
cantados,cantar,Part,,,,Plur,Masc,,
esperemos,esperar,Fin,Sub,Pres,1,Plur,,,
esperemos,esperar,Fin,Ind,Pres,1,Plur,,,
comunicarem,comunicar,Inf,,,3,Plur,,,
inibirem,inibir,Inf,,,3,Plur,,,
notificado,notificar,Part,,,,Sing,Masc,,
vigorava,vigorar,Fin,Ind,Imp,3,Sing,,,
dispensada,dispensar,Part,,,,Sing,Fem,,
supervisionadas,supervisionar,Part,,,,Plur,Fem,Pass,
inibido,inibir,Part,,,,Sing,Masc,,
defendi,defender,Fin,Ind,Past,1,Sing,,,
arguida,arguir,Part,,,,Sing,Fem,,
revogada,revogar,Part,,,,Sing,Fem,Pass,
inibido,inibir,Part,,,,Sing,Masc,Pass,
esbarrar,esbarrar,Inf,,,,,,,
subsidiado,subsidiar,Part,,,,Sing,Masc,,
adoptadas,adoptar,Part,,,,Plur,Fem,Pass,
reequilibrar,reequilibrar,Inf,,,,,,,
reorientar,reorientar,Inf,,,,,,,
persistirem,persistir,Inf,,,3,Plur,,,
deixasse,deixar,Fin,Sub,Imp,3,Sing,,,
apregoada,apregoar,Part,,,,Sing,Fem,,
prosseguirá,prosseguir,Fin,Ind,Fut,3,Sing,,,
injustificados,injustificar,Part,,,,Plur,Masc,,
regressado,regressar,Part,,,,,,,
cozinhado,cozinhar,Part,,,,,,,
constar,constar,Inf,,,3,Sing,,,
governam,governar,Fin,Ind,Pres,3,Plur,,,
integrava,integravar,Fin,Ind,Imp,3,Sing,,,
apertarem,apertar,Inf,,,3,Plur,,,
reconciliado,reconciliar,Part,,,,,,,
ultrapassaremos,ultrapassar,Fin,Ind,Pres,1,Plur,,,
avançaremos,avançar,Fin,Ind,Fut,1,Plur,,,
traçada,traçar,Part,,,,Sing,Fem,,
desautorizado,desautorizar,Part,,,,Sing,Masc,Pass,
iniciámos,iniciar,Fin,Ind,Pres,1,Plur,,,
avançarem,avançar,Inf,,,3,Plur,,,
reatadas,reatar,Part,,,,Plur,Fem,Pass,
regressarão,regressar,Fin,Ind,Fut,3,Plur,,,
souberem,saber,Fin,Sub,Fut,3,Plur,,,
desistir,desistir,Inf,,,,,,,AUX
desistindo,desistir,Ger,,,,,,,AUX
cedam,cedar,Fin,Sub,Pres,3,Plur,,,
evocados,evocar,Part,,,,Plur,Masc,Pass,
anunciem,anunciar,Fin,Sub,Pres,3,Plur,,,
lançara,lançar,Fin,Ind,Past,3,Sing,,,
assinarem,assinar,Inf,,,3,Plur,,,
colaborarem,colaborar,Inf,,,3,Plur,,,
HOUVE,houver,Fin,Ind,Past,3,Sing,,,
rezavam,rezavar,Fin,Ind,Imp,3,Plur,,,
choraram,chorar,Fin,Ind,Past,3,Plur,,,
enterraram,enterrar,Fin,Ind,Past,3,Plur,,,
explode,explodar,Fin,Ind,Pres,3,Sing,,,
descolado,descolar,Part,,,,,,,
desenhadas,desenhar,Part,,,,Plur,Fem,,
escavadas,escavar,Part,,,,Plur,Fem,Pass,
escavada,escavar,Part,,,,Sing,Fem,,
desenterrados,desenterrar,Part,,,,Plur,Masc,,
explica-lhes,explica-,Fin,Ind,Pres,3,Sing,,,
desbloqueada,desbloquear,Part,,,,Sing,Fem,,
processam,processar,Fin,Ind,Pres,3,Plur,,,
evacuado,evacuar,Part,,,,Sing,Masc,Pass,
refugiada,refugiar,Part,,,,Sing,Fem,,
pré-estabelecido,pré-estabelecer,Part,,,,Sing,Masc,Pass,
expulsa,expulsar,Part,,,,Sing,Fem,Pass,
evacuadas,evacuar,Part,,,,Plur,Fem,,
prevíamos,prever,Fin,Ind,Past,1,Plur,,,
aprenderam,aprender,Fin,Ind,Past,3,Plur,,,
reivindicámos,reivindico,Fin,Ind,Past,1,Plur,,,
rescindirem,rescindir,Inf,,,3,Plur,,,
lesar,lesar,Inf,,,,,,,
abdicar,abdicar,Inf,,,3,Sing,,,
acompanhar,acompanhar,Inf,,,3,Sing,,,
ibidem,ibidar,Fin,Ind,Pres,3,Plur,,,
apercebi,aperceber,Fin,Ind,Past,1,Sing,,,
contesto,contestar,Fin,Ind,Pres,1,Sing,,,
recandidata,recandidatar,Fin,Ind,Imp,3,Sing,,,
comunicado,comunicar,Part,,,,,,,
pus,pôr,Fin,Ind,Pres,3,Sing,,,
campeava,campear,Fin,Ind,Imp,3,Sing,,,
alastrado,alastrar,Part,,,,,,,
apoiava,apoiar,Fin,Ind,Imp,3,Sing,,,
preferida,preferir,Part,,,,Sing,Fem,Pass,
empurrava,empurrar,Fin,Ind,Imp,3,Sing,,,
levantaria,levantar,Fin,Cnd,,3,Sing,,,
pronunciaria,pronunciar,Fin,Ind,,3,Sing,,,
chegado,chegar,Part,,,,,,,AUX
sensibilizaram,sensibilizar,Fin,Ind,Past,3,Plur,,,
recandidatar,recandidatar,Inf,,,,,,,
deposita,depositar,Fin,Ind,Pres,3,Sing,,,
programa,programa,Fin,Ind,Pres,3,Sing,,,
Ajudar,ajudar,Inf,,,,,,,
aproveitada,aproveitado,Part,,,,Sing,Fem,Pass,
liderado,liderar,Part,,,,Sing,Masc,,
aportava,aportar,Fin,Ind,Imp,3,Sing,,,
pontificava,pontificar,Fin,Ind,Imp,3,Sing,,,
ajudara,ajudar,Fin,Ind,Past,3,Sing,,,
descoberta,descobrir,Part,,,,Sing,Fem,,
consolidada,consolidar,Part,,,,Sing,Fem,Pass,
renegado,renegar,Part,,,,,,,
colocar,colocar,Inf,,,3,Sing,,,
hostiliza,hostilizar,Fin,Ind,Pres,3,Sing,,,
passemos,passar,Fin,Ind,Pres,1,Plur,,,
detidas,deter,Part,,,,Plur,Fem,,
desarmavam,desarmavar,Fin,Ind,Imp,3,Plur,,,
respondido,responder,Part,,,,Sing,Masc,,
testemunharam,testemunhar,Fin,Ind,Past,3,Plur,,,
ditado,ditar,Part,,,,Sing,Masc,,
prosseguido,prosseguir,Part,,,,Sing,Masc,Pass,
pressionada,pressionar,Part,,,,Sing,Fem,Pass,
violado,violar,Part,,,,Sing,Masc,Pass,
esclarecida,esclarecer,Part,,,,Sing,Fem,Pass,
provados,provar,Part,,,,Plur,Masc,Pass,
fiscalizava,fiscalizar,Fin,Ind,Imp,3,Sing,,,
Apareciam,aparecer,Fin,Ind,Imp,3,Plur,,,
obedeça,obedeçar,Fin,Sub,Pres,3,Sing,,,
analisasse,analisar,Fin,Sub,Imp,3,Sing,,,
recomendamos,recomendar,Fin,Ind,Pres,1,Plur,,,
assinalado,assinalar,Part,,,,,,,
recusado,recusar,Part,,,,,Masc,,
coloquem,colocar,Fin,Sub,Pres,3,Plur,,,
englobado,englobar,Part,,,,,,,
debate,debate,Fin,Sub,Pres,3,Sing,,,
reafirmado,reafirmar,Part,,,,Sing,Masc,Pass,
sensibilizar,sensibilizar,Inf,,,3,Sing,,,
suspeitam,suspeitar,Fin,Ind,Pres,3,Plur,,,
reunificada,reunificar,Part,,,,Sing,Fem,,
irritados,irritar,Part,,,,Plur,Masc,,
descabido,descaber,Part,,,,Sing,Masc,Pass,
representamos,representar,Fin,Ind,Pres,1,Plur,,,
introduzirem,introduzir,Inf,,,3,Plur,,,
pedira,pedir,Fin,Ind,Past,3,Sing,,,
ponham,poder,Fin,Sub,Pres,3,Plur,,,
comungado,comungar,Part,,,,Sing,Masc,,
levantar,levantar,Inf,,,3,Sing,,,
Alargar,alargar,Inf,,,,,,,
bastassem,bastar,Fin,Ind,Pres,3,Plur,,,
suscitadas,suscitar,Part,,,,Plur,Fem,Pass,
levarão,levar,Fin,Ind,Fut,3,Plur,,,
complicadas,complicado,Part,,,,Plur,Fem,,
limite,limite,Fin,Sub,Pres,3,Sing,,,
Consagrados,consagrar,Part,,,,Plur,Masc,,
pronunciam,pronunciar,Fin,Ind,Pres,3,Plur,,,
redobrará,redobrar,Fin,Ind,Fut,3,Sing,,,
recheado,rechear,Part,,,,Sing,Masc,,
mediatizado,mediatizar,Part,,,,Sing,Masc,,
transmitidos,transmitir,Part,,,,Plur,Masc,,
diferida,diferir,Part,,,,Sing,Fem,,
Construir,construir,Inf,,,3,Sing,,,
revitalizando,revitalizar,Ger,,,,,,,
Viver,Viver,Inf,,,,,,,
livrar,livrar,Inf,,,3,Sing,,,
injetou,injetar,Fin,Ind,Past,3,Sing,,,
passei,passar,Fin,Ind,Past,1,Sing,,,AUX
navegar,navegar,Inf,,,,,,,
enxerga,enxergar,Fin,Ind,Pres,3,Sing,,,
espancada,espancar,Part,,,,Sing,Fem,Pass,
Seguia,seguir,Fin,Ind,Imp,3,Sing,,,
grafitar,grafitar,Inf,,,,,,,
cumprimentava,cumprimentar,Fin,Ind,Imp,3,Sing,,,
Indicado,indicar,Part,,,,Sing,Masc,,
cruzar,cruzar,Inf,,,3,Sing,,,
popularizar,popularizar,Inf,,,,,,,
Encerro,encerrar,Fin,Ind,Pres,1,Sing,,,
alinhado,alinhar,Part,,,,Sing,Masc,,
Discutir,discutir,Inf,,,,,,,
põe,pôr,Fin,Ind,Pres,3,Sing,,,AUX
coladas,colar,Part,,,,Plur,Fem,,
mexer,mexer,Inf,,,3,Sing,,,
Jantaram,jantar,Fin,Ind,Past,3,Plur,,,
escancararam,escancarar,Fin,Ind,Past,3,Plur,,,
tornarão,tornar,Fin,Ind,Fut,3,Plur,,,
Indagado,indagar,Part,,,,Sing,Masc,,
continuum,continuuir,Fin,Ind,Pres,3,Sing,,,
Argumenta,argumentar,Fin,Ind,Pres,3,Sing,,,
subjugadas,subjugar,Part,,,,Plur,Fem,Pass,
revisitada,revisitar,Part,,,,Sing,Fem,Pass,
vinculados,vincular,Part,,,,Plur,Masc,Pass,
instigar,instigar,Inf,,,,,,,
bradam,bradar,Fin,Ind,Pres,3,Plur,,,
estarrecidos,estarrecer,Part,,,,Plur,Masc,,
zombou,zombar,Fin,Ind,Past,3,Sing,,,
empilháveis,empilhar,Part,,,,Plur,Fem,Pass,
Voltar,voltar,Inf,,,,,,,
Imagine,imaginar,Fin,Ind,Pres,3,Sing,,,
castigado,castigar,Part,,,,Sing,Masc,,
calar,calar,Inf,,,3,Sing,,,
cabiam,caber,Fin,Ind,Imp,3,Plur,,,
fragiliza,fragilizar,Fin,Ind,Pres,3,Sing,,,
romantizar,romantizar,Inf,,,,,,,
pautado,pautar,Part,,,,Sing,Masc,,
sabotar,sabotar,Inf,,,,,,,
pararam,parar,Fin,Ind,Past,3,Plur,,,AUX
ajudados,ajudar,Part,,,,Plur,Masc,Pass,
reestreou,reestrear,Fin,Ind,Past,3,Sing,,,
acompanhadas,acompanhar,Part,,,,Plur,Fem,,
aceitos,aceitar,Part,,,,Plur,Masc,,
direto,direger,Part,,,,Sing,Masc,,
desmaiei,desmaiar,Fin,Ind,Past,1,Sing,,,
compensava,compensar,Fin,Ind,Imp,3,Sing,,,
beira,beira,Fin,Ind,Pres,3,Sing,,,
convidei,convidir,Fin,Ind,Past,1,Sing,,,
esperávamos,esperar,Fin,Ind,Past,1,Plur,,,
conviviam,conviver,Fin,Ind,Imp,3,Plur,,,
inventadas,inventar,Part,,,,Plur,Fem,Pass,
reproduzem,reproduzir,Fin,Ind,Pres,3,Plur,,,
experimentam,experimentar,Fin,Ind,Pres,3,Plur,,,
Adoraríamos,adorar,Fin,Ind,Pres,1,Plur,,,
abarcaria,abarcar,Fin,Cnd,,3,Sing,,,
Pagar,pagar,Inf,,,,,,,
reúna,reunar,Fin,Sub,Pres,3,Sing,,,
cancelaram,cancelar,Fin,Ind,Past,3,Plur,,,
ampliadas,ampliar,Part,,,,Plur,Fem,Pass,
refeitas,refeger,Part,,,,Plur,Fem,,
ressoavam,ressoar,Fin,Ind,Pres,3,Plur,,,
adorava,adorar,Fin,Ind,Imp,3,Sing,,,
compramos,comprar,Fin,Ind,Pres,1,Plur,,,
replicar,replicar,Inf,,,,,,,
produzia,produzir,Fin,Ind,Imp,3,Sing,,,
assessorar,assessorar,Inf,,,,,,,
Lançaremos,lançar,Fin,Ind,Fut,1,Plur,,,
reaberta,reabertar,Part,,,,Sing,Fem,Pass,
media,media,Fin,Ind,Pres,3,Sing,,,
esticou,esticar,Fin,Ind,Past,3,Sing,,,
respeitem,respeitar,Fin,Sub,Pres,3,Plur,,,
gagueja,gaguejar,Fin,Ind,Pres,3,Sing,,,
punham,pôr,Fin,Ind,Imp,3,Plur,,,
tornamos,tornar,Fin,Ind,Pres,1,Plur,,,
despenca,despencer,Fin,Ind,Pres,3,Sing,,,
travou,travar,Fin,Ind,Past,3,Sing,,,
choveu,chover,Fin,Ind,Past,1,Sing,,,
continuar,continuar,Inf,,,3,,,,
entregue,entregar,Fin,Ind,,3,Sing,,,
cortava,cortar,Fin,Ind,Imp,1,Sing,,,
multiplicar,multiplicar,Inf,,,3,Sing,,,
especular,especular,Inf,,,,,,,
Vemos,ver,Fin,Ind,Pres,1,Plur,,,
vejamos,ver,Fin,Ind,Pres,1,Plur,,,
naturalizar,naturalizar,Inf,,,,,,,
provar,provar,Fin,Sub,Fut,3,Sing,,,
Conseguem,conseguir,Fin,Ind,Pres,3,Plur,,,
destronado,destronar,Part,,,,Sing,Masc,,
aposenta,aposentar,Fin,Ind,Pres,3,Sing,,,
entrassem,entrar,Fin,Sub,Imp,3,Plur,,,
constranger,constranger,Inf,,,,,,,
Procurada,procurar,Part,,,,Sing,Fem,,
desmanchar,desmanchar,Inf,,,,,,,
gravar,gravar,Inf,,,3,Sing,,,
outorgados,outorgar,Part,,,,Plur,Masc,Pass,
Projetado,projetar,Part,,,,Sing,Masc,Pass,
erguido,erguir,Part,,,,Sing,Masc,Pass,
abastecido,abastecer,Part,,,,Sing,Masc,Pass,
sumido,sumir,Part,,,,,,,
remexida,remexer,Part,,,,Sing,Fem,,
aprofundada,aprofundado,Part,,,,Sing,Fem,,
cercadas,cercar,Part,,,,Plur,Fem,,
conectadas,conectar,Part,,,,Plur,Fem,,
acenavam,acenar,Fin,Ind,Imp,3,Plur,,,
planejavam,planejar,Fin,Ind,Imp,3,Plur,,,
cansar,cansar,Inf,,,,,,,
nutriu,nutrir,Fin,Ind,Past,3,Sing,,,
algemados,algemar,Part,,,,Plur,Masc,,
parecerem,parecer,Inf,,,3,Plur,,,
mascaravam,mascarar,Fin,Ind,Pres,3,Plur,,,
apropriadas,apropriar,Part,,,,Plur,Fem,,
Nomeie,nomeiar,Fin,Sub,Pres,3,Sing,,,
conversamos,conversar,Fin,Ind,Pres,1,Plur,,,
destratados,destratar,Part,,,,Plur,Masc,Pass,
Esconde,esconder,Fin,Ind,Pres,3,Sing,,,
Lave,laver,Fin,Sub,Pres,3,Sing,,,
causem,causar,Fin,Sub,Pres,3,Plur,,,
afiados,afiar,Part,,,,Plur,Masc,,
mordiscar,mordiscar,Inf,,,,,,,
refugiado,refugiar,Part,,,,,,,
expandir,expandir,Inf,,,3,Sing,,,
atormentou,atormentar,Fin,Ind,Past,3,Sing,,,
Cansadas,cansar,Part,,,,Plur,Fem,,
sangra,sangrar,Fin,Ind,Pres,3,Sing,,,
costurado,costurar,Part,,,,Sing,Masc,Pass,
expulsado,expulsar,Part,,,,Sing,Masc,,
confiscados,confiscar,Part,,,,Plur,Masc,Pass,
juntado,juntar,Part,,,,Sing,Masc,,
Voltaremos,voltar,Fin,Ind,Pres,1,Plur,,,
tributado,tributar,Part,,,,Sing,Masc,Pass,
descolados,descolar,Part,,,,Plur,Masc,,
abordaria,abordar,Fin,Cnd,,3,Sing,,,
Seguiram,seguir,Fin,Ind,Past,3,Plur,,,
desacreditar,desacreditar,Inf,,,,,,,
infectados,infectar,Part,,,,Plur,Masc,,
aportam,aportar,Fin,Ind,Pres,3,Plur,,,
acomoda,acomodar,Fin,Ind,Pres,3,Sing,,,
desvendar,desvendar,Inf,,,3,Sing,,,
empregam,empregar,Fin,Ind,Pres,3,Plur,,,
Cobra,cobra,Fin,Ind,Pres,3,Sing,,,
descaracterizado,descaracterizar,Part,,,,Sing,Masc,,
firmo,firmar,Fin,Ind,Pres,1,Sing,,,
Resolvemos,resolver,Fin,Ind,Pres,1,Plur,,,
organize,organizar,Fin,Sub,Pres,3,Sing,,,
inviabilizam,inviabilizar,Fin,Ind,Pres,3,Plur,,,
demonstramos,demonstrar,Fin,Ind,Pres,1,Plur,,,
casassem,casar,Fin,Sub,Imp,3,Plur,,,
optando,optar,Ger,,,,,,,
assassinada,assassinar,Part,,,,Sing,Fem,Pass,
gozei,gozar,Fin,Ind,Past,1,Sing,,,
esbaldaram,esbaldar,Fin,Ind,Past,3,Plur,,,
investigava,investigar,Fin,Ind,Imp,3,Sing,,,
vindos,vir,Part,,,,Plur,Masc,,
equilibradas,equilibrar,Part,,,,Plur,Fem,,
denominavam,denominar,Fin,Ind,Imp,3,Plur,,,
brindou,brindar,Fin,Ind,Past,3,Sing,,,
escorregado,escorregar,Part,,,,Sing,Masc,,
fervendo,ferver,Ger,,,,,,,
coitado,coitar,Part,,,,Sing,Masc,,
Computados,computar,Part,,,,Plur,Masc,,
impere,imperir,Fin,Sub,Pres,3,Sing,,,
prefixada,prefixar,Part,,,,Sing,Fem,,
importava,importar,Fin,Ind,Imp,3,Sing,,,
encapuzados,encapuzar,Part,,,,Plur,Masc,,
cursava,cursar,Fin,Ind,Imp,1,Sing,,,
reprovadas,reprovar,Part,,,,Plur,Fem,,
repassavam,repassar,Fin,Ind,Imp,3,Plur,,,
efetuava,efetuar,Fin,Ind,Imp,3,Sing,,,
tourear,tourear,Inf,,,,,,,
tentasse,tentar,Fin,Sub,Imp,3,Sing,,,
barrar,barrar,Inf,,,,,,,
explicassem,explicar,Fin,Sub,Imp,3,Plur,,,
protegerem,proteger,Inf,,,3,Plur,,,
Perguntou,perguntar,Fin,Ind,Past,3,Sing,,,
contabilizados,contabilizar,Part,,,,Plur,Masc,,
premiadas,premiar,Part,,,,Plur,Fem,,
encarnados,encarnado,Part,,,,Plur,Masc,,
Surgem,surgir,Fin,Ind,Pres,3,Plur,,,
selecionamos,selecionar,Fin,Ind,Pres,1,Plur,,,
despojados,despojar,Part,,,,Plur,Masc,,
bicar,bicar,Inf,,,,,,,
deitando,deitar,Ger,,,,,,,
refeito,refeitar,Part,,,,Sing,Masc,Pass,
Compare,comparar,Fin,Sub,Pres,3,Sing,,,
buscou,buscar,Fin,Ind,Past,3,Sing,,,
Encaminho,encaminhar,Fin,Ind,Pres,1,Sing,,,
Distribuiu,distribuir,Fin,Ind,Past,3,Sing,,,
Rodar,rodar,Inf,,,,,,,
computado,computar,Part,,,,Sing,Masc,Pass,
afigura,afigurar,Fin,Ind,Pres,3,Sing,,,
reformulado,reformular,Part,,,,Sing,Masc,,
obstruiu,obstruir,Fin,Ind,Past,3,Sing,,,
chefiou,chefiar,Fin,Ind,Past,3,Sing,,,
sacrificar,sacrificar,Inf,,,,,,,
Cozinhar,cozinhar,Inf,,,,,,,
detesto,deter,Fin,Ind,Pres,1,Sing,,,
exemplifiquei,exemplificar,Fin,Ind,Past,1,Sing,,,
judicializar,judicializar,Inf,,,3,Sing,,,
afetados,afetar,Part,,,,Plur,Masc,,
reacomodados,reacomodar,Part,,,,Plur,Masc,Pass,
Localizados,localizar,Part,,,,Plur,Masc,,
esforça,esforçar,Fin,Ind,Pres,3,Sing,,,
assombrou,assombrar,Fin,Ind,Past,3,Sing,,,
Querendo,querer,Ger,,,,,,,
amarelado,amarelar,Part,,,,Sing,Masc,,
necessitarem,necessitar,Inf,,,3,Plur,,,
presencia,presencer,Fin,Ind,Pres,3,Sing,,,
desprezados,desprezar,Part,,,,Plur,Masc,Pass,
perseguindo,perseguir,Ger,,,,,,,
Cito,citar,Fin,Ind,Pres,1,Sing,,,
desdobram,desdobrar,Fin,Ind,Pres,3,Plur,,,
afrouxando,afrouxar,Ger,,,,,,,
Aguentei,aguentar,Fin,Ind,Past,1,Sing,,,
alcancei,alcancar,Fin,Ind,Past,1,Sing,,,
odeio,oder,Fin,Ind,Pres,1,Sing,,,
espelhado,espelhar,Part,,,,Sing,Masc,,
engordaram,engordar,Fin,Ind,Past,3,Plur,,,
pular,pular,Fin,Sub,Fut,3,Sing,,,
moveu,mover,Fin,Ind,Past,3,Sing,,,
instruída,instruir,Part,,,,Sing,Fem,,
repintar,repintar,Inf,,,,,,,
ocupo,ocupar,Fin,Ind,Pres,1,Sing,,,
Coloca,colocar,Fin,Ind,Pres,3,Sing,,,
forçará,forçar,Fin,Ind,Fut,3,Sing,,,
devolvidos,devolver,Part,,,,Plur,Masc,Pass,
preferi,preferir,Fin,Ind,Past,1,Sing,,,
explico,explicar,Fin,Ind,Pres,1,Sing,,,
robustece,robustecer,Fin,Ind,Pres,3,Sing,,,
Chocado,chocar,Part,,,,Sing,Masc,,
moldaram,moldar,Fin,Ind,Past,3,Plur,,,
bota,botar,Fin,Ind,Pres,3,Sing,,,
driblar,driblar,Inf,,,3,Sing,,,
Concluímos,concluir,Fin,Ind,Pres,1,Plur,,,
[iniciada,[iniciar,Part,,,,Sing,Fem,,
desconectar,desconectar,Inf,,,3,Sing,,,
encorajava,encorajar,Fin,Ind,Imp,3,Sing,,,
disseminava,disseminar,Fin,Ind,Imp,3,Sing,,,
regularizam,regularizar,Fin,Ind,Pres,3,Plur,,,
deem,dar,Fin,Sub,Pres,3,Plur,,,
crescidos,crescer,Part,,,,Plur,Masc,,
serviriam,servir,Fin,Ind,,3,Plur,,,
abandonara,abandonar,Fin,Ind,Imp,3,Sing,,,
desesperava,desesperar,Fin,Ind,Imp,3,Sing,,,
desmotivados,desmotivar,Part,,,,Plur,Masc,,
Aberta,Aberta,Part,,,,Sing,Fem,,
doído,doir,Part,,,,Sing,Masc,Pass,
Cheguei,chegar,Fin,Ind,Past,1,Sing,,,
subia,subir,Fin,Ind,Imp,3,Sing,,,
incomodavam,incomodar,Fin,Ind,Imp,3,Plur,,,
referenciado,referenciar,Part,,,,Sing,Masc,,
Corra,correr,Fin,Sub,Pres,3,Sing,,,
educa,educar,Fin,Ind,Pres,3,Sing,,,
golpeado,golpear,Part,,,,Sing,Masc,Pass,
seguiremos,seguir,Fin,Ind,Pres,1,Plur,,,
atrelados,atrelar,Part,,,,Plur,Masc,Pass,
Discutimos,discutir,Fin,Ind,Pres,1,Plur,,,
mudei,mudar,Fin,Ind,Past,1,Sing,,,
congelava,congelar,Fin,Ind,Imp,3,Sing,,,
contive,contivar,Fin,Ind,Past,1,Sing,,,
violão,violão,Fin,Ind,Pres,1,Sing,,,
bordadas,bordar,Part,,,,Plur,Fem,,
catapultados,catapultar,Part,,,,Plur,Masc,Pass,
participavam,participar,Fin,Ind,Imp,3,Plur,,,
frutifique,frutificar,Fin,Sub,Pres,3,Sing,,,
emitiam,emitir,Fin,Ind,Imp,3,Plur,,,
foragido,forager,Part,,,,Sing,Masc,,
Preservar,preservar,Inf,,,,,,,
consumaram,consumar,Fin,Ind,Past,3,Plur,,,
idealizada,idealizado,Part,,,,Sing,Fem,,
inexistindo,inexistir,Ger,,,,,,,
Assistir,assistir,Inf,,,,,,,
escolarizados,escolarizar,Part,,,,Plur,Masc,,
optar,optar,Fin,Sub,Fut,3,Sing,,,
predeterminar,predeterminar,Inf,,,,,,,
Entender,entender,Inf,,,,,,,
invadir,invadir,Fin,Sub,Fut,3,Sing,,,
pressupor,pressupor,Inf,,,,,,,
enturmar,enturmar,Inf,,,,,,,
Assistiremos,assistir,Fin,Ind,Pres,1,Plur,,,
prolongada,prolongar,Part,,,,Sing,Fem,Pass,
disponível,disponível,Part,,,,Sing,Masc,,
decorado,decorado,Part,,,,Sing,Masc,,
Cansada,cansar,Part,,,,Sing,Fem,,
fuzilado,fuzilar,Part,,,,Sing,Masc,Pass,
privatizar,privatizar,Inf,,,,,,,
pintando,pintar,Ger,,,,,,,
coibir,coibir,Inf,,,,,,,
arrecadou,arrecadar,Fin,Ind,Past,3,Sing,,,
votei,votar,Fin,Ind,Past,1,Sing,,,
prometidas,prometer,Part,,,,Plur,Fem,,
homenageada,homenagear,Part,,,,Sing,Fem,Pass,
causadas,causar,Part,,,,Plur,Fem,,
infeccionados,infeccionar,Part,,,,Plur,Masc,,
sentar,sentar,Fin,Sub,Fut,3,Sing,,,
ofuscado,ofuscar,Part,,,,,,,
Discute,discutir,Fin,Ind,Pres,3,Sing,,,
vazar,vazar,Inf,,,,,,,
disciplinar,disciplinar,Inf,,,,,,,
cobrirá,cobrir,Fin,Ind,Fut,3,Sing,,,
doada-,doada-,Part,,,,Sing,Fem,,
demande,demander,Fin,Sub,Pres,3,Sing,,,
endossando,endossar,Ger,,,,,,,
canse,cansar,Fin,Sub,Pres,3,Sing,,,
computados,computar,Part,,,,Plur,Masc,Pass,
olhamos,olhar,Fin,Ind,Pres,1,Plur,,,
vamo,vamar,Fin,Ind,Pres,1,Sing,,,
curtir,curtir,Inf,,,,,,,
componho,compor,Fin,Ind,Pres,1,Sing,,,
remetem,remeter,Fin,Ind,Pres,3,Plur,,,
enfaixada,enfaixar,Part,,,,Sing,Fem,,
brinque,brincer,Fin,Sub,Pres,3,Sing,,,
percamos,percar,Fin,Ind,Pres,1,Plur,,,
puxaram,puxar,Fin,Ind,Past,3,Plur,,,
atiram,atir,Fin,Ind,Pres,3,Plur,,,
perderiam,perder,Fin,Cnd,,3,Plur,,,
Informa,informar,Fin,Ind,Pres,3,Sing,,,
inviabilizasse,inviabilizar,Fin,Sub,Imp,3,Sing,,,
respeito,respeito,Fin,Ind,Pres,1,Sing,,,
patina,patinar,Fin,Ind,Pres,3,Sing,,,
escolherem,escolher,Inf,,,3,Plur,,,
encerrada,encerrado,Part,,,,Sing,Fem,Pass,
esmiuçar,esmiuçar,Inf,,,,,,,
endossava,endossar,Fin,Ind,Imp,3,Sing,,,
dotadas,dotar,Part,,,,Plur,Fem,,
descesse,descer,Fin,Sub,Imp,3,Sing,,,
postasse,postar,Fin,Sub,Imp,3,Sing,,,
Pare,parar,Fin,Sub,Pres,3,Sing,,,
potencializar,potencializar,Inf,,,,,,,
conversado,conversar,Part,,,,,,,
sacado,sacar,Part,,,,,,,
localizava,localizar,Fin,Ind,Imp,3,Sing,,,
desracializa,desracializar,Fin,Ind,Pres,3,Sing,,,
iluminou,iluminar,Fin,Ind,Past,3,Sing,,,
Circulando,circular,Ger,,,,,,,
atinjo,atingir,Fin,Ind,Pres,1,Sing,,,
esfriam,esfrer,Fin,Ind,Pres,3,Plur,,,
requentados,requentar,Part,,,,Plur,Masc,Pass,
decompõem,decompor,Fin,Sub,Pres,3,Plur,,,
outorgado,outorgar,Part,,,,Sing,Masc,,
Passada,passar,Part,,,,Sing,Fem,,
salva,salvar,Part,,,,Sing,Fem,Pass,
botava,botar,Fin,Ind,Imp,3,Sing,,,
tá,estar,Fin,Ind,Pres,3,Sing,,,
insistido,insistir,Part,,,,,,,
superlotados,superlotar,Part,,,,Plur,Masc,,
atemorizada,atemorizar,Part,,,,Sing,Fem,Pass,
disseca,dissecer,Fin,Ind,Pres,3,Sing,,,
esquarteja,esquarter,Fin,Ind,Pres,3,Sing,,,
fiscalizada,fiscalizar,Part,,,,Sing,Fem,Pass,
aceitaremos,aceitar,Fin,Ind,Pres,1,Plur,,,
autoironizando,autoironizar,Ger,,,,,,,
identifiquei,identificar,Fin,Ind,Past,1,Sing,,,
perseguida,perseguir,Part,,,,Sing,Fem,,
candidate,candidatar,Fin,Sub,Pres,1,Sing,,,
Intimado,intimar,Part,,,,Sing,Masc,,
adquirir,adquirir,Fin,Sub,Fut,3,Sing,,,
pontuaram,pontuar,Fin,Ind,Fut,3,Plur,,,
vivermos,viver,Fin,Sub,Pres,1,Plur,,,
encardidas,encardir,Part,,,,Plur,Fem,,
protestar,protestar,Inf,,,3,,,,
Repare,reparar,Fin,Sub,Pres,3,Sing,,,
introduzir,introduzir,Inf,,,3,Sing,,,
Pousaram,pousar,Fin,Ind,Past,3,Plur,,,
embarcarem,embarcar,Inf,,,3,Plur,,,
estupraria,estuprar,Fin,Ind,Pres,3,Sing,,,
arrancando,arrancar,Ger,,,,,,,
trançado,trançar,Part,,,,Sing,Masc,,
sonhando,sonhar,Ger,,,,,,,
colaborado,colaborar,Part,,,,Sing,Masc,,
Evie,eviar,Fin,Ind,Pres,3,Sing,,,
cederão,ceder,Fin,Ind,Pres,3,Plur,,,
deixassem,deixar,Fin,Sub,Imp,3,Plur,,,
viessem,vir,Fin,Sub,Imp,3,Plur,,,
abençoou,abençoar,Fin,Ind,Past,3,Sing,,,
oferecerem,oferecer,Inf,,,3,Plur,,,
marcharam,marchar,Fin,Ind,Past,3,Plur,,,
entoando,entoar,Ger,,,,,,,
parem,paricer,Fin,Sub,Pres,3,Plur,,,
intimida,intimir,Fin,Ind,Pres,3,Sing,,,
Aproveito,aproveitar,Fin,Ind,Pres,1,Sing,,,
Procurado,procurar,Part,,,,Sing,Masc,,
estreado,estrear,Part,,,,Sing,Masc,,
Haja,haver,Fin,Sub,Pres,3,Sing,,,
encantado,encantar,Part,,,,Sing,Masc,,
acetinada,acetinar,Part,,,,Sing,Fem,,
contrastava,contrastar,Fin,Ind,Imp,3,Sing,,,
Sentava,sentar,Fin,Ind,Imp,3,Sing,,,
preterido,preterir,Part,,,,Sing,Masc,Pass,
promulgado,promulgar,Part,,,,Sing,Masc,,
alojada,alojar,Part,,,,Sing,Fem,,
incrementou,incrementar,Fin,Ind,Past,3,Sing,,,
desempenhada,desempenhar,Part,,,,Sing,Fem,Pass,
cruzado,cruzar,Part,,,,,,,
ganhara,ganhar,Fin,Ind,Imp,3,Sing,,,
revide,revidir,Fin,Sub,Pres,3,Sing,,,
derreteu,derreter,Fin,Ind,Past,3,Sing,,,
relaxar,relaxar,Inf,,,,,,,
reviradas,revirar,Part,,,,Plur,Fem,,
achatadas,achatar,Part,,,,Plur,Fem,,
dissolveria,dissolver,Fin,Cnd,,3,Sing,,,
anteciparia,antecipar,Fin,Ind,Imp,3,Sing,,,
assumo,assumir,Fin,Ind,Pres,1,Sing,,,
ofendemos,ofender,Fin,Ind,Pres,1,Plur,,,
evidenciou,evidenciar,Fin,Ind,Past,3,Sing,,,
esclarecido,esclarecer,Part,,,,Sing,Masc,Pass,
qualificado,qualificar,Part,,,,,,,
prejudicará,prejudicar,Fin,Ind,Fut,3,Sing,,,
pautado,pautar,Part,,,,,,,
Apavorada,apavorar,Part,,,,Sing,Fem,,
picar,picar,Inf,,,,,,,
legalizada,legalizar,Part,,,,Sing,Fem,,
esvaiu,esvair,Fin,Ind,Past,3,Sing,,,
diluíram,diluir,Fin,Ind,Past,3,Plur,,,
Classificou,classificar,Fin,Ind,Past,3,Sing,,,
esbaforida,esbaforir,Part,,,,Sing,Fem,,
gastei,gastar,Fin,Ind,Past,1,Sing,,,
Precificar,precificar,Inf,,,,,,,
corrido,correr,Part,,,,Sing,Masc,,
decidir,decidir,Inf,,,3,Sing,,,
baleada,balear,Part,,,,Sing,Fem,Pass,
potencializado,potencializar,Part,,,,Sing,Masc,Pass,
secando,secar,Ger,,,,,,,
afastariam,afastar,Fin,Ind,,3,Plur,,,
emprestar,emprestar,Inf,,,,,,,
crescer,crescer,Fin,Sub,Fut,3,Sing,,,
comerá,comer,Fin,Ind,Fut,3,Sing,,,
regulado,regular,Part,,,,Sing,Masc,Pass,
pudéssemos,pôder,Fin,Sub,Imp,1,Plur,,,
repudiaram,repudiar,Fin,Ind,Past,3,Plur,,,
climatizado,climatizar,Part,,,,Sing,Masc,,
atacando,atacar,Ger,,,,,,,
privatizadas,privatizar,Part,,,,Plur,Fem,,
enlatados,enlatar,Part,,,,Plur,Masc,,
desvalorizaram,desvalorizar,Fin,Ind,Past,3,Plur,,,
descartava,descartar,Fin,Ind,Imp,1,Sing,,,
recordava,recordar,Fin,Ind,Imp,3,Sing,,,
armado,armar,Part,,,,Sing,Masc,Pass,
sabida,saber,Part,,,,Sing,Fem,,
trombeteou,trombetear,Fin,Ind,Past,3,Sing,,,
cuspia,cusper,Fin,Ind,Imp,3,Sing,,,
imaginar,imaginar,Fin,Sub,Fut,3,Sing,,,
expressarmos,expressar,Inf,,,1,Plur,,,
atraindo,atrair,Ger,,,,,,,
concordei,concordar,Fin,Ind,Past,1,Sing,,,
pulando,pular,Ger,,,,,,,
requentada,requentar,Part,,,,Sing,Fem,Pass,
topou,topar,Fin,Ind,Past,3,Sing,,,
rompida,romper,Part,,,,Sing,Fem,,
conversamos,conversar,Fin,Ind,Past,1,Plur,,,
acolheram,acolher,Fin,Ind,Past,3,Plur,,,
flertam,flertar,Fin,Ind,Pres,3,Plur,,,
preocupadas,preocupado,Part,,,,Plur,Fem,,
repensando,repensar,Ger,,,,,,,
desmembrado,desmembrar,Part,,,,Sing,Masc,Pass,
poxa,poxar,Fin,Ind,Pres,1,Sing,,,
insisto,insistir,Fin,Ind,Pres,1,Sing,,,
almejava,almejar,Fin,Ind,Imp,3,Sing,,,
contentar,contentar,Inf,,,,,,,
cantarem,cantar,Inf,,,3,Plur,,,
Conjugada,conjugar,Part,,,,Sing,Fem,,
ventilada,ventilar,Part,,,,Sing,Fem,,
Arrombar,arrombar,Inf,,,,,,,
terminou,terminar,Fin,Ind,Past,3,Sing,,,AUX
reorientou,reorientar,Fin,Ind,Past,3,Sing,,,
cheirava,cheirar,Fin,Ind,Imp,3,Sing,,,
indisponíveis,indisponível,Part,,,,Plur,Masc,,
noticiar,noticiar,Inf,,,3,Sing,,,
lerei,ler,Fin,Ind,Fut,1,Sing,,,
Formado,formar,Part,,,,Sing,Masc,Pass,
processem,processar,Fin,Sub,Pres,3,Plur,,,
engrenou,engrenar,Fin,Ind,Past,3,Sing,,,
imaginávamos,imaginávar,Fin,Ind,Imp,1,Plur,,,
Tiramos,ter,Fin,Ind,Pres,1,Plur,,,
arcamos,arcar,Fin,Ind,Pres,1,Plur,,,
folheassem,folhear,Fin,Sub,Imp,3,Plur,,,
descobririam,descobrir,Fin,Cnd,,3,Plur,,,
lascado,lascar,Part,,,,Sing,Masc,,
Edita,editar,Fin,Ind,Pres,3,Sing,,,
dubla,dublar,Fin,Ind,Pres,3,Sing,,,
coroa,coroa,Fin,Ind,Pres,3,Sing,,,
imaginando,imaginar,Ger,,,,,,,
Citava,citar,Fin,Ind,Imp,3,Sing,,,
aprendera,aprender,Fin,Ind,Imp,3,Sing,,,
farta,fartar,Part,,,,Sing,Fem,,
recheada,rechear,Part,,,,Sing,Fem,,
Perdidas,perder,Part,,,,Plur,Fem,,
desarranjou,desarranjar,Fin,Ind,Past,3,Sing,,,
ouvindo,ouvir,Ger,,,,,,,
darem,dar,Inf,,,3,Plur,,,
arrastados,arrastar,Part,,,,Plur,Masc,,
colonizar,colonizar,Inf,,,,,,,
desautorizou,desautorizar,Fin,Ind,Past,3,Sing,,,
blindar,blindar,Inf,,,,,,,
Chorei,chorar,Fin,Ind,Past,1,Sing,,,
crescerem,crescer,Fin,Sub,Fut,3,Plur,,,
desembolsar,desembolsar,Inf,,,,,,,
hackear,hackear,Inf,,,,,,,
comoveu,comover,Fin,Ind,Past,3,Sing,,,
declarada,declarar,Part,,,,Sing,Fem,Pass,
dependessem,depender,Fin,Sub,Imp,3,Plur,,,
debatendo,debater,Ger,,,,,,,
maltratados,maltratado,Part,,,,Plur,Masc,,
consumia,consumir,Fin,Ind,Imp,3,Sing,,,
percebem,perceber,Fin,Ind,Pres,3,Plur,,,
cicatrizar,cicatrizar,Inf,,,,,,,
monitorando,monitorar,Ger,,,,,,,
Montei,montar,Fin,Ind,Past,1,Sing,,,
cercamos,cercar,Fin,Ind,Pres,1,Plur,,,
Acharam,achar,Fin,Ind,Past,3,Plur,,,
maltratado,maltratar,Part,,,,Sing,Masc,Pass,
lesse,ler,Fin,Sub,Imp,3,Sing,,,
memorizar,memorizar,Inf,,,,,,,
freia,frer,Fin,Ind,Pres,3,Sing,,,
Sofresse,sofrer,Fin,Sub,Imp,3,Sing,,,
redistribuir,redistribuir,Inf,,,,,,,
hasteada,hastear,Part,,,,Sing,Fem,Pass,
descumpriu,descumprir,Fin,Ind,Past,3,Sing,,,
atacadas,atacar,Part,,,,Plur,Fem,Pass,
aliou,aliar,Fin,Ind,Past,3,Sing,,,
briguem,brigar,Fin,Sub,Pres,3,Plur,,,
lidando,lidar,Ger,,,,,,,
Preocupada,preocupar,Part,,,,Sing,Fem,,
Desconfio,desconfir,Fin,Ind,Pres,1,Sing,,,
Parabenizo,parabenizar,Fin,Ind,Pres,1,Sing,,,
Construí,construir,Fin,Ind,Pres,3,Sing,,,
dispersar,dispersar,Inf,,,,,,,
atiravam,atirar,Fin,Ind,Imp,3,Plur,,,
azedando,azedar,Ger,,,,,,,
tramado,tramar,Part,,,,,,,
acomodadas,acomodar,Part,,,,Plur,Fem,,
trocadas,trocar,Part,,,,Plur,Fem,Pass,
premiar,premiar,Fin,Sub,Fut,3,Sing,,,
enlouquecer,enlouquecer,Inf,,,,,,,
permitirem,permitir,Fin,Sub,Fut,3,Plur,,,
Ilustra,ilustrar,Fin,Ind,Pres,3,Sing,,,
Flutua,flutuar,Fin,Ind,Pres,3,Sing,,,
ovacionado,ovacionar,Part,,,,Sing,Masc,,
togada,togar,Part,,,,Sing,Fem,,
protegida,protegido,Part,,,,Sing,Fem,Pass,
aficionado,aficionar,Part,,,,Sing,Masc,Pass,
cadastradas,cadastrar,Part,,,,Plur,Fem,,
revertidas,reverter,Part,,,,Plur,Fem,Pass,
investiremos,investir,Fin,Ind,Pres,1,Plur,,,
consigo,conseguir,Inf,,,,,,,
sofridas,sofrer,Part,,,,Plur,Fem,,
enclausurada,enclausurar,Part,,,,Sing,Fem,,
encontrariam,encontrar,Fin,Cnd,,3,Plur,,,
incentivaria,incentivar,Fin,Cnd,,3,Sing,,,
incompreendido,incompreender,Part,,,,Sing,Masc,,
lida,ler,Fin,Ind,Pres,3,Sing,,,
prometo,prometer,Fin,Ind,Pres,1,Sing,,,
desaguou,desaguar,Fin,Ind,Past,3,Sing,,,
VEM,ver,Fin,Ind,Pres,3,Sing,,,
terminar,terminar,Inf,,,,,,,AUX
contatou,contatar,Fin,Ind,Past,3,Sing,,,
voltaria,voltar,Fin,Cnd,,3,Sing,,,AUX
denunciaram,denunciar,Fin,Ind,Past,3,Plur,,,
ouviam,ouviar,Fin,Ind,Imp,3,Plur,,,
decifradas,decifrar,Part,,,,Plur,Fem,,
Superou,superar,Fin,Ind,Past,3,Sing,,,
desenfreada,desenfrear,Part,,,,Sing,Fem,,
Continuaria,continuar,Fin,Cnd,,3,Sing,,,
ajudarem,ajudar,Inf,,,3,Plur,,,
Reciclar,reciclar,Inf,,,,,,,
desaparecido,desaparecer,Part,,,,Sing,Masc,,
requentamos,requentar,Fin,Ind,Pres,1,Plur,,,
evaporando,evaporar,Ger,,,,,,,
Morrer,morrer,Inf,,,,,,,
estourado,estourar,Part,,,,Sing,Masc,,
queimados,queimar,Part,,,,Plur,Masc,Pass,
Atingir,atingir,Inf,,,,,,,
agia,agiar,Fin,Ind,Pres,3,Sing,,,
subverte,subvertir,Fin,Ind,Pres,3,Sing,,,
letrado,letrar,Part,,,,Sing,Masc,,
mesclaram,mesclar,Fin,Ind,Past,3,Plur,,,
suavizaram,suavizar,Fin,Ind,Imp,3,Plur,,,
voltava,voltar,Fin,Ind,Imp,1,Sing,,,
Abordavam,abordar,Fin,Ind,Imp,3,Plur,,,
Adotei,adotar,Fin,Ind,Past,1,Sing,,,
peguei,pegar,Fin,Ind,Past,1,Sing,,,
forçou,forçar,Fin,Ind,Past,3,Sing,,,
procurarem,procurar,Inf,,,3,Plur,,,
Toque,tocar,Fin,Sub,Pres,3,Sing,,,
tocará,tocar,Fin,Ind,Fut,3,Sing,,,
murado,murar,Part,,,,Sing,Masc,,
imaginem,imaginar,Fin,Ind,Pres,3,Plur,,,
amargavam,amargar,Fin,Ind,Pres,3,Plur,,,
amputar,amputar,Inf,,,,,,,
acumulada,acumular,Part,,,,Sing,Fem,Pass,
configura,configurar,Fin,Ind,Pres,3,Sing,,,
acostumo,acostumar,Fin,Ind,Pres,1,Sing,,,
contrataria,contratar,Fin,Cnd,,3,Sing,,,
pulveriza,pulverizar,Fin,Ind,Pres,3,Sing,,,
nomeadas,nomear,Part,,,,Plur,Fem,Pass,
masturba,masturbar,Fin,Ind,Pres,3,Sing,,,
mexe,mexer,Fin,Ind,Pres,1,Sing,,,
Habituado,habituar,Part,,,,Sing,Masc,,
aguentassem,aguentar,Fin,Sub,Imp,3,Plur,,,
verem,ver,Inf,Sub,,3,Plur,,,
engatando,engatar,Ger,,,,,,,
resmungava,resmungar,Fin,Ind,Imp,3,Sing,,,
descambou,descambar,Fin,Ind,Past,3,Sing,,,
Contabilizam,contabilizar,Fin,Ind,Pres,3,Plur,,,
Vivíamos,viver,Fin,Ind,Imp,1,Plur,,,
considerem,considerar,Fin,Sub,Pres,3,Plur,,,
Conhecíamos,conhecer,Fin,Ind,Imp,1,Plur,,,
prateada,pratear,Part,,,,Sing,Fem,,
enfoca,enfocar,Fin,Ind,Pres,3,Sing,,,
Repassar,repassar,Inf,,,,,,,
desabonam,desabonar,Fin,Ind,Pres,3,Plur,,,
mirar,mirar,Inf,,,,,,,
visitara,visitar,Fin,Ind,Past,3,Sing,,,
Fuzilaram,fuzilar,Fin,Ind,Past,3,Plur,,,
conceder,conceder,Fin,Sub,Fut,3,Sing,,,
escalada,escalada,Part,,,,Sing,Fem,,
colhido,colher,Part,,,,,,,
precisei,precisar,Fin,Ind,Past,1,Sing,,,
recusava,recusar,Fin,Ind,Imp,3,Sing,,,
traumatizar,traumatizar,Inf,,,,,,,
opte,optar,Fin,Sub,Pres,3,Sing,,,
sumindo,sumir,Ger,,,,,,,
desconsidera,desconsider,Fin,Ind,Pres,3,Sing,,,
divirja,divirjar,Fin,Sub,Pres,3,Sing,,,
Desejo,Desejo,Fin,Ind,Pres,1,Sing,,,
mando,mair,Fin,Ind,Pres,1,Sing,,,
desentenderam,desentender,Fin,Ind,Past,3,Plur,,,
movem,mover,Fin,Ind,Pres,3,Plur,,,
catalisam,catalisar,Fin,Ind,Pres,3,Plur,,,
instigavam,instigar,Fin,Ind,Imp,3,Plur,,,
chefia,cheferir,Fin,Ind,Imp,3,Sing,,,
abarrotado,abarrotar,Part,,,,Sing,Masc,,
Apontado,apontar,Part,,,,Sing,Masc,,
degenerados,degenerar,Part,,,,Plur,Masc,,
quebra,quebra,Fin,Ind,Pres,3,Sing,,,
deliciar,deliciar,Inf,,,,,,,
é,ser,Fin,,,,,,,
delatado,delatar,Part,,,,Sing,Masc,,
cassou,cassar,Fin,Ind,Past,3,Sing,,,
aguardem,aguardar,Fin,Sub,Pres,1,Plur,,,
decoravam,decorar,Fin,Ind,Imp,3,Plur,,,
cobiço,cobiçar,Fin,Ind,Pres,1,Sing,,,
combater,combater,Inf,,,3,Sing,,,
distribuía,distribuir,Fin,Ind,Imp,3,Sing,,,
basear,basear,Inf,,,,,,,
rebuscado,rebuscar,Part,,,,Sing,Masc,,
superarão,superar,Fin,Ind,Fut,3,Plur,,,
analisem,analisar,Fin,Sub,Pres,3,Plur,,,
identifiquem,identificar,Fin,Sub,Pres,3,Plur,,,
exportado,exportar,Part,,,,Sing,Masc,Pass,
conflitava,conflitar,Fin,Ind,Imp,3,Sing,,,
especializou,especializar,Fin,Ind,Past,3,Sing,,,
distanciou,distanciar,Fin,Ind,Past,3,Sing,,,
repito,repetir,Fin,Ind,Pres,1,Sing,,,
propagando,propagar,Ger,,,,,,,
ensinava,ensinar,Fin,Ind,Imp,3,Sing,,,
agreguem,agreguar,Fin,Sub,Pres,3,Plur,,,
imputados,imputar,Part,,,,Plur,Masc,,
restrinja,restrinjir,Fin,Sub,Pres,3,Sing,,,
anule,anular,Fin,Sub,Pres,3,Sing,,,
lidará,lidar,Fin,Ind,Fut,3,Sing,,,
confundida,confundir,Part,,,,Sing,Fem,Pass,
esmaecida,esmaecer,Part,,,,Sing,Fem,,
ovacionada,ovacionar,Part,,,,Sing,Fem,Pass,
arregaçando,arregaçar,Ger,,,,,,,
Adquiri,adquir,Fin,Ind,Pres,1,Sing,,,
Intitulada,intitular,Part,,,,Sing,Fem,,
assessorou,assessorar,Fin,Ind,Past,3,Sing,,,
pensava,pensar,Fin,Ind,Imp,1,Sing,,,
usassem,usar,Fin,Sub,Imp,3,Plur,,,
convertem,converter,Fin,Ind,Pres,3,Plur,,,
puxados,puxar,Part,,,,Plur,Masc,Pass,
mergulhei,mergulhar,Fin,Ind,Past,1,Sing,,,
banhado,banhar,Part,,,,Sing,Masc,,
papado,papado,Part,,,,Sing,Masc,,
Poderiam,poder,Fin,Cnd,,3,Plur,,,
voltar,voltar,Inf,,,3,Sing,,,AUX
pactuada,pactuar,Part,,,,Sing,Fem,Pass,
contadas,contar,Part,,,,Plur,Fem,Pass,
interagia,interagiar,Fin,Ind,Imp,3,Sing,,,
especializada,especializar,Part,,,,Sing,Fem,Pass,
reverteram,reverter,Fin,Ind,Past,3,Plur,,,
Procurada,procurar,Part,,,,Sing,Fem,Pass,
praticadas,praticar,Part,,,,Plur,Fem,Pass,
leiloadas,leiloar,Part,,,,Plur,Fem,,
esbanjar,esbanjar,Inf,,,,,,,
pagássemos,pager,Fin,Sub,Imp,1,Plur,,,
gerenciado,gerenciar,Part,,,,Sing,Masc,,
ressarcido,ressarcir,Part,,,,Sing,Masc,Pass,
supõe,supoar,Fin,Ind,Pres,3,Sing,,,
aprofundadas,aprofundar,Part,,,,Plur,Fem,,
mudamos,mudar,Fin,Ind,Past,1,Plur,,,
hospedará,hospedar,Fin,Ind,Fut,3,Sing,,,
cancelada,cancelar,Part,,,,Sing,Fem,,
voltar,voltar,Fin,Sub,Fut,1,Sing,,,
Isolado,isolar,Part,,,,Sing,Masc,,
contidas,conter,Part,,,,Plur,Fem,Pass,
deixara,deixar,Fin,Ind,Pqp,3,Sing,,,AUX
incentivou,incentivar,Fin,Ind,Past,3,Sing,,,
pariu,parir,Fin,Ind,Pres,3,Sing,,,
acarretado,acarretar,Part,,,,,,,
apelado,apelar,Part,,,,,,,
assimiladas,assimilar,Part,,,,Plur,Fem,Pass,
Dormiu,dormir,Fin,Ind,Past,3,Sing,,,
processar,processar,Inf,,,3,Sing,,,
transtornados,transtornar,Part,,,,Plur,Masc,,
anotados,anotar,Part,,,,Plur,Masc,Pass,
Comentou,comentar,Fin,Ind,Past,3,Sing,,,
divulgando,divulgar,Ger,,,,,,,
coloque,colocar,Fin,Sub,Pres,3,Sing,,,
Malsucedido,malsuceder,Part,,,,Sing,Masc,,
viajamos,viajar,Fin,Ind,Pres,1,Plur,,,
formula,formular,Fin,Ind,Pres,3,Sing,,,
topar,topar,Inf,,,,,,,
deixava,deixar,Fin,Ind,Imp,3,Sing,,,AUX
levo,levar,Fin,Ind,Pres,1,Sing,,,
cobiçado,cobiçar,Part,,,,Sing,Masc,Pass,
despertando,despertar,Ger,,,,,,,
colonizados,colonizar,Part,,,,Plur,Masc,Pass,
oscilar,oscilar,Inf,,,,,,,
descolar,descolar,Inf,,,3,Sing,,,
desgastada,desgastar,Part,,,,Sing,Fem,,
valorizar,valorizar,Inf,,,3,Sing,,,
explodir,explodir,Fin,Sub,Fut,3,Sing,,,
ensinar,ensinar,Inf,,,,,,,AUX
confundia,confundir,Fin,Ind,Imp,3,Sing,,,
deslumbrado,deslumbrar,Part,,,,Sing,Masc,,
imprime,imprimir,Fin,Ind,Pres,3,Sing,,,
viajará,viajar,Fin,Ind,Fut,3,Sing,,,AUX
frustra,frustrar,Fin,Ind,Pres,3,Sing,,,
filiar,filiar,Inf,,,,,,,
intensificar,intensificar,Inf,,,3,Sing,,,
entenderem,entender,Inf,,,3,Plur,,,
enganar,enganar,Inf,,,,,,,
embarca,embarcar,Fin,Ind,Pres,3,Sing,,,
degringolou,degringolar,Fin,Ind,Past,3,Sing,,,
machucada,machucar,Part,,,,Sing,Fem,,
fortalecido,fortalecer,Part,,,,Sing,Masc,Pass,
seduzido,seduzir,Part,,,,,,,
encastelar,encastelar,Fin,Sub,Fut,3,Sing,,,
aborde,abordar,Fin,Sub,Pres,3,Sing,,,
briga,briga,Fin,Ind,Pres,3,Sing,,,
inflam,inflar,Fin,Ind,Pres,3,Plur,,,
derrubadas,derrubar,Part,,,,Plur,Fem,Pass,
Proliferaram,proliferar,Fin,Ind,Imp,3,Plur,,,
fracassou,fracassar,Fin,Ind,Past,3,Sing,,,
boicoto,boicotar,Fin,Ind,Pres,1,Sing,,,
Poderíamos,poder,Fin,Ind,Past,1,Plur,,,
substituída,substituir,Part,,,,Sing,Fem,,
definiriam,definir,Fin,Cnd,,3,Plur,,,
amanheceu,amanhecer,Fin,Ind,Past,3,Sing,,,
refreada,refrear,Part,,,,Sing,Fem,Pass,
Espremida,espremer,Part,,,,Sing,Fem,,
ganhar,ganhar,Inf,,,,,,,AUX
tivéssemos,ter,Fin,Sub,Imp,1,Plur,,,
profetizado,profetizar,Part,,,,Sing,Masc,Pass,
beija,ber,Fin,Ind,Pres,3,Sing,,,
confundidos,confundir,Part,,,,Plur,Masc,Pass,
desestimulou,desestimular,Fin,Ind,Past,3,Sing,,,
radicalizados,radicalizar,Part,,,,Plur,Masc,,
soluciona,solucionar,Fin,Ind,Pres,3,Sing,,,
nutrindo,nutrir,Ger,,,,,,,
irritado,irritar,Part,,,,,,,
transmitido,transmitir,Part,,,,,,,
provará,provar,Fin,Ind,Fut,3,Sing,,,
desviarmos,desviar,Fin,Sub,Fut,1,Plur,,,
concentrarmos,concentrar,Inf,,,1,Plur,,,
ativar,ativar,Inf,,,,,,,
desafiada,desafiar,Part,,,,Sing,Fem,Pass,
esfria,esfrear,Fin,Ind,Pres,3,Sing,,,
reaquecida,reaquecer,Part,,,,Sing,Fem,,
espessando,espessar,Ger,,,,,,,
incluir,incluir,Inf,,,3,Sing,,,
patrocinar,patrocinar,Inf,,,,,,,
atrase,atrasar,Fin,Sub,Pres,3,Sing,,,
indagado,indagar,Part,,,,,,,
provado,provar,Part,,,,Sing,Masc,Pass,
emancipou,emancipar,Fin,Ind,Past,3,Sing,,,
insinuam,insinuar,Fin,Ind,Pres,3,Plur,,,
avistada,avistar,Part,,,,Sing,Fem,Pass,
reverberou,reverberar,Fin,Ind,Past,3,Sing,,,
estreado,estrear,Part,,,,,,,
fujam,fujar,Fin,Sub,Pres,3,Plur,,,
atrapalhem,atrapalhar,Fin,Sub,Pres,3,Plur,,,
precificando,precificar,Ger,,,,,,,
acostumamos,acostumar,Fin,Ind,Pres,1,Plur,,,
emocionava,emocionar,Fin,Ind,Imp,3,Sing,,,
ganhado,ganhar,Part,,,,,,,
acentuadas,acentuar,Part,,,,Plur,Fem,Pass,
Passadas,passar,Part,,,,Plur,Fem,,
transava,transar,Fin,Ind,Imp,3,Sing,,,
Lançada,lançar,Part,,,,Sing,Fem,,
abrir,abrir,Fin,Sub,Fut,3,Sing,,,
seduzir,seduzir,Inf,,,,,,,
recém-chegado,recém-chegar,Part,,,,Sing,Masc,,
retiram,retirar,Fin,Ind,Pres,3,Plur,,,
Suspenderam,suspender,Fin,Ind,Past,3,Plur,,,
turbinado,turbinar,Part,,,,Sing,Masc,,
animadas,animar,Part,,,,Plur,Fem,,
convém,conver,Fin,Ind,Pres,1,Sing,,,
dinamitou,dinamitar,Fin,Ind,Past,3,Sing,,,
soam,soar,Fin,Ind,Pres,3,Plur,,,
assumir,assumir,Fin,Sub,Fut,3,Sing,,,
aturdidos,aturdir,Part,,,,Plur,Masc,,
frustrando,frustrar,Ger,,,,,,,
acessadas,acessar,Part,,,,Plur,Fem,Pass,
aparecido,aparecer,Part,,,,Sing,Masc,,
privilegiando,privilegiar,Ger,,,,,,,
libido,libidar,Part,,,,Sing,Fem,,
Ativa,ativar,Fin,Ind,Pres,3,Sing,,,
enxergar,enxergar,Inf,,,3,Sing,,,
emancipada,emancipar,Part,,,,Sing,Fem,,
reponham,repor,Fin,Sub,Pres,3,Plur,,,
coordena,coordenar,Fin,Ind,Pres,3,Sing,,,
xingar,xingar,Inf,,,,,,,
anulada,anular,Part,,,,Sing,Fem,,
mentiram,mentir,Fin,Ind,Past,3,Plur,,,
devorar,devorar,Inf,,,,,,,
instrui,instruir,Fin,Ind,Pres,3,Sing,,,
aguentava,aguentar,Fin,Ind,Imp,3,Sing,,,
pichado,pichar,Part,,,,,,,
Traduzo,traduzir,Fin,Ind,Pres,1,Sing,,,
Desculpe,desculpar,Fin,Ind,Pres,1,Sing,,,
contentam,contentar,Fin,Ind,Pres,3,Plur,,,
ajuizou,ajuizar,Fin,Ind,Past,3,Sing,,,
fecharem,fechar,Inf,,,3,Plur,,,
loteadas,lotear,Part,,,,Plur,Fem,Pass,
enriquecido,enriquecer,Part,,,,,,,
Remeter,remeter,Inf,,,,,,,
encobertas,encobrir,Part,,,,Plur,Fem,,
-foram,ir,Fin,Ind,Pres,3,Plur,,,
sonhavam,sonhar,Fin,Ind,Imp,3,Plur,,,
aflorava,aflorar,Fin,Ind,Imp,3,Sing,,,
desrespeitar,desrespeitar,Inf,,,,,,,
Parodiando,parodiar,Ger,,,,,,,
buscaria,buscar,Fin,Cnd,,1,Sing,,,
descansaria,descansar,Fin,Ind,Imp,3,Sing,,,
priorizasse,priorizar,Fin,Sub,Imp,3,Sing,,,
repassando,repassar,Ger,,,,,,,
desdobra,desdobrar,Fin,Ind,Pres,3,Sing,,,
agradeceram,agradecer,Fin,Ind,Past,3,Plur,,,
segregaram,segregar,Fin,Ind,Past,3,Plur,,,
oneraram,onerar,Fin,Ind,Past,3,Plur,,,
induziram,induzir,Fin,Ind,Past,3,Plur,,,
escandaliza,escandalizar,Fin,Ind,Pres,3,Sing,,,
amamenta,amamentar,Fin,Ind,Pres,3,Sing,,,
diminuía,diminuir,Fin,Ind,Imp,3,Sing,,,
valesse,valer,Fin,Sub,Imp,3,Sing,,,
sentar,sentar,Inf,,,3,Sing,,,
ficcionando,ficcionar,Ger,,,,,,,
Amava,amavar,Fin,Ind,Imp,3,Sing,,,
desesperada,desesperar,Part,,,,Sing,Fem,Pass,
param,parar,Fin,Ind,Pres,3,Plur,,,AUX
bagunçar,bagunçar,Inf,,,,,,,
adota,adotar,Fin,Ind,Pres,3,Sing,,,
alertava,alertar,Fin,Ind,Imp,3,Sing,,,
solucionados,solucionar,Part,,,,Plur,Masc,Pass,
esgoelou,esgoelar,Fin,Ind,Past,3,Sing,,,
convivendo,conviver,Ger,,,,,,,
calcular,calcular,Inf,,,3,Sing,,,
segurado,segurar,Part,,,,Sing,Masc,,
pesou,pesar,Fin,Ind,Past,3,Sing,,,
cadastrado,cadastrar,Part,,,,Sing,Masc,,
Acompanhar,acompanhar,Inf,,,,,,,
Empatou,empatar,Fin,Ind,Past,3,Sing,,,
escancarado,escancarar,Part,,,,Sing,Masc,Pass,
escandalizados,escandalizar,Part,,,,Plur,Masc,,
concordará,concordar,Fin,Ind,Fut,3,Sing,,,
liberar,liberar,Fin,Sub,Fut,3,Sing,,,
Acompanhemos,acompanhar,Fin,Ind,Pres,1,Plur,,,
omitir,omitir,Inf,,,,,,,
explorando,explorar,Ger,,,,,,,
exacerbou,exacerbar,Fin,Ind,Past,3,Sing,,,
buscado,buscar,Part,,,,,,,
sentisse,sentir,Fin,Sub,Imp,3,Sing,,,
Contará,contar,Fin,Ind,Fut,3,Sing,,,
falecidos,falecer,Part,,,,Plur,Masc,,
achasse,achar,Fin,Sub,Imp,3,Sing,,,
enrola,enrolar,Fin,Ind,Pres,3,Sing,,,
muta,mutar,Fin,Ind,Pres,3,Sing,,,
abro,abrir,Fin,Ind,Pres,1,Sing,,,
fomentado,fomentar,Part,,,,Sing,Masc,Pass,
Passaram,passar,Fin,Ind,Past,3,Plur,,,
circulavam,circular,Fin,Ind,Imp,3,Plur,,,
Escrever,escrever,Inf,,,,,,,
descortesia,descorteser,Inf,,,,,,,
soltam,soltar,Fin,Ind,Pres,3,Plur,,,
contaminam,contaminar,Fin,Ind,Pres,3,Plur,,,
Começo,começar,Fin,Ind,Pres,1,Sing,,,
minimizado,minimizar,Part,,,,Sing,Masc,,
checar,checar,Inf,,,3,Sing,,,
compactua,compactuar,Fin,Ind,Pres,3,Sing,,,
Precavido,precaver,Part,,,,Sing,Masc,,
judicializados,judicializar,Part,,,,Plur,Masc,,
toleramos,tolerar,Fin,Sub,Pres,1,Plur,,,
insulte,insultar,Fin,Sub,Pres,3,Sing,,,
juntado,juntar,Part,,,,,,,
regulou,regular,Fin,Ind,Past,3,Sing,,,
lembrarmos,lembrar,Inf,,,1,Plur,,,
entendermos,entender,Inf,,,1,Plur,,,
-preferindo,-preferir,Ger,,,,,,,
arregaça,arregaçar,Fin,Ind,Pres,3,Sing,,,
buscasse,buscar,Fin,Sub,Imp,3,Sing,,,
comprovadas,comprovar,Part,,,,Plur,Fem,Pass,
requisitou,requisitar,Fin,Ind,Past,3,Sing,,,
convocadas,convocar,Part,,,,Plur,Fem,,
encalacrados,encalacrar,Part,,,,Plur,Masc,,
Emocionado,emocionar,Part,,,,Sing,Masc,,
devassadas,devassar,Part,,,,Plur,Fem,Pass,
sintetizou,sintetizar,Fin,Ind,Past,3,Sing,,,
Defendiam,defender,Fin,Ind,Imp,3,Plur,,,
repetirão,repetir,Fin,Ind,Fut,3,Plur,,,
reconstruindo,reconstruir,Ger,,,,,,,
Adotou,adotar,Fin,Ind,Past,3,Sing,,,
lavarmos,lavar,Fin,,,3,Plur,,,
firma,firma,Fin,Ind,Pres,3,Sing,,,
lavou,laver,Fin,Ind,Past,3,Sing,,,
descontrolou,descontrolar,Fin,Ind,Past,3,Sing,,,
desembolsam,desembolsar,Fin,Ind,Pres,3,Plur,,,
vomitou,vomitar,Fin,Ind,Past,3,Sing,,,
parir,parir,Inf,,,,,,,
Permite,permitir,Fin,Ind,Pres,3,Sing,,,
sanar,sanar,Inf,,,3,Sing,,,
despertava,despertar,Fin,Ind,Imp,3,Sing,,,
Dançar,dançar,Inf,,,,,,,
esforçou,esforçar,Fin,Ind,Past,3,Sing,,,
constatamos,constatar,Fin,Ind,Pres,1,Plur,,,
atraído,atrair,Part,,,,Sing,Masc,,
mantive,manter,Fin,Ind,Past,1,Sing,,,
falara,falar,Fin,Ind,Past,3,Sing,,,
lideraria,liderar,Fin,Cnd,,3,Sing,,,
nascia,nascer,Fin,Ind,Imp,3,Sing,,,
interviu,intervir,Fin,Ind,Past,3,Sing,,,
combinada,combinar,Part,,,,Sing,Fem,Pass,
optarem,optar,Inf,,,3,Plur,,,
subido,subir,Part,,,,Sing,Masc,,
retificado,retificar,Part,,,,Sing,Masc,,
devorados,devorar,Part,,,,Plur,Masc,Pass,
levava,levar,Fin,Ind,Imp,1,Sing,,,
reverteu,reverter,Fin,Ind,Past,3,Sing,,,
enfraquecidos,enfraquecer,Part,,,,Plur,Masc,Pass,
impossibilitaria,impossibilitar,Fin,Cnd,,3,Sing,,,
sistematizado,sistematizar,Part,,,,,,,
batizou,batizar,Fin,Ind,Past,3,Sing,,,
acostumei,acostumar,Fin,Ind,Past,1,Sing,,,
reuniria,reunir,Fin,Cnd,,3,Sing,,,
Treino,treinar,Fin,Ind,Pres,1,Sing,,,
Significava,significar,Fin,Ind,Imp,3,Sing,,,
caramelizada,caramelizar,Part,,,,Sing,Fem,,
salteada,saltear,Part,,,,Sing,Fem,,
embasou,embasar,Fin,Ind,Past,3,Sing,,,
derretido,derreter,Part,,,,Sing,Masc,,
ressurgir,ressurgir,Inf,,,,,,,
reeleitos,reeleger,Part,,,,Plur,Masc,Pass,
enxergam,enxergar,Fin,Ind,Pres,3,Plur,,,
prendo,prender,Fin,Ind,Pres,1,Sing,,,
aprenderei,aprender,Fin,Ind,Fut,1,Sing,,,
tomarei,tomar,Fin,Ind,Fut,1,Sing,,,
Arrecadou,arrecadar,Fin,Ind,Past,3,Sing,,,
reformou,reformar,Fin,Ind,Past,3,Sing,,,
ressarcidos,ressarcer,Part,,,,Plur,Masc,,
olhava,olhar,Fin,Ind,Imp,3,Sing,,,
contrariado,contrariar,Part,,,,Sing,Masc,,
recaia,recair,Fin,Sub,Pres,3,Sing,,,
coitados,coitar,Part,,,,Plur,Masc,,
perturbados,perturbar,Part,,,,Plur,Masc,,
-exercita,-exercitar,Fin,Ind,Pres,3,Sing,,,
auxiliavam,auxiliar,Fin,Ind,Imp,3,Plur,,,
cobri,cobrir,Fin,Ind,Pres,1,Sing,,,
tiraremos,tirar,Fin,Ind,Fut,1,Plur,,,
desgastado,desgastar,Part,,,,Sing,Masc,,
delatou,delatar,Fin,Ind,Past,3,Sing,,,
reconfigurou,reconfigurar,Fin,Ind,Past,3,Sing,,,
nascida,nascer,Part,,,,Sing,Fem,,
sintonizados,sintonizar,Part,,,,Plur,Masc,,
partilhando,partilhar,Ger,,,,,,,
balança,balançar,Fin,Ind,Pres,3,Sing,,,
Relatar,relatar,Inf,,,,,,,
chacoalha,chacoalhar,Fin,Ind,Pres,3,Sing,,,
Coordenou,coordenar,Fin,Ind,Past,3,Sing,,,
participarem,participar,Fin,Sub,Fut,3,Plur,,,
Reza,rezar,Fin,Ind,Pres,3,Sing,,,
Descartam,descartar,Fin,Ind,Pres,3,Plur,,,
indicasse,indicar,Fin,Sub,Imp,3,Sing,,,
formamos,formar,Fin,Ind,Pres,1,Plur,,,
reputa,reputar,Fin,Ind,Pres,3,Sing,,,
lembrado,lembrar,Part,,,,Sing,Masc,Pass,
reeleita,reeleger,Part,,,,Sing,Fem,Pass,
apliquem,aplicar,Fin,Sub,Pres,3,Plur,,,
naturalizadas,naturalizar,Part,,,,Plur,Fem,Pass,
desencadeados,desencadear,Part,,,,Plur,Masc,Pass,
Gravamos,gravar,Fin,Ind,Pres,1,Plur,,,
anotava,anotar,Fin,Ind,Imp,3,Sing,,,
extrapolam,extrapolar,Fin,Ind,Pres,3,Plur,,,
apega,apegar,Fin,Ind,Pres,3,Sing,,,
rejeitada,rejeitar,Part,,,,Sing,Fem,,
concedidos,conceder,Part,,,,Plur,Masc,,
revogadas,revogar,Part,,,,Plur,Fem,Pass,
atingirem,atingir,Fin,Sub,Fut,3,Plur,,,
aplaudidos,aplaudir,Part,,,,Plur,Masc,Pass,
internar,internar,Inf,,,3,Sing,,,
refreiam,refregar,Fin,Ind,Pres,3,Plur,,,
dialogava,dialogar,Fin,Ind,Imp,3,Sing,,,
julgou,julgar,Fin,Ind,Past,3,Sing,,,
absorveriam,absorver,Fin,Ind,Pres,3,Plur,,,
desafiaram,desafiar,Fin,Ind,Past,3,Plur,,,
embolada,embolar,Part,,,,Sing,Fem,,
cantarão,cantar,Fin,Ind,Fut,3,Plur,,,
reinará,reinar,Fin,Ind,Fut,3,Sing,,,
responder,responder,Inf,,,3,Sing,,,
torcerem,torcer,Inf,,,3,Plur,,,
jogado,jogar,Part,,,,Sing,Masc,Pass,
vangloriar,vangloriar,Inf,,,3,Sing,,,
candidatei,candidatar,Fin,Ind,Past,1,Sing,,,
concentre,concentrar,Fin,Sub,Pres,3,Sing,,,
vazada,vazar,Part,,,,Sing,Fem,,
agendou,agendar,Fin,Ind,Past,3,Sing,,,
cozinho,cozinhar,Fin,Ind,Pres,1,Sing,,,
Observamos,observar,Fin,Ind,Pres,1,Plur,,,
dispute,disputir,Fin,Sub,Pres,3,Sing,,,
respirarem,respirar,Inf,,,3,Plur,,,
Permanecer,permanecer,Inf,,,,,,,
imaginasse,imaginar,Fin,Sub,Imp,3,Sing,,,
convocarão,convocar,Fin,Ind,Fut,3,Plur,,,
revisto,rever,Part,,,,Sing,Masc,,
sonho,sonho,Fin,Ind,Pres,1,Sing,,,
compartimentada,compartimentar,Part,,,,Sing,Fem,,
arrefeceram,arrefecer,Fin,Ind,Past,3,Plur,,,
Lembrou,lembrar,Fin,Ind,Past,3,Sing,,,
motorizada,motorizar,Part,,,,Sing,Fem,,
Floresce,florescer,Fin,Ind,Pres,3,Sing,,,
maquiar,maquiar,Fin,Sub,Fut,3,Sing,,,
demoram,demorar,Fin,Ind,Pres,3,Plur,,,AUX
capitanear,capitanear,Inf,,,,,,,
cozinhando,cozinhar,Ger,,,,,,,
tropecei,tropecer,Fin,Ind,Past,1,Sing,,,
colorir,colorir,Inf,,,,,,,
usemos,usar,Fin,Ind,Pres,1,Plur,,,
penalizasse,penalizar,Fin,Sub,Imp,3,Sing,,,
pasmei,pasmar,Fin,Ind,Pres,1,Sing,,,
Formaram,formar,Fin,Ind,Past,3,Plur,,,
omitido,omitir,Part,,,,,,,
politizado,politizar,Part,,,,Sing,Masc,Pass,
medi,medir,Fin,Ind,Pres,1,Sing,,,
ficarei,ficar,Fin,Ind,Fut,1,Sing,,,
envelhecerem,envelhecer,Inf,,,3,Plur,,,
Assume,assumir,Fin,Ind,Pres,3,Sing,,,
coloco,colocar,Fin,Ind,Pres,1,Sing,,,
impossibilitava,impossibilitar,Fin,Ind,Imp,3,Sing,,,
desesperados,desesperar,Part,,,,Plur,Masc,,
duplicado,duplicar,Part,,,,Sing,Masc,,
verbalizem,verbalizar,Fin,Sub,Pres,3,Plur,,,
armazenados,armazenar,Part,,,,Plur,Masc,,
esquentava,esquentar,Fin,Ind,Imp,3,Sing,,,
sigo,ser,Fin,Ind,Pres,1,Sing,,,
debatemos,debater,Fin,Ind,Pres,1,Plur,,,
ressentida,ressentir,Part,,,,Sing,Fem,,
inchavam,inchar,Fin,Ind,Imp,3,Plur,,,
sangravam,sangrar,Fin,Ind,Imp,3,Plur,,,
desconsidero,desconsider,Fin,Ind,Pres,1,Sing,,,
conversarmos,conversar,Inf,,,1,Plur,,,
isolasse,isolar,Fin,Sub,Imp,3,Sing,,,
desqualificar,desqualificar,Inf,,,,,,,
deportar,deportar,Inf,,,,,,,
Caçoar,caçoar,Inf,,,,,,,
Faltava,faltar,Fin,Ind,Imp,3,Sing,,,
reeleger,reeleger,Inf,Sub,,3,Sing,,,
contaminasse,contaminar,Fin,Sub,Pres,3,Sing,,,
alagados,alagar,Part,,,,Plur,Masc,,
equivocada,equivocar,Part,,,,Sing,Fem,,
arriscado,arriscar,Part,,,,Sing,Masc,,
chamaria,chamar,Fin,Cnd,,3,Sing,,,
massificados,massificar,Part,,,,Plur,Masc,,
Aguardemos,aguardar,Fin,Ind,Pres,1,Plur,,,
economize,economizar,Fin,Sub,Pres,3,Sing,,,
desordenados,desordenar,Part,,,,Plur,Masc,,
encoxadas,encoxar,Part,,,,Plur,Fem,,
levantava,levantar,Fin,Ind,Imp,3,Sing,,,
afundava,afundar,Fin,Ind,Imp,3,Sing,,,
somaria,somar,Fin,Cnd,,3,Sing,,,
viera,vir,Fin,Ind,Imp,3,Sing,,,
amealhar,amealhar,Inf,,,,,,,
aceitariam,aceitar,Fin,Cnd,,3,Plur,,,
concluísse,concluir,Fin,Sub,Imp,3,Sing,,,
sobreviver,sobreviver,Inf,,,3,Sing,,,
profissionalizarmos,profissionalizar,Inf,,,1,Plur,,,
lidei,lidar,Fin,Ind,Past,1,Sing,,,
acreditei,acreditar,Fin,Ind,Past,1,Sing,,,
enquadre,enquadrar,Fin,Sub,Pres,3,Sing,,,
virado,virar,Part,,,,,,,
contemplaram,contemplar,Fin,Ind,Past,3,Plur,,,
definhar,definhar,Inf,,,3,Sing,,,
agiu,agir,Fin,Ind,Past,3,Sing,,,
ganhar,ganhar,Inf,Sub,,3,Sing,,,
delatar,delatar,Fin,Sub,Fut,3,Sing,,,
delirando,delirar,Ger,,,,,,,
Incluiu,incluir,Fin,Ind,Past,3,Sing,,,
Morar,morar,Inf,,,,,,,
narrando,narrar,Ger,,,,,,,
achado,achado,Part,,,,,,,
massificado,massificar,Part,,,,Sing,Masc,,
Contratado,contratar,Part,,,,Sing,Masc,,
pavimentado,pavimentar,Part,,,,Sing,Masc,,
Lembrei,lembrar,Fin,Ind,Past,1,Sing,,,
comi,comer,Fin,Ind,Past,1,Sing,,,
roubei,raver,Fin,Ind,Past,1,Sing,,,
retrucou,retrucar,Fin,Ind,Past,3,Sing,,,
projetada,projetar,Part,,,,Sing,Fem,,
cheguemos,chegar,Fin,Ind,Pres,1,Plur,,,
descontar,descontar,Inf,,,,,,,
dite,ditar,Fin,Sub,Pres,3,Sing,,,
obedecidas,obedecer,Part,,,,Plur,Fem,Pass,
amedrontado,amedrontar,Part,,,,Sing,Masc,,
investir,investir,Fin,Sub,Fut,3,Sing,,,
votada,votar,Part,,,,Sing,Fem,Pass,
destacasse,destacar,Fin,Sub,Imp,3,Sing,,,
resistisse,resistir,Fin,Sub,Imp,3,Sing,,,
desafinada,desafinar,Part,,,,Sing,Fem,,
encaixem,encaixar,Fin,Sub,Pres,3,Plur,,,
Parecemos,parecer,Fin,Ind,Pres,1,Plur,,,
fadados,fadar,Part,,,,Plur,Masc,,
planejar,planejar,Inf,,,,,,,
protestava,protestar,Fin,Ind,Imp,3,Sing,,,
premiou,premiar,Fin,Ind,Past,3,Sing,,,
contrariava,contrariar,Fin,Ind,Imp,3,Sing,,,
Feita,fazer,Part,,,,Sing,Fem,,
reposicionar,reposicionar,Inf,,,,,,,
desistiram,desistir,Fin,Ind,Past,3,Plur,,,
sujeitos,sujeitar,Part,,,,Plur,Masc,Pass,
analisar,analisar,Inf,,,3,Sing,,,
referenciar,referenciar,Inf,,,,,,,
definirão,definir,Fin,Ind,Fut,3,Plur,,,
exercerem,exercer,Inf,,,3,Plur,,,
desbloqueie,desbloquer,Fin,Sub,Pres,3,Sing,,,
balizam,balizar,Fin,Ind,Pres,3,Plur,,,
monopolizar,monopolizar,Inf,,,,,,,
Expressa,expressar,Fin,Ind,Pres,3,Sing,,,
exala,exalar,Fin,Ind,Pres,3,Sing,,,
garantiam,garantir,Fin,Ind,Imp,3,Plur,,,
Importa,importar,Fin,Ind,Pres,3,Sing,,,
infligida,infligir,Part,,,,Sing,Fem,,
reconheçam,reconheçer,Fin,Sub,Pres,3,Plur,,,
cadastrados,cadastrar,Part,,,,Plur,Masc,Pass,
Choraram,chorar,Fin,Ind,Past,3,Plur,,,
liquidaria,liquidar,Fin,Ind,,3,Sing,,,
conseguirem,conseguir,Fin,Sub,Pres,3,Plur,,,
afunda,afundar,Fin,Ind,Pres,3,Sing,,,
cavando,cavar,Ger,,,,,,,
transmutados,transmutar,Part,,,,Plur,Masc,,
deixarem,deixar,Inf,,,3,Plur,,,AUX
concorrer,concorrer,Inf,,,3,Sing,,,
recolonizando,recolonizar,Ger,,,,,,,
digamos,dizer,Fin,Sub,Pres,3,Plur,,,
inspiraram,inspirar,Fin,Ind,Past,3,Plur,,,
são,ser,Fin,Ind,Pres,3,Plur,,,AUX
encarnam,encarnar,Fin,Ind,Pres,3,Plur,,,
resgatou,resgatar,Fin,Ind,Past,3,Sing,,,
Perceberam,perceber,Fin,Ind,Past,3,Plur,,,
Respiro,respirar,Fin,Ind,Pres,1,Sing,,,
Autorizar,autorizar,Inf,,,,,,,
cruze,cruzar,Fin,Sub,Pres,3,Sing,,,
sediaram,sediar,Fin,Ind,Past,3,Plur,,,
mimado,mimar,Part,,,,Sing,Masc,,
cozidos,cozer,Part,,,,Plur,Masc,,
dourada,dourar,Part,,,,Sing,Fem,Pass,
abalroou,abalroar,Fin,Ind,Past,3,Sing,,,
inverso,inversar,Fin,Ind,Pres,3,Sing,,,
impugnado,impugnar,Part,,,,Sing,Masc,,
falidos,falir,Part,,,,Plur,Masc,,
contracena,contracenar,Fin,Ind,Pres,3,Sing,,,
deixar,deixar,Inf,,,3,Sing,,,
harmonizar,harmonizar,Inf,,,,,,,
posicionasse,posicionar,Fin,Sub,Imp,3,Sing,,,
instituído,instituir,Part,,,,,,,
pendurar,pendurar,Fin,Sub,,3,Sing,,,
revezam,revezar,Fin,Ind,Pres,3,Plur,,,
tolher,tolher,Inf,,,,,,,
cedermos,ceder,Inf,,,,Plur,,,
curado,curar,Part,,,,Sing,Masc,,
aplauda,aplaudar,Fin,Ind,Pres,3,Sing,,,
degustar,degustar,Inf,,,,,,,
Puxei,puxar,Fin,Ind,Past,1,Sing,,,
revitalizados,revitalizar,Part,,,,Plur,Masc,,
apressados,apressar,Part,,,,Plur,Masc,,
esbarrando,esbarrar,Ger,,,,,,,
exercendo,exercer,Ger,,,,,,,
desenvolvemos,desenvolver,Fin,Ind,Pres,1,Plur,,,
interrompendo,interromper,Ger,,,,,,,
estendi,estender,Fin,Ind,Past,1,Sing,,,
acertar,acertar,Fin,Sub,Fut,3,Sing,,,
empregar,empregar,Inf,,,3,Sing,,,
bati,bater,Fin,Ind,Past,1,Sing,,,
Denunciando,denunciar,Ger,,,,,,,
engajam,engajar,Fin,Ind,Pres,3,Plur,,,
contatando,contatar,Ger,,,,,,,
angariando,angariar,Ger,,,,,,,
competiam,competir,Fin,Ind,Imp,3,Plur,,,
carregou,carregar,Fin,Ind,Past,3,Sing,,,
desaculturados,desaculturar,Part,,,,Plur,Masc,,
rugiu,rugir,Fin,Ind,Past,3,Sing,,,
documentado,documentar,Part,,,,Sing,Masc,Pass,
combatendo,combater,Ger,,,,,,,
Erra,errar,Fin,Ind,Pres,3,Sing,,,
denomina,denominar,Fin,Ind,Pres,3,Sing,,,
recolher,recolher,Inf,,,3,Sing,,,
descumprida,descumprir,Part,,,,Sing,Fem,Pass,
dizer,dizer,Inf,,,,Sing,,,
padronizada,padronizar,Part,,,,Sing,Fem,Pass,
monitora,monitor,Fin,Ind,Pres,3,Sing,,,
oficializados,oficializar,Part,,,,Plur,Masc,Pass,
aterrorizou,aterrorizar,Fin,Ind,Past,3,Sing,,,
Repare,reparar,Fin,Ind,Pres,3,Sing,,,
berrar,berrar,Inf,,,,,,,
puxando,puxar,Ger,,,,,,,
estilhaçados,estilhaçar,Part,,,,Plur,Masc,,
comandava,comandar,Fin,Ind,Imp,3,Sing,,,
pronunciava,pronunciar,Fin,Ind,Imp,3,Sing,,,
fideliza,fidelizar,Fin,Ind,Pres,3,Sing,,,
divertia,divertir,Fin,Ind,Imp,3,Sing,,,
falsificados,falsificar,Part,,,,Plur,Masc,,
questionado,questionar,Part,,,,,,,
destruirá,destruir,Fin,Ind,Fut,3,Sing,,,
prometidas,prometer,Part,,,,Plur,Fem,Pass,
geraria,gerar,Fin,Cnd,,3,Sing,,,
desfrutaria,desfrutar,Fin,Cnd,Fut,3,Sing,,,
reprogramadas,reprogramar,Part,,,,Plur,Fem,Pass,
parido,parir,Part,,,,Sing,Masc,Pass,
recomeçou,recomeçar,Fin,Ind,Past,3,Sing,,,
tipificavam,tipificar,Fin,Ind,Imp,3,Plur,,,
tentarem,tentar,Fin,Sub,Fut,3,Plur,,,
Horrorizada,horrorizar,Part,,,,Sing,Fem,,
deixado,deixar,Part,,,,,,,AUX
inchava,inchar,Fin,Ind,Imp,3,Sing,,,
-ganhou,-ganhar,Fin,Ind,Past,3,Sing,,,
partido,partir,Part,,,,Sing,Masc,,
adotando,adotar,Ger,,,,,,,
amanheceram,amanhecer,Fin,Ind,Past,3,Plur,,,
escreveria,escrever,Fin,Cnd,,3,Sing,,,
tô,ter,Fin,Ind,Pres,1,Sing,,,
movimentada,movimentar,Part,,,,Sing,Fem,,
Acostumado,acostumar,Part,,,,Sing,Masc,,
estipulado,estipular,Part,,,,Sing,Masc,Pass,
votariam,votar,Fin,Cnd,,3,Plur,,,
recorria,recorrer,Fin,Ind,Imp,3,Sing,,,
demos,dar,Fin,Ind,Pres,1,Plur,,,
omitido,omitir,Part,,,,Sing,Masc,,
violarem,violar,Inf,,,3,Plur,,,
esclareça,esclarecer,Fin,Sub,Pres,3,Sing,,,
Sabíamos,saber,Fin,Ind,Imp,1,Plur,,,
chegaríamos,chegar,Fin,Cnd,,1,Plur,,,
esquentado,esquentar,Part,,,,Sing,Masc,,
respondão,responder,Fin,Ind,Pres,3,Sing,,,
galgava,galgar,Fin,Ind,Imp,3,Sing,,,
sugiro,sugir,Fin,Sub,Pres,1,Sing,,,
relacionar,relacionar,Inf,,,3,Sing,,,
nutria,nutrear,Fin,Ind,Imp,3,Sing,,,
deporão,depor,Fin,Ind,Pres,3,Sing,,,
disputariam,disputar,Fin,Cnd,,3,Plur,,,
validou,validar,Fin,Ind,Past,3,Sing,,,
fracassado,fracassar,Part,,,,Sing,Masc,,
treinados,treinar,Part,,,,Plur,Masc,Pass,
folgava,folgar,Fin,Ind,Imp,3,Sing,,,
repisou,repisar,Fin,Ind,Past,3,Sing,,,
Imaginemos,imaginar,Fin,Ind,Pres,1,Plur,,,
convencido,convencer,Part,,,,Sing,Masc,Pass,
seguiriam,seguir,Fin,Cnd,,3,Plur,,,
Aplicaremos,aplicar,Fin,Ind,Pres,1,Plur,,,
cozinhar,cozinhar,Inf,,,3,Sing,,,
atrasadas,atrasar,Part,,,,Plur,Fem,,
Atua,atuar,Fin,Ind,Pres,3,Sing,,,
dava,dar,Fin,Ind,Imp,1,Sing,,,
delibere,deliberar,Fin,Sub,Pres,3,Sing,,,
Respondemos,responder,Fin,Ind,Pres,1,Plur,,,
codirigido,codirigir,Part,,,,Sing,Masc,Pass,
brigaram,brigar,Fin,Ind,Past,3,Plur,,,
alterassem,alterar,Fin,Sub,Imp,3,Plur,,,
comia,comer,Fin,Ind,Imp,1,Sing,,,
girando,girar,Ger,,,,,,,
corrompido,corrompir,Part,,,,Sing,Masc,Pass,
repatriados,repatriar,Part,,,,Plur,Masc,Pass,
Deixar,deixar,Inf,,,,,,,AUX
encorpar,encorpar,Inf,,,,,,,
testemunhando,temtemunhar,Ger,,,,,,,
dedura,dedurar,Fin,Ind,Pres,3,Sing,,,
diferenciou,diferenciar,Fin,Ind,Past,3,Sing,,,
creem,crer,Fin,Ind,Pres,3,Plur,,,
respeitamos,respeitar,Fin,Ind,Pres,1,Plur,,,
rastreia,rastrear,Fin,Ind,Pres,3,Sing,,,
salivar,salivar,Inf,,,,,,,
sedado,sedar,Part,,,,Sing,Masc,,
arrependida,arrepender,Part,,,,Sing,Fem,,
gerencia,gerencer,Fin,Ind,Pres,3,Sing,,,
corrigir,corrigir,Inf,,,3,Sing,,,
Vestindo,vestir,Ger,,,,,,,
ignorasse,ignorar,Fin,Sub,Imp,3,Sing,,,
perguntar,perguntar,Inf,,,3,Sing,,,
diminuir,diminuir,Inf,,,3,Sing,,,
esquiva,esquivar,Fin,Ind,Pres,3,Sing,,,
adotassem,adotar,Fin,Sub,Imp,3,Plur,,,
Tinha,ter,Fin,Ind,Imp,1,Sing,,,AUX
apoiado,apoiar,Part,,,,,,,
absolva,absolver,Fin,Ind,Imp,1,Sing,,,
lamentava,lamentar,Fin,Ind,Imp,3,Sing,,,
despropositados,despropositar,Part,,,,Plur,Masc,,
relativizar,relativizar,Inf,,,,,,,
ressecada,ressecar,Part,,,,Sing,Fem,,
encabeçadas,encabeçar,Part,,,,Plur,Fem,Pass,
estragando,estragar,Ger,,,,,,,
impactados,impactar,Part,,,,Plur,Masc,Pass,
extrapolou,extrapolar,Fin,Ind,Past,3,Sing,,,
Emitir,emitir,Inf,,,,,,,
embolsam,embolsar,Fin,Ind,Pres,3,Plur,,,
revogado,revogar,Part,,,,Sing,Masc,Pass,
lembrada,lembrar,Part,,,,Sing,Fem,Pass,
conduzido,conduzir,Part,,,,,,,
virava,virar,Fin,Ind,Imp,3,Sing,,,
personificada,personificar,Part,,,,Sing,Fem,Pass,
Contou,contar,Fin,Ind,Past,3,Sing,,,
vivesse,viver,Fin,Sub,Imp,3,Sing,,,
legislam,legislar,Fin,Ind,Pres,3,Plur,,,
expressado,expressar,Part,,,,Sing,Masc,,
atualizado,atualizar,Part,,,,Sing,Masc,Pass,
Comprometida,comprometer,Part,,,,Sing,Fem,,
negociavam,negociar,Fin,Ind,Imp,3,Plur,,,
irritava,irritar,Fin,Ind,Imp,3,Sing,,,
ganhado,ganhar,Part,,,,Sing,Masc,,
discutimos,discutir,Fin,Ind,Pres,1,Plur,,,
frisando,frisar,Ger,,,,,,,
Lavar,lavar,Inf,,,,,,,
soaram,soar,Fin,Ind,Past,3,Plur,,,
desmataram,desmatar,Fin,Ind,Past,3,Plur,,,
esburacadas,esburacar,Part,,,,Plur,Fem,,
tolerada,tolerar,Part,,,,Sing,Fem,Pass,
esforçam,esforçar,Fin,Ind,Pres,3,Plur,,,
legado,legado,Part,,,,Sing,Masc,Pass,
consultado,consultar,Part,,,,Sing,Masc,,
politizando,politizar,Ger,,,,,,,
exortaram,exortar,Fin,Ind,Past,3,Plur,,,
estancou,estancar,Fin,Ind,Past,3,Sing,,,
simbolizado,simbolizar,Part,,,,Sing,Masc,Pass,
Advertido,adverter,Part,,,,Sing,Masc,Pass,
andarem,andar,Inf,,,3,Plur,,,
reagirem,reagir,Inf,,,3,Plur,,,
cruzando,cruzar,Ger,,,,,,,
urdida,urdir,Part,,,,Sing,Fem,,
arquivou,arquivar,Fin,Ind,Past,3,Sing,,,
Preferi,preferir,Fin,Ind,Past,1,Sing,,,
-estava,-estavar,Fin,Ind,Imp,1,Sing,,,
injustiçado,injustiçar,Part,,,,Sing,Masc,,
cagando,cagar,Ger,,,,,,,
Causa,causa,Fin,Ind,Pres,3,Sing,,,
substituiria,substituir,Fin,Cnd,,3,Sing,,,
Seja,ser,Fin,Sub,Pres,3,Sing,,,
Digamos,dizer,Fin,Sub,Pres,1,Plur,,,
autorize,autorizar,Fin,Sub,Pres,3,Sing,,,
tava,taver,Fin,Ind,Imp,3,Sing,,,
figurados,figurar,Part,,,,Plur,Masc,,
desconfio,desconfiar,Fin,Ind,Pres,1,Sing,,,
desatinadas,desatinar,Part,,,,Plur,Fem,,
insubordinadas,insubordinar,Part,,,,Plur,Fem,,
refez,refezer,Fin,Ind,Past,3,Sing,,,
dispus,dizer,Fin,Ind,Past,1,Sing,,,
ergueu,erguir,Fin,Ind,Past,3,Sing,,,
Contramar,contramar,Inf,,,,,,,
prendido,prender,Part,,,,Sing,Masc,,
esmaece,esmaecer,Fin,Ind,Pres,3,Sing,,,
assombra,assombrar,Fin,Ind,Pres,3,Sing,,,
distribuímos,distribuir,Fin,Ind,Pres,1,Plur,,,
trocar,trocar,Inf,,,3,Sing,,,
Servia,servir,Fin,Ind,Imp,3,Sing,,,
Ilustrada,ilustrar,Part,,,,Sing,Fem,,
contracenar,contracenar,Inf,,,,,,,
Saiam,sair,Fin,Sub,Pres,3,Plur,,,
acovardado,acovardar,Part,,,,Sing,Masc,,
moída,moidar,Part,,,,Sing,Fem,,
aviltar,aviltar,Inf,,,,,,,
reproduzindo,reproduzir,Ger,,,,,,,
mandavam,mandar,Fin,Ind,Imp,3,Plur,,,
é,ser,Fin,,Pres,,,,,
resolva,resolver,Fin,Sub,Pres,3,Sing,,,
Oscilando,oscilar,Ger,,,,,,,
move,mover,Fin,Ind,Pres,3,Sing,,,
acomete,acometer,Fin,Ind,Pres,3,Sing,,,
mensurada,mensurar,Part,,,,Sing,Fem,Pass,
re,rer,Fin,Imp,Pres,2,Sing,,,
abalaram,abalar,Fin,Ind,Past,3,Plur,,,
sujeitados,sujeitar,Part,,,,Plur,Masc,,
interagiu,interagir,Fin,Ind,Past,3,Sing,,,
Sorteie,sortear,Fin,Sub,Pres,3,Sing,,,
apure,aporar,Fin,Sub,Pres,3,Sing,,,
relaxou,relaxar,Fin,Ind,Past,3,Sing,,,
poluem,poluar,Fin,Ind,Pres,3,Plur,,,
desperta,despertar,Fin,Ind,Pres,3,Sing,,,
desatualizada,desatualizar,Part,,,,Sing,Fem,,
requentados,requentar,Part,,,,Plur,Masc,,
tombada,tombar,Part,,,,Sing,Fem,Pass,
cerrado,cerrar,Part,,,,Sing,Masc,,
fisgado,fisgar,Part,,,,Sing,Masc,Pass,
veríamos,ver,Fin,Cnd,,1,Plur,,,
candidataram,candidatar,Fin,Ind,Past,3,Plur,,,
cruzaria,cruzar,Fin,Cnd,,3,Sing,,,
descamba,descambar,Fin,Ind,Pres,3,Sing,,,
dignifica,dignificar,Fin,Ind,Pres,3,Sing,,,
voando,voar,Ger,,,,,,,
Abdicarão,abdicar,Fin,Ind,Pres,3,Plur,,,
pincelada,pincelar,Part,,,,Sing,Fem,,
anotado,anotar,Part,,,,,,,
afastado,afastar,Part,,,,,,,
pagar,pagar,Fin,Sub,Fut,3,Sing,,,
intimidar,intimidar,Inf,,,3,Sing,,,
-viu,-vir,Fin,Ind,Past,3,Sing,,,
Tirar,tirar,Inf,,,,,,,
temo,ter,Fin,Ind,Pres,1,Sing,,,
ameace,ameacar,Fin,Sub,Pres,3,Sing,,,
superados,superar,Part,,,,Plur,Masc,Pass,
avalie,avaliar,Fin,Sub,Pres,3,Sing,,,
falávamos,falávar,Fin,Ind,Imp,1,Plur,,,
mapeou,mapear,Fin,Ind,Past,3,Sing,,,
acompanharem,acompanhar,Inf,,,3,Plur,,,
sufoca,sufocar,Fin,Ind,Pres,3,Sing,,,
Conhecida,conhecer,Part,,,,Sing,Fem,Pass,
disparadas,disparar,Part,,,,Plur,Fem,,
transo,transar,Fin,Ind,Pres,1,Sing,,,
notificados,notificar,Part,,,,Plur,Masc,,
espancavam,espancar,Fin,Ind,Imp,3,Plur,,,
estupravam,estuprar,Fin,Ind,Imp,3,Plur,,,
penderiam,pender,Fin,Ind,Past,3,Plur,,,
Merecem,merecer,Fin,Ind,Pres,3,Plur,,,
reavaliado,reavaliar,Part,,,,Sing,Masc,,
licitou,licitar,Fin,Ind,Past,3,Sing,,,
arrisquei,arrisquar,Fin,Ind,Past,1,Sing,,,
sofisticado,sofisticar,Part,,,,Sing,Masc,,
replicam,replicar,Fin,Ind,Pres,3,Plur,,,
protocolar,protocolar,Inf,,,,Sing,,,
empenhe,empenhar,Fin,Sub,Pres,3,Sing,,,
Anular,anular,Inf,,,,,,,
abatemos,abatar,Fin,Ind,Pres,1,Plur,,,
desbotada,desbotar,Part,,,,Sing,Fem,,
despenalizar,despenalizar,Inf,,,,,,,
provocar,provocar,Fin,Sub,Fut,3,Sing,,,
Preparei,preparar,Fin,Ind,Past,1,Sing,,,
chapeada,chapear,Part,,,,Sing,Fem,,
dourar,dourar,Inf,,,,,,,
filiado,filiar,Part,,,,Sing,Masc,Pass,
cerceia,cercear,Fin,Ind,Pres,3,Sing,,,
vazada,vazar,Part,,,,Sing,Fem,Pass,
engatinhar,engatinhar,Inf,,,,,,,
indevidos,indever,Part,,,,Plur,Masc,,
Provocam,provocar,Fin,Ind,Pres,3,Plur,,,
ensaiam,ensair,Fin,Ind,Pres,3,Plur,,,
gravaria,gravar,Fin,Cnd,,3,Sing,,,
pautadas,pautar,Part,,,,Plur,Fem,,
surrado,surrar,Part,,,,Sing,Masc,Pass,
selecionarem,selecionar,Inf,,,3,Plur,,,
surpreenda,surprer,Fin,Sub,Pres,3,Sing,,,
aparecerem,aparecer,Fin,Sub,Fut,3,Plur,,,
conversaria,conversar,Fin,Cnd,,3,Sing,,,
decolou,decolar,Fin,Ind,Past,3,Sing,,,
identifico,identificar,Fin,Ind,Pres,1,Sing,,,
viajarem,viajar,Inf,,,3,Plur,,,
aplicam,aplicar,Fin,Ind,Pres,3,Plur,,,
Descontando,descontar,Ger,,,,,,,
evocar,evocar,Inf,,,,,,,
Passei,passar,Fin,Ind,Past,1,Sing,,,
delatar,delatar,Inf,,,,,,,
delatando,delatar,Ger,,,,,,,
unissem,unizsar,Fin,Sub,Imp,3,Plur,,,
Achou,achar,Fin,Ind,Past,3,Sing,,,
Planejava,planejar,Fin,Ind,Imp,3,Sing,,,
maximize,maximizar,Fin,Sub,Pres,3,Sing,,,
Delegou,delegar,Fin,Ind,Past,3,Sing,,,
rejeitar,rejeitar,Fin,Sub,Fut,3,Sing,,,
jogarem,jogar,Inf,,,3,Plur,,,
abençoe,abençar,Fin,Ind,Pres,1,Sing,,,
desmedidos,desmeder,Part,,,,Plur,Masc,,
Serve,servir,Fin,Ind,Pres,3,Sing,,,
machucado,machucar,Part,,,,,,,
embarcaram,embarcar,Fin,Ind,Past,3,Plur,,,
picados,picar,Part,,,,Plur,Masc,Pass,
Visitar,visitar,Inf,,,,,,,
suicidar,suicidar,Inf,,,,,,,
ajudariam,ajudar,Fin,Cnd,,3,Plur,,,
abrisse,abrir,Fin,Sub,Imp,3,Sing,,,
chegada,chegada,Part,,,,Sing,Fem,Pass,
redemonizar,redemonizar,Inf,,,,,,,
bem-sucedido,bem-suceder,Part,,,,Sing,Masc,,
Enfrentou,enfrentar,Fin,Ind,Past,3,Sing,,,
generalizada,generalizado,Part,,,,Sing,Fem,,
ignoro,ignorar,Fin,Ind,Pres,1,Sing,,,
resolver,resolver,Fin,Sub,Fut,3,Sing,,,
repasse,repassar,Fin,Sub,Pres,3,Sing,,,
rascunhar,rascunhar,Inf,,,,,,,
Comece,comecer,Fin,Sub,Pres,3,Sing,,,
Segurar,segurar,Inf,,,,,,,
Plantar,plantar,Inf,,,,,,,
temperada,temperar,Part,,,,Sing,Fem,Pass,
planejem,planejar,Fin,Sub,Pres,3,Plur,,,
aprendido,aprender,Part,,,,,,,
plantado,plantar,Part,,,,Sing,Masc,,
pós-graduado,pós-graduar,Part,,,,Sing,Masc,,
vagando,vagar,Ger,,,,,,,
comparadas,comparar,Part,,,,Plur,Fem,Pass,
Calculados,calcular,Part,,,,Plur,Masc,,
inchado,inchar,Part,,,,Sing,Masc,,
Mentir,mentir,Inf,,,,,,,
Lembrando,lembrar,Ger,,,,,,,
falsear,falsear,Inf,,,,,,,
Evitaríamos,evitar,Fin,Ind,Pres,1,Plur,,,
mixar,mixar,Inf,,,,,,,
pontificar,pontificar,Inf,,,,,,,
reparados,reparar,Part,,,,Plur,Masc,Pass,
decretaram,decretar,Fin,Ind,Past,3,Plur,,,
inserem,inserir,Fin,Ind,Pres,3,Plur,,,
tardará,tardar,Fin,Ind,Fut,3,Sing,,,
Transforma,transformar,Fin,Ind,Pres,3,Sing,,,
partimos,partir,Fin,Ind,Pres,1,Plur,,,
preservado,preservar,Part,,,,Sing,Masc,Pass,
embutidos,embutir,Part,,,,Plur,Masc,,
Usado,usar,Part,,,,Sing,Masc,,
sugiram,sugir,Fin,Sub,Pres,3,Plur,,,
filtrar,filtrar,Inf,,,,,,,
Imagine,imaginar,Fin,Sub,Pres,3,Sing,,,
Assumi,assumir,Fin,Ind,Past,1,Sing,,,
acumulei,acumular,Fin,Ind,Past,1,Sing,,,
casar,casar,Inf,,,3,Sing,,,
confiaram,confiar,Fin,Ind,Past,3,Plur,,,
salvará,salvar,Fin,Ind,Fut,3,Sing,,,
gelado,gelar,Part,,,,Sing,Masc,,
Esperar,esperar,Inf,,,,,,,
planejou,planejar,Fin,Ind,Past,3,Sing,,,
palpitando,palpitar,Ger,,,,,,,
lotam,lotar,Fin,Ind,Pres,3,Plur,,,
badalados,badalar,Part,,,,Plur,Masc,Pass,
comemorada,comemorar,Part,,,,Sing,Fem,,
rebaixadas,rebaixar,Part,,,,Plur,Fem,Pass,
ancorado,ancorar,Part,,,,Sing,Masc,,
tiram,tir,Fin,Ind,Pres,3,Plur,,,
despenque,despenquar,Fin,Sub,Pres,3,Sing,,,
sobressair,sobressair,Inf,,,,,,,
prevemos,prever,Fin,Ind,Pres,1,Plur,,,
tentassem,tentar,Fin,Sub,Imp,3,Plur,,,
percorrido,percorrer,Part,,,,,,,
verificavam,verificar,Fin,Ind,Imp,3,Plur,,,
porta,porta,Fin,Ind,Pres,3,Sing,,,
distrai,distrar,Fin,Ind,Pres,3,Sing,,,
Rodaram,rodar,Fin,Ind,Past,3,Plur,,,
acharem,achar,Inf,,,3,Plur,,,
emprestava,emprestar,Fin,Ind,Imp,3,Sing,,,
bloqueado,bloquear,Part,,,,Sing,Masc,Pass,
suavizar,suavizar,Inf,,,,,,,
rachado,rachar,Part,,,,,,,
alvejou,alvejar,Fin,Ind,Past,3,Sing,,,
perdoado,perdoar,Part,,,,Sing,Masc,Pass,
somavam,somar,Fin,Ind,Imp,3,Plur,,,
comunicar,comunicar,Inf,,,3,,,,
destacarem,destacar,Inf,,,3,Plur,,,
reservam,reservar,Fin,Ind,Pres,3,Plur,,,
reanimado,reanimar,Part,,,,Sing,Masc,Pass,
improvisará,improvisar,Fin,Ind,Fut,3,Sing,,,
inabilitou,inabilitar,Fin,Ind,Past,3,Sing,,,
enviara,enviar,Fin,Ind,Past,3,Sing,,,
acontecer,acontecer,Inf,,,3,Sing,,,
aquilatar,aquilatar,Inf,,,3,Sing,,,
nutro,nutrar,Fin,Ind,Pres,1,Sing,,,
Largando,largar,Ger,,,,,,,
potencializado,potencializar,Part,,,,Sing,Masc,,
merecido,merecer,Part,,,,,,,
conversam,conversar,Fin,Ind,Pres,3,Plur,,,
regredida,regredir,Part,,,,Sing,Fem,,
acumularam,acumular,Fin,Ind,Past,3,Plur,,,
relatado,relatar,Part,,,,Sing,Masc,,
molhou,molhar,Fin,Ind,Past,3,Sing,,,
amarrou,amarrar,Fin,Ind,Past,3,Sing,,,
encharcada,encharcar,Part,,,,Sing,Fem,,
insuflando,insuflar,Ger,,,,,,,
Estivesse,estar,Fin,Sub,Imp,3,Sing,,,
indexadas,indexar,Part,,,,Plur,Fem,,
condicionava,condicionar,Fin,Ind,Imp,3,Sing,,,
propalada,propalar,Part,,,,Sing,Fem,,
mitigar,mitigar,Inf,,,3,Sing,,,
negligenciar,negligenciar,Inf,,,,,,,
trocado,trocado,Part,,,,,,,
empurrado,empurrar,Part,,,,Sing,Masc,,
calavam,calar,Fin,Ind,Imp,3,Plur,,,
desistiam,desistir,Fin,Ind,Imp,3,Plur,,,
refrigerado,refrigerar,Part,,,,Sing,Masc,Pass,
requentado,requentar,Part,,,,Sing,Masc,,
Usemos,usar,Fin,Ind,Pres,1,Plur,,,
espelhou,espelhar,Fin,Ind,Past,3,Sing,,,
Fique,ficar,Fin,Sub,Pres,3,Sing,,,
desgarrar,desgarrar,Inf,,,,,,,
simulado,simular,Part,,,,,,,
pesquisando,pesquisar,Ger,,,,,,,
vazou,vazer,Fin,Ind,Past,3,Sing,,,
espalhada,espalhar,Part,,,,Sing,Fem,Pass,
benvindas,benvir,Part,,,,Plur,Fem,Pass,
exacerbadas,exacerbar,Part,,,,Plur,Fem,,
compartilhei,compartilhar,Fin,Ind,Past,1,Sing,,,
definir,definir,Fin,Sub,Fut,3,Sing,,,
repleta,repletar,Part,,,,Sing,Fem,Pass,
desembarcasse,desembarcar,Fin,Sub,Pres,3,Sing,,,
detecte,detectar,Fin,Sub,Pres,3,Sing,,,
relevado,relevar,Part,,,,Sing,Masc,Pass,
abandonaria,abandonar,Fin,Cnd,,3,Sing,,,
respondi,responder,Fin,Ind,Past,1,Sing,,,
abatia,abater,Fin,Ind,Imp,3,Sing,,,
bajulou,bajular,Fin,Ind,Past,3,Sing,,,
lutar,lutar,Inf,,,3,Sing,,,
remetia,remeter,Fin,Ind,Imp,3,Sing,,,
Fingindo,fingir,Ger,,,,,,,
originados,originar,Part,,,,Plur,Masc,Pass,
fortificar,fortificar,Inf,,,,,,,
objetifica,objetificar,Fin,Ind,Pres,3,Sing,,,
licitados,licitar,Part,,,,Plur,Masc,Pass,
Planejar,planejar,Inf,,,3,Sing,,,
redesenha,redesenhar,Fin,Ind,Pres,3,Sing,,,
concordamos,concordar,Fin,Ind,Pres,1,Plur,,,
exclamar,exclamar,Inf,,,,,,,
Banhado,banhar,Part,,,,Sing,Masc,Pass,
apontado,apontar,Part,,,,,,,
situavam,situar,Fin,Ind,Imp,3,Plur,,,
defenderem,defender,Inf,,,3,Plur,,,
cancelem,cancelar,Fin,Sub,Pres,3,Plur,,,
namorasse,namorar,Fin,Sub,Imp,3,Sing,,,
recicla,reciclar,Fin,Ind,Pres,3,Sing,,,
amortecem,amortecer,Fin,Ind,Pres,3,Plur,,,
enalteciam,enaltecer,Fin,Ind,Past,3,Plur,,,
vetaram,vetar,Fin,Ind,Past,3,Plur,,,
Tratava,tratar,Fin,Ind,Imp,3,Sing,,,
Mereceu,merecer,Fin,Ind,Past,3,Sing,,,
Juntaram,juntar,Fin,Ind,Past,3,Plur,,,
despenalizou,despenalizar,Fin,Ind,Past,3,Sing,,,
engajadas,engajar,Part,,,,Plur,Fem,,
evoluída,evoluir,Part,,,,Sing,Fem,,
remunerado,remunerar,Part,,,,Sing,Masc,,
celerados,celerar,Part,,,,Plur,Masc,,
alterar,alterar,Inf,,,3,Sing,,,
excederia,exceder,Fin,Cnd,,3,Sing,,,
castrados,castrar,Part,,,,Plur,Masc,Pass,
assista,assistar,Fin,Sub,Pres,3,Sing,,,
Considerar,considerar,Inf,,,,,,,
balançando,balançar,Ger,,,,,,,
otimizadas,otimizar,Part,,,,Plur,Fem,Pass,
comentaria,comentar,Fin,Cnd,,3,Sing,,,
uniformizados,uniformizar,Part,,,,Plur,Masc,,
decidam,decidar,Fin,Sub,Pres,3,Plur,,,
Perguntei,perguntar,Fin,Ind,Past,1,Sing,,,
ouvisse,ouvir,Fin,Sub,Imp,3,Sing,,,
destilava,destilar,Fin,Ind,Imp,3,Sing,,,
descaso,descar,Fin,Ind,Pres,1,Sing,,,
beirou,beirar,Fin,Ind,Past,3,Sing,,,
ultrajados,ultrajar,Part,,,,Plur,Masc,,
regrada,regradar,Part,,,,Sing,Fem,,
preenchem,preencher,Fin,Ind,Pres,3,Plur,,,
escrevermos,escrever,Inf,,,1,Plur,,,
prevenido,prevenir,Part,,,,Sing,Masc,Pass,
Expor,expor,Inf,,,,,,,
melhoradas,melhorar,Part,,,,Plur,Fem,Pass,
votassem,votar,Fin,Sub,Imp,3,Plur,,,
evitados,evitar,Part,,,,Plur,Masc,,
Pretendo,pretender,Fin,Ind,Pres,1,Sing,,,
consumidos,consumir,Part,,,,Plur,Masc,,
refrigerados,refrigerar,Part,,,,Plur,Masc,Pass,
Entregue,entregar,Part,,,,Sing,Masc,Pass,
entendi,entender,Fin,Ind,Past,1,Sing,,,
enxergou,enxergar,Fin,Ind,Past,3,Sing,,,
dilui,diluir,Fin,Ind,Pres,3,Sing,,,
importe,importer,Fin,Sub,Pres,3,Sing,,,
provocados,provocar,Part,,,,Plur,Masc,,
declaradas,declarar,Part,,,,Plur,Fem,,
acertar,acertar,Inf,,,3,Sing,,,
rendesse,render,Fin,Sub,Imp,3,Sing,,,
creditou,creditar,Fin,Ind,Past,3,Sing,,,
duplicassem,duplicar,Fin,Sub,Pres,3,Plur,,,
triplicassem,triplicar,Fin,Sub,Pres,3,Plur,,,
enrascado,enrascar,Part,,,,Sing,Masc,,
amalgamada,amalgamar,Part,,,,Sing,Fem,,
Sentou,sentar,Fin,Ind,Past,3,Sing,,,
Parou,parar,Fin,Ind,Past,3,Sing,,,
Persegue,perseguir,Fin,Ind,Pres,3,Sing,,,
ignorado,ignorar,Part,,,,,,,
registrem,registrar,Fin,Sub,Pres,3,Plur,,,
personalizar,personalizar,Inf,,,,,,,
utilizei,utilizar,Fin,Ind,Past,1,Sing,,,
aparelhar,aparelhar,Inf,,,,,,,
Chamava,chamar,Fin,Ind,Imp,3,Sing,,,
enguiçou,enguiçar,Fin,Ind,Past,3,Sing,,,
Pense,pensar,Fin,Sub,Pres,3,Sing,,,
visualiza,visualizar,Fin,Ind,Pres,3,Sing,,,
encabeçado,encabeçar,Part,,,,Sing,Masc,,
comercializados,comercializar,Part,,,,Plur,Masc,Pass,
reencontrei,reencontrar,Fin,Ind,Past,1,Sing,,,
costurei,costurar,Fin,Ind,Past,1,Sing,,,
Divide,dividir,Fin,Ind,Pres,3,Sing,,,
extirpar,extirpar,Inf,,,,,,,
mandaria,mandar,Fin,Ind,,3,Sing,,,
recorrido,recorrer,Part,,,,Sing,Masc,,
falava,falar,Fin,Ind,Imp,1,Sing,,,
tributados,tributar,Part,,,,Plur,Masc,,
valeu,valer,Fin,Ind,Past,1,Sing,,,
separaram,separar,Fin,Ind,Past,3,Plur,,,
esperassem,esperar,Fin,Sub,Imp,3,Plur,,,
consigo,conseguir,Fin,Ind,Pres,3,Sing,,,
debateram,debater,Fin,Ind,Past,3,Plur,,,
tachado,tachar,Part,,,,Sing,Masc,Pass,
bandeado,bandear,Part,,,,,,,
sustentando,sustentar,Ger,,,,,,,
espremido,espremer,Part,,,,Sing,Masc,Pass,
descontinuados,descontinuar,Part,,,,Plur,Masc,,
Negligenciam,negligenciar,Fin,Ind,Pres,3,Plur,,,
movimente,movimentar,Fin,Sub,Pres,3,Sing,,,
polemizar,polemizar,Inf,,,,,,,
abatidos,abater,Part,,,,Plur,Masc,Pass,
coroada,coroar,Part,,,,Sing,Fem,,
personifica,personificar,Fin,Ind,Pres,3,Sing,,,
devastadas,devastar,Part,,,,Plur,Fem,Pass,
destroçada,destroçar,Part,,,,Sing,Fem,Pass,
consultam,consultar,Fin,Ind,Pres,3,Plur,,,
Orientam,orientar,Fin,Ind,Pres,3,Plur,,,
engajados,engajar,Part,,,,Plur,Masc,,
compreendido,compreender,Part,,,,Sing,Masc,Pass,
consumiram,consumir,Fin,Ind,Past,3,Plur,,,
imitem,imitar,Fin,Ind,Pres,3,Plur,,,
acomodados,acomodar,Part,,,,Plur,Masc,Pass,
capitaneado,capitanear,Part,,,,Sing,Masc,Pass,
lapidou,lapidar,Fin,Ind,Past,3,Sing,,,
incentivada,incentivar,Part,,,,Sing,Fem,Pass,
parecessem,parecer,Fin,Sub,Imp,3,Plur,,,
recorreriam,recorrer,Fin,Ind,Pres,3,Plur,,,
Melhora,melhor,Fin,Ind,Pres,3,Sing,,,
Escrita,escrever,Part,,,,Sing,Fem,Pass,
Liderados,liderar,Part,,,,Plur,Masc,,
continuamos,continuar,Fin,Ind,Pres,1,Plur,,,AUX
dirão,dizer,Fin,Ind,Fut,3,Plur,,,
humilhar,humilhar,Inf,,,,,,,
derrubava,derrubar,Fin,Ind,Imp,3,Sing,,,
irmos,ir,Inf,,,1,Plur,,,
cimentou,cimentar,Fin,Ind,Past,3,Sing,,,
tentava,tentar,Fin,Ind,Imp,1,Sing,,,
terceirizada,terceirizar,Part,,,,Sing,Fem,,
Rompido,romper,Part,,,,Sing,Masc,,
Assistia,assistir,Fin,Ind,Imp,3,Sing,,,
aprendam,aprender,Fin,Sub,Pres,3,Plur,,,
desesperou,desesperar,Fin,Ind,Past,3,Sing,,,
-façam,-façar,Fin,Ind,Pres,3,Plur,,,
valera,valer,Fin,Ind,Pres,3,Sing,,,
Escreva,escrever,Fin,Sub,Pres,3,Sing,,,
conter,conter,Inf,,,3,Sing,,,
resgatado,resgatar,Part,,,,Sing,Masc,,
prioriza,priorizar,Fin,Ind,Pres,3,Sing,,,
paguem,pagar,Fin,Sub,Pres,3,Plur,,,
vocifera,vociferar,Fin,Ind,Pres,3,Sing,,,
Dói,dar,Fin,Ind,Pres,1,Sing,,,
moço,moço,Fin,Ind,Pres,1,Sing,,,
atrapalharam,atrapalhar,Fin,Ind,Past,3,Plur,,,
menti,mentir,Fin,Ind,Past,1,Sing,,,
sabia,saber,Fin,Ind,Imp,1,Sing,,,
premeditada,premeditar,Part,,,,Sing,Fem,,
Regalado,regalar,Part,,,,Sing,Masc,,
dispensar,dispensar,Inf,,,3,Sing,,,
minerar,minerar,Inf,,,,,,,
arrumaria,arrumar,Fin,Cnd,,3,Sing,,,
analisava,analisar,Fin,Ind,Imp,3,Sing,,,
adiantava,adiantar,Fin,Ind,Imp,1,Sing,,,
desvirtuou,desvirtuar,Fin,Ind,Past,3,Sing,,,
estocar,estocar,Inf,,,,,,,
respirar,respirar,Inf,,,3,,,,
incorporadas,incorporar,Part,,,,Plur,Fem,Pass,
asfaltada,asfaltar,Part,,,,Sing,Fem,,
recitaram,recitar,Fin,Ind,Past,3,Plur,,,
cantaram,cantar,Fin,Ind,Past,3,Plur,,,
adequar,adequar,Inf,,,3,Sing,,,
atrelando,atrelar,Ger,,,,,,,
diria,dizer,Fin,Cnd,,1,Sing,,,
drogado,drogar,Part,,,,Sing,Masc,,
embelezar,embelezar,Inf,,,,,,,
legitimando,legitimar,Ger,,,,,,,
criasse,criar,Fin,Sub,Imp,3,Sing,,,
arriscado,arriscar,Part,,,,Sing,Masc,Pass,
lotada,lotar,Part,,,,Sing,Fem,,
delatados,delatar,Part,,,,Plur,Masc,,
desmontar,desmontar,Inf,,,,,,,
sobrevoou,sobrevoar,Fin,Ind,Past,3,Sing,,,
afogar,afogar,Inf,,,,,,,
editado,editar,Part,,,,,,,
Arrebatou,arrebatar,Fin,Ind,Past,3,Sing,,,
eivado,eivar,Part,,,,Sing,Masc,,
vividas,viver,Part,,,,Plur,Fem,Pass,
derretendo,derreter,Ger,,,,,,,
remanejado,remanejar,Part,,,,Sing,Masc,Pass,
aguardado,aguardar,Part,,,,Sing,Masc,Pass,
comentados,comentar,Part,,,,Plur,Masc,,
confirmar,confirmar,Fin,Sub,Fut,3,Sing,,,
resolvam,resolver,Fin,Sub,Pres,3,Plur,,,
filiar,filiar,Inf,,,3,Sing,,,
reutilizada,reutilizar,Part,,,,Sing,Fem,Pass,
traficar,traficar,Inf,,,,,,,
lida,ler,Part,,Pres,,Sing,Fem,,
costurando,costurar,Ger,,,,,,,
polariza,polarizar,Fin,Ind,Pres,3,Sing,,,
destacaremos,destacar,Fin,Ind,Pres,1,Plur,,,
maltadas,maltar,Part,,,,Plur,Fem,,
valorizado,valorizado,Part,,,,Sing,Masc,Pass,
insuflou,insuflar,Fin,Ind,Past,3,Sing,,,
compusesse,compor,Fin,Sub,Imp,3,Sing,,,
cercou,cercar,Fin,Ind,Past,3,Sing,,,
reajustou,reajustar,Fin,Ind,Past,3,Sing,,,
Construído,construir,Part,,,,Sing,Masc,Pass,
decorado,decorado,Part,,,,Sing,Masc,Pass,
congestionou,congestionar,Fin,Ind,Past,3,Sing,,,
Peguei,pegar,Fin,Ind,Past,1,Sing,,,
liguei,ligar,Fin,Ind,Past,1,Sing,,,
Questionados,questionar,Part,,,,Plur,Masc,,
ressurgido,ressurgir,Part,,,,Sing,Masc,,
divertindo,divertir,Ger,,,,,,,
aceitado,aceitar,Part,,,,,,,
desdobrada,desdobrar,Part,,,,Sing,Fem,Pass,
pergunte,perguntar,Fin,Sub,Pres,3,Sing,,,
duplica,duplicar,Fin,Ind,Pres,3,Sing,,,
valho,valer,Fin,Ind,Pres,1,Sing,,,
Trazer,trazer,Inf,,,,,,,
Costumo,costumar,Fin,Ind,Pres,1,Sing,,,
Iluminado,iluminar,Part,,,,Sing,Masc,,
vicejam,vicejar,Fin,Ind,Pres,3,Plur,,,
Concordar,concordar,Inf,,,,,,,
cancelam,cancel,Fin,Ind,Pres,3,Plur,,,
prejudicam,prejudicar,Fin,Ind,Pres,3,Plur,,,
violam,violar,Fin,Ind,Pres,3,Plur,,,
apegada,apegar,Part,,,,Sing,Fem,,
bater,bater,Fin,Sub,Fut,3,Sing,,,
Expandir,expandir,Inf,,,,,,,
desestruturar,desestruturar,Inf,,,,,,,
governará,governar,Fin,Ind,Fut,3,Sing,,,
politraumatizada,politraumatizar,Part,,,,Sing,Fem,,
Complementando,complementar,Ger,,,,,,,
multiplicaram,multiplicar,Fin,Ind,Past,3,Plur,,,
Gravando,gravar,Ger,,,,,,,
Relaxe,relaxar,Fin,Sub,Pres,3,Sing,,,
Acredite,acreditar,Fin,Sub,Pres,3,Sing,,,
quadrinizado,quadrinizar,Part,,,,Sing,Masc,,
custando,custar,Ger,,,,,,,
embaralha,embaralhar,Fin,Ind,Pres,3,Sing,,,
resumir,resumir,Inf,,,,,,,
Entende,entender,Fin,Ind,Pres,3,Sing,,,
estranhe,estranhar,Fin,Sub,Pres,3,Sing,,,
qualificados,qualificar,Part,,,,Plur,Masc,Pass,
Graduando,graduar,Part,,,,Sing,Masc,,
encrencados,encrencar,Part,,,,Plur,Masc,,
montadas,montar,Part,,,,Plur,Fem,,
esbaldavam,esbaldar,Fin,Ind,Imp,3,Plur,,,
Surgiram,surgir,Fin,Ind,Past,3,Plur,,,
receber,receber,Inf,,,3,,,,
compus,compor,Fin,Ind,Past,1,Sing,,,
Prendemos,prender,Fin,Ind,Pres,1,Plur,,,
precedidos,preceder,Part,,,,Plur,Masc,Pass,
Evita,evitar,Fin,Ind,Pres,3,Sing,,,
descumprir,descumprir,Inf,,,,,,,
dançavam,dançar,Fin,Ind,Imp,3,Plur,,,
apoderava,apoderar,Fin,Ind,Imp,3,Sing,,,
ofendido,ofender,Part,,,,Sing,Masc,,
roçando,roçar,Ger,,,,,,,
descreviam,descrever,Fin,Ind,Imp,3,Plur,,,
enfraquece,enfraquecer,Fin,Ind,Pres,3,Sing,,,
copiadas,copiar,Part,,,,Plur,Fem,,
educada,educar,Part,,,,Sing,Fem,,
Suponha,supor,Fin,Sub,Pres,3,Sing,,,
sentava,sentar,Fin,Ind,Imp,3,Sing,,,
Procurou,procurar,Fin,Ind,Past,3,Sing,,,
Empossada,empossar,Part,,,,Sing,Fem,,
Concentrar,concentrar,Inf,,,,,,,
cortar,cortar,Inf,,,3,Sing,,,
manchado,manchar,Part,,,,Sing,Masc,Pass,
saudada,saudar,Part,,,,Sing,Fem,Pass,
retirava,retirar,Fin,Ind,Imp,3,Sing,,,
respondido,responder,Part,,,,Sing,Masc,Pass,
azeitou,azeitar,Fin,Ind,Past,3,Sing,,,
comida,comida,Part,,,,Sing,Fem,Pass,
ofuscadas,ofuscar,Part,,,,Plur,Fem,Pass,
encorajavam,encorajar,Fin,Ind,Imp,3,Plur,,,
incentivadas,incentivar,Part,,,,Plur,Fem,Pass,
remontar,remontar,Inf,,,,,,,
visitar,visitar,Fin,Sub,Fut,3,Sing,,,
Paralisado,paralisar,Part,,,,Sing,Masc,Pass,
despachado,despachar,Part,,,,Sing,Masc,Pass,
adequavam,adequar,Fin,Ind,Imp,3,Plur,,,
resolvermos,resolver,Fin,Sub,Fut,1,Plur,,,
desencadeiam,desencadear,Fin,Ind,Pres,3,Plur,,,
solucionaremos,solucionar,Fin,Ind,Pres,1,Plur,,,
abolidas,abolidar,Part,,,,Plur,Fem,,
entregassem,entregar,Fin,Sub,Imp,3,Plur,,,
estimava,estimar,Fin,Ind,Imp,3,Sing,,,
uniformizadas,uniformizar,Part,,,,Plur,Fem,,
transcender,transcender,Inf,,,,,,,
suspeitos,suspeito,Part,,,,Plur,Masc,Pass,
simulavam,simular,Fin,Ind,Imp,3,Plur,,,
espremiam,espremer,Fin,Ind,Pres,3,Plur,,,
relembrado,relembrar,Part,,,,Sing,Masc,Pass,
cedinho,cedir,Part,,,,Sing,Masc,,
bebericar,bebericar,Inf,,,,,,,
saímos,sair,Fin,Ind,Pres,1,Plur,,,
empoderadas,empoderar,Part,,,,Plur,Fem,,
Atribuiu,atribuir,Fin,Ind,Past,3,Sing,,,
soterrar,soterrar,Inf,,,,,,,
supervisionados,supervisionar,Part,,,,Plur,Masc,Pass,
dificultou,dificultar,Fin,Ind,Past,3,Sing,,,
cogitavam,cogitar,Fin,Ind,Imp,3,Plur,,,
rolar,rolar,Inf,,,3,Sing,,,
objetificada,objetificar,Part,,,,Sing,Fem,Pass,
atropelar,atropelar,Inf,,,,,,,
Controlar,controlar,Inf,,,,,,,
fascinado,fascinar,Part,,,,Sing,Masc,Pass,
entrar,entrar,Fin,Sub,Fut,3,Sing,,,
crescerem,crescer,Inf,,,3,Plur,,,
ode,odar,Fin,Ind,Pres,3,Sing,,,
Perseguida,perseguir,Part,,,,Sing,Fem,,
Amo,amar,Fin,Ind,Pres,1,Sing,,,
censurar,censurar,Inf,,,,,,,
mandei,mandar,Fin,Ind,Past,1,Sing,,,
confessarem,confessar,Inf,,,3,Plur,,,
cometerem,cometer,Inf,,,3,Plur,,,
envelhecidas,envelhecer,Part,,,,Plur,Fem,,
traído,trazer,Part,,,,Sing,Masc,,
Levou,levar,Fin,Ind,Past,3,Sing,,,
feia,feio,Part,,,,Sing,Fem,,
remodelou,remodelar,Fin,Ind,Past,3,Sing,,,
destrancada,destrancar,Part,,,,Sing,Fem,,
sustentar,sustentar,Inf,,,3,Sing,,,
cantasse,cantar,Fin,Sub,Imp,3,Sing,,,
continuaremos,continuar,Fin,Ind,Pres,1,Plur,,,
vender-,vender-,Inf,,,,,,,
demorasse,demorar,Fin,Sub,Imp,3,Sing,,,
reconhecerá,reconhecer,Fin,Ind,Fut,3,Sing,,,
saltar,saltar,Fin,Sub,Fut,3,Sing,,,
Compro,comprar,Fin,Ind,Pres,1,Sing,,,
dispomos,dizer,Fin,Ind,Pres,1,Plur,,,
colhia,colher,Fin,Ind,Imp,3,Sing,,,
desequilibrada,desequilibrar,Part,,,,Sing,Fem,,
influenciava,influenciar,Fin,Ind,Imp,3,Sing,,,
vigiado,vigiar,Part,,,,Sing,Masc,Pass,
combatido,combater,Part,,,,Sing,Masc,,
denunciem,denunciar,Fin,Sub,Pres,3,Plur,,,
mascarar,mascarar,Inf,,,,,,,
rendia,render,Fin,Ind,Imp,3,Sing,,,
dizimou,dizimar,Fin,Ind,Past,3,Sing,,,
permanecido,permanecer,Part,,,,,,,
retrucarão,retrucar,Fin,Ind,Pres,3,Plur,,,
emenda,emenda,Fin,Ind,Pres,3,Sing,,,
sarar,sarar,Inf,,,,,,,
convidando,convidar,Ger,,,,,,,
atacado,atacar,Part,,,,,,,
povoar,povoar,Inf,,,,,,,
valido,valer,Part,,,,,,,
salvaguardar,salvaguardar,Inf,,,,,,,
qualificados,qualificar,Part,,,,Plur,Masc,,
influencie,influenciar,Fin,Sub,Pres,3,Sing,,,
acharia,achar,Fin,Cnd,,3,Sing,,,
arruinam,arruinar,Fin,Ind,Pres,3,Plur,,,
crescidas,crescer,Part,,,,Plur,Fem,,
oferecer,oferecer,Inf,,,3,Sing,,,
opõem,opor,Fin,Ind,Pres,3,Plur,,,
fumados,fumar,Part,,,,Plur,Masc,,
tornar,tornar,Fin,Sub,Fut,3,Sing,,,
asfixia,asfixiar,Fin,Ind,Pres,3,Sing,,,
interagiam,interagiar,Fin,Ind,Imp,3,Plur,,,
superarem,superar,Inf,,,3,Plur,,,
agregada,agregar,Part,,,,Sing,Fem,,
monitorizar,monitorizar,Inf,,,,,,,
abraçarem,abraçar,Inf,,,3,Plur,,,
banalizam,banalizar,Fin,Ind,Pres,3,Plur,,,
aplicaria,aplicar,Fin,Cnd,,3,Sing,,,
formaram,formar,Fin,Ind,Past,3,Plur,,,
advertem,advertir,Fin,Ind,Pres,3,Plur,,,
descredita,descreditar,Fin,Ind,Pres,3,Sing,,,
instrumentam,instrumentar,Fin,Ind,Pres,3,Plur,,,
adicionam,adicionar,Fin,Ind,Pres,3,Plur,,,
contorcida,contorcidar,Part,,,,Sing,Fem,,
desfocados,desfocar,Part,,,,Plur,Masc,,
interligado,interligar,Part,,,,Sing,Masc,,
sublinham,sublir,Fin,Ind,Pres,3,Plur,,,
educados,educar,Part,,,,Plur,Masc,,
inunda,inundar,Fin,Ind,Pres,3,Sing,,,
formatada,formatar,Part,,,,Sing,Fem,,
hesitaram,hesitar,Fin,Ind,Past,3,Plur,,,
Correspondendo,corresponder,Ger,,,,,,,
distanciada,distanciar,Part,,,,Sing,Fem,,
encantado,encantar,Part,,,,,,,
levarmos,levar,Inf,,,1,Plur,,,
preferiria,preferir,Fin,Cnd,,1,Sing,,,
virados,virar,Part,,,,Plur,Masc,,
calejada,calejar,Part,,,,Sing,Fem,Pass,
temperado,temperar,Part,,,,Sing,Masc,Pass,
deprimida,deprimido,Part,,,,Sing,Fem,Pass,
luto,luto,Fin,Ind,Pres,1,Sing,,,
colocamos,colocar,Fin,Ind,Pres,1,Plur,,,
desqualificado,desqualificar,Part,,,,Sing,Masc,,
imergiram,imergir,Fin,Ind,Past,3,Plur,,,
visitei,visitar,Fin,Ind,Past,1,Sing,,,
sugiro,sugir,Fin,Ind,Pres,1,Sing,,,
Olhei,olhar,Fin,Ind,Past,1,Sing,,,
olhava,olhar,Fin,Ind,Imp,1,Sing,,,
continuava,continuar,Fin,Ind,Imp,1,Sing,,,AUX
colapsar,colapsar,Inf,,,,,,,
souber,saber,Fin,Sub,Fut,3,Sing,,,
desliza,deslizar,Fin,Ind,Pres,3,Sing,,,
jurando,jurar,Ger,,,,,,,
terminar,terminar,Inf,,,3,Sing,,,
Empatar,empatar,Inf,,,,,,,
levarem,levar,Fin,Sub,Fut,3,Plur,,,
reunirem,reunir,Inf,,,3,Plur,,,
conteriam,conter,Fin,Ind,Pres,3,Plur,,,
tomasse,tomar,Fin,Sub,Imp,3,Sing,,,
vazassem,vazar,Fin,Sub,Imp,3,Plur,,,
Advertindo,advertir,Ger,,,,,,,
subestimam,subestimar,Fin,Ind,Pres,3,Plur,,,
Largue,larguir,Fin,Sub,Pres,3,Sing,,,
alienado,alienar,Part,,,,,,,
veríamos,ver,Fin,Ind,Past,1,Plur,,,
tratei,tratar,Fin,Ind,Past,1,Sing,,,
importunado,importunar,Part,,,,Sing,Masc,Pass,
escolhi...,escolher,Fin,Ind,Pres,1,Sing,,,
seguimos,seguir,Fin,Ind,Pres,1,Plur,,,
clicaram,clicar,Fin,Ind,Past,3,Plur,,,
reportarem,reportar,Inf,,,3,Plur,,,
sobrevoado,sobrevoar,Part,,,,,,,
liquidando,liquidar,Ger,,,,,,,
acumuladas,acumular,Part,,,,Plur,Fem,Pass,
alertado,alertar,Part,,,,Sing,Masc,,
amavam,amavar,Fin,Ind,Imp,3,Plur,,,
omitindo,omitir,Ger,,,,,,,
enviar,enviar,Inf,,,3,Sing,,,
customizados,customizar,Part,,,,Plur,Masc,,
comecem,comecer,Fin,Sub,Pres,3,Plur,,,AUX
nivelava,nivelar,Fin,Ind,Imp,3,Sing,,,
forçava,forçar,Fin,Ind,Imp,3,Sing,,,
felicitar,felicitar,Inf,,,,,,,
saltaria,saltar,Fin,Ind,Pqp,3,Sing,,,
brinquei,brinquar,Fin,Ind,Past,1,Sing,,,
apenar,apenar,Inf,,,,,,,
tributar,tributar,Inf,,,,,,,
controlavam,controlar,Fin,Ind,Imp,3,Plur,,,
dissolvem,dissolver,Fin,Ind,Pres,3,Plur,,,
modificando,modificar,Ger,,,,,,,
conciliam,conciliar,Fin,Ind,Pres,3,Plur,,,
tendiam,tender,Fin,Ind,Imp,3,Plur,,,AUX
colonizando,colonizar,Ger,,,,,,,
resultavam,resultar,Fin,Ind,Imp,3,Plur,,,
alagadas,alagar,Part,,,,Plur,Fem,,
congelado,congelar,Part,,,,,,,
Resultou,resultar,Fin,Ind,Past,3,Sing,,,
transportadas,transportar,Part,,,,Plur,Fem,,
temperada,temperar,Part,,,,Sing,Fem,,
confiavam,confiar,Fin,Ind,Imp,3,Plur,,,
desaguando,desaguar,Ger,,,,,,,
esfriando,esfriar,Ger,,,,,,,
explodem,explodar,Fin,Ind,Pres,3,Plur,,,
ocorrerem,ocorrer,Fin,Sub,Fut,3,Plur,,,
atenuará,atenuar,Fin,Ind,Fut,3,Sing,,,
degradou,degradar,Fin,Ind,Past,3,Sing,,,
rotulada,rotular,Part,,,,Sing,Fem,Pass,
navegou,navegar,Fin,Ind,Past,3,Sing,,,
desprovidas,desprover,Part,,,,Plur,Fem,,
proclamado,proclamar,Part,,,,Sing,Masc,Pass,
soprar,soprar,Inf,,,,,,,
pousam,pousar,Fin,Ind,Pres,3,Plur,,,
empurradas,empurrar,Part,,,,Plur,Fem,Pass,
indisputado,indisputar,Part,,,,Sing,Masc,,
cobriram,cobrir,Fin,Ind,Past,3,Plur,,,
desmoronar,desmoronar,Inf,,,,,,,
administradas,administrar,Part,,,,Plur,Fem,Pass,
lutado,lutar,Part,,,,,,,
ocultada,ocultar,Part,,,,Sing,Fem,Pass,
colonizadas,colonizar,Part,,,,Plur,Fem,Pass,
criariam,criar,Fin,Cnd,,3,Plur,,,
predito,preditar,Part,,,,Sing,Masc,,
revertido,reverter,Part,,,,Sing,Masc,Pass,
dragou,dragar,Fin,Ind,Past,3,Sing,,,
manipulavam,manipular,Fin,Ind,Imp,3,Plur,,,
agissem,agissar,Fin,Sub,Imp,3,Plur,,,
inspirando,inspirar,Ger,,,,,,,
regressassem,regressar,Fin,Sub,Imp,3,Plur,,,
apaixonou,apaixonar,Fin,Ind,Past,3,Sing,,,
embarcando,embarcar,Ger,,,,,,,
desperdiçado,desperdiçar,Part,,,,Sing,Masc,Pass,
desperdiçado,desperdiçar,Part,,,,Sing,Masc,,
encorajaria,encorajar,Fin,Ind,,3,Sing,,,
acreditarem,acreditar,Inf,,,3,Plur,,,
batizado,batizar,Part,,,,Sing,Masc,Pass,
expulsado,expulsar,Part,,,,,,,
assegurado,assegurar,Part,,,,,,,
cegou,cegar,Fin,Ind,Past,3,Sing,,,
libertaram,libertar,Fin,Ind,Past,3,Plur,,,
recrutado,recrutar,Part,,,,Sing,Masc,Pass,
forneciam,fornecer,Fin,Ind,Imp,3,Plur,,,
naturalizados,naturalizar,Part,,,,Plur,Masc,Pass,
flexibilizada,flexibilizar,Part,,,,Sing,Fem,,
inapropriado,inapropriar,Part,,,,Sing,Masc,,
renomear,renomear,Inf,,,,,,,
mudados,mudar,Part,,,,Plur,Masc,Pass,
proibir,proibir,Inf,,,3,Sing,,,
estourou,estourar,Fin,Ind,Past,3,Sing,,,
viajassem,viajar,Fin,Sub,Imp,3,Plur,,,
conferenciou,conferenciar,Fin,Ind,Past,3,Sing,,,
dissolvia,dissolver,Fin,Ind,Imp,3,Sing,,,
assistam,assistar,Fin,Sub,Pres,3,Plur,,,
pousando,pousar,Ger,,,,,,,
capturaram,capturar,Fin,Ind,Past,3,Plur,,,
insinuado,insinuar,Part,,,,Sing,Masc,,
Decidindo,decidir,Ger,,,,,,,
matriculou,matricular,Fin,Ind,Past,3,Sing,,,
filmava,filmar,Fin,Ind,Imp,3,Sing,,,
falido,faler,Part,,,,Sing,Masc,,
finalizada,finalizar,Part,,,,Sing,Fem,,
desintegrou,desintegrar,Fin,Ind,Past,3,Sing,,,
expostocomo,expostocar,Part,,,,Sing,Masc,Pass,
começado,começar,Part,,,,,,,AUX
encaixassem,encaixar,Fin,Sub,Imp,3,Plur,,,
teorizado,teorizar,Part,,,,Sing,Masc,Pass,
coprotagonizado,coprotagonizar,Part,,,,Sing,Masc,,
coprotagonizado,coprotagonizar,Part,,,,Sing,Masc,Pass,
estereotipado,estereotipar,Part,,,,Sing,Masc,,
trabalhasse,trabalhar,Fin,Sub,Imp,3,Sing,,,
Ganhando,ganhar,Ger,,,,,,,
discopermitiu,discopermitir,Fin,Ind,Past,3,Sing,,,
solto,soltar,Part,,,,Sing,Masc,Pass,
coprotagonizou,coprotagonizar,Fin,Ind,Past,3,Sing,,,
despreocupado,despreocupar,Part,,,,Sing,Masc,,
admirava,admirar,Fin,Ind,Imp,3,Sing,,,
reivindicado,reivindicar,Part,,,,Sing,Masc,,
subjugar,subjugar,Inf,,,,,,,
antecipada,antecipar,Part,,,,Sing,Fem,Pass,
cumpridas,cumprir,Part,,,,Plur,Fem,,
reembolsar,reembolsar,Inf,,,,,,,
incorridos,incorrer,Part,,,,Plur,Masc,Pass,
convencida,convencer,Part,,,,Sing,Fem,,
sacudir,sacudir,Inf,,,,,,,
tocado,tocar,Part,,,,Sing,Masc,Pass,
tateia,tatear,Fin,Ind,Pres,3,Sing,,,
delapidado,delapidar,Part,,,,Sing,Masc,,
descontinuada,descontinuar,Part,,,,Sing,Fem,Pass,
embutido,embutir,Part,,,,Sing,Masc,Pass,
anunciar,anunciar,Inf,,,3,Sing,,,
desaparecerão,desaparecer,Fin,Ind,Fut,3,Plur,,,
ativados,ativar,Part,,,,Plur,Masc,Pass,
subdesenvolvidos,subdesenvolver,Part,,,,Plur,Masc,,
documentaram,documentar,Fin,Ind,Past,3,Plur,,,
Visa,Visa,Fin,Ind,Pres,3,Sing,,,
assessora,assessora,Fin,Ind,Pres,3,Sing,,,
escrutinar,escrutinar,Inf,,,,,,,
reinforçado,reinforçar,Part,,,,Sing,Masc,,
adotam,adotar,Fin,Ind,Pres,3,Plur,,,
permanecesse,permanecer,Fin,Sub,Imp,3,Sing,,,
rir,rir,Inf,,,3,Sing,,,
obscureceu,obscurecer,Fin,Ind,Past,3,Sing,,,
negada,negar,Part,,,,Sing,Fem,,
alarmou,alarmar,Fin,Ind,Past,3,Sing,,,
movidas,mover,Part,,,,Plur,Fem,Pass,
enterradas,enterrar,Part,,,,Plur,Fem,Pass,
perseguiu,perseguir,Fin,Ind,Past,3,Sing,,,
honrado,honrar,Part,,,,Sing,Masc,Pass,
fortificada,fortificar,Part,,,,Sing,Fem,,
avistava,avistar,Fin,Ind,Imp,3,Sing,,,
emergir,emergir,Inf,,,,,,,
auto-governadas,auto-governar,Part,,,,Plur,Fem,,
isolada,isolar,Part,,,,Sing,Fem,Pass,
auto-governados,auto-governar,Part,,,,Plur,Masc,,
contruídos,contruir,Part,,,,Plur,Masc,Pass,
aliviando,aliviar,Ger,,,,,,,
Financiado,financiar,Part,,,,Sing,Masc,,
residiram,residir,Fin,Ind,Past,3,Plur,,,
removeu,remover,Fin,Ind,Past,3,Sing,,,
frustradas,frustrar,Part,,,,Plur,Fem,,
educado,educar,Part,,,,Sing,Masc,Pass,
aflorou,aflorar,Fin,Ind,Past,3,Sing,,,
caracterizariam,caracterizar,Fin,Ind,Imp,3,Plur,,,
expropriando,expropriar,Ger,,,,,,,
interceptados,interceptar,Part,,,,Plur,Masc,,
reinvindicar,reinvindicar,Inf,,,,,,,
entregaria,entregar,Fin,Cnd,,3,Sing,,,
desarmado,desarmar,Part,,,,,,,
fechar,fechar,Inf,,,3,Sing,,,
recomendada,recomendar,Part,,,,Sing,Fem,Pass,
adoto,adotar,Fin,Ind,Pres,1,Sing,,,
Analise,analisar,Fin,Sub,Pres,3,Sing,,,
romper,romper,Inf,,,3,Sing,,,
faturaram,faturar,Fin,Ind,Past,3,Plur,,,
encerro,encerrar,Fin,Ind,Pres,1,Sing,,,
dobra,dobrar,Fin,Ind,Pres,3,Sing,,,
reverte,revertir,Fin,Ind,Pres,3,Sing,,,
recomprar,recomprar,Inf,,,,,,,
capengando,capengar,Ger,,,,,,,
Sentindo,sentir,Ger,,,,,,,
Cuidado,cuidar,Part,,,,Sing,Masc,,
furar,furar,Fin,Sub,Fut,3,Sing,,,
Quiserem,querer,Fin,Sub,Pres,3,Plur,,,
favoritar,favoritar,Inf,,,,,,,
Vendam,vender,Fin,Sub,Pres,3,Plur,,,
Localiza,Localiza,Fin,Ind,Pres,3,Sing,,,
arbitrada,arbitrar,Part,,,,Sing,Fem,Pass,
capitalizada,capitalizar,Part,,,,Sing,Fem,,
testa,testar,Fin,Ind,Pres,3,Sing,,,
Rompeu,romper,Fin,Ind,Past,3,Sing,,,
hahahaha,hahah,Fin,Ind,Pres,1,Sing,,,
comento,comentar,Fin,Ind,Pres,1,Sing,,,
fêz,fazer,Fin,Ind,Past,3,Sing,,,
vender,vender,Inf,,,3,Sing,,,
hj,haver,Fin,Ind,Pres,1,Sing,,,
repicar,repicar,Inf,,,,,,,
tesar,tesar,Inf,,,,,,,
suporte,suporte,Fin,Sub,Pres,3,Sing,,,
alugadas,alugar,Part,,,,Plur,Fem,,
add,adir,Fin,Ind,Pres,3,Sing,,,
ferrando,ferrar,Ger,,,,,,,
eh,estar,Fin,Ind,Pres,1,Sing,,,
dev...,dever,Fin,Ind,Pres,3,Sing,,,
tomarem,tomar,Inf,,,3,Plur,,,
devera,dever,Fin,Ind,Pres,3,Sing,,,
abomino,abominar,Fin,Ind,Pres,1,Sing,,,
sacaneou,sacanear,Fin,Ind,Pres,3,Sing,,,
evitada,evitar,Part,,,,Sing,Fem,,
Veiculada,veicular,Part,,,,Sing,Fem,,
Extirpando,extirpar,Ger,,,,,,,
saneada,sanear,Part,,,,Sing,Fem,,
véi,vir,Fin,Ind,Pres,1,Sing,,,
pronunciasse,pronunciar,Fin,Sub,Imp,3,Sing,,,
Saberia,saber,Fin,Cnd,,3,Sing,,,
rebaixados,rebaixar,Part,,,,Plur,Masc,,
Demorou,demorar,Fin,Ind,Past,3,Sing,,,
investigará,investigar,Fin,Ind,Fut,3,Sing,,,
encilhado,encilhar,Part,,,,Sing,Masc,,
Comemora,comemorar,Fin,Ind,Pres,3,Sing,,,
mostrar,mostrar,Fin,Sub,Fut,3,Sing,,,
separado,separar,Part,,,,,,,
surpreendam,surpreender,Fin,Sub,Pres,3,Plur,,,
Vendi,vender,Fin,Ind,Past,1,Sing,,,
faliu,falir,Fin,Ind,Past,1,Sing,,,
Comprem,comprir,Fin,Sub,Pres,3,Plur,,,
Tá,estar,Fin,Ind,Pres,3,Sing,,,
implanta,implantar,Fin,Ind,Pres,3,Sing,,,
ajustadas,ajustar,Part,,,,Plur,Fem,,
socar,socar,Inf,,,,,,,
despistar,despistar,Inf,,,,,,,
to,to,Fin,Ind,Pres,1,Sing,,,
acompanho,acompanhar,Fin,Ind,Pres,1,Sing,,,
confie,confiar,Fin,Sub,Pres,3,Sing,,,
Ajudem,ajudar,Fin,Sub,Pres,3,Plur,,,
despencam,despencer,Fin,Ind,Pres,3,Plur,,,
discordo,discor,Fin,Ind,Pres,1,Sing,,,
adivinha,adivinhar,Fin,Ind,Pres,3,Sing,,,
puxa,puxar,Fin,Ind,Pres,3,Sing,,,
precifica,precificar,Fin,Ind,Pres,3,Sing,,,
Divulgamos,divulgar,Fin,Ind,Pres,1,Plur,,,
reinicia,reinicir,Fin,Ind,Pres,3,Sing,,,
Soprem,soprer,Fin,Sub,Pres,3,Plur,,,
VOLTEI,vilter,Fin,Ind,Past,1,Sing,,,
segurar,segurar,Inf,,,3,Sing,,,
Tô,ter,Fin,Ind,Pres,1,Sing,,,
Anuncia,anunciar,Fin,Ind,Pres,3,Sing,,,
poe,por,Fin,Ind,Pres,3,Sing,,,
achar,achar,Inf,,,3,,,,
voltando,voltar,Ger,,,,,,,AUX
fazen,fazer,Fin,Ind,Pres,3,Sing,,,
idolatrada,idolatrar,Part,,,,Sing,Fem,,
fechar,fechar,Fin,Sub,Fut,3,Sing,,,
Previsto,prever,Part,,,,Sing,Masc,,
evitado,evitar,Part,,,,Sing,Masc,,
Duvido,duvir,Fin,Ind,Pres,1,Sing,,,
bombando,bombar,Ger,,,,,,,
protocolou,protocolar,Fin,Ind,Past,3,Sing,,,
capitalizou,capitalizar,Fin,Ind,Past,3,Sing,,,
presenciamos,presencer,Fin,Ind,Pres,1,Plur,,,
5'fechar,5'fechar,Fin,Ind,Pres,3,Sing,,,
romper,romper,Fin,Sub,,3,Sing,,,
estava,estar,Fin,Ind,Imp,1,Sing,,,
aproveitei,aproveitar,Fin,Ind,Past,1,Sing,,,
valia,valer,Fin,Ind,Pres,3,Sing,,,
estopado,estopar,Part,,,,Sing,Masc,Pass,
Comprova,comprovar,Fin,Ind,Pres,3,Sing,,,
certifico,certificar,Fin,Ind,Pres,1,Sing,,,
complicam,complicar,Fin,Ind,Pres,3,Plur,,,
comé,comer,Fin,Ind,Pres,3,Sing,,,
envolvid,envolver,Fin,Ind,Pres,1,Sing,,,
Olha,olhar,Fin,Ind,Pres,3,Sing,,,
salve,salvar,Fin,Sub,Pres,3,Sing,,,
corroendo,corroer,Ger,,,,,,,
Inspirado,inspirar,Part,,,,Sing,Masc,,
repercutem,repercutir,Fin,Ind,Pres,3,Plur,,,
Errei,errar,Fin,Ind,Past,1,Sing,,,
perder,perder,Fin,Sub,Fut,3,Sing,,,
melado,melar,Part,,,,Sing,Masc,,
dopo,dopor,Fin,Ind,Pres,1,Sing,,,
Lembra,lembrar,Fin,Ind,Pres,3,Sing,,,
ativou,ativar,Fin,Ind,Past,3,Sing,,,
Postado,postar,Part,,,,Sing,Masc,,
alertei,alertar,Fin,Ind,Past,1,Sing,,,
perguntado,perguntar,Part,,,,,,,
Atualizando,atualizar,Ger,,,,,,,
atualizar,atualizar,Inf,,,,,,,
espalhará,espalhar,Fin,Ind,Fut,3,Sing,,,
Afunda,afundar,Fin,Ind,Pres,3,Sing,,,
...Tá,..utar,Fin,Ind,Pres,3,Sing,,,
revoga,revogar,Fin,Ind,Pres,3,Sing,,,
ve,vir,Fin,Sub,Pres,3,Sing,,,
doidera,doider,Fin,Ind,Pres,3,Sing,,,
Desculpem,desculpar,Fin,Ind,Pres,1,Plur,,,
Analise,analisar,Fin,Ind,Pres,3,Sing,,,
ANUNCIAR,anunciar,Inf,,,,,,,
resistindo,resistir,Ger,,,,,,,
abraço,abraço,Fin,Ind,Pres,1,Sing,,,
DECIDE,decider,Fin,Ind,Pres,3,Sing,,,
TERÁ,ter,Fin,Ind,Fut,3,Sing,,,AUX
REDUZIR,reduiir,Inf,,,,,,,
comprar,comprar,Inf,,,3,Sing,,,
salve,salvar,Fin,Ind,Pres,3,Sing,,,
repicou,repicar,Fin,Ind,Past,3,Sing,,,
vale5,vale5,Fin,Ind,Pres,3,Plur,,,
desculpe,desculpar,Fin,Ind,Pres,1,Sing,,,
Lembram,lembrar,Fin,Ind,Pres,3,Plur,,,
vale5,vale5,Fin,Ind,Pres,1,Plur,,,
interessou,interessar,Fin,Ind,Past,3,Sing,,,
montei,montar,Fin,Ind,Past,1,Sing,,,
antecipando,antecipar,Ger,,,,,,,
jogo,jogo,Fin,Ind,Pres,1,Sing,,,
fiquemos,ficar,Fin,Ind,Pres,1,Plur,,,
deliberaria,deliberar,Fin,Ind,,3,Sing,,,
espalh,espalar,Fin,Ind,Pres,3,Sing,,,
esticada,esticar,Part,,,,Sing,Fem,,
afirmamos,afirmar,Fin,Ind,Pres,1,Plur,,,
enganada,enganar,Part,,,,Sing,Fem,,
Zerei,zerar,Fin,Ind,Past,1,Sing,,,
cancelando,cancelar,Ger,,,,,,,
Renuncia,renunciar,Fin,Ind,Pres,3,Sing,,,
achem,achar,Fin,Sub,Pres,3,Plur,,,
apostar,apostar,Inf,,,3,Sing,,,
peidar,peidar,Inf,,,,,,,
borrar,borrar,Inf,,,3,Sing,,,
culpe,culpar,Fin,Sub,Pres,3,Sing,,,
ta,taver,Fin,Ind,Pres,3,Sing,,,
encoxar,encoxar,Inf,,,3,Sing,,,
enganam,enganar,Fin,Ind,Pres,3,Plur,,,
bobear,bobear,Inf,,,,,,,
RECOMENDADO,recomendado,Part,,,,Sing,Masc,Pass,
FAÇA,fazer,Fin,Sub,Pres,3,Sing,,,
'CORRENDO,qcorrender,Fin,Ind,Pres,3,Sing,,,
heim,hazer,Fin,Ind,Pres,3,Sing,,,
Torcendo,torcer,Ger,,,,,,,
recomendando,recomendar,Ger,,,,,,,
Abrimos,abrir,Fin,Ind,Pres,1,Plur,,,
divu...,divu.ir,Fin,Ind,Pres,3,Sing,,,
desvenda,desvender,Fin,Ind,Pres,3,Sing,,,
armando,armar,Ger,,,,,,,
pisco,pescer,Fin,Ind,Pres,1,Sing,,,
Caindo,cair,Ger,,,,,,,
desesperados,desesperar,Part,,,,Plur,Fem,,
postergado,postergar,Part,,,,Sing,Masc,,
queimar,queimar,Inf,,,3,Sing,,,
adicionaram,adicionar,Fin,Ind,Past,3,Plur,,,
Olho,Olho,Fin,Ind,Pres,1,Sing,,,
puder,poder,Fin,Sub,Pres,3,Sing,,,
boletando,boletar,Ger,,,,,,,
completar,completar,Fin,Sub,Fut,3,Sing,,,
amenizarem,amenizar,Fin,Sub,Fut,3,Plur,,,
PUSERAM,puserar,Fin,Ind,Pres,3,Plur,,,
administrando,administrar,Ger,,,,,,,
troca,troca,Fin,Ind,Pres,3,Sing,,,
generalizado,generalizar,Part,,,,Sing,Masc,,
surpreenderia,surpreender,Fin,Cnd,,3,Sing,,,
fei,saber,Fin,Ind,,,Sing,,,
Concluir,concluir,Inf,,,,,,,
Adivinhe,adivinhar,Fin,Sub,Pres,3,Sing,,,
pensas,pensar,Fin,Ind,Pres,1,Plur,,,
fatura,faturar,Fin,Ind,Pres,3,Sing,,,
chamei,chamar,Fin,Ind,Past,1,Sing,,,
sumiram,sumir,Fin,Ind,Past,3,Plur,,,
Compra,comprir,Fin,Ind,Pres,3,Sing,,,
Aproveitei,aproveitar,Fin,Ind,Past,1,Sing,,,
ha,ha,Fin,Ind,Pres,1,Sing,,,
cai..,cair,Fin,Ind,Pres,3,Sing,,,
fraudar,fraudar,Inf,,,,,,,
Sigo,ser,Fin,Ind,Pres,1,Sing,,,
avisaram,avisar,Fin,Ind,Past,3,Plur,,,
Desconsiderados,desconsiderar,Part,,,,Plur,Masc,,
pera,perar,Fin,Ind,Pres,3,Sing,,,
avalio,avaliar,Fin,Ind,Pres,1,Sing,,,
Estendeu,estender,Fin,Ind,Past,3,Sing,,,
bitributava,bitributar,Fin,Ind,Pres,3,Sing,,,
abriam,abrir,Fin,Ind,Imp,3,Plur,,,
alugaram,alugar,Fin,Ind,Past,3,Plur,,,
superar,superar,Inf,,,3,Sing,,,
atualizei,atualizar,Fin,Ind,Past,1,Sing,,,
alegra,alegrar,Fin,Ind,Pres,3,Sing,,,
Colocaria,colocar,Fin,Cnd,,3,Sing,,,
repica,repicar,Fin,Ind,Pres,3,Sing,,,
Publiquei,publicar,Fin,Ind,Past,1,Sing,,,
Rompendo,romper,Ger,,,,,,,
endividar,endividar,Inf,,,3,Sing,,,
LEMBRA,lembrar,Fin,Ind,Pres,3,Sing,,,
#vale5,#vale5,Fin,Ind,Pres,1,Sing,,,
acreditar,acreditar,Inf,,,3,Sing,,,
Divulgou,divulgar,Fin,Ind,Past,3,Sing,,,
abusado,abusar,Part,,,,Sing,Masc,Pass,
arrancadão,arrancadar,Part,,,,,,,
Aproveitem,aproveitar,Fin,Sub,Pres,3,Plur,,,
capitalizaram,capitalizar,Fin,Ind,Past,3,Plur,,,
Continuemos,continuar,Fin,Ind,Pres,1,Plur,,,
Vamoooo,vamoar,Fin,Ind,Pres,1,Sing,,,
repicada,repicar,Part,,,,Sing,Fem,,
performando,performar,Ger,,,,,,,
continuar,continuar,Fin,Sub,Fut,3,Sing,,,
embarga,embargar,Fin,Ind,Pres,3,Sing,,,
reajustará,reajustar,Fin,Ind,Fut,3,Sing,,,
associando,associar,Ger,,,,,,,
FORA,forar,Fin,Ind,Pres,1,Sing,,,
ô,ser,Fin,Ind,Pres,1,Sing,,,
Aprovar,aprovar,Inf,,,,,,,
paradinho,paradinhar,Part,,,,Sing,Masc,,
superfaturada,superfaturar,Part,,,,Sing,Fem,Pass,
avisem,avisar,Fin,Sub,Pres,3,Plur,,,
postada,postar,Part,,,,Sing,Fem,,
sobrevendida,sobrevender,Part,,,,Sing,Fem,,
ve,vir,Fin,Ind,Pres,3,Sing,,,
comentei,comentar,Fin,Ind,Past,1,Sing,,,
desconfiei,desconfiar,Fin,Ind,Past,1,Sing,,,
inflada,inflar,Part,,,,Sing,Fem,,
repicando,repicar,Ger,,,,,,,
FAÇAM,fazer,Fin,Sub,Pres,3,Plur,,,
Atualizado,atualizar,Part,,,,Sing,Masc,,
Alugou,alugar,Fin,Ind,Past,3,Sing,,,
acordando,acordar,Ger,,,,,,,
compare,comparar,Fin,Sub,Pres,3,Sing,,,
demorar,demorar,Inf,,,,,,,AUX
sentiria,sentir,Fin,Cnd,,3,Sing,,,
olhem,olhar,Fin,Sub,Pres,3,Plur,,,
darmos,dar,Fin,Sub,Pres,1,Plur,,,
agradeçam,agradeçar,Fin,Ind,Pres,3,Plur,,,
afirmo,afirmar,Fin,Ind,Pres,1,Sing,,,
beliscada,beliscar,Part,,,,Sing,Fem,,
subondo,subor,Ger,,,,,,,
evoluindo,evoluir,Ger,,,,,,,
desabarem,desabar,Fin,Sub,Pres,3,Plur,,,
rolar,rolar,Inf,,,,,,,
aprovarem,aprovar,Fin,Sub,Fut,3,Plur,,,
analisár,analisár,Inf,,,,,,,
pedalar,pedalar,Inf,,,,,,,
acionando,acionar,Ger,,,,,,,
recomendadas,recomendar,Part,,,,Plur,Fem,,
aporta,aportar,Fin,Ind,Pres,3,Sing,,,
Saíram,sair,Fin,Ind,Past,3,Plur,,,
Batemos,bater,Fin,Ind,Pres,1,Plur,,,
encolheu,encolher,Fin,Ind,Past,3,Sing,,,
procê,procer,Fin,Ind,Pres,3,Sing,,,
arrisco,arriscar,Fin,Ind,Pres,1,Sing,,,
baixar,baixar,Fin,Sub,Fut,3,Sing,,,
Arquiva,arquivar,Fin,Ind,Pres,3,Sing,,,
viado,viar,Part,,,,Sing,Masc,,
viado,viar,Part,,,,Sing,Masc,Pass,
Subir,subir,Inf,,,,,,,
vaza,vazer,Fin,Ind,Pres,3,Sing,,,
Expliquem,explicar,Fin,Sub,Pres,3,Plur,,,
Arrisquei,arrisquar,Fin,Ind,Past,1,Sing,,,
arrisque,arriscuir,Fin,Sub,Pres,3,Sing,,,
deixnado,deixnar,Part,,,,Sing,Masc,,
acordem,acordar,Fin,Sub,Pres,3,Plur,,,
recuam,recuar,Fin,Ind,Pres,3,Plur,,,
encurta,encurtar,Fin,Ind,Pres,3,Sing,,,
divugue,divugar,Fin,Sub,Pres,3,Sing,,,
recompre,recomprar,Fin,Ind,Pres,3,Sing,,,
separemo,separemer,Fin,Ind,Pres,1,Sing,,,
Manda,mandar,Fin,Ind,Pres,3,Sing,,,
segura,seguro,Fin,Ind,Pres,3,Sing,,,
subir,subir,Fin,Sub,Fut,3,Sing,,,
cancelei,cancelar,Fin,Ind,Past,1,Sing,,,
rsrsr,rsrsr,Fin,Ind,Pres,3,Sing,,,
@piacesiramos,@piacesir,Fin,Ind,Pres,1,Sing,,,
desaba,desar,Fin,Ind,Pres,3,Sing,,,
reaqueceram,reaquecer,Fin,Ind,Past,3,Plur,,,
reaqueceram,reaquecer,Fin,Ind,Imp,3,Plur,,,
vermos,ver,Fin,Sub,Pres,1,Plur,,,
hahahahaha,hahahahar,Fin,Ind,Pres,1,Sing,,,
ligarm,ligar,Fin,Ind,Pres,3,Sing,,,
visitar,visitar,Inf,,,3,Sing,,,
acreditava,acreditar,Fin,Ind,Imp,1,Sing,,,
...pedala,...pedal,Fin,Ind,Pres,3,Sing,,,
..va,..ir,Fin,Ind,Pres,3,Sing,,,
ferrou,ferrar,Fin,Ind,Past,3,Sing,,,
Parei,parar,Fin,Ind,Past,1,Sing,,,AUX
montar,montar,Fin,Sub,Fut,3,Sing,,,
morrer,morrer,Inf,,,,,,,AUX
beirar,beirar,Inf,,,,,,,
CARREGADO,carregar,Part,,,,Sing,Fem,,
atordoadas,atordoar,Part,,,,Plur,Fem,,
Ajustado,ajustar,Part,,,,Sing,Masc,,
postei,postar,Fin,Ind,Past,1,Sing,,,
aplicar,aplicar,Inf,,,3,Sing,,,
valiam,valer,Fin,Ind,Imp,3,Plur,,,
achar,achar,Fin,Sub,Fut,1,Sing,,,
zerando,zerar,Ger,,,,,,,
FUDERAM,fuderar,Fin,Ind,Past,3,Plur,,,
descer,descer,Fin,Sub,Fut,3,Sing,,,
Disparada,disparar,Part,,,,Sing,Fem,,
arrancada,arrancar,Part,,,,Sing,Fem,,
taxiando,taxiar,Ger,,,,,,,
abaixar,abaixar,Inf,,,,,,,
Capta,captar,Fin,Ind,Pres,3,Sing,,,
Estruturada,estruturar,Part,,,,Sing,Fem,,
torrar,torrar,Inf,,,,,,,
Erramos,errar,Fin,Ind,Pres,1,Plur,,,
Aguardando,aguardar,Ger,,,,,,,
servir,servir,Inf,Sub,Fut,3,Sing,,,
ligarm,ligar,Fin,Ind,Imp,3,Sing,,,
estopou,estopar,Fin,Ind,Past,3,Sing,,,
Continuaremos,continuar,Fin,Ind,Pres,1,Plur,,,
acionada,acionar,Part,,,,Sing,Fem,,
penalizada,penalizar,Part,,,,Sing,Fem,Pass,
rebaixa,rebaixar,Fin,Ind,Pres,3,Sing,,,
Veja,ver,Fin,Ind,Pres,3,Sing,,,
arrefecer,arrefecer,Inf,,,,,,,
errei,errer,Fin,Ind,Past,1,Sing,,,
Deixem,deixar,Fin,Sub,Pres,3,Plur,,,
raciocinar,raciocinar,Inf,,,3,Sing,,,
Analisem,analisar,Fin,Sub,Pres,3,Plur,,,
lindo,lir,Part,,,,Sing,Masc,,
revogado,revogar,Part,,,,,,,
Operar,operar,Inf,,,,,,,
Puxam,puxar,Fin,Ind,Pres,3,Plur,,,
Adiou,adiar,Fin,Ind,Past,3,Sing,,,
arrojada,arrojar,Part,,,,Sing,Fem,,
Inaugura,inaugurar,Fin,Ind,Pres,3,Sing,,,
recomendava,recomendar,Fin,Ind,Imp,3,Sing,,,
lateralizou,lateralizar,Fin,Ind,Past,3,Sing,,,
segure,segurar,Fin,Sub,Pres,3,Sing,,,
VI,vi,Fin,Ind,Past,1,Sing,,,
vamu,vamer,Fin,Ind,Pres,1,Sing,,,
ultrapassado,ultrapassar,Part,,,,,,,
vd,ver,Fin,Ind,Pres,3,Sing,,,
Invista,invistar,Fin,Sub,Pres,3,Sing,,,
Aprendeu,aprender,Fin,Ind,Past,3,Sing,,,
aciona,acionar,Fin,Ind,Pres,3,Sing,,,
FUDER,fuder,Fin,Sub,Fut,3,Plur,,,
perte,pertir,Fin,Ind,Pres,3,Sing,,,
distribuirá,distribuir,Fin,Ind,Fut,3,Sing,,,
ligar,ligar,Inf,,,3,Sing,,,
mentem,mentar,Fin,Ind,Pres,3,Plur,,,
Variou,variar,Fin,Ind,Past,3,Sing,,,
VAI,viir,Fin,Ind,Pres,3,Sing,,,
tbem,tbar,Fin,Ind,Pres,1,Sing,,,
indice,indicar,Fin,Ind,Pres,1,Sing,,,
faltará,faltar,Fin,Ind,Fut,3,Sing,,,
Remem,rememir,Fin,Ind,Pres,3,Plur,,,
detalha,detalhar,Fin,Ind,Pres,3,Sing,,,
descarrilando,descarrilar,Ger,,,,,,,
descolaram,descolar,Fin,Ind,Past,3,Plur,,,
compraria,comprar,Fin,Cnd,,3,Sing,,,
Conseguindo,conseguir,Ger,,,,,,,
testar,testar,Inf,,,3,Sing,,,
geou,ger,Fin,Ind,Past,3,Sing,,,
manjo,mair,Fin,Ind,Pres,1,Sing,,,
duvidou,duvidar,Fin,Ind,Past,3,Sing,,,
errar,errar,Fin,Sub,Fut,1,Sing,,,
quintuplica,quintuplicar,Fin,Ind,Pres,3,Sing,,,
repique,repiquar,Fin,Ind,Pres,1,Sing,,,
Opa,opar,Fin,Ind,Pres,3,Sing,,,
respeitar,respeitar,Fin,Sub,Fut,3,Sing,,,
tire,tirar,Fin,Sub,Pres,3,Sing,,,
comprada,comprar,Part,,,,Sing,Fem,,
avisei,avisar,Fin,Ind,Past,1,Sing,,,
Zerado,zerar,Part,,,,Sing,Masc,,
_Avisei,oavisar,Fin,Ind,Pres,1,Sing,,,
ACONTECE,acontecer,Fin,Ind,Pres,3,Sing,,,
PAGA,pagar,Fin,Ind,Pres,3,Sing,,,
ALERTAR,alertar,Inf,,,,,,,
Abertos,abrir,Part,,,,Plur,Masc,,
Encerrrados,encerrrar,Part,,,,Plur,Masc,,
despencando,despencar,Ger,,,,,,,
derruba,derrubar,Fin,Ind,Pres,3,Sing,,,
Lavando,lavar,Ger,,,,,,,
jaja,jar,Fin,Ind,Pres,3,Sing,,,
colocava,colocar,Fin,Ind,Imp,1,Sing,,,
entrada,entrada,Part,,,,Sing,Fem,Pass,
Cade,cader,Fin,Ind,Pres,3,Sing,,,
turbinar,turbinar,Inf,,,,,,,
Qta,étar,Fin,Ind,Pres,3,Sing,,,
repique,repiquar,Fin,Ind,Pres,3,Sing,,,
Valeu,valer,Fin,Ind,Past,1,Sing,,,
Chegando,chegar,Ger,,,,,,,
destruiam,destruir,Fin,Ind,Pres,3,Plur,,,
digitar,digitar,Inf,,,,,,,
papou,papar,Fin,Ind,Past,3,Sing,,,
vao,ir,Fin,Ind,Pres,1,Plur,,,
privatizou,privatizar,Fin,Ind,Past,3,Sing,,,
manipulando,manipular,Ger,,,,,,,
respeirou,respeirar,Fin,Ind,Past,3,Sing,,,
CANCELADO,cancelar,Part,,,,Sing,Masc,,
Realizei,realizar,Fin,Ind,Past,1,Sing,,,
Apostando,apostar,Ger,,,,,,,
alugada,alugar,Part,,,,Sing,Fem,,
descontão,descontar,Fin,Ind,Pres,1,Sing,,,
profetizou,profetizar,Fin,Ind,Past,3,Sing,,,
cagado,cagar,Part,,,,Sing,Masc,,
´foi,ser,Fin,Ind,Past,3,Sing,,,
Via,ver,Fin,Ind,Pres,3,Sing,,,
escancarada,escancarar,Part,,,,Sing,Fem,,
postar,postar,Inf,,,,,,,
hein..,heingir,Fin,Ind,Pres,1,Sing,,,
decair,decair,Inf,,,,,,,
pasar,pasar,Inf,,,,,,,
esperei,esperar,Fin,Ind,Past,1,Sing,,,
vendi...,vendi.ir,Fin,Ind,Pres,1,Sing,,,
xafurdam,xafurdar,Fin,Ind,Pres,3,Plur,,,
sacaneou,sacanear,Fin,Ind,Past,3,Sing,,,
inicio,iniciar,Fin,Ind,Pres,1,Sing,,,
retalham,retalhar,Fin,Ind,Pres,3,Plur,,,
INTERESSA,interissar,Fin,Ind,Pres,3,Sing,,,
acertei,acertar,Fin,Ind,Past,1,Sing,,,
superaria,superar,Fin,Cnd,,3,Sing,,,
acertarei,acertar,Fin,Ind,Past,1,Sing,,,
ultrapar,ultrapar,Inf,,,,,,,
respeitei,respeitar,Fin,Ind,Past,1,Sing,,,
acompanha...,acompanhar,Fin,Ind,Pres,3,Sing,,,
tou,ter,Fin,Ind,Pres,1,Sing,,,
beliscando,beliscar,Ger,,,,,,,
Tava,taver,Fin,Ind,Imp,1,Sing,,,
comecar,comecar,Inf,,,3,Sing,,,AUX
cobrava,cobrar,Fin,Ind,Imp,3,Sing,,,
Instalada,instalar,Part,,,,Sing,Fem,,
GANHARAM,ganhar,Fin,Ind,Pres,3,Plur,,,
garimpar,garimpar,Inf,,,,,,,
bêbado,bêbado,Part,,,,Sing,Masc,,
virar,virar,Fin,Sub,Fut,3,Sing,,,
desesperada,desesperar,Part,,,,Sing,Fem,,
ferrar,ferrar,Inf,,,,,,,
Lancei,lancar,Fin,Ind,Past,1,Sing,,,
Esqueçam,esqueçar,Fin,Sub,Pres,3,Plur,,,
depondo,depor,Ger,,,,,,,
tirem,tir,Fin,Sub,Pres,3,Plur,,,
Sugerindo,sugerir,Ger,,,,,,,
despencar,despencar,Inf,,,,,,,
Pagou,pagar,Fin,Ind,Past,3,Sing,,,
fiscalizada,fiscalizar,Part,,,,Sing,Fem,,
COMEÇAR,começar,Inf,,,,,,,AUX
encarteirou,encarteirar,Fin,Ind,Past,3,Sing,,,
arregaçou,arregaçar,Fin,Ind,Past,3,Sing,,,
venc,ver,Fin,Ind,Pres,3,Plur,,,
Antecipamos,antecipar,Fin,Ind,Pres,1,Plur,,,
Somado,somar,Ger,,,,,Masc,,
Roubada,roubar,Part,,,,Sing,Fem,,
atenha,atrinar,Fin,Sub,Pres,3,Sing,,,
abai,aboir,Fin,Ind,Pres,3,Sing,,,
deslumbrada,deslumbrar,Part,,,,Sing,Fem,,
concluidas,concluir,Part,,,,Plur,Fem,,
sair,sair,Inf,,,,,,,AUX
DANDO,dandor,Ger,,,,,,,
termino,termir,Fin,Ind,Pres,1,Sing,,,
cadê,cader,Fin,Ind,Pres,3,Sing,,,
Vendido,vender,Part,,,,Sing,Masc,,
péra,perar,Fin,Ind,Pres,3,Sing,,,
Postei,postar,Fin,Ind,Past,1,Sing,,,
fala..,falar,Fin,Ind,Pres,3,Sing,,,
cresciment,crescimenir,Fin,Ind,Pres,3,Sing,,,
SAIU,sair,Fin,Ind,Past,3,Sing,,,
monitoro,monitor,Fin,Ind,Pres,1,Sing,,,
Reconhece,reconhecer,Fin,Ind,Pres,3,Sing,,,
acionar,acionar,Inf,,,,,,,
atualizando,atualizar,Ger,,,,,,,
esperneando,espernear,Ger,,,,,,,
cairiam,cair,Fin,Cnd,,3,Plur,,,
amem,amar,Fin,Sub,Pres,3,Plur,,,
_Segue,osegar,Fin,Ind,Pres,3,Sing,,,
derrubam,derrubar,Fin,Ind,Pres,3,Plur,,,
desabar,desabar,Inf,,,3,Sing,,,
hahahahahaha,hahahahahah,Fin,Ind,Pres,1,Sing,,,
parabens,paraber,Fin,Ind,Pres,1,Plur,,,
suporte,suporte,Fin,Ind,Pres,3,Sing,,,
melhorar,melhorar,Inf,,,3,Sing,,,
rezemos,rezemir,Fin,Ind,Pres,1,Plur,,,
Recuperou,recuperar,Fin,Ind,Past,3,Sing,,,
recompram,recomprar,Fin,Ind,Pres,3,Plur,,,
Comprado,comprar,Part,,,,Sing,Masc,,
opero,operar,Fin,Ind,Pres,1,Sing,,,
Surgindo,surgir,Ger,,,,,,,
Corrige,corrigir,Fin,Ind,Pres,3,Sing,,,
adestrado,adestrar,Part,,,,Sing,Masc,Pass,
PERDER,perder,Fin,Sub,,3,Sing,,,
pregao,pregar,Fin,Ind,Pres,1,Sing,,,
Coloquei,colocar,Fin,Ind,Past,1,Sing,,,
Liderando,liderar,Ger,,,,,,,
Previa,prever,Fin,Ind,Pres,3,Sing,,,
consultou,consultar,Fin,Ind,Past,3,Sing,,,
arrojado,arrojado,Part,,,,Sing,Masc,Pass,
esbanja,esbanjar,Fin,Ind,Pres,3,Sing,,,
tava,taver,Fin,Ind,Imp,1,Sing,,,
movendo,mover,Ger,,,,,,,
LAVEI,laver,Fin,Ind,Past,1,Sing,,,
monitoro,monitor,Fin,Ind,Pres,3,Sing,,,
respec,resper,Fin,Ind,Pres,3,Sing,,,
deixem,deixar,Fin,Sub,Pres,3,Plur,,,AUX
Descobriram,descobrir,Fin,Ind,Past,3,Plur,,,
Respondendo,responder,Ger,,,,,,,
zerados,zerar,Part,,,,Plur,Masc,Pass,
pivotear,pivotear,Inf,,,,,,,
esticado,esticar,Part,,,,Sing,Masc,,
decepcione,decepcionar,Fin,Sub,Pres,3,Sing,,,
#vale5,#vale5,Fin,Ind,Pres,3,Sing,,,
atualizo,atualizar,Fin,Ind,Pres,1,Sing,,,
DEVOLVE,devolver,Fin,Ind,Pres,3,Sing,,,
agulhar,agulhar,Inf,,,,,,,
Vamu,vamer,Fin,Ind,Pres,1,Sing,,,
parando,parar,Ger,,,,,,,AUX
Permitida,permitir,Part,,,,Sing,Fem,,
Aproveitamos,aproveitar,Fin,Ind,Pres,1,Plur,,,
segurar,segurar,Fin,Sub,Fut,3,Sing,,,
coçando,coçar,Ger,,,,,,,
estuprada,estuprar,Part,,,,Sing,Fem,,
fiquemos,ficar,Fin,Sub,Pres,1,Plur,,,
acompanhas,acompanhar,Fin,Ind,Pres,1,Plur,,,
citei,citar,Fin,Ind,Past,1,Sing,,,
.Observar,.observar,Inf,,,,,,,
aumento,aumento,Fin,Ind,Pres,1,Sing,,,
Encerrei,encerrar,Fin,Ind,Past,1,Sing,,,
Confirmou,confirmar,Fin,Ind,Past,3,Sing,,,
credo,crender,Fin,Ind,Pres,3,Sing,,,
ponderado,ponderar,Part,,,,Sing,Masc,,
Simandou,simandar,Fin,Ind,Past,3,Sing,,,
Cotada,cotar,Part,,,,Sing,Fem,,
Sugeriu,sugerir,Fin,Ind,Past,3,Sing,,,
alugar,alugar,Inf,,,3,,,,
perderei,perder,Fin,Ind,Fut,1,Sing,,,
empolguei,empolguar,Fin,Ind,Past,1,Sing,,,
botar,botar,Inf,,,,,,,
qquer,qquerer,Fin,Sub,Pres,3,Sing,,,
enfraquecendo,enfraquecer,Ger,,,,,,,
pulei,pular,Fin,Ind,Past,1,Sing,,,
empurram,empurrar,Fin,Ind,Pres,3,Plur,,,
detonando,detonar,Ger,,,,,,,
SOBE,sober,Fin,Ind,Pres,3,Sing,,,
ganhar,ganhar,Inf,,,3,Sing,,,
reentrar,reentrar,Inf,,,,,,,
DOE,doir,Fin,Ind,Pres,3,Sing,,,
piorando,piorar,Ger,,,,,,,
informarei,informar,Fin,Ind,Fut,1,Sing,,,
gabando,gabar,Ger,,,,,,,
NEGOCIOU,negociar,Fin,Ind,Past,3,Sing,,,
Parecido,parecer,Part,,,,Sing,Masc,,
sobreviver,sobreviver,Fin,Sub,Fut,3,Sing,,,
estuprando,estuprar,Ger,,,,,,,
Levei,levar,Fin,Ind,Past,1,Sing,,,
rascunhada,rascunhar,Part,,,,Sing,Fem,,
cheirando,cheirar,Ger,,,,,,,
_aguardando,_aguardar,Ger,,,,,,,
pararem,parar,Inf,,,3,Plur,,,
Vamo,vimar,Fin,Ind,Pres,1,Sing,,,
Participar,participar,Inf,,,,,,,
piscando,piscar,Ger,,,,,,,
protocola,protocolar,Fin,Ind,Pres,3,Sing,,,
-encer,-encer,Fin,Ind,Pres,3,Sing,,,
Comparado,comparar,Part,,,,Sing,Masc,,
Cumprido,cumprir,Part,,,,Sing,Masc,,
suporte,suporte,Fin,Ind,Pres,1,Sing,,,
funfou,funfar,Fin,Ind,Past,3,Sing,,,
testam,testar,Fin,Ind,Pres,3,Plur,,,
ajuste,ajustar,Fin,Ind,Pres,3,Sing,,,
Ex,ear,Fin,Ind,Pres,3,Sing,,,
Permanecem,permanecer,Fin,Ind,Pres,3,Plur,,,
explodiria,explodir,Fin,Cnd,,3,Sing,,,
doida,doir,Part,,,,Sing,Fem,,
Observar,observar,Inf,,,,,,,
bosta,bôr,Fin,Ind,Pres,3,Sing,,,
piora,piora,Fin,Ind,Pres,3,Sing,,,
desconsiderei,desconsider,Fin,Ind,Pres,1,Sing,,,
achar,achar,Fin,,,3,Sing,,,
MEREÇO,mereçor,Fin,Ind,Pres,1,Sing,,,
cacetadas,cacetar,Part,,,,Plur,Fem,,
indice,indicar,Fin,Ind,Pres,3,Sing,,,
enfartar,enfartar,Inf,,,,,,,
eita,eitar,Fin,Ind,Pres,3,Sing,,,
comercializadas,comercializar,Part,,,,Plur,Fem,,
Explode,explodar,Fin,Ind,Pres,3,Sing,,,
precificado,precificar,Part,,,,,,,
pipocando,pipocar,Ger,,,,,,,
comentadas,comentar,Part,,,,Plur,Fem,Pass,
tímida,tímer,Part,,,,Sing,Fem,Pass,
Cadê,cader,Fin,Ind,Pres,3,Sing,,,
empurrado,empurrar,Part,,,,Sing,Masc,Pass,
trouxa,trouxar,Fin,Ind,Pres,3,Sing,,,
fala..,falar,Fin,Ind,Pres,1,Sing,,,
SUBIU,subir,Fin,Ind,Past,3,Sing,,,
acabarem,acabar,Inf,,,3,Plur,,,
shortando,shortar,Ger,,,,,,,
fudeo,fudir,Fin,Ind,Pres,3,Sing,,,
respondidos,responder,Part,,,,Plur,Masc,,
Entendeu,entender,Fin,Ind,Past,3,Sing,,,
cara,cara,Fin,Ind,Pres,3,Sing,,,
lido,ler,Fin,Ind,Pres,1,Sing,,,
Ricam,ricar,Fin,Ind,Pres,3,Sing,,,
feche,fechar,Fin,Sub,Pres,3,Sing,,,
espia,espear,Fin,Ind,Pres,3,Sing,,,
TER,ter,Inf,,,,,,,
grudado,grudar,Part,,,,Sing,Masc,,
Indicados,indicar,Part,,,,Plur,Masc,Pass,
Prevista,prever,Part,,,,Sing,Fem,,
Traça,traçar,Fin,Ind,Pres,3,Sing,,,
anotem,anotar,Fin,Sub,Pres,3,Plur,,,
retrasada,retrasar,Part,,,,Sing,Fem,,
rompendo,romper,Ger,,,,,,,
desovou,desovar,Fin,Ind,Past,3,Sing,,,
racha,rachar,Fin,Ind,Pres,3,Sing,,,
examinará,examinar,Fin,Ind,Fut,3,Sing,,,
impressionem,impressionar,Fin,Sub,Pres,3,Plur,,,
sobrecarregada,sobrecarregar,Part,,,,Sing,Fem,,
profissiona,profissionar,Fin,Ind,Pres,3,Sing,,,
decidi...,decidir,Fin,Ind,Pres,3,Sing,,,
acabo,acabar,Fin,Ind,Pres,1,Sing,,,AUX
COMPRAR,comprar,Inf,,,,,,,
agradeço,agradeçar,Fin,Ind,Pres,1,Sing,,,
estrutura,estrutura,Fin,Ind,Pres,3,Sing,,,
acordar,acordar,Inf,,,3,Sing,,,
descontadas,descontar,Part,,,,Plur,Fem,,
Ta,tar,Fin,Ind,Pres,3,Sing,,,
irritando,irritar,Ger,,,,,,,
EXERCIDO,exercido,Part,,,,Sing,Masc,Pass,
arrancar,arrancar,Inf,,,3,Sing,,,
pago,pagar,Part,,,,,,,
