text_id,num_words,num_bytes,num_tokens,tokens_per_word,average_nll,total_nll,ppl,bpb,model
0,153,999,268,1.7516339869281046,3.2904539108276367,878.551194190979,26.855050688060434,1.2687502012276297,Cabrita
1,173,1103,255,1.4739884393063585,3.4614646434783936,879.212019443512,31.863611185068386,1.149986237843269,Cabrita
2,156,945,227,1.455128205128205,3.7963619232177734,857.9777946472168,44.53885361699932,1.309841597386655,Cabrita
3,169,1018,244,1.4437869822485208,3.9526171684265137,960.4859719276428,52.07146845988243,1.3611869828520888,Cabrita
4,173,1070,235,1.3583815028901733,3.6006877422332764,842.5609316825867,36.6234132524409,1.136035960546965,Cabrita
5,203,1254,312,1.5369458128078817,3.4156270027160645,1062.259997844696,30.436026917664726,1.2221030550440701,Cabrita
6,157,1009,238,1.515923566878981,3.9337050914764404,932.2881066799164,51.09594252812794,1.333010335170343,Cabrita
7,148,1038,259,1.75,2.942725419998169,759.2231583595276,18.967470254584306,1.055228791419409,Cabrita
8,189,1236,275,1.4550264550264551,4.965303421020508,1360.4931373596191,143.3520396973844,1.5880070408027427,Cabrita
9,178,1149,286,1.6067415730337078,4.436184406280518,1264.3125557899475,84.45209126349843,1.5874825538483972,Cabrita
10,162,1014,225,1.3888888888888888,5.0241570472717285,1125.4111785888672,152.0420378286861,1.601208211352231,Cabrita
11,126,844,206,1.6349206349206349,3.8470287322998047,788.64089012146,46.85364149289341,1.3480667076072135,Cabrita
12,131,826,186,1.4198473282442747,5.489222049713135,1015.5060791969299,242.06881608321368,1.773687148244559,Cabrita
13,135,898,183,1.3555555555555556,5.085716247558594,925.6003570556641,161.6957119306016,1.4870367984067487,Cabrita
14,236,1472,367,1.555084745762712,4.374904155731201,1601.2149209976196,79.4322260637864,1.569337517609157,Cabrita
15,202,1331,313,1.5495049504950495,5.375229358673096,1677.0715599060059,215.98940567343178,1.8178082815118806,Cabrita
16,89,515,143,1.6067415730337078,4.965656280517578,705.1231918334961,143.40263175143448,1.9752965671339457,Cabrita
17,172,1193,220,1.2790697674418605,6.4037909507751465,1402.430218219757,604.1309329050872,1.6959590285150632,Cabrita
18,173,1266,349,2.0173410404624277,4.409550666809082,1534.5236320495605,82.2325054075218,1.7486963934319284,Cabrita
19,180,1215,271,1.5055555555555555,4.661496162414551,1258.6039638519287,105.7942491846792,1.4944705325863126,Cabrita
20,164,1100,259,1.579268292682927,5.496747016906738,1418.1607303619385,243.8972467954778,1.85997586625149,Cabrita
21,180,1241,257,1.4277777777777778,5.614182949066162,1437.2308349609375,274.2891793863624,1.6708185319990723,Cabrita
22,190,1257,286,1.5052631578947369,5.430074691772461,1547.5712871551514,228.1662869319526,1.7761920615758844,Cabrita
23,212,1428,324,1.528301886792453,5.032587051391602,1625.5256175994873,153.32917047825063,1.6422533244739146,Cabrita
24,167,1072,218,1.3053892215568863,5.704277038574219,1237.8281173706055,300.14840587047473,1.665866125376394,Cabrita
25,172,1252,281,1.6337209302325582,4.414784908294678,1236.1397743225098,82.66405864042602,1.4244191072369707,Cabrita
26,237,1485,377,1.590717299578059,5.075131893157959,1908.2495918273926,159.993292608456,1.8538870187931098,Cabrita
27,283,1798,442,1.5618374558303887,4.584761619567871,2021.8798742294312,97.97982788431338,1.622333741837598,Cabrita
28,218,1360,339,1.555045871559633,4.887093544006348,1651.8376178741455,132.56771135720467,1.752277896809462,Cabrita
29,255,1621,442,1.7333333333333334,4.354343414306641,1920.2654457092285,77.81571587403175,1.709042218207982,Cabrita
30,149,958,236,1.5838926174496644,4.5574469566345215,1071.0000348091125,95.33976230412294,1.6128668465668203,Cabrita
31,107,652,318,2.97196261682243,2.2320611476898193,707.5633838176727,9.319054244997314,1.5656413879576239,Cabrita
32,182,1268,404,2.21978021978022,3.7598559856414795,1515.2219622135162,42.94224123410294,1.7239772955295618,Cabrita
33,228,1575,483,2.1184210526315788,3.5695369243621826,1720.516797542572,35.50015009008612,1.5759879692576693,Cabrita
34,157,1145,365,2.3248407643312103,3.6565797328948975,1330.9950227737427,38.72865374413029,1.6770479640205866,Cabrita
35,132,936,293,2.2196969696969697,3.8157825469970703,1114.2085037231445,45.412279724921,1.7173750885018086,Cabrita
36,112,844,261,2.330357142857143,3.5074715614318848,911.94260597229,33.36380272100351,1.5588330275018731,Cabrita
37,91,628,321,3.5274725274725274,2.021660327911377,646.9313049316406,7.550851421115049,1.4861856455743692,Cabrita
38,164,966,247,1.5060975609756098,3.0640642642974854,753.7598090171814,21.41441437693117,1.1257200191413042,Cabrita
39,164,1017,243,1.4817073170731707,3.5824778079986572,866.959629535675,35.962538807909574,1.2298508930010337,Cabrita
40,162,911,236,1.4567901234567902,3.583331346511841,842.0828664302826,35.99324732339998,1.3335551870653481,Cabrita
41,167,974,243,1.4550898203592815,3.715283155441284,899.0985236167908,41.07021469286974,1.3317504941401772,Cabrita
42,164,960,235,1.4329268292682926,3.6564106941223145,855.6001024246216,38.722107653324755,1.2858021091167613,Cabrita
43,200,1129,319,1.595,3.454395294189453,1098.497703552246,31.639150518219395,1.403717616778335,Cabrita
44,161,934,261,1.6211180124223603,3.166175365447998,823.2055950164795,23.716603333296074,1.2715574192316097,Cabrita
45,163,1040,286,1.7546012269938651,2.7437732219696045,781.9753682613373,15.545531313223085,1.0847615248922617,Cabrita
46,250,1538,438,1.752,3.5529558658599854,1552.6417133808136,34.91637321866063,1.4564294539478824,Cabrita
47,300,1731,504,1.68,3.559343099594116,1790.3495790958405,35.14010601174761,1.492159710698563,Cabrita
48,202,1253,348,1.7227722772277227,4.166414260864258,1445.7457485198975,64.48381492154562,1.664621086812417,Cabrita
49,234,1487,439,1.876068376068376,3.766190767288208,1649.591556072235,43.21513440247206,1.6004422040603379,Cabrita
50,125,872,239,1.912,3.3070590496063232,787.0800538063049,27.304705489918536,1.302197810102035,Cabrita
51,116,656,303,2.6120689655172415,1.9685357809066772,594.4978058338165,7.16018472991132,1.3074375553289894,Cabrita
52,184,1107,317,1.7228260869565217,3.2929725646972656,1040.579330444336,26.92277451603453,1.356132465838845,Cabrita
53,179,1091,265,1.4804469273743017,3.7252252101898193,983.4594554901123,41.480573540810994,1.3004876987634697,Cabrita
54,166,938,237,1.427710843373494,3.9956483840942383,942.9730186462402,54.36107605659215,1.4503438141716705,Cabrita
55,175,1013,244,1.3942857142857144,3.8105902671813965,925.9734349250793,45.17709755570785,1.3187534872273754,Cabrita
56,176,1045,246,1.3977272727272727,3.853523015975952,944.1131389141083,47.15891251740639,1.3034137258846863,Cabrita
57,226,1294,350,1.5486725663716814,3.6454503536224365,1272.2621734142303,38.30001751979653,1.4184592954368813,Cabrita
58,171,1007,229,1.3391812865497077,3.7661068439483643,858.672360420227,43.21150779624179,1.2301910189937262,Cabrita
59,173,1150,296,1.7109826589595376,2.9386146068573,866.8913090229034,18.88965857283152,1.0875302543626824,Cabrita
60,161,961,248,1.5403726708074534,2.961559534072876,731.5052049160004,19.328091079944674,1.0981674625564815,Cabrita
61,158,1002,242,1.5316455696202531,3.5722873210906982,860.9212443828583,35.59792398361847,1.239567674518069,Cabrita
62,156,899,226,1.4487179487179487,3.4497194290161133,776.1868715286255,31.491555452425754,1.2456072862708196,Cabrita
63,160,959,229,1.43125,3.8268768787384033,872.527928352356,45.91890375239364,1.3126086707727473,Cabrita
64,156,928,216,1.3846153846153846,3.7137303352355957,798.4520220756531,41.00648952331292,1.24129609120292,Cabrita
65,185,1075,285,1.5405405405405406,3.1468942165374756,893.7179574966431,23.263700249626755,1.1994069444035538,Cabrita
66,155,929,219,1.4129032258064516,3.4510889053344727,752.337381362915,31.534711935992394,1.1683459732698238,Cabrita
67,151,985,256,1.695364238410596,2.7565479278564453,702.9197216033936,15.745394784112186,1.0295419253809814,Cabrita
68,156,1089,306,1.9615384615384615,3.5270566940307617,1075.7522916793823,34.02367800109019,1.4251446248216555,Cabrita
69,149,1086,355,2.38255033557047,3.170921802520752,1122.5063180923462,23.82944027347633,1.4911918033870692,Cabrita
70,128,945,247,1.9296875,4.071872711181641,1001.6806869506836,58.666725615643394,1.529227258855028,Cabrita
71,110,861,295,2.6818181818181817,2.4163010120391846,710.3924975395203,11.20433785769534,1.1903365078803614,Cabrita
72,108,784,239,2.212962962962963,3.4711410999298096,826.1315817832947,32.17343461003335,1.520224408368003,Cabrita
73,111,905,244,2.1981981981981984,3.104464530944824,754.3848810195923,22.297276276627567,1.2025937312359962,Cabrita
74,195,1311,446,2.287179487179487,2.9573636054992676,1316.026804447174,19.247161696001914,1.448226807362996,Cabrita
75,171,1248,355,2.0760233918128654,3.655673027038574,1294.1082515716553,38.69355416187603,1.4959964398364698,Cabrita
76,64,405,125,1.953125,4.48826265335083,556.5445690155029,88.96674545633434,1.9825286166724727,Cabrita
77,161,1179,338,2.099378881987578,3.540459156036377,1193.134735584259,34.48274851864679,1.4599911502457805,Cabrita
78,125,1023,294,2.352,3.329486846923828,975.5396461486816,27.924008735066224,1.3757636458350704,Cabrita
79,134,984,276,2.0597014925373136,3.5086967945098877,964.8916184902191,33.404706208741324,1.4146792205194763,Cabrita
80,114,949,251,2.2017543859649122,3.424588441848755,856.1471104621887,30.710003298132072,1.301537608572408,Cabrita
81,106,822,240,2.2641509433962264,2.8412156105041504,679.050530910492,17.136584292704708,1.1918039336466966,Cabrita
82,85,703,210,2.4705882352941178,3.6529500484466553,763.466560125351,38.58833576098733,1.5667843814756748,Cabrita
83,102,884,205,2.0098039215686274,3.3495032787323,683.2986688613892,28.48857924546519,1.11514886992348,Cabrita
84,170,1257,391,2.3,3.610308885574341,1408.020465373993,36.97747285892997,1.6160255710940572,Cabrita
85,163,1224,348,2.1349693251533743,4.225329875946045,1466.1894669532776,68.3970623732038,1.728157085765626,Cabrita
86,67,451,148,2.208955223880597,4.519108295440674,664.308919429779,91.75374425682321,2.1250447531699517,Cabrita
87,135,1139,343,2.5407407407407407,4.0475754737854,1384.270812034607,57.25846397045237,1.7533631569531745,Cabrita
88,224,1438,385,1.71875,3.5190651416778564,1351.3210144042969,33.75285956826281,1.3557330501600298,Cabrita
89,276,1679,447,1.6195652173913044,3.219233512878418,1435.7781467437744,25.008943799705033,1.2337045932840915,Cabrita
90,183,1207,313,1.710382513661202,3.5212206840515137,1098.6208534240723,33.8256937576839,1.313152325643836,Cabrita
91,239,1501,426,1.782426778242678,3.431321859359741,1458.31179022789,30.91748431634976,1.4016650152109815,Cabrita
92,130,873,226,1.7384615384615385,3.1864893436431885,716.9601023197174,24.203308619785602,1.184827931422566,Cabrita
93,97,571,271,2.7938144329896906,1.5381126403808594,415.29041290283203,4.655794814376524,1.049277441722672,Cabrita
94,188,1312,369,1.9627659574468086,3.951026678085327,1453.9778175354004,51.98871511888519,1.5988159961287198,Cabrita
95,227,1539,439,1.933920704845815,4.102231502532959,1796.777398109436,60.47508744914282,1.684341677604846,Cabrita
96,158,1151,340,2.151898734177215,4.177637100219727,1416.2189769744873,65.21158258860478,1.7751277974751816,Cabrita
97,197,1365,407,2.065989847715736,3.9402451515197754,1599.7395315170288,51.431208194016875,1.6907958159953487,Cabrita
98,118,882,248,2.1016949152542375,4.087825775146484,1009.6929664611816,59.61014484738822,1.651563532351489,Cabrita
99,96,615,298,3.1041666666666665,2.0733323097229004,615.7796959877014,7.951275131651194,1.4445240872871061,Cabrita
100,162,1033,243,1.5,3.485196352005005,843.4175171852112,32.62883321773605,1.1779228164975666,Cabrita
101,193,1114,292,1.5129533678756477,3.1573445796966553,918.7872726917267,23.508089117733395,1.189883161529847,Cabrita
102,140,898,205,1.4642857142857142,3.6095337867736816,736.344892501831,36.9488227688252,1.182985662356691,Cabrita
103,120,840,234,1.95,2.7928476333618164,650.7334985733032,16.327448251167006,1.1176309420619404,Cabrita
104,110,702,179,1.6272727272727272,3.5019466876983643,623.3465104103088,33.179980189424576,1.2810525916301896,Cabrita
105,126,930,186,1.4761904761904763,3.3118529319763184,612.6927924156189,27.435915287070266,0.9504611324800263,Cabrita
106,199,1265,344,1.728643216080402,3.0635364055633545,1050.7929871082306,21.403113574142136,1.1983982857722884,Cabrita
107,184,1182,267,1.451086956521739,4.121129512786865,1096.2204504013062,61.628813499118934,1.3379964530584014,Cabrita
108,77,439,120,1.5584415584415585,4.1441330909729,493.15183782577515,63.062928376130216,1.6206553777597363,Cabrita
109,164,1044,220,1.3414634146341464,3.9752471446990967,870.5791246891022,53.26327901626107,1.2030461550674543,Cabrita
110,180,1103,337,1.8722222222222222,3.428931713104248,1152.1210556030273,30.843675249352348,1.506944091951265,Cabrita
111,168,1116,286,1.7023809523809523,4.173238754272461,1189.3730449676514,64.92538933845027,1.5375471270088144,Cabrita
112,159,1015,252,1.5849056603773586,4.360434055328369,1094.4689478874207,78.2911097223099,1.5556501709597468,Cabrita
113,186,1153,268,1.4408602150537635,4.473993301391602,1194.5562114715576,87.70626218014428,1.4946923871232647,Cabrita
114,183,1113,292,1.5956284153005464,4.282122611999512,1246.097680091858,72.3939412863302,1.6152191765784056,Cabrita
115,215,1314,354,1.6465116279069767,3.9918971061706543,1409.139678478241,54.15753456112575,1.5471528356624251,Cabrita
116,165,1051,272,1.6484848484848484,4.085577487945557,1107.1914992332458,59.476274667379066,1.5198284350696674,Cabrita
117,205,1303,337,1.6439024390243901,3.738828420639038,1256.2463493347168,42.048697909114644,1.3909289165925252,Cabrita
118,138,955,267,1.934782608695652,4.074842929840088,1083.9082193374634,58.84123765986361,1.637433521274288,Cabrita
119,156,1074,264,1.6923076923076923,3.724778890609741,979.6168482303619,41.46206407952162,1.3159109580197574,Cabrita
120,131,860,231,1.7633587786259541,4.302452564239502,989.5640897750854,73.88076901415953,1.660045587163159,Cabrita
121,145,1082,287,1.9793103448275862,3.8974335193634033,1114.6659865379333,49.27582123998913,1.48625054623464,Cabrita
122,133,972,263,1.9774436090225564,4.106074333190918,1075.7914752960205,60.707930070077325,1.5967479695886735,Cabrita
123,161,1147,314,1.950310559006211,3.8457164764404297,1203.7092571258545,46.79219785101808,1.51402386741727,Cabrita
124,137,938,243,1.7737226277372262,4.066145420074463,984.00719165802,58.33168455441337,1.5134566051216434,Cabrita
125,129,1005,276,2.13953488372093,3.36685848236084,925.886082649231,28.98731969191004,1.3291256317076163,Cabrita
126,230,1355,354,1.5391304347826087,4.238875389099121,1496.3230123519897,69.32983888730078,1.593164420286532,Cabrita
127,267,1510,377,1.4119850187265917,4.078144073486328,1533.3821716308594,59.03580200343515,1.465035003178404,Cabrita
128,185,1130,278,1.5027027027027027,4.187525749206543,1159.9446325302124,65.85963594393947,1.4809259903160252,Cabrita
129,229,1354,368,1.6069868995633187,4.115355014801025,1510.3352904319763,61.273963565844646,1.6092712212598261,Cabrita
130,130,811,209,1.6076923076923078,3.7573726177215576,781.533504486084,42.83573215516534,1.3902768325655313,Cabrita
131,91,547,203,2.230769230769231,2.6746439933776855,540.2780866622925,14.50718426648635,1.42496620901036,Cabrita
132,308,1973,563,1.827922077922078,2.0269932746887207,1139.170220375061,7.591227275316449,0.8329828827488536,Cabrita
133,186,1094,329,1.7688172043010753,2.906364917755127,953.2876930236816,18.290191229394214,1.2571329316871536,Cabrita
134,225,1567,412,1.8311111111111111,2.2766664028167725,935.7098915576935,9.744143158430537,0.8614831016343548,Cabrita
135,311,2053,537,1.7266881028938907,2.3665413856506348,1268.4661827087402,10.66045803713205,0.8913832787770353,Cabrita
136,179,1229,331,1.8491620111731844,2.9718680381774902,980.7164525985718,19.528365276351895,1.1512406531181252,Cabrita
137,320,1968,555,1.734375,2.29946231842041,1273.9021244049072,9.968820962154387,0.9338680271630462,Cabrita
138,283,1863,526,1.8586572438162545,2.0839338302612305,1094.065260887146,8.03601915229027,0.847236997472236,Cabrita
139,333,2045,593,1.7807807807807807,2.30036997795105,1361.8190269470215,9.977873365138368,0.960728389615991,Cabrita
140,312,1957,562,1.8012820512820513,2.075240135192871,1164.2097158432007,7.966459256590656,0.8582522144106974,Cabrita
141,201,1240,372,1.8507462686567164,2.795442819595337,1037.10928606987,16.369876050304505,1.206639051510399,Cabrita
142,179,1105,311,1.7374301675977655,3.2110862731933594,995.4367446899414,24.806017706534615,1.2996485566360467,Cabrita
143,96,630,176,1.8333333333333333,3.371018648147583,589.928263425827,29.108162937223156,1.350931079562982,Cabrita
144,317,1721,604,1.9053627760252365,2.9314804077148438,1767.6826858520508,18.755375557274625,1.4818286140290744,Cabrita
145,311,1749,637,2.0482315112540195,2.820347785949707,1793.7411918640137,16.782686439824158,1.4796006415897491,Cabrita
146,329,1820,574,1.7446808510638299,3.256133556365967,1865.764527797699,25.949012537056298,1.4789721053408125,Cabrita
147,102,494,155,1.5196078431372548,4.130794525146484,636.1423568725586,62.22734448882252,1.8578125982984968,Cabrita
148,310,1849,651,2.1,2.649394989013672,1722.1067428588867,14.145477886432174,1.343685699190893,Cabrita
149,302,1821,649,2.1490066225165565,2.6751410961151123,1733.4914302825928,14.51439762023798,1.3733660021374041,Cabrita
150,304,1782,600,1.9736842105263157,2.9204659461975098,1749.3591017723083,18.549928715159385,1.4162691924022899,Cabrita
151,156,1212,477,3.0576923076923075,4.300546646118164,2047.060203552246,73.74009241929701,2.4367026436187933,Cabrita
152,168,1101,471,2.8035714285714284,4.486706256866455,2108.751940727234,88.82838562578662,2.7632025134896985,Cabrita
153,158,1134,464,2.9367088607594938,3.9645423889160156,1835.5831260681152,52.696149529202614,2.335261616506112,Cabrita
154,123,865,357,2.902439024390244,3.7680842876434326,1341.438006401062,43.29704066022769,2.237324808664497,Cabrita
155,129,910,362,2.806201550387597,4.655256748199463,1680.547686100006,105.13621006655868,2.6643052886965948,Cabrita
156,149,1145,434,2.912751677852349,3.521526336669922,1524.8209037780762,33.83603424976915,1.9212677346065135,Cabrita
157,209,1266,519,2.4832535885167464,3.7764816284179688,1956.2174835205078,43.662151499760434,2.229245862855706,Cabrita
158,199,1271,499,2.507537688442211,4.313302993774414,2148.024890899658,74.68677192355241,2.4381942232942517,Cabrita
159,85,486,199,2.3411764705882354,4.403165340423584,871.8267374038696,81.7090968665647,2.5880249188620725,Cabrita
160,179,1242,491,2.7430167597765363,4.096211910247803,2007.1438360214233,60.11214555634622,2.3314786300957797,Cabrita
161,317,1779,467,1.473186119873817,3.4393205642700195,1602.723382949829,31.16577583145363,1.2997420328828002,Cabrita
162,312,1641,435,1.3942307692307692,3.076622247695923,1335.2540555000305,21.685031885833787,1.1738966509425781,Cabrita
163,326,1795,471,1.4447852760736197,3.231489896774292,1518.8002514839172,25.31734912207392,1.220705064577581,Cabrita
164,338,1760,482,1.4260355029585798,3.352226734161377,1612.4210591316223,28.566272370136865,1.3217226510421147,Cabrita
165,213,1095,265,1.244131455399061,3.396231174468994,896.6050300598145,29.85138312075988,1.1813037721492186,Cabrita
166,296,1566,416,1.4054054054054055,3.531893253326416,1465.7357001304626,34.18863412567904,1.3503254315658564,Cabrita
167,326,1755,505,1.549079754601227,3.414942502975464,1721.1310214996338,30.415200593754495,1.4148530993946882,Cabrita
168,310,1571,404,1.303225806451613,3.4575202465057373,1393.3806593418121,31.73817599928511,1.2795820288370632,Cabrita
169,336,1879,520,1.5476190476190477,3.0616347789764404,1588.9884502887726,21.36245151860321,1.220024351922007,Cabrita
170,257,1736,491,1.9105058365758756,3.30423903465271,1619.0771269798279,27.227814280269804,1.3455268098563065,Cabrita
171,261,1525,435,1.6666666666666667,3.7345361709594727,1620.7886981964111,41.86860118553965,1.5333139785028465,Cabrita
172,262,1640,393,1.5,3.152311086654663,1235.705945968628,23.390058616783527,1.0870407562475275,Cabrita
173,284,1582,460,1.619718309859155,3.6169822216033936,1660.1948397159576,37.22506116196561,1.514004337653388,Cabrita
174,263,1517,484,1.8403041825095057,3.9484922885894775,1907.1217753887177,51.857122289563826,1.813708060464508,Cabrita
175,265,1434,385,1.4528301886792452,4.4842448234558105,1721.9500122070312,88.61000933919317,1.7323910343582805,Cabrita
176,269,1419,409,1.520446096654275,4.163429260253906,1698.6791381835938,64.29161769178117,1.7270443754186109,Cabrita
177,264,1453,430,1.628787878787879,4.137821674346924,1775.1254982948303,62.666165346937184,1.7625359623850667,Cabrita
178,217,1294,371,1.7096774193548387,4.099216461181641,1516.710090637207,60.29302715733103,1.690997006359002,Cabrita
179,217,1416,619,2.8525345622119818,4.667214393615723,2884.3384952545166,106.40093810188569,2.938715284850866,Cabrita
180,260,1619,727,2.796153846153846,4.009531021118164,2910.919521331787,55.121013909356485,2.593927830668465,Cabrita
181,176,1219,541,3.0738636363636362,4.540867328643799,2452.0683574676514,93.77209608414111,2.9020400814104406,Cabrita
182,214,1380,610,2.850467289719626,4.294149875640869,2615.1372742652893,73.2698994347224,2.7339460701640683,Cabrita
183,121,826,362,2.9917355371900825,4.3878493309021,1584.013608455658,80.46717448590115,2.766644767093959,Cabrita
184,83,570,285,3.433734939759036,4.006552219390869,1137.8608303070068,54.95706364680677,2.879975749308276,Cabrita
185,244,1421,463,1.8975409836065573,3.39965558052063,1570.640878200531,29.953781604697227,1.5946205531297626,Cabrita
186,283,1583,501,1.7703180212014133,3.125655174255371,1562.8275871276855,22.774811676794037,1.4243105557255693,Cabrita
187,199,1221,409,2.0552763819095476,2.7610671520233154,1126.5153980255127,15.816712782368533,1.3310550190143031,Cabrita
188,240,1434,472,1.9666666666666666,3.2710120677948,1540.6466839313507,26.337981682105717,1.5499883756414128,Cabrita
189,142,854,262,1.8450704225352113,2.760136127471924,720.3955292701721,15.801993887335366,1.216991870675243,Cabrita
190,93,570,284,3.053763440860215,1.7045384645462036,482.3843854665756,5.498847168529703,1.220936071429647,Cabrita
191,224,1790,753,3.361607142857143,3.931779146194458,2956.6979179382324,50.997629242081324,2.38302425900347,Cabrita
192,221,1584,671,3.0361990950226243,4.5101118087768555,3021.774911880493,90.93198493618391,2.752209393972646,Cabrita
193,212,1610,694,3.2735849056603774,3.7437777519226074,2594.437982082367,42.25732670574583,2.3248340438783854,Cabrita
194,244,1631,694,2.8442622950819674,4.168776988983154,2888.962453365326,64.63635277605181,2.5554210942885156,Cabrita
195,228,1575,699,3.0657894736842106,3.640777587890625,2541.2627563476562,38.12146799533367,2.3277886832879884,Cabrita
196,231,1408,603,2.6103896103896105,4.101545333862305,2469.1302909851074,60.43360557218989,2.529973029909757,Cabrita
197,221,1437,623,2.819004524886878,4.142862796783447,2576.860659599304,62.98287076376942,2.5870731347708973,Cabrita
198,242,1484,619,2.5578512396694215,4.454351425170898,2752.7891807556152,86.00035508762866,2.6761693394130175,Cabrita
199,206,1383,598,2.9029126213592233,4.073195934295654,2431.6979727745056,58.74440616601703,2.5366584282440527,Cabrita
200,233,1373,426,1.8283261802575108,4.1047515869140625,1744.5194244384766,60.627681967241706,1.8330732136721477,Cabrita
201,272,1501,434,1.5955882352941178,4.208961486816406,1822.480323791504,67.28662546529054,1.751687758328924,Cabrita
202,195,1155,353,1.8102564102564103,4.200392246246338,1478.538070678711,66.71249363471215,1.8468221145746426,Cabrita
203,230,1375,438,1.9043478260869566,3.9464714527130127,1724.6080248355865,51.752433371578704,1.8095152326600807,Cabrita
204,131,821,235,1.7938931297709924,3.7779312133789062,884.0359039306641,43.72548939367492,1.5534643295597577,Cabrita
205,96,578,280,2.9166666666666665,2.6503140926361084,739.4376318454742,14.158485022936178,1.8456453365227419,Cabrita
206,454,1834,782,1.722466960352423,3.7130777835845947,2899.9137489795685,40.979739399740616,2.281183852049371,Cabrita
207,323,1333,574,1.7770897832817338,3.8764119148254395,2221.184027194977,48.25077620594486,2.403969378046489,Cabrita
208,487,2119,987,2.026694045174538,3.0781497955322266,3035.0556983947754,21.718182122211026,2.066380276024508,Cabrita
209,463,2041,911,1.9676025917926565,3.3269593715667725,3027.533028125763,27.853520607145228,2.140032771094848,Cabrita
210,494,2220,1035,2.0951417004048585,3.172485589981079,3280.350100040436,23.86673360518499,2.1317769467152936,Cabrita
211,137,579,257,1.8759124087591241,3.667243003845215,938.814208984375,39.14383754719401,2.3392445658339427,Cabrita
212,500,2390,1204,2.408,2.5209550857543945,3032.7089681625366,12.44047270961647,1.8306586564132121,Cabrita
213,414,1844,837,2.0217391304347827,2.97271466255188,2485.1894578933716,19.54490546706318,1.9443440925012465,Cabrita
214,419,1767,792,1.8902147971360381,3.173848867416382,2510.514454126358,23.899292773110123,2.0497491528286136,Cabrita
215,454,1883,834,1.8370044052863437,3.4430668354034424,2868.0746738910675,31.282750249938506,2.1974280982059873,Cabrita
216,406,1759,848,2.0886699507389164,2.821626901626587,2389.917985677719,16.8041671723916,1.9601607879866891,Cabrita
217,433,1883,882,2.0369515011547343,2.8231005668640137,2487.151599407196,16.828949145078397,1.9055768870970875,Cabrita
218,348,2029,689,1.9798850574712643,2.8128726482391357,1935.2563819885254,16.6577012702001,1.3760398152506472,Cabrita
219,347,1899,665,1.9164265129682998,2.6527016162872314,1761.3938732147217,14.192329126514675,1.3381538735856149,Cabrita
220,362,2125,804,2.2209944751381214,2.557467222213745,2053.6461794376373,12.903095221188652,1.3942518394424686,Cabrita
221,381,1971,714,1.874015748031496,2.8392021656036377,2024.3511440753937,17.102115436664178,1.481745995218402,Cabrita
222,215,1202,431,2.0046511627906978,2.7044479846954346,1162.9126334190369,14.946063956870768,1.3957806066728533,Cabrita
223,315,1793,631,2.003174603174603,2.84108567237854,1789.8839735984802,17.13435774172241,1.4401878039471054,Cabrita
224,349,1972,746,2.1375358166189113,2.691411256790161,2005.10138630867,14.752480775159,1.4669116767277404,Cabrita
225,341,1859,681,1.997067448680352,2.6255459785461426,1785.371265411377,13.812113245306344,1.3855547448922254,Cabrita
226,381,2167,758,1.989501312335958,2.5343854427337646,1918.5297801494598,12.608679710788097,1.2772742960864878,Cabrita
227,153,1098,355,2.320261437908497,2.4293272495269775,859.98184633255,11.351242956609184,1.129955869725414,Cabrita
228,183,1097,363,1.9836065573770492,3.1740379333496094,1149.0017318725586,23.90381174237986,1.5110839567414502,Cabrita
229,166,1075,333,2.0060240963855422,2.564959764480591,851.5666418075562,13.000135291951695,1.1428381126718414,Cabrita
230,133,891,324,2.43609022556391,2.3559930324554443,760.9857494831085,10.548598763290462,1.2321777407030883,Cabrita
231,124,832,263,2.120967741935484,2.7329294681549072,716.0275206565857,15.377870080206563,1.241597780277976,Cabrita
232,163,1159,323,1.98159509202454,1.9384688138961792,624.1869580745697,6.948103981192409,0.7769727601395592,Cabrita
233,218,1282,443,2.032110091743119,2.647120952606201,1170.027461051941,14.11334710185066,1.3166870637781123,Cabrita
234,210,1330,394,1.8761904761904762,3.1060495376586914,1220.6774682998657,22.33264563215525,1.3241092707076023,Cabrita
235,98,507,173,1.7653061224489797,3.3385164737701416,574.2248334884644,28.177293928440697,1.6339868237260322,Cabrita
236,190,1198,361,1.9,2.5010809898376465,900.3891563415527,12.195670233297488,1.0842963027747543,Cabrita
237,323,1972,573,1.7739938080495357,2.6104586124420166,1493.1823263168335,13.605288976082553,1.0923969256188344,Cabrita
238,231,1293,413,1.7878787878787878,3.3111000061035156,1364.1732025146484,27.41526585132933,1.5221082089570757,Cabrita
239,334,2165,599,1.7934131736526946,2.346052646636963,1402.9394826889038,10.444261059398722,0.9348793692113669,Cabrita
240,316,1981,603,1.9082278481012658,3.074571132659912,1850.891821861267,21.640598974959882,1.3479416721964608,Cabrita
241,306,2064,657,2.1470588235294117,2.627758026123047,1723.8092651367188,13.842700114275058,1.2049084681449576,Cabrita
242,85,538,162,1.9058823529411764,2.8376612663269043,456.8634638786316,17.075783092312623,1.2251201741655313,Cabrita
243,313,1841,622,1.987220447284345,2.9270448684692383,1817.694863319397,18.672369577153805,1.4244320288757395,Cabrita
244,323,1720,519,1.6068111455108358,3.117199182510376,1614.7091765403748,22.583040009776685,1.354379605507384,Cabrita
245,312,1772,500,1.6025641025641026,2.885329484939575,1439.779412984848,17.909467523322768,1.1722136676564692,Cabrita
246,313,1774,510,1.6293929712460065,3.6472079753875732,1856.4288594722748,38.367393657732634,1.5097298248724944,Cabrita
247,312,1807,518,1.6602564102564104,2.937548875808716,1518.712768793106,18.86953800065693,1.212528710610161,Cabrita
248,317,1755,571,1.8012618296529967,2.786543369293213,1588.3297204971313,16.224839482051163,1.3056839949047094,Cabrita
249,261,1938,876,3.3563218390804597,3.986745595932007,3488.402396440506,53.879258852822254,2.596852857569605,Cabrita
250,162,1217,552,3.4074074074074074,4.166439056396484,2295.707920074463,64.48541385187967,2.7214514639449012,Cabrita
251,192,1563,712,3.7083333333333335,4.062150955200195,2888.189329147339,58.09914543327414,2.6658838274531593,Cabrita
252,262,2126,953,3.6374045801526718,3.8090450763702393,3626.210912704468,45.10734422467178,2.460732126517487,Cabrita
253,132,1165,565,4.28030303030303,3.83672833442688,2163.9147806167603,46.37350737505046,2.6797159853237162,Cabrita
254,232,1886,859,3.7025862068965516,3.700868606567383,3175.3452644348145,40.48245241697414,2.428979250323627,Cabrita
255,218,1682,733,3.3623853211009176,3.6782262325286865,2692.4616022109985,39.576132920306584,2.3093941743720334,Cabrita
256,252,1953,899,3.5674603174603177,3.8676252365112305,3473.127462387085,47.828669331424436,2.5656240483159842,Cabrita
257,257,1980,906,3.5252918287937742,3.684157133102417,3334.1622054576874,39.81155246462034,2.4293834744107143,Cabrita
258,164,1361,626,3.817073170731707,4.205527305603027,2628.454566001892,67.05594732218911,2.78622951327912,Cabrita
259,152,1145,527,3.4671052631578947,4.268084526062012,2245.012460708618,71.38476891433886,2.828705977116378,Cabrita
260,90,666,294,3.2666666666666666,4.863582134246826,1425.02956533432,129.48721290873993,3.086911542084052,Cabrita
261,274,1931,897,3.2737226277372264,3.5019984245300293,3137.7905883789062,33.18169686088147,2.344316375557903,Cabrita
262,273,1841,848,3.1062271062271063,3.5007412433624268,2965.1278331279755,33.14000766740418,2.323615002963372,Cabrita
263,268,1897,847,3.16044776119403,3.925471305847168,3320.948724746704,50.676956777352636,2.525627968496888,Cabrita
264,82,546,239,2.9146341463414633,5.081442356109619,1209.3832807540894,161.00611668733933,3.1955517613149262,Cabrita
265,262,1885,873,3.33206106870229,3.3511202335357666,2922.1768436431885,28.53468125290664,2.2365040004904997,Cabrita
266,264,1885,870,3.2954545454545454,3.188894033432007,2771.148915052414,24.26158010322009,2.1209139508280894,Cabrita
267,259,1901,876,3.382239382239382,3.4304051399230957,3001.6044974327087,30.889154644709055,2.277958928540862,Cabrita
268,251,1529,642,2.557768924302789,4.101733207702637,2629.21098613739,60.44496053237044,2.480804219196333,Cabrita
269,290,1510,646,2.2275862068965515,4.167119979858398,2687.792387008667,64.52933843606546,2.567989899123519,Cabrita
270,214,1246,528,2.467289719626168,4.1541748046875,2189.2501220703125,63.69937842540029,2.5348477482956646,Cabrita
271,309,1451,626,2.0258899676375406,3.7747371196746826,2359.2106997966766,43.58604889484857,2.3457074962156077,Cabrita
272,335,1516,669,1.9970149253731344,3.3063607215881348,2208.648962020874,27.285644505230984,2.1018515201662744,Cabrita
273,322,1384,588,1.826086956521739,3.6422674655914307,2138.01100230217,38.178306651230976,2.2286834323608256,Cabrita
274,309,1340,597,1.9320388349514563,3.3305246829986572,1984.9927110671997,27.953004322415993,2.137118761535364,Cabrita
275,345,1480,620,1.7971014492753623,3.696812152862549,2288.3267226219177,40.31856983865395,2.230647036932659,Cabrita
276,267,1135,499,1.8689138576779025,3.5362539291381836,1761.0544567108154,34.33804520542862,2.2384709528036133,Cabrita
277,255,1692,1026,4.023529411764706,2.923987627029419,2997.0873177051544,18.615370808996904,2.5554864127449357,Cabrita
278,286,1835,1123,3.9265734265734267,2.4891223907470703,2792.795322418213,12.050695676346182,2.195723139984005,Cabrita
279,223,1372,818,3.6681614349775784,2.7923154830932617,2281.321749687195,16.31876190662061,2.398871410310386,Cabrita
280,259,1554,869,3.3552123552123554,2.9318954944610596,2544.8852891921997,18.76316228105987,2.3626083567238494,Cabrita
281,138,912,525,3.8043478260869565,3.0335333347320557,1589.5714673995972,20.770492189282244,2.5145470100394642,Cabrita
282,93,638,481,5.172043010752688,2.6880462169647217,1290.2621841430664,14.702921521023816,2.9176408377895995,Cabrita
283,332,1914,419,1.2620481927710843,3.534374237060547,1477.3684310913086,34.2735608782205,1.1135799943058198,Cabrita
284,234,1247,302,1.2905982905982907,4.240097999572754,1276.269497871399,69.41465411188564,1.4765578792437166,Cabrita
285,335,2079,430,1.2835820895522387,2.9232704639434814,1254.0830290317535,18.60202533823314,0.8702546257080909,Cabrita
286,335,1910,427,1.2746268656716417,4.155451774597168,1770.2224559783936,63.78077257279214,1.3371157897959736,Cabrita
287,310,1991,518,1.6709677419354838,3.2324512004852295,1671.1772706508636,25.34169848542763,1.2109488502332266,Cabrita
288,88,508,108,1.2272727272727273,4.317899703979492,462.01526832580566,75.03087563686128,1.3121006622610702,Cabrita
289,316,1815,514,1.6265822784810127,3.3280229568481445,1707.2757768630981,27.883160961425524,1.3570679320717598,Cabrita
290,306,1598,362,1.1830065359477124,4.034878730773926,1456.5912218093872,56.536063737895354,1.3150293694035038,Cabrita
291,309,1648,329,1.064724919093851,3.888641357421875,1275.474365234375,48.84447923286849,1.11657799848582,Cabrita
292,315,1703,361,1.146031746031746,4.713281154632568,1696.7812156677246,111.41713766141238,1.4374268028874768,Cabrita
293,311,1703,352,1.1318327974276527,3.9713847637176514,1393.9560520648956,53.05795271982495,1.1808887161075645,Cabrita
294,310,1671,402,1.2967741935483872,3.6588265895843506,1467.1894624233246,38.815769310315865,1.2667306771290692,Cabrita
295,278,1890,549,1.974820143884892,2.44883394241333,1341.9610004425049,11.57484191483448,1.024360042542219,Cabrita
296,255,1737,593,2.3254901960784315,2.4808096885681152,1468.6393356323242,11.950937038513821,1.219803503955795,Cabrita
297,284,1769,558,1.9647887323943662,2.3832616806030273,1327.4767560958862,10.840202542864365,1.0826139812972884,Cabrita
298,270,1790,583,2.1592592592592594,3.1010217666625977,1804.7946681976318,22.220643999396042,1.4546191718612098,Cabrita
299,298,1997,593,1.9899328859060403,2.9696390628814697,1758.02632522583,19.484885508245554,1.270053010092916,Cabrita
300,283,1562,525,1.8551236749116609,3.334806203842163,1747.4384508132935,28.07294226824918,1.613969774165833,Cabrita
301,292,1675,529,1.8116438356164384,3.348182439804077,1767.8403282165527,28.450975260858424,1.5226593878218138,Cabrita
302,264,1594,497,1.8825757575757576,2.9377856254577637,1457.1416702270508,18.874005886020555,1.3188275166306322,Cabrita
303,332,1825,582,1.7530120481927711,3.0683085918426514,1782.6872918605804,21.505497321927912,1.4092460906427593,Cabrita
304,145,1074,468,3.2275862068965515,4.2145209312438965,1968.1812748908997,67.66174347799044,2.643841121839496,Cabrita
305,144,1028,479,3.326388888888889,4.146887302398682,1982.2121305465698,63.236856421364834,2.781836197207668,Cabrita
306,127,910,419,3.2992125984251968,4.731309413909912,1977.6873350143433,113.44401030262813,3.135384297422091,Cabrita
307,157,1162,548,3.4904458598726116,4.81787109375,2635.37548828125,123.70146144392069,3.2719820549257226,Cabrita
308,126,988,457,3.626984126984127,4.736741542816162,2159.95414352417,114.06192957935235,3.1540031694432065,Cabrita
309,212,1463,715,3.3726415094339623,3.9700000286102295,2834.580020427704,52.984532355575766,2.7952389189842686,Cabrita
310,251,1693,849,3.3824701195219125,3.053401470184326,2589.2844467163086,21.187289927903915,2.2064665273056954,Cabrita
311,133,943,408,3.0676691729323307,4.30683708190918,1752.8826923370361,74.2054117321408,2.681734005826868,Cabrita
312,160,1069,439,2.74375,4.508247375488281,1974.6123504638672,90.76260626315586,2.6648862915737332,Cabrita
313,161,1128,483,3.0,4.357255935668945,2100.1973609924316,78.04268617631999,2.686120848928962,Cabrita
314,130,889,384,2.953846153846154,4.424315929412842,1694.5130009651184,83.45569810253109,2.7499049529969084,Cabrita
315,154,1080,465,3.0194805194805197,4.227356433868408,1961.4933853149414,68.5358135279617,2.620219240491084,Cabrita
316,136,1024,431,3.1691176470588234,4.259952545166016,1831.7795944213867,70.80662325799672,2.580761071165363,Cabrita
317,175,1214,507,2.8971428571428572,4.344109058380127,2198.1191835403442,77.0233835624083,2.6122039912492188,Cabrita
318,153,1029,418,2.7320261437908497,4.068810939788818,1696.6941618919373,58.48737621698033,2.3788262908326083,Cabrita
319,123,1041,446,3.6260162601626016,3.8454978466033936,1711.2465417385101,46.78196879865612,2.3715724298794787,Cabrita
320,175,1029,306,1.7485714285714287,2.7694711685180664,844.6887063980103,15.950196812845308,1.1842839726096435,Cabrita
321,177,1036,308,1.7401129943502824,2.863187074661255,878.9984319210052,17.517266903162646,1.2240605006579242,Cabrita
322,160,933,265,1.65625,3.0258471965789795,798.8236598968506,20.611459274213892,1.2352185773611557,Cabrita
323,185,1061,323,1.7459459459459459,3.1371095180511475,1010.1492648124695,23.037181970779496,1.3735507397762319,Cabrita
324,169,978,283,1.6745562130177514,3.407836437225342,961.0098752975464,30.19983428835908,1.4176320872567396,Cabrita
325,215,1248,367,1.7069767441860466,3.108044147491455,1137.5441579818726,22.377235001138565,1.3150074643530922,Cabrita
326,172,1015,276,1.6046511627906976,2.869997501373291,789.249312877655,17.636974131567634,1.121818787895187,Cabrita
327,175,1129,314,1.7942857142857143,2.5997159481048584,813.7110917568207,13.45991417780981,1.0398024418015142,Cabrita
328,173,985,260,1.5028901734104045,3.678853988647461,952.8231830596924,39.60098487957335,1.3955667827860458,Cabrita
329,168,1004,284,1.6904761904761905,4.024043083190918,1138.8041925430298,55.92676590531828,1.6364015549057664,Cabrita
330,153,892,237,1.5490196078431373,4.038588047027588,953.1067790985107,56.74616329999963,1.5415273807657783,Cabrita
331,176,999,275,1.5625,4.269816875457764,1169.9298238754272,71.50853945158791,1.689541496589767,Cabrita
332,163,920,235,1.4417177914110428,4.035454273223877,944.2962999343872,56.568612008086774,1.4807952054838451,Cabrita
333,205,1132,303,1.4780487804878049,4.2911505699157715,1295.927472114563,73.05046983858848,1.651614962342271,Cabrita
334,163,942,223,1.3680981595092025,4.299865245819092,954.5700845718384,73.68986301337847,1.461946419525212,Cabrita
335,162,1002,252,1.5555555555555556,3.593533515930176,901.9769124984741,36.36233608217773,1.298680258141604,Cabrita
336,319,1995,633,1.9843260188087775,2.9122304916381836,1840.529670715332,18.397788950084568,1.3309889867418578,Cabrita
337,230,1344,460,2.0,3.251389265060425,1492.387672662735,25.826194435284346,1.6019793857398432,Cabrita
338,318,2243,694,2.1823899371069184,2.445953369140625,1695.0456848144531,11.541547710798076,1.0902514505403693,Cabrita
339,308,2019,673,2.185064935064935,3.0939719676971436,2079.1491622924805,22.064543810303224,1.4856751786566638,Cabrita
340,296,2149,736,2.4864864864864864,2.7487523555755615,2020.3329813480377,15.623127611462936,1.3563165998767934,Cabrita
341,84,565,180,2.142857142857143,2.9589433670043945,529.6508626937866,19.277591650839305,1.3524330495767916,Cabrita
342,312,1930,643,2.0608974358974357,3.0450401306152344,1954.9157638549805,21.010874365275974,1.4613198330928707,Cabrita
343,298,1728,565,1.895973154362416,3.120728015899658,1760.0906009674072,22.662872570453523,1.469487257830413,Cabrita
344,298,1812,564,1.8926174496644295,2.8742222785949707,1618.1871428489685,17.711644038936303,1.2883833146901145,Cabrita
345,300,1813,560,1.8666666666666667,3.5468811988830566,1982.7065901756287,34.70491081144044,1.577739087249998,Cabrita
346,303,1825,559,1.844884488448845,2.8765456676483154,1605.11248254776,17.75284292079557,1.268870037611302,Cabrita
347,309,1821,575,1.86084142394822,3.013855457305908,1729.9530324935913,20.365768105010577,1.370562691350537,Cabrita
348,277,1831,755,2.7256317689530687,4.388393402099609,3308.8486251831055,80.5109662697278,2.6071324427110487,Cabrita
349,278,1730,722,2.597122302158273,4.337577819824219,3127.3936080932617,76.52196469551771,2.6080203753202262,Cabrita
350,272,1781,812,2.985294117647059,4.10206413269043,3326.7740116119385,60.464966590266414,2.6948457993884487,Cabrita
351,260,1650,741,2.85,4.455628871917725,3297.165365219116,86.11028616205851,2.882911588722707,Cabrita
352,171,1074,450,2.6315789473684212,4.716975688934326,2117.9220843315125,111.82953343438493,2.8449866741660057,Cabrita
353,252,1656,707,2.8055555555555554,4.026633262634277,2842.8030834198,56.071814033946005,2.476629173112077,Cabrita
354,279,1823,804,2.881720430107527,3.7702629566192627,3027.521154165268,43.39147341095868,2.3959351373015156,Cabrita
355,264,1604,692,2.621212121212121,4.287647247314453,2962.764247894287,72.79499823757222,2.6648162641896556,Cabrita
356,284,1844,805,2.834507042253521,3.8252463340759277,3075.498052597046,45.84409193755117,2.40618535181422,Cabrita
357,230,1806,709,3.082608695652174,3.825291872024536,2708.3066453933716,45.8461796309881,2.1634886857783173,Cabrita
358,224,1799,736,3.2857142857142856,3.558675765991211,2615.62668800354,35.11666366100048,2.0975829080597728,Cabrita
359,260,1838,768,2.953846153846154,3.865828275680542,2965.0902874469757,47.742800260836546,2.3273781575015144,Cabrita
360,244,1771,736,3.0163934426229506,3.9738423824310303,2920.7741510868073,53.18850930075872,2.379326021078266,Cabrita
361,255,1838,769,3.015686274509804,4.233200550079346,3251.0980224609375,68.9375174457137,2.5518732287531614,Cabrita
362,267,1728,741,2.7752808988764044,3.605133295059204,2667.798638343811,36.78658700074669,2.227326311127862,Cabrita
363,242,1593,682,2.8181818181818183,4.156006336212158,2830.2403149604797,63.81615275037291,2.563197531021659,Cabrita
364,224,1554,642,2.8660714285714284,3.8247737884521484,2451.679998397827,45.82243363020214,2.276078877435783,Cabrita
365,273,1805,771,2.8241758241758244,3.734583616256714,2875.6293845176697,41.870587700893005,2.2984245166084345,Cabrita
366,259,1946,793,3.0617760617760617,3.547551393508911,2809.6607036590576,34.728177651941884,2.0829823040850557,Cabrita
367,160,1184,503,3.14375,4.3178863525390625,2167.5789489746094,75.02987387328234,2.641178547652855,Cabrita
368,193,1587,636,3.295336787564767,3.89239501953125,2471.6708374023438,49.0281694436265,2.246923289117979,Cabrita
369,255,2066,797,3.1254901960784314,3.5792441368103027,2849.078332901001,35.846435603270876,1.9895213852761229,Cabrita
370,147,1195,506,3.442176870748299,3.89418363571167,1966.5627360343933,49.11594049174878,2.3741843572166115,Cabrita
371,258,1974,763,2.9573643410852712,3.9603030681610107,3017.75093793869,52.47322650376021,2.205518902128757,Cabrita
372,220,1789,709,3.2227272727272727,3.5680906772613525,2526.2081995010376,35.44884520964917,2.0371984581739433,Cabrita
373,269,2010,859,3.193308550185874,3.9724180698394775,3408.3347039222717,53.11280616250028,2.446361977631052,Cabrita
374,239,1949,828,3.4644351464435146,3.4473676681518555,2850.9730615615845,31.417581862948794,2.1103564379799504,Cabrita
375,171,1216,489,2.8596491228070176,4.352031707763672,2123.791473388672,77.63603653746594,2.519723212615215,Cabrita
376,151,1172,501,3.3178807947019866,4.21705961227417,2108.529806137085,67.83373328389062,2.5955336987035325,Cabrita
377,88,604,251,2.852272727272727,4.920214653015137,1230.0536632537842,137.03202436695744,2.938066754972744,Cabrita
378,288,1814,779,2.704861111111111,3.9117629528045654,3043.351577281952,49.986999059358595,2.4204124742151474,Cabrita
379,283,1799,803,2.8374558303886928,3.5103812217712402,2815.3257398605347,33.46102142266234,2.2577301186124763,Cabrita
380,260,1729,730,2.8076923076923075,4.120368003845215,3003.7482748031616,61.581900471188234,2.5063578601141128,Cabrita
381,89,517,223,2.50561797752809,4.701974868774414,1043.83842086792,110.16451823389384,2.9128443196818465,Cabrita
382,269,1811,795,2.9553903345724906,3.686492919921875,2927.0753784179688,39.90465245266316,2.3317930053847538,Cabrita
383,270,1895,803,2.974074074074074,3.467817783355713,2781.1898622512817,32.0666895735675,2.1173661330029465,Cabrita
384,272,1824,773,2.8419117647058822,3.7546563148498535,2898.594675064087,42.71953521738327,2.2926470193322994,Cabrita
385,281,1792,452,1.6085409252669038,3.2702670097351074,1474.8904213905334,26.31836566502067,1.1873979334792166,Cabrita
386,260,1609,477,1.8346153846153845,3.329674005508423,1584.9248266220093,27.92923544211358,1.421108258265614,Cabrita
387,273,1617,459,1.6813186813186813,3.40382719039917,1558.9528532028198,30.078998091517548,1.3909051022235055,Cabrita
388,274,1723,477,1.7408759124087592,3.9156298637390137,1863.8398151397705,50.180668542594425,1.5606224366300345,Cabrita
389,286,1824,471,1.6468531468531469,3.7092316150665283,1743.3388590812683,40.82242713484994,1.3788960123824392,Cabrita
390,277,1435,445,1.6064981949458483,4.001749515533447,1776.7767848968506,54.69375395060863,1.7863045688761832,Cabrita
391,278,1561,440,1.5827338129496402,4.290715217590332,1883.6239805221558,73.01867406835326,1.7408680176802331,Cabrita
392,262,1455,413,1.5763358778625953,3.978281021118164,1639.0517807006836,53.42511859898114,1.6251902926303101,Cabrita
393,319,1749,509,1.5956112852664577,3.6953418254852295,1877.2336473464966,40.25933190185796,1.5484709397465362,Cabrita
394,286,1871,527,1.8426573426573427,2.646218776702881,1391.9110765457153,14.100620122030664,1.0732780371410593,Cabrita
395,170,1036,304,1.7882352941176471,3.647918939590454,1105.3194386959076,38.394681200264664,1.5392267112015043,Cabrita
396,217,1502,384,1.7695852534562213,2.990638494491577,1145.414543390274,19.89838344460963,1.100189002337713,Cabrita
397,297,2002,525,1.7676767676767677,3.0341601371765137,1589.8999118804932,20.783515265580736,1.1457246345553385,Cabrita
398,171,1208,328,1.9181286549707601,3.634239673614502,1188.3963732719421,37.873046071007934,1.4192827436505466,Cabrita
399,297,1855,513,1.7272727272727273,3.0972604751586914,1585.79736328125,22.137222664238337,1.2333272193318887,Cabrita
400,260,1787,494,1.9,2.6438655853271484,1303.4257335662842,14.06747767492126,1.0522920212552531,Cabrita
401,308,1921,501,1.6266233766233766,3.3083434104919434,1654.1717052459717,27.339797115975244,1.242303652231756,Cabrita
402,301,1904,549,1.823920265780731,2.620980978012085,1436.2975759506226,13.749204639122674,1.0883085031852955,Cabrita
403,199,1209,361,1.814070351758794,3.4097580909729004,1227.5129127502441,30.25792370909566,1.4647864283308059,Cabrita
404,172,1053,291,1.691860465116279,3.867525100708008,1121.5822792053223,47.82388020898917,1.5366583021447855,Cabrita
405,88,600,153,1.7386363636363635,4.345442295074463,660.5072288513184,77.1261424494337,1.5881841725585144,Cabrita
406,308,1642,543,1.7629870129870129,3.70127010345459,2006.0883960723877,40.4987092589234,1.76259060937791,Cabrita
407,303,1659,566,1.867986798679868,3.597839117050171,2032.7791011333466,36.51923532753633,1.767739800137314,Cabrita
408,303,1689,476,1.5709570957095709,4.371340751647949,2076.386857032776,79.14968065579568,1.7735897108396725,Cabrita
409,97,461,138,1.422680412371134,5.381640911102295,737.2848048210144,217.37868202193715,2.307325665158492,Cabrita
410,302,1775,605,2.0033112582781456,3.197608709335327,1931.3556604385376,24.473935872620288,1.5697787231028208,Cabrita
411,295,1780,611,2.071186440677966,3.109323740005493,1896.6874814033508,22.40588707110854,1.5372705750206699,Cabrita
412,301,1732,544,1.8073089700996678,3.5873265266418457,1947.9183039665222,36.13733446531052,1.622547388677449,Cabrita
413,152,1022,231,1.519736842105263,3.767568349838257,866.5407204627991,43.27470784176692,1.2232426615851564,Cabrita
414,169,971,247,1.4615384615384615,3.561985492706299,876.2484312057495,35.233082772311434,1.3019147953524912,Cabrita
415,156,955,202,1.294871794871795,3.863309860229492,776.5252819061279,47.62271533032453,1.1730776684092932,Cabrita
416,129,831,213,1.6511627906976745,3.3391261100769043,707.8947353363037,28.194477067046193,1.2289725922275458,Cabrita
417,123,767,187,1.5203252032520325,3.3705620765686035,626.9245462417603,29.094876010757027,1.1792189489889846,Cabrita
418,159,1054,213,1.3396226415094339,3.0059893131256104,637.2697343826294,20.206196466319263,0.8722826238163628,Cabrita
419,193,1214,347,1.7979274611398963,3.3592684268951416,1162.306875705719,28.768137183582535,1.38126389256325,Cabrita
420,197,1250,274,1.3908629441624365,4.24786901473999,1159.6682410240173,69.95617781110202,1.3384380963214217,Cabrita
421,88,436,117,1.3295454545454546,4.431250095367432,514.0250110626221,84.0364047944918,1.7008746200755491,Cabrita
422,174,1155,259,1.4885057471264367,3.5995819568634033,928.692144870758,36.58293800046657,1.1600169280671666,Cabrita
423,177,972,223,1.2598870056497176,3.6599960327148438,812.5191192626953,38.86118869760956,1.2059848806458424,Cabrita
424,181,992,222,1.2265193370165746,3.930551290512085,868.6518352031708,50.93504994026675,1.263306144059185,Cabrita
425,158,875,188,1.1898734177215189,3.6198906898498535,676.9195590019226,37.33348666996866,1.1161011324032204,Cabrita
426,183,1023,224,1.2240437158469946,4.012755870819092,894.8445591926575,55.29905782270768,1.2619626665823238,Cabrita
427,180,943,219,1.2166666666666666,3.794778347015381,827.261679649353,44.468378764207024,1.2656270654799533,Cabrita
428,214,1127,241,1.1261682242990654,4.256257057189941,1021.5016937255859,70.54544112806967,1.3076445676997157,Cabrita
429,177,947,189,1.0677966101694916,4.263496398925781,801.5373229980469,71.05799672837381,1.221091785614253,Cabrita
430,176,1022,217,1.2329545454545454,3.493563413619995,754.609697341919,32.90298600291777,1.0652364659118474,Cabrita
431,285,1704,557,1.9543859649122808,4.084873199462891,2271.189498901367,59.43440095945492,1.922907175460148,Cabrita
432,291,1647,521,1.7903780068728523,3.6203346252441406,1882.5740051269531,37.35006400545433,1.6490468617505338,Cabrita
433,297,1734,557,1.8754208754208754,4.153648853302002,2309.428762435913,63.66588445793349,1.9214541077581475,Cabrita
434,306,1672,586,1.9150326797385622,3.9802169799804688,2328.426933288574,53.52864761242304,2.009096883808447,Cabrita
435,185,1016,305,1.6486486486486487,4.3582763671875,1324.916015625,78.12236403907431,1.8813481942288897,Cabrita
436,281,1542,504,1.793594306049822,4.035721302032471,2029.9678149223328,56.58371947412966,1.8992376781794127,Cabrita
437,293,1662,574,1.9590443686006827,3.792341470718384,2173.011662721634,44.360146753601356,1.8862774666681,Cabrita
438,291,1525,511,1.7560137457044673,3.877340316772461,1977.443561553955,48.29559312135643,1.870720013043738,Cabrita
439,320,1817,580,1.8125,3.5626771450042725,2062.7900669574738,35.25746024437107,1.6378519537669567,Cabrita
440,268,1898,569,2.123134328358209,2.88250994682312,1637.2656497955322,17.859042218435825,1.244507393876639,Cabrita
441,267,1695,525,1.9662921348314606,2.9395065307617188,1540.3014221191406,18.90651422672183,1.311023730481122,Cabrita
442,280,1802,518,1.85,2.4382524490356445,1260.5765161514282,11.453008528136783,1.0092272411280532,Cabrita
443,294,1772,542,1.8435374149659864,2.9558658599853516,1599.1234302520752,19.218355923159496,1.3019455093645695,Cabrita
444,286,1733,581,2.0314685314685317,2.848541021347046,1652.1537923812866,17.262577726508344,1.3753918540417636,Cabrita
445,287,1636,530,1.8466898954703832,3.2662887573242188,1727.8667526245117,26.21387255116746,1.5237070876089858,Cabrita
446,261,1543,484,1.8544061302681993,3.4154560565948486,1649.665275335312,30.43082444160215,1.5424263848690738,Cabrita
447,302,1729,576,1.9072847682119205,3.2280147075653076,1856.1084568500519,25.2295192447188,1.5487556194619065,Cabrita
448,223,1417,442,1.9820627802690582,3.1786367893218994,1401.7788240909576,24.013995094261443,1.4271978531680927,Cabrita
449,301,1808,350,1.1627906976744187,3.17438006401062,1107.8586423397064,23.91199136846261,0.8840166865649747,Cabrita
450,270,1577,354,1.3111111111111111,3.5798914432525635,1263.701679468155,35.8696467435188,1.1560787229751184,Cabrita
451,291,1622,333,1.1443298969072164,3.3536148071289062,1113.4001159667969,28.605951973318152,0.9903186349139917,Cabrita
452,290,1701,362,1.2482758620689656,4.211484432220459,1520.3458800315857,67.45660027618533,1.2894741102631015,Cabrita
453,291,1743,345,1.1855670103092784,3.8782660961151123,1334.1235370635986,48.34032488648649,1.1042647222345938,Cabrita
454,283,1466,372,1.314487632508834,3.731651544570923,1384.4427230358124,41.747999942100435,1.3624342775706544,Cabrita
455,288,1546,339,1.1770833333333333,4.726156234741211,1597.4408073425293,112.86091667523918,1.4906985322553228,Cabrita
456,271,1499,329,1.2140221402214022,3.725071668624878,1221.82350730896,41.47420503756236,1.1759297630661754,Cabrita
457,331,1731,410,1.2386706948640482,3.512892246246338,1436.7729287147522,33.54514844471866,1.1974726627038044,Cabrita
458,285,1916,431,1.512280701754386,2.596405506134033,1116.4543676376343,13.415429585448331,0.8406592795248636,Cabrita
459,172,1101,284,1.6511627906976745,3.589040756225586,1015.6985340118408,36.19933527976077,1.3309202888801752,Cabrita
460,217,1527,331,1.5253456221198156,2.993323802947998,987.7968549728394,19.951888548645137,0.9332610504748068,Cabrita
461,288,1974,385,1.3368055555555556,3.3609459400177,1290.6032409667969,28.81643661135509,0.9432355093708317,Cabrita
462,165,1198,263,1.593939393939394,3.8303608894348145,1003.5545530319214,46.079164717584575,1.2085335366616805,Cabrita
463,291,1942,454,1.5601374570446735,3.005979537963867,1361.7087306976318,20.205998948445977,1.0116016647336141,Cabrita
464,259,1881,475,1.833976833976834,2.436001777648926,1154.6648426055908,11.427260555532172,0.8856083159574276,Cabrita
465,294,1966,470,1.598639455782313,3.13655161857605,1471.0427091121674,23.024333123566095,1.07948424281383,Cabrita
466,286,1881,445,1.555944055944056,2.752086639404297,1221.9264678955078,15.67530649447369,0.9371968397468454,Cabrita
467,191,1257,335,1.7539267015706805,2.9314606189727783,979.107846736908,18.75500441565761,1.1237502267166335,Cabrita
468,166,1074,266,1.6024096385542168,3.7538158893585205,994.7612106800079,42.68364771350754,1.3362542509466935,Cabrita
469,89,628,150,1.6853932584269662,4.234610080718994,630.9569020271301,69.03475550268585,1.4494878878490514,Cabrita
470,305,1672,464,1.521311475409836,3.561471700668335,1648.961397409439,35.21498494456812,1.4228160470454145,Cabrita
471,299,1688,512,1.7123745819397993,3.3823888301849365,1728.4006922245026,29.44101676694384,1.4772245896571927,Cabrita
472,298,1716,428,1.436241610738255,4.194888114929199,1791.217225074768,66.34630800064087,1.5059325220106399,Cabrita
473,96,505,120,1.25,5.526712417602539,657.6787776947021,251.3163282586597,1.878871111045667,Cabrita
474,294,1763,529,1.7993197278911566,3.075962781906128,1624.1083488464355,21.67073606347546,1.3290374706449888,Cabrita
475,294,1818,554,1.8843537414965987,2.885831594467163,1595.8648717403412,17.918462295591706,1.2664171267264532,Cabrita
476,295,1753,471,1.5966101694915253,3.470750093460083,1631.252543926239,32.1608570480618,1.3424985485224705,Cabrita
477,163,1043,299,1.834355828220859,2.7605903148651123,822.6559138298035,15.80917258385956,1.1379114163377142,Cabrita
478,175,1015,326,1.8628571428571428,2.955049514770508,960.391092300415,19.20267351226593,1.3650753361337373,Cabrita
479,167,1028,286,1.7125748502994012,2.842566967010498,810.131585597992,17.15975758154603,1.1369385418382643,Cabrita
480,132,891,277,2.0984848484848486,2.392420530319214,660.308066368103,10.939942382731369,1.0691618101102611,Cabrita
481,134,805,247,1.8432835820895523,2.606764554977417,641.2640805244446,13.555122971880914,1.149252806053214,Cabrita
482,169,1148,281,1.6627218934911243,1.7311006784439087,484.70818996429443,5.64686587265529,0.6091342351391579,Cabrita
483,207,1185,363,1.7536231884057971,2.88861346244812,1045.6780734062195,17.968378490060452,1.2730755872316273,Cabrita
484,215,1270,352,1.6372093023255814,3.293304681777954,1155.949943304062,26.93171751428986,1.3131364178902745,Cabrita
485,90,440,147,1.6333333333333333,3.676058053970337,536.7044758796692,39.490417753958184,1.7597747403966115,Cabrita
486,191,1171,311,1.6282722513089005,2.830536365509033,877.4662733078003,16.954552223200352,1.08105571396113,Cabrita
487,315,2195,1024,3.250793650793651,4.729413986206055,4838.190507888794,113.22918903606858,3.1799696822811927,Cabrita
488,228,1480,697,3.057017543859649,4.723429203033447,3287.5067253112793,112.553560652185,3.204641655064661,Cabrita
489,296,2063,966,3.2635135135135136,4.524853229522705,4366.48336648941,92.28238050562268,3.053564662607086,Cabrita
490,245,1812,812,3.3142857142857145,4.886169910430908,3962.6837973594666,132.44532389726032,3.155046502793349,Cabrita
491,178,1276,601,3.3764044943820224,4.469979763031006,2681.9878578186035,87.35495519603364,3.0323593904383337,Cabrita
492,89,628,290,3.258426966292135,4.7317070960998535,1367.4633507728577,113.48913393691916,3.1414531763652978,Cabrita
493,223,1509,716,3.210762331838565,4.14378023147583,2962.8028655052185,63.04067994845498,2.83261829105102,Cabrita
494,169,1319,611,3.6153846153846154,4.4299116134643555,2702.246084213257,83.92399883093039,2.9556611258196255,Cabrita
495,133,889,435,3.2706766917293235,4.070296764373779,1766.5087957382202,58.574342791010764,2.866741821482863,Cabrita
496,115,823,396,3.4434782608695653,4.033077716827393,1593.06569814682,56.43433313523662,2.7925977916485194,Cabrita
497,85,675,333,3.9176470588235293,3.188091993331909,1058.4465417861938,24.242129144352756,2.262245299082985,Cabrita
498,116,800,358,3.086206896551724,2.399035930633545,856.4558272361755,11.012554394960196,1.5445057183676065,Cabrita
499,153,1135,498,3.2549019607843137,4.309494972229004,2141.819001197815,74.402903917683,2.722459604854485,Cabrita
500,168,1114,473,2.8154761904761907,4.574827194213867,2159.3184356689453,97.0112735789878,2.7964434459961414,Cabrita
501,152,1106,472,3.1052631578947367,4.3699564933776855,2058.24950838089,79.04019285294058,2.6848339589993278,Cabrita
502,129,895,435,3.372093023255814,3.54211163520813,1537.2764496803284,34.539777649106384,2.4780124138873765,Cabrita
503,123,824,355,2.886178861788618,4.766623020172119,1687.3845491409302,117.521702678114,2.9543462634930577,Cabrita
504,156,1089,466,2.9871794871794872,3.8918557167053223,1809.7129082679749,49.001735541875135,2.3974874547208,Cabrita
505,194,1267,556,2.865979381443299,3.6822946071624756,2043.673506975174,39.737471425789494,2.327069955571618,Cabrita
506,202,1308,572,2.8316831683168315,4.0583672523498535,2317.3277010917664,57.87973089257629,2.5559611486847964,Cabrita
507,80,495,232,2.9,3.827134132385254,884.0679845809937,45.93071807741727,2.576647469017576,Cabrita
508,178,1194,521,2.9269662921348316,4.040839195251465,2101.2363815307617,56.87405121804625,2.5388972423533502,Cabrita
509,265,1797,511,1.9283018867924528,2.5768253803253174,1314.1809439659119,13.155308696655819,1.0550708573680567,Cabrita
510,272,1584,464,1.7058823529411764,2.6538612842559814,1228.7377746105194,14.208797062828232,1.119124933070415,Cabrita
511,272,1721,448,1.6470588235294117,2.33632755279541,1044.3384160995483,10.343181939104733,0.875457207389107,Cabrita
512,298,1675,496,1.6644295302013423,2.5840768814086914,1279.1180562973022,13.251051150630898,1.1017177770338196,Cabrita
513,272,1622,542,1.9926470588235294,2.7285382747650146,1476.139206647873,15.310490924481643,1.312958516086717,Cabrita
514,274,1548,448,1.635036496350365,3.2488012313842773,1452.214150428772,25.759441790663864,1.3534251635222019,Cabrita
515,283,1499,458,1.6183745583038869,3.171872615814209,1449.5457854270935,23.8521083969328,1.3950984097245933,Cabrita
516,280,1552,488,1.7428571428571429,3.053593158721924,1487.099868297577,21.191351677808864,1.3823657250641397,Cabrita
517,223,1355,419,1.8789237668161436,3.0912981033325195,1292.1626071929932,22.005625018419753,1.3757908379479593,Cabrita
518,180,1087,329,1.8277777777777777,3.2075893878936768,1052.089319229126,24.71942539779775,1.3963606655235563,Cabrita
519,179,1120,361,2.016759776536313,2.714250087738037,977.1300315856934,15.09328718570655,1.2586612954217464,Cabrita
520,175,1005,306,1.7485714285714287,3.1176016330718994,950.8684980869293,22.59213039600235,1.3649883251020396,Cabrita
521,183,1103,352,1.9234972677595628,2.888289451599121,1013.7895975112915,17.962557483576305,1.3260101766403976,Cabrita
522,165,1031,349,2.1151515151515152,3.0381217002868652,1057.266351699829,20.866013776595082,1.4794499733230944,Cabrita
523,223,1314,422,1.8923766816143497,2.9985008239746094,1262.3688468933105,20.055447727910945,1.3860070587410185,Cabrita
524,186,1079,326,1.7526881720430108,2.762223482131958,897.7226316928864,15.835012701913449,1.2003150962345843,Cabrita
525,181,1181,366,2.022099447513812,2.6228132247924805,957.3268270492554,13.774419668079343,1.169458650206543,Cabrita
526,360,1822,734,2.0388888888888888,3.873849868774414,2839.5319538116455,48.12731372112814,2.2483966345827717,Cabrita
527,375,1687,694,1.8506666666666667,3.7786295413970947,2618.5902721881866,43.75603479214,2.2393759334949483,Cabrita
528,445,1889,845,1.898876404494382,3.535020351409912,2983.557176589966,34.29571267323344,2.2786464493779888,Cabrita
529,405,1637,721,1.780246913580247,3.8098490238189697,2743.091297149658,45.14362274003614,2.4174979909001135,Cabrita
530,251,1052,435,1.7330677290836654,3.983812093734741,1728.9744486808777,53.7214355293018,2.3710863716118173,Cabrita
531,300,1794,606,2.02,3.1284594535827637,1892.717969417572,22.838768244492083,1.5220818440803565,Cabrita
532,308,1750,580,1.8831168831168832,2.7899978160858154,1615.4087355136871,16.280984245477168,1.3317383838481758,Cabrita
533,325,1848,646,1.9876923076923076,3.073977470397949,1982.7154684066772,21.62775558071862,1.5478645961927227,Cabrita
534,320,1743,615,1.921875,3.1685574054718018,1945.4942469596863,23.773164570485473,1.6103011486900447,Cabrita
535,200,1088,357,1.785,3.1448116302490234,1119.5529403686523,23.215302000725593,1.484534444009662,Cabrita
536,292,1664,564,1.9315068493150684,3.1889278888702393,1795.3664014339447,24.26240150355105,1.556590266783303,Cabrita
537,329,1857,661,2.0091185410334345,2.992259979248047,1974.891586303711,19.93067454273013,1.5342844899589134,Cabrita
538,315,1656,562,1.7841269841269842,3.045365810394287,1708.450219631195,21.01771829660149,1.4883892871181073,Cabrita
539,343,1920,645,1.880466472303207,2.8862452507019043,1858.7419414520264,17.925875912475963,1.396665511054772,Cabrita
540,285,1994,622,2.1824561403508773,2.0781521797180176,1290.532503604889,7.9896917512654415,0.9337235923053118,Cabrita
541,183,1154,384,2.098360655737705,2.830374002456665,1084.0332429409027,16.951799653813687,1.3552247692804344,Cabrita
542,226,1624,473,2.0929203539823007,2.34244704246521,1105.635004043579,10.406670996319958,0.9822008235017983,Cabrita
543,305,2109,603,1.977049180327869,2.5222041606903076,1518.3669047355652,12.456021501050209,1.0386630648231034,Cabrita
544,174,1285,393,2.2586206896551726,2.8039958477020264,1099.1663722991943,16.510488534330303,1.2340559334069727,Cabrita
545,328,2050,620,1.8902439024390243,2.385283946990967,1476.4907631874084,10.862146500891193,1.0390858058384562,Cabrita
546,273,1879,572,2.0952380952380953,2.2056920528411865,1259.4501621723175,9.076530833765514,0.967005057590635,Cabrita
547,310,2079,675,2.1774193548387095,2.1465578079223633,1446.7799625396729,8.55535846695649,1.003974159313856,Cabrita
548,296,2002,632,2.135135135135135,2.0838463306427,1314.9070346355438,8.035316034441664,0.9475573716776781,Cabrita
549,198,1278,428,2.1616161616161618,2.635910749435425,1125.5338900089264,13.956017111614171,1.2705807210237419,Cabrita
550,200,1203,392,1.96,2.6407470703125,1032.5321044921875,14.023676367588875,1.2382618010885484,Cabrita
551,101,675,212,2.099009900990099,2.9816055297851562,629.118766784668,19.719451409273116,1.344631888845068,Cabrita
552,315,1821,669,2.123809523809524,2.870427370071411,1917.4454832077026,17.6445573444525,1.51910438758852,Cabrita
553,324,1875,734,2.265432098765432,2.6903786659240723,1972.047562122345,14.737255360423347,1.5173670604112413,Cabrita
554,345,1927,635,1.8405797101449275,3.0840518474578857,1955.2888712882996,21.846742974045974,1.4638741868775342,Cabrita
555,107,542,179,1.6728971962616823,3.9649510383605957,705.761284828186,52.71768818201875,1.8785946599133714,Cabrita
556,313,1950,725,2.31629392971246,2.4735898971557617,1790.8790855407715,11.864964491288367,1.3249704489956067,Cabrita
557,315,1981,719,2.2825396825396824,2.536613702774048,1821.2886385917664,12.636806453158647,1.326382678911536,Cabrita
558,326,1904,681,2.088957055214724,2.773193836212158,1885.7718086242676,16.00968475345233,1.4288832124739719,Cabrita
559,220,1823,791,3.5954545454545452,4.751477241516113,3753.6670207977295,115.75515660949475,2.9705961580106055,Cabrita
560,213,1703,768,3.6056338028169015,4.613821029663086,3538.800729751587,100.86883703575717,2.9978921101038516,Cabrita
561,205,1742,817,3.9853658536585366,4.069433689117432,3320.657890319824,58.523810534797796,2.750112899456497,Cabrita
562,225,1655,760,3.3777777777777778,4.4946088790893555,3411.408139228821,89.5331438513048,2.9737894893738166,Cabrita
563,225,1702,836,3.7155555555555555,3.7973074913024902,3170.7517552375793,44.58098805285897,2.6876779278326866,Cabrita
564,212,1544,678,3.19811320754717,4.524746417999268,3063.253324985504,92.27252421036677,2.8622670861031185,Cabrita
565,193,1506,709,3.673575129533679,4.202845096588135,2975.6143283843994,66.8763302487303,2.8505338878873285,Cabrita
566,203,1514,688,3.3891625615763545,4.714126110076904,3238.6046376228333,111.51131996279241,3.086075858717609,Cabrita
567,185,1437,665,3.5945945945945947,4.527145862579346,3006.0248527526855,92.49419285293325,3.0179381683056894,Cabrita
568,171,1231,727,4.251461988304094,2.8541109561920166,2072.084554195404,17.358997436173176,2.4284208859791456,Cabrita
569,179,1239,740,4.134078212290503,2.70204758644104,1996.8131663799286,14.910230475557402,2.3250947963826567,Cabrita
570,166,1115,681,4.102409638554217,2.5652105808258057,1744.3431949615479,13.00339634731882,2.2570002484120497,Cabrita
571,135,962,556,4.118518518518519,2.589559555053711,1437.2055530548096,13.323901865401023,2.1553527277861266,Cabrita
572,126,905,532,4.222222222222222,2.9162561893463135,1548.5320365428925,18.4720021666571,2.468574021854274,Cabrita
573,163,1078,626,3.8404907975460123,2.406920909881592,1504.3255686759949,11.099731400602524,2.0132495712535508,Cabrita
574,222,1521,861,3.8783783783783785,2.350501298904419,2021.4311170578003,10.49082744707791,1.9173626877566903,Cabrita
575,214,1466,872,4.074766355140187,2.630505323410034,2291.1701366901398,13.880782414490987,2.2547474720571303,Cabrita
576,89,564,335,3.764044943820225,2.5128750801086426,839.3002767562866,12.340358625742585,2.1469048707323215,Cabrita
577,197,1339,771,3.9137055837563453,2.4798471927642822,1909.4823384284973,11.939439845649904,2.057356759011094,Cabrita
578,272,1713,349,1.2830882352941178,3.2370219230651855,1126.4836292266846,25.45779347578983,0.948728748119054,Cabrita
579,281,1543,332,1.1814946619217082,2.9492743015289307,976.209793806076,19.0920935965692,0.9127498563780061,Cabrita
580,240,1499,284,1.1833333333333333,2.7250354290008545,771.1850264072418,15.256954455936354,0.7422180208175798,Cabrita
581,294,1600,353,1.2006802721088434,2.7492835521698,967.7478103637695,15.631428768219399,0.8726031042768521,Cabrita
582,279,1559,387,1.3870967741935485,3.1593117713928223,1219.4943437576294,23.55437955158904,1.1285172816749665,Cabrita
583,272,1454,308,1.1323529411764706,4.341675281524658,1332.89431142807,76.8361537643565,1.3225309581336908,Cabrita
584,269,1378,294,1.0929368029739777,3.645824432373047,1068.2265586853027,38.31434742258766,1.1183781993912696,Cabrita
585,280,1464,344,1.2285714285714286,3.7095117568969727,1272.3625326156616,40.83386480632098,1.2538463907223614,Cabrita
586,227,1233,274,1.2070484581497798,3.696563959121704,1009.1619608402252,40.30856426369209,1.1807890968028996,Cabrita
587,296,1858,491,1.6587837837837838,2.3833162784576416,1167.8249764442444,10.840794410824001,0.9067897212822292,Cabrita
588,265,1679,514,1.939622641509434,2.406885862350464,1234.732447385788,11.099342389237732,1.0609543649006368,Cabrita
589,281,1661,477,1.697508896797153,2.331777811050415,1109.9262380599976,10.29623002299928,0.9640488136072858,Cabrita
590,280,1782,494,1.7642857142857142,3.2063560485839844,1580.7335319519043,24.688956751693333,1.2797510816576363,Cabrita
591,290,1862,540,1.8620689655172413,2.714956045150757,1463.361308336258,15.103946165627871,1.1338260486388319,Cabrita
592,283,1512,529,1.8692579505300353,2.7889492511749268,1472.5652046203613,16.263921523931533,1.4050678029705272,Cabrita
593,288,1631,495,1.71875,3.318474769592285,1639.3265361785889,27.618194307926924,1.4500602477881865,Cabrita
594,275,1556,492,1.789090909090909,2.7360875606536865,1343.41899228096,15.426511583109432,1.2455937776348263,Cabrita
595,335,1896,605,1.8059701492537314,2.724391460418701,1645.5324420928955,15.247132619423876,1.2521104925260158,Cabrita
596,154,998,273,1.7727272727272727,3.8747172355651855,1053.9230880737305,48.16907586370846,1.5235366860143822,Cabrita
597,169,964,287,1.698224852071006,3.8393733501434326,1098.0607781410217,46.4963283910422,1.6433265966999258,Cabrita
598,158,981,250,1.5822784810126582,4.192940711975098,1044.0422372817993,66.21723072797023,1.5354072968451278,Cabrita
599,131,866,268,2.045801526717557,3.030702590942383,809.1975917816162,20.711779387164977,1.348066227208579,Cabrita
600,123,747,222,1.8048780487804879,4.104544162750244,907.104259967804,60.61510762516169,1.7519073861108485,Cabrita
601,161,1095,249,1.546583850931677,2.5670745372772217,636.634485244751,13.027656714941045,0.8387848536269409,Cabrita
602,194,1131,348,1.7938144329896908,3.589773416519165,1245.6513755321503,36.225866813488025,1.588943467866268,Cabrita
603,196,1148,311,1.586734693877551,4.5268025398254395,1403.3087873458862,92.46244294246786,1.7635423591810235,Cabrita
604,87,434,130,1.4942528735632183,4.7290873527526855,610.0522685050964,113.1922106345518,2.0279248443672,Cabrita
605,178,1082,269,1.5112359550561798,3.85064435005188,1031.9726858139038,47.02335297186041,1.3759906433979514,Cabrita
606,234,1420,585,2.5,3.8413262367248535,2243.3345222473145,46.58721916764506,2.2791884438740935,Cabrita
607,336,1542,633,1.8839285714285714,3.7841720581054688,2391.5967407226562,43.9992266710331,2.2375776638435694,Cabrita
608,356,1571,659,1.851123595505618,3.581103563308716,2356.366144657135,35.91315142286436,2.1639196380747894,Cabrita
609,422,1798,795,1.8838862559241707,3.16556978225708,2513.4624071121216,23.70224530490088,2.0167740546170716,Cabrita
610,425,1848,827,1.9458823529411764,3.318054676055908,2740.71316242218,27.60659451968039,2.1396175800463135,Cabrita
611,401,1761,838,2.089775561097257,2.868727684020996,2401.1250715255737,17.61459260900365,1.9671159757206715,Cabrita
612,389,1634,731,1.8791773778920309,3.302657127380371,2410.939702987671,27.184776452751052,2.128672431690712,Cabrita
613,352,1562,726,2.0625,2.886540174484253,2092.7416265010834,17.931163459275307,1.9328988261299718,Cabrita
614,410,1866,868,2.1170731707317074,2.770358085632324,2401.900460243225,15.96434959061707,1.8570256606119078,Cabrita
615,249,1503,527,2.1164658634538154,3.3472585678100586,1760.6580066680908,28.424702339889095,1.6900150199078525,Cabrita
616,288,1630,529,1.8368055555555556,3.379443883895874,1784.3463706970215,29.3544420953185,1.5793053130262655,Cabrita
617,204,1236,402,1.9705882352941178,3.2994766235351562,1323.0901260375977,27.098452516285924,1.544349161394495,Cabrita
618,256,1497,513,2.00390625,3.3053364753723145,1692.332275390625,27.25771159463126,1.6309414704357983,Cabrita
619,146,883,279,1.9109589041095891,3.139781951904297,872.8593826293945,23.098829653746694,1.426126730139105,Cabrita
620,91,589,271,2.978021978021978,2.6799795627593994,723.5944819450378,14.584795219865855,1.7723704086871388,Cabrita
621,303,1853,525,1.7326732673267327,3.812136650085449,1997.5596046447754,45.24701269087526,1.5552451891533383,Cabrita
622,229,1257,370,1.6157205240174672,4.136960983276367,1526.5386028289795,62.612252342545965,1.7520522450492726,Cabrita
623,308,2089,553,1.7954545454545454,3.2782375812530518,1809.5871448516846,26.528976309383943,1.2497282910167276,Cabrita
624,301,1902,552,1.8338870431893688,3.8962388038635254,2146.8275809288025,49.216985805385534,1.6284003704782508,Cabrita
625,290,2023,634,2.1862068965517243,3.246103286743164,2054.783380508423,25.69003790874101,1.4653612422939009,Cabrita
626,82,532,154,1.8780487804878048,3.7416417598724365,572.4711892604828,42.16716172196635,1.552446138717868,Cabrita
627,304,1781,586,1.9276315789473684,3.338930606842041,1953.274405002594,28.188965494357006,1.5822455348638873,Cabrita
628,308,1658,464,1.5064935064935066,3.8003487586975098,1759.561475276947,44.71677713905922,1.5310679219067067,Cabrita
629,297,1657,438,1.4747474747474747,3.940561532974243,1722.0253899097443,51.44748264880242,1.4993104950559275,Cabrita
630,300,1701,481,1.6033333333333333,4.604573726654053,2210.1953887939453,99.94037185124688,1.8745666824272071,Cabrita
631,298,1750,474,1.5906040268456376,3.9306747913360596,1859.2091763019562,50.941340849361794,1.5327267763577639,Cabrita
632,309,1723,532,1.72168284789644,3.7440593242645264,1988.0955011844635,42.26922687549031,1.6646636798447383,Cabrita
633,224,1790,749,3.34375,4.457043170928955,3333.8682918548584,86.23215801594108,2.6870141070591975,Cabrita
634,225,1675,743,3.3022222222222224,4.275571823120117,3172.474292755127,71.92125378917822,2.7324853310480854,Cabrita
635,230,1631,720,3.130434782608696,4.904402732849121,3526.265564918518,134.88232516181247,3.1191452135901074,Cabrita
636,251,1907,873,3.4780876494023905,4.95008659362793,4316.475509643555,141.18718930308808,3.265525858354178,Cabrita
637,329,2451,1125,3.419452887537994,4.730236053466797,5316.78532409668,113.32230931565792,3.1295388904714403,Cabrita
638,248,1708,806,3.25,4.560152530670166,3670.9227871894836,95.59806035426185,3.100715515553021,Cabrita
639,182,1304,631,3.467032967032967,4.791281223297119,3018.507170677185,120.4556003609462,3.3395592990979686,Cabrita
640,193,1485,695,3.6010362694300517,4.585539817810059,3182.3646335601807,98.05610528976479,3.091704831742556,Cabrita
641,228,1595,764,3.3508771929824563,4.574831485748291,3490.596423625946,97.0116899071012,3.1572828527334815,Cabrita
642,254,1134,439,1.7283464566929134,3.7723805904388428,1652.3026986122131,43.483458023023395,2.1020889853044897,Cabrita
643,273,1114,479,1.7545787545787546,3.4583818912506104,1653.1065440177917,31.765534816944815,2.1408694911270745,Cabrita
644,236,937,391,1.6567796610169492,3.8487205505371094,1501.0010147094727,46.93297642927831,2.3110850803528904,Cabrita
645,301,1227,544,1.8073089700996678,3.3753466606140137,1832.8132367134094,29.234416445591002,2.1550045374752127,Cabrita
646,263,1050,442,1.6806083650190113,3.8591766357421875,1701.8968963623047,47.42628617969909,2.338398297605919,Cabrita
647,318,1316,562,1.7672955974842768,3.432537794113159,1925.6537024974823,30.95510082499369,2.1110418290749156,Cabrita
648,277,1141,486,1.7545126353790614,3.0848870277404785,1496.170208454132,21.864996564475145,1.8917768098708,Cabrita
649,254,1043,451,1.7755905511811023,3.247798442840576,1461.5092992782593,25.733623464868256,2.0215841019001424,Cabrita
650,219,1515,656,2.9954337899543377,4.648214340209961,3044.5803928375244,104.3983990133683,2.8992746101217617,Cabrita
651,255,1682,723,2.835294117647059,4.244121551513672,3064.255760192871,69.6945102083874,2.628291670181745,Cabrita
652,186,1213,521,2.8010752688172045,4.552537441253662,2367.3194694519043,94.87283740005299,2.815597740130383,Cabrita
653,227,1461,591,2.60352422907489,4.446929931640625,2623.6886596679688,85.36446654873303,2.590816302628056,Cabrita
654,126,845,351,2.7857142857142856,4.454617977142334,1559.116291999817,86.02328170725352,2.6619282161388464,Cabrita
655,85,634,343,4.035294117647059,3.6002626419067383,1231.2898235321045,36.60784793615326,2.801854451588035,Cabrita
656,262,1892,1127,4.301526717557252,2.6640682220458984,2999.7408180236816,14.354568042627227,2.2873737854730276,Cabrita
657,168,1199,741,4.410714285714286,2.999335527420044,2219.5082902908325,20.07219506778795,2.6706201865008556,Cabrita
658,200,1462,868,4.34,2.7912583351135254,2420.0209765434265,16.30151967583972,2.388065842480484,Cabrita
659,273,1977,1159,4.245421245421245,2.7056384086608887,3133.129277229309,14.963866703900225,2.286368270471799,Cabrita
660,154,1179,752,4.883116883116883,2.6199917793273926,1967.6138262748718,13.735610668655431,2.407690169254721,Cabrita
661,270,1929,1099,4.07037037037037,2.9007112979888916,3184.981005191803,18.187077201141875,2.3820405917655574,Cabrita
662,209,1603,903,4.320574162679426,2.7442374229431152,2475.30215549469,15.552749239146934,2.227764282242016,Cabrita
663,267,1988,1247,4.670411985018727,2.496985673904419,3111.244149684906,12.145827241735686,2.2578352644593633,Cabrita
664,259,1883,1156,4.463320463320463,2.482168674468994,2866.9048190116882,11.967189234202582,2.1965317923998056,Cabrita
665,172,1311,808,4.6976744186046515,2.7369930744171143,2208.753411054611,15.440486828103037,2.4306312682494813,Cabrita
666,169,1136,728,4.3076923076923075,2.743558168411255,1994.5667884349823,15.542188550847097,2.5330559985888867,Cabrita
667,95,651,402,4.231578947368421,3.1693148612976074,1270.8952593803406,23.791178514009186,2.816458199995868,Cabrita
668,313,1907,1141,3.6453674121405752,2.4929089546203613,2841.916208267212,12.09641290622307,2.1499834401096347,Cabrita
669,310,1946,1187,3.829032258064516,2.215341567993164,2627.3950996398926,9.164538890219283,1.9478570815552092,Cabrita
670,290,1814,1075,3.706896551724138,2.4538705348968506,2635.4569544792175,11.63328673444153,2.0960091944341226,Cabrita
671,95,564,326,3.431578947368421,3.208683490753174,1042.8221344947815,24.746485792538824,2.6675076630582715,Cabrita
672,326,2052,1199,3.6779141104294477,2.2798237800598145,2731.2288885116577,9.774957715282921,1.9202389731912497,Cabrita
673,324,2099,1230,3.7962962962962963,2.091888666152954,2570.9311707019806,8.100199298695754,1.7670651026386874,Cabrita
674,332,2071,1211,3.647590361445783,2.265204429626465,2740.8973598480225,9.633093689578079,1.909357329134908,Cabrita
675,263,1719,725,2.7566539923954374,4.344981670379639,3145.7667293548584,77.09062442447268,2.6401291798916513,Cabrita
676,301,1760,739,2.4551495016611296,4.408262252807617,3253.2975425720215,82.1266241202927,2.666770585911879,Cabrita
677,306,1824,798,2.607843137254902,4.390784740447998,3499.4554381370544,80.70372561538424,2.767898578076888,Cabrita
678,275,1572,696,2.5309090909090908,4.821900844573975,3351.2210869789124,124.20095324792297,3.075566185182569,Cabrita
679,191,1062,439,2.298429319371728,5.108675956726074,2237.6000690460205,165.45114530817017,3.03971235697316,Cabrita
680,275,1663,703,2.556363636363636,4.195033073425293,2944.9132175445557,66.35592615877005,2.55478754948881,Cabrita
681,289,1790,810,2.8027681660899653,4.059978485107422,3284.5225944519043,57.973063781301924,2.647242714359505,Cabrita
682,254,1505,686,2.7007874015748032,4.4017438888549805,3015.1945638656616,81.59303385117454,2.8903695977437547,Cabrita
683,293,1727,770,2.627986348122867,3.920560121536255,3014.91073346138,50.428683060319244,2.5185852715041346,Cabrita
684,255,1872,800,3.1372549019607843,4.147144794464111,3313.568690776825,63.253141506686205,2.553669400549498,Cabrita
685,202,1328,573,2.8366336633663365,4.60529899597168,2634.231025695801,100.01288182799505,2.8617409919632375,Cabrita
686,256,2130,896,3.5,3.8842110633850098,3476.3689017295837,48.62856246832537,2.3546198003877383,Cabrita
687,291,2018,867,2.979381443298969,4.072826862335205,3527.0680627822876,58.722729253284314,2.5215478706907084,Cabrita
688,255,2042,924,3.623529411764706,3.6643786430358887,3382.2214875221252,39.03187589882575,2.3895759878728025,Cabrita
689,80,565,242,3.025,4.696109294891357,1131.7623400688171,109.52023151579537,2.889890115897648,Cabrita
690,286,2200,1044,3.6503496503496504,2.845607280731201,2967.968393802643,17.21200801657431,1.9463060378428432,Cabrita
691,263,1849,826,3.140684410646388,3.5493478775024414,2928.211998939514,34.79062234086588,2.2847576687623556,Cabrita
692,253,1799,775,3.0632411067193677,3.911121368408203,3027.207939147949,49.95493846662891,2.4276475161469957,Cabrita
693,256,1858,821,3.20703125,3.8904359340667725,3190.1574659347534,48.93221309355504,2.4770852291490697,Cabrita
694,257,1984,896,3.4863813229571985,3.364473342895508,3011.2036418914795,28.91826327904436,2.1896414119272296,Cabrita
695,276,1955,864,3.130434782608696,3.5400569438934326,3055.0691425800323,34.46888192731314,2.2544926350757595,Cabrita
696,157,883,223,1.4203821656050954,2.5704827308654785,570.6471662521362,13.072133240278694,0.9323554211203814,Cabrita
697,171,995,213,1.2456140350877194,2.7278897762298584,578.31263256073,15.300565312264936,0.8385213739485492,Cabrita
698,163,921,205,1.2576687116564418,2.7398438453674316,558.928144454956,15.484566920682203,0.8755297092491154,Cabrita
699,168,931,206,1.2261904761904763,3.291050672531128,674.6653878688812,26.8710815366789,1.045474123885998,Cabrita
700,175,966,207,1.1828571428571428,3.177022695541382,654.4666752815247,23.9752655191261,0.9774283921902104,Cabrita
701,213,1128,270,1.267605633802817,3.003645658493042,807.9806821346283,20.158895570497062,1.0333951447249203,Cabrita
702,152,895,198,1.3026315789473684,3.085775852203369,607.8978428840637,21.88443934763332,0.9799007858055161,Cabrita
703,158,976,231,1.4620253164556962,2.4815993309020996,570.7678461074829,11.960377731224977,0.8436925625800621,Cabrita
704,274,2018,884,3.2262773722627736,4.181643009185791,3692.3907771110535,65.47333818649672,2.6397392780784257,Cabrita
705,227,1464,613,2.700440528634361,4.653404235839844,2847.8833923339844,104.94162422994886,2.8064393764687687,Cabrita
706,274,2249,946,3.4525547445255476,3.8384320735931396,3627.318309545517,46.45258307890111,2.3268626664771253,Cabrita
707,313,2227,955,3.05111821086262,3.9921019077301025,3808.465219974518,54.1686272445204,2.467199769310881,Cabrita
708,273,2078,851,3.1172161172161172,4.27357816696167,3632.5414419174194,71.77801037514084,2.52196800966213,Cabrita
709,82,593,253,3.0853658536585367,4.609102249145508,1161.493766784668,100.3939803860072,2.8257694727886724,Cabrita
710,348,2493,1185,3.4051724137931036,2.709944009780884,3208.5737075805664,15.0284340460034,1.8567963803663048,Cabrita
711,296,1959,848,2.864864864864865,3.934674024581909,3332.668898820877,51.14547507138383,2.454326132339848,Cabrita
712,257,1844,782,3.0428015564202333,4.233678340911865,3306.5027842521667,68.97046302948812,2.5869171201334873,Cabrita
713,273,1910,805,2.948717948717949,4.421658039093018,3555.013063430786,83.23417653084009,2.6852354538780507,Cabrita
714,245,1875,796,3.2489795918367346,3.5623159408569336,2832.041172981262,35.244727403222115,2.179078269788496,Cabrita
715,269,1969,886,3.2936802973977697,3.4445912837982178,3048.4632861614227,31.330475556482085,2.2336225826699634,Cabrita
716,344,2151,700,2.0348837209302326,2.3923983573913574,1672.2864518165588,10.939699814867392,1.1216175597310785,Cabrita
717,262,1467,496,1.8931297709923665,2.8485705852508545,1410.042439699173,17.26308808323977,1.3866811419202265,Cabrita
718,355,2355,730,2.056338028169014,2.014052391052246,1468.2441930770874,7.493622991445146,0.8994601342532195,Cabrita
719,371,2239,751,2.024258760107817,2.5058858394622803,1879.4143795967102,12.254409598741562,1.210996786609907,Cabrita
720,355,2214,680,1.9154929577464788,2.620959520339966,1779.6315143108368,13.74890961636289,1.159650207906938,Cabrita
721,95,632,210,2.210526315789474,2.1958813667297363,458.9392056465149,8.987919219874012,1.0476413228730177,Cabrita
722,427,2638,999,2.339578454332553,1.897303581237793,1893.5089740753174,6.6678907547116895,1.0355405636001551,Cabrita
723,370,2120,731,1.9756756756756757,2.3578639030456543,1721.2406492233276,10.568352298877313,1.1713327117032994,Cabrita
724,331,1996,641,1.9365558912386707,2.254467487335205,1442.8591918945312,9.53021699741694,1.0428886777792072,Cabrita
725,367,2110,723,1.9700272479564032,2.505450963973999,1808.9355959892273,12.24908161497245,1.2368447457920284,Cabrita
726,272,1738,582,2.139705882352941,2.19316029548645,1274.2261316776276,8.96349569549254,1.0577213585399543,Cabrita
727,330,1999,682,2.066666666666667,2.0776312351226807,1414.8668711185455,7.985530648475321,1.0211212698753427,Cabrita
728,258,1756,506,1.9612403100775193,2.64375901222229,1335.0983011722565,14.065978540033067,1.096890488724655,Cabrita
729,260,1611,469,1.8038461538461539,2.504321575164795,1172.022497177124,12.235255448302057,1.049578550271717,Cabrita
730,286,1830,463,1.618881118881119,2.174070119857788,1004.4203953742981,8.794003949378986,0.7918427996580503,Cabrita
731,279,1663,468,1.6774193548387097,2.809011459350586,1311.8083515167236,16.593506752481222,1.1380273020624794,Cabrita
732,253,1587,537,2.122529644268775,2.558189868927002,1371.189769744873,12.912422970468837,1.24650830556308,Cabrita
733,236,1428,424,1.7966101694915255,2.886249542236328,1220.8835563659668,17.92595284215459,1.233447235484637,Cabrita
734,241,1426,442,1.83402489626556,2.9531376361846924,1302.3336975574493,19.165995405203546,1.3175809025587093,Cabrita
735,281,1713,545,1.9395017793594307,3.000328302383423,1632.178596496582,20.09213213538458,1.3746269509694848,Cabrita
736,198,1299,395,1.994949494949495,2.8290934562683105,1114.6628217697144,16.930105984218642,1.2379665321250697,Cabrita
737,260,1944,887,3.4115384615384614,3.9819297790527344,3527.9897842407227,53.62040999322012,2.6182167520735673,Cabrita
738,263,1801,789,3.0,4.289302349090576,3379.970251083374,72.91558112940062,2.7075326594060014,Cabrita
739,274,1996,912,3.3284671532846715,4.282442092895508,3901.3047466278076,72.41707346250448,2.819836177833924,Cabrita
740,258,1734,787,3.050387596899225,4.332540512084961,3405.3768424987793,76.13746923454474,2.833287360456232,Cabrita
741,171,1158,509,2.9766081871345027,4.482850551605225,2277.288080215454,88.48654898613935,2.837160811746445,Cabrita
742,235,1739,788,3.353191489361702,3.717399835586548,2925.593670606613,41.15723926997751,2.4271072341807365,Cabrita
743,266,1972,883,3.319548872180451,3.727067470550537,3287.2735090255737,41.557061991372336,2.404935694481164,Cabrita
744,245,1614,748,3.053061224489796,3.9613943099975586,2959.1615495681763,52.53051873797587,2.6450853114939954,Cabrita
745,292,2141,969,3.3184931506849313,3.610116481781006,3494.5927543640137,36.97035893727867,2.354802259060003,Cabrita
746,250,1687,478,1.912,3.3874123096466064,1615.7956717014313,29.589285209942048,1.3818022540921793,Cabrita
747,247,1567,447,1.8097165991902835,3.655836820602417,1630.503221988678,38.699892436080034,1.5011607610188529,Cabrita
748,270,1716,409,1.5148148148148148,3.080749750137329,1256.9458980560303,21.774721878384227,1.0567538541906523,Cabrita
749,275,1645,458,1.6654545454545455,3.9050331115722656,1784.6001319885254,49.65172393160403,1.5651269060119362,Cabrita
750,234,1480,508,2.1709401709401708,3.532216787338257,1790.8339111804962,34.199697101165,1.7456940558891136,Cabrita
751,227,1364,385,1.696035242290749,4.146107196807861,1592.1051635742188,63.18754423298236,1.6839605748256874,Cabrita
752,227,1369,415,1.828193832599119,4.217502593994141,1746.0460739135742,67.86378904431749,1.840037992694491,Cabrita
753,268,1639,529,1.9738805970149254,4.039200305938721,2132.6977615356445,56.78091728228467,1.8772620404407978,Cabrita
754,194,1247,368,1.8969072164948453,3.7897403240203857,1390.8346989154816,44.244909443898614,1.6091021033052604,Cabrita
755,152,985,278,1.8289473684210527,3.8397610187530518,1063.6138021945953,46.51435705236919,1.557837926748424,Cabrita
756,162,931,286,1.7654320987654322,4.262017726898193,1214.675052165985,70.95300290112334,1.882283215952105,Cabrita
757,153,957,246,1.607843137254902,4.223105430603027,1034.6608304977417,68.24508594063242,1.5597701663125896,Cabrita
758,128,863,263,2.0546875,3.0173895359039307,790.5560584068298,20.437869661442566,1.3215889976920732,Cabrita
759,123,744,227,1.8455284552845528,3.9491069316864014,892.4981665611267,51.88900570926359,1.730648761962674,Cabrita
760,139,940,214,1.539568345323741,2.8325095176696777,603.3245272636414,16.988039161099614,0.9259715994999295,Cabrita
761,194,1187,393,2.0257731958762886,3.366769313812256,1319.7735710144043,28.984735049921877,1.6040697438911535,Cabrita
762,192,1196,355,1.8489583333333333,3.968533515930176,1404.8608646392822,52.90688681503024,1.6946369586572525,Cabrita
763,82,413,142,1.7317073170731707,4.472067356109619,630.5614972114563,87.53750727681611,2.2026826755508186,Cabrita
764,175,1081,272,1.5542857142857143,3.6340560913085938,984.8292007446289,37.86609388804686,1.314346164696501,Cabrita
765,361,2462,1546,4.282548476454294,2.5786116123199463,3983.954941034317,13.178828129277054,2.334537789015147,Cabrita
766,265,1748,1055,3.981132075471698,3.0881426334381104,3254.9023356437683,21.93629637092185,2.6864024360475796,Cabrita
767,361,2628,1664,4.609418282548477,2.5358855724334717,4217.177706956863,12.627608560011021,2.315107064069314,Cabrita
768,372,2631,1641,4.411290322580645,2.5417604446411133,4168.487129211426,12.702012489378854,2.2857680385111347,Cabrita
769,371,2808,1787,4.816711590296496,2.7353515625,4885.337890625,15.41516187626042,2.5099902948260815,Cabrita
770,96,755,464,4.833333333333333,2.8985631465911865,1342.0347368717194,18.148050538429654,2.5644329266033834,Cabrita
771,364,2745,1842,5.06043956043956,1.9234979152679443,3541.1596620082855,6.844859381375359,1.861134238023822,Cabrita
772,329,2342,1471,4.47112462006079,2.3479318618774414,3451.459836959839,10.46390652720692,2.1261332154608836,Cabrita
773,315,2102,1293,4.104761904761904,2.4524338245391846,3168.5445013046265,11.616585071495408,2.1747114361884767,Cabrita
774,365,2567,1623,4.446575342465754,2.5922303199768066,4204.59757900238,13.359534437072627,2.3630510620025227,Cabrita
775,296,2120,1318,4.452702702702703,2.6657874584198,3510.8420827388763,14.379268164727934,2.3891860670338003,Cabrita
776,347,2412,1536,4.426512968299712,2.312826156616211,3550.188150405884,10.102936827862234,2.1234821056440008,Cabrita
777,340,2046,725,2.1323529411764706,2.394070863723755,1733.3073053359985,10.95801184130372,1.22220618462603,Cabrita
778,306,1683,601,1.9640522875816993,2.8011035919189453,1680.6621551513672,16.462804968160384,1.440691002166747,Cabrita
779,356,1960,732,2.056179775280899,2.7520816326141357,2011.7716734409332,15.675228011699833,1.480802559527615,Cabrita
780,380,1915,676,1.7789473684210526,2.9940998554229736,2021.0174024105072,19.967378270774947,1.5225649002652393,Cabrita
781,208,1182,435,2.0913461538461537,2.5286173820495605,1097.4199438095093,12.536161427059206,1.339460499751797,Cabrita
782,313,1778,613,1.9584664536741214,2.9762325286865234,1821.4543075561523,19.61378290788679,1.4779544975911707,Cabrita
783,330,1904,720,2.1818181818181817,2.6191139221191406,1883.142910003662,13.723558054831184,1.4268912487119196,Cabrita
784,326,1741,615,1.8865030674846626,2.6807870864868164,1646.0032711029053,14.596577544678574,1.3639751616928049,Cabrita
785,374,2120,740,1.9786096256684491,2.489499092102051,1839.7398290634155,12.055236044863713,1.2519733622243863,Cabrita
786,297,1742,578,1.9461279461279462,3.7312557697296143,2152.9345791339874,41.731480403272954,1.7830241335677217,Cabrita
787,282,1657,519,1.8404255319148937,3.5165634155273438,1821.579849243164,33.66852469219381,1.585989266799263,Cabrita
788,293,1697,547,1.8668941979522184,4.249889850616455,2320.4398584365845,70.09769070400961,1.9727089431040359,Cabrita
789,294,1627,564,1.9183673469387754,3.984632968902588,2243.348361492157,53.765552226382155,1.9892240664481358,Cabrita
790,183,1039,322,1.7595628415300546,4.174322605133057,1339.9575562477112,64.99579692632912,1.8605872198270137,Cabrita
791,276,1513,490,1.7753623188405796,3.9664008617401123,1939.570021390915,52.79417495161464,1.8494435236732145,Cabrita
792,292,1631,562,1.9246575342465753,3.778688430786133,2119.8442096710205,43.75861163416922,1.875100385499427,Cabrita
793,291,1511,507,1.7422680412371134,3.877114772796631,1961.8200750350952,48.28470156957689,1.873135733533783,Cabrita
794,315,1817,599,1.9015873015873015,3.561363697052002,2129.695490837097,35.21118180422515,1.6909747513672355,Cabrita
795,293,1769,616,2.1023890784982937,2.7678098678588867,1702.2030687332153,15.923720738815021,1.3882192910386575,Cabrita
796,285,1665,586,2.056140350877193,2.5190608501434326,1473.650597333908,12.41692982811455,1.276893939205218,Cabrita
797,315,1753,652,2.06984126984127,2.8218770027160645,1837.041928768158,16.808370438507986,1.5118603996228852,Cabrita
798,308,1737,672,2.1818181818181817,2.866299629211426,1923.2870512008667,17.571875293678684,1.5974189355057273,Cabrita
799,194,1107,364,1.8762886597938144,2.8375136852264404,1030.0174677371979,17.073263215400253,1.3423677441133364,Cabrita
800,283,1553,505,1.784452296819788,3.256704568862915,1641.3791027069092,25.96383397870991,1.5247968394681486,Cabrita
801,319,1757,628,1.968652037617555,2.834977388381958,1777.5308225154877,17.03001521984316,1.4595531603132466,Cabrita
802,300,1564,531,1.77,3.0182249546051025,1599.6592259407043,20.45495097400037,1.4755885117499565,Cabrita
803,324,1908,668,2.0617283950617282,2.626612901687622,1751.950805425644,13.826857572693893,1.3247016451095397,Cabrita
804,248,1608,288,1.1612903225806452,2.7276363372802734,782.8316287994385,15.29668804441024,0.7023552914925246,Cabrita
805,275,1604,371,1.3490909090909091,2.6329550743103027,974.193377494812,13.914828558967159,0.876224410585184,Cabrita
806,266,1511,311,1.169172932330827,2.7481777667999268,851.9351077079773,15.614153316208649,0.8134232660817365,Cabrita
807,321,1851,391,1.2180685358255452,3.079530715942383,1201.0169792175293,21.748193920358155,0.9360892706324003,Cabrita
808,300,1708,369,1.23,2.6385550498962402,970.9882583618164,13.992969849632518,0.8201639022833748,Cabrita
809,314,1632,445,1.4171974522292994,2.574099540710449,1142.9001960754395,13.119498263985879,1.010328704110944,Cabrita
810,297,1584,387,1.303030303030303,3.3641164302825928,1298.5489420890808,28.90794382781717,1.1827084085249537,Cabrita
811,266,1522,337,1.2669172932330828,3.0232021808624268,1015.7959327697754,20.55701367696499,0.9628671187661851,Cabrita
812,313,1747,434,1.3865814696485623,2.468158483505249,1068.7126233577728,11.800695654501755,0.8825566123947873,Cabrita
813,322,1377,568,1.763975155279503,3.932996988296509,2230.0092923641205,51.05977413573027,2.336400397407424,Cabrita
814,381,1586,647,1.6981627296587927,3.6106674671173096,2332.491183757782,36.99073467578208,2.1217361057532034,Cabrita
815,305,1277,552,1.8098360655737704,3.483792304992676,1919.5695600509644,32.58305294828691,2.1686401604752823,Cabrita
816,330,1417,600,1.8181818181818181,3.7229223251342773,2230.030472755432,41.38515845506381,2.2704685279290984,Cabrita
817,207,873,345,1.6666666666666667,4.211342811584473,1448.7019271850586,67.44704770598925,2.3940837183003074,Cabrita
818,145,619,285,1.9655172413793103,3.362452268600464,954.9364442825317,28.85987634251669,2.2256576292900623,Cabrita
819,161,937,266,1.6521739130434783,3.673245668411255,973.4101021289825,39.37951150201671,1.4987555251789781,Cabrita
820,157,995,276,1.7579617834394905,4.170760154724121,1146.9590425491333,64.76466456621792,1.6630272590838073,Cabrita
821,156,896,261,1.6730769230769231,4.229811668395996,1099.751033782959,68.7042917658706,1.7707649136731984,Cabrita
822,160,962,281,1.75625,3.9600603580474854,1108.816900253296,52.46049226642504,1.6628738495314994,Cabrita
823,156,919,241,1.544871794871795,4.316292762756348,1035.9102630615234,74.91040225254002,1.6262269851195228,Cabrita
824,185,1074,332,1.7945945945945947,3.889840841293335,1287.5373184680939,48.903102549750976,1.7295378997331408,Cabrita
825,155,927,247,1.5935483870967742,3.6992833614349365,910.0237069129944,40.418328645707376,1.4162747454743998,Cabrita
826,151,994,283,1.8741721854304636,2.9924168586730957,843.861554145813,19.933801500764503,1.2247835808481067,Cabrita
827,164,990,301,1.8353658536585367,2.262425661087036,678.7276983261108,9.606362708700846,0.9890879641303642,Cabrita
828,165,1004,277,1.6787878787878787,2.705151081085205,746.6216983795166,14.956576175598586,1.0728559976814982,Cabrita
829,162,921,269,1.6604938271604939,2.8311893939971924,758.7587575912476,16.96562764469537,1.1885531995743366,Cabrita
830,167,992,294,1.7604790419161678,2.773895025253296,812.7512423992157,16.02091450558298,1.182008252908964,Cabrita
831,164,987,275,1.6768292682926829,3.025672197341919,829.0341820716858,20.607852600158008,1.2117968624136364,Cabrita
832,200,1176,366,1.83,2.762282371520996,1008.2330656051636,15.83594524359501,1.2368816699054817,Cabrita
833,161,945,270,1.6770186335403727,2.6244637966156006,705.9807612895966,13.797174110818332,1.0777935907677418,Cabrita
834,163,1078,322,1.9754601226993864,2.0118825435638428,645.8142964839935,7.477380600546419,0.8642978505312173,Cabrita
835,287,1877,532,1.853658536585366,2.6881234645843506,1427.3935596942902,14.704057330581634,1.0971196643408614,Cabrita
836,167,1029,305,1.8263473053892216,3.797548770904541,1154.4548263549805,44.591745833679745,1.6185872234331,Cabrita
837,218,1510,390,1.7889908256880733,3.067796468734741,1193.3728263378143,21.49448667944512,1.1401808334365635,Cabrita
838,298,2032,560,1.8791946308724832,3.2153592109680176,1797.3857989311218,24.912239053619217,1.2761218399026462,Cabrita
839,182,1250,336,1.8461538461538463,3.489915609359741,1169.1217291355133,32.783180995857336,1.349348896655468,Cabrita
840,301,1862,524,1.7408637873754154,3.2574570178985596,1703.6500203609467,25.983377792488632,1.3200039934399137,Cabrita
841,258,1786,499,1.934108527131783,2.7516276836395264,1370.3105864524841,15.668113872867336,1.106909455516599,Cabrita
842,303,1904,507,1.6732673267326732,3.261810779571533,1650.4762544631958,26.096749845222128,1.2505955396108421,Cabrita
843,277,1744,503,1.815884476534296,2.7461607456207275,1378.5726943016052,15.582690979041512,1.1404013701684992,Cabrita
844,194,1255,376,1.9381443298969072,3.4084322452545166,1278.1620919704437,30.21783295344998,1.4693212044127668,Cabrita
845,173,1055,297,1.716763005780347,3.966658353805542,1174.1308727264404,52.80777078309984,1.6056045378550392,Cabrita
846,89,606,163,1.8314606741573034,4.403322696685791,713.3382768630981,81.7219553162882,1.6982336543014358,Cabrita
847,291,1671,593,2.0378006872852232,3.5612223148345947,2108.24361038208,35.2062039211645,1.8201990434973494,Cabrita
848,285,1689,622,2.1824561403508773,3.32151460647583,2062.6605706214905,27.702276847495785,1.7618651132461953,Cabrita
849,294,1714,525,1.7857142857142858,4.0658674240112305,2130.5145301818848,58.31547082952579,1.7932804826343554,Cabrita
850,95,491,165,1.736842105263158,4.974329471588135,815.7900333404541,144.65179948120345,2.3970188095863856,Cabrita
851,275,1709,618,2.247272727272727,3.2270171642303467,1991.069590330124,25.204364254634275,1.6808111316758865,Cabrita
852,287,1813,677,2.3588850174216027,2.9986116886138916,2027.0615015029907,20.057671291143933,1.6130345150553231,Cabrita
853,280,1752,581,2.075,3.3864684104919434,1964.1516780853271,29.56136908572097,1.6173926287257063,Cabrita
854,261,2406,1354,5.187739463601533,2.8295094966888428,3828.3263490200043,16.93715105804809,2.295555876407195,Cabrita
855,173,1579,891,5.1502890173410405,3.4481966495513916,3068.8950181007385,31.44363725215596,2.8039769623956814,Cabrita
856,199,1977,1135,5.703517587939698,3.084014892578125,3497.2728881835938,21.845935645203667,2.552098256154726,Cabrita
857,276,2681,1555,5.634057971014493,2.94347882270813,4574.166090488434,18.98176578254377,2.461442273386841,Cabrita
858,161,1592,941,5.84472049689441,2.8731651306152344,2700.7752227783203,17.692930103665,2.4474843093329572,Cabrita
859,263,2394,1302,4.9505703422053235,3.030282497406006,3942.3975291252136,20.703080329854373,2.3758050812371962,Cabrita
860,225,2070,1149,5.1066666666666665,3.0197179317474365,3466.636185646057,20.48551255644736,2.416086393042415,Cabrita
861,258,2494,1450,5.62015503875969,3.0768606662750244,4458.37110543251,21.69020261669844,2.579017595930284,Cabrita
862,236,2198,1267,5.36864406779661,3.0056633949279785,3805.169857978821,20.19961197224747,2.497588573178438,Cabrita
863,205,1896,1109,5.409756097560976,3.4198477268218994,3789.1912813186646,30.56476047346265,2.8832528853049233,Cabrita
864,213,1974,1182,5.549295774647887,3.042390823364258,3593.0635623931885,20.955283774263687,2.6259853004374296,Cabrita
865,120,1162,696,5.8,3.2418630123138428,2253.0947935581207,25.581335724326173,2.7973568720473696,Cabrita
866,373,3424,2001,5.3646112600536195,2.780217170715332,5560.434341430664,16.122521907476454,2.34287705886995,Cabrita
867,339,2724,1499,4.421828908554573,2.8191449642181396,4223.079156398773,16.762511995422663,2.236642935469184,Cabrita
868,322,2855,1626,5.049689440993789,3.206815004348755,5211.074382066727,24.700290491364328,2.633271862946125,Cabrita
869,110,997,575,5.2272727272727275,3.5774567127227783,2053.4601531028748,35.782420049336764,2.971431072762898,Cabrita
870,318,2872,1630,5.1257861635220126,2.8324508666992188,4614.062461853027,16.987042825334935,2.3177872674328985,Cabrita
871,415,3746,2085,5.024096385542169,2.699809209284535,5626.402392148972,14.876893081013177,2.166893440789942,Cabrita
872,342,3089,1726,5.046783625730995,2.993725299835205,5164.176142215729,19.959900778126286,2.411891003772007,Cabrita
873,137,914,371,2.708029197080292,4.76045560836792,1761.3685750961304,116.79912843859086,2.7802163112350624,Cabrita
874,153,1046,440,2.8758169934640523,4.173696994781494,1832.252980709076,64.95514759960955,2.5271341194292596,Cabrita
875,127,834,353,2.779527559055118,4.566199779510498,1607.3023223876953,96.1779171158671,2.7803921939065255,Cabrita
876,144,1002,436,3.0277777777777777,4.229747295379639,1839.9400734901428,68.69986920572123,2.6491740714142757,Cabrita
877,132,1018,422,3.196969696969697,4.4047627449035645,1854.4051156044006,81.83972364808082,2.628036408724552,Cabrita
878,162,1078,435,2.685185185185185,4.730049133300781,2052.841323852539,113.30112907035651,2.7473320942986947,Cabrita
879,139,933,380,2.7338129496402876,4.486979961395264,1700.565405368805,88.85270168477508,2.629579075062063,Cabrita
880,129,1032,440,3.4108527131782944,3.818275213241577,1676.2228186130524,45.52561858096291,2.3432929727112124,Cabrita
881,243,1318,354,1.4567901234567902,3.0004827976226807,1059.1704275608063,20.095236513945718,1.1593777870244448,Cabrita
882,299,1583,399,1.334448160535117,2.824557065963745,1124.1737122535706,16.85347835340622,1.024535590502819,Cabrita
883,206,1154,278,1.3495145631067962,2.973574161529541,823.6800427436829,19.561711514686376,1.0297392659839868,Cabrita
884,237,1354,355,1.4978902953586497,3.3211801052093506,1175.69775724411,27.693011950452217,1.2527129423636292,Cabrita
885,141,801,189,1.3404255319148937,3.1542930603027344,593.0070953369141,23.436463067597597,1.0680754003177713,Cabrita
886,102,557,199,1.9509803921568627,2.0865023136138916,413.12745809555054,8.056686063651668,1.0700483573599888,Cabrita
887,224,984,382,1.7053571428571428,3.9945321083068848,1521.916733264923,54.30042795991428,2.231363540373207,Cabrita
888,229,942,401,1.7510917030567685,3.5739691257476807,1429.5876502990723,35.65784310996262,2.18944693588384,Cabrita
889,226,922,381,1.6858407079646018,4.0330915451049805,1532.5747871398926,56.435113530256444,2.3980889861151646,Cabrita
890,253,1055,435,1.7193675889328064,3.7533509731292725,1628.9543223381042,42.66380800522057,2.2275680783619194,Cabrita
891,266,1054,452,1.699248120300752,3.796055316925049,1712.020947933197,44.52519981748699,2.3433815289195876,Cabrita
892,284,1162,492,1.732394366197183,3.7333388328552246,1833.0693669319153,41.8185003137955,2.2758692644390237,Cabrita
893,244,975,414,1.6967213114754098,3.5639045238494873,1471.8925683498383,35.300761073035645,2.177940624697058,Cabrita
894,277,1152,483,1.743682310469314,3.5802769660949707,1725.6934976577759,35.883477977644546,2.1611540374697946,Cabrita
895,281,1883,555,1.9750889679715302,1.9890012741088867,1101.9067058563232,7.308231196571569,0.8442460648227357,Cabrita
896,283,1847,637,2.2508833922261484,2.0766117572784424,1320.7250776290894,7.977393725315904,1.0316207470888894,Cabrita
897,285,1742,542,1.9017543859649122,2.1683473587036133,1173.0759210586548,8.743821692678106,0.9715217071742678,Cabrita
898,310,1987,625,2.0161290322580645,2.4993093013763428,1559.569004058838,12.174082434141416,1.1323515189128461,Cabrita
899,304,1983,631,2.075657894736842,2.322160482406616,1462.9611039161682,10.197682436916224,1.0643503427298535,Cabrita
900,311,1741,627,2.0160771704180065,2.4824001789093018,1553.982511997223,11.96996001235965,1.2877213461726407,Cabrita
901,316,1718,571,1.8069620253164558,2.8168632984161377,1605.6120800971985,16.72430914468975,1.3483169880952512,Cabrita
902,258,1561,498,1.930232558139535,2.5939390659332275,1289.187715768814,13.382382002304777,1.1914828470945795,Cabrita
903,316,1812,604,1.9113924050632911,2.4975876808166504,1506.0453715324402,12.153141315030428,1.1990972344722008,Cabrita
904,201,1111,389,1.935323383084577,1.987412452697754,771.1160316467285,7.296628941765057,1.0013368810141425,Cabrita
905,179,1121,366,2.0446927374301676,2.198056697845459,802.2906947135925,9.007492201358046,1.0325252512173606,Cabrita
906,171,977,296,1.7309941520467835,2.9198665618896484,861.3606357574463,18.538813510447987,1.2719352278651306,Cabrita
907,176,1063,337,1.9147727272727273,2.597228527069092,872.6687850952148,13.426475309657596,1.1843790485375945,Cabrita
908,174,1054,338,1.9425287356321839,2.5727806091308594,867.0270652770996,13.102205949613671,1.1867700639390732,Cabrita
909,219,1255,440,2.009132420091324,2.5703248977661133,1128.3726301193237,13.070070187787332,1.2971295599585537,Cabrita
910,167,973,307,1.8383233532934131,2.514065980911255,769.304190158844,12.35506352303357,1.140669414262348,Cabrita
911,174,1179,383,2.2011494252873565,2.257695436477661,862.4396567344666,9.561029757457488,1.0553328378598767,Cabrita
912,328,1971,580,1.7682926829268293,2.412437915802002,1396.8015532493591,11.16113791876248,1.0224041978583724,Cabrita
913,251,1378,455,1.8127490039840637,2.846043586730957,1292.1037883758545,17.219519357442174,1.3527661304816314,Cabrita
914,353,2226,604,1.7110481586402266,2.2022225856781006,1327.9402191638947,9.04509467298043,0.8606526364711384,Cabrita
915,342,2022,649,1.8976608187134503,2.8040647506713867,1817.0339584350586,16.511626195209566,1.2964519688234926,Cabrita
916,333,2040,556,1.6696696696696696,2.8169350624084473,1563.3989596366882,16.72550939094931,1.1056411401954975,Cabrita
917,91,581,172,1.89010989010989,2.6200783252716064,448.0333936214447,13.736799481492826,1.112522470103806,Cabrita
918,343,2182,800,2.3323615160349855,2.2286887168884277,1780.7222847938538,9.287679314049749,1.1773781894924644,Cabrita
919,340,1861,602,1.7705882352941176,2.6389942169189453,1586.0355243682861,13.999116450133513,1.2295355108435535,Cabrita
920,300,1734,530,1.7666666666666666,2.5228116512298584,1334.567363500595,12.463590715152735,1.1103654654293929,Cabrita
921,327,1862,562,1.7186544342507646,3.1063191890716553,1742.6450650691986,22.338668473602542,1.350217719336712,Cabrita
922,268,1661,487,1.8171641791044777,2.5360536575317383,1232.5220775604248,12.629731251228085,1.070531901916067,Cabrita
923,281,1752,608,2.1637010676156585,2.331936836242676,1415.4856595993042,10.297867513155891,1.1655902634436985,Cabrita
924,165,1119,367,2.224242424242424,2.234130859375,817.69189453125,9.338361974287094,1.0542270252147772,Cabrita
925,198,1145,392,1.97979797979798,2.823052406311035,1103.8134908676147,16.82813867309807,1.390800217765103,Cabrita
926,161,980,305,1.8944099378881987,2.5017974376678467,760.5464210510254,12.20441092552508,1.1196291326695549,Cabrita
927,136,883,324,2.3823529411764706,2.284137487411499,737.7764084339142,9.817215099709326,1.2054205727434637,Cabrita
928,134,840,275,2.0522388059701493,2.3897454738616943,654.7902598381042,10.910716527050706,1.1245984055843201,Cabrita
929,141,963,272,1.929078014184397,1.900173306465149,514.9469660520554,6.687053251423078,0.7714552795889071,Cabrita
930,223,1383,458,2.0538116591928253,2.570051431655884,1174.513504266739,13.066496455202298,1.22520955029844,Cabrita
931,213,1350,432,2.028169014084507,2.4183759689331055,1042.3200426101685,11.227610512302613,1.11388885666138,Cabrita
932,98,512,173,1.7653061224489797,3.0764365196228027,529.1470813751221,21.68100474063462,1.4910114652358544,Cabrita
933,176,1180,360,2.0454545454545454,2.183511734008789,783.8807125091553,8.877426744714118,0.9583905225300556,Cabrita
934,223,1743,747,3.3497757847533634,3.814985990524292,2845.979548931122,45.37612068283392,2.355640035406964,Cabrita
935,227,1671,708,3.118942731277533,4.451888084411621,3147.484875679016,85.78876762063834,2.7174511199372424,Cabrita
936,209,1770,760,3.6363636363636362,3.517254590988159,2669.596234560013,33.691803594239104,2.175939688573774,Cabrita
937,250,1738,758,3.032,4.069639205932617,3080.716878890991,58.53583939797592,2.5572698294355343,Cabrita
938,228,1760,819,3.5921052631578947,3.374523162841797,2760.35994720459,29.21035187869456,2.2627031857389674,Cabrita
939,229,1482,633,2.7641921397379914,4.135559558868408,2613.673641204834,62.52456746009409,2.544354926227,Cabrita
940,204,1406,605,2.965686274509804,4.126255035400391,2492.258041381836,61.94550428593354,2.5573032126011492,Cabrita
941,262,1774,767,2.927480916030534,3.998941421508789,3063.1891288757324,54.54038418609516,2.4911204991736207,Cabrita
942,191,1453,623,3.261780104712042,3.7322373390197754,2321.4516248703003,41.7724628531364,2.3049874376214787,Cabrita
943,271,1746,436,1.6088560885608856,3.26821231842041,1421.6723585128784,26.26434506450622,1.1747077098484802,Cabrita
944,252,1588,460,1.8253968253968254,3.2623543739318848,1497.420657634735,26.110939747687553,1.3604038771374827,Cabrita
945,275,1601,447,1.6254545454545455,3.401313543319702,1516.9858403205872,30.0034850521372,1.3669881005179814,Cabrita
946,272,1712,503,1.849264705882353,3.7528746128082275,1883.9430556297302,42.64348949979131,1.5875907147629744,Cabrita
947,271,1733,453,1.6715867158671587,3.8129563331604004,1723.456262588501,45.284116105813276,1.434750030712901,Cabrita
948,268,1446,493,1.8395522388059702,3.891542434692383,1914.6388778686523,48.986386583928805,1.910262803730508,Cabrita
949,269,1509,449,1.6691449814126393,4.5304789543151855,2029.6545715332031,92.80299883618997,1.9404722233721443,Cabrita
950,264,1509,450,1.7045454545454546,3.3747522830963135,1515.2637751102448,29.217045328724733,1.4486835878000262,Cabrita
951,289,1642,532,1.8408304498269896,3.449336051940918,1831.5974435806274,31.479484625989965,1.609279262337804,Cabrita
952,328,2155,690,2.1036585365853657,1.8052077293395996,1243.7881255149841,6.081234568163087,0.8326714434325045,Cabrita
953,221,1370,448,2.0271493212669682,2.421583890914917,1082.447999238968,11.263685643033968,1.139884934687766,Cabrita
954,249,1718,517,2.076305220883534,1.9784698486328125,1020.8904418945312,7.231668966703014,0.8572954469221087,Cabrita
955,346,2346,723,2.0895953757225434,2.1975209712982178,1586.6101412773132,9.002667941019258,0.9757010156201694,Cabrita
956,223,1557,488,2.188340807174888,2.183461904525757,1063.3459475040436,8.876984398149814,0.985281904440244,Cabrita
957,358,2289,722,2.016759776536313,2.300337076187134,1658.5430319309235,9.977545080905118,1.0453349966219698,Cabrita
958,301,2038,636,2.1129568106312293,2.0578954219818115,1306.7635929584503,7.829474718416599,0.9250546394383711,Cabrita
959,394,2476,824,2.0913705583756346,2.072575807571411,1705.7298896312714,7.945262249572893,0.9938804736943111,Cabrita
960,306,2073,662,2.1633986928104574,2.21919846534729,1466.8901855945587,9.199953828004979,1.0208756373786594,Cabrita
961,276,1825,611,2.213768115942029,2.2503368854522705,1372.705500125885,9.490932654987391,1.0851481740452706,Cabrita
962,271,1748,556,2.0516605166051662,2.4651899337768555,1368.1804132461548,11.765716646770764,1.1292145865169567,Cabrita
963,174,1144,360,2.0689655172413794,2.5790698528289795,925.8860771656036,13.184868586072774,1.167632213247336,Cabrita
964,512,2928,1076,2.1015625,2.257845640182495,2427.1840631961823,9.562465967408414,1.1959311513995412,Cabrita
965,498,2966,1136,2.281124497991968,2.0022687911987305,2272.575078010559,7.405839356028628,1.105405527678248,Cabrita
966,441,2545,870,1.9727891156462585,2.7678539752960205,2405.265104532242,15.924423108816201,1.3634829227237484,Cabrita
967,146,812,278,1.904109589041096,3.4320874214172363,950.6882157325745,30.941162631709012,1.689104894419904,Cabrita
968,415,2593,922,2.221686746987952,2.1728038787841797,2001.1523723602295,8.782875667407556,1.1134024695978741,Cabrita
969,508,3179,1125,2.2145669291338583,2.2103734016418457,2484.4597034454346,9.119120852083809,1.1274984880305734,Cabrita
970,443,2776,968,2.18510158013544,2.418462038040161,2338.652790784836,11.228576904301427,1.215404460960525,Cabrita
971,189,1120,486,2.5714285714285716,4.857711315155029,2355.989987850189,128.7292440331689,3.034799171299569,Cabrita
972,246,1419,632,2.569105691056911,4.723570346832275,2980.5728888511658,112.56944801048175,3.0303437108905347,Cabrita
973,176,1067,457,2.596590909090909,5.031960964202881,2294.5741996765137,153.23320309406674,3.1025031104264933,Cabrita
974,143,827,348,2.4335664335664338,5.010566711425781,1738.666648864746,149.98971295218945,3.0330903894512717,Cabrita
975,120,775,333,2.775,4.9003586769104,1626.919080734253,134.33795496737548,3.028578180261855,Cabrita
976,93,542,273,2.935483870967742,4.125034332275391,1122.0093383789062,61.869933349495255,2.9865632994655997,Cabrita
977,194,1298,551,2.8402061855670104,4.648610591888428,2556.7358255386353,104.43977525136708,2.8417489186192135,Cabrita
978,238,1522,641,2.69327731092437,4.4677252769470215,2859.3441772460938,87.15823649828233,2.7103558900838847,Cabrita
979,166,1129,476,2.8674698795180724,4.754815101623535,2258.537173271179,116.14217667906964,2.886076509780078,Cabrita
980,199,1405,604,3.0351758793969847,4.282549858093262,2582.377564430237,72.42487792326399,2.6516607159476315,Cabrita
981,125,861,375,3.0,4.458372592926025,1667.4313497543335,86.34687317919776,2.7939546333488594,Cabrita
982,93,616,320,3.4408602150537635,3.8384997844696045,1224.4814312458038,46.45572853050488,2.8677813125307487,Cabrita
983,274,1891,580,2.116788321167883,2.4421193599700928,1413.9871094226837,11.4973820309451,1.0787690061581312,Cabrita
984,284,1802,570,2.007042253521127,2.340020179748535,1331.4714822769165,10.381446055588913,1.065986295541612,Cabrita
985,285,1834,520,1.8245614035087718,2.135737180709839,1108.4475967884064,8.463283176902612,0.8719475741395438,Cabrita
986,291,1816,570,1.958762886597938,2.505551815032959,1425.6589827537537,12.250317010119014,1.1325942425207294,Cabrita
987,308,1902,679,2.2045454545454546,2.1231887340545654,1439.5219616889954,8.357745670170704,1.091898630588573,Cabrita
988,263,1579,523,1.9885931558935361,2.386176586151123,1245.5841779708862,10.871846807013693,1.138060871797564,Cabrita
989,260,1574,524,2.0153846153846153,2.545563220977783,1331.3295645713806,12.750407361017617,1.2202684628945324,Cabrita
990,314,1888,650,2.070063694267516,2.4748611450195312,1606.1848831176758,11.880057393428821,1.227349028402908,Cabrita
991,223,1432,491,2.201793721973094,2.3101067543029785,1131.9523096084595,10.07550020060408,1.1404064131249534,Cabrita
992,450,1893,808,1.7955555555555556,3.4499266147613525,2784.0907781124115,31.498080729759792,2.121814030093751,Cabrita
993,412,1709,716,1.7378640776699028,3.5825445652008057,2561.519364118576,35.96493964651829,2.162370558077777,Cabrita
994,467,1916,834,1.785867237687366,3.7565581798553467,3129.212963819504,42.80085931567942,2.356210868887189,Cabrita
995,421,1706,748,1.7767220902612826,3.7181928157806396,2777.490033388138,41.189889089181186,2.3488107252564996,Cabrita
996,278,1130,478,1.7194244604316546,3.881058692932129,1851.2649965286255,48.47550859283849,2.3635494069585596,Cabrita
997,419,1695,738,1.7613365155131264,3.2295823097229004,2380.2021622657776,25.269100108940503,2.025903159772286,Cabrita
998,449,1837,790,1.7594654788418709,3.147361993789673,2483.268613100052,23.27458502503215,1.9502445908081976,Cabrita
999,415,1650,673,1.621686746987952,3.5645315647125244,2395.3652114868164,35.32290303395641,2.094413037412105,Cabrita
1000,505,2135,921,1.8237623762376238,2.949214458465576,2713.27730178833,19.090951101388075,1.833457474401223,Cabrita
1001,229,1329,427,1.8646288209606987,4.093702793121338,1743.91738986969,59.96150620733878,1.8931083296350841,Cabrita
1002,266,1493,449,1.6879699248120301,4.258723735809326,1907.9082336425781,70.71966885295653,1.8436234073324642,Cabrita
1003,179,1116,354,1.9776536312849162,4.304023742675781,1519.3203811645508,73.99694012416343,1.9640824188419599,Cabrita
1004,252,1454,470,1.8650793650793651,3.8590011596679688,1809.8715438842773,47.4179647313144,1.7957996568142358,Cabrita
1005,136,838,250,1.838235294117647,4.303251266479492,1071.5095653533936,73.93980132134314,1.8447035038191284,Cabrita
1006,93,557,279,3.0,2.6132259368896484,726.4768104553223,13.642991368198208,1.8816597697750894,Cabrita
1007,209,1844,813,3.889952153110048,4.9435014724731445,4014.1231956481934,140.26050905557173,3.1405399283508713,Cabrita
1008,216,1879,825,3.8194444444444446,4.935654163360596,4066.979030609131,139.16414884961975,3.1226239908776994,Cabrita
1009,223,1977,891,3.995515695067265,4.007970333099365,3567.093596458435,55.03505429887919,2.6030491866450993,Cabrita
1010,230,1891,845,3.6739130434782608,4.7334747314453125,3995.0526733398438,113.6899187462746,3.047933728142564,Cabrita
1011,217,1984,883,4.0691244239631335,3.884464740753174,3426.0979013442993,48.64089999887992,2.49133792936971,Cabrita
1012,206,1633,707,3.4320388349514563,4.674835205078125,3300.4336547851562,107.21489716552517,2.9158109409317707,Cabrita
1013,182,1551,689,3.7857142857142856,4.566033840179443,3141.431282043457,96.16195874073632,2.922067912248584,Cabrita
1014,233,1952,847,3.6351931330472103,4.691463470458984,3968.978096008301,109.01259984523551,2.933414455178328,Cabrita
1015,180,1528,688,3.8222222222222224,4.232649803161621,2907.8304147720337,68.89956077368437,2.7454924863466696,Cabrita
1016,271,1518,566,2.088560885608856,2.744781255722046,1550.801409482956,15.561209634297258,1.473869237723765,Cabrita
1017,309,1694,607,1.964401294498382,2.8444135189056396,1723.7145924568176,17.19147323771903,1.4680014725179409,Cabrita
1018,222,1246,423,1.9054054054054055,2.938448190689087,1240.0251364707947,18.886515289786797,1.4357769783018264,Cabrita
1019,255,1510,546,2.1411764705882352,2.7546586990356445,1501.2889909744263,15.71567621192196,1.4343723061059606,Cabrita
1020,136,872,288,2.1176470588235294,2.618726968765259,751.5746400356293,13.718248705316224,1.2434552821528786,Cabrita
1021,114,691,341,2.991228070175439,2.2869043350219727,777.5474739074707,9.844415450109153,1.6233920183242383,Cabrita
1022,307,1967,557,1.8143322475570032,1.9702231884002686,1095.4440927505493,7.172277078770855,0.8034528521516662,Cabrita
1023,195,1158,348,1.7846153846153847,2.652268409729004,920.3371381759644,14.186182247990722,1.146602612428674,Cabrita
1024,231,1617,422,1.826839826839827,2.1149916648864746,890.4114909172058,8.289516671768741,0.7944293397011757,Cabrita
1025,323,2182,580,1.7956656346749227,2.2914395332336426,1326.743489742279,9.88916321875586,0.8772164313395524,Cabrita
1026,210,1361,358,1.7047619047619047,2.64896821975708,945.6816544532776,14.139442319339292,1.002446901645418,Cabrita
1027,332,2053,582,1.7530120481927711,2.3192951679229736,1347.5104925632477,10.168504691401058,0.9469297151324121,Cabrita
1028,285,1882,534,1.8736842105263158,2.044045925140381,1089.476478099823,7.721787858711813,0.8351659469286865,Cabrita
1029,342,2105,599,1.7514619883040936,2.062042236328125,1233.1012573242188,7.862009507746073,0.8451254483874565,Cabrita
1030,299,1887,517,1.7290969899665551,2.2577128410339355,1164.9798259735107,9.56119616438606,0.8906786527120676,Cabrita
1031,225,1455,408,1.8133333333333332,2.6682183742523193,1085.964878320694,14.414265475894236,1.076780855349039,Cabrita
1032,223,1408,397,1.7802690582959642,2.9006571769714355,1148.6602420806885,18.18609292465446,1.1769647975256572,Cabrita
1033,143,890,254,1.7762237762237763,2.953859806060791,747.3265309333801,19.179841508748307,1.2114205394408315,Cabrita
1034,397,2203,785,1.977329974811083,2.5445938110351562,1994.9615478515625,12.738052978547412,1.3064553480933363,Cabrita
1035,377,2058,793,2.103448275862069,2.474848985671997,1960.0803966522217,11.879912940560477,1.3740516365373336,Cabrita
1036,377,2094,690,1.830238726790451,2.9506194591522217,2032.9768073558807,19.117792752647958,1.4006521290423146,Cabrita
1037,120,672,227,1.8916666666666666,3.4514052867889404,780.0175948143005,31.544690512455958,1.6745945176260837,Cabrita
1038,354,2061,747,2.110169491525424,2.287620782852173,1706.565104007721,9.85147098735835,1.1945914665240647,Cabrita
1039,424,2434,874,2.061320754716981,2.3405778408050537,2043.324455022812,10.387236998306006,1.2111314947364646,Cabrita
1040,369,2223,739,2.002710027100271,2.6173598766326904,1931.6115889549255,13.69950740889688,1.2535881512860647,Cabrita
1041,166,1018,212,1.2771084337349397,2.985126495361328,629.8616905212402,19.789005295429487,0.8926309797258667,Cabrita
1042,194,1069,266,1.3711340206185567,2.44081974029541,646.8172311782837,11.482449512449522,0.8729279810874089,Cabrita
1043,147,852,177,1.2040816326530612,2.9925148487091064,526.6826133728027,19.935754910397172,0.8918337962856593,Cabrita
1044,120,748,179,1.4916666666666667,3.0083725452423096,535.4903130531311,20.254409951837477,1.0328198116120733,Cabrita
1045,115,713,160,1.391304347826087,2.6598942279815674,422.9231822490692,14.294777031292158,0.855749197346019,Cabrita
1046,130,827,153,1.176923076923077,2.494417428970337,379.1514492034912,12.114673804404363,0.661426741852165,Cabrita
1047,205,1184,334,1.6292682926829267,2.8325977325439453,943.2550449371338,16.989537824939514,1.1493491348178204,Cabrita
1048,188,1200,257,1.3670212765957446,3.344407558441162,856.1683349609375,28.343778659110022,1.0293248425119212,Cabrita
1049,76,422,122,1.605263157894737,3.5262038707733154,426.67066836357117,33.9946741865087,1.4586626951206247,Cabrita
1050,167,1023,200,1.1976047904191616,3.0638182163238525,609.6998250484467,21.40914605182413,0.8598347155701491,Cabrita
1051,184,1124,473,2.5706521739130435,4.3190202713012695,2038.5775680541992,75.11499990887668,2.6165887436826307,Cabrita
1052,170,1030,447,2.6294117647058823,4.336658477783203,1934.1496810913086,76.45164716419603,2.7091147118906806,Cabrita
1053,151,923,393,2.6026490066225167,4.92766809463501,1931.6458930969238,138.057200359304,3.019258884858575,Cabrita
1054,184,1054,439,2.385869565217391,4.636150360107422,2030.6338577270508,103.14650539807297,2.779492785962088,Cabrita
1055,182,1074,437,2.401098901098901,4.760372638702393,2075.522470474243,116.78943805597989,2.788031634456984,Cabrita
1056,208,1186,527,2.5336538461538463,4.224471092224121,2222.0717945098877,68.33834930393282,2.703011769341193,Cabrita
1057,159,981,429,2.69811320754717,4.250242710113525,1819.1038799285889,70.12242970433613,2.675241739485064,Cabrita
1058,199,1235,533,2.678391959798995,4.090414524078369,2176.1005268096924,59.764660460964116,2.542064322675469,Cabrita
1059,250,1587,321,1.284,3.168858051300049,1014.0345764160156,23.78031294774888,0.921829019965549,Cabrita
1060,269,1522,328,1.2193308550185873,2.69539737701416,881.3949422836304,14.811403295236419,0.8354691933621601,Cabrita
1061,243,1561,284,1.168724279835391,2.5794599056243896,729.9871532917023,13.190012384033059,0.6746629378389433,Cabrita
1062,285,1609,336,1.1789473684210525,2.991521120071411,1002.1595752239227,19.91595401981409,0.898577159325633,Cabrita
1063,292,1554,405,1.3869863013698631,2.6770811080932617,1081.5407676696777,14.542583056679018,1.004075612635963,Cabrita
1064,232,1326,320,1.3793103448275863,3.3002216815948486,1052.7707164287567,27.118649959938146,1.1454201295511979,Cabrita
1065,231,1299,309,1.3376623376623376,3.170839548110962,976.6185808181763,23.82748027754127,1.0846518732766746,Cabrita
1066,299,1590,413,1.3812709030100334,3.092238426208496,1274.0022315979004,22.026327142839907,1.1559727683067695,Cabrita
1067,212,1192,283,1.3349056603773586,3.1331613063812256,883.5514883995056,22.946405620125145,1.0693752941980113,Cabrita
1068,308,1711,463,1.5032467532467533,2.867464780807495,1324.7687287330627,17.592361124454666,1.1170293835581333,Cabrita
1069,310,1579,448,1.4451612903225806,2.3766279220581055,1062.3526811599731,10.768529251114954,0.9706465768110116,Cabrita
1070,339,1870,507,1.4955752212389382,2.6882736682891846,1360.2664761543274,14.706266100347326,1.0494383419440394,Cabrita
1071,326,1721,477,1.4631901840490797,2.955009698867798,1406.5846166610718,19.201908955706447,1.1791241435488855,Cabrita
1072,201,1044,258,1.2835820895522387,3.158762216567993,811.8018896579742,23.541438684844177,1.1218223758561772,Cabrita
1073,300,1590,417,1.39,3.3113017082214355,1377.5015106201172,27.42079612623021,1.2498833950872321,Cabrita
1074,334,1775,516,1.5449101796407185,2.948992967605591,1518.7313783168793,19.086723098459977,1.2344035086987166,Cabrita
1075,321,1623,384,1.1962616822429906,3.3152015209198,1269.7221825122833,27.527940881608433,1.1286641380266067,Cabrita
1076,354,1934,531,1.5,2.6095776557922363,1383.0761575698853,13.593308584164673,1.031725498292573,Cabrita
1077,268,2213,917,3.421641791044776,3.282703399658203,3006.956314086914,26.647714835064154,1.9602896351120411,Cabrita
1078,182,1347,581,3.1923076923076925,4.618743419647217,2678.8711833953857,101.36657681853765,2.8691864673087393,Cabrita
1079,206,1805,756,3.6699029126213594,3.682913303375244,2780.5995440483093,39.762064455888435,2.2224693478651574,Cabrita
1080,288,2494,1020,3.5416666666666665,3.629938840866089,3698.9076788425446,37.710510204509916,2.139693570558238,Cabrita
1081,185,1653,701,3.789189189189189,3.6163713932037354,2531.4599752426147,37.202329980561224,2.209391864786097,Cabrita
1082,274,2248,946,3.4525547445255476,3.745755195617676,3539.7386598587036,42.34097086356077,2.271691908639278,Cabrita
1083,237,2021,842,3.5527426160337554,3.5635416507720947,2996.9385282993317,35.28795370109654,2.1393707830908038,Cabrita
1084,288,2281,974,3.3819444444444446,4.07100772857666,3961.0905199050903,58.61600185924078,2.505324703892749,Cabrita
1085,237,1906,786,3.3164556962025316,3.8025760650634766,2985.022211074829,44.81648610142942,2.259431658374116,Cabrita
1086,209,1670,692,3.311004784688995,4.2416534423828125,2930.9825286865234,69.5227086510791,2.5320442868672104,Cabrita
1087,208,1717,718,3.451923076923077,4.319127559661865,3096.8144602775574,75.1230593064051,2.602072722420305,Cabrita
1088,125,984,406,3.248,4.7786993980407715,1935.3732562065125,118.94954338653659,2.837554267274655,Cabrita
1089,396,2761,1257,3.1742424242424243,3.8859992027282715,4880.814998626709,48.71559490395229,2.5503540724430374,Cabrita
1090,334,2232,1035,3.0988023952095807,3.6051690578460693,3727.7448058128357,36.78790261514198,2.4094977352355604,Cabrita
1091,335,2306,1025,3.0597014925373136,4.309842109680176,4413.2783203125,74.42873643556658,2.7610645042400774,Cabrita
1092,109,766,331,3.036697247706422,4.719695568084717,1557.4995374679565,112.13411026909718,2.9334162648718998,Cabrita
1093,319,2269,1024,3.2100313479623823,3.554330348968506,3636.0799469947815,34.96439818104953,2.311923538036658,Cabrita
1094,402,2989,1335,3.3208955223880596,3.581110954284668,4777.202013015747,35.913416857083796,2.305803162764333,Cabrita
1095,319,2430,1055,3.3072100313479624,3.9513792991638184,4164.753781318665,52.00705066824038,2.472621245609875,Cabrita
1096,282,2156,1270,4.50354609929078,2.674386501312256,3393.7964701652527,14.50344926253358,2.2709709356650647,Cabrita
1097,211,1595,976,4.625592417061611,3.0765273571014404,2999.6141731739044,21.682974277892136,2.7131840076603386,Cabrita
1098,244,1784,1076,4.409836065573771,2.772681474685669,2980.632585287094,16.00148410796046,2.4103945344763122,Cabrita
1099,329,2447,1457,4.428571428571429,2.7913403511047363,4064.191551208496,16.302856715962765,2.3961540646306996,Cabrita
1100,217,1619,1005,4.631336405529954,2.643787145614624,2654.3622941970825,14.066374269292472,2.365309029376642,Cabrita
1101,303,2293,1293,4.267326732673268,2.7606825828552246,3566.80189704895,15.810631331736044,2.244137552859079,Cabrita
1102,263,2038,1177,4.475285171102661,2.6168723106384277,3077.441837310791,13.692829623009096,2.178513286218105,Cabrita
1103,365,2633,1635,4.47945205479452,2.456038475036621,4013.166868209839,11.658534361494068,2.1989274360145186,Cabrita
1104,289,2240,1367,4.730103806228374,2.6259076595306396,3586.9898629188538,13.81710972753473,2.310237717389292,Cabrita
1105,254,1998,1239,4.877952755905512,2.8161113262176514,3486.3458218574524,16.711737656471264,2.5173842983071593,Cabrita
1106,271,2018,1266,4.671586715867159,2.6089892387390137,3300.3713870048523,13.585312402359612,2.3594794019443657,Cabrita
1107,150,1120,696,4.64,2.935178279876709,2039.9489045143127,18.82485892956948,2.627700150187208,Cabrita
1108,513,3586,2262,4.409356725146199,2.3872666200775323,5397.6098279953,10.883703950046122,2.1715295402962496,Cabrita
1109,512,3385,2144,4.1875,2.1122363434736826,4526.522484064102,8.266707826261541,1.9292146352235366,Cabrita
1110,460,3185,1990,4.326086956521739,2.511701822280884,4995.774924516678,12.325888693528064,2.262913566404285,Cabrita
1111,151,1081,634,4.198675496688741,3.081868886947632,1950.823005437851,21.799104412323203,2.603554741533109,Cabrita
1112,483,3293,2044,4.231884057971015,2.1969716548919678,4488.41309094429,8.9977239858414,1.966417038495728,Cabrita
1113,587,4184,2580,4.395229982964225,2.100846788780594,5418.083868265152,8.173087862237741,1.8682224492989068,Cabrita
1114,509,3573,2158,4.239685658153242,2.251650961118547,4856.811123132706,9.50341265667698,1.9610683800385984,Cabrita
1115,426,1795,765,1.795774647887324,3.1706831455230713,2422.4019231796265,23.82375388937892,1.9469566805633063,Cabrita
1116,385,1602,630,1.6363636363636365,3.849449396133423,2421.303670167923,46.9671957912715,2.180526090784962,Cabrita
1117,407,1719,722,1.7739557739557739,3.5282769203186035,2543.887659549713,34.06521992751703,2.1349936655096005,Cabrita
1118,459,1900,833,1.8148148148148149,3.4454197883605957,2866.5892639160156,31.35644375432187,2.1766390080616738,Cabrita
1119,427,1728,734,1.7189695550351287,3.6276040077209473,2659.0337376594543,37.62256516381451,2.2200085572209143,Cabrita
1120,410,1712,760,1.853658536585366,3.184136152267456,2416.759339570999,24.14642056317095,2.0365927069048873,Cabrita
1121,440,1760,745,1.6931818181818181,3.524656295776367,2622.344284057617,33.94210556614128,2.149569939837184,Cabrita
1122,383,1597,706,1.843342036553525,3.2712152004241943,2306.206716299057,26.343332329004834,2.083376952329036,Cabrita
1123,375,1595,700,1.8666666666666667,3.099364995956421,2166.456132173538,22.18385996711304,1.9595833969844816,Cabrita
1124,286,1830,478,1.6713286713286712,2.175961494445801,1037.933632850647,8.810652444282766,0.818263226713385,Cabrita
1125,257,1653,504,1.961089494163424,2.2604339122772217,1136.9982578754425,9.58724828908941,0.992342255375857,Cabrita
1126,289,1674,489,1.6920415224913494,2.147104263305664,1047.786880493164,8.560034866252241,0.9030089225782585,Cabrita
1127,277,1787,507,1.8303249097472925,2.7200491428375244,1376.3448662757874,15.181068267394227,1.1111616749463133,Cabrita
1128,275,1721,506,1.84,2.559807777404785,1292.7029275894165,12.933330998138306,1.0836583980103986,Cabrita
1129,278,1543,560,2.014388489208633,2.689042568206787,1503.174795627594,14.717578095478876,1.405458731847836,Cabrita
1130,279,1530,481,1.7240143369175627,3.360428810119629,1613.0058288574219,28.801538622857127,1.5209643857631336,Cabrita
1131,259,1531,468,1.806949806949807,2.583392858505249,1206.4444649219513,13.241990227441965,1.1368592074793196,Cabrita
1132,316,1789,575,1.8196202531645569,2.4702234268188477,1417.9082469940186,11.825088598444973,1.1434372254744742,Cabrita
1133,286,1937,810,2.832167832167832,4.165180683135986,3369.631172657013,64.40431816641866,2.509731637799244,Cabrita
1134,267,1689,732,2.741573033707865,4.148064613342285,3032.2352323532104,63.311349706744494,2.590047799008153,Cabrita
1135,281,1850,849,3.02135231316726,4.268392086029053,3619.5964889526367,71.40672738811402,2.8226885970978772,Cabrita
1136,254,1625,740,2.9133858267716537,4.3785176277160645,3235.7245268821716,79.7197713929814,2.8727161406865824,Cabrita
1137,168,1097,472,2.8095238095238093,4.597506046295166,2165.425347805023,99.23651549385346,2.8478107663569427,Cabrita
1138,236,1688,734,3.110169491525424,3.85138201713562,2823.0630185604095,47.05805334860418,2.412807474522589,Cabrita
1139,265,1830,834,3.147169811320755,3.629835367202759,3023.652860879898,37.70660836174547,2.3837207583394298,Cabrita
1140,262,1660,721,2.7519083969465647,4.112476825714111,2960.98331451416,61.09785906519381,2.5733710506051475,Cabrita
1141,279,2050,914,3.2759856630824373,3.4665822982788086,3164.9896383285522,32.027096120730064,2.227373100332467,Cabrita
1142,247,1915,887,3.591093117408907,4.214446067810059,3733.999216079712,67.65667827713575,2.8130663977657844,Cabrita
1143,203,1460,669,3.2955665024630543,4.280593395233154,2859.436388015747,72.28331986115889,2.8255443128272386,Cabrita
1144,269,2316,1106,4.111524163568773,3.873796224594116,4280.544828176498,48.12473204008033,2.666459756439177,Cabrita
1145,275,2278,1052,3.8254545454545457,4.131137371063232,4341.825376987457,62.24868253741298,2.749749754076233,Cabrita
1146,242,2015,908,3.7520661157024793,4.353837013244629,3948.9301710128784,77.77631988879821,2.827345893070514,Cabrita
1147,80,643,301,3.7625,4.619927883148193,1385.978364944458,101.48671296339205,3.109710908063396,Cabrita
1148,355,2744,1320,3.7183098591549295,2.6924633979797363,3551.359221935272,14.768010636201566,1.8671750502555777,Cabrita
1149,265,2090,1004,3.788679245283019,3.723095417022705,3734.264703273773,41.39232251029571,2.5777058223826645,Cabrita
1150,232,1885,857,3.6939655172413794,4.491596221923828,3844.806365966797,89.26381708224241,2.942643542365313,Cabrita
1151,254,2012,942,3.7086614173228347,4.374190330505371,4116.113101005554,79.37554556946833,2.9514393432200827,Cabrita
1152,236,1935,896,3.7966101694915255,3.6339550018310547,3252.389726638794,37.862266217871124,2.424912935224806,Cabrita
1153,245,1951,919,3.7510204081632654,3.6087117195129395,3312.7973585128784,36.91846083279065,2.4496957050725716,Cabrita
1154,246,1417,473,1.9227642276422765,3.010758399963379,1421.0779647827148,20.302791724433515,1.4468469530759378,Cabrita
1155,275,1534,489,1.778181818181818,2.878958225250244,1404.9316139221191,17.795724383139902,1.3213089127728612,Cabrita
1156,193,1212,407,2.1088082901554404,2.6863913536071777,1090.6748895645142,14.678610316358885,1.298276612538649,Cabrita
1157,259,1481,490,1.8918918918918919,3.0745584964752197,1503.4591047763824,21.640325522082087,1.4645732576909165,Cabrita
1158,133,827,259,1.9473684210526316,2.7032220363616943,697.4312853813171,14.9277520816668,1.2166634302060964,Cabrita
1159,96,553,278,2.8958333333333335,1.7891961336135864,495.60732901096344,5.9846396815495115,1.292966068340582,Cabrita
1160,162,1049,305,1.882716049382716,2.4479329586029053,744.1716194152832,11.564417866315628,1.023463017064574,Cabrita
1161,175,1014,324,1.8514285714285714,2.8585281372070312,923.3045883178711,17.435844869649422,1.3136557700159948,Cabrita
1162,161,1007,270,1.6770186335403727,2.6819822788238525,721.4532330036163,14.614033691955672,1.033601788964873,Cabrita
1163,128,872,269,2.1015625,2.4178988933563232,647.9969034194946,11.222255371046693,1.0720893567370522,Cabrita
1164,131,793,244,1.8625954198473282,2.4752860069274902,601.4944996833801,11.885105849652087,1.0942914650885256,Cabrita
1165,140,950,237,1.6928571428571428,1.846441388130188,435.76016759872437,6.337227615115368,0.6617568766438139,Cabrita
1166,201,1252,423,2.1044776119402986,2.5526556968688965,1077.2207040786743,12.841160770580156,1.2412947026495376,Cabrita
1167,207,1284,367,1.7729468599033817,2.8066959381103516,1027.2507133483887,16.55512858502432,1.154213013938762,Cabrita
1168,79,398,147,1.860759493670886,3.6143908500671387,527.7010641098022,37.128722077127684,1.912843488098092,Cabrita
1169,177,1132,310,1.7514124293785311,2.554344892501831,789.2925717830658,12.862870333963322,1.0059262183055877,Cabrita
1170,252,1899,1160,4.603174603174603,2.688308000564575,3115.7489726543427,14.706771008592327,2.3670750876794644,Cabrita
1171,236,1756,1113,4.716101694915254,2.7818174362182617,3093.380989074707,16.148342877798946,2.541460941069634,Cabrita
1172,213,1756,1129,5.300469483568075,2.4844889640808105,2802.5035514831543,11.994988818136099,2.3024817629831746,Cabrita
1173,263,1835,1120,4.258555133079848,2.7296998500823975,3054.5341322422028,15.328285545732154,2.4015047655650674,Cabrita
1174,252,1813,1205,4.781746031746032,2.178713798522949,2623.171413421631,8.834935440693519,2.0873890731081524,Cabrita
1175,205,1513,942,4.595121951219512,2.633613348007202,2478.230160474777,13.92399134008242,2.363073603898494,Cabrita
1176,222,1578,1007,4.536036036036036,2.4949042797088623,2509.8737053871155,12.120573278258107,2.294665619784283,Cabrita
1177,294,2014,1235,4.200680272108843,2.631901979446411,3247.7670426368713,13.900182637605598,2.32648331994778,Cabrita
1178,204,1454,968,4.745098039215686,2.3725931644439697,2294.2975900173187,10.725168379852308,2.276459254086304,Cabrita
1179,132,1058,412,3.121212121212121,4.205962657928467,1728.6506524085999,67.08514664032471,2.357198226521133,Cabrita
1180,143,961,416,2.909090909090909,4.471853256225586,1855.8191013336182,87.51876751282182,2.786036435256008,Cabrita
1181,117,925,380,3.247863247863248,4.094542503356934,1551.8316087722778,60.01187764358832,2.4203456932654133,Cabrita
1182,110,765,302,2.7454545454545456,3.8924849033355713,1171.637955904007,49.032576480072635,2.209563749934631,Cabrita
1183,94,690,294,3.127659574468085,4.865239143371582,1425.5150690078735,129.7019522654719,2.9805558272031125,Cabrita
1184,107,889,347,3.2429906542056073,3.475132465362549,1202.395833015442,32.302107163555995,1.9512829082980114,Cabrita
1185,178,1314,568,3.191011235955056,3.521559238433838,1996.724088191986,33.83714753329428,2.192286103544989,Cabrita
1186,174,1190,494,2.839080459770115,4.135313034057617,2038.7093257904053,62.5091555027242,2.4716267513713444,Cabrita
1187,68,439,189,2.7794117647058822,4.6558518409729,875.3001461029053,105.19879448531661,2.8765174944693546,Cabrita
1188,146,1074,441,3.0205479452054793,4.101080894470215,1804.4755935668945,60.40554434203089,2.4239366762049603,Cabrita
1189,220,1873,773,3.5136363636363637,3.3335070610046387,2573.467451095581,28.036495186481957,1.9822363745780862,Cabrita
1190,207,1647,680,3.285024154589372,3.926119327545166,2665.8350234031677,50.709807187672624,2.335146914445576,Cabrita
1191,212,1574,674,3.1792452830188678,4.165300369262695,2803.247148513794,64.41202693111022,2.569396924743951,Cabrita
1192,230,1790,755,3.282608695652174,4.469601154327393,3370.079270362854,87.321888109831,2.7161992462319473,Cabrita
1193,238,1751,752,3.1596638655462184,4.441885471343994,3335.8559889793396,84.93493317934474,2.748499653009847,Cabrita
1194,241,1627,731,3.033195020746888,3.664513349533081,2675.094745159149,39.03713410025593,2.372062644590799,Cabrita
1195,227,1549,685,3.0176211453744495,4.281716346740723,2928.6939811706543,72.36453611659265,2.7277032168600766,Cabrita
1196,210,1473,636,3.0285714285714285,3.960983991622925,2515.2248346805573,52.50896892235364,2.463477525943247,Cabrita
1197,232,1660,735,3.168103448275862,4.008955478668213,2942.5733213424683,55.08929855360955,2.5573710470800877,Cabrita
1198,269,1778,376,1.3977695167286246,2.392726421356201,897.2724080085754,10.943289324925116,0.7280598725311982,Cabrita
1199,193,1103,247,1.2797927461139897,3.1186017990112305,767.1760425567627,22.614737578903963,1.0034461215643353,Cabrita
1200,203,1451,290,1.4285714285714286,2.6539433002471924,766.9896137714386,14.209962459193171,0.7625996638190186,Cabrita
1201,293,2013,393,1.341296928327645,2.8134243488311768,1102.8623447418213,16.66689386940096,0.790409356950919,Cabrita
1202,188,1254,241,1.2819148936170213,3.3326416015625,799.833984375,28.01224123391836,0.9201886146668845,Cabrita
1203,297,1974,414,1.393939393939394,2.7981972694396973,1155.655472278595,16.41502820897425,0.8446091280813182,Cabrita
1204,277,1849,424,1.5306859205776173,2.195032835006714,928.49888920784,8.980295920055253,0.7244676814121481,Cabrita
1205,345,2031,415,1.2028985507246377,2.432100534439087,1006.889621257782,11.38276687964,0.7152312473220919,Cabrita
1206,268,1681,374,1.3955223880597014,2.6479618549346924,987.6897718906403,14.125220039582276,0.8476711099603679,Cabrita
1207,220,1420,304,1.3818181818181818,2.8610730171203613,866.9051241874695,17.480273509828933,0.8807603687228825,Cabrita
1208,227,1364,276,1.2158590308370043,3.471792459487915,954.7429263591766,32.19439791076565,1.0098261621570388,Cabrita
1209,131,798,160,1.2213740458015268,3.688758373260498,586.5125813484192,39.995157059062095,1.0603493640731192,Cabrita
1210,435,2296,650,1.4942528735632183,2.377204179763794,1542.8055126667023,10.774736487386937,0.9694241560019191,Cabrita
1211,420,2092,664,1.5809523809523809,2.2234151363372803,1474.1242353916168,9.238828910536235,1.0165926023201342,Cabrita
1212,410,2151,550,1.3414634146341464,3.2442240715026855,1781.0790152549744,25.64180613111424,1.1945857102462807,Cabrita
1213,132,693,171,1.2954545454545454,3.7183120250701904,632.1130442619324,41.19479959927958,1.3159399051052174,Cabrita
1214,372,2021,587,1.5779569892473118,2.234496593475342,1309.4150037765503,9.34177795633491,0.9347286157417282,Cabrita
1215,456,2501,748,1.6403508771929824,2.135791301727295,1595.4361023902893,8.463741230794223,0.9203229720006746,Cabrita
1216,377,2201,596,1.5809018567639257,2.453127384185791,1459.6107935905457,11.62464466071222,0.9567347812544683,Cabrita
1217,217,2181,1210,5.576036866359447,3.2285966873168945,3903.3733949661255,25.244206587515006,2.5820162492689347,Cabrita
1218,239,2067,1180,4.937238493723849,3.2406344413757324,3820.7080063819885,25.5499265368554,2.6667230253952843,Cabrita
1219,247,2111,1142,4.623481781376518,3.4773335456848145,3967.6375756263733,32.373285001333876,2.71155426546702,Cabrita
1220,265,2441,1333,5.030188679245283,3.5378036499023438,4712.354461669922,34.39130084210875,2.785125117887004,Cabrita
1221,259,2262,1210,4.671814671814672,3.7039966583251953,4478.131959915161,40.60928188457139,2.8561356193704586,Cabrita
1222,294,2469,1321,4.493197278911564,2.973646402359009,3925.2132511138916,19.563124719996953,2.2935948529014407,Cabrita
1223,250,2053,1077,4.308,3.731095790863037,4014.659070968628,41.72480478233083,2.8212025000225682,Cabrita
1224,240,2132,1183,4.929166666666666,3.1586129665374756,3733.480526447296,23.537925386588494,2.526394859644011,Cabrita
1225,294,2670,1518,5.163265306122449,2.760188341140747,4187.205713510513,15.802818988951548,2.2624947258664987,Cabrita
1226,309,1847,534,1.7281553398058251,3.7800204753875732,2014.7509133815765,43.81693889519524,1.573725582762377,Cabrita
1227,244,1303,406,1.6639344262295082,4.143713474273682,1678.203957080841,63.03647166950812,1.858124732525529,Cabrita
1228,328,2147,578,1.7621951219512195,3.1701486110687256,1829.1757485866547,23.81102267503269,1.2291303127155677,Cabrita
1229,321,1916,594,1.8504672897196262,3.983112335205078,2361.9856147766113,53.68385664616984,1.778509881570609,Cabrita
1230,319,1999,553,1.7335423197492164,3.9131174087524414,2160.0408096313477,50.05475012010689,1.5589195418573922,Cabrita
1231,87,563,167,1.9195402298850575,3.81466007232666,633.2335720062256,45.36133418909003,1.6226695098717336,Cabrita
1232,324,2021,719,2.2191358024691357,2.9271984100341797,2101.728458404541,18.67523678211178,1.5003232183253032,Cabrita
1233,308,1753,537,1.7435064935064934,3.8210294246673584,2048.071771621704,45.65117858985842,1.6855350760429584,Cabrita
1234,282,1631,470,1.6666666666666667,3.792018175125122,1778.4565241336823,44.34580763165184,1.5731271660357367,Cabrita
1235,310,1785,533,1.7193548387096773,4.2358856201171875,2253.4911499023438,69.12286823685952,1.8213448216533779,Cabrita
1236,257,1577,434,1.688715953307393,3.7469067573547363,1622.4106259346008,42.38975719035959,1.4842382779463588,Cabrita
1237,273,1696,564,2.065934065934066,3.4649147987365723,1950.7470316886902,31.973735454417266,1.6593944980224875,Cabrita
1238,319,1887,396,1.2413793103448276,3.0025084018707275,1185.9908187389374,20.13598276435076,0.9067424868757321,Cabrita
1239,250,1315,329,1.316,3.1172189712524414,1022.4478225708008,22.583486904152217,1.1217341469130138,Cabrita
1240,320,2052,406,1.26875,2.393162965774536,969.2310011386871,10.94806759968684,0.6814350676504041,Cabrita
1241,364,2077,456,1.2527472527472527,3.073758840560913,1398.5602724552155,21.62302762489549,0.9714472650242931,Cabrita
1242,333,1973,414,1.2432432432432432,3.230240821838379,1334.0894594192505,25.285745597535925,0.975511529248044,Cabrita
1243,91,531,113,1.2417582417582418,3.102100372314453,347.43524169921875,22.244624241889337,0.9439606407335618,Cabrita
1244,336,2331,691,2.056547619047619,2.201784133911133,1519.2310523986816,9.041129704525902,0.940277608434191,Cabrita
1245,322,1853,473,1.468944099378882,2.7036211490631104,1276.109182357788,14.933711126212264,0.9935436530061795,Cabrita
1246,319,1777,384,1.2037617554858935,2.674419641494751,1024.3027226924896,14.503929917453402,0.8316018336508262,Cabrita
1247,344,1909,444,1.2906976744186047,3.262521266937256,1445.2969212532043,26.115297844552934,1.0922591413850626,Cabrita
1248,264,1641,345,1.3068181818181819,3.004831314086914,1033.6619720458984,20.182811252876125,0.9087501529714345,Cabrita
1249,283,1782,472,1.667844522968198,2.3033533096313477,1084.8794088363647,10.007685117912787,0.8783109669420728,Cabrita
1250,176,1079,457,2.596590909090909,4.246354103088379,1936.3374710083008,69.85028061493442,2.5890124809185844,Cabrita
1251,184,1109,468,2.5434782608695654,4.519782066345215,2110.7382249832153,91.81558609136104,2.7458535345338664,Cabrita
1252,138,887,366,2.652173913043478,4.4918904304504395,1639.5400071144104,89.29008312200286,2.666692488842182,Cabrita
1253,139,807,366,2.633093525179856,3.457188844680786,1261.873928308487,31.727659652502833,2.2558850788075953,Cabrita
1254,134,792,334,2.4925373134328357,4.663154125213623,1552.8303236961365,105.9697976003416,2.82861187795255,Cabrita
1255,134,795,324,2.417910447761194,4.253630638122559,1373.9226961135864,70.36040233744556,2.4932722770413402,Cabrita
1256,237,1363,579,2.4430379746835444,3.6457622051239014,2107.250554561615,38.311963300324194,2.230462160657784,Cabrita
1257,196,1208,513,2.61734693877551,4.184380531311035,2142.40283203125,65.65281845190883,2.558637368673804,Cabrita
1258,68,402,170,2.5,4.964719295501709,839.0375609397888,143.26832856411008,3.011132657431355,Cabrita
1259,198,1115,464,2.3434343434343434,4.186888694763184,1938.529465675354,65.81769313156934,2.508257261656471,Cabrita
1260,216,1089,456,2.111111111111111,3.906615734100342,1777.5101590156555,49.730366082461266,2.354825612067621,Cabrita
1261,240,1046,444,1.85,3.7797787189483643,1674.4419724941254,43.806347148433986,2.309473355615305,Cabrita
1262,225,883,376,1.6711111111111112,3.724533796310425,1396.7001736164093,41.45190320921439,2.28200726396959,Cabrita
1263,176,762,315,1.7897727272727273,3.219717025756836,1010.9911460876465,25.021038869933296,1.9141101218415975,Cabrita
1264,187,783,318,1.7005347593582887,4.020809173583984,1274.596508026123,55.74619593062956,2.348472619749269,Cabrita
1265,188,792,346,1.8404255319148937,3.3039097785949707,1139.848873615265,27.218850833194626,2.0763312087469865,Cabrita
1266,346,1401,625,1.80635838150289,3.029921770095825,1890.671184539795,20.69561351019838,1.9469392875711808,Cabrita
1267,301,1281,540,1.7940199335548173,3.6003940105438232,1940.6123716831207,36.612657375141055,2.1855674043052367,Cabrita
1268,116,485,199,1.7155172413793103,4.108589172363281,813.5006561279297,60.86079288282139,2.419862602795221,Cabrita
1269,269,1117,460,1.7100371747211895,3.7766177654266357,1733.4675543308258,43.66809593907749,2.238912304543422,Cabrita
1270,257,1731,421,1.6381322957198443,3.094072103500366,1299.5102834701538,22.06675337174667,1.0830716588946285,Cabrita
1271,259,1562,376,1.4517374517374517,2.7231972217559814,1021.198958158493,15.228934772603095,0.9432001745814558,Cabrita
1272,258,1630,369,1.430232558139535,2.588153123855591,952.4403495788574,13.30517588562466,0.8429944595582628,Cabrita
1273,281,1572,393,1.398576512455516,2.660926103591919,1043.0830326080322,14.309535075989862,0.9572841719968378,Cabrita
1274,264,1598,459,1.7386363636363635,3.0529916286468506,1398.2701659202576,21.17860827559731,1.2623763668311287,Cabrita
1275,266,1451,324,1.218045112781955,3.6536929607391357,1180.1428263187408,38.61701416141962,1.1733881482224209,Cabrita
1276,266,1446,367,1.3796992481203008,3.44763445854187,1261.8342118263245,31.42596489007314,1.258950179685942,Cabrita
1277,261,1448,372,1.4252873563218391,3.5426337718963623,1314.3171293735504,34.557816843273095,1.3095019369493366,Cabrita
1278,221,1332,339,1.5339366515837105,3.2862865924835205,1110.76486825943,26.74337000879316,1.203074299573245,Cabrita
1279,154,1006,241,1.5649350649350648,2.899094581604004,695.7826995849609,18.157697611069196,0.9978153580790842,Cabrita
1280,170,970,255,1.5,3.085218906402588,783.6456022262573,21.87225429455825,1.1655274475734707,Cabrita
1281,158,988,222,1.4050632911392404,3.0825681686401367,681.2475652694702,21.814353458019593,0.9947697206801064,Cabrita
1282,130,865,241,1.853846153846154,2.4013545513153076,576.3250923156738,11.038117955987557,0.9612269972528286,Cabrita
1283,123,748,178,1.4471544715447155,2.9383983612060547,520.0965099334717,18.885574207940632,1.0031292188030443,Cabrita
1284,161,1101,223,1.3850931677018634,1.6477305889129639,365.796190738678,5.195176447855864,0.47932093583538976,Cabrita
1285,194,1132,309,1.592783505154639,3.1062753200531006,956.732798576355,22.33768851963575,1.219323024701349,Cabrita
1286,196,1154,258,1.316326530612245,3.8509814739227295,989.7022387981415,47.039208339095836,1.2372950709452195,Cabrita
1287,87,436,121,1.3908045977011494,3.490291118621826,418.83493423461914,32.7954936955836,1.3858969783746333,Cabrita
1288,177,1095,219,1.2372881355932204,3.4718313217163086,756.8592281341553,32.19564908112173,0.9971845251873922,Cabrita
1289,230,1355,389,1.691304347826087,3.2764339447021484,1271.2563705444336,26.481170802893402,1.3535315582900052,Cabrita
1290,269,1498,396,1.4721189591078068,3.307474374771118,1306.4523780345917,27.316048176514357,1.2582192035701594,Cabrita
1291,190,1126,308,1.6210526315789473,2.9356510639190674,901.2448766231537,18.833761126713583,1.1547260338639518,Cabrita
1292,229,1405,401,1.7510917030567685,3.5762548446655273,1430.501937866211,35.7394401349351,1.4688811756168219,Cabrita
1293,129,806,216,1.6744186046511629,2.893263339996338,622.0516180992126,18.052123801610655,1.1134376980256693,Cabrita
1294,92,571,271,2.9456521739130435,1.4790738821029663,399.3499481678009,4.388879178623889,1.00900208371445,Cabrita
1295,286,1866,473,1.6538461538461537,2.2280733585357666,1051.6506252288818,9.281965821110104,0.8130820695420609,Cabrita
1296,173,1054,277,1.6011560693641618,3.154888391494751,870.7491960525513,23.45041967908315,1.191864845353954,Cabrita
1297,217,1541,343,1.5806451612903225,2.8150227069854736,962.737765789032,16.69355483633486,0.9013218691631129,Cabrita
1298,300,2026,450,1.5,2.8127810955047607,1262.9387118816376,16.6561762819099,0.8993264642538666,Cabrita
1299,167,1204,284,1.7005988023952097,3.5089218616485596,993.0248868465424,33.412225356510696,1.1898937539309224,Cabrita
1300,297,1867,448,1.5084175084175084,2.580057382583618,1153.2856500148773,13.19789546727025,0.8911834429592225,Cabrita
1301,261,1786,441,1.6896551724137931,2.363013744354248,1039.7260475158691,10.622918017912683,0.8398698838937442,Cabrita
1302,306,1944,436,1.4248366013071896,2.9064433574676514,1264.3028604984283,18.291625963005572,0.938273388386221,Cabrita
1303,299,1892,487,1.62876254180602,2.1649396419525146,1052.1606659889221,8.714075936368666,0.8022975555183124,Cabrita
1304,199,1233,327,1.64321608040201,3.0321476459503174,988.4801325798035,20.741730683114756,1.1565899312977677,Cabrita
1305,172,1079,268,1.558139534883721,3.22336745262146,860.6391098499298,25.112543255826477,1.1507319515992451,Cabrita
1306,88,603,134,1.5227272727272727,4.206007957458496,559.39905834198,67.08818563477146,1.3383785196483091,Cabrita
1307,308,1700,526,1.7077922077922079,2.93172025680542,1539.1531348228455,18.75987455656433,1.3061932910456595,Cabrita
1308,303,1687,578,1.9075907590759076,2.6941962242126465,1554.551221370697,14.793623217107037,1.3294269934080531,Cabrita
1309,303,1659,437,1.4422442244224423,3.5606930255889893,1552.4621591567993,35.187574586638554,1.350047895228021,Cabrita
1310,97,466,122,1.2577319587628866,4.173445701599121,504.98692989349365,64.93882686458834,1.5633951490795834,Cabrita
1311,300,1831,569,1.8966666666666667,2.3374714851379395,1327.6838035583496,10.355020609477519,1.0461184266860883,Cabrita
1312,296,1832,604,2.0405405405405403,2.351151466369629,1417.7443342208862,10.497650459577152,1.116469825452455,Cabrita
1313,302,1774,501,1.6589403973509933,2.9198062419891357,1459.9031209945679,18.537695284787382,1.1872576058834179,Cabrita
1314,294,1760,507,1.7244897959183674,3.1113007068634033,1574.318157672882,22.4502265817003,1.2904892038955207,Cabrita
1315,304,1740,495,1.6282894736842106,2.4893462657928467,1229.7370553016663,12.05339382840555,1.0196181329201786,Cabrita
1316,309,1756,507,1.6407766990291262,2.979743719100952,1507.7503218650818,19.682771679904068,1.2387379910327405,Cabrita
1317,311,1683,506,1.6270096463022508,3.1068644523620605,1568.9665484428406,22.350852250859102,1.3449437069276053,Cabrita
1318,197,1046,304,1.5431472081218274,2.958317279815674,896.3701357841492,19.265525975153942,1.2363181163448935,Cabrita
1319,288,1601,472,1.6388888888888888,3.000269889831543,1413.1271181106567,20.09095853695062,1.2733988041498794,Cabrita
1320,309,1744,536,1.7346278317152104,3.162240505218506,1691.7986702919006,23.623465177047127,1.3995123576907496,Cabrita
1321,314,1637,487,1.5509554140127388,2.9111433029174805,1414.8156452178955,18.377797950415918,1.2468830269566138,Cabrita
1322,330,1899,578,1.7515151515151515,2.7370667457580566,1579.2875123023987,15.441624391374857,1.1998052986500993,Cabrita
1323,307,1876,457,1.488599348534202,2.901083469390869,1322.8940620422363,18.19384717087812,1.0173415260819783,Cabrita
1324,228,1255,336,1.4736842105263157,3.418699026107788,1145.264173746109,30.529670868865505,1.3165473657141893,Cabrita
1325,307,2097,512,1.6677524429967427,2.5599863529205322,1308.153026342392,12.935640780620787,0.899983730962355,Cabrita
1326,300,1889,489,1.63,3.3631322383880615,1641.208532333374,28.879506859826385,1.2534480734049829,Cabrita
1327,295,2024,565,1.9152542372881356,2.6778149604797363,1510.2876377105713,14.553259082795167,1.0765239551585715,Cabrita
1328,80,537,122,1.525,3.9762701988220215,481.1286940574646,53.317798116699244,1.2925921432888035,Cabrita
1329,300,1812,586,1.9533333333333334,2.9749317169189453,1740.335054397583,19.588285655431854,1.3856361768568528,Cabrita
1330,307,1666,433,1.4104234527687296,3.39339017868042,1465.9445571899414,29.766695822121147,1.2694543474646434,Cabrita
1331,300,1685,399,1.33,3.3486745357513428,1332.7724652290344,28.464979315866806,1.1411182351449771,Cabrita
1332,300,1718,415,1.3833333333333333,4.093679428100586,1694.7832832336426,59.960105221869014,1.4231987416197276,Cabrita
1333,298,1758,416,1.395973154362416,3.226888418197632,1339.1586935520172,25.201119501608414,1.098974747526074,Cabrita
1334,304,1751,504,1.6578947368421053,2.7466847896575928,1381.5824491977692,15.590859135377272,1.1383221862003712,Cabrita
1335,163,961,251,1.539877300613497,2.550537586212158,637.6343965530396,12.813990556025619,0.9572445180096741,Cabrita
1336,165,1025,282,1.709090909090909,2.7917585372924805,784.484148979187,16.309675771180128,1.1041672111105092,Cabrita
1337,151,899,253,1.6754966887417218,2.6211538314819336,660.5307655334473,13.751581442265621,1.060004960833921,Cabrita
1338,172,999,234,1.3604651162790697,3.225907325744629,751.6364068984985,25.176406998065755,1.0854675843684314,Cabrita
1339,159,919,218,1.371069182389937,3.7766494750976562,819.5329360961914,43.669480661988246,1.2865463577270373,Cabrita
1340,210,1158,309,1.4714285714285715,3.0866124629974365,950.6766386032104,21.90275576660224,1.1844010984471856,Cabrita
1341,166,980,211,1.2710843373493976,3.522536039352417,739.7325682640076,33.870215838032806,1.0889882732842249,Cabrita
1342,159,1038,276,1.7358490566037736,2.603168249130249,715.8712685108185,13.506462155912425,0.9949748834252884,Cabrita
1343,279,1771,370,1.3261648745519714,2.761363983154297,1018.9433097839355,15.821408371976244,0.8300533370820274,Cabrita
1344,261,1637,447,1.7126436781609196,2.5537049770355225,1138.952419757843,12.85464181735381,1.003763596697083,Cabrita
1345,267,1597,374,1.400749063670412,2.5881919860839844,965.3956108093262,13.305692964456096,0.8721173827242246,Cabrita
1346,268,1701,398,1.4850746268656716,3.3884215354919434,1345.2033495903015,29.619162555279587,1.140927808019489,Cabrita
1347,282,1837,406,1.4397163120567376,2.925477981567383,1184.81858253479,18.643134995459565,0.9305018472379056,Cabrita
1348,281,1484,447,1.5907473309608542,2.9912869930267334,1334.113998889923,19.911291702166118,1.2969808963470593,Cabrita
1349,278,1586,374,1.3453237410071943,3.8406691551208496,1432.569594860077,46.55661761790703,1.3031280266285905,Cabrita
1350,263,1491,387,1.4714828897338403,2.9416444301605225,1135.4747500419617,18.946977690115737,1.098687988558131,Cabrita
1351,323,1809,476,1.4736842105263157,3.0107078552246094,1430.0862312316895,20.301765551063564,1.1405076361755366,Cabrita
1352,255,1730,425,1.6666666666666667,5.476931095123291,2322.2187843322754,239.1117689492051,1.9365627306447233,Cabrita
1353,259,1562,375,1.4478764478764479,5.670048713684082,2120.5982189178467,290.04866338655086,1.958627742734152,Cabrita
1354,258,1631,370,1.434108527131783,5.40384578704834,1994.0190954208374,222.2595375420631,1.7638022442682644,Cabrita
1355,281,1568,389,1.3843416370106763,2.589195966720581,1004.6080350875854,13.319058330710707,0.9243259121543784,Cabrita
1356,256,1573,442,1.7265625,4.411317825317383,1945.3911609649658,82.37795175463592,1.7842378769951555,Cabrita
1357,256,1440,323,1.26171875,5.8819990158081055,1894.00368309021,358.5252234302788,1.8975484173747763,Cabrita
1358,264,1438,362,1.371212121212121,5.447902202606201,1966.6926951408386,232.27039823159416,1.9731139069765216,Cabrita
1359,261,1446,370,1.417624521072797,5.656973838806152,2087.42334651947,286.2809979554275,2.0826523584090486,Cabrita
1360,221,1325,332,1.502262443438914,5.182145595550537,1715.2901921272278,178.0644557232449,1.867653323673531,Cabrita
1361,270,1740,508,1.8814814814814815,4.705606937408447,2385.7427172660828,110.56537084658731,1.9781029810555963,Cabrita
1362,247,1686,505,2.0445344129554655,4.219106197357178,2126.4295234680176,67.97270294866931,1.819566624144241,Cabrita
1363,326,1804,537,1.647239263803681,5.012100696563721,2686.4859733581543,150.21997150414825,2.1484368022070783,Cabrita
1364,305,1699,529,1.7344262295081967,5.030094146728516,2655.8897094726562,152.94741151623234,2.255231849914203,Cabrita
1365,187,1044,319,1.7058823529411764,5.074613571166992,1613.7271156311035,159.91038605449103,2.2299962711389307,Cabrita
1366,287,1581,453,1.578397212543554,4.663651466369629,2107.9704627990723,106.0225138498755,1.9235664345481562,Cabrita
1367,307,1719,513,1.6710097719869708,4.390628814697266,2248.001953125,80.69114280739814,1.8866674052833867,Cabrita
1368,306,1610,471,1.5392156862745099,4.615131378173828,2169.111747741699,101.00109700054686,1.943706063106175,Cabrita
1369,326,1873,557,1.7085889570552146,4.199182510375977,2334.745475769043,66.63183793404448,1.798358633011181,Cabrita
1370,270,1852,474,1.7555555555555555,4.556580066680908,2155.2623715400696,95.25714903548158,1.6789343062826376,Cabrita
1371,173,1056,282,1.630057803468208,5.490979194641113,1542.9651536941528,242.49453999538528,2.1079812267983256,Cabrita
1372,212,1528,337,1.5896226415094339,5.169464111328125,1736.93994140625,175.82059197024992,1.639970313997882,Cabrita
1373,286,1985,429,1.5,5.560308933258057,2379.8122234344482,259.9031166382848,1.7296439763203104,Cabrita
1374,168,1208,287,1.7083333333333333,5.208049297332764,1489.5020990371704,182.73724425813938,1.7788884864856187,Cabrita
1375,291,1869,455,1.563573883161512,5.419281482696533,2460.353793144226,225.71688273704282,1.899165444730618,Cabrita
1376,264,1796,451,1.7083333333333333,5.046781539916992,2271.0516929626465,155.52111962437053,1.8242956653895852,Cabrita
1377,306,1951,443,1.4477124183006536,5.854833602905273,2587.836452484131,348.91683647542334,1.9136129249772131,Cabrita
1378,293,1884,485,1.6552901023890785,4.825718879699707,2335.647937774658,124.67606326628706,1.7885497330626507,Cabrita
1379,198,1236,332,1.6767676767676767,5.115489482879639,1693.2270188331604,166.58230021456282,1.976383675703725,Cabrita
1380,172,1077,264,1.5348837209302326,5.746794700622559,1511.407006263733,313.1851974234647,2.024604821449881,Cabrita
1381,88,605,137,1.5568181818181819,6.386478424072266,868.5610656738281,593.7619159240958,2.0711880035650663,Cabrita
1382,304,1673,502,1.6513157894736843,4.201815605163574,2105.1096181869507,66.80751706760074,1.8153205060884479,Cabrita
1383,301,1650,543,1.803986710963455,3.720945358276367,2016.752384185791,41.30342218995388,1.7633688868883843,Cabrita
1384,303,1658,436,1.438943894389439,4.864288330078125,2115.9654235839844,129.57868853475378,1.8411898813613565,Cabrita
1385,97,466,122,1.2577319587628866,5.6814398765563965,687.454225063324,293.3715447626079,2.128297856946401,Cabrita
1386,300,1807,545,1.8166666666666667,3.763012170791626,2047.0786209106445,43.07798900806654,1.634371983783954,Cabrita
1387,283,1786,569,2.010600706713781,3.545198678970337,2013.6728496551514,34.646568202994644,1.6266046103976675,Cabrita
1388,300,1753,483,1.61,4.328878402709961,2086.519390106201,75.85915541353856,1.717176940573235,Cabrita
1389,228,1353,389,1.706140350877193,5.256935119628906,2039.6908264160156,191.89246166653345,2.174908972813819,Cabrita
1390,272,1501,396,1.4558823529411764,5.583126544952393,2205.334985256195,265.9016610036269,2.1196707839627233,Cabrita
1391,190,1126,307,1.6157894736842104,5.230894565582275,1600.6537370681763,186.9599766957502,2.0508483202918693,Cabrita
1392,219,1395,401,1.8310502283105023,5.49171257019043,2196.685028076172,242.67244478939995,2.2717896748390873,Cabrita
1393,131,808,216,1.6488549618320612,5.117232799530029,1100.2050518989563,166.87295919389328,1.964431153880704,Cabrita
1394,93,572,270,2.903225806451613,2.76578426361084,743.9959669113159,15.891498228486276,1.8765022585740294,Cabrita
1395,162,965,256,1.5802469135802468,5.388371467590332,1374.0347242355347,218.84669625514445,2.0542104483563115,Cabrita
1396,161,1025,286,1.7763975155279503,4.876445770263672,1389.7870445251465,131.16364869730236,1.9561354897835688,Cabrita
1397,145,895,257,1.7724137931034483,5.06991720199585,1297.8988037109375,159.1611485722766,2.0921476733960755,Cabrita
1398,172,1001,236,1.372093023255814,5.768068313598633,1355.4960536956787,319.9191519124217,1.9536138207905251,Cabrita
1399,159,920,219,1.3773584905660377,6.324338436126709,1378.7057790756226,557.9885464674816,2.1620130329536473,Cabrita
1400,210,1158,309,1.4714285714285715,5.1741437911987305,1593.636287689209,176.6453042449882,1.9854327886268732,Cabrita
1401,162,976,211,1.3024691358024691,6.2594451904296875,1314.4834899902344,522.928733744738,1.9430315700198038,Cabrita
1402,157,1036,275,1.7515923566878981,4.693554878234863,1286.0340366363525,109.24082822033081,1.790883134237144,Cabrita
1403,279,1771,369,1.3225806451612903,5.60129451751709,2061.276382446289,270.7767058324426,1.6791604826972353,Cabrita
1404,259,1642,456,1.7606177606177607,4.673473834991455,2126.430594921112,107.06903731882188,1.86832574548554,Cabrita
1405,263,1597,378,1.4372623574144487,5.706730842590332,2151.437527656555,300.88581559369516,1.9435618359001405,Cabrita
1406,268,1701,397,1.4813432835820894,5.7439866065979,2274.6186962127686,312.30697758100666,1.9292070034917583,Cabrita
1407,282,1838,406,1.4397163120567376,5.79425048828125,2346.6714477539062,328.4059476087151,1.841964777078501,Cabrita
1408,270,1454,425,1.5740740740740742,4.478575229644775,1898.9158973693848,88.10904804409692,1.884151683768932,Cabrita
1409,277,1585,374,1.3501805054151625,5.830580711364746,2174.8066053390503,340.5563866247311,1.9795474475805734,Cabrita
1410,252,1469,382,1.5158730158730158,4.966479301452637,1892.2286138534546,143.52070370068665,1.8583450220793576,Cabrita
1411,322,1796,464,1.4409937888198758,4.762811660766602,2205.1817989349365,117.0746377350363,1.7713835443107107,Cabrita
1412,303,1872,457,1.5082508250825082,5.383764266967773,2454.9965057373047,217.84074470959126,1.8919932073861878,Cabrita
1413,226,1254,335,1.4823008849557522,5.838162422180176,1949.9462490081787,343.14819943680527,2.2433634636715594,Cabrita
1414,309,2089,505,1.6343042071197411,4.963162899017334,2501.4341011047363,143.0455196756731,1.7275282780154835,Cabrita
1415,297,1896,493,1.65993265993266,5.296067237854004,2605.66508102417,199.55048018956828,1.982689921208391,Cabrita
1416,285,1884,436,1.5298245614035089,5.886144161224365,2560.472710132599,360.0144470085911,1.9607119327175293,Cabrita
1417,79,543,130,1.6455696202531647,5.85187292098999,754.8916068077087,347.8853324388884,2.0056692035914967,Cabrita
1418,289,1763,548,1.8961937716262975,3.8227221965789795,2091.029041528702,45.72852106582459,1.7111271858016226,Cabrita
1419,304,1653,423,1.3914473684210527,5.1044769287109375,2154.0892639160156,164.75786787820593,1.8800326065842667,Cabrita
1420,296,1675,393,1.3277027027027026,5.682933807373047,2227.7100524902344,293.810149094747,1.9187499971738229,Cabrita
1421,293,1707,410,1.3993174061433447,5.860381603240967,2396.8960757255554,350.8580070296115,2.0257704053752055,Cabrita
1422,298,1763,421,1.412751677852349,5.563227653503418,2336.5556144714355,260.66280925244223,1.9120460565849149,Cabrita
1423,293,1711,479,1.6348122866894197,4.3957037925720215,2101.1464128494263,81.10168944824483,1.7716618994737006,Cabrita
1424,154,1009,243,1.577922077922078,5.556488990783691,1344.6703357696533,258.91219551960984,1.922645416298688,Cabrita
1425,170,971,257,1.511764705882353,5.171274185180664,1323.84619140625,176.13912842679855,1.966947822081914,Cabrita
1426,158,997,231,1.4620253164556962,5.7403435707092285,1320.2790212631226,311.17130196294323,1.9104914709789782,Cabrita
1427,124,869,251,2.024193548387097,4.116936206817627,1029.2340517044067,61.370926105855695,1.7087121545546635,Cabrita
1428,123,750,181,1.4715447154471544,6.0262627601623535,1084.7272968292236,414.1643021378003,2.086574255803215,Cabrita
1429,157,1101,227,1.4458598726114649,5.2585296630859375,1188.4277038574219,192.19868661534855,1.5572559080927886,Cabrita
1430,194,1132,309,1.592783505154639,4.43751335144043,1366.7541122436523,84.56439806969206,1.7418810776046953,Cabrita
1431,196,1154,258,1.316326530612245,6.087647438049316,1564.5253915786743,440.3841605064782,1.9559211644501013,Cabrita
1432,87,436,121,1.3908045977011494,5.263063430786133,631.5676116943359,193.07204912812034,2.0898152783887727,Cabrita
1433,178,1096,220,1.2359550561797752,6.367087364196777,1394.3921327590942,582.35915615611,1.835476838490995,Cabrita
1434,163,1000,264,1.6196319018404908,3.715121269226074,977.0768938064575,41.06356652939279,1.4096239892617688,Cabrita
1435,165,1053,292,1.7696969696969698,3.8677480220794678,1125.5146744251251,47.83454236232067,1.5420460011784276,Cabrita
1436,151,915,277,1.8344370860927153,3.9489290714263916,1089.904423713684,51.8797775379033,1.7184696252837985,Cabrita
1437,172,1037,243,1.4127906976744187,4.621845245361328,1118.4865493774414,101.68148641792413,1.5560607503257893,Cabrita
1438,159,956,236,1.4842767295597483,5.016590595245361,1178.89878988266,150.89596038132973,1.7790705417089054,Cabrita
1439,210,1208,332,1.5809523809523809,4.048086643218994,1339.916678905487,57.28774022897536,1.6002410164415197,Cabrita
1440,166,1004,241,1.4518072289156627,4.780362606048584,1147.2870254516602,119.14754583360661,1.6485909383419923,Cabrita
1441,159,1074,294,1.849056603773585,3.5757203102111816,1047.6860508918762,35.720341277757306,1.4073477374583352,Cabrita
1442,286,1892,491,1.7167832167832169,3.334458351135254,1633.8845920562744,28.063178717527485,1.245875897645071,Cabrita
1443,173,1094,300,1.7341040462427746,4.535497188568115,1356.1136593818665,93.2698764946846,1.7883532461352867,Cabrita
1444,217,1542,360,1.6589861751152073,4.069567680358887,1460.9747972488403,58.53165273820759,1.3668878695555517,Cabrita
1445,300,2039,470,1.5666666666666667,3.6720869541168213,1722.2087814807892,39.3339083247605,1.2185493224216573,Cabrita
1446,167,1227,305,1.8263473053892216,4.299493312835693,1307.0459671020508,73.66246041906192,1.5368123349242444,Cabrita
1447,297,1913,473,1.5925925925925926,3.8915164470672607,1836.795763015747,48.98511356061967,1.3852253729371031,Cabrita
1448,261,1854,464,1.7777777777777777,3.4458720684051514,1595.438767671585,31.370628855677513,1.2414949288898571,Cabrita
1449,306,1997,458,1.4967320261437909,4.158483982086182,1900.427179813385,63.974462614837066,1.3729278256822077,Cabrita
1450,299,1933,512,1.7123745819397993,3.242009162902832,1656.6666822433472,25.585074724831323,1.236453599005923,Cabrita
1451,199,1265,333,1.6733668341708543,4.1184844970703125,1367.3368530273438,61.46601970979716,1.5594071913733363,Cabrita
1452,172,1106,287,1.6686046511627908,4.476572513580322,1280.2997388839722,87.93276721729715,1.6700561339415383,Cabrita
1453,88,627,141,1.6022727272727273,5.516177654266357,772.26487159729,248.68266707378504,1.7769421060704347,Cabrita
1454,308,1802,561,1.8214285714285714,3.583590507507324,2006.8106842041016,36.002576578044234,1.6066680477825999,Cabrita
1455,303,1782,604,1.9933993399339933,3.395033121109009,2047.2049720287323,29.81564098567951,1.6574031766717627,Cabrita
1456,303,1761,486,1.603960396039604,4.670456409454346,2265.1713585853577,106.74645140562673,1.8557362213485584,Cabrita
1457,97,498,145,1.4948453608247423,4.866128921508789,700.7225646972656,129.8174095850328,2.0299778496540983,Cabrita
1458,300,1877,598,1.9933333333333334,3.1209919452667236,1863.232191324234,22.668854757469617,1.4321128622526098,Cabrita
1459,296,1887,624,2.108108108108108,2.9899039268493652,1862.7101464271545,19.883772103165224,1.4241243724769532,Cabrita
1460,302,1797,514,1.7019867549668874,3.535543441772461,1813.7337856292725,34.31365712288472,1.4561295147579956,Cabrita
1461,154,1033,248,1.6103896103896105,4.106916427612305,1014.4083576202393,60.759073410061674,1.4167298228219143,Cabrita
1462,170,1010,269,1.5823529411764705,4.222474098205566,1131.6230583190918,68.20201420463239,1.6164227469233228,Cabrita
1463,158,1012,249,1.5759493670886076,4.211239814758301,1044.3874740600586,67.4401012318794,1.4888662347756894,Cabrita
1464,130,879,245,1.8846153846153846,2.801999807357788,683.6879529953003,16.47756580159492,1.1221310799793476,Cabrita
1465,123,789,200,1.6260162601626016,4.746408462524414,944.5352840423584,115.16990381507735,1.7270929914227617,Cabrita
1466,161,1135,251,1.5590062111801242,3.247199773788452,811.799943447113,25.718222151505653,1.031876434013296,Cabrita
1467,194,1193,333,1.7164948453608246,3.903383255004883,1295.923240661621,49.569873248303935,1.5671601279759224,Cabrita
1468,196,1219,278,1.4183673469387754,5.023062229156494,1391.3882374763489,151.87567053897308,1.6467177277755243,Cabrita
1469,87,469,134,1.5402298850574712,4.42952823638916,589.1272554397583,83.8918304604218,1.812219551973273,Cabrita
1470,177,1139,243,1.3728813559322033,5.001218795776367,1210.2949485778809,148.59415470998385,1.5329995788641542,Cabrita
1471,257,1771,438,1.7042801556420233,3.9680745601654053,1734.048582792282,52.882610465641804,1.4125936143732132,Cabrita
1472,259,1652,414,1.5984555984555984,4.072365760803223,1681.887059211731,58.69565835455951,1.4687954719492051,Cabrita
1473,258,1709,402,1.558139534883721,3.800422430038452,1523.9693944454193,44.72007160534606,1.2864968331380708,Cabrita
1474,281,1574,394,1.402135231316726,2.66984486579895,1049.2490322589874,14.437729233470614,0.9617194253478941,Cabrita
1475,264,1644,482,1.8257575757575757,3.7425031661987305,1800.1440229415894,42.20350043078534,1.5797194980436373,Cabrita
1476,266,1512,361,1.3571428571428572,4.921488285064697,1771.735782623291,137.20666393467516,1.6905254149180877,Cabrita
1477,266,1499,388,1.4586466165413534,4.477321147918701,1732.7232842445374,87.99862135356288,1.6676392857988205,Cabrita
1478,261,1499,380,1.4559386973180077,5.062180995941162,1918.5665974617004,157.93459568128395,1.8465020118567095,Cabrita
1479,221,1401,373,1.6877828054298643,4.617176532745361,1717.5896701812744,101.20787122636187,1.7687067091025233,Cabrita
1480,279,1813,388,1.3906810035842294,3.8958849906921387,1507.7074913978577,49.199575267772026,1.1997584781857853,Cabrita
1481,261,1695,459,1.7586206896551724,3.7227611541748047,1705.0246086120605,41.378488906850855,1.4512274616154959,Cabrita
1482,267,1657,407,1.5243445692883895,4.002999305725098,1625.2177181243896,54.76215240079367,1.415023260291451,Cabrita
1483,268,1734,422,1.5746268656716418,4.338929176330566,1826.6891832351685,76.62544305271577,1.519812817704088,Cabrita
1484,282,1922,439,1.5567375886524824,4.27490758895874,1872.4095239639282,71.87349709805112,1.4054713500187428,Cabrita
1485,281,1579,493,1.7544483985765125,3.8187289237976074,1878.8146305084229,45.54627872119035,1.716628594163478,Cabrita
1486,278,1658,418,1.5035971223021583,4.88706636428833,2037.9066739082336,132.56410825315766,1.7732677034028532,Cabrita
1487,263,1532,413,1.570342205323194,3.7608859539031982,1549.4850130081177,42.9864931647912,1.4591607990852367,Cabrita
1488,323,1926,529,1.6377708978328174,4.1295905113220215,2180.4237899780273,62.15246699161476,1.6332744490330315,Cabrita
1489,307,1906,482,1.5700325732899023,4.019939422607422,1933.59086227417,55.6977317012398,1.4635791962807763,Cabrita
1490,228,1308,360,1.5789473684210527,4.348554611206055,1561.1311054229736,77.36655731621552,1.721893045849564,Cabrita
1491,307,2161,535,1.742671009771987,3.620847225189209,1933.5324182510376,37.36921455407758,1.2908364790415627,Cabrita
1492,300,1930,515,1.7166666666666666,4.35452938079834,2238.2281017303467,77.83018833536663,1.6730987475361088,Cabrita
1493,295,2047,587,1.9898305084745762,3.5473504066467285,2078.747338294983,34.72119844587416,1.4650700909718144,Cabrita
1494,80,541,135,1.6875,5.118791580200195,685.9180717468262,167.13328037616097,1.8291508328378305,Cabrita
1495,300,1892,616,2.0533333333333332,3.6199076175689697,2226.2431848049164,37.33411864609358,1.6975634262848336,Cabrita
1496,307,1730,478,1.5570032573289903,4.231745719909668,2018.5427083969116,68.83729798433545,1.6833188180501744,Cabrita
1497,300,1748,430,1.4333333333333333,4.393595218658447,1884.8523488044739,80.93086070733409,1.5556448148902342,Cabrita
1498,300,1766,440,1.4666666666666666,5.090963840484619,2234.933125972748,162.54645543022332,1.8257796928422152,Cabrita
1499,298,1791,446,1.4966442953020134,3.972839117050171,1767.913407087326,53.13517386998707,1.4240982161507518,Cabrita
1500,304,1841,538,1.769736842105263,3.5743937492370605,1919.4494433403015,35.672987482828404,1.5041717507572703,Cabrita
1501,230,1440,419,1.8217391304347825,4.333834171295166,1811.5426836013794,76.23602891043254,1.8149330874933296,Cabrita
1502,269,1587,427,1.587360594795539,4.566211700439453,1945.206184387207,96.17906365281796,1.7683297515576346,Cabrita
1503,190,1186,336,1.768421052631579,4.0871663093566895,1369.200713634491,59.57084695536855,1.665547284605489,Cabrita
1504,229,1462,428,1.8689956331877728,4.525702953338623,1932.475161075592,92.3608283669158,1.9069578191004497,Cabrita
1505,129,821,226,1.751937984496124,4.223363876342773,950.256872177124,68.26272587173672,1.6698305445317838,Cabrita
1506,92,584,256,2.782608695652174,2.220552921295166,566.2409949302673,9.212423202890687,1.3988237591334407,Cabrita
1507,294,1812,528,1.7959183673469388,4.161668300628662,2193.199194431305,64.17850237376899,1.7462017668254488,Cabrita
1508,304,1781,525,1.7269736842105263,3.5821139812469482,1877.0277261734009,35.949457054122185,1.520482084313,Cabrita
1509,309,1824,548,1.773462783171521,3.9409537315368652,2155.7016911506653,51.467664234883635,1.7050549010191978,Cabrita
1510,311,1792,546,1.7556270096463023,4.275601863861084,2330.2030158042908,71.92341438938617,1.875989026319954,Cabrita
1511,197,1107,330,1.6751269035532994,4.280151844024658,1408.1699566841125,72.25141011933106,1.8351940498979185,Cabrita
1512,288,1673,498,1.7291666666666667,3.880453109741211,1928.5851955413818,48.446161526605344,1.6630964121574559,Cabrita
1513,309,1829,572,1.8511326860841424,3.9625213146209717,2262.599670648575,52.58975424854121,1.7847136819910885,Cabrita
1514,314,1690,503,1.6019108280254777,3.832077980041504,1923.703145980835,46.158354787290655,1.6421994016858275,Cabrita
1515,330,1983,603,1.8272727272727274,3.6800577640533447,2215.3947739601135,39.648684275139786,1.6117695683326183,Cabrita
1516,160,1052,261,1.63125,3.260939359664917,847.8442335128784,26.074018523610558,1.1627192691400512,Cabrita
1517,180,1122,259,1.4388888888888889,3.3937389850616455,875.5846581459045,29.777080446578257,1.125848167723311,Cabrita
1518,167,991,226,1.3532934131736527,3.9294826984405518,884.1336071491241,50.8806502204686,1.2871192437107088,Cabrita
1519,174,1042,252,1.4482758620689655,3.8526363372802734,967.0117206573486,47.11711624703543,1.3388704547733785,Cabrita
1520,170,1065,230,1.3529411764705883,3.9736547470092773,909.9669370651245,53.17853018863039,1.2326805516213846,Cabrita
1521,217,1263,310,1.4285714285714286,3.2936882972717285,1017.7496838569641,26.9420509203029,1.162551402824032,Cabrita
1522,159,949,223,1.4025157232704402,3.6646783351898193,813.5585904121399,39.04357519879247,1.2367934076503788,Cabrita
1523,161,1084,266,1.6521739130434783,3.1305136680603027,829.5861220359802,22.885732193366067,1.1040957419295343,Cabrita
1524,258,1755,346,1.3410852713178294,3.8210809230804443,1318.2729184627533,45.65352961364778,1.0836842176663448,Cabrita
1525,309,1837,476,1.5404530744336569,2.69108510017395,1278.2654225826263,14.747669940534076,1.0038906837777846,Cabrita
1526,268,1658,361,1.3470149253731343,2.962958335876465,1066.6650009155273,19.35514616654776,0.9281497630341694,Cabrita
1527,309,1938,436,1.4110032362459546,3.654728412628174,1589.8068594932556,38.657020930649985,1.1834914717039098,Cabrita
1528,309,1943,470,1.5210355987055015,3.191209554672241,1496.6772811412811,24.31782339841338,1.1112963928531667,Cabrita
1529,324,1777,466,1.4382716049382716,3.1420295238494873,1461.0437285900116,23.150804321766525,1.186179258164733,Cabrita
1530,321,1850,439,1.367601246105919,4.052573204040527,1775.027063369751,57.54534260208696,1.3842285090633728,Cabrita
1531,266,1725,380,1.4285714285714286,3.6784873008728027,1394.1466870307922,39.58646634460091,1.165987542986146,Cabrita
1532,332,2019,490,1.4759036144578312,2.9519882202148438,1443.5222396850586,19.143978359802553,1.0314821082746726,Cabrita
1533,247,1460,375,1.5182186234817814,3.537107467651367,1322.8781929016113,34.36736656115196,1.307198499040622,Cabrita
1534,320,1815,461,1.440625,3.1353776454925537,1442.2737169265747,22.99731903622189,1.1464248699804198,Cabrita
1535,225,1301,332,1.4755555555555555,3.4948368072509766,1156.7909832000732,32.94491114367252,1.2827798730267592,Cabrita
1536,242,1487,421,1.7396694214876034,3.578096866607666,1502.8006839752197,35.805333637870895,1.458024945672893,Cabrita
1537,142,882,220,1.5492957746478873,3.513240337371826,769.3996338844299,33.55682724572103,1.2585136465610558,Cabrita
1538,100,599,297,2.97,1.635240077972412,484.031063079834,5.130689614738886,1.1657916766969776,Cabrita
1539,168,1052,247,1.4702380952380953,3.653726816177368,898.8167967796326,38.618321579488764,1.2326221819217482,Cabrita
1540,200,1149,301,1.505,3.0734074115753174,922.0222234725952,21.61543000132253,1.1576996426399728,Cabrita
1541,151,973,214,1.4172185430463575,3.531590461730957,752.2287683486938,34.17828366170139,1.1153511960027478,Cabrita
1542,119,815,223,1.8739495798319328,2.6805825233459473,595.0893201828003,14.593591928314037,1.053414001366516,Cabrita
1543,125,754,189,1.512,3.5667426586151123,670.5476198196411,35.401091698861656,1.283018203970417,Cabrita
1544,134,954,183,1.3656716417910448,3.1120100021362305,566.385820388794,22.46615606997612,0.8565220275731029,Cabrita
1545,216,1329,359,1.662037037037037,3.4168155193328857,1223.219955921173,30.47222214646113,1.3278655863987157,Cabrita
1546,192,1219,273,1.421875,4.223252296447754,1148.724624633789,68.25510954887235,1.3595236417606265,Cabrita
1547,82,455,129,1.5731707317073171,4.3095502853393555,551.6224365234375,74.40701948753932,1.7490614365174733,Cabrita
1548,173,1111,242,1.3988439306358382,4.1009955406188965,988.339925289154,60.40038871620971,1.2834141394484528,Cabrita
1549,259,1787,412,1.5907335907335907,3.6182188987731934,1487.0879673957825,37.27112502244059,1.2005676753931416,Cabrita
1550,260,1683,369,1.4192307692307693,2.88423490524292,1061.3984451293945,17.889874908589142,0.9098480529978812,Cabrita
1551,247,1657,359,1.4534412955465588,3.212049722671509,1149.9138007164001,24.829928567952845,1.0011918755240377,Cabrita
1552,293,1766,402,1.372013651877133,3.4162373542785645,1369.9111790657043,30.45460926455557,1.119118949318485,Cabrita
1553,291,1714,487,1.6735395189003437,2.884958028793335,1402.0896019935608,17.902816176953564,1.1801561935111382,Cabrita
1554,244,1473,346,1.4180327868852458,3.4845893383026123,1202.1833217144012,32.60903307896555,1.1774500451302023,Cabrita
1555,230,1368,349,1.517391304347826,3.625183343887329,1261.5638036727905,37.531603718951004,1.330447253891632,Cabrita
1556,324,1815,488,1.5061728395061729,3.6173574924468994,1761.65309882164,37.23903326356463,1.4002910134637216,Cabrita
1557,211,1286,342,1.6208530805687205,3.371389865875244,1149.6439442634583,29.11897040916358,1.2897244301531252,Cabrita
1558,318,1886,524,1.6477987421383649,3.244044065475464,1696.6350462436676,25.637190866861943,1.2978403856914933,Cabrita
1559,311,1847,502,1.6141479099678457,2.806173324584961,1405.8928356170654,16.54647891132631,1.0981454369063688,Cabrita
1560,401,2187,585,1.458852867830424,3.262718677520752,1905.4277076721191,26.120453789640923,1.2569506651261964,Cabrita
1561,338,1891,524,1.5502958579881656,3.320829153060913,1736.7936470508575,27.683294733650296,1.3250468438115965,Cabrita
1562,211,1155,304,1.4407582938388626,3.377622127532959,1023.4195046424866,29.301014134791433,1.2783396052785758,Cabrita
1563,305,1778,475,1.5573770491803278,3.4302353858947754,1625.9315729141235,30.883911531309106,1.3193045090371192,Cabrita
1564,336,1882,554,1.6488095238095237,3.2183680534362793,1779.7575335502625,24.987308936554374,1.3643184737713796,Cabrita
1565,344,1830,433,1.2587209302325582,3.729569435119629,1611.1739959716797,41.661166466618255,1.2701818218566105,Cabrita
1566,359,2072,559,1.5571030640668524,3.1645069122314453,1765.7948570251465,23.677066282210685,1.2294900981937331,Cabrita
1567,269,1800,433,1.6096654275092936,3.0518057346343994,1318.3800773620605,21.153507577176896,1.0566779997872515,Cabrita
1568,199,1209,305,1.5326633165829147,3.6602747440338135,1112.7235221862793,38.872021260277,1.3278086909335365,Cabrita
1569,218,1533,326,1.4954128440366972,3.377040147781372,1097.538048028946,29.2839664990346,1.0328849961371906,Cabrita
1570,292,2031,414,1.417808219178082,3.606231927871704,1489.3737862110138,36.827024161013874,1.0579577426866809,Cabrita
1571,193,1366,313,1.621761658031088,3.64974308013916,1138.719841003418,38.46478241289053,1.2026540758254027,Cabrita
1572,301,1994,475,1.5780730897009967,3.186755657196045,1510.5221815109253,24.209755147255734,1.0928901005108278,Cabrita
1573,282,1905,480,1.702127659574468,2.8652443885803223,1372.4520621299744,17.553342516893384,1.0393857133295252,Cabrita
1574,353,2174,479,1.3569405099150142,3.127049207687378,1494.7295212745667,22.806582665444196,0.9919222023059576,Cabrita
1575,271,1799,428,1.5793357933579335,3.287445068359375,1403.7390441894531,26.774369510407844,1.1257183756277584,Cabrita
1576,220,1512,363,1.65,3.4534146785736084,1250.1361136436462,31.608139880392027,1.1928341081943719,Cabrita
1577,237,1505,316,1.3333333333333333,4.158297061920166,1309.8635745048523,63.96250561520133,1.2556369987901939,Cabrita
1578,132,885,192,1.4545454545454546,4.038869380950928,771.4240517616272,56.76213016666061,1.2575476315242606,Cabrita
1579,426,2460,748,1.755868544600939,2.402378797531128,1794.5769617557526,11.049429498447143,1.0524501151295151,Cabrita
1580,433,2427,746,1.7228637413394918,2.656126022338867,1978.813886642456,14.241012732906244,1.176277289287716,Cabrita
1581,391,2329,598,1.5294117647058822,3.317164897918701,1980.3474440574646,27.582041700334848,1.226722815276444,Cabrita
1582,130,741,188,1.4461538461538461,4.036547660827637,754.8344125747681,56.63049725333302,1.4696300454979105,Cabrita
1583,373,2223,655,1.7560321715817695,2.5061819553375244,1639.042998790741,12.2580388612801,1.063715342401789,Cabrita
1584,450,2656,786,1.7466666666666666,2.58207106590271,2026.9257867336273,13.224498625398216,1.1009923873383152,Cabrita
1585,381,2380,661,1.7349081364829397,2.920707941055298,1927.6672410964966,18.554418245720534,1.16850250807312,Cabrita
1586,312,1938,456,1.4615384615384615,3.2064874172210693,1458.9517748355865,24.69220031933972,1.086079716435218,Cabrita
1587,248,1419,362,1.4596774193548387,3.3942346572875977,1225.3187112808228,29.791843776909705,1.2457795829973914,Cabrita
1588,325,2191,508,1.563076923076923,3.071051836013794,1557.0232808589935,21.56457314475976,1.02524407386761,Cabrita
1589,360,2222,557,1.5472222222222223,3.069678544998169,1706.741271018982,21.53497903551747,1.1081490404048657,Cabrita
1590,329,2094,483,1.4680851063829787,3.8586885929107666,1859.8879017829895,47.403145767923526,1.2813997385442686,Cabrita
1591,90,591,141,1.5666666666666667,3.544557809829712,496.23809337615967,34.62437139998753,1.2113709583992893,Cabrita
1592,341,2463,730,2.1407624633431084,2.4492578506469727,1785.508973121643,11.579749625761332,1.0458566548864556,Cabrita
1593,314,1949,503,1.6019108280254777,2.8163814544677734,1413.8234901428223,16.71625257869747,1.0465449655830559,Cabrita
1594,309,1816,450,1.4563106796116505,3.050820827484131,1369.8185515403748,21.132683592839754,1.088232616313327,Cabrita
1595,342,1995,487,1.4239766081871346,3.5632669925689697,1731.7477583885193,35.278262906030136,1.2523227584449603,Cabrita
1596,267,1741,396,1.4831460674157304,2.88388991355896,1139.1365158557892,17.883704115016034,0.9439555441244567,Cabrita
1597,274,1818,527,1.9233576642335766,2.343799591064453,1232.8385848999023,10.420756047809894,0.9783333952979409,Cabrita
1598,159,1035,258,1.6226415094339623,3.3358662128448486,857.3176167011261,28.102715617006428,1.195022100561797,Cabrita
1599,177,1128,258,1.4576271186440677,3.556539535522461,914.0306606292725,35.04172644420776,1.1690314727928321,Cabrita
1600,157,953,218,1.3885350318471337,3.549736738204956,770.2928721904755,34.80415367744228,1.1661046240727335,Cabrita
1601,171,1008,248,1.4502923976608186,3.7428839206695557,924.4923284053802,42.21957266185158,1.323175096756283,Cabrita
1602,169,1044,227,1.3431952662721893,4.05030632019043,915.3692283630371,57.41504173855431,1.2649412321280753,Cabrita
1603,214,1264,304,1.4205607476635513,3.5055935382843018,1062.1948421001434,33.30120352696857,1.212360151230785,Cabrita
1604,156,919,220,1.4102564102564104,3.608759880065918,790.318413734436,36.92023888909522,1.2406838478976094,Cabrita
1605,159,1063,264,1.6603773584905661,3.102224826812744,815.8851294517517,22.247392857718808,1.1073127283114697,Cabrita
1606,253,1721,340,1.3438735177865613,3.7724220752716064,1278.8510835170746,43.485261964425305,1.0720465521357125,Cabrita
1607,292,1794,461,1.5787671232876712,2.892104148864746,1330.3679084777832,18.03121006364508,1.0698523880260424,Cabrita
1608,257,1602,353,1.3735408560311284,3.128145694732666,1101.1072845458984,22.831603502889365,0.9916117471292637,Cabrita
1609,321,2016,454,1.4143302180685358,3.5515694618225098,1608.860966205597,34.86799855901648,1.1513371713415879,Cabrita
1610,300,1904,454,1.5133333333333334,3.0036070346832275,1360.633986711502,20.158116972184793,1.0309768409105378,Cabrita
1611,324,1776,465,1.4351851851851851,3.2081737518310547,1488.5926208496094,24.733874759984833,1.209225896398444,Cabrita
1612,325,1869,443,1.363076923076923,4.009169101715088,1772.0527429580688,55.10106815450102,1.3678607300477748,Cabrita
1613,262,1698,374,1.4274809160305344,3.4847002029418945,1299.7931756973267,32.61264846806089,1.104361112343846,Cabrita
1614,335,2029,493,1.471641791044776,3.053617238998413,1502.3796815872192,21.191861977560503,1.0682482583332782,Cabrita
1615,246,1462,383,1.556910569105691,3.7818078994750977,1444.6506175994873,43.89532838397788,1.4255747481723382,Cabrita
1616,306,1748,454,1.4836601307189543,3.232154607772827,1464.1660373210907,25.33418343684637,1.2084354010761915,Cabrita
1617,219,1279,320,1.461187214611872,3.6459784507751465,1163.0671257972717,38.32024899161862,1.3119242960193152,Cabrita
1618,249,1514,422,1.6947791164658634,3.5707006454467773,1503.2649717330933,35.54148641056112,1.4324656009652719,Cabrita
1619,136,860,212,1.5588235294117647,3.724872589111328,785.9481163024902,41.46594919481046,1.3184691276577034,Cabrita
1620,102,582,248,2.4313725490196076,2.0289852619171143,501.1593596935272,7.606363974146869,1.2423026167095188,Cabrita
1621,166,1046,248,1.4939759036144578,3.650474786758423,901.6672723293304,38.49293764822038,1.2436241895998121,Cabrita
1622,201,1170,305,1.5174129353233832,3.0421717166900635,924.8202018737793,20.950692834700227,1.1403705290232746,Cabrita
1623,149,954,214,1.436241610738255,3.45357608795166,735.6117067337036,31.61324214235688,1.1124353892291203,Cabrita
1624,120,832,230,1.9166666666666667,2.939624309539795,673.173966884613,18.908741144004356,1.1672893553845944,Cabrita
1625,120,725,180,1.5,3.5367026329040527,633.0697712898254,34.353456272868314,1.259760854588333,Cabrita
1626,134,950,188,1.4029850746268657,3.184579372406006,595.5163426399231,24.157125115099696,0.9043668150473156,Cabrita
1627,214,1337,362,1.691588785046729,3.4937422275543213,1261.24094414711,32.90887004135438,1.3609469375371352,Cabrita
1628,183,1206,269,1.469945355191257,4.246767520904541,1138.133695602417,69.87916393543281,1.3615089871593997,Cabrita
1629,88,476,128,1.4545454545454546,4.060571193695068,515.6925415992737,58.007435099138675,1.5629980512367598,Cabrita
1630,171,1090,235,1.3742690058479532,3.8600895404815674,903.2609524726868,47.469601629555214,1.1955321988632908,Cabrita
1631,254,1757,405,1.594488188976378,3.6140329837799072,1460.0693254470825,37.11543733643049,1.1988814884328969,Cabrita
1632,264,1676,374,1.4166666666666667,3.2074081897735596,1196.3632547855377,24.714946690164247,1.0298253787475387,Cabrita
1633,248,1671,366,1.4758064516129032,3.1032774448394775,1132.6962673664093,22.270823193922382,0.9779385324733442,Cabrita
1634,288,1730,406,1.4097222222222223,3.4602530002593994,1401.4024651050568,31.825027236353602,1.1686684316165514,Cabrita
1635,284,1693,475,1.6725352112676057,3.1168994903564453,1477.410358428955,22.57627306392479,1.258979679541311,Cabrita
1636,236,1442,336,1.423728813559322,3.7171237468719482,1245.2364552021027,41.145877789151484,1.2458366564869803,Cabrita
1637,228,1361,345,1.513157894736842,3.610813617706299,1242.1198844909668,36.99614128852229,1.316679057711014,Cabrita
1638,312,1770,469,1.5032051282051282,3.622722864151001,1695.4343004226685,37.43937148283349,1.3819178855213745,Cabrita
1639,208,1282,339,1.6298076923076923,3.3526611328125,1133.199462890625,28.578684215971432,1.2752427811625129,Cabrita
1640,316,1875,529,1.6740506329113924,3.3748743534088135,1781.9336585998535,29.220612080271145,1.3710863213094058,Cabrita
1641,294,1744,468,1.5918367346938775,2.7941272258758545,1304.857414484024,16.348354104356634,1.0794216289812477,Cabrita
1642,377,2037,548,1.453580901856764,3.471071481704712,1898.6761004924774,32.17119483058614,1.3447278323195349,Cabrita
1643,323,1832,509,1.5758513931888545,3.5281295776367188,1792.2898254394531,34.06020103641143,1.4114233859155267,Cabrita
1644,210,1161,298,1.4190476190476191,3.712913751602173,1102.7353842258453,40.9730179631281,1.3702936005472979,Cabrita
1645,302,1752,470,1.5562913907284768,3.4342381954193115,1610.657713651657,31.007781695485782,1.3263058767436084,Cabrita
1646,331,1849,541,1.634441087613293,3.2323296070098877,1745.4579877853394,25.3386172875683,1.3619056695824434,Cabrita
1647,348,1843,447,1.2844827586206897,3.5227527618408203,1571.1477317810059,33.877557070968386,1.229889875824417,Cabrita
1648,356,2098,552,1.550561797752809,3.4718918800354004,1913.0124258995056,32.19759885454906,1.3154878646349772,Cabrita
1649,278,1847,436,1.5683453237410072,3.0382418632507324,1321.6352105140686,20.86852124930423,1.0323316535316125,Cabrita
1650,199,1193,309,1.5527638190954773,3.4505162239074707,1062.758996963501,31.516657762299197,1.2851945805359362,Cabrita
1651,211,1517,321,1.5213270142180095,3.3977699279785156,1087.286376953125,29.897352399925484,1.0340294423575487,Cabrita
1652,299,2076,425,1.4214046822742474,3.6608569622039795,1552.2033519744873,38.89465984702459,1.0786878990100284,Cabrita
1653,196,1387,315,1.6071428571428572,3.588440418243408,1126.7702913284302,36.17760996578082,1.1720157977797685,Cabrita
1654,306,2013,476,1.5555555555555556,3.0660078525543213,1456.3537299633026,21.45607565431119,1.043752759065177,Cabrita
1655,290,1916,487,1.6793103448275861,2.9383163452148438,1428.021743774414,18.88402535236871,1.0752609018919401,Cabrita
1656,350,2147,467,1.3342857142857143,3.1899521350860596,1486.5176949501038,24.2872649074278,0.9988782984155602,Cabrita
1657,271,1811,428,1.5793357933579335,3.168516159057617,1352.9563999176025,23.772184032915092,1.077804245555003,Cabrita
1658,227,1529,373,1.6431718061674008,3.629114866256714,1350.0307302474976,37.67945049955624,1.2738277564262723,Cabrita
1659,235,1491,315,1.3404255319148937,4.104567050933838,1288.834053993225,60.616495010750874,1.247078804979775,Cabrita
1660,134,887,194,1.4477611940298507,3.9116907119750977,754.9563074111938,49.983388087515316,1.2279275318939946,Cabrita
1661,428,2447,714,1.6682242990654206,2.770545721054077,1975.399099111557,15.967345349131934,1.1646499730546667,Cabrita
1662,408,2243,685,1.678921568627451,2.8482091426849365,1948.1750535964966,17.25684959588265,1.2530639717375196,Cabrita
1663,400,2368,603,1.5075,3.7658915519714355,2267.066714286804,43.20220570667082,1.3812018184400376,Cabrita
1664,128,740,192,1.5,3.8635528087615967,737.938586473465,47.634286604664005,1.438676134034972,Cabrita
1665,370,2176,622,1.681081081081081,2.5852761268615723,1605.4564747810364,13.266951946041784,1.0644228375595948,Cabrita
1666,446,2598,763,1.710762331838565,2.693648338317871,2052.560033798218,14.785520219575483,1.1398068444524911,Cabrita
1667,372,2335,619,1.663978494623656,2.990657091140747,1848.2260823249817,19.898753491306405,1.1419385881849629,Cabrita
1668,312,1958,477,1.5288461538461537,3.4499566555023193,1642.179368019104,31.499026969656747,1.209991843969016,Cabrita
1669,245,1405,360,1.469387755102041,3.4058876037597656,1222.7136497497559,30.141037152165477,1.255518091758874,Cabrita
1670,326,2184,509,1.5613496932515338,3.1748359203338623,1612.816647529602,23.922894285822338,1.0653857963617765,Cabrita
1671,352,2173,552,1.5681818181818181,3.34964919090271,1845.6567041873932,28.49273637917562,1.2253657497996415,Cabrita
1672,320,2033,465,1.453125,3.8397984504699707,1781.6664810180664,46.51609819720186,1.2643391031396238,Cabrita
1673,91,592,135,1.4835164835164836,4.042388916015625,541.6801147460938,56.96225844679427,1.3200662420478955,Cabrita
1674,327,2367,715,2.1865443425076454,2.6537911891937256,1894.80690908432,14.207801131218885,1.1548916481529758,Cabrita
1675,314,1968,510,1.624203821656051,3.198350191116333,1627.9602472782135,24.492089579669127,1.1934198046304112,Cabrita
1676,314,1836,453,1.4426751592356688,3.2586400508880615,1472.9053030014038,26.014135175507977,1.1573819043241729,Cabrita
1677,342,1990,480,1.4035087719298245,3.8350563049316406,1836.9919700622559,46.29603428961283,1.3317684449053586,Cabrita
1678,262,1728,399,1.5229007633587786,3.2168400287628174,1280.3023314476013,24.94915686805022,1.0689154076493244,Cabrita
1679,276,1828,533,1.931159420289855,2.6736831665039062,1422.3994445800781,14.493252068267308,1.1225867750869227,Cabrita
1680,258,1719,412,1.5968992248062015,3.369832754135132,1385.0012619495392,29.073664201047876,1.1623818803022434,Cabrita
1681,259,1613,370,1.4285714285714286,3.05342435836792,1126.7135882377625,21.187774872035362,1.0077520807519091,Cabrita
1682,277,1782,413,1.4909747292418774,2.4466469287872314,1008.0185346603394,11.549555239077925,0.8160849276535529,Cabrita
1683,277,1649,387,1.3971119133574008,3.197707176208496,1234.3149700164795,24.476345863209975,1.0798908951714885,Cabrita
1684,251,1601,458,1.8247011952191234,3.3423426151275635,1527.4505751132965,28.28531075012019,1.3764180948900362,Cabrita
1685,230,1382,324,1.4086956521739131,3.788529634475708,1223.6950719356537,44.1913750079597,1.2774376351966938,Cabrita
1686,226,1362,345,1.5265486725663717,3.590925455093384,1235.278356552124,36.267624458031946,1.3084654619054465,Cabrita
1687,274,1651,460,1.6788321167883211,3.6951491832733154,1696.0734751224518,40.25157700209471,1.482081642363702,Cabrita
1688,194,1297,354,1.824742268041237,3.0446603298187256,1074.7650964260101,21.002895933659946,1.195495971267813,Cabrita
1689,308,1745,529,1.7175324675324675,3.2123985290527344,1696.1464233398438,24.838590916136056,1.4023048903002548,Cabrita
1690,286,1662,493,1.7237762237762237,2.5866401195526123,1272.6269388198853,13.285060318564932,1.1047007060993685,Cabrita
1691,353,1791,522,1.4787535410764872,3.1978204250335693,1666.0644414424896,24.47911793758519,1.3420563414129094,Cabrita
1692,328,1744,579,1.7652439024390243,2.9294321537017822,1693.2117848396301,18.71699909980634,1.400681333235599,Cabrita
1693,189,1041,294,1.5555555555555556,3.3018009662628174,967.4276831150055,27.16151186470177,1.3407330651764824,Cabrita
1694,279,1546,443,1.5878136200716846,3.3847079277038574,1496.040904045105,29.50937258715308,1.3960742517677325,Cabrita
1695,311,1715,512,1.6463022508038585,3.2941248416900635,1683.2977941036224,26.953814889811447,1.4160264605787916,Cabrita
1696,306,1556,455,1.4869281045751634,3.185098171234131,1446.0345697402954,24.169661054834528,1.3407370840092097,Cabrita
1697,328,1939,567,1.728658536585366,3.0981385707855225,1753.5464310646057,22.156669799622694,1.3047100258202409,Cabrita
1698,159,938,242,1.5220125786163523,2.8571250438690186,688.5671355724335,17.411397906566382,1.0590537226113736,Cabrita
1699,166,1010,236,1.4216867469879517,3.5604591369628906,836.7078971862793,35.17934557553631,1.1951627068745325,Cabrita
1700,159,927,221,1.389937106918239,3.477567434310913,765.0648355484009,32.38085763002648,1.1906744813421881,Cabrita
1701,166,1000,236,1.4216867469879517,3.450287342071533,810.8175253868103,31.509444997274887,1.1697624229414125,Cabrita
1702,163,976,219,1.343558282208589,3.46354341506958,755.0524644851685,31.92991724849569,1.1160967685694085,Cabrita
1703,195,1127,303,1.5538461538461539,3.07985782623291,930.1170635223389,21.755309142057563,1.1906612910291776,Cabrita
1704,162,955,215,1.3271604938271604,3.5546720027923584,760.6998085975647,34.976345942269724,1.14917051462711,Cabrita
1705,164,1066,273,1.6646341463414633,2.600506544113159,707.3377799987793,13.47055973984579,0.9572914703917895,Cabrita
1706,322,1908,481,1.4937888198757765,3.047694683074951,1462.8934478759766,21.06672292717637,1.106136856708401,Cabrita
1707,245,1345,361,1.473469387755102,3.2897629737854004,1184.3146705627441,26.836501947512808,1.2703382171545854,Cabrita
1708,346,2216,539,1.5578034682080926,2.675257444381714,1439.288505077362,14.516086443485785,0.9370281537380866,Cabrita
1709,342,2014,558,1.631578947368421,3.3841519355773926,1884.9726281166077,29.492970168568036,1.350268452232009,Cabrita
1710,323,2009,483,1.4953560371517027,3.3961055278778076,1636.9228644371033,29.84763263185156,1.175500497183258,Cabrita
1711,92,570,147,1.5978260869565217,3.7120437622070312,541.9583892822266,40.937387373378186,1.3717204922555064,Cabrita
1712,347,2135,716,2.063400576368876,2.6187260150909424,1872.3891007900238,13.718235622581005,1.2652395645547132,Cabrita
1713,322,1812,487,1.5124223602484472,3.025301694869995,1470.2966237068176,20.60021875409535,1.1706344633872032,Cabrita
1714,303,1716,438,1.4455445544554455,3.2463815212249756,1418.6687247753143,25.697186757608282,1.1927193087981443,Cabrita
1715,325,1867,473,1.4553846153846153,3.73647141456604,1763.614507675171,41.94970558136917,1.3628055191552222,Cabrita
1716,272,1630,407,1.4963235294117647,3.026426076889038,1228.7289872169495,20.62339429629066,1.0875344886223384,Cabrita
1717,283,1757,550,1.9434628975265018,2.452702283859253,1346.5335538387299,11.619704070668684,1.1056558227169764,Cabrita
1718,302,1913,457,1.5132450331125828,2.447617292404175,1116.1134853363037,11.560767946595687,0.8417205386115956,Cabrita
1719,201,1153,296,1.472636815920398,3.4965076446533203,1031.4697551727295,33.00000274516584,1.2906299224758457,Cabrita
1720,234,1606,345,1.4743589743589745,2.7267181873321533,937.9910564422607,15.2826498366519,0.8426121080494704,Cabrita
1721,318,2110,458,1.440251572327044,3.182042121887207,1454.1932497024536,24.095910128586866,0.9942926018198749,Cabrita
1722,207,1343,320,1.5458937198067633,3.1659600734710693,1009.9412634372711,23.71149788847879,1.0849123249069883,Cabrita
1723,320,1975,482,1.50625,2.7916738986968994,1342.7951452732086,16.30829540154557,0.9808829858305992,Cabrita
1724,289,1866,470,1.6262975778546713,2.474992036819458,1160.7712652683258,11.881612497297231,0.8974485251924015,Cabrita
1725,358,2131,513,1.4329608938547487,2.970693588256836,1520.9951171875,19.505443652087184,1.0297194334972943,Cabrita
1726,300,1915,464,1.5466666666666666,2.6495094299316406,1226.7228660583496,14.147096800539845,0.9241707547819724,Cabrita
1727,223,1458,369,1.654708520179372,3.0971670150756836,1139.7574615478516,22.135153814249524,1.1277931670722077,Cabrita
1728,216,1363,328,1.5185185185185186,3.4334769248962402,1122.7469544410706,30.98418536802902,1.188394323804343,Cabrita
1729,137,858,201,1.467153284671533,3.8878889083862305,777.5777816772461,48.80774007547834,1.3074680763766946,Cabrita
1730,396,2203,697,1.7601010101010102,2.620631694793701,1823.959659576416,13.744403111271469,1.1944700661154868,Cabrita
1731,373,1998,686,1.839142091152815,2.6281254291534424,1800.265918970108,13.847786898638674,1.2999172740638576,Cabrita
1732,364,2009,553,1.5192307692307692,3.4953808784484863,1929.4502449035645,32.96284039788344,1.3855690890813182,Cabrita
1733,122,659,184,1.5081967213114753,3.903360366821289,714.3149471282959,49.56873869692827,1.563791550614347,Cabrita
1734,358,2046,652,1.8212290502793296,2.3097031116485596,1503.6167256832123,10.071434119635574,1.0602445716231041,Cabrita
1735,419,2389,778,1.8568019093078758,2.409942626953125,1872.5254211425781,11.133322374114918,1.130800811645423,Cabrita
1736,367,2157,627,1.7084468664850136,2.771841287612915,1735.1726460456848,15.988045514125025,1.1605586330719937,Cabrita
1737,287,1782,381,1.3275261324041812,3.0140419006347656,1145.335922241211,20.369565520601217,0.9272561476820328,Cabrita
1738,267,1656,426,1.595505617977528,2.752699136734009,1169.8971331119537,15.684910518763338,1.0192057924461542,Cabrita
1739,287,1655,390,1.3588850174216027,2.690155029296875,1046.4703063964844,14.733959938842617,0.9122281096530285,Cabrita
1740,277,1783,431,1.555956678700361,3.28521990776062,1412.6445603370667,26.714858473678785,1.1430259684447874,Cabrita
1741,274,1740,394,1.437956204379562,3.275843381881714,1287.4064490795135,26.465536624912147,1.0674338503997034,Cabrita
1742,285,1543,471,1.6526315789473685,3.1463003158569336,1478.7611484527588,23.24988802416761,1.3826321293143637,Cabrita
1743,282,1564,383,1.3581560283687943,4.241848945617676,1620.3862972259521,69.53630189423505,1.494707976555186,Cabrita
1744,262,1525,381,1.4541984732824427,2.967813014984131,1127.7689456939697,19.449337639966117,1.0669027312926327,Cabrita
1745,318,1741,464,1.4591194968553458,2.9737467765808105,1376.8447575569153,19.565088451969118,1.1409345800122508,Cabrita
1746,253,1416,417,1.6482213438735178,3.483988046646118,1449.3390274047852,32.58943143319244,1.4766625899743766,Cabrita
1747,270,1470,406,1.5037037037037038,3.3389461040496826,1352.2731721401215,28.18940234799347,1.3271549655603678,Cabrita
1748,216,1230,356,1.6481481481481481,2.9674172401428223,1053.433120250702,19.441641604497168,1.2355957223527436,Cabrita
1749,250,1441,421,1.684,3.459030866622925,1452.7929639816284,31.786156557506516,1.4545018768734723,Cabrita
1750,135,833,219,1.6222222222222222,3.291151523590088,717.4710321426392,26.873791650363895,1.2426073229936032,Cabrita
1751,96,562,270,2.8125,1.6628440618515015,447.3050526380539,5.2742899404257315,1.1482647352410982,Cabrita
1752,162,1029,241,1.4876543209876543,2.9711782932281494,713.0827903747559,19.5149003292571,0.9997677409299559,Cabrita
1753,177,1005,273,1.5423728813559323,3.0616261959075928,832.7623252868652,21.362268163997943,1.1954448526671864,Cabrita
1754,158,980,224,1.4177215189873418,3.1795480251312256,709.0392096042633,24.035887479564174,1.0438034198896948,Cabrita
1755,130,852,233,1.7923076923076924,2.420973062515259,561.66575050354,11.256807564834986,0.9510708836721068,Cabrita
1756,129,753,192,1.4883720930232558,3.060607671737671,584.5760653018951,21.340521254305134,1.1200066274016294,Cabrita
1757,144,961,199,1.3819444444444444,2.311760187149048,457.7285170555115,10.09217314357368,0.6871619788027531,Cabrita
1758,211,1254,384,1.819905213270142,3.147770643234253,1205.5961563587189,23.28409811490252,1.3870076523871764,Cabrita
1759,200,1233,304,1.52,3.5070083141326904,1062.6235191822052,33.348350608853096,1.243342807344806,Cabrita
1760,80,411,124,1.55,3.9953699111938477,491.43049907684326,54.3459400776521,1.7250227346952558,Cabrita
1761,179,1107,237,1.324022346368715,3.5546398162841797,838.8949966430664,34.97522019394204,1.0932878513852895,Cabrita
