Model,Task,Language,Tokens/Word,Perplexity,Pseudo-Perplexity,BPB,Scenario,Perplexity_pb,BPB_pb,Perplexity_delta_pct,BPB_delta_pct
BODE,CAPACITAR,PB NATIVO,1.8912500100786735,20.012705998007306,,1.3617610366242,Grammar swap,20.012705998007306,1.3617610366242,0.0,0.0
BODE,CAPACITAR,ESPANHOL,1.8552374629165669,20.54477915183996,,1.3098396854573968,Grammar swap,20.012705998007306,1.3617610366242,2.658676712112973,-3.8128092793369928
BODE,CAPACITAR,FRANCÊS,1.9039969676073416,19.593883741149217,,1.3510658305093983,Grammar swap,20.012705998007306,1.3617610366242,-2.092781740259375,-0.7853952218602855
BODE,CAPACITAR,GALEGO,1.9155046385312955,14.900358700665302,,1.2228666546229447,Grammar swap,20.012705998007306,1.3617610366242,-25.54550742838598,-10.199614929912649
BODE,CAPACITAR,INGLÊS,1.993108508175668,15.405004888870474,,1.2282098564179211,Grammar swap,20.012705998007306,1.3617610366242,-23.023878477981075,-9.807240522709593
BODE,CAPACITAR,MANDARIM,2.0621981647655296,53.71654526531282,,1.7025200678174452,Grammar swap,20.012705998007306,1.3617610366242,168.4122040800552,25.023408808786705
BODE,CAPACITAR,RUSSO,2.343951239656856,28.93212776093725,,1.5743407116218586,Grammar swap,20.012705998007306,1.3617610366242,44.56879426409432,15.610644546317975
BODE,CAPACITAR,ÁRABE,2.0348865236127764,33.744752843017714,,1.621392469608461,Grammar swap,20.012705998007306,1.3617610366242,68.61664207917575,19.065858546510217
BODE,COMPARTILHAR,PB NATIVO,2.2049623111363013,23.283403569334556,,1.5709422646478706,Grammar swap,23.283403569334556,1.5709422646478706,0.0,0.0
BODE,COMPARTILHAR,FRANCÊS,2.2695369665171645,21.6733555845004,,1.584533790985354,Grammar swap,23.283403569334556,1.5709422646478706,-6.9150026972631835,0.8651830588140674
BODE,COMPARTILHAR,INGLÊS,2.2954702191406917,16.051620522887465,,1.410459806748508,Grammar swap,23.283403569334556,1.5709422646478706,-31.059819175112878,-10.215681474158767
BODE,COMPARTILHAR,MANDARIM,2.1937749874619525,46.23482035759827,,1.7951064822169065,Grammar swap,23.283403569334556,1.5709422646478706,98.57414840539856,14.269411589055615
BODE,COMPARTILHAR,RUSSO,2.64339240373693,32.1825281623321,,1.8249339676731016,Grammar swap,23.283403569334556,1.5709422646478706,38.22089226129357,16.168111886795767
BODE,COMPARTILHAR,ÁRABE,2.815067634576099,26.51218104336363,,1.8034337096894435,Grammar swap,23.283403569334556,1.5709422646478706,13.867291628624013,14.799490106893675
BODE,EXPLICAR,PB NATIVO,1.9199983324687155,15.270723912043286,,1.151365626789369,Grammar swap,15.270723912043286,1.151365626789369,0.0,0.0
BODE,EXPLICAR,INGLÊS,2.074404251515565,14.917125360127653,,1.2247026973570434,Grammar swap,15.270723912043286,1.151365626789369,-2.315532347728233,6.369572693617553
BODE,EXPLICAR,MANDARIM,2.0491204597132486,45.20366355411356,,1.6940659660313728,Grammar swap,15.270723912043286,1.151365626789369,196.0151975405934,47.13536053315628
BODE,EXPLICAR,RUSSO,2.765351016378188,25.511354178629837,,1.594258820666622,Grammar swap,15.270723912043286,1.151365626789369,67.06054228712928,38.466772289553155
BODE,EXPLICAR,ÁRABE,2.636658636279296,20.387890018049628,,1.5304338880675163,Grammar swap,15.270723912043286,1.151365626789369,33.509649807568586,32.92336096007964
Cabrita,CAPACITAR,PB NATIVO,1.544928939967061,22.156786832847544,,1.1129070656348772,Grammar swap,22.156786832847544,1.1129070656348772,0.0,0.0
Cabrita,CAPACITAR,ESPANHOL,1.5637484928392933,29.273346034526234,,1.2686448899998657,Grammar swap,22.156786832847544,1.1129070656348772,32.1190940517077,13.993785211179798
Cabrita,CAPACITAR,FRANCÊS,1.5302395921838865,38.42113760009395,,1.3240405080467377,Grammar swap,22.156786832847544,1.1129070656348772,73.4057284115512,18.971345310977593
Cabrita,CAPACITAR,GALEGO,1.52683221061663,29.391102539375915,,1.205434763308003,Grammar swap,22.156786832847544,1.1129070656348772,32.65056328385785,8.31405429350398
Cabrita,CAPACITAR,INGLÊS,1.5653121842364528,35.58766806834702,,1.2465703048858237,Grammar swap,22.156786832847544,1.1129070656348772,60.61745927702897,12.010278609804303
Cabrita,CAPACITAR,MANDARIM,1.5898817973463166,175.34837642387237,,1.6765765390475704,Grammar swap,22.156786832847544,1.1129070656348772,691.3980386538609,50.648386627965046
Cabrita,CAPACITAR,RUSSO,1.936532281661207,50.09206579311658,,1.5219748526238766,Grammar swap,22.156786832847544,1.1129070656348772,126.08000957456001,36.75668882159891
Cabrita,CAPACITAR,ÁRABE,1.6669043684947569,57.99633974891294,,1.529145869014108,Grammar swap,22.156786832847544,1.1129070656348772,161.75428859085778,37.401038795793795
Cabrita,COMPARTILHAR,PB NATIVO,1.8592730700223024,21.802064890662773,,1.2301316932951143,Grammar swap,21.802064890662773,1.2301316932951143,0.0,0.0
Cabrita,COMPARTILHAR,FRANCÊS,1.9258182698022237,35.36664838959025,,1.47455939005987,Grammar swap,21.802064890662773,1.2301316932951143,62.21696691094989,19.870043028483806
Cabrita,COMPARTILHAR,INGLÊS,1.8939000801244024,25.392792561360864,,1.2601975948306332,Grammar swap,21.802064890662773,1.2301316932951143,16.469667844332946,2.4441205522460985
Cabrita,COMPARTILHAR,MANDARIM,1.8327981990955848,95.50584927636731,,1.6909137472996172,Grammar swap,21.802064890662773,1.2301316932951143,338.05873322241996,37.45794507336208
Cabrita,COMPARTILHAR,RUSSO,2.22007280435108,49.44605231283497,,1.6456805274336002,Grammar swap,21.802064890662773,1.2301316932951143,126.79527173598753,33.78084122240348
Cabrita,COMPARTILHAR,ÁRABE,2.4567614461282745,33.91996435221616,,1.6280561897699408,Grammar swap,21.802064890662773,1.2301316932951143,55.58143011831487,32.348121639636716
Cabrita,EXPLICAR,PB NATIVO,1.5269033393987503,21.39682425479265,,1.0568490608826293,Grammar swap,21.39682425479265,1.0568490608826293,0.0,0.0
Cabrita,EXPLICAR,INGLÊS,1.6349449562548126,33.95042202664488,,1.2494592087682368,Grammar swap,21.39682425479265,1.0568490608826293,58.670378474695184,18.2249438462621
Cabrita,EXPLICAR,MANDARIM,1.5503038030222964,181.3888761864159,,1.667728446636474,Grammar swap,21.39682425479265,1.0568490608826293,747.737374604957,57.80195189307995
Cabrita,EXPLICAR,RUSSO,2.3433689599653493,38.73381342380319,,1.5353251022753682,Grammar swap,21.39682425479265,1.0568490608826293,81.02599228073413,45.27382945234761
Cabrita,EXPLICAR,ÁRABE,2.258008144510979,32.75696550272128,,1.496539566037271,Grammar swap,21.39682425479265,1.0568490608826293,53.092651099305456,41.60390744799767
Gemma,CAPACITAR,PB NATIVO,1.3846834612961842,61.20084359947241,,1.3543670044382372,Grammar swap,61.20084359947241,1.3543670044382372,0.0,0.0
Gemma,CAPACITAR,ESPANHOL,1.371681414407046,63.08099144746488,,1.352205530942163,Grammar swap,61.20084359947241,1.3543670044382372,3.0720946598335575,-0.15959289387522668
Gemma,CAPACITAR,FRANCÊS,1.4348093097159067,58.86874580222696,,1.38677746901845,Grammar swap,61.20084359947241,1.3543670044382372,-3.8105647897728523,2.3930341239859043
Gemma,CAPACITAR,GALEGO,1.4107936332338311,46.66835637852557,,1.274925437323403,Grammar swap,61.20084359947241,1.3543670044382372,-23.745566835735765,-5.865586421886071
Gemma,CAPACITAR,INGLÊS,1.4475407287591686,49.9230153407677,,1.2793097925696788,Grammar swap,61.20084359947241,1.3543670044382372,-18.42756994088547,-5.541866541535434
Gemma,CAPACITAR,MANDARIM,1.4549279682942513,462.7764030934561,,1.843158160891935,Grammar swap,61.20084359947241,1.3543670044382372,656.1601701474676,36.09000771961644
Gemma,CAPACITAR,RUSSO,1.7959480012849236,90.51135492484184,,1.6151577284773808,Grammar swap,61.20084359947241,1.3543670044382372,47.89233219919555,19.255543230493434
Gemma,CAPACITAR,ÁRABE,1.5386830653468777,116.46721463773908,,1.6604406949780874,Grammar swap,61.20084359947241,1.3543670044382372,90.3032830722992,22.599021501325133
Gemma,COMPARTILHAR,PB NATIVO,1.5735880992518527,68.05309759956117,,1.519580861732102,Grammar swap,68.05309759956117,1.519580861732102,0.0,0.0
Gemma,COMPARTILHAR,FRANCÊS,1.7119597054311977,62.67851497479754,,1.6147681425264877,Grammar swap,68.05309759956117,1.519580861732102,-7.897631135600635,6.264048409104461
Gemma,COMPARTILHAR,INGLÊS,1.6825981908486547,44.579819423768754,,1.4139087809883517,Grammar swap,68.05309759956117,1.519580861732102,-34.49259328930794,-6.9540281405821025
Gemma,COMPARTILHAR,MANDARIM,1.5817104633100258,272.7237126687993,,1.916538625328924,Grammar swap,68.05309759956117,1.519580861732102,300.7513578199825,26.12284568682628
Gemma,COMPARTILHAR,RUSSO,1.959456718294384,107.48577601604386,,1.833673151597961,Grammar swap,68.05309759956117,1.519580861732102,57.94398757351635,20.669666075409722
Gemma,COMPARTILHAR,ÁRABE,2.1419713129925166,77.31872698482631,,1.826425185031999,Grammar swap,68.05309759956117,1.519580861732102,13.615294104297892,20.192694645426034
Gemma,EXPLICAR,PB NATIVO,1.4217546655193067,44.6062264823085,,1.1539621577323749,Grammar swap,44.6062264823085,1.1539621577323749,0.0,0.0
Gemma,EXPLICAR,INGLÊS,1.5285825321083064,49.38813080049715,,1.2807934996826256,Grammar swap,44.6062264823085,1.1539621577323749,10.720261934923435,10.990944642368872
Gemma,EXPLICAR,MANDARIM,1.4644338758490905,332.5864897387902,,1.817551891086969,Grammar swap,44.6062264823085,1.1539621577323749,645.6055263287044,57.50532882799202
Gemma,EXPLICAR,RUSSO,2.1453875021519675,68.41583094907554,,1.605757339546258,Grammar swap,44.6062264823085,1.1539621577323749,53.3773115199742,39.1516462465022
Gemma,EXPLICAR,ÁRABE,2.095638494695346,54.12310087894127,,1.5869389669192704,Grammar swap,44.6062264823085,1.1539621577323749,21.33530483778381,37.52088457022962
Gervasio,CAPACITAR,PB NATIVO,1.6699723128434094,15.585762182828647,,1.096679556128875,Grammar swap,15.585762182828647,1.096679556128875,0.0,0.0
Gervasio,CAPACITAR,ESPANHOL,1.6525147066485943,18.681039296780284,,1.149203004444083,Grammar swap,15.585762182828647,1.096679556128875,19.859645474135412,4.789315896487456
Gervasio,CAPACITAR,FRANCÊS,1.6929839541051628,18.655755531898983,,1.1849934037834366,Grammar swap,15.585762182828647,1.096679556128875,19.697422000013898,8.052839789071765
Gervasio,CAPACITAR,GALEGO,1.700278485048908,14.42082428543764,,1.0743234473692267,Grammar swap,15.585762182828647,1.096679556128875,-7.474372338841784,-2.038526991290157
Gervasio,CAPACITAR,INGLÊS,1.7350546835161678,16.300697146633937,,1.094766688370276,Grammar swap,15.585762182828647,1.096679556128875,4.5871029945071085,-0.17442358142892855
Gervasio,CAPACITAR,MANDARIM,1.7725028018338476,57.04059512768247,,1.4912363623526186,Grammar swap,15.585762182828647,1.096679556128875,265.97886236533236,35.977401422205226
Gervasio,CAPACITAR,RUSSO,2.0404707268493523,29.1166550379352,,1.378583229060833,Grammar swap,15.585762182828647,1.096679556128875,86.81572769032744,25.70519996990175
Gervasio,CAPACITAR,ÁRABE,1.77778829147415,32.62914831439887,,1.4063692041902465,Grammar swap,15.585762182828647,1.096679556128875,109.35227890457284,28.23884573489568
Gervasio,COMPARTILHAR,PB NATIVO,1.8694234575075288,20.01058473919923,,1.284571595139795,Grammar swap,20.01058473919923,1.284571595139795,0.0,0.0
Gervasio,COMPARTILHAR,FRANCÊS,1.947631047808583,22.517057536706076,,1.381407305599602,Grammar swap,20.01058473919923,1.284571595139795,12.52573490567146,7.5383661623989795
Gervasio,COMPARTILHAR,INGLÊS,1.9580402870400924,16.275973451048113,,1.2054210170462134,Grammar swap,20.01058473919923,1.284571595139795,-18.663179196534397,-6.1616322821592355
Gervasio,COMPARTILHAR,MANDARIM,1.85654586304816,50.56990522343072,,1.5889817650914717,Grammar swap,20.01058473919923,1.284571595139795,152.71577958623106,23.697407844250918
Gervasio,COMPARTILHAR,RUSSO,2.239565002092194,32.79683442953853,,1.56857076443451,Grammar swap,20.01058473919923,1.284571595139795,63.89743156926342,22.108473390602136
Gervasio,COMPARTILHAR,ÁRABE,2.3663033780574847,31.323962421342685,,1.5924270910837557,Grammar swap,20.01058473919923,1.284571595139795,56.53696695819885,23.96561601616749
Gervasio,EXPLICAR,PB NATIVO,1.680555872033175,13.0591425604127,,0.937338244455758,Grammar swap,13.0591425604127,0.937338244455758,0.0,0.0
Gervasio,EXPLICAR,INGLÊS,1.8063490526041548,14.999054083219097,,1.0586355645507293,Grammar swap,13.0591425604127,0.937338244455758,14.854815420171729,12.940613573854499
Gervasio,EXPLICAR,MANDARIM,1.7474156820075135,50.96705966694636,,1.4829608679429025,Grammar swap,13.0591425604127,0.937338244455758,290.27876011896205,58.2097899786375
Gervasio,EXPLICAR,RUSSO,2.36595127669628,25.16040376519812,,1.3277016751877455,Grammar swap,13.0591425604127,0.937338244455758,92.66505169695452,41.64595150586674
Gervasio,EXPLICAR,ÁRABE,2.2473468699913326,23.249930589367438,,1.326612747738016,Grammar swap,13.0591425604127,0.937338244455758,78.03565955277145,41.52977920028012
Qwen,CAPACITAR,PB NATIVO,1.6697837141074068,7584.158514247744,,3.5615003337802627,Grammar swap,7584.158514247744,3.5615003337802627,0.0,0.0
Qwen,CAPACITAR,ESPANHOL,1.6374123393720748,9098.255272250532,,3.529136139766685,Grammar swap,7584.158514247744,3.5615003337802627,19.96393871724036,-0.9087235990576259
Qwen,CAPACITAR,FRANCÊS,1.6771826057149457,7626.662833405941,,3.5598356129907103,Grammar swap,7584.158514247744,3.5615003337802627,0.5604355325425692,-0.04674212083494167
Qwen,CAPACITAR,GALEGO,1.6837690984243243,6142.3094520886025,,3.41244199365381,Grammar swap,7584.158514247744,3.5615003337802627,-19.01132550764144,-4.185268177926527
Qwen,CAPACITAR,INGLÊS,1.7188759236169144,14002.768534386949,,3.603125349551252,Grammar swap,7584.158514247744,3.5615003337802627,84.63180203948906,1.168749455845397
Qwen,CAPACITAR,MANDARIM,1.7402635673007545,33388.07753651369,,3.737385702270967,Grammar swap,7584.158514247744,3.5615003337802627,340.234437001682,4.93851893884325
Qwen,CAPACITAR,RUSSO,2.0275158630060366,11080.41060063532,,3.784687327149254,Grammar swap,7584.158514247744,3.5615003337802627,46.099406807221264,6.2666565338236335
Qwen,CAPACITAR,ÁRABE,1.7516315859548792,18964.174787795782,,3.942991473182104,Grammar swap,7584.158514247744,3.5615003337802627,150.0498209810531,10.71152895265679
Qwen,COMPARTILHAR,PB NATIVO,1.8672488429526768,2661.7907112815924,,3.511569239419313,Grammar swap,2661.7907112815924,3.511569239419313,0.0,0.0
Qwen,COMPARTILHAR,FRANCÊS,1.9437017281745856,4767.059304837468,,3.7871350289224233,Grammar swap,2661.7907112815924,3.511569239419313,79.09219100634084,7.847368817613831
Qwen,COMPARTILHAR,INGLÊS,1.957702438679919,5083.444672924661,,3.691208055638647,Grammar swap,2661.7907112815924,3.511569239419313,90.97837600000854,5.11562791366289
Qwen,COMPARTILHAR,MANDARIM,1.8605393278415008,13199.126678333656,,4.014063333139142,Grammar swap,2661.7907112815924,3.511569239419313,395.8739476545311,14.309673523707133
Qwen,COMPARTILHAR,RUSSO,2.241474017764116,4901.749500578514,,3.888429292079721,Grammar swap,2661.7907112815924,3.511569239419313,84.15232571829179,10.73195562912288
Qwen,COMPARTILHAR,ÁRABE,2.3724933273416347,5214.742882646907,,4.011277782328634,Grammar swap,2661.7907112815924,3.511569239419313,95.91107822808974,14.23034856610017
Qwen,EXPLICAR,PB NATIVO,1.6634811154983793,4366.367871644571,,3.103551958041028,Grammar swap,4366.367871644571,3.103551958041028,0.0,0.0
Qwen,EXPLICAR,INGLÊS,1.7965660225868372,5583.2827160049765,,3.3558266772977445,Grammar swap,4366.367871644571,3.103551958041028,27.870185933327242,8.12858049961418
Qwen,EXPLICAR,MANDARIM,1.739005865401743,18516.6177364171,,3.694580748949439,Grammar swap,4366.367871644571,3.103551958041028,324.073698798148,19.04362481759354
Qwen,EXPLICAR,RUSSO,2.3618215538113563,11606.872158612385,,3.888621735006177,Grammar swap,4366.367871644571,3.103551958041028,165.8244220325099,25.29584771188067
Qwen,EXPLICAR,ÁRABE,2.2454667039240106,10755.52027160119,,3.975229964187399,Grammar swap,4366.367871644571,3.103551958041028,146.32647976017137,28.08646408795996
Sabia,CAPACITAR,PB NATIVO,1.8912500100786735,9.921362622112232,,1.0349833522162952,Grammar swap,9.921362622112232,1.0349833522162952,0.0,0.0
Sabia,CAPACITAR,ESPANHOL,1.8552374629165669,13.516093707929873,,1.1603082692978322,Grammar swap,9.921362622112232,1.0349833522162952,36.23223162719489,12.10888240986372
Sabia,CAPACITAR,FRANCÊS,1.9039969676073416,13.930515292622545,,1.197628928667701,Grammar swap,9.921362622112232,1.0349833522162952,40.40929480366855,15.714801219084285
Sabia,CAPACITAR,GALEGO,1.9155046385312955,10.58444213618813,,1.0672077765676915,Grammar swap,9.921362622112232,1.0349833522162952,6.683351262638659,3.1135210322360773
Sabia,CAPACITAR,INGLÊS,1.993108508175668,11.701034322857842,,1.1042942505646571,Grammar swap,9.921362622112232,1.0349833522162952,17.9377749663052,6.696812871428381
Sabia,CAPACITAR,MANDARIM,2.0621981647655296,33.36958767684363,,1.4962302693578198,Grammar swap,9.921362622112232,1.0349833522162952,236.3407724103459,44.56563636060604
Sabia,CAPACITAR,RUSSO,2.343951239656856,18.098493820990317,,1.3567515460185848,Grammar swap,9.921362622112232,1.0349833522162952,82.41943682870041,31.089214441300996
Sabia,CAPACITAR,ÁRABE,2.0348865236127764,21.489220681988584,,1.4120832868573725,Grammar swap,9.921362622112232,1.0349833522162952,116.5954566975961,36.43536234989308
Sabia,COMPARTILHAR,PB NATIVO,2.2049623111363013,11.949655366057108,,1.2109706829738145,Grammar swap,11.949655366057108,1.2109706829738145,0.0,0.0
Sabia,COMPARTILHAR,FRANCÊS,2.2695369665171645,15.237106905592665,,1.3897987175604605,Grammar swap,11.949655366057108,1.2109706829738145,27.510848127666797,14.767329804177676
Sabia,COMPARTILHAR,INGLÊS,2.2954702191406917,10.7067074075418,,1.1757448808151008,Grammar swap,11.949655366057108,1.2109706829738145,-10.401538123399712,-2.908889757116895
Sabia,COMPARTILHAR,MANDARIM,2.1937749874619525,28.94391577815661,,1.5759589423993323,Grammar swap,11.949655366057108,1.2109706829738145,142.2154856479924,30.140140018023054
Sabia,COMPARTILHAR,RUSSO,2.64339240373693,19.953864512114567,,1.558185487667199,Grammar swap,11.949655366057108,1.2109706829738145,66.98276143421964,28.672436878547657
Sabia,COMPARTILHAR,ÁRABE,2.815067634576099,17.84898829741061,,1.5567496946853048,Grammar swap,11.949655366057108,1.2109706829738145,49.36822653572508,28.553871416800213
Sabia,EXPLICAR,PB NATIVO,1.9199983324687155,8.707341104421864,,0.9214070419526704,Grammar swap,8.707341104421864,0.9214070419526704,0.0,0.0
Sabia,EXPLICAR,INGLÊS,2.074404251515565,10.924296270534372,,1.0820085524302283,Grammar swap,8.707341104421864,0.9214070419526704,25.46075936989154,17.430028550379518
Sabia,EXPLICAR,MANDARIM,2.0491204597132486,29.50753425618085,,1.5015940204435738,Grammar swap,8.707341104421864,0.9214070419526704,238.8811108042613,62.967499929385795
Sabia,EXPLICAR,RUSSO,2.765351016378188,17.3395933057901,,1.3809066227005258,Grammar swap,8.707341104421864,0.9214070419526704,99.1376368267519,49.86933676717638
Sabia,EXPLICAR,ÁRABE,2.636658636279296,14.257814010757698,,1.3415456453876715,Grammar swap,8.707341104421864,0.9214070419526704,63.74475100690758,45.59750298246388
Tucano,CAPACITAR,PB NATIVO,1.3185910394623197,31.61629719129018,,1.0786147505856252,Grammar swap,31.61629719129018,1.0786147505856252,0.0,0.0
Tucano,CAPACITAR,ESPANHOL,1.388494649881019,42.92030609172129,,1.2508104539666889,Grammar swap,31.61629719129018,1.0786147505856252,35.75374064849439,15.964523319152768
Tucano,CAPACITAR,FRANCÊS,1.3161485970988274,56.6890635168817,,1.2676183122835218,Grammar swap,31.61629719129018,1.0786147505856252,79.30329783368401,17.522805208743787
Tucano,CAPACITAR,GALEGO,1.3017822258600809,39.3698791798326,,1.1280642578991635,Grammar swap,31.61629719129018,1.0786147505856252,24.5240040022094,4.584538389326687
Tucano,CAPACITAR,INGLÊS,1.3022886270317664,55.46925559475384,,1.1806122991614878,Grammar swap,31.61629719129018,1.0786147505856252,75.44513596625349,9.456346533410919
Tucano,CAPACITAR,MANDARIM,1.350365466564803,341.9461994806533,,1.636767032598221,Grammar swap,31.61629719129018,1.0786147505856252,981.5504339795186,51.74713971875051
Tucano,CAPACITAR,RUSSO,1.5876490249190411,113.80892044077068,,1.514572246947227,Grammar swap,31.61629719129018,1.0786147505856252,259.96916322042716,40.418276880128154
Tucano,CAPACITAR,ÁRABE,1.3847355336208491,131.0268291710068,,1.5408835161269971,Grammar swap,31.61629719129018,1.0786147505856252,314.42812982888694,42.857634321279846
Tucano,COMPARTILHAR,PB NATIVO,1.597947011361456,30.425348779039336,,1.1673577068832188,Grammar swap,30.425348779039336,1.1673577068832188,0.0,0.0
Tucano,COMPARTILHAR,FRANCÊS,1.6652124632445562,55.78842775712516,,1.4440969801559105,Grammar swap,30.425348779039336,1.1673577068832188,83.36167043566971,23.706467318536873
Tucano,COMPARTILHAR,INGLÊS,1.6505576543399991,36.13113906190974,,1.2193651430482133,Grammar swap,30.425348779039336,1.1673577068832188,18.753409613503734,4.455141372549076
Tucano,COMPARTILHAR,MANDARIM,1.5818838426805486,182.1671044893062,,1.6553701004203434,Grammar swap,30.425348779039336,1.1673577068832188,498.7346466010111,41.8048718622924
Tucano,COMPARTILHAR,RUSSO,1.898451195224793,97.89503708467892,,1.641305867087017,Grammar swap,30.425348779039336,1.1673577068832188,221.7548557803908,40.600079770682626
Tucano,COMPARTILHAR,ÁRABE,2.084621618836336,70.53649645865035,,1.6597189242185155,Grammar swap,30.425348779039336,1.1673577068832188,131.834635556403,42.17740752745567
Tucano,EXPLICAR,PB NATIVO,1.3057898515838902,25.085918609676337,,0.9545888398877276,Grammar swap,25.085918609676337,0.9545888398877276,0.0,0.0
Tucano,EXPLICAR,INGLÊS,1.3797045966266026,48.50457541451094,,1.1799694492290251,Grammar swap,25.085918609676337,0.9545888398877276,93.35379409148435,23.610228815141543
Tucano,EXPLICAR,MANDARIM,1.3399814812967985,287.3753809808683,,1.6352253930392002,Grammar swap,25.085918609676337,0.9545888398877276,1045.5645115185043,71.30154101021384
Tucano,EXPLICAR,RUSSO,2.009793673645951,83.47384519263936,,1.6028841106570813,Grammar swap,25.085918609676337,0.9545888398877276,232.75179789685345,67.91356065356912
Tucano,EXPLICAR,ÁRABE,1.894733999749672,59.31704300133026,,1.4799812383674449,Grammar swap,25.085918609676337,0.9545888398877276,136.45553477340084,55.03860683532717
BODE,CAPACITAR,PB NATIVO,1.8912500100786735,20.012705998007306,,1.3617610366242,Lexical swap,20.012705998007306,1.3617610366242,0.0,0.0
BODE,CAPACITAR,ESPANHOL,1.6958672200755616,20.736045415903668,,1.246039751182991,Lexical swap,20.012705998007306,1.3617610366242,3.6144008609749534,-8.497914269017526
BODE,CAPACITAR,FRANCÊS,1.6983170587465295,23.39777935479872,,1.2562994112557353,Lexical swap,20.012705998007306,1.3617610366242,16.91462092696745,-7.744503075951092
BODE,CAPACITAR,GALEGO,1.773689314388304,56.821763620557554,,1.764177126456007,Lexical swap,20.012705998007306,1.3617610366242,183.9284383941651,29.551153176580456
BODE,CAPACITAR,INGLÊS,1.2926904465003517,40.02851442564302,,1.230144257233283,Lexical swap,20.012705998007306,1.3617610366242,100.01550229953268,-9.66518910815618
BODE,CAPACITAR,MANDARIM,1.7644450267466736,25.729836081101087,,1.98944076687002,Lexical swap,20.012705998007306,1.3617610366242,28.56750148462204,46.09323613795233
BODE,CAPACITAR,RUSSO,2.983806569166604,30.792886845519167,,2.042520852736524,Lexical swap,20.012705998007306,1.3617610366242,53.86668273938198,49.99113631565821
BODE,CAPACITAR,ÁRABE,3.3843536163089905,55.81984204061335,,2.6448650959263174,Lexical swap,20.012705998007306,1.3617610366242,178.9220110772197,94.22387811028337
BODE,COMPARTILHAR,PB NATIVO,2.2049623111363013,23.283403569334556,,1.5709422646478706,Lexical swap,23.283403569334556,1.5709422646478706,0.0,0.0
BODE,COMPARTILHAR,ESPANHOL,2.115830367142822,22.442069956677823,,1.4924139745138083,Lexical swap,23.283403569334556,1.5709422646478706,-3.6134477081555705,-4.998801795663987
BODE,COMPARTILHAR,FRANCÊS,1.9884777534207725,33.13417442176811,,1.558810278600704,Lexical swap,23.283403569334556,1.5709422646478706,42.30812227730969,-0.7722744699268702
BODE,COMPARTILHAR,GALEGO,2.1818608493325464,60.88312874072267,,2.079072585406616,Lexical swap,23.283403569334556,1.5709422646478706,161.4872372908095,32.34557578553938
BODE,COMPARTILHAR,INGLÊS,1.819449458707037,44.45840864103175,,1.5536779146125783,Lexical swap,23.283403569334556,1.5709422646478706,90.94462933067815,-1.0989805560525867
BODE,COMPARTILHAR,MANDARIM,3.342475772680439,22.56870733364484,,2.309672395957626,Lexical swap,23.283403569334556,1.5709422646478706,-3.0695522394801666,47.02465188784919
BODE,COMPARTILHAR,RUSSO,3.064536482056321,40.45114904397303,,2.3322416596639277,Lexical swap,23.283403569334556,1.5709422646478706,73.73383115366039,48.46132236353726
BODE,COMPARTILHAR,ÁRABE,3.0996522343559114,52.79440494753346,,2.609989139540385,Lexical swap,23.283403569334556,1.5709422646478706,126.74693925361673,66.14163348170014
BODE,EXPLICAR,PB NATIVO,1.9199983324687155,15.270723912043286,,1.151365626789369,Lexical swap,15.270723912043286,1.151365626789369,0.0,0.0
BODE,EXPLICAR,ESPANHOL,1.8350639122217496,16.023282554220323,,1.144559161021731,Lexical swap,15.270723912043286,1.151365626789369,4.928113732601314,-0.5911645796321197
BODE,EXPLICAR,FRANCÊS,1.916670672725417,16.755740316384447,,1.180396953181116,Lexical swap,15.270723912043286,1.151365626789369,9.72459729410733,2.5214689162383674
BODE,EXPLICAR,GALEGO,1.956127950795755,44.167179755985366,,1.684012930859072,Lexical swap,15.270723912043286,1.151365626789369,189.22780616282924,46.262220416898515
BODE,EXPLICAR,INGLÊS,1.6881829127290655,26.39043197738075,,1.2339422490011829,Lexical swap,15.270723912043286,1.151365626789369,72.8171639365956,7.172059013267762
BODE,EXPLICAR,MANDARIM,3.411501193275201,17.587755033133924,,2.027439928145808,Lexical swap,15.270723912043286,1.151365626789369,15.173027385187066,76.09001701739251
BODE,EXPLICAR,RUSSO,2.814563048619489,29.62392189931047,,1.974774620686805,Lexical swap,15.270723912043286,1.151365626789369,93.99160164206432,71.5158568867082
BODE,EXPLICAR,ÁRABE,3.0935908748912744,43.07595484513898,,2.433620515030243,Lexical swap,15.270723912043286,1.151365626789369,182.08194381123639,111.36817518310798
BODE,EXPLORAR,PB NATIVO,1.9387664462951573,17.14130217659927,,1.2833486778709795,Lexical swap,17.14130217659927,1.2833486778709795,0.0,0.0
BODE,EXPLORAR,ESPANHOL,1.7996135220460343,19.59556789202267,,1.273059758110272,Lexical swap,17.14130217659927,1.2833486778709795,14.317848726649718,-0.8017244212832564
BODE,EXPLORAR,FRANCÊS,1.842628312433623,25.314019870575965,,1.327868628685305,Lexical swap,17.14130217659927,1.2833486778709795,47.67851129264737,3.4690455978169776
BODE,EXPLORAR,GALEGO,1.9572048437303164,45.53922096528935,,1.7680386605302365,Lexical swap,17.14130217659927,1.2833486778709795,165.66955355035958,37.76759901785513
BODE,EXPLORAR,INGLÊS,1.423308610673608,36.28654291439466,,1.2542872961475338,Lexical swap,17.14130217659927,1.2833486778709795,111.69070202806309,-2.26449617508917
BODE,EXPLORAR,MANDARIM,1.8672408889391887,24.75292575702878,,1.938596654961701,Lexical swap,17.14130217659927,1.2833486778709795,44.40516538364654,51.057673443646664
BODE,EXPLORAR,RUSSO,3.2235750642127297,22.172264950770494,,1.9069680725794504,Lexical swap,17.14130217659927,1.2833486778709795,29.349945076164175,48.59313805060592
BODE,EXPLORAR,ÁRABE,3.48256917478934,57.08157275264753,,2.6864027947467988,Lexical swap,17.14130217659927,1.2833486778709795,233.00604682515527,109.32758501792561
BODE,FAZER,PB NATIVO,2.094443962209902,14.209256138370948,,1.196322761999425,Lexical swap,14.209256138370948,1.196322761999425,0.0,0.0
BODE,FAZER,ESPANHOL,1.9397764993356896,18.450336555764977,,1.2311504286626944,Lexical swap,14.209256138370948,1.196322761999425,29.84730781185183,2.911226616223672
BODE,FAZER,FRANCÊS,1.9739036950407007,20.025054074809407,,1.2260019448228827,Lexical swap,14.209256138370948,1.196322761999425,40.92964388708123,2.4808675188838336
BODE,FAZER,GALEGO,2.0796780233646173,42.30840224281892,,1.669670836323507,Lexical swap,14.209256138370948,1.196322761999425,197.7524075209574,39.566920346225885
BODE,FAZER,INGLÊS,1.8159448786775876,31.062300838041097,,1.2357330963950202,Lexical swap,14.209256138370948,1.196322761999425,118.60610109040022,3.2942894382222088
BODE,FAZER,MANDARIM,3.5401941457224884,18.751651139818087,,2.11561880908105,Lexical swap,14.209256138370948,1.196322761999425,31.967859240574658,76.84348039530715
BODE,FAZER,RUSSO,3.087472473748443,29.68070807320119,,1.9770425873964417,Lexical swap,14.209256138370948,1.196322761999425,108.88291254776408,65.2599658048964
BODE,FAZER,ÁRABE,3.6204763164306,36.662508126967374,,2.38422244572604,Lexical swap,14.209256138370948,1.196322761999425,158.0184899895163,99.29591925019194
BODE,RECOMENDAR,PB NATIVO,1.850071824575666,14.141817931150069,,1.1539236117066425,Lexical swap,14.141817931150069,1.1539236117066425,0.0,0.0
BODE,RECOMENDAR,ESPANHOL,1.7293069880868677,18.334257538789014,,1.1873168614067835,Lexical swap,14.141817931150069,1.1539236117066425,29.645690731205733,2.8938873735977033
BODE,RECOMENDAR,FRANCÊS,1.7283077321512754,25.481645609176432,,1.2553043869277198,Lexical swap,14.141817931150069,1.1539236117066425,80.18649181621986,8.785744064213752
BODE,RECOMENDAR,GALEGO,1.86179081503558,43.11803803184191,,1.6749826301682458,Lexical swap,14.141817931150069,1.1539236117066425,204.89742013200552,45.15541697694891
BODE,RECOMENDAR,INGLÊS,1.3429822351527412,35.15104406965681,,1.1797460821293146,Lexical swap,14.141817931150069,1.1539236117066425,148.5610000128052,2.2377972129784984
BODE,RECOMENDAR,MANDARIM,1.947706693689685,23.410923521043596,,1.8990477767766447,Lexical swap,14.141817931150069,1.1539236117066425,65.54394657759342,64.573092838266
BODE,RECOMENDAR,RUSSO,2.931923700337145,22.94982299565696,,1.8459608815038548,Lexical swap,14.141817931150069,1.1539236117066425,62.28340024874433,59.97253741724684
BODE,RECOMENDAR,ÁRABE,3.4260742008458918,72.47106184533678,,2.845277981025731,Lexical swap,14.141817931150069,1.1539236117066425,412.4593047242205,146.5742057931886
BODE,RECRIAR,PB NATIVO,2.0584486916236906,14.767350133322468,,1.4177325780019412,Lexical swap,14.767350133322468,1.4177325780019412,0.0,0.0
BODE,RECRIAR,ESPANHOL,1.939121386917101,18.327906053821653,,1.442200490760489,Lexical swap,14.767350133322468,1.4177325780019412,24.111000879330447,1.725848240930694
BODE,RECRIAR,FRANCÊS,1.890656443748336,13.38934350660371,,1.2501701620491052,Lexical swap,14.767350133322468,1.4177325780019412,-9.331441418249376,-11.819042501582866
BODE,RECRIAR,GALEGO,2.0870755525432125,44.83296206819296,,2.0198218731547906,Lexical swap,14.767350133322468,1.4177325780019412,203.59517221053466,42.468467219776684
BODE,RECRIAR,INGLÊS,1.5976664134070346,18.92780028968791,,1.2536133402523515,Lexical swap,14.767350133322468,1.4177325780019412,28.17330204000108,-11.57617736208676
BODE,RECRIAR,MANDARIM,1.9916121492667145,27.60610925740249,,2.151620509148395,Lexical swap,14.767350133322468,1.4177325780019412,86.94016873825868,51.76490563408982
BODE,RECRIAR,RUSSO,2.879769437117905,27.80690708901744,,2.143588574368799,Lexical swap,14.767350133322468,1.4177325780019412,88.29991053216287,51.19837179659308
BODE,RECRIAR,ÁRABE,2.728323422920618,52.99787389530209,,2.596165156254192,Lexical swap,14.767350133322468,1.4177325780019412,258.8854697479719,83.12093525515623
BODE,RELATAR,PB NATIVO,1.821215960353329,16.20960154257186,,1.1975657859579187,Lexical swap,16.20960154257186,1.1975657859579187,0.0,0.0
BODE,RELATAR,ESPANHOL,1.7111753244179564,19.301671175321328,,1.1916858494393163,Lexical swap,16.20960154257186,1.1975657859579187,19.075543742569213,-0.4909906902441419
BODE,RELATAR,FRANCÊS,1.7435172746318928,16.12633295578057,,1.112979236170506,Lexical swap,16.20960154257186,1.1975657859579187,-0.5136991589373752,-7.063206946894606
BODE,RELATAR,GALEGO,1.8555981592698647,50.62271037742682,,1.7709926417306243,Lexical swap,16.20960154257186,1.1975657859579187,212.30076966712952,47.88270193557911
BODE,RELATAR,INGLÊS,1.3366728319110517,21.381042517068597,,1.0215801261631838,Lexical swap,16.20960154257186,1.1975657859579187,31.903566296276907,-14.695281199434573
BODE,RELATAR,MANDARIM,2.1412971262646465,30.625210581384334,,2.1611488536768206,Lexical swap,16.20960154257186,1.1975657859579187,88.93253175256801,80.46180669299459
BODE,RELATAR,RUSSO,2.920145521275268,25.46143582319744,,1.968484140779448,Lexical swap,16.20960154257186,1.1975657859579187,57.07625974844079,64.37377919951852
BODE,RELATAR,ÁRABE,3.464220560325313,35.69576218411487,,2.276763566783438,Lexical swap,16.20960154257186,1.1975657859579187,120.21369304091655,90.11594966052587
Cabrita,CAPACITAR,PB NATIVO,1.544928939967061,22.156786832847544,,1.1129070656348772,Lexical swap,22.156786832847544,1.1129070656348772,0.0,0.0
Cabrita,CAPACITAR,ESPANHOL,1.7337483506420024,19.79420332753125,,1.253630656240023,Lexical swap,22.156786832847544,1.1129070656348772,-10.663024034756486,12.644684803476158
Cabrita,CAPACITAR,FRANCÊS,1.938182637778957,18.661036049631164,,1.3388130805622391,Lexical swap,22.156786832847544,1.1129070656348772,-15.777336351108062,20.298731304980077
Cabrita,CAPACITAR,GALEGO,1.545877042839425,56.38383422769024,,1.5374562654888209,Lexical swap,22.156786832847544,1.1129070656348772,154.47658387045965,38.147767496808214
Cabrita,CAPACITAR,INGLÊS,1.2177357429535245,48.889688430195335,,1.2314821526712256,Lexical swap,22.156786832847544,1.1129070656348772,120.65333208746738,10.654536276908733
Cabrita,CAPACITAR,MANDARIM,1.7578441246765164,34.552660101676324,,2.1574124277510114,Lexical swap,22.156786832847544,1.1129070656348772,55.94616837876436,93.8537811798578
Cabrita,CAPACITAR,RUSSO,3.0454046888938957,70.58541974438297,,2.6012021232067006,Lexical swap,22.156786832847544,1.1129070656348772,218.57245491814612,133.7303988381815
Cabrita,CAPACITAR,ÁRABE,3.382068485887018,77.39413140098038,,2.854165133456985,Lexical swap,22.156786832847544,1.1129070656348772,249.3021437848705,156.46033003023274
Cabrita,COMPARTILHAR,PB NATIVO,1.8592730700223024,21.802064890662773,,1.2301316932951143,Lexical swap,21.802064890662773,1.2301316932951143,0.0,0.0
Cabrita,COMPARTILHAR,ESPANHOL,2.098105986129935,19.36433583288785,,1.3932901592979088,Lexical swap,21.802064890662773,1.2301316932951143,-11.181184305248703,13.263495842932649
Cabrita,COMPARTILHAR,FRANCÊS,2.136124464405843,24.9693285519284,,1.611330782495819,Lexical swap,21.802064890662773,1.2301316932951143,14.527356363488654,30.988478004302046
Cabrita,COMPARTILHAR,GALEGO,1.9783186302776643,50.55567675639053,,1.7721920281304735,Lexical swap,21.802064890662773,1.2301316932951143,131.8848100394479,44.06522795810257
Cabrita,COMPARTILHAR,INGLÊS,1.6498777657061268,52.13973100939293,,1.4992494154495983,Lexical swap,21.802064890662773,1.2301316932951143,139.15042575496116,21.87714726978598
Cabrita,COMPARTILHAR,MANDARIM,3.991644577561285,16.871512603148577,,2.4943746878219684,Lexical swap,21.802064890662773,1.2301316932951143,-22.615070234130975,102.77297962630057
Cabrita,COMPARTILHAR,RUSSO,3.009389301475806,79.48787190641488,,2.7385426518661795,Lexical swap,21.802064890662773,1.2301316932951143,264.5887318703347,122.62190843409076
Cabrita,COMPARTILHAR,ÁRABE,2.999748301899701,77.34183488295126,,2.808603388606392,Lexical swap,21.802064890662773,1.2301316932951143,254.74545769320525,128.3172934991274
Cabrita,EXPLICAR,PB NATIVO,1.5269033393987503,21.39682425479265,,1.0568490608826293,Lexical swap,21.39682425479265,1.0568490608826293,0.0,0.0
Cabrita,EXPLICAR,ESPANHOL,1.8120046456172896,16.76277547110613,,1.1902918260300313,Lexical swap,21.39682425479265,1.0568490608826293,-21.65764754855406,12.62647336185898
Cabrita,EXPLICAR,FRANCÊS,2.089058726309561,14.819372870530326,,1.244020137073208,Lexical swap,21.39682425479265,1.0568490608826293,-30.74031597370833,17.710294035201436
Cabrita,EXPLICAR,GALEGO,1.7330862010759345,47.64787343463575,,1.540481543688906,Lexical swap,21.39682425479265,1.0568490608826293,122.68666072706166,45.76173653429472
Cabrita,EXPLICAR,INGLÊS,1.5292256944036997,37.26697869914375,,1.2639047574559985,Lexical swap,21.39682425479265,1.0568490608826293,74.17060707406782,19.591794536908246
Cabrita,EXPLICAR,MANDARIM,4.076164839030616,13.333742633306832,,2.203440021152099,Lexical swap,21.39682425479265,1.0568490608826293,-37.68354371410878,108.49145849757318
Cabrita,EXPLICAR,RUSSO,2.800716020386344,61.63524113116963,,2.3982328589463675,Lexical swap,21.39682425479265,1.0568490608826293,188.0578930649674,126.9229304081965
Cabrita,EXPLICAR,ÁRABE,3.0476503687829544,62.07642588849386,,2.608772508916002,Lexical swap,21.39682425479265,1.0568490608826293,190.1198100675591,146.8443797203435
Cabrita,EXPLORAR,PB NATIVO,1.6191132071980834,24.385618186289985,,1.1818936231158734,Lexical swap,24.385618186289985,1.1818936231158734,0.0,0.0
Cabrita,EXPLORAR,ESPANHOL,1.846783329903952,18.65290451456869,,1.2849266329547815,Lexical swap,24.385618186289985,1.1818936231158734,-23.5085845596661,8.717621266732788
Cabrita,EXPLORAR,FRANCÊS,2.078163431178919,19.25876805815657,,1.3902031108650974,Lexical swap,24.385618186289985,1.1818936231158734,-21.02407283246901,17.625062330063955
Cabrita,EXPLORAR,GALEGO,1.7865770784845203,43.8472737656198,,1.5803764711000137,Lexical swap,24.385618186289985,1.1818936231158734,79.80792379613118,33.71562720963026
Cabrita,EXPLORAR,INGLÊS,1.335541990479337,47.06173109484761,,1.2662501719084858,Lexical swap,24.385618186289985,1.1818936231158734,92.98969882710017,7.1374062049865294
Cabrita,EXPLORAR,MANDARIM,2.00662993822782,26.28582753365389,,2.106404484435506,Lexical swap,24.385618186289985,1.1818936231158734,7.792336174738579,78.22284876047536
Cabrita,EXPLORAR,RUSSO,3.2822267871239714,49.67287615004506,,2.433753039367609,Lexical swap,24.385618186289985,1.1818936231158734,103.6974243202578,105.91980460571473
Cabrita,EXPLORAR,ÁRABE,3.4090865764836007,75.45761746241219,,2.854430541071262,Lexical swap,24.385618186289985,1.1818936231158734,209.43491727774105,141.51332110126904
Cabrita,FAZER,PB NATIVO,1.6962618034085268,20.597017524177748,,1.0916138902715464,Lexical swap,20.597017524177748,1.0916138902715464,0.0,0.0
Cabrita,FAZER,ESPANHOL,1.9064032187879731,17.263149029628273,,1.2191627250184665,Lexical swap,20.597017524177748,1.0916138902715464,-16.18617108343974,11.684427606100844
Cabrita,FAZER,FRANCÊS,2.15426639728945,14.915062996877245,,1.2642533341295088,Lexical swap,20.597017524177748,1.0916138902715464,-27.586297485209975,15.81506477670571
Cabrita,FAZER,GALEGO,1.8537649521722384,39.84338614166932,,1.4771525407213957,Lexical swap,20.597017524177748,1.0916138902715464,93.44250251231412,35.31822505061235
Cabrita,FAZER,INGLÊS,1.669461276333211,39.729209443275785,,1.2486970771664168,Lexical swap,20.597017524177748,1.0916138902715464,92.88816643788242,14.389995244178767
Cabrita,FAZER,MANDARIM,4.2051890818940105,14.39870170488904,,2.2975514341451007,Lexical swap,20.597017524177748,1.0916138902715464,-30.09326865898343,110.47290206004696
Cabrita,FAZER,RUSSO,3.10280898295438,53.00363952154088,,2.3838666419146404,Lexical swap,20.597017524177748,1.0916138902715464,157.33647825139113,118.38002091761925
Cabrita,FAZER,ÁRABE,3.5228299145917448,53.73422865906765,,2.571649497245004,Lexical swap,20.597017524177748,1.0916138902715464,160.88354100777883,135.58233549092057
Cabrita,RECOMENDAR,PB NATIVO,1.5020050365202258,20.37103752196393,,1.0570710649896151,Lexical swap,20.37103752196393,1.0570710649896151,0.0,0.0
Cabrita,RECOMENDAR,ESPANHOL,1.8178727382844773,15.863571251670132,,1.194564932792464,Lexical swap,20.37103752196393,1.0570710649896151,-22.12683701276322,13.007060012961347
Cabrita,RECOMENDAR,FRANCÊS,1.997132150035996,18.25138659234681,,1.3232967953950177,Lexical swap,20.37103752196393,1.0570710649896151,-10.40521832691008,25.185225404691035
Cabrita,RECOMENDAR,GALEGO,1.6822343372737756,41.447230235799765,,1.5185836804633943,Lexical swap,20.37103752196393,1.0570710649896151,103.46155757217379,43.65956374733548
Cabrita,RECOMENDAR,INGLÊS,1.2504814836199123,45.97951484987288,,1.1914147547818876,Lexical swap,20.37103752196393,1.0570710649896151,125.71022610064921,12.709049962841657
Cabrita,RECOMENDAR,MANDARIM,2.046137591219642,27.64716858441601,,2.0729586351957665,Lexical swap,20.37103752196393,1.0570710649896151,35.71801904840144,96.10399942374089
Cabrita,RECOMENDAR,RUSSO,2.992284656577087,47.5197041114583,,2.3246805225811458,Lexical swap,20.37103752196393,1.0570710649896151,133.27090758250696,119.91714649799673
Cabrita,RECOMENDAR,ÁRABE,3.4032117675623064,101.4129815253265,,3.058021138432631,Lexical swap,20.37103752196393,1.0570710649896151,397.8292412253604,189.29191609862798
Cabrita,RECRIAR,PB NATIVO,1.7653607509450306,14.977182150117294,,1.2182896175039637,Lexical swap,14.977182150117294,1.2182896175039637,0.0,0.0
Cabrita,RECRIAR,ESPANHOL,2.023068229887897,17.890970980329698,,1.4923613532499644,Lexical swap,14.977182150117294,1.2182896175039637,19.454853396368588,22.496435314578143
Cabrita,RECRIAR,FRANCÊS,2.1131160676790803,13.16520001007554,,1.3942927343257727,Lexical swap,14.977182150117294,1.2182896175039637,-12.098284723255247,14.446738632017976
Cabrita,RECRIAR,GALEGO,1.953611960686464,41.619313799203496,,1.8503976431819436,Lexical swap,14.977182150117294,1.2182896175039637,177.88480758296416,51.88487339923697
Cabrita,RECRIAR,INGLÊS,1.5302194039382002,23.15857870179555,,1.2872861756905365,Lexical swap,14.977182150117294,1.2182896175039637,54.62573980656422,5.6633954024768896
Cabrita,RECRIAR,MANDARIM,1.9600737399410544,38.90729682436488,,2.3330274967241422,Lexical swap,14.977182150117294,1.2182896175039637,159.77714922870305,91.50023633165796
Cabrita,RECRIAR,RUSSO,2.900962957950239,57.81700531725622,,2.6144863791027624,Lexical swap,14.977182150117294,1.2182896175039637,286.0339330706706,114.60302554817234
Cabrita,RECRIAR,ÁRABE,2.709219079317287,71.4820746397715,,2.7539226606430165,Lexical swap,14.977182150117294,1.2182896175039637,377.2731874614458,126.04827465289112
Cabrita,RELATAR,PB NATIVO,1.5079894752314325,22.098668982787466,,1.1068807285601248,Lexical swap,22.098668982787466,1.1068807285601248,0.0,0.0
Cabrita,RELATAR,ESPANHOL,1.7955469230451218,17.3067746781194,,1.2342219654292883,Lexical swap,22.098668982787466,1.1068807285601248,-21.684085627059467,11.504512960020019
Cabrita,RELATAR,FRANCÊS,1.9742522491310777,20.44739959604657,,1.376726052253065,Lexical swap,22.098668982787466,1.1068807285601248,-7.4722572116314385,24.378897990569047
Cabrita,RELATAR,GALEGO,1.6899595953458055,48.21639887827656,,1.5919802003379433,Lexical swap,22.098668982787466,1.1068807285601248,118.18689132740099,43.82581241692187
Cabrita,RELATAR,INGLÊS,1.2509188691435218,31.78078894802664,,1.0736977426677468,Lexical swap,22.098668982787466,1.1068807285601248,43.81313631504471,-2.997882701918908
Cabrita,RELATAR,MANDARIM,2.1130562495895813,43.18526285042046,,2.3329270300271805,Lexical swap,22.098668982787466,1.1068807285601248,95.42019876426598,110.76589101537131
Cabrita,RELATAR,RUSSO,2.9867790922066337,59.00254278866391,,2.527032235813841,Lexical swap,22.098668982787466,1.1068807285601248,166.9959119918972,128.30212602048886
Cabrita,RELATAR,ÁRABE,3.619894526135624,83.32873071845529,,2.925341831842525,Lexical swap,22.098668982787466,1.1068807285601248,277.0757903263748,164.28699645425465
Gemma,CAPACITAR,PB NATIVO,1.3846834612961842,61.20084359947241,,1.3543670044382372,Lexical swap,61.20084359947241,1.3543670044382372,0.0,0.0
Gemma,CAPACITAR,ESPANHOL,1.2441683943731334,70.41044302558501,,1.2717275441460183,Lexical swap,61.20084359947241,1.3543670044382372,15.048157646951132,-6.101703601860564
Gemma,CAPACITAR,FRANCÊS,1.3533259464794447,52.12768969930711,,1.2465449795175132,Lexical swap,61.20084359947241,1.3543670044382372,-14.825210514326159,-7.9610640666372685
Gemma,CAPACITAR,GALEGO,1.3610234104229764,152.70282768344856,,1.6682989437346607,Lexical swap,61.20084359947241,1.3543670044382372,149.5109849838164,23.179237109858253
Gemma,CAPACITAR,INGLÊS,1.1597691803058472,75.73532472607678,,1.3064163308813508,Lexical swap,61.20084359947241,1.3543670044382372,23.748824806607203,-3.540449036321236
Gemma,CAPACITAR,MANDARIM,1.351336065344075,80.8472848924253,,2.05015241589522,Lexical swap,61.20084359947241,1.3543670044382372,32.101585758406536,51.37347625694555
Gemma,CAPACITAR,RUSSO,2.499007772568169,67.39679022248666,,2.110150581353532,Lexical swap,61.20084359947241,1.3543670044382372,10.123956237537325,55.80345463516203
Gemma,CAPACITAR,ÁRABE,2.9424300971792485,115.09049360354815,,2.7093178972183694,Lexical swap,61.20084359947241,1.3543670044382372,88.05376990676041,100.04311153032978
Gemma,COMPARTILHAR,PB NATIVO,1.5735880992518527,68.05309759956117,,1.519580861732102,Lexical swap,68.05309759956117,1.519580861732102,0.0,0.0
Gemma,COMPARTILHAR,ESPANHOL,1.4921017030526424,71.48501779314479,,1.494312161815763,Lexical swap,68.05309759956117,1.519580861732102,5.043003646619826,-1.6628730035160078
Gemma,COMPARTILHAR,FRANCÊS,1.5318234621285678,109.16302249185075,,1.623353531127206,Lexical swap,68.05309759956117,1.519580861732102,60.4086020215995,6.829032400211865
Gemma,COMPARTILHAR,GALEGO,1.6253255840312513,145.46857955044717,,1.9465999548797803,Lexical swap,68.05309759956117,1.519580861732102,113.7574698016174,28.101110240421058
Gemma,COMPARTILHAR,INGLÊS,1.4888644760288852,99.1872578299238,,1.635682794710854,Lexical swap,68.05309759956117,1.519580861732102,45.74980614925512,7.640391893749743
Gemma,COMPARTILHAR,MANDARIM,2.859823413576416,36.15794684157906,,2.266727032648691,Lexical swap,68.05309759956117,1.519580861732102,-46.868036699313706,49.16791134530021
Gemma,COMPARTILHAR,RUSSO,2.5119663579891016,114.06275073351144,,2.484998327230956,Lexical swap,68.05309759956117,1.519580861732102,67.60846273990467,63.53182576927286
Gemma,COMPARTILHAR,ÁRABE,2.5699352749141027,153.15267027319763,,2.7563087928579386,Lexical swap,68.05309759956117,1.519580861732102,125.04878642612324,81.38612180967758
Gemma,EXPLICAR,PB NATIVO,1.4217546655193067,44.6062264823085,,1.1539621577323749,Lexical swap,44.6062264823085,1.1539621577323749,0.0,0.0
Gemma,EXPLICAR,ESPANHOL,1.355416112950108,52.24686241061279,,1.1653000808180238,Lexical swap,44.6062264823085,1.1539621577323749,17.129079348002428,0.9825212213136147
Gemma,EXPLICAR,FRANCÊS,1.50997338336125,34.96222058300177,,1.1815430357162782,Lexical swap,44.6062264823085,1.1539621577323749,-21.620313260821746,2.390102465587085
Gemma,EXPLICAR,GALEGO,1.5065520699967287,102.04610022996329,,1.5093489562049696,Lexical swap,44.6062264823085,1.1539621577323749,128.7709772321501,30.79709296281927
Gemma,EXPLICAR,INGLÊS,1.454345528926964,54.47639425302683,,1.3097566787696544,Lexical swap,44.6062264823085,1.1539621577323749,22.12733187514302,13.500834493864854
Gemma,EXPLICAR,MANDARIM,2.946904401479503,22.492862029830512,,1.9110366023109504,Lexical swap,44.6062264823085,1.1539621577323749,-49.574613672484666,65.60652266676452
Gemma,EXPLICAR,RUSSO,2.380567595267368,66.35875763205397,,2.0466518192289653,Lexical swap,44.6062264823085,1.1539621577323749,48.76568332533766,77.35865994520954
Gemma,EXPLICAR,ÁRABE,2.560887916136576,122.67848008748308,,2.5643693193853565,Lexical swap,44.6062264823085,1.1539621577323749,175.02546115650293,122.22299944605992
Gemma,EXPLORAR,PB NATIVO,1.4226513418148703,50.22656525966138,,1.278438733640933,Lexical swap,50.22656525966138,1.278438733640933,0.0,0.0
Gemma,EXPLORAR,ESPANHOL,1.3299911880390944,69.7007854343007,,1.3248586253652423,Lexical swap,50.22656525966138,1.278438733640933,38.772749189520454,3.6309828936508914
Gemma,EXPLORAR,FRANCÊS,1.4753249289384611,65.34554931098567,,1.3601942940761165,Lexical swap,50.22656525966138,1.278438733640933,30.101568708037576,6.3949533351784105
Gemma,EXPLORAR,GALEGO,1.4883014387601443,81.50413067659603,,1.5334445502023517,Lexical swap,50.22656525966138,1.278438733640933,62.2729530781885,19.94665914378033
Gemma,EXPLORAR,INGLÊS,1.2047637201123556,84.48029197145307,,1.325343155320997,Lexical swap,50.22656525966138,1.278438733640933,68.19842554374706,3.668883024725189
Gemma,EXPLORAR,MANDARIM,1.454673204333287,73.82761002181539,,1.9933567380137944,Lexical swap,50.22656525966138,1.278438733640933,46.989167266647236,55.92117835297501
Gemma,EXPLORAR,RUSSO,2.696461328311968,48.69156726872887,,1.9782246735415523,Lexical swap,50.22656525966138,1.278438733640933,-3.056147644173701,54.73754208836132
Gemma,EXPLORAR,ÁRABE,3.010956829831073,135.8927359364133,,2.7879731426505514,Lexical swap,50.22656525966138,1.278438733640933,170.55948427664683,118.07639813216046
Gemma,FAZER,PB NATIVO,1.5430259606894654,44.2216158008955,,1.1979037307878284,Lexical swap,44.2216158008955,1.1979037307878284,0.0,0.0
Gemma,FAZER,ESPANHOL,1.4338963644190923,80.12478280019705,,1.2951842229846595,Lexical swap,44.2216158008955,1.1979037307878284,81.18917942969988,8.12089399979181
Gemma,FAZER,FRANCÊS,1.5476971435442348,55.97514621116181,,1.276783176762776,Lexical swap,44.2216158008955,1.1979037307878284,26.578699573497477,6.584790075164948
Gemma,FAZER,GALEGO,1.5784175433422016,106.23755933718064,,1.5254163313311395,Lexical swap,44.2216158008955,1.1979037307878284,140.23898135135374,27.34047754638138
Gemma,FAZER,INGLÊS,1.5632150141159726,67.73443951571613,,1.3268408322797554,Lexical swap,44.2216158008955,1.1979037307878284,53.170430996201844,10.763561226003414
Gemma,FAZER,MANDARIM,3.000741144920043,27.82486921750821,,2.0487947170247787,Lexical swap,44.2216158008955,1.1979037307878284,-37.07857862365864,71.03166676652243
Gemma,FAZER,RUSSO,2.6004308300651893,74.3517623362194,,2.101140046402895,Lexical swap,44.2216158008955,1.1979037307878284,68.13443152096164,75.40141101497638
Gemma,FAZER,ÁRABE,3.064235545283968,80.15200227276725,,2.49055820873728,Lexical swap,44.2216158008955,1.1979037307878284,81.25073184490954,107.90971300334027
Gemma,RECOMENDAR,PB NATIVO,1.3532189413737228,37.576501119287016,,1.1337568147065662,Lexical swap,37.576501119287016,1.1337568147065662,0.0,0.0
Gemma,RECOMENDAR,ESPANHOL,1.2747987921626267,60.30950170503268,,1.2151041966507787,Lexical swap,37.576501119287016,1.1337568147065662,60.49791733823089,7.175029149903422
Gemma,RECOMENDAR,FRANCÊS,1.4110212898245598,57.35023246361215,,1.2812318151532942,Lexical swap,37.576501119287016,1.1337568147065662,52.62259857976985,13.007639604344678
Gemma,RECOMENDAR,GALEGO,1.423595433297018,68.05857160938011,,1.4374831403654733,Lexical swap,37.576501119287016,1.1337568147065662,81.120034016279,26.78937155826633
Gemma,RECOMENDAR,INGLÊS,1.16750407864033,72.76180633246946,,1.256587146018438,Lexical swap,37.576501119287016,1.1337568147065662,93.63645939648906,10.833922206118075
Gemma,RECOMENDAR,MANDARIM,1.5292982420405064,64.79463087493805,,1.9392920096213355,Lexical swap,37.576501119287016,1.1337568147065662,72.43391200592835,71.05008626768469
Gemma,RECOMENDAR,RUSSO,2.459350633668991,47.44108659718072,,1.8981232295419463,Lexical swap,37.576501119287016,1.1337568147065662,26.252006397770966,67.41890367672983
Gemma,RECOMENDAR,ÁRABE,2.923044508216229,184.84794134193007,,2.9515205517577265,Lexical swap,37.576501119287016,1.1337568147065662,391.9243033169273,160.3310086847527
Gemma,RECRIAR,PB NATIVO,1.5186277499620475,34.774643958654245,,1.3546418955761237,Lexical swap,34.774643958654245,1.3546418955761237,0.0,0.0
Gemma,RECRIAR,ESPANHOL,1.4336123533644722,62.46595752575705,,1.4892249170429643,Lexical swap,34.774643958654245,1.3546418955761237,79.63076084985008,9.934951953453574
Gemma,RECRIAR,FRANCÊS,1.5177832916476757,27.45816848906687,,1.2673262624319328,Lexical swap,34.774643958654245,1.3546418955761237,-21.039684772290958,-6.445661648981849
Gemma,RECRIAR,GALEGO,1.6166439465386728,91.97387898896284,,1.832913017870092,Lexical swap,34.774643958654245,1.3546418955761237,164.48546561200268,35.306092617972794
Gemma,RECRIAR,INGLÊS,1.3850099613062383,34.31034449944843,,1.2943388237642983,Lexical swap,34.774643958654245,1.3546418955761237,-1.3351666799460205,-4.451587685923353
Gemma,RECRIAR,MANDARIM,1.5778155612257587,74.18259959789421,,2.207579443292794,Lexical swap,34.774643958654245,1.3546418955761237,113.32382205291465,62.96406087115145
Gemma,RECRIAR,RUSSO,2.3649134491609,74.26518468770104,,2.2768313077093065,Lexical swap,34.774643958654245,1.3546418955761237,113.56130856724103,68.07625064194396
Gemma,RECRIAR,ÁRABE,2.296109461567534,143.79558222606832,,2.7283596971634214,Lexical swap,34.774643958654245,1.3546418955761237,313.5069862887336,101.40818810295697
Gemma,RELATAR,PB NATIVO,1.3193958371459311,45.77893058839752,,1.163330520080083,Lexical swap,45.77893058839752,1.163330520080083,0.0,0.0
Gemma,RELATAR,ESPANHOL,1.251581413131716,69.0054596584174,,1.213235166715348,Lexical swap,45.77893058839752,1.163330520080083,50.73628582295135,4.289808078948165
Gemma,RELATAR,FRANCÊS,1.380558665413188,35.41801473643953,,1.113577080185918,Lexical swap,45.77893058839752,1.163330520080083,-22.632498659948862,-4.276810333381443
Gemma,RELATAR,GALEGO,1.404857988439958,81.50318089844238,,1.4717117556447734,Lexical swap,45.77893058839752,1.163330520080083,78.03644569866606,26.508479769228586
Gemma,RELATAR,INGLÊS,1.1797229396811142,41.495465162031856,,1.0873564126009685,Lexical swap,45.77893058839752,1.163330520080083,-9.356849037996728,-6.530741364361736
Gemma,RELATAR,MANDARIM,1.685453240304537,89.72571207323524,,2.238542961943744,Lexical swap,45.77893058839752,1.163330520080083,95.99783332635528,92.42536177849475
Gemma,RELATAR,RUSSO,2.463116992262399,56.814721671962566,,2.0634054468790017,Lexical swap,45.77893058839752,1.163330520080083,24.10670354619866,77.37052464994714
Gemma,RELATAR,ÁRABE,2.996968781150662,75.52954366381842,,2.372604562817086,Lexical swap,45.77893058839752,1.163330520080083,64.98756675404091,103.94930949234937
Gervasio,CAPACITAR,PB NATIVO,1.6699723128434094,15.585762182828647,,1.096679556128875,Lexical swap,15.585762182828647,1.096679556128875,0.0,0.0
Gervasio,CAPACITAR,ESPANHOL,1.4984214608994928,20.114281911898743,,1.080549980191608,Lexical swap,15.585762182828647,1.096679556128875,29.05549100485645,-1.4707647140065228
Gervasio,CAPACITAR,FRANCÊS,1.5663514472192208,18.97356487044126,,1.079236081679165,Lexical swap,15.585762182828647,1.096679556128875,21.736522396992974,-1.5905716808730208
Gervasio,CAPACITAR,GALEGO,1.5998020201114873,29.19314465125448,,1.3305119847565765,Lexical swap,15.585762182828647,1.096679556128875,87.3064936369781,21.321855351539277
Gervasio,CAPACITAR,INGLÊS,1.1774720786835011,40.76285819688504,,1.1316056650252553,Lexical swap,15.585762182828647,1.096679556128875,161.5390746934073,3.1847141401691426
Gervasio,CAPACITAR,MANDARIM,1.5521210007386643,21.659209001626344,,1.6584305756370097,Lexical swap,15.585762182828647,1.096679556128875,38.967916663639436,51.22289518107159
Gervasio,CAPACITAR,RUSSO,2.737466668165646,16.703588137021782,,1.5475904060564756,Lexical swap,15.585762182828647,1.096679556128875,7.172096821961538,41.116007625714545
Gervasio,CAPACITAR,ÁRABE,3.0716399735216675,49.0596457050216,,2.3090362532305857,Lexical swap,15.585762182828647,1.096679556128875,214.7721948373641,110.54794359267169
Gervasio,COMPARTILHAR,PB NATIVO,1.8694234575075288,20.01058473919923,,1.284571595139795,Lexical swap,20.01058473919923,1.284571595139795,0.0,0.0
Gervasio,COMPARTILHAR,ESPANHOL,1.7970184521542143,22.613954359117216,,1.292612111988815,Lexical swap,20.01058473919923,1.284571595139795,13.009962746456782,0.6259298336847463
Gervasio,COMPARTILHAR,FRANCÊS,1.791627800070193,28.32920937503249,,1.3702393726177364,Lexical swap,20.01058473919923,1.284571595139795,41.57112220482841,6.668976474496824
Gervasio,COMPARTILHAR,GALEGO,1.8877855297255344,30.268328532225127,,1.53784744981108,Lexical swap,20.01058473919923,1.284571595139795,51.26158943737285,19.716756592591622
Gervasio,COMPARTILHAR,INGLÊS,1.4812245394254857,58.78299080904623,,1.4179970704019933,Lexical swap,20.01058473919923,1.284571595139795,193.7594856680763,10.386768302134076
Gervasio,COMPARTILHAR,MANDARIM,3.14154513191331,16.29589276297938,,1.938737817549634,Lexical swap,20.01058473919923,1.284571595139795,-18.563635319177095,50.9248550166368
Gervasio,COMPARTILHAR,RUSSO,2.7326446774274404,28.829486903531848,,1.9148817334869,Lexical swap,20.01058473919923,1.284571595139795,44.07118672078107,49.067731275695124
Gervasio,COMPARTILHAR,ÁRABE,2.7599569477699304,46.89416215241605,,2.2765109483625534,Lexical swap,20.01058473919923,1.284571595139795,134.34678578159645,77.21946810717154
Gervasio,EXPLICAR,PB NATIVO,1.680555872033175,13.0591425604127,,0.937338244455758,Lexical swap,13.0591425604127,0.937338244455758,0.0,0.0
Gervasio,EXPLICAR,ESPANHOL,1.62242909268396,14.736572577192629,,0.9704562738114108,Lexical swap,13.0591425604127,0.937338244455758,12.844871009103343,3.533199413503274
Gervasio,EXPLICAR,FRANCÊS,1.7329751487139564,14.087888014518123,,0.9980362843082928,Lexical swap,13.0591425604127,0.937338244455758,7.877588052556739,6.4755748750844555
Gervasio,EXPLICAR,GALEGO,1.7611811734821057,18.822197911738748,,1.1428331931080102,Lexical swap,13.0591425604127,0.937338244455758,44.13042682293775,21.92324380955648
Gervasio,EXPLICAR,INGLÊS,1.3917606234368904,37.22888739697638,,1.1235445778056734,Lexical swap,13.0591425604127,0.937338244455758,185.0791100928135,19.865436458109254
Gervasio,EXPLICAR,MANDARIM,3.167858191863497,11.75659409346201,,1.6261415949917803,Lexical swap,13.0591425604127,0.937338244455758,-9.974226569049172,73.48503644337683
Gervasio,EXPLICAR,RUSSO,2.5452460357498787,19.14366210475861,,1.5570115518767866,Lexical swap,13.0591425604127,0.937338244455758,46.5920294245844,66.10989267602396
Gervasio,EXPLICAR,ÁRABE,2.730225089214934,36.15868484678434,,2.0475581957638056,Lexical swap,13.0591425604127,0.937338244455758,176.88406554650277,118.44389769380092
Gervasio,EXPLORAR,PB NATIVO,1.6745912261878395,16.21582089430339,,1.0782676056382725,Lexical swap,16.21582089430339,1.0782676056382725,0.0,0.0
Gervasio,EXPLORAR,ESPANHOL,1.5696940280822516,20.805824542358533,,1.1205221844160462,Lexical swap,16.21582089430339,1.0782676056382725,28.305712538226224,3.918746937849571
Gervasio,EXPLORAR,FRANCÊS,1.6802030583726653,25.307087056600764,,1.202149704643179,Lexical swap,16.21582089430339,1.0782676056382725,56.0641747436365,11.488993859884665
Gervasio,EXPLORAR,GALEGO,1.735945995536239,21.34194484143237,,1.2494736533118975,Lexical swap,16.21582089430339,1.0782676056382725,31.611868313924106,15.877881036060693
Gervasio,EXPLORAR,INGLÊS,1.2452047792272278,42.795847647898846,,1.1543429130015523,Lexical swap,16.21582089430339,1.0782676056382725,163.9141609101825,7.055327171611325
Gervasio,EXPLORAR,MANDARIM,1.634843566000335,20.805165849711013,,1.60462828058718,Lexical swap,16.21582089430339,1.0782676056382725,28.301650501208098,48.81540279950563
Gervasio,EXPLORAR,RUSSO,2.9308471000004475,13.70200633814282,,1.45813891687214,Lexical swap,16.21582089430339,1.0782676056382725,-15.50223434598783,35.229780552389435
Gervasio,EXPLORAR,ÁRABE,3.131296750396777,54.72538881729943,,2.409579245112269,Lexical swap,16.21582089430339,1.0782676056382725,237.48145822530904,123.46764685432024
Gervasio,FAZER,PB NATIVO,1.7888723847648975,15.140405619610211,,1.0155829361129245,Lexical swap,15.140405619610211,1.0155829361129245,0.0,0.0
Gervasio,FAZER,ESPANHOL,1.6993865509848012,19.71317469575709,,1.067634011564818,Lexical swap,15.140405619610211,1.0155829361129245,30.202421196854324,5.125241238407918
Gervasio,FAZER,FRANCÊS,1.7762831985906495,20.38864483158998,,1.080737548090432,Lexical swap,15.140405619610211,1.0155829361129245,34.663795302697324,6.415489041877986
Gervasio,FAZER,GALEGO,1.832374275952372,23.27654307505298,,1.2024086473363154,Lexical swap,15.140405619610211,1.0155829361129245,53.73790940517902,18.395908849990494
Gervasio,FAZER,INGLÊS,1.5121698234866556,46.78458427020714,,1.1506939057101782,Lexical swap,15.140405619610211,1.0155829361129245,209.00482751671223,13.303784929114881
Gervasio,FAZER,MANDARIM,3.245268163204025,12.607380509542637,,1.6839306157835237,Lexical swap,15.140405619610211,1.0155829361129245,-16.73023282009526,65.80926637352287
Gervasio,FAZER,RUSSO,2.7817347265667256,21.887026139720128,,1.6211915351227504,Lexical swap,15.140405619610211,1.0155829361129245,44.56036839179218,59.631624112133295
Gervasio,FAZER,ÁRABE,3.1870289819657853,31.05748639866161,,2.020635713606289,Lexical swap,15.140405619610211,1.0155829361129245,105.12981738372464,98.96314143876192
Gervasio,RECOMENDAR,PB NATIVO,1.6189275880773293,12.392454354458618,,0.9577642124348374,Lexical swap,12.392454354458618,0.9577642124348374,0.0,0.0
Gervasio,RECOMENDAR,ESPANHOL,1.5349939773008991,18.239915133926583,,1.03432638185257,Lexical swap,12.392454354458618,0.9577642124348374,47.18565517543454,7.993843205218076
Gervasio,RECOMENDAR,FRANCÊS,1.6226696865028871,22.26208770420477,,1.1083955835034744,Lexical swap,12.392454354458618,0.9577642124348374,79.64228124185269,15.727396066063104
Gervasio,RECOMENDAR,GALEGO,1.683261952923878,17.81253850348769,,1.1488690246401865,Lexical swap,12.392454354458618,0.9577642124348374,43.73697085338877,19.95322123380665
Gervasio,RECOMENDAR,INGLÊS,1.202553012812472,37.72218697879493,,1.0813139358040909,Lexical swap,12.392454354458618,0.9577642124348374,204.39641655991298,12.89980579407577
Gervasio,RECOMENDAR,MANDARIM,1.713705912176975,18.59174362957669,,1.546569315282147,Lexical swap,12.392454354458618,0.9577642124348374,50.02470937395596,61.477041551849545
Gervasio,RECOMENDAR,RUSSO,2.698560067572209,13.477685933025382,,1.4026603876007495,Lexical swap,12.392454354458618,0.9577642124348374,8.75719649656257,46.45153466685634
Gervasio,RECOMENDAR,ÁRABE,3.141460092325117,63.6429725318962,,2.524459694425156,Lexical swap,12.392454354458618,0.9577642124348374,413.5622913067129,163.57841122581203
Gervasio,RECRIAR,PB NATIVO,1.7109222684083685,15.27996330604706,,1.1851481602786582,Lexical swap,15.27996330604706,1.1851481602786582,0.0,0.0
Gervasio,RECRIAR,ESPANHOL,1.6561494617290673,20.79734004177198,,1.2796828036235024,Lexical swap,15.27996330604706,1.1851481602786582,36.10857320279961,7.976609719633432
Gervasio,RECRIAR,FRANCÊS,1.6304572730021043,14.886380475283744,,1.1203913541246358,Lexical swap,15.27996330604706,1.1851481602786582,-2.5758100518968874,-5.464026214139883
Gervasio,RECRIAR,GALEGO,1.81303908455415,24.26874507968892,,1.4698704305736074,Lexical swap,15.27996330604706,1.1851481602786582,58.8272471183523,24.024192066247974
Gervasio,RECRIAR,INGLÊS,1.3591900884242911,25.41412679906246,,1.173782303272837,Lexical swap,15.27996330604706,1.1851481602786582,66.32321878027543,-0.9590241445549652
Gervasio,RECRIAR,MANDARIM,1.6983018551953926,26.88922057016133,,1.8178302488347655,Lexical swap,15.27996330604706,1.1851481602786582,75.97699700967146,53.38421893236942
Gervasio,RECRIAR,RUSSO,2.545184119078677,20.02436872976634,,1.7053713918878843,Lexical swap,15.27996330604706,1.1851481602786582,31.049848279685843,43.89520644295719
Gervasio,RECRIAR,ÁRABE,2.4244283219265648,53.70314867706918,,2.303469542710753,Lexical swap,15.27996330604706,1.1851481602786582,251.46124111316487,94.36131446798595
Gervasio,RELATAR,PB NATIVO,1.5905122285339408,14.64214556972501,,0.997621171742924,Lexical swap,14.64214556972501,0.997621171742924,0.0,0.0
Gervasio,RELATAR,ESPANHOL,1.5052110170071211,18.134045557871733,,1.0185314360804325,Lexical swap,14.64214556972501,0.997621171742924,23.848280783157815,2.0960124874832564
Gervasio,RELATAR,FRANCÊS,1.575375544876196,15.378509805353628,,0.9746509798118714,Lexical swap,14.64214556972501,0.997621171742924,5.029073315260368,-2.302496436690671
Gervasio,RELATAR,GALEGO,1.6625413961460391,21.123631938119637,,1.209594514750111,Lexical swap,14.64214556972501,0.997621171742924,44.26596046003082,21.24787935653498
Gervasio,RELATAR,INGLÊS,1.1951295669967792,23.960820456484825,,0.9504365865808664,Lexical swap,14.64214556972501,0.997621171742924,63.642823672151394,-4.72970968324804
Gervasio,RELATAR,MANDARIM,1.9234187211616216,24.292129954503395,,1.82093072690279,Lexical swap,14.64214556972501,0.997621171742924,65.90553507903432,82.52727372670714
Gervasio,RELATAR,RUSSO,2.657788098872568,15.39914057071136,,1.505080435187754,Lexical swap,14.64214556972501,0.997621171742924,5.169973194034894,50.866930035000976
Gervasio,RELATAR,ÁRABE,3.2627312355572,21.69611940067066,,1.8448595726654604,Lexical swap,14.64214556972501,0.997621171742924,48.17582093659058,84.92586413762082
Qwen,CAPACITAR,PB NATIVO,1.6697837141074068,7584.158514247744,,3.5615003337802627,Lexical swap,7584.158514247744,3.5615003337802627,0.0,0.0
Qwen,CAPACITAR,ESPANHOL,1.4879939401362436,31413.51776723129,,3.730968755009866,Lexical swap,7584.158514247744,3.5615003337802627,314.19911923276993,4.758343544775845
Qwen,CAPACITAR,FRANCÊS,1.5448752888227089,5151.110393914039,,3.0803281593343788,Lexical swap,7584.158514247744,3.5615003337802627,-32.080660178224576,-13.510378473983076
Qwen,CAPACITAR,GALEGO,1.5998951509427883,17675.771723715105,,3.8690602825217177,Lexical swap,7584.158514247744,3.5615003337802627,133.0617390249566,8.635684961876834
Qwen,CAPACITAR,INGLÊS,1.1774720786835011,3991.4318680754327,,2.560999485726959,Lexical swap,7584.158514247744,3.5615003337802627,-47.371460385788964,-28.092117205878452
Qwen,CAPACITAR,MANDARIM,1.5789302350992136,1212.270861097907,,3.830746055861373,Lexical swap,7584.158514247744,3.5615003337802627,-84.01574995010309,7.559896022677792
Qwen,CAPACITAR,RUSSO,2.835868494769072,11644.229736401174,,5.306546484483761,Lexical swap,7584.158514247744,3.5615003337802627,53.53357547216482,48.99750069239117
Qwen,CAPACITAR,ÁRABE,3.096834326470072,5124.975640025175,,5.178324524860752,Lexical swap,7584.158514247744,3.5615003337802627,-32.425256798136544,45.397277539052006
Qwen,COMPARTILHAR,PB NATIVO,1.8672488429526768,2661.7907112815924,,3.511569239419313,Lexical swap,2661.7907112815924,3.511569239419313,0.0,0.0
Qwen,COMPARTILHAR,ESPANHOL,1.8086050647373595,7757.825335199828,,3.870803825849684,Lexical swap,2661.7907112815924,3.511569239419313,191.45136401293584,10.230029993364887
Qwen,COMPARTILHAR,FRANCÊS,1.7909237461456775,2577.584039659783,,3.3202825613557567,Lexical swap,2661.7907112815924,3.511569239419313,-3.1635346560085487,-5.447327534261815
Qwen,COMPARTILHAR,GALEGO,1.9010213304548864,5516.459161138048,,3.880919715355976,Lexical swap,2661.7907112815924,3.511569239419313,107.24616468745572,10.518103182773642
Qwen,COMPARTILHAR,INGLÊS,1.49850228846918,7892.4484622875025,,3.150317595016024,Lexical swap,2661.7907112815924,3.511569239419313,196.50897904318953,-10.287470352229967
Qwen,COMPARTILHAR,MANDARIM,3.05260900962979,4187.250783650381,,5.618442777285228,Lexical swap,2661.7907112815924,3.511569239419313,57.309542253016346,59.99806337904692
Qwen,COMPARTILHAR,RUSSO,2.801425141245662,6312.234949685003,,5.180321509348301,Lexical swap,2661.7907112815924,3.511569239419313,137.14242156348212,47.521553930827196
Qwen,COMPARTILHAR,ÁRABE,2.775355468184774,7369.559267939457,,5.200454294197953,Lexical swap,2661.7907112815924,3.511569239419313,176.86471504708118,48.094881223470345
Qwen,EXPLICAR,PB NATIVO,1.6634811154983793,4366.367871644571,,3.103551958041028,Lexical swap,4366.367871644571,3.103551958041028,0.0,0.0
Qwen,EXPLICAR,ESPANHOL,1.614231536738543,14180.833884735132,,3.48710169386938,Lexical swap,4366.367871644571,3.103551958041028,224.77414413078276,12.358411942632674
Qwen,EXPLICAR,FRANCÊS,1.7267781061459355,2190.293208902907,,2.8989061277144565,Lexical swap,4366.367871644571,3.103551958041028,-49.83718107842472,-6.59392312722048
Qwen,EXPLICAR,GALEGO,1.7553794442757986,10578.1355232893,,3.6815347353496506,Lexical swap,4366.367871644571,3.103551958041028,142.26395563196323,18.6232673118657
Qwen,EXPLICAR,INGLÊS,1.3991440808108266,4548.32827976564,,2.6347870148168937,Lexical swap,4366.367871644571,3.103551958041028,4.167317401328674,-15.104143560722605
Qwen,EXPLICAR,MANDARIM,3.129768102585532,3459.149031009486,,5.298350880857589,Lexical swap,4366.367871644571,3.103551958041028,-20.77742570722484,70.71893599622302
Qwen,EXPLICAR,RUSSO,2.633882959336163,8428.06791462494,,4.854658657092555,Lexical swap,4366.367871644571,3.103551958041028,93.02239670086591,56.422664183680425
Qwen,EXPLICAR,ÁRABE,2.7551342588083925,8615.247899360253,,5.204262779539088,Lexical swap,4366.367871644571,3.103551958041028,97.30925457078727,67.68730956977554
Qwen,EXPLORAR,PB NATIVO,1.6674845460331345,3787.11201019814,,3.1880191244331058,Lexical swap,3787.11201019814,3.1880191244331058,0.0,0.0
Qwen,EXPLORAR,ESPANHOL,1.572694775118009,14468.294805636824,,3.55160775152878,Lexical swap,3787.11201019814,3.1880191244331058,282.0403190261027,11.404844604259633
Qwen,EXPLORAR,FRANCÊS,1.6796587480830825,2246.544588524884,,2.916041121789062,Lexical swap,3787.11201019814,3.1880191244331058,-40.67921459742233,-8.531253798309857
Qwen,EXPLORAR,GALEGO,1.7364498581016632,7541.835108151871,,3.649044766474423,Lexical swap,3787.11201019814,3.1880191244331058,99.14475959102371,14.46119436699731
Qwen,EXPLORAR,INGLÊS,1.255315961163756,3575.0939354764,,2.5284668425353742,Lexical swap,3787.11201019814,3.1880191244331058,-5.598410455006519,-20.688466917996085
Qwen,EXPLORAR,MANDARIM,1.6689001493791071,1053.0305440399168,,3.8271595571994,Lexical swap,3787.11201019814,3.1880191244331058,-72.19436496189553,20.04819945614178
Qwen,EXPLORAR,RUSSO,3.023489595293519,7092.539640863185,,5.043413270098196,Lexical swap,3787.11201019814,3.1880191244331058,87.28095767339362,58.19896535266291
Qwen,EXPLORAR,ÁRABE,3.207502896603439,4566.858787340761,,5.263843410813778,Lexical swap,3787.11201019814,3.1880191244331058,20.58948283132047,65.11329466223938
Qwen,FAZER,PB NATIVO,1.7908847355902826,4004.206201819534,,3.333485986487265,Lexical swap,4004.206201819534,3.333485986487265,0.0,0.0
Qwen,FAZER,ESPANHOL,1.7108772504934862,13376.699468130171,,3.706977330570206,Lexical swap,4004.206201819534,3.333485986487265,234.06619923948278,11.204227214301742
Qwen,FAZER,FRANCÊS,1.7830730062758584,2543.185338961968,,3.07905622838222,Lexical swap,4004.206201819534,3.333485986487265,-36.48715348859082,-7.632543203613585
Qwen,FAZER,GALEGO,1.8474677623946831,13164.902667947325,,3.881651356410985,Lexical swap,4004.206201819534,3.333485986487265,228.77684126169925,16.44420801964617
Qwen,FAZER,INGLÊS,1.5309856810543294,5180.48361829777,,2.8242093653101503,Lexical swap,4004.206201819534,3.333485986487265,29.376045018454057,-15.277598983212648
Qwen,FAZER,MANDARIM,3.2098234143537767,3652.1884799927625,,5.408915809658741,Lexical swap,4004.206201819534,3.333485986487265,-8.791198656722832,62.260043437545896
Qwen,FAZER,RUSSO,2.8748240583939846,9036.717082226698,,5.113998439228688,Lexical swap,4004.206201819534,3.333485986487265,125.6806125049295,53.41292748669022
Qwen,FAZER,ÁRABE,3.222239608724036,5090.408105847604,,5.18055191778742,Lexical swap,4004.206201819534,3.333485986487265,27.126522693424082,55.409440411253755
Qwen,RECOMENDAR,PB NATIVO,1.6117190523824685,3415.8765787333514,,3.117988580131206,Lexical swap,3415.8765787333514,3.117988580131206,0.0,0.0
Qwen,RECOMENDAR,ESPANHOL,1.5335603219887202,17336.76790612727,,3.511718566732281,Lexical swap,3415.8765787333514,3.117988580131206,407.5349623011249,12.627691746853898
Qwen,RECOMENDAR,FRANCÊS,1.6164948821319087,2722.4340717748287,,2.893949774621466,Lexical swap,3415.8765787333514,3.117988580131206,-20.300572663420404,-7.185363247876698
Qwen,RECOMENDAR,GALEGO,1.681297607147288,8782.133916213743,,3.680278647733669,Lexical swap,3415.8765787333514,3.117988580131206,157.09751842000875,18.03374365081225
Qwen,RECOMENDAR,INGLÊS,1.2094017174692615,3586.0925644727863,,2.478809245398877,Lexical swap,3415.8765787333514,3.117988580131206,4.983083604342431,-20.4997330267782
Qwen,RECOMENDAR,MANDARIM,1.745649046285597,1442.941157476579,,3.898813537404196,Lexical swap,3415.8765787333514,3.117988580131206,-57.75780757243755,25.042585538916008
Qwen,RECOMENDAR,RUSSO,2.787358534359603,9613.356623552683,,5.011606773610223,Lexical swap,3415.8765787333514,3.117988580131206,181.431615047328,60.73204390631004
Qwen,RECOMENDAR,ÁRABE,3.1780063997608385,6056.484490748382,,5.385589342307349,Lexical swap,3415.8765787333514,3.117988580131206,77.30396140349427,72.72639728785413
Qwen,RECRIAR,PB NATIVO,1.6982794975362705,2715.593888777534,,3.399127547783239,Lexical swap,2715.593888777534,3.399127547783239,0.0,0.0
Qwen,RECRIAR,ESPANHOL,1.6532337833735653,5565.000775985604,,3.6096767291573375,Lexical swap,2715.593888777534,3.399127547783239,104.92757768322916,6.19421243875975
Qwen,RECRIAR,FRANCÊS,1.619497405928657,1302.008445681901,,2.9522339443395604,Lexical swap,2715.593888777534,3.399127547783239,-52.05437561696606,-13.14730315828021
Qwen,RECRIAR,GALEGO,1.8107930048209329,5231.018291682647,,3.907510741419317,Lexical swap,2715.593888777534,3.399127547783239,92.62888730529104,14.956284708045843
Qwen,RECRIAR,INGLÊS,1.3598990196003031,1629.2614177620328,,2.657718993097825,Lexical swap,2715.593888777534,3.399127547783239,-40.00349520246308,-21.81173092986546
Qwen,RECRIAR,MANDARIM,1.7190075350698746,1932.9135751112983,,4.210871259259392,Lexical swap,2715.593888777534,3.399127547783239,-28.821699625291586,23.8809429791929
Qwen,RECRIAR,RUSSO,2.61698334712673,4627.472000252639,,4.901882412016272,Lexical swap,2715.593888777534,3.399127547783239,70.40368294302526,44.21001692663942
Qwen,RECRIAR,ÁRABE,2.429822569515399,6682.929514650681,,5.059650814141512,Lexical swap,2715.593888777534,3.399127547783239,146.09458513913148,48.85145505767188
Qwen,RELATAR,PB NATIVO,1.57882594320497,7051.791839299744,,3.3362791256837934,Lexical swap,7051.791839299744,3.3362791256837934,0.0,0.0
Qwen,RELATAR,ESPANHOL,1.495128518564484,26781.835025975237,,3.6017792721619197,Lexical swap,7051.791839299744,3.3362791256837934,279.78765732589636,7.9579716347537355
Qwen,RELATAR,FRANCÊS,1.5655363241499418,3621.55055072216,,2.959798462028425,Lexical swap,7051.791839299744,3.3362791256837934,-48.64354148204995,-11.284447417996123
Qwen,RELATAR,GALEGO,1.6548824880647364,10847.206316769492,,3.7566357510132713,Lexical swap,7051.791839299744,3.3362791256837934,53.82198686464119,12.599564050064993
Qwen,RELATAR,INGLÊS,1.1997266608758492,1588.2133665422425,,2.233908704914461,Lexical swap,7051.791839299744,3.3362791256837934,-77.47787508855401,-33.04191223938416
Qwen,RELATAR,MANDARIM,1.9525199415976229,1489.9585986585948,,4.193858085651868,Lexical swap,7051.791839299744,3.3362791256837934,-78.87120560826779,25.704652628317138
Qwen,RELATAR,RUSSO,2.73814622936043,7708.81673495664,,5.037117334431392,Lexical swap,7051.791839299744,3.3362791256837934,9.317134008342197,50.98009323182755
Qwen,RELATAR,ÁRABE,3.156865837811263,5637.019667000493,,5.024660264393416,Lexical swap,7051.791839299744,3.3362791256837934,-20.062591246875783,50.60671110255435
Sabia,CAPACITAR,PB NATIVO,1.8912500100786735,9.921362622112232,,1.0349833522162952,Lexical swap,9.921362622112232,1.0349833522162952,0.0,0.0
Sabia,CAPACITAR,ESPANHOL,1.6958672200755616,15.256755651248788,,1.1180475790672055,Lexical swap,9.921362622112232,1.0349833522162952,53.776817079997684,8.025658255568846
Sabia,CAPACITAR,FRANCÊS,1.6983170587465295,18.08544046868077,,1.1560220151644425,Lexical swap,9.921362622112232,1.0349833522162952,82.28786868824704,11.694744914394729
Sabia,CAPACITAR,GALEGO,1.773689314388304,33.1355753709695,,1.5249962292825148,Lexical swap,9.921362622112232,1.0349833522162952,233.98210138110062,47.34500086565785
Sabia,CAPACITAR,INGLÊS,1.2926904465003517,34.302876831848735,,1.1677645627458564,Lexical swap,9.921362622112232,1.0349833522162952,245.74763707755437,12.829308823685492
Sabia,CAPACITAR,MANDARIM,1.7644450267466736,26.91138874623501,,2.0194640151824634,Lexical swap,9.921362622112232,1.0349833522162952,171.2469019755035,95.12043462902264
Sabia,CAPACITAR,RUSSO,2.983806569166604,33.297522084890666,,2.0954639210735544,Lexical swap,9.921362622112232,1.0349833522162952,235.61440452422158,102.46353881793024
Sabia,CAPACITAR,ÁRABE,3.3843536163089905,63.02909014278022,,2.714041390417152,Lexical swap,9.921362622112232,1.0349833522162952,535.2866288981734,162.23043922449102
Sabia,COMPARTILHAR,PB NATIVO,2.2049623111363013,11.949655366057108,,1.2109706829738145,Lexical swap,11.949655366057108,1.2109706829738145,0.0,0.0
Sabia,COMPARTILHAR,ESPANHOL,2.115830367142822,15.39314894445762,,1.3031343842824956,Lexical swap,11.949655366057108,1.2109706829738145,28.816676907534287,7.610729359884427
Sabia,COMPARTILHAR,FRANCÊS,1.9884777534207725,25.43004029649524,,1.4821340246149148,Lexical swap,11.949655366057108,1.2109706829738145,112.80982185251172,22.392230088939648
Sabia,COMPARTILHAR,GALEGO,2.1818608493325464,33.29987260496719,,1.7921273648477316,Lexical swap,11.949655366057108,1.2109706829738145,178.66805849108576,47.990978645887154
Sabia,COMPARTILHAR,INGLÊS,1.819449458707037,36.17786471311663,,1.4656845237077214,Lexical swap,11.949655366057108,1.2109706829738145,202.752369042203,21.033856914553795
Sabia,COMPARTILHAR,MANDARIM,3.342475772680439,19.26767406416413,,2.193288106678541,Lexical swap,11.949655366057108,1.2109706829738145,61.24041634618007,81.11818374433493
Sabia,COMPARTILHAR,RUSSO,3.064536482056321,48.01925346147637,,2.403809443203246,Lexical swap,11.949655366057108,1.2109706829738145,301.8463461119945,98.5026951519705
Sabia,COMPARTILHAR,ÁRABE,3.0996522343559114,57.682914469162576,,2.6698634730945874,Lexical swap,11.949655366057108,1.2109706829738145,382.7161345005011,120.47300654200224
Sabia,EXPLICAR,PB NATIVO,1.9199983324687155,8.707341104421864,,0.9214070419526704,Lexical swap,8.707341104421864,0.9214070419526704,0.0,0.0
Sabia,EXPLICAR,ESPANHOL,1.8350639122217496,12.668027829164211,,1.038057435986766,Lexical swap,8.707341104421864,0.9214070419526704,45.486752812876304,12.660028491521725
Sabia,EXPLICAR,FRANCÊS,1.916670672725417,14.06252356677661,,1.1005017971642692,Lexical swap,8.707341104421864,0.9214070419526704,61.5019257673874,19.43709425446287
Sabia,EXPLICAR,GALEGO,1.956127950795755,28.161509553630548,,1.4719941942329913,Lexical swap,8.707341104421864,0.9214070419526704,223.4226064639783,59.75504062932946
Sabia,EXPLICAR,INGLÊS,1.6881829127290655,23.291483734965244,,1.1844740987010491,Lexical swap,8.707341104421864,0.9214070419526704,167.4924923193498,28.550580229002808
Sabia,EXPLICAR,MANDARIM,3.411501193275201,14.965479651362202,,1.9209320381261683,Lexical swap,8.707341104421864,0.9214070419526704,71.87198103175557,108.47811560624474
Sabia,EXPLICAR,RUSSO,2.814563048619489,31.78659234259512,,2.016292957210592,Lexical swap,8.707341104421864,0.9214070419526704,265.0550950215202,118.82760445780947
Sabia,EXPLICAR,ÁRABE,3.0935908748912744,44.15385688338988,,2.4427155475575466,Lexical swap,8.707341104421864,0.9214070419526704,407.0877131592691,165.10710645111618
Sabia,EXPLORAR,PB NATIVO,1.9387664462951573,9.683256320724436,,1.0283127615471228,Lexical swap,9.683256320724436,1.0283127615471228,0.0,0.0
Sabia,EXPLORAR,ESPANHOL,1.7996135220460343,14.209555351489833,,1.132772744278853,Lexical swap,9.683256320724436,1.0283127615471228,46.74356312429795,10.158386304043109
Sabia,EXPLORAR,FRANCÊS,1.842628312433623,20.102304591589583,,1.2304450003790952,Lexical swap,9.683256320724436,1.0283127615471228,107.59860036510594,19.656688742037897
Sabia,EXPLORAR,GALEGO,1.9572048437303164,28.88021988195842,,1.5512501535149894,Lexical swap,9.683256320724436,1.0283127615471228,198.24904892941842,50.85392416808035
Sabia,EXPLORAR,INGLÊS,1.423308610673608,29.77676951963701,,1.188902840762997,Lexical swap,9.683256320724436,1.0283127615471228,207.50781073416132,15.61685172264733
Sabia,EXPLORAR,MANDARIM,1.8672408889391887,33.88315852159036,,2.1502068700356154,Lexical swap,9.683256320724436,1.0283127615471228,249.91491910704116,109.10047511231645
Sabia,EXPLORAR,RUSSO,3.2235750642127297,23.820969211147546,,1.957043869883859,Lexical swap,9.683256320724436,1.0283127615471228,146.00163852076386,90.31601503607098
Sabia,EXPLORAR,ÁRABE,3.48256917478934,57.56546638793018,,2.6850742175463136,Lexical swap,9.683256320724436,1.0283127615471228,494.4845874287827,161.11454782556143
Sabia,FAZER,PB NATIVO,2.094443962209902,9.173245325913957,,0.9857287535681644,Lexical swap,9.173245325913957,0.9857287535681644,0.0,0.0
Sabia,FAZER,ESPANHOL,1.9397764993356896,14.176379848059378,,1.1064108034925448,Lexical swap,9.173245325913957,0.9857287535681644,54.54050714213232,12.24292681810617
Sabia,FAZER,FRANCÊS,1.9739036950407007,17.593133347419407,,1.143627047742259,Lexical swap,9.173245325913957,0.9857287535681644,91.78745059526196,16.01843241383907
Sabia,FAZER,GALEGO,2.0796780233646173,32.98905147220224,,1.4635927406730271,Lexical swap,9.173245325913957,0.9857287535681644,259.6224705667669,48.47824367251938
Sabia,FAZER,INGLÊS,1.8159448786775876,28.475097859738867,,1.1914875275099284,Lexical swap,9.173245325913957,0.9857287535681644,210.41465531613056,20.873772140353374
Sabia,FAZER,MANDARIM,3.5401941457224884,16.479482487180036,,2.010022190235333,Lexical swap,9.173245325913957,0.9857287535681644,79.6472448046966,103.91230173203398
Sabia,FAZER,RUSSO,3.087472473748443,32.64330296787298,,2.021066381998678,Lexical swap,9.173245325913957,0.9857287535681644,255.85337367635083,105.03271053855067
Sabia,FAZER,ÁRABE,3.6204763164306,38.09149863151047,,2.3996739738076798,Lexical swap,9.173245325913957,0.9857287535681644,315.2456113203895,143.4416126263217
Sabia,RECOMENDAR,PB NATIVO,1.850071824575666,8.082464747798468,,0.9159413197411774,Lexical swap,8.082464747798468,0.9159413197411774,0.0,0.0
Sabia,RECOMENDAR,ESPANHOL,1.7293069880868677,12.949877765661157,,1.0437823258741112,Lexical swap,8.082464747798468,0.9159413197411774,60.22188985344468,13.957335844293883
Sabia,RECOMENDAR,FRANCÊS,1.7283077321512754,20.3301062449914,,1.1579944016014865,Lexical swap,8.082464747798468,0.9159413197411774,151.53349726058488,26.426701868707838
Sabia,RECOMENDAR,GALEGO,1.86179081503558,27.7093022620564,,1.4825095645859934,Lexical swap,8.082464747798468,0.9159413197411774,242.83233056604377,61.856391084629124
Sabia,RECOMENDAR,INGLÊS,1.3429822351527412,31.109443797197557,,1.1365394655713557,Lexical swap,8.082464747798468,0.9159413197411774,284.9004575698429,24.084309887069377
Sabia,RECOMENDAR,MANDARIM,1.947706693689685,32.79787554139112,,2.1182671950971206,Lexical swap,8.082464747798468,0.9159413197411774,305.79051767995315,131.26669246624783
Sabia,RECOMENDAR,RUSSO,2.931923700337145,25.00907731152461,,1.8922311676837724,Lexical swap,8.082464747798468,0.9159413197411774,209.42389595125266,106.58868935167929
Sabia,RECOMENDAR,ÁRABE,3.4260742008458918,97.56297501615953,,3.0202926967565684,Lexical swap,8.082464747798468,0.9159413197411774,1107.0943463469368,229.7474010245579
Sabia,RECRIAR,PB NATIVO,2.0584486916236906,8.76096992293979,,1.1413908549863532,Lexical swap,8.76096992293979,1.1413908549863532,0.0,0.0
Sabia,RECRIAR,ESPANHOL,1.939121386917101,13.604070424462,,1.292707310930636,Lexical swap,8.76096992293979,1.1413908549863532,55.280414658666956,13.25719890633712
Sabia,RECRIAR,FRANCÊS,1.890656443748336,11.41155938830982,,1.1714375769415897,Lexical swap,8.76096992293979,1.1413908549863532,30.254520774346073,2.6324656294530957
Sabia,RECRIAR,GALEGO,2.0870755525432125,30.081801928742152,,1.8088124514399315,Lexical swap,8.76096992293979,1.1413908549863532,243.3615477890837,58.474412471226444
Sabia,RECRIAR,INGLÊS,1.5976664134070346,16.929795810303386,,1.2018940859932967,Lexical swap,8.76096992293979,1.1413908549863532,93.24111324676826,5.300833692737705
Sabia,RECRIAR,MANDARIM,1.9916121492667145,28.196727117236836,,2.1652351669721237,Lexical swap,8.76096992293979,1.1413908549863532,221.84481130800728,89.70146444690165
Sabia,RECRIAR,RUSSO,2.879769437117905,29.1083564317384,,2.1692085563188983,Lexical swap,8.76096992293979,1.1413908549863532,232.2503865185162,90.04958265105725
Sabia,RECRIAR,ÁRABE,2.728323422920618,53.2982420588036,,2.600555106927718,Lexical swap,8.76096992293979,1.1413908549863532,508.36006204343977,127.84089215072703
Sabia,RELATAR,PB NATIVO,1.821215960353329,9.50064930570553,,0.9715906851957324,Lexical swap,9.50064930570553,0.9715906851957324,0.0,0.0
Sabia,RELATAR,ESPANHOL,1.7111753244179564,13.67101294846043,,1.055771282746644,Lexical swap,9.50064930570553,0.9715906851957324,43.89556448789691,8.664203849788121
Sabia,RELATAR,FRANCÊS,1.7435172746318928,19.121832137617915,,1.1710953175946912,Lexical swap,9.50064930570553,0.9715906851957324,101.26868724787545,20.53381485010506
Sabia,RELATAR,GALEGO,1.8555981592698647,31.30436250104699,,1.5459097410303624,Lexical swap,9.50064930570553,0.9715906851957324,229.49708481763915,59.11121469005543
Sabia,RELATAR,INGLÊS,1.3366728319110517,22.12602296784125,,1.0138792326675814,Lexical swap,9.50064930570553,0.9715906851957324,132.8895873943444,4.352506473786311
Sabia,RELATAR,MANDARIM,2.1412971262646465,30.55476609171331,,2.158721666913216,Lexical swap,9.50064930570553,0.9715906851957324,221.60713556034452,122.18426954950989
Sabia,RELATAR,RUSSO,2.920145521275268,27.810031336108644,,2.02121626823654,Lexical swap,9.50064930570553,0.9715906851957324,192.71716533529536,108.03166385125999
Sabia,RELATAR,ÁRABE,3.464220560325313,62.8735122881362,,2.638557397535138,Lexical swap,9.50064930570553,0.9715906851957324,561.7812137363925,171.5708824445539
Tucano,CAPACITAR,PB NATIVO,1.3185910394623197,31.61629719129018,,1.0786147505856252,Lexical swap,31.61629719129018,1.0786147505856252,0.0,0.0
Tucano,CAPACITAR,ESPANHOL,1.6674095115506222,23.555305184104448,,1.278527112823756,Lexical swap,31.61629719129018,1.0786147505856252,-25.496319061064543,18.534176556512882
Tucano,CAPACITAR,FRANCÊS,2.056697135125692,19.35308367453227,,1.4334451226219602,Lexical swap,31.61629719129018,1.0786147505856252,-38.78763361364227,32.89685885008367
Tucano,CAPACITAR,GALEGO,1.450931167280714,73.75840804487251,,1.552994639183524,Lexical swap,31.61629719129018,1.0786147505856252,133.29236690371147,43.98047480255005
Tucano,CAPACITAR,INGLÊS,1.66412013106149,25.93139886057157,,1.413013856716575,Lexical swap,31.61629719129018,1.0786147505856252,-17.980911225381302,31.00264537912083
Tucano,CAPACITAR,MANDARIM,1.7831033340080844,38.588395355795925,,2.260270319878884,Lexical swap,31.61629719129018,1.0786147505856252,22.05222870446213,109.55306968050351
Tucano,CAPACITAR,RUSSO,3.139918949700623,139.88818712917953,,3.114677960207493,Lexical swap,31.61629719129018,1.0786147505856252,342.45594695294255,188.76649040043293
Tucano,CAPACITAR,ÁRABE,3.3517937456144145,105.86543037210107,,3.0505928835514653,Lexical swap,31.61629719129018,1.0786147505856252,234.84449406448974,182.82506630798164
Tucano,COMPARTILHAR,PB NATIVO,1.597947011361456,30.425348779039336,,1.1673577068832188,Lexical swap,30.425348779039336,1.1673577068832188,0.0,0.0
Tucano,COMPARTILHAR,ESPANHOL,2.005360359085526,24.27555113584328,,1.480683151059483,Lexical swap,30.425348779039336,1.1673577068832188,-20.212743288033497,26.840568433203373
Tucano,COMPARTILHAR,FRANCÊS,2.1854683759020737,28.504176332747672,,1.7364714474520122,Lexical swap,30.425348779039336,1.1673577068832188,-6.314381012503622,48.752300791185576
Tucano,COMPARTILHAR,GALEGO,1.8445525275679573,64.02098541420328,,1.7875873864073604,Lexical swap,30.425348779039336,1.1673577068832188,110.41988993831579,53.13107335198231
Tucano,COMPARTILHAR,INGLÊS,2.1511165471017253,33.86236882268469,,1.749113400876727,Lexical swap,30.425348779039336,1.1673577068832188,11.296567439888094,49.83525534317703
Tucano,COMPARTILHAR,MANDARIM,3.2579726271202136,33.68320354409372,,2.543294771328359,Lexical swap,30.425348779039336,1.1673577068832188,10.707698993737713,117.86764728001127
Tucano,COMPARTILHAR,RUSSO,3.124359303714123,141.08738418241168,,3.1599370524672348,Lexical swap,30.425348779039336,1.1673577068832188,363.71657135976614,170.69141136730863
Tucano,COMPARTILHAR,ÁRABE,3.1319384947593467,88.00540160691247,,2.970904784632348,Lexical swap,30.425348779039336,1.1673577068832188,189.25026380483513,154.49823709687936
Tucano,EXPLICAR,PB NATIVO,1.3057898515838902,25.085918609676337,,0.9545888398877276,Lexical swap,25.085918609676337,0.9545888398877276,0.0,0.0
Tucano,EXPLICAR,ESPANHOL,1.7452643639752246,19.402908102034083,,1.2201244474447643,Lexical swap,25.085918609676337,0.9545888398877276,-22.654185386100067,27.816751721952592
Tucano,EXPLICAR,FRANCÊS,2.1835177962955696,16.227689513402318,,1.3560397858087554,Lexical swap,25.085918609676337,0.9545888398877276,-35.311559580908295,42.054854314894754
Tucano,EXPLICAR,GALEGO,1.639853988445091,53.5032762699872,,1.5217749120535686,Lexical swap,25.085918609676337,0.9545888398877276,113.28011583896908,59.41679270339571
Tucano,EXPLICAR,INGLÊS,1.9874178457177751,25.19805827517277,,1.4822482207825618,Lexical swap,25.085918609676337,0.9545888398877276,0.447022360397753,55.27608943730098
Tucano,EXPLICAR,MANDARIM,3.4426514103221515,23.94004395554061,,2.2828827085744514,Lexical swap,25.085918609676337,0.9545888398877276,-4.5678002546565395,139.1482712958334
Tucano,EXPLICAR,RUSSO,2.8803916511117,115.43148138220582,,2.844019096696724,Lexical swap,25.085918609676337,0.9545888398877276,360.14452641044875,197.93131638027725
Tucano,EXPLICAR,ÁRABE,3.0828629143324555,85.12243311626568,,2.8365362396472644,Lexical swap,25.085918609676337,0.9545888398877276,239.32356411071027,197.1474336512125
Tucano,EXPLORAR,PB NATIVO,1.3721425598436294,31.532889545635246,,1.0831954786439872,Lexical swap,31.532889545635246,1.0831954786439872,0.0,0.0
Tucano,EXPLORAR,ESPANHOL,1.7910911658787942,20.007805207067204,,1.284671661416168,Lexical swap,31.532889545635246,1.0831954786439872,-36.54940763322254,18.60016836706162
Tucano,EXPLORAR,FRANCÊS,2.181631319701692,20.203738764721056,,1.472276728168051,Lexical swap,31.532889545635246,1.0831954786439872,-35.92804511149649,35.919763070940846
Tucano,EXPLORAR,GALEGO,1.7010109127838586,48.15323903414029,,1.547240215067381,Lexical swap,31.532889545635246,1.0831954786439872,52.70798118406379,42.840350202007336
Tucano,EXPLORAR,INGLÊS,1.8087153329682133,22.644374973842258,,1.4062664098947195,Lexical swap,31.532889545635246,1.0831954786439872,-28.188075053918837,29.82572745366081
Tucano,EXPLORAR,MANDARIM,1.857964011716147,34.90267306716332,,2.1333336133412364,Lexical swap,31.532889545635246,1.0831954786439872,10.686567485834853,96.94816451891755
Tucano,EXPLORAR,RUSSO,3.3550529119046506,100.56858195071275,,2.928997615763329,Lexical swap,31.532889545635246,1.0831954786439872,218.93233826594673,170.40341965145882
Tucano,EXPLORAR,ÁRABE,3.4034080097111725,105.48009096526216,,3.0441781500435217,Lexical swap,31.532889545635246,1.0831954786439872,234.50816745673922,181.03682207521922
Tucano,FAZER,PB NATIVO,1.4020522132270692,31.95955662522361,,1.0186212771123644,Lexical swap,31.95955662522361,1.0186212771123644,0.0,0.0
Tucano,FAZER,ESPANHOL,1.799847764230823,20.917104739366057,,1.2336970186987135,Lexical swap,31.95955662522361,1.0186212771123644,-34.551330030475015,21.11439711882477
Tucano,FAZER,FRANCÊS,2.205688294935831,15.90817855519832,,1.354686452108555,Lexical swap,31.95955662522361,1.0186212771123644,-50.224032386472395,32.992161321122616
Tucano,FAZER,GALEGO,1.7126998246644078,47.79569971668199,,1.4566602971846123,Lexical swap,31.95955662522361,1.0186212771123644,49.550571921764195,43.003128828608574
Tucano,FAZER,INGLÊS,2.0531926602892043,26.68913497530914,,1.4505933490880552,Lexical swap,31.95955662522361,1.0186212771123644,-16.4909097823806,42.407524924304106
Tucano,FAZER,MANDARIM,3.517125576895128,27.8762787907918,,2.3826915690730543,Lexical swap,31.95955662522361,1.0186212771123644,-12.776390743822585,133.9133908362508
Tucano,FAZER,RUSSO,3.125140092594117,116.81904152899114,,2.8628829317863485,Lexical swap,31.95955662522361,1.0186212771123644,265.52147108572035,181.05469580433115
Tucano,FAZER,ÁRABE,3.507986593527845,71.51222553963362,,2.7606097268471728,Lexical swap,31.95955662522361,1.0186212771123644,123.75850321776257,171.01433956623006
Tucano,RECOMENDAR,PB NATIVO,1.2720252510777494,24.66302409251066,,0.9627039823352412,Lexical swap,24.66302409251066,0.9627039823352412,0.0,0.0
Tucano,RECOMENDAR,ESPANHOL,1.7527867913084807,17.93027939823097,,1.213672267804457,Lexical swap,24.66302409251066,0.9627039823352412,-27.29894221010879,26.069102244746013
Tucano,RECOMENDAR,FRANCÊS,2.133060854123535,17.216018657688704,,1.3971318148510743,Lexical swap,24.66302409251066,0.9627039823352412,-30.195021530564713,45.12579572612101
Tucano,RECOMENDAR,GALEGO,1.6217846255400892,43.09415079620433,,1.4865257336618258,Lexical swap,24.66302409251066,0.9627039823352412,74.73181972558909,54.411507684422844
Tucano,RECOMENDAR,INGLÊS,1.7459142275595436,21.72616824519899,,1.3589358499579964,Lexical swap,24.66302409251066,0.9627039823352412,-11.907930821036238,41.1582246353247
Tucano,RECOMENDAR,MANDARIM,1.9370819335465963,33.91421192548954,,2.105011338191908,Lexical swap,24.66302409251066,0.9627039823352412,37.51035476540834,118.65613696598199
Tucano,RECOMENDAR,RUSSO,3.119414960561369,94.52690664363962,,2.836440061444664,Lexical swap,24.66302409251066,0.9627039823352412,283.273787873987,194.632629914367
Tucano,RECOMENDAR,ÁRABE,3.3989185339249346,142.01177846116877,,3.274274723742036,Lexical swap,24.66302409251066,0.9627039823352412,475.8084569373349,240.11230698346063
Tucano,RECRIAR,PB NATIVO,1.424031626301575,28.99076597300718,,1.2246083062745858,Lexical swap,28.99076597300718,1.2246083062745858,0.0,0.0
Tucano,RECRIAR,ESPANHOL,1.8780176499960717,24.65983612646252,,1.536305815190451,Lexical swap,28.99076597300718,1.2246083062745858,-14.938997646964957,25.452833148265054
Tucano,RECRIAR,FRANCÊS,2.0793455852632405,16.81422265420569,,1.499881288877445,Lexical swap,28.99076597300718,1.2246083062745858,-42.00145429113141,22.478451370322205
Tucano,RECRIAR,GALEGO,1.7841545184302308,63.56592578110686,,1.8645679398938413,Lexical swap,28.99076597300718,1.2246083062745858,119.26266398166936,52.258312338750514
Tucano,RECRIAR,INGLÊS,1.878202117127778,18.2835538472422,,1.464150882877416,Lexical swap,28.99076597300718,1.2246083062745858,-36.93318119201916,19.560750598822008
Tucano,RECRIAR,MANDARIM,1.901040560189537,55.0416738083876,,2.4737469614253333,Lexical swap,28.99076597300718,1.2246083062745858,89.85932920722408,102.00311795620478
Tucano,RECRIAR,RUSSO,2.8961954197407414,112.86673568331824,,3.0049890920352627,Lexical swap,28.99076597300718,1.2246083062745858,289.31960538195705,145.3836934339292
Tucano,RECRIAR,ÁRABE,2.6838565101083405,95.18010340396322,,2.905494030942384,Lexical swap,28.99076597300718,1.2246083062745858,228.31179242584975,137.25904977578227
Tucano,RELATAR,PB NATIVO,1.2257261846647265,32.03665826624723,,1.0147773049178377,Lexical swap,32.03665826624723,1.0147773049178377,0.0,0.0
Tucano,RELATAR,ESPANHOL,1.739078851397775,18.787157529380792,,1.2407388935913537,Lexical swap,32.03665826624723,1.0147773049178377,-41.35731207279405,22.26711097877885
Tucano,RELATAR,FRANCÊS,2.105639762594262,13.576036791510829,,1.2760705212796268,Lexical swap,32.03665826624723,1.0147773049178377,-57.62343038813729,25.748823421208165
Tucano,RELATAR,GALEGO,1.5893354486075817,53.15292460266867,,1.555231333744307,Lexical swap,32.03665826624723,1.0147773049178377,65.91282449289926,53.25838745183877
Tucano,RELATAR,INGLÊS,1.742903347296499,15.381404800816092,,1.2201810753008284,Lexical swap,32.03665826624723,1.0147773049178377,-51.98811101649314,20.2412656833729
Tucano,RELATAR,MANDARIM,2.146407786313425,47.33404428895493,,2.437896516005735,Lexical swap,32.03665826624723,1.0147773049178377,47.74963073731233,140.23955839287532
Tucano,RELATAR,RUSSO,3.049929192899838,116.2123074724918,,3.0121606735976165,Lexical swap,32.03665826624723,1.0147773049178377,262.7479074336828,196.82972401925159
Tucano,RELATAR,ÁRABE,3.429783800904776,78.75025792065918,,2.7487619945110446,Lexical swap,32.03665826624723,1.0147773049178377,145.81295984802466,170.87342032482687
BODE,CAPACITAR,PB NATIVO,1.8912500100786735,20.012705998007306,,1.3617610366242,Tradução,20.012705998007306,1.3617610366242,0.0,0.0
BODE,CAPACITAR,ESPANHOL,1.793831520824714,11.036443184306195,,1.015901398580678,Tradução,20.012705998007306,1.3617610366242,-44.852819077014814,-25.397968420429073
BODE,CAPACITAR,FRANCÊS,1.7766659859907876,9.796973298325751,,0.9650422689176856,Tradução,20.012705998007306,1.3617610366242,-51.04623383114082,-29.132774182611254
BODE,CAPACITAR,GALEGO,1.9240570372692445,51.60763739959123,,1.7929003710323232,Tradução,20.012705998007306,1.3617610366242,157.87435944309522,31.66042520036525
BODE,CAPACITAR,INGLÊS,1.4104885718698057,12.010864566344042,,0.8699999579315142,Tradução,20.012705998007306,1.3617610366242,-39.98380545069726,-36.11214195933814
BODE,CAPACITAR,MANDARIM,1.7465531589934398,32.584726222501615,,2.119979497311724,Tradução,20.012705998007306,1.3617610366242,62.82019146109539,55.67925945121361
BODE,CAPACITAR,RUSSO,2.9058815165386505,33.73980559339808,,2.063559139991387,Tradução,20.012705998007306,1.3617610366242,68.59192153603617,51.536068700198825
BODE,CAPACITAR,ÁRABE,2.604617861541844,53.82189380311773,,2.4671763788424195,Tradução,20.012705998007306,1.3617610366242,168.93861234196345,81.17542744199378
BODE,COMPARTILHAR,PB NATIVO,2.2049623111363013,23.283403569334556,,1.5709422646478706,Tradução,23.283403569334556,1.5709422646478706,0.0,0.0
BODE,COMPARTILHAR,ESPANHOL,2.041837204624033,15.27837549905445,,1.30489995800453,Tradução,23.283403569334556,1.5709422646478706,-34.38083288142263,-16.93520587167947
BODE,COMPARTILHAR,FRANCÊS,2.0458298115350995,13.566722306187046,,1.2505835919610906,Tradução,23.283403569334556,1.5709422646478706,-41.732220266734885,-20.392771898500605
BODE,COMPARTILHAR,GALEGO,2.189177053004004,65.2735718944118,,2.0860743048725747,Tradução,23.283403569334556,1.5709422646478706,180.34377233567545,32.79127768200774
BODE,COMPARTILHAR,INGLÊS,1.672169118093592,14.807328960949144,,1.100653143422582,Tradução,23.283403569334556,1.5709422646478706,-36.40393288354474,-29.936753998448495
BODE,COMPARTILHAR,MANDARIM,1.8918321085350585,29.16193575736076,,2.121620461557941,Tradução,23.283403569334556,1.5709422646478706,25.24773566940417,35.054006076633605
BODE,COMPARTILHAR,RUSSO,3.0424484090325747,38.46020334595517,,2.3406567700023406,Tradução,23.283403569334556,1.5709422646478706,65.18290906836852,48.996995158635116
BODE,COMPARTILHAR,ÁRABE,2.743855497168177,90.71441451666196,,2.9118576233432214,Tradução,23.283403569334556,1.5709422646478706,289.60976751757,85.35739274898937
BODE,EXPLICAR,PB NATIVO,1.9199983324687155,15.270723912043286,,1.151365626789369,Tradução,15.270723912043286,1.151365626789369,0.0,0.0
BODE,EXPLICAR,ESPANHOL,1.9397969317451031,9.536390456020651,,0.997522927281518,Tradução,15.270723912043286,1.151365626789369,-37.55115663835845,-13.361758934635537
BODE,EXPLICAR,FRANCÊS,1.9172111127796083,9.527035761950511,,0.9687791142526564,Tradução,15.270723912043286,1.151365626789369,-37.612415646929506,-15.858256342588817
BODE,EXPLICAR,GALEGO,2.0624636703222574,36.80053789822815,,1.6973781520758593,Tradução,15.270723912043286,1.151365626789369,140.98751382182567,47.42303509694561
BODE,EXPLICAR,INGLÊS,1.6102268782880675,11.082141045186289,,0.90199695903364,Tradução,15.270723912043286,1.151365626789369,-27.428842869418023,-21.65851246151095
BODE,EXPLICAR,MANDARIM,1.8962196305912855,27.953145983327868,,2.0958590767626406,Tradução,15.270723912043286,1.151365626789369,83.05056226759864,82.03245155120975
BODE,EXPLICAR,RUSSO,3.124275868255743,25.705634732861512,,1.936570937700927,Tradução,15.270723912043286,1.151365626789369,68.33278422766004,68.19773776824793
BODE,EXPLICAR,ÁRABE,2.677881182382015,43.19582810660263,,2.385854865224062,Tradução,15.270723912043286,1.151365626789369,182.86693122999992,107.219566896149
BODE,EXPLORAR,PB NATIVO,1.9387664462951573,17.14130217659927,,1.2833486778709795,Tradução,17.14130217659927,1.2833486778709795,0.0,0.0
BODE,EXPLORAR,ESPANHOL,1.914050107155128,10.36086040245102,,1.0529905366207306,Tradução,17.14130217659927,1.2833486778709795,-39.55616501180804,-17.949770410984733
BODE,EXPLORAR,FRANCÊS,1.881200085362819,8.712451641143208,,0.9429837975237813,Tradução,17.14130217659927,1.2833486778709795,-49.17275507203208,-26.521621615089753
BODE,EXPLORAR,GALEGO,2.056837547615613,39.59939041569819,,1.7554949989487938,Tradução,17.14130217659927,1.2833486778709795,131.01739884008313,36.790182529434226
BODE,EXPLORAR,INGLÊS,1.5435821872143192,11.530516218676553,,0.8899723311599633,Tradução,17.14130217659927,1.2833486778709795,-32.732553805523445,-30.652335837802912
BODE,EXPLORAR,MANDARIM,3.7130067922730343,16.72149691657977,,2.0582592313078663,Tradução,17.14130217659927,1.2833486778709795,-2.4490861644840822,60.381918554077615
BODE,EXPLORAR,RUSSO,3.176591001648648,21.647492610197204,,1.872985742323474,Tradução,17.14130217659927,1.2833486778709795,26.288495396514456,45.9451959252942
BODE,EXPLORAR,ÁRABE,3.933964166878536,35.06533998610181,,2.4219013980602013,Tradução,17.14130217659927,1.2833486778709795,104.5663720576132,88.71733300711635
BODE,FAZER,PB NATIVO,2.094443962209902,14.209256138370948,,1.196322761999425,Tradução,14.209256138370948,1.196322761999425,0.0,0.0
BODE,FAZER,ESPANHOL,1.996055681149384,9.516065828971614,,1.0153449988354026,Tradução,14.209256138370948,1.196322761999425,-33.02910626493496,-15.127837479373262
BODE,FAZER,FRANCÊS,2.0848750839328685,7.756072247321183,,0.9353295845071172,Tradução,14.209256138370948,1.196322761999425,-45.415353402093054,-21.81628451640488
BODE,FAZER,GALEGO,2.1929080964660304,35.07403423205283,,1.680136862146228,Tradução,14.209256138370948,1.196322761999425,146.83934113439082,40.44177002351774
BODE,FAZER,INGLÊS,1.6351376946763068,12.200447975849212,,0.8923082720803733,Tradução,14.209256138370948,1.196322761999425,-14.137321074092768,-25.412413737823524
BODE,FAZER,MANDARIM,3.793645611572207,18.22201124543571,,2.1243095556012683,Tradução,14.209256138370948,1.196322761999425,28.24043051929115,77.5699353952683
BODE,FAZER,RUSSO,3.4072496291291223,22.684628270610084,,1.8868139122440528,Tradução,14.209256138370948,1.196322761999425,59.64683900202261,57.717797585879225
BODE,FAZER,ÁRABE,4.732855378730871,21.08845561810685,,2.205188561292867,Tradução,14.209256138370948,1.196322761999425,48.413508861728374,84.33056958703314
BODE,RECOMENDAR,PB NATIVO,1.850071824575666,14.141817931150069,,1.1539236117066425,Tradução,14.141817931150069,1.1539236117066425,0.0,0.0
BODE,RECOMENDAR,ESPANHOL,1.7829473798574231,10.860318851107325,,0.9958701457700742,Tradução,14.141817931150069,1.1539236117066425,-23.20422378522221,-13.69704756303658
BODE,RECOMENDAR,FRANCÊS,1.772185621037225,10.066471168528324,,0.938804625079999,Tradução,14.141817931150069,1.1539236117066425,-28.817700683622938,-18.642394041013212
BODE,RECOMENDAR,GALEGO,1.9203715926723957,40.78430901343926,,1.6529575809367083,Tradução,14.141817931150069,1.1539236117066425,188.39509327583687,43.24670750882713
BODE,RECOMENDAR,INGLÊS,1.3993849108731138,11.094197932662304,,0.8267535997603073,Tradução,14.141817931150069,1.1539236117066425,-21.550411788111035,-28.352831039002112
BODE,RECOMENDAR,MANDARIM,1.8263185431824904,23.130329764424214,,1.9643866352687211,Tradução,14.141817931150069,1.1539236117066425,63.55980452467305,70.23541379514813
BODE,RECOMENDAR,RUSSO,3.1756149486175698,24.53968778368393,,1.9386758197962308,Tradução,14.141817931150069,1.1539236117066425,73.52569452637738,68.00729269495984
BODE,RECOMENDAR,ÁRABE,4.257893004391142,21.294887076869152,,2.0635268923981,Tradução,14.141817931150069,1.1539236117066425,50.580973256366676,78.82699265908619
BODE,RECRIAR,PB NATIVO,2.0584486916236906,14.767350133322468,,1.4177325780019412,Tradução,14.767350133322468,1.4177325780019412,0.0,0.0
BODE,RECRIAR,ESPANHOL,2.009113424566756,11.594052056570916,,1.2411667821586196,Tradução,14.767350133322468,1.4177325780019412,-21.48860864069998,-12.45409737936345
BODE,RECRIAR,FRANCÊS,1.884622736343547,10.831553325913845,,1.1439572804050815,Tradução,14.767350133322468,1.4177325780019412,-26.65201794415041,-19.310785534934983
BODE,RECRIAR,GALEGO,2.0950472035689485,43.60031344158915,,1.9995621597057636,Tradução,14.767350133322468,1.4177325780019412,195.24805092286135,41.03944500759196
BODE,RECRIAR,INGLÊS,1.609764405939654,11.264764021475052,,1.0391104751170268,Tradução,14.767350133322468,1.4177325780019412,-23.718446980842177,-26.706172148383544
BODE,RECRIAR,MANDARIM,1.8569458040116569,22.14411749938268,,1.9844848488008684,Tradução,14.767350133322468,1.4177325780019412,49.95322315419721,39.975964409146215
BODE,RECRIAR,RUSSO,3.0533760507576795,23.84408082508189,,2.060803724801317,Tradução,14.767350133322468,1.4177325780019412,61.46485733603495,45.359128849650766
BODE,RECRIAR,ÁRABE,3.3880651666725763,32.95207902108849,,2.377680524184802,Tradução,14.767350133322468,1.4177325780019412,123.14144869316972,67.71008588486754
BODE,RELATAR,PB NATIVO,1.821215960353329,16.20960154257186,,1.1975657859579187,Tradução,16.20960154257186,1.1975657859579187,0.0,0.0
BODE,RELATAR,ESPANHOL,1.8787634078756656,12.143099870745608,,1.0684826987077978,Tradução,16.20960154257186,1.1975657859579187,-25.086993416502267,-10.77878883679605
BODE,RELATAR,FRANCÊS,1.8353472697539297,9.800793970352068,,0.9560896297423505,Tradução,16.20960154257186,1.1975657859579187,-39.53710740753319,-20.163915757029947
BODE,RELATAR,GALEGO,2.0218765634009714,42.013462309335054,,1.7221508661602118,Tradução,16.20960154257186,1.1975657859579187,159.18874192554077,43.80428084647423
BODE,RELATAR,INGLÊS,1.4333113306832514,14.161876267403548,,0.9476591739506574,Tradução,16.20960154257186,1.1975657859579187,-12.632792174380715,-20.86788174291102
BODE,RELATAR,MANDARIM,3.817070103163088,17.402846440247487,,2.122617930597261,Tradução,16.20960154257186,1.1975657859579187,7.361346264692337,77.24436982803446
BODE,RELATAR,RUSSO,3.1548184856383075,19.6153089820652,,1.826680877638125,Tradução,16.20960154257186,1.1975657859579187,21.010432801502297,52.53282108230777
BODE,RELATAR,ÁRABE,3.91430555200576,27.579972647213896,,2.165293283159956,Tradução,16.20960154257186,1.1975657859579187,70.1459013337226,80.807877825932
Cabrita,CAPACITAR,PB NATIVO,1.544928939967061,22.156786832847544,,1.1129070656348772,Tradução,22.156786832847544,1.1129070656348772,0.0,0.0
Cabrita,CAPACITAR,ESPANHOL,1.7876087435913093,14.10246132995247,,1.11310466914833,Tradução,22.156786832847544,1.1129070656348772,-36.351505133201435,0.017755616758541315
Cabrita,CAPACITAR,FRANCÊS,1.9795372523624704,11.843386400217115,,1.1555787431329918,Tradução,22.156786832847544,1.1129070656348772,-46.547364969638835,3.8342534444933074
Cabrita,CAPACITAR,GALEGO,1.7344019797044083,48.803942815796525,,1.5850472208939437,Tradução,22.156786832847544,1.1129070656348772,120.26633728065859,42.42404148901022
Cabrita,CAPACITAR,INGLÊS,1.320747357073948,18.204280625003538,,0.956016552226126,Tradução,22.156786832847544,1.1129070656348772,-17.83880594989702,-14.097359811373844
Cabrita,CAPACITAR,MANDARIM,1.7347737075426872,42.6990570128529,,2.2694442370196684,Tradução,22.156786832847544,1.1129070656348772,92.71321845977837,103.92037278737413
Cabrita,CAPACITAR,RUSSO,2.9582889394753,82.10270482472446,,2.6500914854412625,Tradução,22.156786832847544,1.1129070656348772,270.5533001879442,138.12334086759273
Cabrita,CAPACITAR,ÁRABE,2.588323612556765,86.53630146256899,,2.745443132007541,Tradução,22.156786832847544,1.1129070656348772,290.5634066681478,146.6911404180326
Cabrita,COMPARTILHAR,PB NATIVO,1.8592730700223024,21.802064890662773,,1.2301316932951143,Tradução,21.802064890662773,1.2301316932951143,0.0,0.0
Cabrita,COMPARTILHAR,ESPANHOL,2.0908079970428988,15.8908203078678,,1.34373744776755,Tradução,21.802064890662773,1.2301316932951143,-27.11323267974768,9.23525140370327
Cabrita,COMPARTILHAR,FRANCÊS,2.2014031975166413,15.151804586001496,,1.4497951912734353,Tradução,21.802064890662773,1.2301316932951143,-30.502891987581414,17.856909075313343
Cabrita,COMPARTILHAR,GALEGO,2.038927839375776,56.615666616090685,,1.875847755696438,Tradução,21.802064890662773,1.2301316932951143,159.6802958803119,52.491620687510675
Cabrita,COMPARTILHAR,INGLÊS,1.488341511088185,19.28404702005757,,1.104850043934064,Tradução,21.802064890662773,1.2301316932951143,-11.549446730082892,-10.18440952654933
Cabrita,COMPARTILHAR,MANDARIM,1.7870566127899767,43.05523557616792,,2.257813575023335,Tradução,21.802064890662773,1.2301316932951143,97.482375142399,83.54242780099439
Cabrita,COMPARTILHAR,RUSSO,2.9794982450767,85.49720838806059,,2.7980139740482883,Tradução,21.802064890662773,1.2301316932951143,292.1518847725139,127.45645765400435
Cabrita,COMPARTILHAR,ÁRABE,2.6468625793517613,123.46275248246984,,3.043799919892098,Tradução,21.802064890662773,1.2301316932951143,466.28926251543055,147.43691561500776
Cabrita,EXPLICAR,PB NATIVO,1.5269033393987503,21.39682425479265,,1.0568490608826293,Tradução,21.39682425479265,1.0568490608826293,0.0,0.0
Cabrita,EXPLICAR,ESPANHOL,1.9184689587841544,14.268974266212268,,1.170011367353636,Tradução,21.39682425479265,1.0568490608826293,-33.3126538018081,10.707518288041907
Cabrita,EXPLICAR,FRANCÊS,2.105654263072428,11.309584896949383,,1.157873091096633,Tradução,21.39682425479265,1.0568490608826293,-47.14362859518201,9.558983771025286
Cabrita,EXPLICAR,GALEGO,1.8469494676362117,44.14411733256601,,1.597944399332477,Tradução,21.39682425479265,1.0568490608826293,106.31153860451144,51.19892314593637
Cabrita,EXPLICAR,INGLÊS,1.4409153583705645,18.803444546015378,,1.0026668116884665,Tradução,21.39682425479265,1.0568490608826293,-12.120395428290653,-5.126772705736471
Cabrita,EXPLICAR,MANDARIM,1.8451447498901503,38.14048711928443,,2.2240129495157817,Tradução,21.39682425479265,1.0568490608826293,78.2530279498902,110.43808731384908
Cabrita,EXPLICAR,RUSSO,3.104451154000844,63.90882384374802,,2.485052224995868,Tradução,21.39682425479265,1.0568490608826293,198.68368820869827,135.13785619684162
Cabrita,EXPLICAR,ÁRABE,2.5922144776060465,72.00028708380545,,2.6120053192453767,Tradução,21.39682425479265,1.0568490608826293,236.49987599294406,147.15027111477545
Cabrita,EXPLORAR,PB NATIVO,1.6191132071980834,24.385618186289985,,1.1818936231158734,Tradução,24.385618186289985,1.1818936231158734,0.0,0.0
Cabrita,EXPLORAR,ESPANHOL,1.900410013700433,13.575869208475249,,1.169618579477757,Tradução,24.385618186289985,1.1818936231158734,-44.328377879270505,-1.0385912401959962
Cabrita,EXPLORAR,FRANCÊS,2.0997797424366,10.274236550298262,,1.1254072595904632,Tradução,24.385618186289985,1.1818936231158734,-57.86763955783325,-4.7793102882214615
Cabrita,EXPLORAR,GALEGO,1.8571432795873093,42.48955615934855,,1.6276579983292765,Tradução,24.385618186289985,1.1818936231158734,74.24022567218293,37.716116450329665
Cabrita,EXPLORAR,INGLÊS,1.441144993159047,17.753216708154092,,0.9571270099841036,Tradução,24.385618186289985,1.1818936231158734,-27.198004280509668,-19.01749943782661
Cabrita,EXPLORAR,MANDARIM,4.537706347468753,13.22659367404106,,2.319333470854545,Tradução,24.385618186289985,1.1818936231158734,-45.760679212646416,96.23876679696379
Cabrita,EXPLORAR,RUSSO,3.16720055991574,58.861147787136105,,2.477009930950766,Tradução,24.385618186289985,1.1818936231158734,141.3764840303653,109.57976949063534
Cabrita,EXPLORAR,ÁRABE,3.7838154625562006,59.00105683242774,,2.693792693598422,Tradução,24.385618186289985,1.1818936231158734,141.95021992757663,127.92175547040085
Cabrita,FAZER,PB NATIVO,1.6962618034085268,20.597017524177748,,1.0916138902715464,Tradução,20.597017524177748,1.0916138902715464,0.0,0.0
Cabrita,FAZER,ESPANHOL,1.9182754195832792,12.431256511771783,,1.1156878774449908,Tradução,20.597017524177748,1.0916138902715464,-39.64535643483631,2.205357350982018
Cabrita,FAZER,FRANCÊS,2.176078812625492,10.136786427708316,,1.106360664572411,Tradução,20.597017524177748,1.0916138902715464,-50.78517355335899,1.3509148639722968
Cabrita,FAZER,GALEGO,1.987336687156612,33.71323169304926,,1.521593866344449,Tradução,20.597017524177748,1.0916138902715464,63.680162205402226,39.38938299566179
Cabrita,FAZER,INGLÊS,1.4575560366766325,17.039887458004035,,0.939987248844074,Tradução,20.597017524177748,1.0916138902715464,-17.27012205528391,-13.890134852512205
Cabrita,FAZER,MANDARIM,4.508806097376757,13.840235817559185,,2.2941661227644152,Tradução,20.597017524177748,1.0916138902715464,-32.80466066840568,110.16278220806863
Cabrita,FAZER,RUSSO,3.4097119200031014,53.33037132578888,,2.445224240879436,Tradução,20.597017524177748,1.0916138902715464,158.92278463708246,124.00083607136673
Cabrita,FAZER,ÁRABE,5.361391918553278,21.185061903474075,,2.527029955657461,Tradução,20.597017524177748,1.0916138902715464,2.8549977131691717,131.49485163008
Cabrita,RECOMENDAR,PB NATIVO,1.5020050365202258,20.37103752196393,,1.0570710649896151,Tradução,20.37103752196393,1.0570710649896151,0.0,0.0
Cabrita,RECOMENDAR,ESPANHOL,1.8502724820269385,13.36971553170869,,1.1295402943259996,Tradução,20.37103752196393,1.0570710649896151,-34.369000512155836,6.855662947986985
Cabrita,RECOMENDAR,FRANCÊS,2.017329078038673,10.82208119917582,,1.121185205954923,Tradução,20.37103752196393,1.0570710649896151,-46.87515946349067,6.065263073484828
Cabrita,RECOMENDAR,GALEGO,1.7711407815697824,39.45310631259967,,1.540940544608327,Tradução,20.37103752196393,1.0570710649896151,93.67254254998826,45.77454587913308
Cabrita,RECOMENDAR,INGLÊS,1.30927157594478,16.561575627160735,,0.9148825327223412,Tradução,20.37103752196393,1.0570710649896151,-18.70038229862302,-13.451180055587919
Cabrita,RECOMENDAR,MANDARIM,1.799806589625094,30.055509262684662,,2.0967518446593165,Tradução,20.37103752196393,1.0570710649896151,47.54039518251827,98.35486128644675
Cabrita,RECOMENDAR,RUSSO,3.2257797312090783,57.19755732604031,,2.4989855185500023,Tradução,20.37103752196393,1.0570710649896151,180.77881288260477,136.40657674936477
Cabrita,RECOMENDAR,ÁRABE,4.907961281875367,28.33892412459771,,2.6206780644824232,Tradução,20.37103752196393,1.0570710649896151,39.11379866657676,147.91881561039318
Cabrita,RECRIAR,PB NATIVO,1.7653607509450306,14.977182150117294,,1.2182896175039637,Tradução,14.977182150117294,1.2182896175039637,0.0,0.0
Cabrita,RECRIAR,ESPANHOL,2.0989418410040432,15.110530862977797,,1.4339048182763856,Tradução,14.977182150117294,1.2182896175039637,0.8903458041969348,17.698189139473676
Cabrita,RECRIAR,FRANCÊS,2.096592952788526,13.353037930879095,,1.3917277450057093,Tradução,14.977182150117294,1.2182896175039637,-10.844124101311536,14.23619843835542
Cabrita,RECRIAR,GALEGO,1.9706542210648836,39.1869363216052,,1.8280547574409007,Tradução,14.977182150117294,1.2182896175039637,161.64425276284905,50.05091820336007
Cabrita,RECRIAR,INGLÊS,1.5385257848446974,15.631863959678135,,1.1267087433627456,Tradução,14.977182150117294,1.2182896175039637,4.371194814878532,-7.5171677428269685
Cabrita,RECRIAR,MANDARIM,1.8249858653162987,29.478252115287983,,2.1365893605552797,Tradução,14.977182150117294,1.2182896175039637,96.82108303034242,75.37614454375242
Cabrita,RECRIAR,RUSSO,3.08383008422345,52.03913624767846,,2.579882142796395,Tradução,14.977182150117294,1.2182896175039637,247.45612175966568,111.76263063638902
Cabrita,RECRIAR,ÁRABE,3.320544354894189,51.22115096012507,,2.624800811110614,Tradução,14.977182150117294,1.2182896175039637,241.99457846430704,115.44965773313538
Cabrita,RELATAR,PB NATIVO,1.5079894752314325,22.098668982787466,,1.1068807285601248,Tradução,22.098668982787466,1.1068807285601248,0.0,0.0
Cabrita,RELATAR,ESPANHOL,1.891153963401316,14.788282093299625,,1.1677022959479275,Tradução,22.098668982787466,1.1068807285601248,-33.080666058131655,5.4948618959986595
Cabrita,RELATAR,FRANCÊS,2.0703151796612174,10.56469503240705,,1.114654797927171,Tradução,22.098668982787466,1.1068807285601248,-52.1930708105731,0.7023402943476142
Cabrita,RELATAR,GALEGO,1.861934644765434,42.834583624823466,,1.5914520566123904,Tradução,22.098668982787466,1.1068807285601248,93.83331936501284,43.77809781570736
Cabrita,RELATAR,INGLÊS,1.326789684795685,19.336958582981985,,0.9847594170255304,Tradução,22.098668982787466,1.1068807285601248,-12.497179816379722,-11.032924179053571
Cabrita,RELATAR,MANDARIM,4.667863689688558,12.895777342052844,,2.328347360163141,Tradução,22.098668982787466,1.1068807285601248,-41.64455175061767,110.35214545581162
Cabrita,RELATAR,RUSSO,3.217324713805061,51.199512243554494,,2.447242974252996,Tradução,22.098668982787466,1.1068807285601248,131.6859548574329,121.09364731974952
Cabrita,RELATAR,ÁRABE,3.828283177847156,94.72532462768405,,2.886297912899045,Tradução,22.098668982787466,1.1068807285601248,328.6471945503374,160.75961378907175
Gemma,CAPACITAR,PB NATIVO,1.3846834612961842,61.20084359947241,,1.3543670044382372,Tradução,61.20084359947241,1.3543670044382372,0.0,0.0
Gemma,CAPACITAR,ESPANHOL,1.3271817793929508,24.329180009258717,,0.995216257107482,Tradução,61.20084359947241,1.3543670044382372,-60.24698586104383,-26.517978225534478
Gemma,CAPACITAR,FRANCÊS,1.421942979830776,16.468896072027224,,0.9437298255875268,Tradução,61.20084359947241,1.3543670044382372,-73.09041002799314,-30.319490766170432
Gemma,CAPACITAR,GALEGO,1.488169362956047,61.31004466320272,,1.4270648575193583,Tradução,61.20084359947241,1.3543670044382372,0.17843065112790324,5.367662741553181
Gemma,CAPACITAR,INGLÊS,1.2697370340037988,17.85381918704287,,0.9150092468472724,Tradução,61.20084359947241,1.3543670044382372,-70.82749495433951,-32.440081318519795
Gemma,CAPACITAR,MANDARIM,1.3610120201049185,102.97982388066308,,2.1900464813223013,Tradução,61.20084359947241,1.3543670044382372,68.26536665836227,61.70258682805745
Gemma,CAPACITAR,RUSSO,2.4513841589015755,70.64864356804401,,2.111535479152082,Tradução,61.20084359947241,1.3543670044382372,15.437368854590506,55.90570888338367
Gemma,CAPACITAR,ÁRABE,2.2244959615848225,138.73860677285364,,2.601983732492737,Tradução,61.20084359947241,1.3543670044382372,126.6939450717795,92.11806873366535
Gemma,COMPARTILHAR,PB NATIVO,1.5735880992518527,68.05309759956117,,1.519580861732102,Tradução,68.05309759956117,1.519580861732102,0.0,0.0
Gemma,COMPARTILHAR,ESPANHOL,1.4958351989716974,33.209096311699376,,1.2575957256062198,Tradução,68.05309759956117,1.519580861732102,-51.201198059919726,-17.240618299657783
Gemma,COMPARTILHAR,FRANCÊS,1.5932765082400395,25.076720828439942,,1.2280018278184437,Tradução,68.05309759956117,1.519580861732102,-63.15124261352999,-19.188122281383603
Gemma,COMPARTILHAR,GALEGO,1.671832009872637,94.81147822461116,,1.835936837381608,Tradução,68.05309759956117,1.519580861732102,39.31985694832287,20.818633849396218
Gemma,COMPARTILHAR,INGLÊS,1.376963113684117,25.19933412276706,,1.146129587205701,Tradução,68.05309759956117,1.519580861732102,-62.97106963294268,-24.57593958512486
Gemma,COMPARTILHAR,MANDARIM,1.4682976468807478,90.62834805651232,,2.2072581728263247,Tradução,68.05309759956117,1.519580861732102,33.17299469568411,45.25440721268168
Gemma,COMPARTILHAR,RUSSO,2.490804303499304,105.61911027303816,,2.4675234188612376,Tradução,68.05309759956117,1.519580861732102,55.20103272083714,62.381843638687215
Gemma,COMPARTILHAR,ÁRABE,2.271446242027149,270.88466116310326,,3.0298493106450106,Tradução,68.05309759956117,1.519580861732102,298.0489804550058,99.38717227534843
Gemma,EXPLICAR,PB NATIVO,1.4217546655193067,44.6062264823085,,1.1539621577323749,Tradução,44.6062264823085,1.1539621577323749,0.0,0.0
Gemma,EXPLICAR,ESPANHOL,1.4309502848403954,22.67229924055317,,1.0058618411803366,Tradução,44.6062264823085,1.1539621577323749,-49.17234424762349,-12.834070472732561
Gemma,EXPLICAR,FRANCÊS,1.52115407695767,14.914305755555796,,0.9287080236491226,Tradução,44.6062264823085,1.1539621577323749,-66.5645204005969,-19.520062471190048
Gemma,EXPLICAR,GALEGO,1.5803111674435786,51.94699617904498,,1.407986286861836,Tradução,44.6062264823085,1.1539621577323749,16.45682738854393,22.01321138889323
Gemma,EXPLICAR,INGLÊS,1.350451312767715,18.76997372635084,,0.9291127701078028,Tradução,44.6062264823085,1.1539621577323749,-57.92073168575402,-19.484987971045655
Gemma,EXPLICAR,MANDARIM,1.4747923949220905,88.26128812939777,,2.162095044664868,Tradução,44.6062264823085,1.1539621577323749,97.86764111150161,87.36273370641136
Gemma,EXPLICAR,RUSSO,2.621118177202294,54.20905792652051,,1.9738223849474863,Tradução,44.6062264823085,1.1539621577323749,21.528006741436954,71.04741015305045
Gemma,EXPLICAR,ÁRABE,2.230708154236182,112.35242075884196,,2.477751254529539,Tradução,44.6062264823085,1.1539621577323749,151.87609358393638,114.71685513487829
Gemma,EXPLORAR,PB NATIVO,1.4226513418148703,50.22656525966138,,1.278438733640933,Tradução,50.22656525966138,1.278438733640933,0.0,0.0
Gemma,EXPLORAR,ESPANHOL,1.452279758734749,22.88370225372121,,1.053386589046157,Tradução,50.22656525966138,1.278438733640933,-54.43904607966519,-17.603670686184415
Gemma,EXPLORAR,FRANCÊS,1.5286544606509602,15.47820821918414,,0.955595903029344,Tradução,50.22656525966138,1.278438733640933,-69.18322377975704,-25.252898094861997
Gemma,EXPLORAR,GALEGO,1.6116634607899032,47.30055044670176,,1.4478315875680288,Tradução,50.22656525966138,1.278438733640933,-5.82563190979255,13.249978232799076
Gemma,EXPLORAR,INGLÊS,1.3933806196594276,18.83899095664645,,0.9515464246878076,Tradução,50.22656525966138,1.278438733640933,-62.49197837986211,-25.569649944988104
Gemma,EXPLORAR,MANDARIM,3.1729811389545977,21.74844934448345,,1.9162493073000155,Tradução,50.22656525966138,1.278438733640933,-56.69930995271471,49.88980362341089
Gemma,EXPLORAR,RUSSO,2.6700107615432582,47.13687957124867,,1.9553410146631327,Tradução,50.22656525966138,1.278438733640933,-6.1514970662231105,52.94757294269503
Gemma,EXPLORAR,ÁRABE,3.352181290834988,85.16260754317526,,2.548934999343428,Tradução,50.22656525966138,1.278438733640933,69.55690102021006,99.37873691328028
Gemma,FAZER,PB NATIVO,1.5430259606894654,44.2216158008955,,1.1979037307878284,Tradução,44.2216158008955,1.1979037307878284,0.0,0.0
Gemma,FAZER,ESPANHOL,1.5072955159173034,20.69817350255109,,1.010669623431271,Tradução,44.2216158008955,1.1979037307878284,-53.1944431977722,-15.630146442019887
Gemma,FAZER,FRANCÊS,1.73053223048962,12.467505104205635,,0.936048981172186,Tradução,44.2216158008955,1.1979037307878284,-71.80676264671186,-21.859415150450168
Gemma,FAZER,GALEGO,1.6840480119215853,69.9109885262524,,1.4844803082258669,Tradução,44.2216158008955,1.1979037307878284,58.09234298679036,23.923172628368473
Gemma,FAZER,INGLÊS,1.3963439060547462,20.09148362280025,,0.9398137860722976,Tradução,44.2216158008955,1.1979037307878284,-54.566373799499665,-21.54513239104716
Gemma,FAZER,MANDARIM,3.251523888679128,25.28266465230178,,2.025481706522108,Tradução,44.2216158008955,1.1979037307878284,-42.827361247641704,69.08551617833298
Gemma,FAZER,RUSSO,2.8930140432019846,46.312393249659856,,1.9563497933782263,Tradução,44.2216158008955,1.1979037307878284,4.727953537875962,63.314441978704636
Gemma,FAZER,ÁRABE,4.086372427558174,40.55379842256257,,2.3081229677443456,Tradução,44.2216158008955,1.1979037307878284,-8.294173136610382,92.68017190549665
Gemma,RECOMENDAR,PB NATIVO,1.3532189413737228,37.576501119287016,,1.1337568147065662,Tradução,37.576501119287016,1.1337568147065662,0.0,0.0
Gemma,RECOMENDAR,ESPANHOL,1.329617041039003,26.021844010937293,,0.9962516853918132,Tradução,37.576501119287016,1.1337568147065662,-30.74968867290049,-12.12827367660334
Gemma,RECOMENDAR,FRANCÊS,1.4369447182772264,16.028739071084992,,0.9084505000104074,Tradução,37.576501119287016,1.1337568147065662,-57.34371590318752,-19.87254336852401
Gemma,RECOMENDAR,GALEGO,1.4897980213826942,48.91348088882373,,1.3278416195358298,Tradução,37.576501119287016,1.1337568147065662,30.17039754059949,17.118733251406802
Gemma,RECOMENDAR,INGLÊS,1.226672167079685,17.377783791676407,,0.8740047383252185,Tradução,37.576501119287016,1.1337568147065662,-53.75358728448282,-22.91074002925182
Gemma,RECOMENDAR,MANDARIM,1.40604563596239,73.80321014612736,,2.035611939384903,Tradução,37.576501119287016,1.1337568147065662,96.40788244716624,79.5457291175578
Gemma,RECOMENDAR,RUSSO,2.7142722848207024,48.665231348563694,,2.0184949898163564,Tradução,37.576501119287016,1.1337568147065662,29.509746514385093,78.03597417306587
Gemma,RECOMENDAR,ÁRABE,3.72768743660446,39.1424960499807,,2.161824254835552,Tradução,37.576501119287016,1.1337568147065662,4.1674846886952555,90.67795022648357
Gemma,RECRIAR,PB NATIVO,1.5186277499620475,34.774643958654245,,1.3546418955761237,Tradução,34.774643958654245,1.3546418955761237,0.0,0.0
Gemma,RECRIAR,ESPANHOL,1.511705184361566,29.184105760708302,,1.267891394716682,Tradução,34.774643958654245,1.3546418955761237,-16.076478610659205,-6.403943443853621
Gemma,RECRIAR,FRANCÊS,1.5502804712253198,18.30403740089244,,1.1455594956592678,Tradução,34.774643958654245,1.3546418955761237,-47.36383951865831,-15.434514508938468
Gemma,RECRIAR,GALEGO,1.631606340419956,73.94603143106923,,1.7467516566705852,Tradução,34.774643958654245,1.3546418955761237,112.64353279644878,28.945639609625307
Gemma,RECRIAR,INGLÊS,1.380354836668125,19.25777021558905,,1.0687205150525867,Tradução,34.774643958654245,1.3546418955761237,-44.621229656626184,-21.10678707467082
Gemma,RECRIAR,MANDARIM,1.4510969545955987,58.63629378168191,,2.0322343523944024,Tradução,34.774643958654245,1.3546418955761237,68.61795580538012,50.02004286380804
Gemma,RECRIAR,RUSSO,2.543162312904704,54.35758776729078,,2.166099974075885,Tradução,34.774643958654245,1.3546418955761237,56.31385854566886,59.90203618755283
Gemma,RECRIAR,ÁRABE,2.8303998215092903,83.42160996563622,,2.518932103044439,Tradução,34.774643958654245,1.3546418955761237,139.8920606198626,85.94819127258333
Gemma,RELATAR,PB NATIVO,1.3193958371459311,45.77893058839752,,1.163330520080083,Tradução,45.77893058839752,1.163330520080083,0.0,0.0
Gemma,RELATAR,ESPANHOL,1.3976233972237688,30.18142667490108,,1.0825191040551418,Tradução,45.77893058839752,1.163330520080083,-34.071359276028105,-6.9465568580955095
Gemma,RELATAR,FRANCÊS,1.4812304797274662,17.42776355801213,,0.9643988110169004,Tradução,45.77893058839752,1.163330520080083,-61.930601405465936,-17.10018826373507
Gemma,RELATAR,GALEGO,1.548177331356617,48.399283264362666,,1.3763394264719924,Tradução,45.77893058839752,1.163330520080083,5.723927235271109,18.310265458972562
Gemma,RELATAR,INGLÊS,1.2691255021403256,23.37970021376562,,1.0006049307453289,Tradução,45.77893058839752,1.163330520080083,-48.929125444247255,-13.987906835243368
Gemma,RELATAR,MANDARIM,3.3234142617889373,21.17755531602456,,1.975760174628228,Tradução,45.77893058839752,1.163330520080083,-53.73951500432839,69.83652887334357
Gemma,RELATAR,RUSSO,2.6442180820573338,44.57871286626682,,1.940663571815045,Tradução,45.77893058839752,1.163330520080083,-2.621768806532354,66.81962162236152
Gemma,RELATAR,ÁRABE,3.339208281102625,62.39589172085945,,2.3014884203207018,Tradução,45.77893058839752,1.163330520080083,36.29827284928633,97.8361592509641
Gervasio,CAPACITAR,PB NATIVO,1.6699723128434094,15.585762182828647,,1.096679556128875,Tradução,15.585762182828647,1.096679556128875,0.0,0.0
Gervasio,CAPACITAR,ESPANHOL,1.5990470755177348,9.631800992503509,,0.8558232667492277,Tradução,15.585762182828647,1.096679556128875,-38.201283456543536,-21.962321448740795
Gervasio,CAPACITAR,FRANCÊS,1.6179955220202829,8.276701092929342,,0.8132959255067258,Tradução,15.585762182828647,1.096679556128875,-46.89575655114218,-25.840148933062412
Gervasio,CAPACITAR,GALEGO,1.7418432669942974,14.930702792303649,,1.116551165488125,Tradução,15.585762182828647,1.096679556128875,-4.202934594027741,1.811979556671428
Gervasio,CAPACITAR,INGLÊS,1.25732272534308,14.532739839762204,,0.8398495330927306,Tradução,15.585762182828647,1.096679556128875,-6.7563095773820585,-23.418875787446815
Gervasio,CAPACITAR,MANDARIM,1.5342677144780503,27.676775083111565,,1.7691896506904374,Tradução,15.585762182828647,1.096679556128875,77.57729624287472,61.322388185609
Gervasio,CAPACITAR,RUSSO,2.6665113777694383,16.30903175883214,,1.4984320800355548,Tradução,15.585762182828647,1.096679556128875,4.640578802109174,36.63353817999582
Gervasio,CAPACITAR,ÁRABE,2.4127965840494063,33.147316021617215,,2.003303773763592,Tradução,15.585762182828647,1.096679556128875,112.67690108948739,82.6699296588489
Gervasio,COMPARTILHAR,PB NATIVO,1.8694234575075288,20.01058473919923,,1.284571595139795,Tradução,20.01058473919923,1.284571595139795,0.0,0.0
Gervasio,COMPARTILHAR,ESPANHOL,1.781451980458832,14.141033772205446,,1.1125674008057913,Tradução,20.01058473919923,1.284571595139795,-29.332231134134602,-13.390004495256258
Gervasio,COMPARTILHAR,FRANCÊS,1.7720084338044193,12.24113630145613,,1.057551907950534,Tradução,20.01058473919923,1.284571595139795,-38.82669366739362,-17.672793641724205
Gervasio,COMPARTILHAR,GALEGO,1.9223927676344117,21.10782212196929,,1.4100277204406642,Tradução,20.01058473919923,1.284571595139795,5.483284956789158,9.766378594664182
Gervasio,COMPARTILHAR,INGLÊS,1.3756430999495846,18.77693683145171,,1.0344571672113057,Tradução,20.01058473919923,1.284571595139795,-6.164976805155009,-19.470649115611984
Gervasio,COMPARTILHAR,MANDARIM,1.645525221932136,27.09280227913506,,1.8231038230310013,Tradução,20.01058473919923,1.284571595139795,35.39235675638353,41.923099493150474
Gervasio,COMPARTILHAR,RUSSO,2.730474730409329,22.937994483738706,,1.819740749312806,Tradução,20.01058473919923,1.284571595139795,14.629306353076732,41.66129441113562
Gervasio,COMPARTILHAR,ÁRABE,2.476916015148706,78.05270817655821,,2.5763700073873648,Tradução,20.01058473919923,1.284571595139795,290.0571082446123,100.56258577841186
Gervasio,EXPLICAR,PB NATIVO,1.680555872033175,13.0591425604127,,0.937338244455758,Tradução,13.0591425604127,0.937338244455758,0.0,0.0
Gervasio,EXPLICAR,ESPANHOL,1.7182799067035297,9.141864513318628,,0.848647171710182,Tradução,13.0591425604127,0.937338244455758,-29.996441412385323,-9.462013661575519
Gervasio,EXPLICAR,FRANCÊS,1.7156466605694871,8.060506150826809,,0.7960372311621473,Tradução,13.0591425604127,0.937338244455758,-38.27691126321484,-15.074709063605274
Gervasio,EXPLICAR,GALEGO,1.8373771097752631,13.909126259731774,,1.0836043827986157,Tradução,13.0591425604127,0.937338244455758,6.50872517385408,15.604413797047556
Gervasio,EXPLICAR,INGLÊS,1.3388212313932466,14.345824661177511,,0.8358280154110268,Tradução,13.0591425604127,0.937338244455758,9.852730336716299,-10.829626300340555
Gervasio,EXPLICAR,MANDARIM,1.6550571143705652,24.195698411672677,,1.7324801888153636,Tradução,13.0591425604127,0.937338244455758,85.2778488307431,84.82977719758836
Gervasio,EXPLICAR,RUSSO,2.8202756397901148,13.828574356286666,,1.4069741066977837,Tradução,13.0591425604127,0.937338244455758,5.891901342791139,50.10313672997606
Gervasio,EXPLICAR,ÁRABE,2.4004314705709797,29.83670206260635,,1.9179917677585103,Tradução,13.0591425604127,0.937338244455758,128.47366834827966,104.62109373037949
Gervasio,EXPLORAR,PB NATIVO,1.6745912261878395,16.21582089430339,,1.0782676056382725,Tradução,16.21582089430339,1.0782676056382725,0.0,0.0
Gervasio,EXPLORAR,ESPANHOL,1.679410568181803,9.74037463276643,,0.895784632677636,Tradução,16.21582089430339,1.0782676056382725,-39.932892104227555,-16.9237183799672
Gervasio,EXPLORAR,FRANCÊS,1.6924900133725342,8.129308072978777,,0.8206811019400596,Tradução,16.21582089430339,1.0782676056382725,-49.868044757237065,-23.888921669471507
Gervasio,EXPLORAR,GALEGO,1.8275825811773416,14.38256537360869,,1.1402729148654698,Tradução,16.21582089430339,1.0782676056382725,-11.305351314892253,5.750456463958553
Gervasio,EXPLORAR,INGLÊS,1.3591013414990822,13.98812557579628,,0.8409269937165046,Tradução,16.21582089430339,1.0782676056382725,-13.737789366492692,-22.011290210399657
Gervasio,EXPLORAR,MANDARIM,3.4005832766723603,9.450578612605108,,1.511566101015723,Tradução,16.21582089430339,1.0782676056382725,-41.72001112860656,40.184690063183595
Gervasio,EXPLORAR,RUSSO,2.9047063115882747,11.211045673170473,,1.349941889344578,Tradução,16.21582089430339,1.0782676056382725,-30.863532927223524,25.195441492048708
Gervasio,EXPLORAR,ÁRABE,3.404757996553498,28.559624769575056,,1.986377418184216,Tradução,16.21582089430339,1.0782676056382725,76.12197961318157,84.21933551536074
Gervasio,FAZER,PB NATIVO,1.7888723847648975,15.140405619610211,,1.0155829361129245,Tradução,15.140405619610211,1.0155829361129245,0.0,0.0
Gervasio,FAZER,ESPANHOL,1.751344019385239,9.070485905103618,,0.8601999984161433,Tradução,15.140405619610211,1.0155829361129245,-40.090865905499186,-15.29987676747494
Gervasio,FAZER,FRANCÊS,1.8698281501751692,7.056292449656092,,0.7895013096354832,Tradução,15.140405619610211,1.0155829361129245,-53.39429717446529,-22.26126675018326
Gervasio,FAZER,GALEGO,1.9305481782414184,17.227753955202953,,1.1571463130203292,Tradução,15.140405619610211,1.0155829361129245,13.786607756988744,13.93912519338194
Gervasio,FAZER,INGLÊS,1.3805466960422044,14.881711192230638,,0.8299948960236403,Tradução,15.140405619610211,1.0155829361129245,-1.7086360423825497,-18.274040798638268
Gervasio,FAZER,MANDARIM,3.494535318427742,12.326043864445149,,1.6979922696760823,Tradução,15.140405619610211,1.0155829361129245,-18.588417152575065,67.19385579429226
Gervasio,FAZER,RUSSO,3.053759519973536,11.891834131141032,,1.3382263385323134,Tradução,15.140405619610211,1.0155829361129245,-21.45630421064515,31.769281557081385
Gervasio,FAZER,ÁRABE,4.626780784879256,11.494590979334324,,1.7337615448801835,Tradução,15.140405619610211,1.0155829361129245,-24.080032806741592,70.71589953214846
Gervasio,RECOMENDAR,PB NATIVO,1.6189275880773293,12.392454354458618,,0.9577642124348374,Tradução,12.392454354458618,0.9577642124348374,0.0,0.0
Gervasio,RECOMENDAR,ESPANHOL,1.5893763221424906,10.1994719306752,,0.852716438263091,Tradução,12.392454354458618,0.9577642124348374,-17.696110560975487,-10.968020396658273
Gervasio,RECOMENDAR,FRANCÊS,1.632126869678618,8.209800852868504,,0.7818923579472111,Tradução,12.392454354458618,0.9577642124348374,-33.751615151886824,-18.36275068584189
Gervasio,RECOMENDAR,GALEGO,1.7386260442840895,14.09801245003928,,1.0621886587312206,Tradução,12.392454354458618,0.9577642124348374,13.762875753236292,10.902938838246445
Gervasio,RECOMENDAR,INGLÊS,1.2231461788710458,13.585769930977383,,0.7873611141817884,Tradução,12.392454354458618,0.9577642124348374,9.629372377630974,-17.791758769086663
Gervasio,RECOMENDAR,MANDARIM,1.595608202571245,21.184388200262312,,1.6560779218600246,Tradução,12.392454354458618,0.9577642124348374,70.9458642681261,72.91081670820914
Gervasio,RECOMENDAR,RUSSO,2.923137879648844,13.3193981540309,,1.43309407664328,Tradução,12.392454354458618,0.9577642124348374,7.479904892599265,49.629111010533
Gervasio,RECOMENDAR,ÁRABE,4.29508141450549,9.69849193646828,,1.5517032976303062,Tradução,12.392454354458618,0.9577642124348374,-21.73873181966647,62.01307978354622
Gervasio,RECRIAR,PB NATIVO,1.7109222684083685,15.27996330604706,,1.1851481602786582,Tradução,15.27996330604706,1.1851481602786582,0.0,0.0
Gervasio,RECRIAR,ESPANHOL,1.741182471218348,11.992665802370698,,1.0886703467969114,Tradução,15.27996330604706,1.1851481602786582,-21.513778782278948,-8.140569822009635
Gervasio,RECRIAR,FRANCÊS,1.651537617884706,10.648243027356427,,0.9978341747086236,Tradução,15.27996330604706,1.1851481602786582,-30.31237828207104,-15.805111280432005
Gervasio,RECRIAR,GALEGO,1.8302968497409704,20.669496402501903,,1.398103575875377,Tradução,15.27996330604706,1.1851481602786582,35.271898161705195,17.96867452814066
Gervasio,RECRIAR,INGLÊS,1.358530812967073,15.460937584196236,,0.9964426827589647,Tradução,15.27996330604706,1.1851481602786582,1.1843894813383216,-15.922522081570289
Gervasio,RECRIAR,MANDARIM,1.5957320329442752,22.606957925858143,,1.7153932671846135,Tradução,15.27996330604706,1.1851481602786582,47.95165062282196,44.740828588155715
Gervasio,RECRIAR,RUSSO,2.738458195818249,15.008726343795818,,1.5747094388866023,Tradução,15.27996330604706,1.1851481602786582,-1.7751152723246344,32.87025974173123
Gervasio,RECRIAR,ÁRABE,2.9636474306171707,29.03461496454934,,2.000477869234968,Tradução,15.27996330604706,1.1851481602786582,90.01756995750681,68.79559335134986
Gervasio,RELATAR,PB NATIVO,1.5905122285339408,14.64214556972501,,0.997621171742924,Tradução,14.64214556972501,0.997621171742924,0.0,0.0
Gervasio,RELATAR,ESPANHOL,1.6613547109757658,11.984339007767902,,0.9344666350075044,Tradução,14.64214556972501,0.997621171742924,-18.151756170574817,-6.330512876454253
Gervasio,RELATAR,FRANCÊS,1.6736389615284215,8.828467268328943,,0.8262807322702036,Tradução,14.64214556972501,0.997621171742924,-39.70509836629942,-17.174900084906476
Gervasio,RELATAR,GALEGO,1.8223400402910055,14.73979727447866,,1.1150956413448287,Tradução,14.64214556972501,0.997621171742924,0.6669221002389092,11.775458754215041
Gervasio,RELATAR,INGLÊS,1.2762283432985777,16.80843682798043,,0.897562884580409,Tradução,14.64214556972501,0.997621171742924,14.794903164564733,-10.029687620572957
Gervasio,RELATAR,MANDARIM,3.61943651645858,9.84538813707297,,1.6105577473218533,Tradução,14.64214556972501,0.997621171742924,-32.75993541936987,61.43981231954812
Gervasio,RELATAR,RUSSO,2.8872363778916,10.829057920267212,,1.3362226641941646,Tradução,14.64214556972501,0.997621171742924,-26.04186409225414,33.94088879044905
Gervasio,RELATAR,ÁRABE,3.468967292237493,22.295827756046197,,1.7999112277624785,Tradução,14.64214556972501,0.997621171742924,52.27158922764985,80.42031171189859
Qwen,CAPACITAR,PB NATIVO,1.6697837141074068,7584.158514247744,,3.5615003337802627,Tradução,7584.158514247744,3.5615003337802627,0.0,0.0
Qwen,CAPACITAR,ESPANHOL,1.5857207241963978,17546.931646594174,,3.547294842142764,Tradução,7584.158514247744,3.5615003337802627,131.3629338525846,-0.39886256650777385
Qwen,CAPACITAR,FRANCÊS,1.6099370202122554,1936.567194638087,,2.8818038292851824,Tradução,7584.158514247744,3.5615003337802627,-74.46562870488512,-19.08455540627828
Qwen,CAPACITAR,GALEGO,1.7346781142969032,15677.952184279224,,3.910818938128399,Tradução,7584.158514247744,3.5615003337802627,106.71973238463207,9.80818676429438
Qwen,CAPACITAR,INGLÊS,1.25732272534308,680.8203161123238,,2.0441833926918744,Tradução,7584.158514247744,3.5615003337802627,-91.02312649671916,-42.603307563862316
Qwen,CAPACITAR,MANDARIM,1.565668104876636,1730.2132273030666,,4.016834990147878,Tradução,7584.158514247744,3.5615003337802627,-77.18648385245832,12.78491123667289
Qwen,CAPACITAR,RUSSO,2.741373778588177,11445.346706849552,,5.2069338469151685,Tradução,7584.158514247744,3.5615003337802627,50.9112274664105,46.20057163909917
Qwen,CAPACITAR,ÁRABE,2.4208377608378857,7853.57496979083,,5.203026318865386,Tradução,7584.158514247744,3.5615003337802627,3.552357918639948,46.09085585407675
Qwen,COMPARTILHAR,PB NATIVO,1.8672488429526768,2661.7907112815924,,3.511569239419313,Tradução,2661.7907112815924,3.511569239419313,0.0,0.0
Qwen,COMPARTILHAR,ESPANHOL,1.7941926988483454,5921.197969575181,,3.7464590502512274,Tradução,2661.7907112815924,3.511569239419313,122.45167302143965,6.6890268941630415
Qwen,COMPARTILHAR,FRANCÊS,1.775463559183369,1847.126729851148,,3.2378449124769624,Tradução,2661.7907112815924,3.511569239419313,-30.605861609540376,-7.7949289414442795
Qwen,COMPARTILHAR,GALEGO,1.9361176050445357,9565.038695497433,,4.165838784079029,Tradução,2661.7907112815924,3.511569239419313,259.34600924698856,18.63182811021289
Qwen,COMPARTILHAR,INGLÊS,1.3919461663268111,1202.156129938479,,2.527621240949951,Tradução,2661.7907112815924,3.511569239419313,-54.83656454118184,-28.02017933817166
Qwen,COMPARTILHAR,MANDARIM,1.6765572620251386,2211.288264113617,,4.286931275387661,Tradução,2661.7907112815924,3.511569239419313,-16.924788461338814,22.08021494391963
Qwen,COMPARTILHAR,RUSSO,2.8165593431250167,5702.518161821124,,5.132294189702882,Tradução,2661.7907112815924,3.511569239419313,114.23615829944383,46.15386568745483
Qwen,COMPARTILHAR,ÁRABE,2.508564380273009,7896.566601487872,,5.366286648402807,Tradução,2661.7907112815924,3.511569239419313,196.66369215353717,52.817338418484304
Qwen,EXPLICAR,PB NATIVO,1.6634811154983793,4366.367871644571,,3.103551958041028,Tradução,4366.367871644571,3.103551958041028,0.0,0.0
Qwen,EXPLICAR,ESPANHOL,1.7092378216936823,11394.535045390508,,3.53545886458294,Tradução,4366.367871644571,3.103551958041028,160.96140729202492,13.91653538852089
Qwen,EXPLICAR,FRANCÊS,1.711843257693765,1526.6724601072358,,2.7903712433079817,Tradução,4366.367871644571,3.103551958041028,-65.03564278169209,-10.091041457244588
Qwen,EXPLICAR,GALEGO,1.832858889680074,8924.18274064163,,3.768263174723071,Tradução,4366.367871644571,3.103551958041028,104.38458240304844,21.417756998069116
Qwen,EXPLICAR,INGLÊS,1.3468319657773211,1031.1248003612875,,2.136185262375154,Tradução,4366.367871644571,3.103551958041028,-76.38483905450414,-31.169663300126572
Qwen,EXPLICAR,MANDARIM,1.6898349506268484,1713.3959850450265,,4.112582177171242,Tradução,4366.367871644571,3.103551958041028,-60.75923890490509,32.51210976236136
Qwen,EXPLICAR,RUSSO,2.915453125022212,10066.134682109832,,4.996180657419622,Tradução,4366.367871644571,3.103551958041028,130.5379431604894,60.982665183837526
Qwen,EXPLICAR,ÁRABE,2.416231854580019,9151.93942889784,,5.171971663560018,Tradução,4366.367871644571,3.103551958041028,109.6007413468533,66.64685281520416
Qwen,EXPLORAR,PB NATIVO,1.6674845460331345,3787.11201019814,,3.1880191244331058,Tradução,3787.11201019814,3.1880191244331058,0.0,0.0
Qwen,EXPLORAR,ESPANHOL,1.6802114516801296,8367.10089979012,,3.405936755343417,Tradução,3787.11201019814,3.1880191244331058,120.93618771398202,6.835518307910449
Qwen,EXPLORAR,FRANCÊS,1.6900610754822802,1062.0982606496384,,2.671760173656148,Tradução,3787.11201019814,3.1880191244331058,-71.95492877449723,-16.19372188894127
Qwen,EXPLORAR,GALEGO,1.8295814291217367,6774.794763008848,,3.690436409211021,Tradução,3787.11201019814,3.1880191244331058,78.89079448311311,15.759544255157355
Qwen,EXPLORAR,INGLÊS,1.369635642955522,693.01830420039,,2.087509185038218,Tradução,3787.11201019814,3.1880191244331058,-81.7006124367541,-34.52017997509914
Qwen,EXPLORAR,MANDARIM,3.3400104912135227,3090.626024311718,,5.2832675565535485,Tradução,3787.11201019814,3.1880191244331058,-18.39095289526391,65.72258039678542
Qwen,EXPLORAR,RUSSO,2.988162560644168,7969.961971339014,,5.069180786620044,Tradução,3787.11201019814,3.1880191244331058,110.44959720961698,59.0072263923902
Qwen,EXPLORAR,ÁRABE,3.424364171576103,6039.476701452,,5.236914402799942,Tradução,3787.11201019814,3.1880191244331058,59.474467224327434,64.26860060731825
Qwen,FAZER,PB NATIVO,1.7908847355902826,4004.206201819534,,3.333485986487265,Tradução,4004.206201819534,3.333485986487265,0.0,0.0
Qwen,FAZER,ESPANHOL,1.7611727772776202,9065.40833072908,,3.610598397633689,Tradução,4004.206201819534,3.333485986487265,126.39714025241027,8.312991633075306
Qwen,FAZER,FRANCÊS,1.9066096574250373,909.8782098820776,,2.818760088882253,Tradução,4004.206201819534,3.333485986487265,-77.27693919787089,-15.441069789749317
Qwen,FAZER,GALEGO,1.9480901557011687,9420.880266202035,,3.8864254327922354,Tradução,4004.206201819534,3.333485986487265,135.27460353867724,16.58742375238369
Qwen,FAZER,INGLÊS,1.400400636802989,1129.7238017983589,,2.2959021276627616,Tradução,4004.206201819534,3.333485986487265,-71.7865727972499,-31.126090315978207
Qwen,FAZER,MANDARIM,3.439912704040176,3399.4503500513024,,5.326325800258458,Tradução,4004.206201819534,3.333485986487265,-15.103014712215046,59.782456618970016
Qwen,FAZER,RUSSO,3.166436764965165,8006.525181426559,,5.0991001554031286,Tradução,4004.206201819534,3.333485986487265,99.9528690053062,52.965999439416244
Qwen,FAZER,ÁRABE,4.277186871277332,3420.862206854896,,5.369987538539943,Tradução,4004.206201819534,3.333485986487265,-14.568280592032522,61.09224878424306
Qwen,RECOMENDAR,PB NATIVO,1.6117190523824685,3415.8765787333514,,3.117988580131206,Tradução,3415.8765787333514,3.117988580131206,0.0,0.0
Qwen,RECOMENDAR,ESPANHOL,1.5878984315864748,11431.440392675851,,3.438377924432715,Tradução,3415.8765787333514,3.117988580131206,234.65613084049917,10.275513718784257
Qwen,RECOMENDAR,FRANCÊS,1.623754930572102,1286.03285673672,,2.681522282776593,Tradução,3415.8765787333514,3.117988580131206,-62.35130786799103,-13.998328927049709
Qwen,RECOMENDAR,GALEGO,1.7391638397801248,9798.892918212858,,3.793968283813309,Tradução,3415.8765787333514,3.117988580131206,186.86320165134322,21.679992928442893
Qwen,RECOMENDAR,INGLÊS,1.2303115766226802,877.8304160093378,,2.010602787375626,Tradução,3415.8765787333514,3.117988580131206,-74.30145979293994,-35.5160310660593
Qwen,RECOMENDAR,MANDARIM,1.6383907928242014,862.4949219647074,,3.8024813575097087,Tradução,3415.8765787333514,3.117988580131206,-74.75040733806222,21.953023873798116
Qwen,RECOMENDAR,RUSSO,3.006677356405252,9516.470341622438,,5.140833642334305,Tradução,3415.8765787333514,3.117988580131206,178.59526309792088,64.87660266279669
Qwen,RECOMENDAR,ÁRABE,3.971372763354021,3580.0796628002417,,5.223165007062075,Tradução,3415.8765787333514,3.117988580131206,4.807055532661519,67.5171307664726
Qwen,RECRIAR,PB NATIVO,1.6982794975362705,2715.593888777534,,3.399127547783239,Tradução,2715.593888777534,3.399127547783239,0.0,0.0
Qwen,RECRIAR,ESPANHOL,1.7358113042937966,2912.9803556570514,,3.486145925126102,Tradução,2715.593888777534,3.399127547783239,7.2686298085747225,2.560020950070352
Qwen,RECRIAR,FRANCÊS,1.6413948375890737,1154.814254766345,,2.947431071476665,Tradução,2715.593888777534,3.399127547783239,-57.47470711512751,-13.288600382211325
Qwen,RECRIAR,GALEGO,1.8259344187199016,4994.96512296331,,3.9079460933076464,Tradução,2715.593888777534,3.399127547783239,83.93638104745733,14.969092461865309
Qwen,RECRIAR,INGLÊS,1.3597904954584474,832.4079123165035,,2.4472160519413104,Tradução,2715.593888777534,3.399127547783239,-69.34711350778504,-28.00458301315357
Qwen,RECRIAR,MANDARIM,1.618440580100989,1058.2895553965493,,3.855511492395565,Tradução,2715.593888777534,3.399127547783239,-61.029167145719484,13.426502483261027
Qwen,RECRIAR,RUSSO,2.818437866028839,4111.67196477157,,4.937218124939931,Tradução,2715.593888777534,3.399127547783239,51.40967807312682,45.249569353752776
Qwen,RECRIAR,ÁRABE,2.974500478506935,5222.375063517451,,5.092797771942312,Tradução,2715.593888777534,3.399127547783239,92.31060598197114,49.826615810978026
Qwen,RELATAR,PB NATIVO,1.57882594320497,7051.791839299744,,3.3362791256837934,Tradução,7051.791839299744,3.3362791256837934,0.0,0.0
Qwen,RELATAR,ESPANHOL,1.655298034832526,19555.742873820996,,3.653176241175757,Tradução,7051.791839299744,3.3362791256837934,177.3159406781769,9.498519265141315
Qwen,RELATAR,FRANCÊS,1.6593641037173616,2468.040429663768,,2.894629556002233,Tradução,7051.791839299744,3.3362791256837934,-65.00122967457234,-13.237788357742442
Qwen,RELATAR,GALEGO,1.8122612697300635,10457.655623343162,,3.784578077398279,Tradução,7051.791839299744,3.3362791256837934,48.297849137611905,13.43709368509758
Qwen,RELATAR,INGLÊS,1.2813079648142245,1420.4652220386038,,2.2680275491834854,Tradução,7051.791839299744,3.3362791256837934,-79.85667679351609,-32.019250675896686
Qwen,RELATAR,MANDARIM,3.5068321448559905,3200.1829396886174,,5.510584254557811,Tradução,7051.791839299744,3.3362791256837934,-54.6188683299761,65.17155930196274
Qwen,RELATAR,RUSSO,2.982332398705397,6277.912972398511,,4.976868909338224,Tradução,7051.791839299744,3.3362791256837934,-10.974215979949875,49.174236382820055
Qwen,RELATAR,ÁRABE,3.4844581861017905,5221.046009067612,,4.956177006876592,Tradução,7051.791839299744,3.3362791256837934,-25.961427562699136,48.55402741102453
Sabia,CAPACITAR,PB NATIVO,1.8912500100786735,9.921362622112232,,1.0349833522162952,Tradução,9.921362622112232,1.0349833522162952,0.0,0.0
Sabia,CAPACITAR,ESPANHOL,1.793831520824714,8.954383372424862,,0.9248136413779424,Tradução,9.921362622112232,1.0349833522162952,-9.74643591327078,-10.644587722347154
Sabia,CAPACITAR,FRANCÊS,1.7766659859907876,8.552630753212794,,0.9077924148303704,Tradução,9.921362622112232,1.0349833522162952,-13.795805284335415,-12.289177126719997
Sabia,CAPACITAR,GALEGO,1.9240570372692445,29.449173456980752,,1.5232560411982965,Tradução,9.921362622112232,1.0349833522162952,196.8258955815799,47.17686404679095
Sabia,CAPACITAR,INGLÊS,1.4104885718698057,12.1893983050871,,0.8760041930256797,Tradução,9.921362622112232,1.0349833522162952,22.860122841594197,-15.360552307453101
Sabia,CAPACITAR,MANDARIM,1.7465531589934398,32.37611163487371,,2.117306942713111,Tradução,9.921362622112232,1.0349833522162952,226.32726842092703,104.57400963785037
Sabia,CAPACITAR,RUSSO,2.9058815165386505,36.31497692426721,,2.113690552398192,Tradução,9.921362622112232,1.0349833522162952,266.02811838900254,104.22459432530698
Sabia,CAPACITAR,ÁRABE,2.604617861541844,57.884021522351794,,2.5119872987738385,Tradução,9.921362622112232,1.0349833522162952,483.4281411440683,142.70799075122446
Sabia,COMPARTILHAR,PB NATIVO,2.2049623111363013,11.949655366057108,,1.2109706829738145,Tradução,11.949655366057108,1.2109706829738145,0.0,0.0
Sabia,COMPARTILHAR,ESPANHOL,2.041837204624033,12.081400935174534,,1.1845203852722097,Tradução,11.949655366057108,1.2109706829738145,1.1025051776107908,-2.1842227952744486
Sabia,COMPARTILHAR,FRANCÊS,2.0458298115350995,12.054819474454872,,1.2175959523485858,Tradução,11.949655366057108,1.2109706829738145,0.8800597605223226,0.5471040272008398
Sabia,COMPARTILHAR,GALEGO,2.189177053004004,40.39949867774808,,1.8827657788215924,Tradução,11.949655366057108,1.2109706829738145,238.08086877971814,55.47575224513543
Sabia,COMPARTILHAR,INGLÊS,1.672169118093592,12.981868672586492,,1.0380367021048866,Tradução,11.949655366057108,1.2109706829738145,8.638017372964391,-14.280608383041038
Sabia,COMPARTILHAR,MANDARIM,1.8918321085350585,30.81848134422923,,2.143014310058708,Tradução,11.949655366057108,1.2109706829738145,157.90267920001156,76.96665494791732
Sabia,COMPARTILHAR,RUSSO,3.0424484090325747,39.22448624958993,,2.357331141835252,Tradução,11.949655366057108,1.2109706829738145,228.24784521406986,94.66459221343723
Sabia,COMPARTILHAR,ÁRABE,2.743855497168177,94.2822901480676,,2.936666270242464,Tradução,11.949655366057108,1.2109706829738145,688.9958936880777,142.50514992079007
Sabia,EXPLICAR,PB NATIVO,1.9199983324687155,8.707341104421864,,0.9214070419526704,Tradução,8.707341104421864,0.9214070419526704,0.0,0.0
Sabia,EXPLICAR,ESPANHOL,1.9397969317451031,8.893743257514707,,0.95431385531806,Tradução,8.707341104421864,0.9214070419526704,2.1407471104833764,3.571365516770153
Sabia,EXPLICAR,FRANCÊS,1.9172111127796083,8.158320892882362,,0.9085922396221952,Tradução,8.707341104421864,0.9214070419526704,-6.305256736303722,-1.3907862374611168
Sabia,EXPLICAR,GALEGO,2.0624636703222574,25.42061809653625,,1.5042034820383798,Tradução,8.707341104421864,0.9214070419526704,191.9446682021777,63.25070392892067
Sabia,EXPLICAR,INGLÊS,1.6102268782880675,10.282020910183286,,0.8727224072384597,Tradução,8.707341104421864,0.9214070419526704,18.08450808205675,-5.283727223425261
Sabia,EXPLICAR,MANDARIM,1.8962196305912855,27.64717608413192,,2.085821891823999,Tradução,8.707341104421864,0.9214070419526704,217.51571177212531,126.37355662093373
Sabia,EXPLICAR,RUSSO,3.124275868255743,30.780612942758285,,2.023510232486136,Tradução,8.707341104421864,0.9214070419526704,253.50186209113724,119.61089294454044
Sabia,EXPLICAR,ÁRABE,2.677881182382015,44.16447529551363,,2.3954279324045884,Tradução,8.707341104421864,0.9214070419526704,407.20966097314727,159.9749972963234
Sabia,EXPLORAR,PB NATIVO,1.9387664462951573,9.683256320724436,,1.0283127615471228,Tradução,9.683256320724436,1.0283127615471228,0.0,0.0
Sabia,EXPLORAR,ESPANHOL,1.914050107155128,8.786074055564654,,0.9736736316691053,Tradução,9.683256320724436,1.0283127615471228,-9.2652950148557,-5.313473869157437
Sabia,EXPLORAR,FRANCÊS,1.881200085362819,7.815669486177433,,0.8942287480091179,Tradução,9.683256320724436,1.0283127615471228,-19.2867644177706,-13.039224888765567
Sabia,EXPLORAR,GALEGO,2.056837547615613,27.19567431280487,,1.5754775049414738,Tradução,9.683256320724436,1.0283127615471228,180.8525707886071,53.20995361091576
Sabia,EXPLORAR,INGLÊS,1.5435821872143192,10.85349976176644,,0.8656834343217694,Tradução,9.683256320724436,1.0283127615471228,12.08522631521598,-15.81516181717646
Sabia,EXPLORAR,MANDARIM,3.7130067922730343,14.820431104570083,,1.9798793209817296,Tradução,9.683256320724436,1.0283127615471228,53.05214086764274,92.53668679584901
Sabia,EXPLORAR,RUSSO,3.176591001648648,23.69552840067618,,1.9241481699111675,Tradução,9.683256320724436,1.0283127615471228,144.70619816148215,87.11701749341682
Sabia,EXPLORAR,ÁRABE,3.933964166878536,37.8382596083517,,2.4628852501820138,Tradução,9.683256320724436,1.0283127615471228,290.75966136896494,139.50740886231344
Sabia,FAZER,PB NATIVO,2.094443962209902,9.173245325913957,,0.9857287535681644,Tradução,9.173245325913957,0.9857287535681644,0.0,0.0
Sabia,FAZER,ESPANHOL,1.996055681149384,8.324736548488891,,0.9484726131810032,Tradução,9.173245325913957,0.9857287535681644,-9.24982105327622,-3.779552970561173
Sabia,FAZER,FRANCÊS,2.0848750839328685,7.299213868563808,,0.8977033062472589,Tradução,9.173245325913957,0.9857287535681644,-20.429317986908124,-8.929986773974974
Sabia,FAZER,GALEGO,2.1929080964660304,26.01517351255252,,1.4960544497934654,Tradução,9.173245325913957,0.9857287535681644,183.5983622836398,51.77141220422068
Sabia,FAZER,INGLÊS,1.6351376946763068,11.797660451222225,,0.8724352818387718,Tradução,9.173245325913957,0.9857287535681644,28.609450985622576,-11.493371915883566
Sabia,FAZER,MANDARIM,3.793645611572207,36.12295427092519,,2.1606569953855628,Tradução,9.173245325913957,0.9857287535681644,293.7859829048686,119.19386926315836
Sabia,FAZER,RUSSO,3.4072496291291223,80.84728577115087,,2.134326304654462,Tradução,9.173245325913957,0.9857287535681644,781.3378787849633,116.52267897518223
Sabia,FAZER,ÁRABE,4.732855378730871,41.35303627696599,,2.298102948918838,Tradução,9.173245325913957,0.9857287535681644,350.80050524917,133.13745699312415
Sabia,RECOMENDAR,PB NATIVO,1.850071824575666,8.082464747798468,,0.9159413197411774,Tradução,8.082464747798468,0.9159413197411774,0.0,0.0
Sabia,RECOMENDAR,ESPANHOL,1.7829473798574231,9.174864038993368,,0.9192205700593854,Tradução,8.082464747798468,0.9159413197411774,13.515670346628506,0.358019694878986
Sabia,RECOMENDAR,FRANCÊS,1.772185621037225,8.534892477095301,,0.8713110029573373,Tradução,8.082464747798468,0.9159413197411774,5.597645562513187,-4.872617472531049
Sabia,RECOMENDAR,GALEGO,1.9203715926723957,28.50170961968105,,1.4974481968569144,Tradução,8.082464747798468,0.9159413197411774,252.6363616673299,63.48735061761999
Sabia,RECOMENDAR,INGLÊS,1.3993849108731138,10.876672961788472,,0.8193679488501422,Tradução,8.082464747798468,0.9159413197411774,34.57123911058319,-10.543619859657005
Sabia,RECOMENDAR,MANDARIM,1.8263185431824904,23.0602383327483,,1.9648040515723115,Tradução,8.082464747798468,0.9159413197411774,185.31195683877905,114.51200084821123
Sabia,RECOMENDAR,RUSSO,3.1756149486175698,27.30018870998748,,2.0028259374088595,Tradução,8.082464747798468,0.9159413197411774,237.7705880798751,118.66312767446816
Sabia,RECOMENDAR,ÁRABE,4.257893004391142,26.5321977098386,,2.2142970949834204,Tradução,8.082464747798468,0.9159413197411774,228.26864747001264,141.75097762912654
Sabia,RECRIAR,PB NATIVO,2.0584486916236906,8.76096992293979,,1.1413908549863532,Tradução,8.76096992293979,1.1413908549863532,0.0,0.0
Sabia,RECRIAR,ESPANHOL,2.009113424566756,10.106931902458424,,1.1703223565662104,Tradução,8.76096992293979,1.1413908549863532,15.363161743020681,2.53475848816076
Sabia,RECRIAR,FRANCÊS,1.884622736343547,9.669247027326929,,1.0913149105871875,Tradução,8.76096992293979,1.1413908549863532,10.36731220830811,-4.38727401576775
Sabia,RECRIAR,GALEGO,2.0950472035689485,29.48496476856613,,1.7951005518675462,Tradução,8.76096992293979,1.1413908549863532,236.5490924853249,57.273079946746996
Sabia,RECRIAR,INGLÊS,1.609764405939654,10.619469183429803,,1.0095233809461588,Tradução,8.76096992293979,1.1413908549863532,21.213396197419932,-11.553226790289205
Sabia,RECRIAR,MANDARIM,1.8569458040116569,21.83705067922224,,1.980280269692569,Tradução,8.76096992293979,1.1413908549863532,149.25380261886235,73.49712073137698
Sabia,RECRIAR,RUSSO,3.0533760507576795,25.36786242831913,,2.1000579955591023,Tradução,8.76096992293979,1.1413908549863532,189.5554105475893,83.99113558555813
Sabia,RECRIAR,ÁRABE,3.3880651666725763,33.81219744023615,,2.395522092961315,Tradução,8.76096992293979,1.1413908549863532,285.94125693437246,109.87745630658274
Sabia,RELATAR,PB NATIVO,1.821215960353329,9.50064930570553,,0.9715906851957324,Tradução,9.50064930570553,0.9715906851957324,0.0,0.0
Sabia,RELATAR,ESPANHOL,1.8787634078756656,10.24078165970767,,0.9966760873800647,Tradução,9.50064930570553,0.9715906851957324,7.790334430696855,2.5818899426026
Sabia,RELATAR,FRANCÊS,1.8353472697539297,8.89475399290207,,0.9153808396194432,Tradução,9.50064930570553,0.9715906851957324,-6.377409514943311,-5.785342164428586
Sabia,RELATAR,GALEGO,2.0218765634009714,30.05117427168949,,1.5629639553416477,Tradução,9.50064930570553,0.9715906851957324,216.30653131931234,60.866502649392906
Sabia,RELATAR,INGLÊS,1.4333113306832514,13.458302157447616,,0.9297281528625504,Tradução,9.50064930570553,0.9715906851957324,41.6566565546773,-4.308659291515193
Sabia,RELATAR,MANDARIM,3.817070103163088,14.846102290591894,,2.011338891277721,Tradução,9.50064930570553,0.9715906851957324,56.264080621060295,107.01504470192869
Sabia,RELATAR,RUSSO,3.1548184856383075,22.685065902977374,,1.9144358706398643,Tradução,9.50064930570553,0.9715906851957324,138.77384769222104,97.04139817419002
Sabia,RELATAR,ÁRABE,3.91430555200576,53.56230740358614,,2.583547330901163,Tradução,9.50064930570553,0.9715906851957324,463.7752292511184,165.90902632837538
Tucano,CAPACITAR,PB NATIVO,1.3185910394623197,31.61629719129018,,1.0786147505856252,Tradução,31.61629719129018,1.0786147505856252,0.0,0.0
Tucano,CAPACITAR,ESPANHOL,1.6944193025369356,17.13591095080802,,1.1407272817721377,Tradução,31.61629719129018,1.0786147505856252,-45.800386278223904,5.75854642751632
Tucano,CAPACITAR,FRANCÊS,2.0554794203730027,12.983398886153203,,1.262493100482159,Tradução,31.61629719129018,1.0786147505856252,-58.93447354824987,17.047639094189893
Tucano,CAPACITAR,GALEGO,1.6120041754407255,59.07298215925525,,1.553936848644889,Tradução,31.61629719129018,1.0786147505856252,86.8434554554003,44.06782846249706
Tucano,CAPACITAR,INGLÊS,1.8281170977411203,12.65487391180733,,1.16847088757527,Tradução,31.61629719129018,1.0786147505856252,-59.97357364386884,8.330697956880172
Tucano,CAPACITAR,MANDARIM,1.7691787434487596,48.64075218504779,,2.395425882228953,Tradução,31.61629719129018,1.0786147505856252,53.84708680701418,122.08354567081301
Tucano,CAPACITAR,RUSSO,2.99776414082288,193.1460793132436,,3.205661568130985,Tradução,31.61629719129018,1.0786147505856252,510.906704680308,197.2017178877349
Tucano,CAPACITAR,ÁRABE,2.667048424051816,121.54516204625226,,3.049593491127297,Tradução,31.61629719129018,1.0786147505856252,284.4383208788161,182.73241112932533
Tucano,COMPARTILHAR,PB NATIVO,1.597947011361456,30.425348779039336,,1.1673577068832188,Tradução,30.425348779039336,1.1673577068832188,0.0,0.0
Tucano,COMPARTILHAR,ESPANHOL,1.985930609898564,20.783318534927577,,1.4307602713231542,Tradução,30.425348779039336,1.1673577068832188,-31.69077966578433,22.563997555060112
Tucano,COMPARTILHAR,FRANCÊS,2.178870884177861,19.40737893935621,,1.5807197982728194,Tradução,30.425348779039336,1.1673577068832188,-36.21312583694566,35.41006231014268
Tucano,COMPARTILHAR,GALEGO,1.909533207709072,66.31311873910244,,1.861133013861244,Tradução,30.425348779039336,1.1673577068832188,117.95352033823501,59.43125255328698
Tucano,COMPARTILHAR,INGLÊS,1.970059912728705,16.36450717254385,,1.3969877324968911,Tradução,30.425348779039336,1.1673577068832188,-46.214233100861925,19.67092213977597
Tucano,COMPARTILHAR,MANDARIM,1.886826366781707,45.703001296495785,,2.391076931791529,Tradução,30.425348779039336,1.1673577068832188,50.21356576192002,104.8281274619391
Tucano,COMPARTILHAR,RUSSO,3.019406584723997,176.0046693962976,,3.2497434111856864,Tradução,30.425348779039336,1.1673577068832188,478.48036738875754,178.38454246062446
Tucano,COMPARTILHAR,ÁRABE,2.741505486832329,139.7009725090966,,3.208013444810423,Tradução,30.425348779039336,1.1673577068832188,359.1598062643723,174.80980558869513
Tucano,EXPLICAR,PB NATIVO,1.3057898515838902,25.085918609676337,,0.9545888398877276,Tradução,25.085918609676337,0.9545888398877276,0.0,0.0
Tucano,EXPLICAR,ESPANHOL,1.8087252655273451,17.305521701710607,,1.1793062472893088,Tradução,25.085918609676337,0.9545888398877276,-31.01499701495729,23.540753674431294
Tucano,EXPLICAR,FRANCÊS,2.160302401753115,14.105000102478016,,1.2822320572943506,Tradução,25.085918609676337,0.9545888398877276,-43.77323660359272,34.3229675139674
Tucano,EXPLICAR,GALEGO,1.7307336238601991,48.323293491632,,1.5481802791053665,Tradução,25.085918609676337,0.9545888398877276,92.63114994318909,62.18294352649809
Tucano,EXPLICAR,INGLÊS,1.934199730566004,14.260920447104464,,1.2240599895242732,Tradução,25.085918609676337,0.9545888398877276,-43.15169131736069,28.229027867981248
Tucano,EXPLICAR,MANDARIM,1.869276919227579,42.97401778919821,,2.3438819661333725,Tradução,25.085918609676337,0.9545888398877276,71.3073316462963,145.53837926798354
Tucano,EXPLICAR,RUSSO,3.1729080579386,143.87466577324426,,3.020232091248328,Tradução,25.085918609676337,0.9545888398877276,473.5275953488416,216.390886321649
Tucano,EXPLICAR,ÁRABE,2.706050507428283,88.09758465549223,,2.8641382845811667,Tradução,25.085918609676337,0.9545888398877276,251.1834110053699,200.03894503082896
Tucano,EXPLORAR,PB NATIVO,1.3721425598436294,31.532889545635246,,1.0831954786439872,Tradução,31.532889545635246,1.0831954786439872,0.0,0.0
Tucano,EXPLORAR,ESPANHOL,1.817781448973716,16.03069019521037,,1.1980780714422223,Tradução,31.532889545635246,1.0831954786439872,-49.162000608887034,10.605896632993005
Tucano,EXPLORAR,FRANCÊS,2.1597989502080246,11.664352748805928,,1.217168741023274,Tradução,31.532889545635246,1.0831954786439872,-63.00893157309619,12.368336557959324
Tucano,EXPLORAR,GALEGO,1.7376298038079547,48.08488591649704,,1.583616246789908,Tradução,31.532889545635246,1.0831954786439872,52.49121348967181,46.198565080088706
Tucano,EXPLORAR,INGLÊS,1.925555963026498,11.75732284246576,,1.117637926265346,Tradução,31.532889545635246,1.0831954786439872,-62.71409625987416,3.1797074766667155
Tucano,EXPLORAR,MANDARIM,3.77795415021247,24.459932230198092,,2.398955043903353,Tradução,31.532889545635246,1.0831954786439872,-22.430412871617676,121.47018624066979
Tucano,EXPLORAR,RUSSO,3.2130448862976637,128.8685029647281,,2.994539628530009,Tradução,31.532889545635246,1.0831954786439872,308.6796510615563,176.45422156661544
Tucano,EXPLORAR,ÁRABE,3.837950850645777,85.8398362557463,,2.9661535566423307,Tradução,31.532889545635246,1.0831954786439872,172.22318503832827,173.83363530611757
Tucano,FAZER,PB NATIVO,1.4020522132270692,31.95955662522361,,1.0186212771123644,Tradução,31.95955662522361,1.0186212771123644,0.0,0.0
Tucano,FAZER,ESPANHOL,1.782728823649104,16.8117086570227,,1.155211238483713,Tradução,31.95955662522361,1.0186212771123644,-47.39692776665648,13.409297885329895
Tucano,FAZER,FRANCÊS,2.265928443173721,11.17548878923092,,1.2099212799770935,Tradução,31.95955662522361,1.0186212771123644,-65.03240354589015,18.780287351451697
Tucano,FAZER,GALEGO,1.792969055194026,47.3064316812934,,1.4923729403745944,Tradução,31.95955662522361,1.0186212771123644,48.019674478079246,46.50910735000977
Tucano,FAZER,INGLÊS,1.8790500283602172,13.086359490108732,,1.133509910843437,Tradução,31.95955662522361,1.0186212771123644,-59.053375979000556,11.27883702338952
Tucano,FAZER,MANDARIM,3.779312017418921,25.877772210679616,,2.377041348823964,Tradução,31.95955662522361,1.0186212771123644,-19.02962699346096,133.35869790217941
Tucano,FAZER,RUSSO,3.4266303749501525,131.60275213087593,,3.0105014817079288,Tradução,31.95955662522361,1.0186212771123644,311.7790295845669,195.5466913318599
Tucano,FAZER,ÁRABE,4.534949604894553,48.12548137044225,,2.6926284756187906,Tradução,31.95955662522361,1.0186212771123644,50.58244372658138,164.34049004473778
Tucano,RECOMENDAR,PB NATIVO,1.2720252510777494,24.66302409251066,,0.9627039823352412,Tradução,24.66302409251066,0.9627039823352412,0.0,0.0
Tucano,RECOMENDAR,ESPANHOL,1.7927015925501215,15.279970101955026,,1.16180111293445,Tradução,24.66302409251066,0.9627039823352412,-38.045026252092725,20.681033241002787
Tucano,RECOMENDAR,FRANCÊS,2.1403019889243837,11.45459452575532,,1.226682822854861,Tradução,24.66302409251066,0.9627039823352412,-53.5555960907742,27.420561809590048
Tucano,RECOMENDAR,GALEGO,1.6832669538259628,39.92823451406913,,1.4964401462340398,Tradução,24.66302409251066,0.9627039823352412,61.895128368276666,55.44135826717047
Tucano,RECOMENDAR,INGLÊS,1.859435429976433,12.26860277602102,,1.1718836555367271,Tradução,24.66302409251066,0.9627039823352412,-50.25507524948416,21.728348177606627
Tucano,RECOMENDAR,MANDARIM,1.8676603981194253,31.69277762051661,,2.214947292436313,Tradução,24.66302409251066,0.9627039823352412,28.503209913096782,130.0756341594736
Tucano,RECOMENDAR,RUSSO,3.325428686077591,119.44396090619772,,3.0424742539593286,Tradução,24.66302409251066,0.9627039823352412,384.3037920174147,216.03424414835874
Tucano,RECOMENDAR,ÁRABE,4.226870829923296,43.36251923049831,,2.5585543742148413,Tradução,24.66302409251066,0.9627039823352412,75.81996055246955,165.7675070594939
Tucano,RECRIAR,PB NATIVO,1.424031626301575,28.99076597300718,,1.2246083062745858,Tradução,28.99076597300718,1.2246083062745858,0.0,0.0
Tucano,RECRIAR,ESPANHOL,1.9390277138634384,21.46464526497865,,1.505994481504091,Tradução,28.99076597300718,1.2246083062745858,-25.96040654819529,22.97764712094088
Tucano,RECRIAR,FRANCÊS,2.092426020110885,17.38229744512468,,1.5245944856515457,Tradução,28.99076597300718,1.2246083062745858,-40.04195176730049,24.496500459771987
Tucano,RECRIAR,GALEGO,1.80656004391335,58.760100729499605,,1.847138353163855,Tradução,28.99076597300718,1.2246083062745858,102.68557506969688,50.83503383894927
Tucano,RECRIAR,INGLÊS,1.923521677028316,15.310562102382502,,1.4094299297630857,Tradução,28.99076597300718,1.2246083062745858,-47.18814219452527,15.09230523274423
Tucano,RECRIAR,MANDARIM,1.8542340516623144,36.11620537117733,,2.2562272834439776,Tradução,28.99076597300718,1.2246083062745858,24.57830677811179,84.24073002637944
Tucano,RECRIAR,RUSSO,3.115944824329731,106.73949555716815,,2.9795180210761987,Tradução,28.99076597300718,1.2246083062745858,268.18446141282203,143.30375727568529
Tucano,RECRIAR,ÁRABE,3.4261265989720844,67.11792900817366,,2.846142184584989,Tradução,28.99076597300718,1.2246083062745858,131.51485224869896,132.4124513938106
Tucano,RELATAR,PB NATIVO,1.2257261846647265,32.03665826624723,,1.0147773049178377,Tradução,32.03665826624723,1.0147773049178377,0.0,0.0
Tucano,RELATAR,ESPANHOL,1.792921910823699,17.92969980015948,,1.1882952606215682,Tradução,32.03665826624723,1.0147773049178377,-44.03380136857275,17.099116708939356
Tucano,RELATAR,FRANCÊS,2.182938324990232,11.46429265461224,,1.216101621021421,Tradução,32.03665826624723,1.0147773049178377,-64.21507961493398,19.83926080411147
Tucano,RELATAR,GALEGO,1.7332063086572362,49.71369881648298,,1.5491991738142272,Tradução,32.03665826624723,1.0147773049178377,55.17754193751132,52.6639555601472
Tucano,RELATAR,INGLÊS,1.8331432982238745,12.681374020931443,,1.1626049272016314,Tradução,32.03665826624723,1.0147773049178377,-60.41605239990926,14.567493928706131
Tucano,RELATAR,MANDARIM,3.8781331395131136,25.94093700567871,,2.467101057893541,Tradução,32.03665826624723,1.0147773049178377,-19.027331783199042,143.11748458872876
Tucano,RELATAR,RUSSO,3.296098259929212,108.0609139448292,,2.960171824572141,Tradução,32.03665826624723,1.0147773049178377,237.3039505143351,191.7065458821839
Tucano,RELATAR,ÁRABE,3.847093320512542,68.81860097424641,,2.720386871707173,Tradução,32.03665826624723,1.0147773049178377,114.81204563320956,168.07722822766831
