text,label,prediction,label_name,prediction_name
"Volta meu Presidente Bolsonaro, que saudades 🙏🇧🇷🇧🇷🇧🇷🇧🇷🇧🇷",0,0,não ofensivo,não ofensivo
"Esse deputado racista é um verme, verme este que, quando amassado com os pés ele fede. Tu, deputado, é tão pequeno, que se alguém cuspir no chão perto de você é bem capaz de mata-lo afogado.",1,1,ofensivo,ofensivo
Foi um desrespeito aos policiais. Policiais são heróis. Respeitem quem luta contra o crime. Babdido negro pode? Tenha dor!,0,0,não ofensivo,não ofensivo
A justiça com Lula vai a jato,0,0,não ofensivo,não ofensivo
Pegou o virus do molusc a Pepa ta doidaaaaaaa,1,1,ofensivo,ofensivo
Luladrão tem que voltar para Prisão em cela.comum NÃO sou obrigada pagar o Lixo desse MARGINAL VAGABUNDO VELHO BODE 🐐... Em cela com privilégios ahhh Não mesmo...,1,1,ofensivo,ofensivo
@alice.lavigne.3388 NOJO! por isso prefiro assistir o fantástico aos fins de domingo. Porque contém informações e conteúdos!,1,1,ofensivo,ofensivo
👏👏👏👏👏👏vc merece @fernandohaddadoficial vc é um homem e político especial te admiramos 👏👏👏👏💚💛😍😘,0,0,não ofensivo,não ofensivo
"PARABÉNS FLÁVIO BOLSONARO PELO EQUILÍBRIO , E PELA CONSIENCIA",0,0,não ofensivo,não ofensivo
❤️ Mulheres lindas e batalhadoras👏👏👏,0,0,não ofensivo,não ofensivo
@crisflorais orgulho de levar no rabicó ne,1,0,ofensivo,não ofensivo
Libera o Projeto de Lei do saque aniversário ❗❗❗,0,0,não ofensivo,não ofensivo
"Enquanto existir essa corja do STF e congresso, Bolsonaro não vonsegue governar.",1,1,ofensivo,ofensivo
"Ui, a Micheque-wannabe que defende golpistas chamando democratas de extremistas 😂😂😂😂😂😂😂 não sabe o significado nem de uma coisa nem de outra. Como todo g@d0 do pasto minion 👉🏼🐂🤣🤣🤣",1,1,ofensivo,ofensivo
Ministra do meu coração ❤️🇧🇷,0,0,não ofensivo,não ofensivo
Absurdo chamar essa Maria Ninguém de “pirralha”. Não se deve elogiar e dar mídia a um papagaio ambulante 🦜,1,1,ofensivo,ofensivo
"Que homens lindos 😍😍 maravilhosos, inteligentes, queridos!",0,0,não ofensivo,não ofensivo
Parabéns e OBRIGADO!,0,0,não ofensivo,não ofensivo
A pirralha acho que nem parou de mijar na cama ainda kkkkkk,1,1,ofensivo,ofensivo
Vou assistir já. Duas pessoas que gosto muito.,0,0,não ofensivo,não ofensivo
Eu considero tão desnecessário esse concurso! Mas representatividade foi importante!,0,0,não ofensivo,não ofensivo
"Que beleza de governo para os trabalhadores!! Era isso o que vocês da imbecil direita, que também são trabalhadores queriam?",1,1,ofensivo,ofensivo
Só esse Pernambucano no governo. .....tem igual não.,0,0,não ofensivo,não ofensivo
"Isso é uma nojeira...se crítica o governo é contra, o que ela fala é muita falcidade...esse tipo de soberba acaba na lama",1,1,ofensivo,ofensivo
Emocionante e impactante!!! Não tem o que comentar... Sim refletir cada ação!!!,0,0,não ofensivo,não ofensivo
Bandidagem pura,1,1,ofensivo,ofensivo
Haddad quero vê a faixa presidencial no seu peito,0,0,não ofensivo,não ofensivo
"""Vcs que fazem parte dessa massa"" 😞",0,0,não ofensivo,não ofensivo
🙌🏻Essas mãos maravilhosa.,0,0,não ofensivo,não ofensivo
Deus é contigo contra as invejas Deus é maior,0,0,não ofensivo,não ofensivo
👏👏👏👏👏👏👏👏👏 bravissímo!!!!!,0,0,não ofensivo,não ofensivo
"Imundo, cadê o presidente de merda pra falar q tá errado?? Vai tomar no cu mano eu fico revoltada com vcs, com a sociedade q votou em bosta, em um saco de bosta",1,1,ofensivo,ofensivo
"Bachelet, não tem o que fazer?Sugestão: vau catar coquinho!!!",1,1,ofensivo,ofensivo
"Brigou com a direita e não tem confiança da esquerda.. Quem sabe não é uma oportunidade para os brasileiros de bom senso, que não sejam alienados se unirem e mudar um pouco essa bosta que o Brasil se tornou..",1,1,ofensivo,ofensivo
Todo apoio a esse brilhante escritor.,0,0,não ofensivo,não ofensivo
"O Brasil entrando nos trilhos...Avante Brasil,muito obrigado Presidente Bolsonaro!!!🇧🇷🇧🇷🇧🇷",0,0,não ofensivo,não ofensivo
Esse pastor é um RATO!,1,1,ofensivo,ofensivo
Vao procurar o que fazer vão aprovar coisas mais importantes do que isso seus mequetrefes caras de pau,1,1,ofensivo,ofensivo
Eterno Presidente Bolsonaro. 👏👏👏👏👏👏,0,0,não ofensivo,não ofensivo
"🇧🇷🇧🇷🇧🇷🇧🇷🇧🇷 Maravilha! Bolsonaro 2022!!!!! Vamos mudar o rumo de nossas vidas pelo trabalho, pela honra, pela honestidade e pela ética. Apoio total ao governo. Vamos defender nosso país da quadrilha comunista.",1,1,ofensivo,ofensivo
"Meu Deus essa criatura só reclama, vc nao é deputada? Deputada tem que ter projetos mas vc só dica de fuxico e baixaria eu heim",1,1,ofensivo,ofensivo
❤️❤️🔥🔥👏👏 dia Histórico e Importante pro Brasil,0,0,não ofensivo,não ofensivo
"ESTE MUNDO ESTÁ PERDIDO, O QUE A GRETA CHUCKY FAZ PELA HUMANIDADE, NADA!!",1,1,ofensivo,ofensivo
"CAPIROTO cansado de derrotas resolveu atacar fantasiado na pele de ""líderes religiosos"", infiltrado em Igrejas frequentadas por gente de fé e do bem, em sua maioria. Vejam quanta pregação de ódio, ira, maldades, luxúria e apego ao dinheiro (só falam em dinheiro!) sai da boca dessa gente. E agora temos o CAPETA ELETRÔNICO por meio do rádio, da TV, do Twitter, do Facebook, do Instagram, do WhatsApp, Fake News! Belzebu, Lúcifer e Leviatã são amadores perto deles!",1,1,ofensivo,ofensivo
😝😝😝😝 CORJA MALDITA.,1,1,ofensivo,ofensivo
Não tem jeito pra essa gentalha da Globosta!,1,1,ofensivo,ofensivo
Muito legal. Imperdível,0,0,não ofensivo,não ofensivo
"Esse facista , racista e homofóbico ainda está vivo na política??? Vc não não me representa !!!",1,1,ofensivo,ofensivo
Esses aí dorme todo dia no colo do capeta! Jesus nao tem nada com essa corja nao.,1,1,ofensivo,ofensivo
VIVA Á DEMOCRACIA,0,0,não ofensivo,não ofensivo
Eu acredito na educação❤️❤️,0,0,não ofensivo,não ofensivo
Bolsolixo ouviu oq esse ser falou? Acho q não ele tá muito ocupado no Twitter postando merda !,1,1,ofensivo,ofensivo
A Globo e sua trupe de apresentadores não cansam de passar recibo de idiotas desonestos da desinformação. Aí tomam invertida ao vivo!🤣🤣🤣🤣,1,1,ofensivo,ofensivo
"Toma Otarios que votaram nele olha que Elle so fode os pobres os Rico's tem tudo sabe me dizer Qual foi o ato dele contra os Rico's ,?",1,1,ofensivo,ofensivo
A natureza dessa camarada é ser preconceituoso impressionante como o faz à todo tempo.,0,1,não ofensivo,ofensivo
"Dupla personalidade... ou desequilibrada mesmo... 3, 2, 1... hauahuahaua",1,1,ofensivo,ofensivo
"Que isso glr, vcs n sabem conversar sem ofender?",0,0,não ofensivo,não ofensivo
Que consciência tem essa garota!,0,0,não ofensivo,não ofensivo
"Esses filhos foram criados dessa maneira, falando o que pensam. Esquecem que estão no comando de uma grande nação. Precisam todos eles pensar melhor antes de falar.",0,0,não ofensivo,não ofensivo
Professor para presidente 👏👏👏,0,0,não ofensivo,não ofensivo
Como confiar em uma emissora que de todas as formas quer acabar com o governo e consequentemente com o país. Triste. Eles se perdem na própria mentira.,1,1,ofensivo,ofensivo
"O grupo é grande, com certeza tem mais políticos no meio.",1,0,ofensivo,não ofensivo
Estão querendo prender Lula de novo.,0,0,não ofensivo,não ofensivo
Mais fake que nota de 3 reais🤦🏻‍♂️,1,1,ofensivo,ofensivo
Denúncia esse sujeito escroto,1,1,ofensivo,ofensivo
Que top do lado do Paulo Freire 😍,0,0,não ofensivo,não ofensivo
Um moleque este filho do Bolsonaro @bolsonarosp sem cárter e moral pra falar do nosso país,1,1,ofensivo,ofensivo
Interna essa coisa,1,1,ofensivo,ofensivo
Isso é uma desgraça,1,1,ofensivo,ofensivo
"Por um lado eu acho desnecessário ficar um atacando o outro, MAS por outro lado acho necessário, pois SÓ assim ficamos sabendo o que a passa nos """" bastidores """".",0,0,não ofensivo,não ofensivo
"Esses Ministros abutres do STF, Se julgam acima de tudo e de todos.",1,1,ofensivo,ofensivo
"Onde uma, e mais mulheres fortes, determinadas e destemidas se unem, só vem vitória!",0,0,não ofensivo,não ofensivo
É outra HIPÓCRITA 😔😔😔,1,1,ofensivo,ofensivo
🤣🤣🤣🤣 Aham. Senta lá claudia. O molusco ta livre mas vive numa prisão. Não pode sair em público. Não pode ir num restaurante. Nao pode pegar um avião com o povão... Tá mais legal assim mesmo. Tá sofrendo na pela a prisão mental que ele se enfiou.,1,1,ofensivo,ofensivo
"Deputados, senadores quebram decoro, rasgam a constituição e nada acontece com vcs!",0,1,não ofensivo,ofensivo
Emocionante chamado à razão de nossa iludida e cìnica sociedade capitalista.,0,0,não ofensivo,não ofensivo
Esse bosta tem q voltar pra cadeia já!,1,1,ofensivo,ofensivo
"JAMAIS IRIA TORCER CONTRA O MEU BRASIL, MAS BEM FEITO PRA QUEM VOTOU NESSE PEDAÇO DE ESTRUME, EU VOU ME FODER, MAIS QUERO VER DE CAMAROTE ESSES BURROS SE FODEREM MAIS AINDA!",1,1,ofensivo,ofensivo
kkkkkkkkkk muito comovente,0,0,não ofensivo,não ofensivo
Fachin e Barroso ainda se salvam!,0,0,não ofensivo,não ofensivo
"@manueladavila mas pelo menos a cada ano, pq eu não resisto e assisto sempre, os organizadores vêm aumentando os momentos de fala e expressão de conquistas e personalidade das candidatas além da beleza... Ainda são muitas falas de efeito, c/ conteúdo ""midiático"", mas algumas estão muito sensatas e empoderadoras APESAR do contexto ""concurso de beleza""...",0,0,não ofensivo,não ofensivo
"Mas o q esperar da Globo lixo, e seus funcionários pagos pra lerem o script ?? Cabecinhas vazias..... 🇧🇷🇧🇷🇧🇷🇧🇷🇧🇷",1,1,ofensivo,ofensivo
VÃO TRABALHAR VAGABUNDOS,1,1,ofensivo,ofensivo
E graças as lutas de muitas o Miss Universo tá deixando de ser um concurso somente de beleza.,0,0,não ofensivo,não ofensivo
Ate quando SENHOR vamos ter que Suportar noticias sobre (recursos) e mais (recursos) deste Criminoso IMORAL e COVARDE? NÃO SUPORTO MAIS VER OU OUVIR QUALQUER TIPO DE ASSUNTO DESSE TIPO.,1,1,ofensivo,ofensivo
Ele rouba tbm? bandidos,1,1,ofensivo,ofensivo
"Pois é, nojenta!!",1,1,ofensivo,ofensivo
Tomar o diploma dele,1,0,ofensivo,não ofensivo
"Nunca houve isso no Brasil o Bolsonaro semeou está descriminação contra a os negros ,os gays, contra a todos. O quê que este homem aínda está fazendo no governo.",0,0,não ofensivo,não ofensivo
@lu_cianoramos vai se taxado em 92% pra respirar,0,1,não ofensivo,ofensivo
"Gente, precisamos de unidade!!!!🙌🙌🙌🙌🙌🙌🙌 A Carla é importante, a Joyce é importante, todos são! Nosso objetivo deve ser trabalhar pelo Brasil🙌🙌🙌🙌🙌",0,0,não ofensivo,não ofensivo
"Continuará sendo a diva das Américas e a única mulher eleita e reeleita presidente da república federativa do Brasil! Engulam isso, canalhas fascistas.",1,1,ofensivo,ofensivo
@bolsonarosp será que VCS podem fazer fotografia cartaz em tamanho grande do nosso Bolsonaro. Gostaria de ter um poster grande dele.,0,0,não ofensivo,não ofensivo
Dois lindos juntos 😍💕 @mattjon233,0,0,não ofensivo,não ofensivo
Os Robin Hood's do Brasil,0,0,não ofensivo,não ofensivo
Que imposto é nesse que será cobrado?,0,0,não ofensivo,não ofensivo
Sempre vejo as entrevistas dela. São TOP!,0,0,não ofensivo,não ofensivo
"Infeliz, desgraçado...",1,1,ofensivo,ofensivo
"Vai arregar pros pastores, Haddad? Vc realmente acha que eles vāo deixar de perseguir a esquerda?",1,1,ofensivo,ofensivo
Quem é essa ? Vai te catar...,1,1,ofensivo,ofensivo
Mulher IMBECIL,1,1,ofensivo,ofensivo
Ainda bem que Deus ta vendo o que ele prega e faz. Espero que ao menos no inferno ele coma muita bosta fervendo. Ser do diabo. (Não sou pastor...posso desejar mal pra caralho...👊😎👊),1,1,ofensivo,ofensivo
"@claudinho.novaes , sem sombra de dúvidas, juntos somos mais fortes! Abraços 🇧🇷",0,0,não ofensivo,não ofensivo
Essa mulher é perigosa e só olhar pra perceber...,1,1,ofensivo,ofensivo
Eleição passada foi Livramento! Glórias a Deus!,0,0,não ofensivo,não ofensivo
Corja de bandidos!,1,1,ofensivo,ofensivo
Rainha de ébano,0,1,não ofensivo,ofensivo
Parabéns presidente LULA pir mais um brilhante incentivo aos alunos da escola pública 👏👏👏👏👏👏,0,0,não ofensivo,não ofensivo
Tem que ir para a cadeia!!,1,1,ofensivo,ofensivo
Vamos torcer pra isso,0,0,não ofensivo,não ofensivo
O grupo pra fazer você ir pra o iferno,1,1,ofensivo,ofensivo
Bozo n faz o dele de presidente q se meter no país dos outros.,1,1,ofensivo,ofensivo
Quem rouba o pagador de impostos são vocês que desviaram dinheiro pra todo canto esquerda raça maldita,1,1,ofensivo,ofensivo
Cabra safado. vai se fuder.,1,1,ofensivo,ofensivo
Kkkkkkkkkkkkk piada e mais piada pqp,1,1,ofensivo,ofensivo
"Cooperação internacional, desenvolvimento, respeito às leis brasileiras, força e paz na luta, Ministro @fernandohaddadoficial",0,0,não ofensivo,não ofensivo
Mto impactante e emocionante.,0,0,não ofensivo,não ofensivo
"Sou seu fã mas vamos postar os FEITOS e CONQUISTAS. Os opositores, sem combustível, cansam.",0,0,não ofensivo,não ofensivo
É vergonha alheia atrás de vergonha alheia! Ainda bem que existem guerreiros com disposição suficiente para assistirem essas aberrações e nos manterem informados!,1,1,ofensivo,ofensivo
Caramba 😱 quem vai parar esse milionário debochado e tarado .,1,1,ofensivo,ofensivo
Que podre!!!!!@joicehasselmannoficial cada dia se afunda mais... sai enquanto é tempo. Para que está horrível.,1,1,ofensivo,ofensivo
"Vai se confirmando o que nós já sabíamos, presidente Lula e sua equipe fazendo o melhor governo da história.",0,0,não ofensivo,não ofensivo
"Grandes coisa, pro meu país não acarretou em nada",0,0,não ofensivo,não ofensivo
Trio maravilhoso!!!👏👏👏🙌,0,0,não ofensivo,não ofensivo
Nenhuma dúvida ...esse presidente tem horror ao povo.,1,1,ofensivo,ofensivo
Correta afirmação! Estao areimando argumentos e justificativas para os contrarios usarem de artificio para derruba los,0,0,não ofensivo,não ofensivo
Da lhe Benedita da silva,0,0,não ofensivo,não ofensivo
"Parabens ministro Fschin, se o sr pudesse mandar logo esse lulopetista logo para o presidio, seria muito bom mesmo",1,1,ofensivo,ofensivo
Rindo muito 😂😂😂😂😂😂😂😂😂,0,0,não ofensivo,não ofensivo
Por mais colégios militares espalhados pelo Brasil 👏👏👏👏👏👏👏👏👏👏👏👏👏👏👏,0,0,não ofensivo,não ofensivo
"Hitler, Stalin e Donald Trump já ganharam tbm...",0,0,não ofensivo,não ofensivo
Esta foto é demais. Dois grandes mestres .❤️❤️❤️❤️👏👏👏,0,0,não ofensivo,não ofensivo
Quando era amiguinha do presidente não fazia essas coisas.,0,0,não ofensivo,não ofensivo
Uma verdadeira absoluta 👏👏👏👏,0,0,não ofensivo,não ofensivo
@erichlotto programa pra hoje a noite 🥰,0,0,não ofensivo,não ofensivo
"Merecido, linda, linda 👏🏻👏",0,0,não ofensivo,não ofensivo
"Porque Bachelet faz parte da esquerda Hipócrita da América latina. Pergunte se ela tem pena de Cuba, Nicarágua ou da Venezuela. #MicheleBacheletHipócrita",1,1,ofensivo,ofensivo
Dupla imbatível nas argumentações inteligentes contra esse governo desgovernado que estamos pagando....aff,0,0,não ofensivo,não ofensivo
Quando acaba o dinheiro.. muitas vezes acaba o amor tb.. sobrando apenas a hipocrisia..,1,1,ofensivo,ofensivo
Não sofre não ministra! Segue os passos do mestre.,0,0,não ofensivo,não ofensivo
Esse é fera presidente!,0,0,não ofensivo,não ofensivo
Cadeia nesse vagabundo verme incitando violência cadê a lei de segurança nacional não funciona???,1,1,ofensivo,ofensivo
Kkkkkkk condenado por caixa 2 pqp nao da uma dentro,1,1,ofensivo,ofensivo
Só picaretas!!,1,1,ofensivo,ofensivo
Comemorando a invasão Nazista na Polônia? Hum...,0,0,não ofensivo,não ofensivo
"Lindos, parabéns👏👏👏👏 amo❤️",0,0,não ofensivo,não ofensivo
Vamos assistir.... adoro ela... temos que ouvir coisas boas e as verdades da política.🍀👏🦋👏🍀🦋,0,0,não ofensivo,não ofensivo
"A ministra é top , não estão acostumados c mulheres inteligentes 🇧🇷🇧🇷🙏🙏",0,0,não ofensivo,não ofensivo
Devia ter vergonha em falar a palavra honra,1,1,ofensivo,ofensivo
"O tombo vai ser grande, eu vou aplaudir de pé.",1,0,ofensivo,não ofensivo
Não consigo intender a força que estes demônios tem. Tá na hora de botar estes lixos pra fora,1,1,ofensivo,ofensivo
"Parabéns, a verdade sempre aparece 🙌🙌🙌🙌",0,0,não ofensivo,não ofensivo
Pelamos uma notícia boa 👏👏👏,0,0,não ofensivo,não ofensivo
Vixi... ta nisso ainda??? Bora gente... é preciso girar a engrenagem... muita gente querendo e precisando trabalhar....,0,0,não ofensivo,não ofensivo
"DEPUTADO NAO E O GABINETE do ÓDIO , MAS SIM DE UMA GRANDE JORNALISTA CANAL da LEDA NAGLE ! ENTREVISTA . PARABÉNS ! 👏👏👏👏👏💛👏👏🇧🇷👮‍♂️🇧🇷💚👮‍♂️💛👍👍👍👍🤝👮‍♂️🇧🇷👏👏VAMOS ASSISTIR ! TODOS ! 😂😂😂😂😂❤️😂😂😂😂😂😂😂👮‍♂️😂😂😂🇧🇷NÃO PERCAM !",0,0,não ofensivo,não ofensivo
Parabéns mulher do Brasil,0,0,não ofensivo,não ofensivo
"Noh coisa feia duas deputadas do mesmo partido , com essas brigas sem fundamento.",0,1,não ofensivo,ofensivo
"PSL , partido de bandido.",1,1,ofensivo,ofensivo
"Agradecer a Deus por colocar esses anjos para defender o povo honesto do Brasil, estamos juntos nessa luta, povo unido.Vomos nos unir em oração para que Deus proteja vocês.",0,0,não ofensivo,não ofensivo
"se falar A ESQUERDA RECLAMA, se não falar A ESQUERDA INVENTA...bora esquecer essa esquerda DUZINFERNOS e trabalhar meu povo!!!",1,1,ofensivo,ofensivo
É uma cara de pau mesmo... 😡,1,1,ofensivo,ofensivo
Lula livre para o bem da nação,0,0,não ofensivo,não ofensivo
Isso não passa de uma mera oportunista! #michelebachelet #oas não passa de uma múmia esquerdista ainda em atividade minha querida @carla.zambelli . Obrigado pelas informações de sempre 🇧🇷💙,1,1,ofensivo,ofensivo
Cambada de lixo humano...só se servem...não nos servem,1,1,ofensivo,ofensivo
Recebe dinheiro e depois tem pena do Brasil?!!! Devolve o dinheiro que recebeu.,1,1,ofensivo,ofensivo
Esse cara e um canalha,1,1,ofensivo,ofensivo
São os canalhas de SEMPRE,1,1,ofensivo,ofensivo
👏👏esse é o cara,0,0,não ofensivo,não ofensivo
"Eu quero mais mulheres na política, mas que não sejam iguais a você.",1,0,ofensivo,não ofensivo
Já era só falta Deus Apertar Reset novamente por que esse mundo aonde existe políticos não dá certo.,0,0,não ofensivo,não ofensivo
Vc fez inglês no fisk?,0,0,não ofensivo,não ofensivo
"Se tiver que lutar pelo futuro dos meus filhos e a melhoria do meu país , eu volto para as forças armadas sem salário e ajudo a combater a esquerdalha. #lulaterroristanacadeia",1,1,ofensivo,ofensivo
Ser mais escroto.,1,1,ofensivo,ofensivo
Até que enfim atitudes sérias sendo tomadas👏👏,0,0,não ofensivo,não ofensivo
❤️❤️❤️❤️❤️❤️❤️Eu amo muito você vs Experiência com todo meu Respeito a você. Parabéns parabéns parabéns parabéns parabéns parabéns parabéns parabéns parabéns parabéns,0,0,não ofensivo,não ofensivo
🤣🤣🤣🤣🤣ser desmentida ao vivo não tem preço!!!🤣🤣🔝🇧🇷,1,0,ofensivo,não ofensivo
Três mulheres lindas que nós representam 👏👏👏👏👏👏👏👏❤️❤️❤️,0,0,não ofensivo,não ofensivo
Porquê estão temendo.,0,0,não ofensivo,não ofensivo
O mineiro fala um dito popular muito bem aplicado aos filhos do Presidente: Quem fala demais da bom dia a cavalo!,0,0,não ofensivo,não ofensivo
Ministra imagino sua dor . Acredite que sua vitória está cada dia mais perto !,0,0,não ofensivo,não ofensivo
"O AMAZONAS AGONIZA MAIS UMA VEZ, AGORA É QUALIDADE PÉSSIMA DE AR RELACIONADA A FUMAÇA CONSEQUÊNCIA DAS QUEIMADAS PROMOVIDA PELA AÇÃO HUMANA. Os humanos destruindo nosso meio ambiente, os animais que lá habitam e nos sufocando com essa fumaça insuportável",0,0,não ofensivo,não ofensivo
Absurdo!!! Nojo desse babão tarado.,1,1,ofensivo,ofensivo
"Minha neta de 20 anos leu ano passado e me recomendou, ela contou que se emocionou com esse livro! Vou ler também!",0,0,não ofensivo,não ofensivo
Onde estão as mulheres???,0,0,não ofensivo,não ofensivo
Família. É Projeto de Deus na Terra.!!!!!,0,0,não ofensivo,não ofensivo
Que cara idiota,1,1,ofensivo,ofensivo
Impressionante! Me comovi por demais! Excelente!,0,0,não ofensivo,não ofensivo
"😂😂😂😂😂 cortaram ele na hora kkkk nem deixaram ele continuar explicando, Globolixo",1,1,ofensivo,ofensivo
Kkkkk bem afrontoso👏👏👏👏👏👏🙌,1,0,ofensivo,não ofensivo
"São as melhores escolas, parabéns meu presidente. O BRASIL está precisando de uma reforma em todos os sentidos. Queremos um novo BRASIL..💪🇧🇷🇧🇷🇧🇷🇧🇷🇧🇷🇧🇷🇧🇷🇧🇷🇧🇷🇧🇷🇧🇷🇧🇷🇧🇷🇧🇷🇧🇷🇧🇷🇧🇷🇧🇷🇧🇷🇧🇷🇧🇷🇧🇷🇧🇷🇧🇷🇧🇷🇧🇷🇧🇷🇧🇷🛐🛐🛐",0,0,não ofensivo,não ofensivo
Filhos de uma amada e bem aventurada; incentivando a desordem e o caos... mandar o Adélio botar chumbinho na cachaça que ele toma!,1,1,ofensivo,ofensivo
Faz parte do patriarcado brasileiro querem o que?? Homens nojentos que já veem meninas como mulheres.,1,1,ofensivo,ofensivo
Que lindeza de foto,0,0,não ofensivo,não ofensivo
"ELA DIZENDO QUE OS CAPITALISTAS LHES ROUBARAM A INFÂNCIA POR CAUSA DO AQUECIMENTO GLOBAL.. SE ELA SOUBESSE QUE LULA, O PT, O PMDB E CABRAL ROUBARAM ESCOLA, MERENDA, HOSPITAIS, REMÉDIOS DE TODAS AS CRIANÇAS BRASILEIRA.. ACHO QUE ELA NEM BOTAVA A CARA NA ONU....",1,1,ofensivo,ofensivo
Dos deputados e senadores que votaram a favor das #fakenews o @flaviobolsonaro foi um deles?,0,0,não ofensivo,não ofensivo
"Que representantes (PSL) são esses? Que tipo de ser representam??? Repúdio por esse ato racista, sim! Não há justificativa!",0,0,não ofensivo,não ofensivo
São uns idiotas bandidos . Deviam ser cassados . Ou estão com o Brasil e então fora com eles,1,1,ofensivo,ofensivo
O povo merece!,0,0,não ofensivo,não ofensivo
Ah tá com pena? Devolve o dinheiro do 🇧🇷,1,1,ofensivo,ofensivo
"Estaremos sempre com nossa Carla Zambelli,eu e minha família votamos nela e ela não nos decepcionou e ela sempre vai ter nosso apoio,e que Deus te abençoe 🙌🙌🇧🇷🇧🇷🇧🇷",0,0,não ofensivo,não ofensivo
"Se caducou, deve ser afastado e tratado. Não sabe o que fala.",1,1,ofensivo,ofensivo
JESUS CRISTO ESTA VOLTANDO,0,0,não ofensivo,não ofensivo
Ique importa mais? O lucro das industrias ou a saúde da populaçao?,0,0,não ofensivo,não ofensivo
Muito inteligente!👏👏,0,0,não ofensivo,não ofensivo
NAZISTINHA ESCROTO DO CARALHO,1,1,ofensivo,ofensivo
Não tô entendendo mais nada!😠,0,0,não ofensivo,não ofensivo
"@danielleloana que alegria ler esse comentário de uma petista, boquiaberta. 😮😍👏",1,0,ofensivo,não ofensivo
#foracomunismosocialismo🤬😠😡👊👊👊,1,1,ofensivo,ofensivo
É sério que estão comemorando a invasão dos nazistas????? Caramba...... Decepção!!!!!!!,0,0,não ofensivo,não ofensivo
Oq os comunistas postarem = VERDADEIRO. Oq a direita postar = FAKENEWS,1,1,ofensivo,ofensivo
"A Joyce só pode estar ""surtando""!!! 😱😱😱",1,1,ofensivo,ofensivo
Alexandre Garcia um dos jornalistas mais imparcial desse país. Você e correto não importa o presidente do país mas sim o que ele faz pelo nosso país. Você e um exemplo para esses jornalistas que estão iniciando na profissão de repórter.,0,0,não ofensivo,não ofensivo
"Então, pela pesquisa Datafalha o Haddad é presidente do Brasil, kkkkkk, Folha = sem crédito, hahahahaha",0,1,não ofensivo,ofensivo
CAPA DA TIME AGORA VIROU LIXO,1,1,ofensivo,ofensivo
O pior do mundo e o mestrado em economia de milho.,1,1,ofensivo,ofensivo
"@marcos_chuma_ Marcos eu já acreditei que o Tarso Genro não ia se candidatar para governador, não gosto que vc limite meu papel de trouxa na vida hahahahahahaha",1,1,ofensivo,ofensivo
"Sujeito desomano só pensa nele e na familia dele,mas eu creio Deus,diferente de que é falso com Deus",1,1,ofensivo,ofensivo
O Brasil irá por vcs,0,0,não ofensivo,não ofensivo
Recuperar o país???? Logo ele que o detonou?!!! Anti Cristo!!!,1,1,ofensivo,ofensivo
"Nojento, pilantra e picareta, ainda se pastor.",1,1,ofensivo,ofensivo
"A preservação da integridade da Amazônia é um grande desafio para o governo, e vale a pena ser encarado com planejamento e energia.",0,0,não ofensivo,não ofensivo
Queria compartilhar esse vídeo 🙏🏻,0,0,não ofensivo,não ofensivo
Vamos à luta todas juntas e misturadas ❤️❤️❤️❤️❤️,0,0,não ofensivo,não ofensivo
Chic esses filhos do mito 👏👏,0,0,não ofensivo,não ofensivo
Estamos juntos nessa luta 👏👏👏👏🇧🇷🇧🇷,0,0,não ofensivo,não ofensivo
Essa foto ficou bonita,0,0,não ofensivo,não ofensivo
PARABÉNS VEREADOR MOISÉS MARQUES O TRABALHO NÃO PARA NUNCA.,0,0,não ofensivo,não ofensivo
E ele sabe onde fica Roraima?,0,0,não ofensivo,não ofensivo
"@bolsonarosp o serpente do diabo ,da morte do noblat sempre fala no blog dele tic tac envolvendo vocês",1,1,ofensivo,ofensivo
Não tem credibilidade alguma!!!,1,1,ofensivo,ofensivo
"Que bom que,as máscaras estão caindo rápido.",1,1,ofensivo,ofensivo
Deus abençoe sempre você tenha uma ótima noite,0,0,não ofensivo,não ofensivo
"VÁ TRABALHAR MINHA SENHORA, PROPAGANDA NÃO LHE CAI BEM....",1,1,ofensivo,ofensivo
"A população está se lixando para opinião da imprensa internacional, deputada. É uma pirralha mimada patrocinada por esquerdopatas inescrupulosos com objetivos escusos que ficaram milionários. O presidente da República tem razão",1,1,ofensivo,ofensivo
Desgraçado fdp,1,1,ofensivo,ofensivo
Gosto muito! 👏👏👏👏👏👏❤️❤️,0,0,não ofensivo,não ofensivo
Vagabundo pinguço,1,1,ofensivo,ofensivo
PARABÉNS PRESIDENTE LULA PELO SEU TRABALHO VC É OBRA DAS MÃOS DE DEUS AMÉM ❤️👏👏,0,0,não ofensivo,não ofensivo
👏👏👏🇧🇷🇧🇷🇧🇷 esse cara me representa...,0,0,não ofensivo,não ofensivo
Olá Bom Dia Alexande Gacia com muita personalidade amor com Deus felíz Natal Saúde para você com a família 🌲,0,0,não ofensivo,não ofensivo
Tudi lixo e me admiro mães levando crianças lá 😩,1,1,ofensivo,ofensivo
"Que absurdo, STF não tem o que fazer ao não ser defender bandidos 😒",1,1,ofensivo,ofensivo
Ela está provando do próprio veneno. E vida que anda.,1,1,ofensivo,ofensivo
@fernandohaddadoficial Professor com o cabelo mais curto...💋,0,0,não ofensivo,não ofensivo
"Seja bem-vinda, Aniele Franco!",0,0,não ofensivo,não ofensivo
"Obrigado Eduardo Bolsonaro, Deus te abençoe sempre!🙏 Quem usa sabe o que isso significa...",0,0,não ofensivo,não ofensivo
Quem és esse que vos fala na fila do pão!!! Cadeia nessa gente.,1,1,ofensivo,ofensivo
Se elegeu as nossas custas,1,0,ofensivo,não ofensivo
@veronica_michelle_bachelett e a propina recebida pela OAS teve pena quando recebeu? #hipocrita #oportunista #voltapromaroferenda,1,1,ofensivo,ofensivo
Os dois homens que eu amo.,0,0,não ofensivo,não ofensivo
Porque a Imprensa nojenta não se manifesta ! A esquerda pode tudo né!? 😠,1,1,ofensivo,ofensivo
É comunista! Voces acham que ela não é igual ao ladrões do pt?,1,1,ofensivo,ofensivo
Tremenda falta de respeito. Sem um pingo de respeito.,1,1,ofensivo,ofensivo
Mais que merecido! Melhor ministro de educação que esse país já teve!,0,0,não ofensivo,não ofensivo
Condenado cale sua boca,1,1,ofensivo,ofensivo
Adoro ver isso! 👏👏👏😍😍😍😍😍😍,0,0,não ofensivo,não ofensivo
O Brasil que você não é o Brasil de 1800 sua analfabeta.,1,1,ofensivo,ofensivo
"HA UM ANO TÍNHAMOS A ESPERANÇA DE QUE IA LUTAR CONTRA O STF , LUTAR CONTRA TOMA LA DA CA , E A VELHA POLÍTICA !! PURO ENGANO !! TRISTE !!",1,0,ofensivo,não ofensivo
"Leda nagle , jornalista de conceito.👍👏👏👏",0,0,não ofensivo,não ofensivo
"Que esse coronelzinho seja responsabilizado e devidamente penalizado. Criatura desprezível, coronel de 💩.",1,1,ofensivo,ofensivo
Melhor coisa do mundo gente imparcial 😍,0,0,não ofensivo,não ofensivo
Quase não liberaram o meu comentário. Como o pessoal de direita consegue furar a bolha e dizer tanta baixaria?,1,1,ofensivo,ofensivo
amo mais que maçã <3,0,0,não ofensivo,não ofensivo
👏👏👏👏👏👏🇧🇷 o Brasil precisa de NÓS ❤️,0,0,não ofensivo,não ofensivo
"Essas pestes não valem nada, não são brasileiros 😡",1,1,ofensivo,ofensivo
Dois mmmm farinhas do mesmo saco,1,1,ofensivo,ofensivo
Só não está melhor ainda mais por conta do Congresso do STF.,0,0,não ofensivo,não ofensivo
Vamos em frente! 👏👏👏👏👏👏🇧🇷🙏,0,0,não ofensivo,não ofensivo
Amores da minha vida 😍🇧🇷💙💛💚🙏😘,0,0,não ofensivo,não ofensivo
O pior é o povo aplaudindo essa merda,1,1,ofensivo,ofensivo
Quem falou isso deve ser um global que não sai do armário 👊 e tem esse desejo👊 nessa hora que tinha que intervir aqui e botar um merda desse no pau. ...,1,1,ofensivo,ofensivo
DONA BACHELET A SENHORA DEVIA TER PENA E VERGONHA NA CARA VIM ROUBAR DINHEIRO DO POVO BRASILEIRO QUE FALTA DE VERGONHA SENHORA BACHELET,1,1,ofensivo,ofensivo
@prillamendes você disse tudo. Essa é a questão! E agora querem que Lula resolva??,0,0,não ofensivo,não ofensivo
"Imagino que o Senhor Jesus esteja decepcionado com certos cristãos, que professam serem homens de Deus",0,0,não ofensivo,não ofensivo
"Falou e falou e não falou nada, só vejo ódio na vida dela. nada vê essa menina 😂😂😂😂😂😂",1,1,ofensivo,ofensivo
ESTÁ AÍ EU JÁ NÃO ASSISTO FAZ TEMPO. MUITO DEBOCHADA.NÃO DÁ MAIS GLOBO TÔ FORA.,1,1,ofensivo,ofensivo
"A importância da democracia, das instituições, da Justiça e da @policiafederal @flaviodino e a luta da esquerda @psol50 @ptbrasil @pcdob_oficial e da imprensa e dos movimentos sociais para não deixar impune os mandantes milicianos de direita deste assassinato político contra uma mulher de luta e de esquerda, que lutava pelos pobres, favelados, trabalhadores, povo e democracia! MARIELLE VIVE!",1,0,ofensivo,não ofensivo
#midialuxo nojo dessa imprensa nacional,1,1,ofensivo,ofensivo
Homenzinho de última!,1,1,ofensivo,ofensivo
LULA é ladrão.,1,1,ofensivo,ofensivo
Só criminoso na foto,1,1,ofensivo,ofensivo
"@fernandohaddadoficial O SENHOR SERIA O PRESIDENTE , MAS BONITO, DEUS ABENÇOE..",0,0,não ofensivo,não ofensivo
Tem que criar escolas militares em todos Estados e municípios ..👏👏👊🇧🇷,0,0,não ofensivo,não ofensivo
👏👏👏👏👏🇧🇷🇧🇷🇧🇷vamos que vamos🙏,0,0,não ofensivo,não ofensivo
"Que triste! Mesmo elegível, não ganha eleição.",0,0,não ofensivo,não ofensivo
Essa é pior que o pai.,1,1,ofensivo,ofensivo
Essa gleisi tá bem doida,1,1,ofensivo,ofensivo
E verdade as pesquisas so ladeira abaixo. Inclusive no nordeste,0,0,não ofensivo,não ofensivo
Não se deve dar ouvidos a esse idiota!,1,1,ofensivo,ofensivo
@prestes.reh noooossa essa foi boa 👏👏👏👏,0,0,não ofensivo,não ofensivo
"Um babaca desse tipo tem a responder um processo sinistro, tirar até as cuecas de um miserável ordinário desses.",1,1,ofensivo,ofensivo
"Tomem trouxas , trabalhominions",1,1,ofensivo,ofensivo
Wawww 👏👏👏👏 já vou fazer a reserva no camarote,0,0,não ofensivo,não ofensivo
O quw se esperar destes seres das trevas !,1,1,ofensivo,ofensivo
Lula é um vagabundo safado,1,1,ofensivo,ofensivo
@solangemariamoreradasilva ia encher de radar novamente,0,1,não ofensivo,ofensivo
@cidacardoso.os que triste isso amiga olha,0,0,não ofensivo,não ofensivo
Esse cidadão está preparando o caminho para o Anticristo.,1,1,ofensivo,ofensivo
Meus @bolsonarosp fico muito feliz com o lindo trabalho de vcs em favor do Brasil 🇧🇷🇧🇷🇧🇷👏👏👏,0,0,não ofensivo,não ofensivo
Impressionante!!! De doer ouvir estas barbaridades !,1,1,ofensivo,ofensivo
"Será,,Kkkk,,,,vcs mentem tanto mais tanto,,,,,parabéns Bolsonaro senta lenha",1,1,ofensivo,ofensivo
Pelo menos uma boa noticia!,0,0,não ofensivo,não ofensivo
"Jornalistas babaca, somos todos Damares❤️❤️❤️",1,1,ofensivo,ofensivo
👏👏👏👏👏 esquerdopatas piram!!,1,1,ofensivo,ofensivo
@bolsonarosp 👉👉👉 opinião!!! Se pegarmos todo mês do contribuinte 1 real da luz /água/gás ... já teríamos milhões todos os meses ( para nossa Amazônia!!!) 👍🇧🇷😳todos os brasileiros estariam contribuindo com oque é nosso!! ( Amazônia),0,0,não ofensivo,não ofensivo
Meu Presidente Luiz Inácio da Silva sempre certo bjs,0,0,não ofensivo,não ofensivo
"Não tenha dúvidas, sem capim está sempre a sua disposição 😂😢",1,0,ofensivo,não ofensivo
Não sei se com 16 anos a Greta tem a mesma experiência de Amazônia que nosso presidente!!! Uma criança sempre sensibiliza a opinião pública neh?!? Acho de mau gosto usar este tipo de sentimento para fazer politicagem!!! Opinião minha!!! Respeitem nosso PRESIDENTE!!!,0,0,não ofensivo,não ofensivo
"Vc tem problema Gleisi, a maioria do povo Brasileiro que o Luladrao Preso.",1,1,ofensivo,ofensivo
Misericórdia socorro senhor 👉👌💩💩💩💩,0,1,não ofensivo,ofensivo
Meu Deus que perseguição é essa aos filhos do Presidente hein !!!,0,0,não ofensivo,não ofensivo
"Bandido bão é bandido morto, né?",1,1,ofensivo,ofensivo
Não preci@ de pesquisa isso mostra as urnas? Bolsonaro🇧🇷,0,0,não ofensivo,não ofensivo
4 anos de governo do bozó parecendo um caldeirão do infern0. Inelegível nunca mais!,1,1,ofensivo,ofensivo
O Leilane cala essa boca suja greluda,1,1,ofensivo,ofensivo
Parabéns presidente Jair Bolsonaro parabéns Brasil e nós,0,0,não ofensivo,não ofensivo
"Na verdade , acredito que isso foi jogada dele , para que os inimigos dessem as caras. E já começou a aparecer...",0,0,não ofensivo,não ofensivo
Velho depravado!,1,1,ofensivo,ofensivo
"Patrocínio da esquerda internacional, não tem fim a verba.",0,0,não ofensivo,não ofensivo
#forabolsonaro corrupto canalha,1,1,ofensivo,ofensivo
Muito cuidado com EU !!! 🔥 O diabo vem do norte...,1,1,ofensivo,ofensivo
Afinal o sítio não é dele kkkkkkkkkkkkk,0,0,não ofensivo,não ofensivo
"Coitada dessa menina, tem que crescer muito ainda. Foi fabricada e agora a exploram",1,1,ofensivo,ofensivo
Devia ter tido pena ANTES... bem ANTES 🤬,0,0,não ofensivo,não ofensivo
"QUEREMOS A VOLTA DE @jairmessiasbolsonaro VOLTA, O BRASIL TE AMA!",0,0,não ofensivo,não ofensivo
Lindos 🇧🇷 Orgulho do meu filho estudar no Colégio Militar de Brasília ❤️,0,0,não ofensivo,não ofensivo
💪🇧🇷🇧🇷novo Brasilllll,0,0,não ofensivo,não ofensivo
@fernandohaddadoficial Camisa do Sr. Professor Fernando aprovada... Desta vez. 😂💋,0,0,não ofensivo,não ofensivo
Por que você e a Janaína se calaram quando escutam o Lindbergh farias fazendo menção a desordem civil e quando a Gleisi fala que pessoas serão mortas ao tentarem prender o Lula?,0,0,não ofensivo,não ofensivo
"Os 14 anos do PT/Lula/Dilma de 2003 a 2016 , teve o maior crescimento de crimes violentos e assassinatos, onde se morreu mais negros, mulheres, pobres e minorias, eles têm culpa no cartório sim, por não fazer uma política de segurança pública eficiente.",1,0,ofensivo,não ofensivo
"Eu votei nesse gato, mas infelizmente o cão ganhou...",0,0,não ofensivo,não ofensivo
Brasil sem esperança!,0,1,não ofensivo,ofensivo
Own! Dois lindos!! ♥️♥️,0,0,não ofensivo,não ofensivo
"É muita beleza, sabedoria e empatia, numa pessoa só! Obrigado Manu, por ser tão bela assim 👏🙏",0,0,não ofensivo,não ofensivo
Deveriam deixar de besteiras.,1,0,ofensivo,não ofensivo
"Ele nao para , me impressiona a quantidade de pessoas que ainda pertencem a esse bloco que se auto intitula direita , sinceramente ...",1,0,ofensivo,não ofensivo
"Fiz bem em votar em te. Valeu o meu voto, mesmo que não ganhaste. Mas votei , em pessoa de bem. Votei em um professor com eu. E votaria outra vez.Feliz Natal.",0,0,não ofensivo,não ofensivo
"Paulinho que Deus te abençoe sempre, exemplo de pai que eu quero ser.",0,0,não ofensivo,não ofensivo
@joicehasselmannoficial cuida da sua imagem pare de dar manchetes para a esquerda ajude o nosso Presidente e pare porque sua Boca fala do que seu coração está cheio porque você não esquece o filho do Presidente e cuida de fazer a sua política e mostra para o povo o que o nosso Presidente 🇧🇷 está fazendo de bom.,0,0,não ofensivo,não ofensivo
Oiee poderia nos divulgar?❤️,0,0,não ofensivo,não ofensivo
Benedita não se altere porque esse ato cometido foi por gente que tem alma escura !,0,1,não ofensivo,ofensivo
Isso é pouco pra os otário q votou nele.,1,1,ofensivo,ofensivo
"Mais esquerdista, é melhor não, porque estamos querendo nos livrar desse câncer!",1,1,ofensivo,ofensivo
Muito triste. Deus honre essa mulher!!!,0,0,não ofensivo,não ofensivo
Amo você e sua família. Parabéns,0,0,não ofensivo,não ofensivo
Não acredito que ainda vai ter quem vote na Pepa!,1,0,ofensivo,não ofensivo
"@miriamdejesus_cps , agradecemos o apoio de todos vocês!",0,0,não ofensivo,não ofensivo
Vindo desta corja era de se esperar,1,1,ofensivo,ofensivo
"Ridículo e mentiroso. Nojento, abjeto. 🤮🤮🤮🤮🤮 #impeachmentdobolsonaro",1,1,ofensivo,ofensivo
Vamos cresçer sin...brasil vai dar certo,0,0,não ofensivo,não ofensivo
Que dia é o impeachment desse senhor mesmo? Já deu 💩💩💩💩💩💩💩💩💩💩💩💩💩💩,1,1,ofensivo,ofensivo
Esse é nosso presidente Bolsonaro ❤️😍🇧🇷👏👏 é cheque mate,0,0,não ofensivo,não ofensivo
"Hahahahaha olha isso, ele com certeza usa drogas não é normal",1,1,ofensivo,ofensivo
Deus é contigo ministra🙌🙌🙌,0,0,não ofensivo,não ofensivo
Boa Fachin,0,0,não ofensivo,não ofensivo
"PARABÉNS PARA O JORNALISMO SERIO, PARAB3NS AL3XANDRE GARCIA!! !PARABÉNS BRASIL!🇧🇷🇧🇷🇧🇷🇧🇷🇧🇷👏🇧🇷👏👏🇧🇷👏🇧🇷🤲🇧🇷🤲🇧🇷🤲🇧🇷🔰🌻🌷🌻🌷🌻👍👍🇧🇷👏🇧🇷👏🇧🇷👏🇧🇷",0,0,não ofensivo,não ofensivo
"@guilhermeribeiro7735 Vai se instruir um pouco! Caia fora, aqui ñ é lugar para pessoas como vc",1,1,ofensivo,ofensivo
"tem gente que acha normal , este velho virou um pedofilo na tv aberta, e tem gente que acha engraçado",1,1,ofensivo,ofensivo
Esse homem é o demônio,1,1,ofensivo,ofensivo
Já estou levantado capeta,1,1,ofensivo,ofensivo
"Eu quero ver se o Tramp perder, vai ser melhor ainda.",0,0,não ofensivo,não ofensivo
BOLSONARO E UM BANDIDO NÃO SEI QUE ESTA FAZENDO ESSES POLITICO QUE NÃO CAÇA ESSE TORTURADOR E CONDENA ELE POR CRIMINOSO DE GUERRA.,1,1,ofensivo,ofensivo
Esse Feliciano é um sujo carniceiro!,1,1,ofensivo,ofensivo
"Absurdo o que ele tem feito, alguém tem que fazer parar😮😮😮😮😮",1,0,ofensivo,não ofensivo
"Esses bostas da Globo, tentam a todo momento responsabilizar o atual governo, sobre tudo de ruim que acontece. Chega ser vergonhoso @jornaloglobo @globo_lixo2019 não percebem que o povo acordou e não dá mais créditos as suas falsas matérias.",1,1,ofensivo,ofensivo
Homenagem bem merecida!,0,0,não ofensivo,não ofensivo
😡😡😡 Gente o que o povo tá esperando pra tirar esse Satanás do poder meu Deus,1,1,ofensivo,ofensivo
SÓ A ESQUERDOPATIA NÃO VÊ ISSO...,1,1,ofensivo,ofensivo
"Joice concordo com vc, o presidente fica desacreditado com os comentários dos filhos, é uma pena.",0,0,não ofensivo,não ofensivo
mafioso..bandido..,1,1,ofensivo,ofensivo
"@adnbarross você já tem seu presidiário, porque quer outro?!",1,1,ofensivo,ofensivo
Vamos pra frente Brasil👏👏👏,0,0,não ofensivo,não ofensivo
Pirralha sem noção 🤮,1,1,ofensivo,ofensivo
Tem que pensar melhor antes de falar!!! Porque a esquerda pode falar o que quer ninguém diz nada (imprensa) Quando e do lado do Presidente ...qualquer coisa vira manchete! Então tem que ter muito cuidado mesmo!,0,0,não ofensivo,não ofensivo
"Cada coisa que aparece!!! Internacionarizaram a propina e a corrupção!!! Agora tem pena do Brasil, tem que ter pena dela mesmo, afinal ficou sem os recursos ilícitos!!!",1,1,ofensivo,ofensivo
"@vanfernandez.adv Sendo a senhorita, uma agente do Direito. AONDE exatamente, fica O PRINCÍPIO da IMPESSOALIDADE ou FINALIDADE, referido na constituição de 1988 (art. 37, caput)? Dentro da sua capacidade Intelectual, e saber jurídico.",0,0,não ofensivo,não ofensivo
Esse carniça 💩👿 podre 💩💩 🐍🐭🦑🚓🚓🚓🚓 essa praga tem fome de poder e dinheiro público roubado.,1,1,ofensivo,ofensivo
Esse miseravel nunca trabaalhou o tempo que passou como parlamentar so ia fazer baixaria e dormir sem se preocupar sempre no final do mês estava lá seus vencimentos sem fazer por ondem.,1,1,ofensivo,ofensivo
"ESSE VERME ENGANA OS JUMENTOS,E MENTE QUANDO CITA A BOLIVIA,POIS LA,É O MESMO POVO DE BEM QUE NÃO AGUENTAVA MAIS O AMIGUINHO DELE FERRANDO COM A NAÇÃO. MAIS UM MOTIVO PARA O POVO BRASILEIRO E O EXEECITO CRIAREM VERGONHA NA CARA E TOMAR-MOS UMA ATITUDE CONTRA ESSES LIXOS.",1,1,ofensivo,ofensivo
LA GRETA QUE LA PARIU,1,1,ofensivo,ofensivo
Quem é que vai julgar as fakes news ? Esse é o problema!,0,0,não ofensivo,não ofensivo
"QUANDO VAI ASSINAR UMA LEI PARA ACABAR COM OS CARTOES CORPORATIVOS? O PRESIDENTE NAO VE QUE CADA CARTAO É UMA TORNEIRA ABERTA PARA O GASTO DO DINHEIRO PUBLICO? PARA DIZER QUE FAZ ALGUMA COISA, CRIA UM IMPOSTO, SOBRE QUEM TRABALHA, NAO TIRA NADA DA CLASSE POLITICA!",0,0,não ofensivo,não ofensivo
Eu sou PT. Fora louco Bolsonaro,1,1,ofensivo,ofensivo
Não ficarão impunes a mão de Deus pesará sobre eles!,0,1,não ofensivo,ofensivo
quem tem que baixar a bola e tu Demoníaco...esse deserto de ideias que vc chama cabeça deve estar a serviço do bem de seus eleitores não convocando milícias das profunda dos infernos!,1,1,ofensivo,ofensivo
Lindo de ver que meu Rio Grande do Sul é Bolsonaro!,0,0,não ofensivo,não ofensivo
Cuidado porque óleo e água não se mistura... quem ficar em cima do muro só vai assistir...,0,0,não ofensivo,não ofensivo
Amamos Bolsonaro 🇧🇷🇧🇷🇧🇷👍 👏👏👏👍👍👍👍🥰🥰🇧🇷🇧🇷🇧🇷🇧🇷,0,0,não ofensivo,não ofensivo
"Parabéns presidente, no dia que agradar 100% deixo de votar em você.",0,0,não ofensivo,não ofensivo
❤️👏👏👏👏👏 Não vejo a hora de te vê Presidente!!! Esse dia será épico 👏👏👏👏👏,0,0,não ofensivo,não ofensivo
@carla_valeria54 e oq o Bolsonaro fez rapaz além de gastar nosso dinheiro. Ainda falava direito de ir e vir às estradas era um fiasco,1,0,ofensivo,não ofensivo
"VOCÊ TINHA DE TER PENA É QUANDO VÁRIOS BRASILEIROS MORRERAM NOS CORREDORES DOS HOSPITAIS PÚBLICOS POR CAUSA DAS ROUBALHEIRAS DOS CURRUPTOS, MAS VOCÊ VELHA CANALHA TAMBÉM FAZIA PARTE DO ESQUEMA SEGUNDO Á OAS 🐀🐀🐀🐀🐀🐀🐀🐀🐀🐀🐀🐀.",1,1,ofensivo,ofensivo
Tira o nome de Jesus da boca.,1,1,ofensivo,ofensivo
Eduardo é o cara 👏👏👏👏👏👏👏👏👏👏 Parabéns va em frente 👏👏👏👏👏👏 nos confiamos em você no seu potencial 🇧🇷🇧🇷🇧🇷🇧🇷,0,0,não ofensivo,não ofensivo
Pastor do demo,1,1,ofensivo,ofensivo
"Fecha a Globo,ela é um caminhão de fake News",1,1,ofensivo,ofensivo
Esse manifesta direitinho o caráter do pai dele. O pai das trevas.,1,1,ofensivo,ofensivo
Muito bom! Orgulho!,0,0,não ofensivo,não ofensivo
"Impactante! Caráleo como ousam?! Até onde vamos por dinheiro?? Até o ""fim""?",1,0,ofensivo,não ofensivo
"Mulher como você que queremos para nós representar! Forte, guerreira e muito inteligente admiração eterna.#somosumaso",0,0,não ofensivo,não ofensivo
@elizabethsavala Verdade!!!❤️❤️❤️❤️❤️,0,0,não ofensivo,não ofensivo
"PT VERGONHA MUNDIAL! TENHO VERGONHA DE TER TUDO UM PRESIDENTE LIXO COMO ESSE CARA CHAMADO LULA, NÃO RESPEITA NINGUÉM É NÃO MERECE NOSSO RESPEITO! É APENAS UM CONDENADO EM LIBERDADE PROVISÓRIA! #LULAVOLTAPTACADEIA",1,1,ofensivo,ofensivo
@ricardobedendo Vc ainda ñ caiu fora? Va seguir seu jegue!,1,1,ofensivo,ofensivo
A pertubada do ano!!!,1,1,ofensivo,ofensivo
"Cara, você tem noção de quem ordenou essa invasão da Polonia!?!?🙁😣",0,0,não ofensivo,não ofensivo
"Aqui na Bahia se chama ""CRENTE DO CU QUENTE""",1,1,ofensivo,ofensivo
Nojo 🙈🙉🙊sempre assim,1,1,ofensivo,ofensivo
Sempre gostei de Carla,0,0,não ofensivo,não ofensivo
Se fosse meu pai eu ja tinha interditado! Nojento,1,1,ofensivo,ofensivo
Já prestaram atenção que a Sra Joice anda postando bastante coisa da ex-futura amiga Janaína? Perdeu a carona do Presidente e do Doria. Será que a da Janaína será a próxima?,0,0,não ofensivo,não ofensivo
Quem vai desistir? POVO BRASILEIRO está com quem tem AMOR À PÁTRIA 😍💪💪💪💪🇧🇷🇧🇷🇧🇷🇧🇷,0,0,não ofensivo,não ofensivo
Esse presidente e um louko,1,1,ofensivo,ofensivo
"Quebraram a Placa de Marielle ao Vivo e a Cores, a Televisão Filmou, TODOS Assistiram, NINGUÉM fez Nada e os caras foram eleitos. Agora Isso !!! Realmente, é um Túnel SEM Luz no final 😭😭😭😭😭",0,0,não ofensivo,não ofensivo
"Quem tem pena é galinha, mas ela é uma VACA LOUCA.",1,1,ofensivo,ofensivo
"Amo meu Presidente Bolsonaro😍 além de inteligente, íntegro e direto 👏👏👏",0,0,não ofensivo,não ofensivo
"Eu concordo com essa legenda sim, tb sou contra essa objetivação do corpo feminino, mas temos que aplaudir essa conquista, um evento tão onde a branquitude sempre reinou",0,0,não ofensivo,não ofensivo
"Merecido, Professor.",0,0,não ofensivo,não ofensivo
Porquê ela é uma velha escrota de MERDA.. só isso,1,1,ofensivo,ofensivo
Só amigos que se cumprimentam assim 👏👏👏👏,0,0,não ofensivo,não ofensivo
Gente! Esse Brasil está sem rumo. Os vândalos é que manda,1,1,ofensivo,ofensivo
"Pra quem votou em BolsoNero meus parabéns ,vc é burro ,idiota ,alienado agora faz arminha e aceita que dói menos",1,1,ofensivo,ofensivo
E a esquerdalha PIRA..🤣😂😄😂😂🤣,1,1,ofensivo,ofensivo
"Quando a gente acha que uma pessoa não consegue ser mais zé ruéla do que já é, vem o cara e se supera.",1,1,ofensivo,ofensivo
Não precisamos ficar vendo a imagem disso.,0,0,não ofensivo,não ofensivo
Não concordo com isso. Isso é picuinha sua. E espero que você não faça nada. Se não tivesse brigado não faria nada. você parece criança. O deputado mais votado mais até que você. Não vou deixar de seguir você mais vou argumentar contra todas suas picuinhas.,1,1,ofensivo,ofensivo
Ricardo Coutinho você é o cara minha expiração 🙌🙌🙌,0,0,não ofensivo,não ofensivo
Só de pensar que perdemos esse presidente....💔,0,0,não ofensivo,não ofensivo
Bora ser honesto!👏,0,0,não ofensivo,não ofensivo
"EDUARDO UM BOM CANDIDATO A PRESIDENCIA DO BRASIL,MAS ESSE SISTEMA CORRUPTO BRAZUELANO NAO VAO ACEITAR. 😮",1,0,ofensivo,não ofensivo
"Tanto branco com alma negra. Todos deveríamos ser igual perante Deus , não é a cor da pele que nos faz diferentes e sim a cor da alma!!!! Ah essa Deus conhece bem!",1,0,ofensivo,não ofensivo
Será q o Bozo e seus filhos tb vão fraudar as eleições da Argentina??,1,1,ofensivo,ofensivo
Meu presidente lindo!!!,0,0,não ofensivo,não ofensivo
"Só mi 🇧🇷🇧🇷mim mi vão trabalhar para o povo, pra isso qe vcs foram eleitas 🇧🇷",1,0,ofensivo,não ofensivo
Grande Merda 💩💩💩💩💩💩,1,1,ofensivo,ofensivo
"Minha filha estudou em colégio militar a vida toda, desde o pré e sinceramente foi a melhor opção que nos fizemos. Só orgulho de completar a educação dela dentro do que é ter ordem e disciplina.",0,0,não ofensivo,não ofensivo
"Que horror, ele esta caducando🤯",1,1,ofensivo,ofensivo
"Engraçado que essas coisas eles aprovam rapidamente, podia se fazer uma pesquisa dos milhares de processos de gente comum, pessoas humildes, que aguardam decisão desses juízes, mais o foco deles, parece ser o de livrar esses bandidos políticos de serem presos ou continuar presos!",1,1,ofensivo,ofensivo
Menina insuportável,1,1,ofensivo,ofensivo
"Boa noite meu deputado , verifica por gentileza o fundo de contratação para imóveis minha casa minha vida da caixa , pois está sem verba já faz um mês .. todos os construtores e corretores estamos sofrendo muito com essa situação!!",0,0,não ofensivo,não ofensivo
Janaína porque vice quer calar o filho do presidente. Não é democracia?,0,0,não ofensivo,não ofensivo
O STF não é inteiramente PODRE! Tiramos as maçãs podres e teremos magistrados sérios e isentos.,1,1,ofensivo,ofensivo
Velho asqueroso 🤮,1,1,ofensivo,ofensivo
Enquanto isso o véio do baú dava um show de misoginia e racismo.,1,1,ofensivo,ofensivo
Parabéns querido! Merecido!👏👏👏👏😍,0,0,não ofensivo,não ofensivo
Exatamente só fala merda ....,1,1,ofensivo,ofensivo
👏👏👏 se candidata a presidente @bolsonarosp,0,0,não ofensivo,não ofensivo
Greta me lembra muito a Malala. São fios de esperança de que nossos filhos e netos ainda tem alguma chance de sobreviver num planeta que tá sendo destruído por uma geração que já está mais do que obsoleta,0,0,não ofensivo,não ofensivo
Globo lixo acabou fim..🤣🤣🤣🤣,1,1,ofensivo,ofensivo
Verdadeiro homem de bem 👏👏👏❤️❤️❤️ te cuida amigo... deus te abençoe,0,0,não ofensivo,não ofensivo
Vc é motivo de piada na grande mídia...se não fosse seu pai quem seria vc??? Ainda bem q só votei no seu pai...sou Brasil acima de tudo...sou verde e amarelo com muito orgulho... agora não tem como aceitar calado o q e sua galera quer fazer no Brasil,1,1,ofensivo,ofensivo
Os PTistas se fuderao muito,1,1,ofensivo,ofensivo
"Toma idiota útil, você poderia ter ficado sem essa vergonha.",1,1,ofensivo,ofensivo
"Benedita me representa, racismo é crime!",0,0,não ofensivo,não ofensivo
"Pode até ser, mas o Brasil precisa disso, o Brasil precisa de uma guerra, pra voltarmos as origens, sentimentos e a nos respeitar como pessoas e naçao",0,0,não ofensivo,não ofensivo
Esperando para assistir completo.,0,0,não ofensivo,não ofensivo
Cadê a Damares e a igreja para proteger as crianças ?,0,0,não ofensivo,não ofensivo
PIRRALHA E FUTURA BABACA FRUSTADA...SERÁ NO MINIMO UMA FEMINASI PELUDA...,1,1,ofensivo,ofensivo
Todos farinha do mesmo saco ...os que pensam q não são logo mais será... infelizmente 😠,1,1,ofensivo,ofensivo
"Iai? Lo#ca dos gatos!? Qual o argumento agora? Os presos são da base do Governo Lule todos os âmbitos, de deputado federal a o tribunal de Contas. Piu! Você irá ficar piu-piu. 😂😂😂",1,1,ofensivo,ofensivo
"Parabéns Eduardo. O povo precisa muito de vcs deputados do bem, que tem compromisso com o povo brasileiro 👏👏👏",0,0,não ofensivo,não ofensivo
"Ela é sim, competente, inteligente, mastenho muito estima e respeito muitos outros da direita. Gente maravilhosas! Amo os.",0,0,não ofensivo,não ofensivo
Ato em defesa da soberania nacional e popular. Em Brasília Lula Marques Lula 👏👏👏👏👏,0,0,não ofensivo,não ofensivo
Toma globo bosta sua lixo,1,1,ofensivo,ofensivo
É assim que covardes sem argumentos se “defendem”...,1,1,ofensivo,ofensivo
"PT nem em cena está, lulaaaa não governa desde 2014, seus bando de idiota",1,1,ofensivo,ofensivo
"Lamentável, deste jeito, 2022 não vai dar pra vc",0,0,não ofensivo,não ofensivo
"Disseram que houve renovação. Que nada, quem manda são os caciques corruptos de sempre.",1,1,ofensivo,ofensivo
"Esse cara é um lixo, que merda! 🤬🤯",1,1,ofensivo,ofensivo
Mds! Até quando vão permitir isso com as mulheres desse país?!!!,0,0,não ofensivo,não ofensivo
A lacradora perdeu o rumo !!! Bela broxada!!! 😂😂😂😂😂,1,1,ofensivo,ofensivo
Li.. e recomendo! 👏👏,0,0,não ofensivo,não ofensivo
Passando aqui para me divertir com os comentários,0,0,não ofensivo,não ofensivo
Grande - Fernando Haddad - pegou educação do Brasil na 36^ posição e deixou na 138^ posição - diz que construiu tantas universidades.,0,0,não ofensivo,não ofensivo
"Quanta gente se beneficiando com o uso da imagem de uma adolescente ,que nem sabe que e usada politicamente!!",0,0,não ofensivo,não ofensivo
Outra q não vou e essa Janaína fica em cima do muro o lado q tá ganhando e q ela vai,1,0,ofensivo,não ofensivo
"Joice tá com dor de cutuvelo, para com essa postura lamentável Joice. Se errou em alguma segue em frente, ñ precisa virar oposição ao governo.",1,1,ofensivo,ofensivo
Tem dinheiro... responde em liberdade 😡 lamentável,0,1,não ofensivo,ofensivo
"Obaaaaaa. Por na parede de casa... Espantar os mosquitos, baratas e outros insetos...",1,0,ofensivo,não ofensivo
"Lula não trabalha, só viaja, gasta o dinheiro do povo , aumentou os impostos,dorme e acorda pensando em Bolsonaro , tá precisando né de um psiquiatra, se ele não espirrar da presidência ,vai tirar os quatro anos só perseguindo Bolsonaro 😂😂🇧🇷🇧🇷",1,1,ofensivo,ofensivo
Um homem de Deus que nem o diabo quer .,1,1,ofensivo,ofensivo
🤣🤣🤣🤣🤣🤣🤣🤣🤣🤣🤣💩💩💩💩💩💩💩💩💩🤮🤮🤮🤮🤮🤮🤮🤮🤮🤮🤮🤮🤮🤮. Os três são farinha do mesmo saco!!!,1,1,ofensivo,ofensivo
Véio caduco não pode ser preso.,1,1,ofensivo,ofensivo
Crianças assediadas mais uma vez,0,0,não ofensivo,não ofensivo
Em qual o horário? Em que emissora? Me digam por favor!! Obg!!!,0,0,não ofensivo,não ofensivo
Carla Zambelli é uma guerreira!👏👏,0,0,não ofensivo,não ofensivo
"O MAIOR ERRO E DIZER QUE ELE ""DIZ""PORQUE NA VERDADE ELE NAO DIZ NADA, APENAS CAGA PELA BOCA..",1,1,ofensivo,ofensivo
"Pra esse malandro, igreja e política são um negócio como outro qualquer! Só o que importa é poder e grana!!!",1,1,ofensivo,ofensivo
"Tão novinha e já curtindo os benefícios esquerdistas pirralha esperta ,troxa é quem acredita nessas supostas pessoas preocupadas com o mundo.vai cagar no mato",1,1,ofensivo,ofensivo
"Filho da p........ volta Lula, só vc pra consertar tudo isso....",1,1,ofensivo,ofensivo
Olha ai a hipocrisia dessa mulher,1,1,ofensivo,ofensivo
"E os gados aplaudem as retiradas dos seus próprios direitos,n dá pra entender isso!!!",1,1,ofensivo,ofensivo
"Kkkkkkkkkkkkkkkkkkkkkkkkkkkkk, esses jornalistas podres da GLOBOLIXO tentam de toda forma boicotar o Governo Bolsonaro, só pra vocês saberem, o povo está vacinado contra vocês viu.",1,1,ofensivo,ofensivo
👏 parabéns Brasil estamos juntos,0,0,não ofensivo,não ofensivo
Se o Congresso ajudasse o Brasil já tinha decolado..,0,0,não ofensivo,não ofensivo
Postagem curiosa. Todos juntos numa Aliança pelo Brasil!!,0,0,não ofensivo,não ofensivo
Tadinha de você. A senhora só foi eleita por causa do bolsonaro. O país todo sabe disso,1,0,ofensivo,não ofensivo
"#congressocontraopovo, 🤬🤮tudo dentro do costume da Casa do Povo!🤮🤬 #congressoVERGONHA",1,1,ofensivo,ofensivo
Melhor Presidente da história do nosso país.👏👏👏👏👏🇧🇷,0,0,não ofensivo,não ofensivo
Haddad é a esperança de um Brasil melhor.,0,0,não ofensivo,não ofensivo
"@joicehasselmannoficial, tem um monte de homem solto ppr ai, e vc querendo pegar um casado? Vc não vale nada...tome tento mulher...deixe essa putaria e vá lavar uma trouxa de roupa que esse fogo passa...",1,1,ofensivo,ofensivo
Mídia pirralha...,1,1,ofensivo,ofensivo
@joell2553 porra velho a sua tá dando pra outro e trocando sua geriátrica 😂😂😂😂,1,1,ofensivo,ofensivo
"Parabéns pelo teu trabalho e teu engajamento, tão necessário ao contexto caótico em que temos vivido. És uma voz feminina importante no cenário atual. Gostaria apenas de trazer um ponto a respeito do Miss Universo. Hoje ele é bem mais do que um concurso de beleza. Tornou-se também um espaço de pleito, de posicionamento político, afinal como diz Focault, todo ser é político e, política se faz em todo lugar. Um beijo grande do extremo sul do Brasil ❤️",0,0,não ofensivo,não ofensivo
Nossos melhores Patriotas 🇧🇷💚💛🇧🇷 continuam lutando por todos nós 🙏 obrigado 🫂 por tudo que estão fazendo 👏 Deus abençoe a cada um 🙏💚💛💚💛💚💛💚💛💚💛💚💛💚🙏,0,0,não ofensivo,não ofensivo
Cada vez você se complica mais ficando contra o Presidente. Sinal que é contra a recuperação do nosso País...Fico triste pois admirava você Joice...Agora vejo que me enganei...Mesmo assim seja feliz...,0,0,não ofensivo,não ofensivo
Ela ganhou e vai continuar objetificada... Preguiça desses discursos 😔,0,1,não ofensivo,ofensivo
Ainda aplaudem uma carniça dessas...,1,1,ofensivo,ofensivo
Lei da mordaça,0,1,não ofensivo,ofensivo
Lula nosso futuro presidente 💜💜,0,0,não ofensivo,não ofensivo
👏👏👏16 anos o PT roubando o Brasil. Como vocês se atrevem?,1,1,ofensivo,ofensivo
A mãe dele não ensinou que não poderia comer as próprias fezes. Deu nisso... Até a boca se moldou no formato de um ânus...,1,1,ofensivo,ofensivo
"Sinonimo de pirralha.. criança ,,, faz coisa de criança,,, pensa como criança... É só isso gente.. kkkkk... Nao tem maldade nenhuma",1,1,ofensivo,ofensivo
Esse peste do fala merda 😈,1,1,ofensivo,ofensivo
Que maravilha!! Graças a Deus!!,0,0,não ofensivo,não ofensivo
Homem de reputação ilibada e saber jurídico.👏👏👏👏👏,0,0,não ofensivo,não ofensivo
"Os números da economia está mostrando o crescimento, aliás surpreendeu até a equipe do ministério da economia, vamos em frente👏🇧🇷",0,0,não ofensivo,não ofensivo
"Chega ser nojento,",1,1,ofensivo,ofensivo
E aí você descobre que uma adolescente de 16 anos tem um discurso mais maduro intelectualmente e contributivo para o mundo do que o presidente do seu país.,0,0,não ofensivo,não ofensivo
"Viva Bolsonaro! Moro Herói Nacional!! Recorde de empregos, menor taxa Selic, maior infraestrutura, privatização! Viva o Novo Brasil!!",0,0,não ofensivo,não ofensivo
Viva o Nosso Presidente Lula 🙌🙌🙌🙌O melhor de todos os tempos 🙌🙌🙌🙌🙌,0,0,não ofensivo,não ofensivo
"Tô com meu presidente, está Maria mijona quer meter o bedelho no país dos outros, por que ela não investe toda essa força pra reflorestar o país dela, falar do país dos outros é fácil, agora tá todo mundo preocupado com o nosso verde e outras coisas mais, acho que se ela não nos encher é melhor, manda ver presidente, nós te apoiamos.",1,1,ofensivo,ofensivo
"Feliz em ver todos vocês juntos! Em 2022, nada de vaidades pessoais. Vamos escolher a melhor chapa para retomar nosso país, certo?",0,0,não ofensivo,não ofensivo
Nojento!!!! Ninguém vai fazer nada??? Vai ficar por isso mesmo???,1,1,ofensivo,ofensivo
Representatividade é tudo! Mulher inteligente e empoderada! Torci e amei a sua vitória!❤️,0,0,não ofensivo,não ofensivo
"Sepulcro Caiado, arrumadinha por fora, pois bonita bem de longe e podre por dentro",1,1,ofensivo,ofensivo
Meu filho tirou foto contigo!!! Obrigada pela atenção!!!,0,0,não ofensivo,não ofensivo
"Se essa esquerda lesse bíblia, saberia oq irá acontecer com eles no grande dia do acerto de contas com o Eterno",1,1,ofensivo,ofensivo
Professor: 2800 reais entrar na alíquota do IR é muita sacanagem. Até pq vc sabe que com menos de 3 pau por mês mal da pra sobreviver a depender de onde se vive.,0,1,não ofensivo,ofensivo
Aceitar comentários de Minions é de uma grandeza absoluta... só por isso tem meu voto eternamente,1,0,ofensivo,não ofensivo
👏👏👏👏 ESSE é o escolhido do povo e nem tem condiçao de negar. 😂😂😂😂😂😂💪🏻💪🏻💪🏻👊🏻🤛🏻👏🏻👏🏻👏🏻👏🏻👏🏻👏🏻👏🏻,0,0,não ofensivo,não ofensivo
E um viva à esquerdalha!!!!!!,1,1,ofensivo,ofensivo
Cruz credo. vai para o quinto dos infernos,1,1,ofensivo,ofensivo
"Viva nossa, ministra temos orgulho de ter você como nossa ministra e porque não dizer viva a nossa pastora Damaris Alves grande mulher grande ministra grande pastora orgulho do nosso Brasil orgulho da família brasileira",0,0,não ofensivo,não ofensivo
Eu adoro a @ledanagleoficial! Ela sim faz jornalismo de verdade!👏👏👏👏👏👏,0,0,não ofensivo,não ofensivo
Parabéns querido Haddad.👏😍,0,0,não ofensivo,não ofensivo
Essa dupla ❤️,0,0,não ofensivo,não ofensivo
"@drisarggin parece que ele não sabe com quem mexeu, o Cara é o cara , um dos mais influentes e poderosos do Mundo, perto dele só tem os sheiks árabes , o cara ganha dinheiro por dia o que AM não faz no ano......quem é ele perto do Elon, fora que esse infeliz não tem o mínimo da inteligência dele ,tá na cara ! Eu vou assistir com 🍿🍿 e ☕😋🔥 😂😂😂",1,1,ofensivo,ofensivo
Parabéns Bolsonaro Parabéns Você me representa Parabéns Brasil Parabéns Parabéns Bahrein Parabéns,0,0,não ofensivo,não ofensivo
Haddad era pra ser nosso presidente.nossa Amazonia nao.estaria .morrendo mas um louco faze.o.que🙏😍😍❤❤,0,0,não ofensivo,não ofensivo
Cara pálida devolve o dinheiro a propina para o Brasil então,1,1,ofensivo,ofensivo
"Podemos mudar de sistema, não de planeta. Baita discurso da Greta.",0,0,não ofensivo,não ofensivo
Luladrão é o encardido! Esse cara é insuportável e não desiste! Louco! Ridículo!,1,1,ofensivo,ofensivo
Os filhos do Presidente só criam problemas .... corta a mesada deles ....,0,1,não ofensivo,ofensivo
Kkkkkkkkkk.....pra vc não é problema..... nunca trabalhou mesmo..... sempre atoa e mamando nas tetas governamentais.....,1,1,ofensivo,ofensivo
Oh diabo doido!,1,1,ofensivo,ofensivo
"@lee_eid olha esse vídeo, desse vagabundo, o que a esquerda quer para nosso país!! Gostaria muito que visse, não seja enganada 😘",1,1,ofensivo,ofensivo
Ridicula e fraca jornalidta global.Cultura alguma.Conhecimento algum.Repete o que lhe mandam.Falta de caráter,1,1,ofensivo,ofensivo
@elisangeladejesuss_ vendendo nosso rabo pra China? Hahahaha. Petista é tudo iludido.,1,1,ofensivo,ofensivo
Que absurdo! Já basta! Esse país tá uma bagunça. Não se respeitam mais a leis. Esse cara com o apoio do Bozo tá se achando...,1,1,ofensivo,ofensivo
Conversa pra boi 🐄 dormir!,1,1,ofensivo,ofensivo
Nele até agora o Brasil pode confiar!! 🇧🇷🇧🇷🇧🇷,0,0,não ofensivo,não ofensivo
Essa Ministra enfrenta a violência que tb é verbal com mãos de ferro👏👏,0,0,não ofensivo,não ofensivo
Essa guria e uma babaca 😈😈😈,1,1,ofensivo,ofensivo
#LULADAPAZ 💙🇧🇷 #haddad forte e inteligente na pasta!,0,0,não ofensivo,não ofensivo
Esse criminoso é uma aberração.,1,1,ofensivo,ofensivo
Maravilhosa!! Feminista !! Negraaaa!!! 🌹,0,0,não ofensivo,não ofensivo
E A SOLIDARIEDADE COM A NORA DO LULA????,0,0,não ofensivo,não ofensivo
"Manuela estamos mais do q felizes com o acontecido na Argentina!!!!! Te admiro muito,um beijo desde Cordoba Argentina !",0,0,não ofensivo,não ofensivo
Com todo respeito... esse Homem é muito lindo,0,0,não ofensivo,não ofensivo
Parabéns pelo retorno do BF 👏👏👏👏👏👏,0,0,não ofensivo,não ofensivo
E Isso tudo em nome de Jesus 🤦‍♀️,0,0,não ofensivo,não ofensivo
Bolsonaro chegou na hora certa para livrar o Brasil da situação crítica que estava.👏🇧🇷 e segue a mudança! 🇧🇷,0,0,não ofensivo,não ofensivo
"@fernandohaddadoficial Então, queremos saber se já foi feita a correção da tabela do IRPF pra esse ano? Pq ano passado foi feita uma pequena correção e quem ganha até 2.640,00 (dois salários mínimos) ficou isento de pagar o IR e esse ano quem ganha 2.824,00 reais (dois salários mínimos) está isento de pagar o IR ou não foi feita a correção da tabela do IRPF????",0,0,não ofensivo,não ofensivo
A imprensa que queremos👏👏🇧🇷,0,0,não ofensivo,não ofensivo
Vai faltar cadeia kkkkk,1,1,ofensivo,ofensivo
Espero muito que o efeito seja o contrário: todo mundo lendo e amando ler Tenório!,0,0,não ofensivo,não ofensivo
Ele está certo. Vai ter um monte de argentino faminto invadindo aqui,1,0,ofensivo,não ofensivo
Governo de demônios,1,1,ofensivo,ofensivo
"Que terror! Meu Deus que desumanidade!!! Como um homem desse ainda é ouvido por alguém!? Como alguem ainda ousa contratar seus ""servicos"" de jornalista ainda!? Só alguém q é igual a ele, alguém asqueroso, desumano e cristofobico! 😡😡",1,1,ofensivo,ofensivo
E o pior é que ele ganhou no estado e mesmo que tivesse perdido era dever dele respeitar!😒😒,0,0,não ofensivo,não ofensivo
"@joicehasselmannoficial TOLA, MESQUINHA E ARRUINADA.",1,1,ofensivo,ofensivo
Que vontade de dar um abraço nos dois! ❤️,0,0,não ofensivo,não ofensivo
"Estou sem palavras... Já acho foda, ver o cabelo afro como moda (a palavra foda saiu para não digitar emocionado) e agora isso.... Lindo lindo",0,0,não ofensivo,não ofensivo
"Lixo, ainda fala em nome de Deus esse demônio!!",1,1,ofensivo,ofensivo
A ONU é pior esquerda que temos no mundo atualmente.,1,1,ofensivo,ofensivo
Isso é pastor do demônio,1,1,ofensivo,ofensivo
"Parabéns Professor HADDAD, você merece a receber, a Medalha ao Mérito Farroup!!",0,0,não ofensivo,não ofensivo
"Erga sua cabeça, estamos com vossa excelência nesta luta.",0,0,não ofensivo,não ofensivo
"Olha esse discurso, amor @andreluizm",0,0,não ofensivo,não ofensivo
"Toda foto sua com freixo aquece meu coração. Quero ver o senhor aqui no Rio, ano que vem!!",0,0,não ofensivo,não ofensivo
E ainda tem gente que fala que é mimimi,1,1,ofensivo,ofensivo
Fogo 🔥 nele,1,1,ofensivo,ofensivo
"Ai5 é meus ovos , entrevista de qualidade de gente sem cérebro🍊🍊🍊🍊🍊🍊🍊🍊",1,1,ofensivo,ofensivo
Só foi eleita porque apoiou o Bolsonaro. Vai caçar o que fazer!!!,1,0,ofensivo,não ofensivo
Parabéns Leda vc esta fantástica!,0,0,não ofensivo,não ofensivo
Que luxo!!! Dois amores 😍😍,0,0,não ofensivo,não ofensivo
"E o pior... a mãe da menina ficou sorrindo. Será que achou engraçado, ou sorriu desconcertada?",0,0,não ofensivo,não ofensivo
"Essa mocinha tem que se preocupar com a fome na África, a mutilação de mulheres na África e com mortes de cristãos na África e Oriente e parar de nos encher o saco, e vc Joice pare de dar ibope pra essa mocinha e de indiretamente atacar a fala do presidente.",1,1,ofensivo,ofensivo
🤣🤣🤣🤣🤣🤣 Mais uma com coragem que apenas falou a verdade 🇧🇷🇧🇷🇧🇷🇧🇷,0,0,não ofensivo,não ofensivo
"Eai ministro? Quase um mês que autorizou o desconto dos carros mas o site não funciona pra faturar os pedidos. 15 dias carro parado na concessionária, a gente precisanfo do carro pra trabalhar",0,0,não ofensivo,não ofensivo
Cachorra safada o Brasil tá sob nova direção,1,1,ofensivo,ofensivo
"Que absurdo, não sei como tem gente q assiste esse cara, e ainda acham graça 😔",0,0,não ofensivo,não ofensivo
Esse miliciano é uma peste!,1,1,ofensivo,ofensivo
❤️❤️❤️ Bene disse tudo. Esse ignóbil faltou aulas de História.,0,1,não ofensivo,ofensivo
Eu não consigo dar play no vídeo de tanto nojo que sinto!,1,1,ofensivo,ofensivo
Parabéns e muitas bençãos na vida de Bolsonaro!!!🙏🇧🇷,0,0,não ofensivo,não ofensivo
Noja comprando a inocência dessas meninas! 😠😠😠🤮🤮🤮🤮🤮🤮🤮🤮,1,1,ofensivo,ofensivo
Vcs são bandidos sua pilantra vcs roubaram saquearam o país,1,1,ofensivo,ofensivo
Cuidado ao defender uma militante de esquerda. Ela se apegou a uma causa que nao tem soluçao. Há muito por tras da farça que ela se expõe.,1,1,ofensivo,ofensivo
O bom é saber que ele esta com 74 anos e em breve capota.,1,1,ofensivo,ofensivo
Que as escolas sao militarizada,0,0,não ofensivo,não ofensivo
Que discurso!👏👏 Sorte nossa ter vcs nos representando diante desse caos todo,0,0,não ofensivo,não ofensivo
É isso aí Senador 👏👏👏🇧🇷👊🤝,0,0,não ofensivo,não ofensivo
"Estamos em um grande barco a remo metade 50% rema para frente 25% não rema 25 % rema para trás ,e culpa do Presidente, não, somos nós brasileiros devemos remar ele apenas põe ordem na embarcação ,por favor Brasil temos muitos brasileiros que não fazem nada pra melhorar estamos no mesmo barco ,perde um perde todos ou tô errado?",0,0,não ofensivo,não ofensivo
"Querem nos amedrontar, não podemos aceitar isso. Vou continuar postando normalmente.",0,0,não ofensivo,não ofensivo
Desfazem tudo que o presidente Bolsonaro faz !!! Que sentido faz ?,0,0,não ofensivo,não ofensivo
Parabéns pelo trabalho e por serem voz por nós brasileiros.🇧🇷🇧🇷🇧🇷,0,0,não ofensivo,não ofensivo
"Meu presidente, é lindão!❤️🔥😍👏",0,0,não ofensivo,não ofensivo
"E o dinheiro também por debaixo dos panos, esse pastoreco dizendo que financiou esse ato, tem que investigar a máquina de roupa suja que está por trás dessa manifestação.",1,1,ofensivo,ofensivo
Deus nos livre desse mal!!!,1,1,ofensivo,ofensivo
Artigo 142 nestes ratos corruptos STF bandidos safados vagabundos canalhas abutres crápulas do STF derrubar está corte criminosa do Brasil,1,1,ofensivo,ofensivo
A caminhada é difícil mas a vitória é certa! Deus no comando ❤️🇧🇷 vc's estão trabalhando certinho! Quanto + eles tentam atrapalhar + o povo está do lado do bem! Deus abençoe grandemente a vida de todos..,0,0,não ofensivo,não ofensivo
Até que ponto chegaram estes doentes.,1,1,ofensivo,ofensivo
Viva Freire!!!!,0,0,não ofensivo,não ofensivo
Pq é uma PILANTRA do mesmo NÍVEL BAIXO de LULADRÃO E DIMANTA!,1,1,ofensivo,ofensivo
Esses gados aqui tudo cego,1,1,ofensivo,ofensivo
Manda ela capinar uma roça e vai vc tbm,1,1,ofensivo,ofensivo
"Nosso Amado Presidente ONTEM HOJE E SEMPRE, BOLSONARO PRESIDENTE",0,0,não ofensivo,não ofensivo
@alexandrepereira8396 Viu sua foto no meio deles?,0,0,não ofensivo,não ofensivo
Nojento isso. Da náuseas😍,1,1,ofensivo,ofensivo
"Essa entrevista vou assistir por sua causa Deputado, quanto ao Queiróz já tem gente para se preocupar por mim 😂😂. Avisa se vai sair na quinta-feira mesmo. 👉🇧🇷",0,0,não ofensivo,não ofensivo
"Porque vocês não fazer propostas do tipo reduzir número de partidos. Dois de esquerda um de centro e dois de direita. Outra proposta diminuir números de municípios, e os pequenos colocarem como distrital de outra cidade mais próxima é maior, acabar com cargos de vice-governador e vice-prefeito",0,0,não ofensivo,não ofensivo
Quem joga óleo e@pt esquerda todo vai pagar por isto não come peixe que pecado cai quem sujou mar de óleo,1,1,ofensivo,ofensivo
Essa revista é de quinta categoria. Não serve nem pra fazer fogueira.,1,1,ofensivo,ofensivo
Vejo este momento como uma representatividade necessária...viva!!!,0,0,não ofensivo,não ofensivo
@gilberttsantos pra quem vive de doação sim meu querido!,0,0,não ofensivo,não ofensivo
Aonde esta mesa de negociação da carreira dos servidores federais da educação?,0,0,não ofensivo,não ofensivo
Sem nem nos seus comentários essa opinião não é maioria imagina no Brasil kkkkkk,0,0,não ofensivo,não ofensivo
"@sandra.bomfimbarbosa espero que os dentistas, técnicos em saúde bucal, TPDs e suas respectivas famílias respondam nas urnas nessas eleições municipais e nas próximas da mesma forma que obtemos respostas para nossas reivindicações.",0,0,não ofensivo,não ofensivo
Torcendo por vcs e esperança em um Brasil nos trilhos novamente 🙏🏻,0,0,não ofensivo,não ofensivo
Ela é santa e perfeita kkkkk,0,0,não ofensivo,não ofensivo
"Divulguem o nome do jornalista, tem que ser levado a justiça, cadeia nele.",1,1,ofensivo,ofensivo
Lula na cadeia já !!!,1,1,ofensivo,ofensivo
@bolsonarosp o câncer do noblat sempre fala no blog dele tic tac sobre a chata da Marielle !envolvendo vocês,1,1,ofensivo,ofensivo
Bando de canalhas.,1,1,ofensivo,ofensivo
Última eleição votei nas duas nas próximas não votarei em nenhuma das duas taokey.,0,0,não ofensivo,não ofensivo
Lindíssima! Parabéns!,0,0,não ofensivo,não ofensivo
"Amo a Leda, ela é incrível! Grande profissional!",0,0,não ofensivo,não ofensivo
Toma abestada.😂😂😂,1,1,ofensivo,ofensivo
Vocês me representam. ❤️,0,0,não ofensivo,não ofensivo
Que seja condenado,1,1,ofensivo,ofensivo
Parabéns presidente Lula!!!!,0,0,não ofensivo,não ofensivo
Líder @renataabreu1919 fazendo do PODEMOS um partido gigante...se vier será muito bem vinda @joicehasselmannoficial 👏👏👏,0,0,não ofensivo,não ofensivo
Deveria recolher impostos em quem votou nele !,0,0,não ofensivo,não ofensivo
"Hoje mesmo, assim que chegar em casa vou abrir uma bem gelada e assistir.",0,0,não ofensivo,não ofensivo
É nós companheira!!,0,0,não ofensivo,não ofensivo
"Tem que divulgar a lista dos parlamentares que derrubaram o veto, e o povo tem que fazer barulho e nas próximas eleições derrubar a todos eles nas urnas, é hora de dar um basta em tudo isso.",0,0,não ofensivo,não ofensivo
"🐷🐷🐷 Acho q vai ser o último mandato, se perdeu, egocentrismo. Vá com Deus p/ PSDB 🐷",1,1,ofensivo,ofensivo
"Quem está na frente de tudo é Deus, e agindo Deus Quem impedirá!!🙏",0,0,não ofensivo,não ofensivo
Se prender a turma do lula que passa o dia soltando mentiras. Como o caso do @brasil_247 que só mente,1,1,ofensivo,ofensivo
Haudad nós estamos esperando🇧🇷🇧🇷🇧🇷🇧🇷🇧🇷🇧🇷,0,0,não ofensivo,não ofensivo
Legítimo bosta esse loco....,1,1,ofensivo,ofensivo
"Moro em Portugal a anossssss, e todo esse MIMIMI brasileiro, pq o Presidente chamou GRETA de pirralha, não afetou a imprensa internacional. Eu acrescentaria: pirralha, chata e manipulada. A Europa vê essa adolescente, que esse ano não frequentou a escola ( para espanto da maioria), com certa desconfiança o que há por trás de tudo isso, quem financia viagens e o próprio sustento de GRETA e pais??? Pois os pais deixaram de trabalhar para acompanhar a ninfeta prodígio!!!!",1,1,ofensivo,ofensivo
Parabéns aos envolvidos! Faz arminha e grita mito.,1,0,ofensivo,não ofensivo
🇧🇷🇧🇷mostra tua força BRASIL 🇧🇷🇧🇷JUNTOS SOMOS INVENCÍVEIS 🇧🇷🇧🇷🇧🇷🇧🇷,0,0,não ofensivo,não ofensivo
"Meu presidente, parabéns! Deus o abençoe! Minha filha de 6 anos te adora e faz aniversário no mesmo dia que o senhor. 😍 21/03 dia dos arianos de personalidade @bolsonarosp",0,0,não ofensivo,não ofensivo
O maior homem do país,0,0,não ofensivo,não ofensivo
Lula é muito inteligente !!! 😍👏🇧🇷🇧🇷🇧🇷,0,0,não ofensivo,não ofensivo
Que maravilha! Imaginemos os milhões gastos com compra de deputados o que poderia ser feito nos hospitais do país.,0,0,não ofensivo,não ofensivo
"Esses traíras, só pendurando pelas bolas e deixar lá, até encostar no chão....🤦‍♂️",1,1,ofensivo,ofensivo
"MUITO BEM FACCHIN , NAO DA MOLESA PARA ESSE LOUCO , PSICOPATA, BEBADO. CADEIA PARA ELE.",1,1,ofensivo,ofensivo
Podemos ter opiniões diferentes e realizar um debate de país digno e honesto para o futuro. @joicehasselmannoficial sou de Centro-esquerda e concordo contigo!,0,0,não ofensivo,não ofensivo
Bando de safado e bandido!!,1,1,ofensivo,ofensivo
"Vou morrer na prisão, #ptnuncamais",1,1,ofensivo,ofensivo
Pelo menos esse cafajestes será julgado e condenado,1,1,ofensivo,ofensivo
E eu tenho pena de vc sua ridícula.,1,1,ofensivo,ofensivo
Quanta merda. E galera escuta e nem pensa se tá certo.,1,1,ofensivo,ofensivo
Dois grandes ❤️,0,0,não ofensivo,não ofensivo
Vc é uma merda caroneira,1,1,ofensivo,ofensivo
@bolsonarosp não perco por nada! 🔥,0,0,não ofensivo,não ofensivo
Lula é bandido muie bota isso nessa tua cabeça cheia de merda,1,1,ofensivo,ofensivo
"Forte demais, Manu! Sinto muito por mais essa. Hoje dei entrevista pra um tcc, falei de vc e suas contribuições pra proteger as que vieram depois de ti. De verdade, muito obrigada!",0,0,não ofensivo,não ofensivo
"Projeto do George Soros, patrocinador da esquerda no mundo.",0,0,não ofensivo,não ofensivo
"Certo, só que Cristina é tudo, menos de eaquerda, sem falar que é super corrupta. Não sei quem é pior, Macri, ela ou Bostonaro.",1,1,ofensivo,ofensivo
"Avante direita, o Brasil está precisando de mais ações do que narrativas, 🇧🇷🇧🇷🇧🇷🇧🇷🇧🇷",0,0,não ofensivo,não ofensivo
Isso não tem fim 🤦‍♀️,0,0,não ofensivo,não ofensivo
Ou quando o Brasil estava sendo saqueado pelo PT? ?,1,1,ofensivo,ofensivo
"Querem roubar a nossa Amazônia!!! Ja saquearam as Américas e a África, agora querem a cereja do bolo!!! Amazônia é nossa!🇧🇷 @manueladavila",1,1,ofensivo,ofensivo
🇧🇷JAIR MESSIAS BOLSONARO🇧🇷 O VERDADEIRO PRESIDENTE DO BRASIL 🙌🇧🇷🙌,0,0,não ofensivo,não ofensivo
Que lixo de mulher. Não sabe nem falar. Tenho vergonha de ter sido governado por uma mulher dessas.,1,1,ofensivo,ofensivo
Vcs sao doentes!,1,1,ofensivo,ofensivo
"Se a gente fosse acreditar e concordar no que a grande mídea pensa, jamais votariamos no Bolsonaro. Vocês tem que entender que o senso crítico de hoje é bem difirente, assim como sabemos que Greta é uma imagem funcional, os interesses são outros.",0,0,não ofensivo,não ofensivo
"Falei e falo sempre, já passou da hora de dar um pau nesses esquerdistas.",1,1,ofensivo,ofensivo
Professor estamos contigo nós te amamos.,0,0,não ofensivo,não ofensivo
Vermes parasita,1,1,ofensivo,ofensivo
"Nosso presidente Bolsonaro, faz a diferença! 👏👏👏👏👏👏👏👏👏👏",0,0,não ofensivo,não ofensivo
Haudad até hoje a ficha não caiu 😓😓😢,0,0,não ofensivo,não ofensivo
Nunca desista de um sonho; ainda mais se também for o sonho do povo brasileiro,0,0,não ofensivo,não ofensivo
Parabéns grande professor! 🌹,0,0,não ofensivo,não ofensivo
Negar negar negar o lugar de vagabundo todo mundo sabe aonde é....,1,1,ofensivo,ofensivo
"Cidadão de bem, cristão.",0,0,não ofensivo,não ofensivo
Kkkkkkkkk GloboLixo ja virou chacota!,1,1,ofensivo,ofensivo
Pirralha escrota !!!,1,1,ofensivo,ofensivo
Por isso que Lula e Dilma não tinham familiares na política.,0,0,não ofensivo,não ofensivo
Homens que me representam!,0,0,não ofensivo,não ofensivo
É uma besta esse cara. 👊,1,1,ofensivo,ofensivo
Esse 💩tem que provar é a sua inocência (não tem como provar) e não atacar o Moro.,1,1,ofensivo,ofensivo
"Dá desânimo de ler as notícias, lutamos tanto pra mudar as coisas e no fim não vira nada!! 😥",0,0,não ofensivo,não ofensivo
É um concurso importante sim. Ponto. Olha o alcance que ele tem. Olha o alcance que o discurso dela está tendo. Não desmereça um concurso só por ser de beleza.,0,0,não ofensivo,não ofensivo
"Haddad sinônimo de competência, inteligência e dinamismo. Melhor Ministro da Economia que o Brasil já teve.",0,0,não ofensivo,não ofensivo
Vai ser ótimo!!!!,0,0,não ofensivo,não ofensivo
"Eu não votei em @lulaoficial para ver ou ouvir MUNICÍPIOS dizerem que os recursos diminuíram, principalmente da SAÚDE. M",0,0,não ofensivo,não ofensivo
Benedita parabéns ❤️,0,0,não ofensivo,não ofensivo
"Ele não falou nada que o povo na5o concorde , Idiotas !!",1,1,ofensivo,ofensivo
"Precisamos da sua ajuda para acabar com a injustiça no Prouni. Nossa reivindicação é unicamente para reserva de vagas dos bolsistas de escolas particulares. Em nenhum momento queremos prejudicar estudantes de escola pública. Estamos lutando pelos direitos de estudante de baixa renda que foram bolsistas integrais ou parciais em escolas privadas, estudantes com deficiência que estudaram em escola privada e estão sendo excluídos do Prouni. Não queremos competição entre estudantes de escola pública e estudantes oriundos de escolas privadas. Se houve a criação de uma categoria para estudantes de escola particular e nenhum estudante dessa categoria está sendo contemplado, criou-se outra distorção, outra exclusão. Por isso, é justo que haja uma reserva pra alunos bolsistas integrais e parciais, visto que esses alunos também se enquadram nos critérios de baixa renda e cursaram escolas privadas apenas por intermédio de bolsas, não possuindo recursos para pagar integralmente cursos como medicina, por exemplo.",0,0,não ofensivo,não ofensivo
Lixo de congresso Senado e STF,1,1,ofensivo,ofensivo
"Não deveria estar , muito menos carregar tanto ódio . Um discurso forte , obstinado , mas a Greta é uma menina e deveria ser protegida . Os COVARDES, deveriam poupar as crianças.",1,0,ofensivo,não ofensivo
"Ainda bem que na era das trevas, aparece seres iluminados...precisamos muito.👏👏👏👏👏💖",0,0,não ofensivo,não ofensivo
Parabéns!! Meu melhor voto para governar SP,0,0,não ofensivo,não ofensivo
"Puts, sem noção mesmo...",1,1,ofensivo,ofensivo
"Seus ideais são fofoca, emagrecimento, depilação, botox. O resto é só merda que brota na sua cabeça...",1,1,ofensivo,ofensivo
👏👏👏👏o capeta sendo capeta. Normal.,1,1,ofensivo,ofensivo
"@brunolourenco2009 Desde que eu me conheço por gente se fala em prevenção de Dengue, inclusive os Agentes Sanitárias trabalham pra isso.",0,0,não ofensivo,não ofensivo
@daianeluz7 o amor venceu! Trabalhem por amor!,0,0,não ofensivo,não ofensivo
"Q top, o Haddad é professor, gênio, prefeito, capacitado pra ser presidente, etc e tem um cara q acha q indíos jogaram fogo na casa deles mesmos",0,0,não ofensivo,não ofensivo
"Eu Bolsonaro, vai tomar no cu",1,1,ofensivo,ofensivo
PRESIDENTE NÃO TEM AUTORIDADE...QUE RAIO DE PRESIDENTE QUE NÃO MANDA....FECHA LOGO ESTE COVIL DE COBRAS....SENADORES CORRUPTOS...MAFIOSOS....,1,1,ofensivo,ofensivo
A ordem é arrecadar o máximo,0,0,não ofensivo,não ofensivo
"Parabéns Tarcísio, você é o melhor governador de são Paulo até hj, que Deus abençoe sua vida, são Paulo seráo melhor estado do Brasil",0,0,não ofensivo,não ofensivo
"Bom dia Carla.comentei na sua pagina, sobre está tal de Bachelet, mas escrevi sem apontuação ficou um tanto esquesito, escrevi 👏👏👏 carla musa do psl, ai veio o meu comentario, descupa sou teu fá.",0,0,não ofensivo,não ofensivo
"@eldereliascustodio Vai bem obrigada, trabalhando como sempre pelo Brasil, o pobre de direita !😂",1,1,ofensivo,ofensivo
"Minha filha vai fazer 15 anos e esse ano ela vai fazer a prova p colégio militar... Ela só estuda, o dia inteiro.. Mas para o colégio São 25 vagas para filhos de PM e 3 para ampla concorrência... Poderia ser mais justo para todos ... É o sonho dela estudar no colégio militar aqui no RJ, mas é muito difícil... Espero que ela não fique tão decepcionada caso não consiga!!! Tenho fé🙌",0,0,não ofensivo,não ofensivo
Sem contar que a Globo Mandou Roubar a TV Cultura🌶🖤🦅,1,1,ofensivo,ofensivo
Essa PIRRALHA É MASSA DE MANOBRA E ponto final,1,1,ofensivo,ofensivo
"Certeza q a esquerda eh doente. Apoio a maduro, Cristina. Só pode ser doença",1,1,ofensivo,ofensivo
Questão de MKT pessoal. Relaxa esse ombro Haddad. Ele só sobre em posição de defesa. Precisa aprender a baixar essa tensão. Entrevista maravilhosa. #lulalivre,0,0,não ofensivo,não ofensivo
É tem negro defendendo essa barbárie!,0,1,não ofensivo,ofensivo
"@lukinhadobreakoficial , muito obrigada por seu apoio e carinho. Conte sempre comigo! Abraços 🇧🇷",0,0,não ofensivo,não ofensivo
Fernando Haddad me representa,0,0,não ofensivo,não ofensivo
Maravilhoso um lorde👏👏👏,0,0,não ofensivo,não ofensivo
"Ele não é caduco. Ele é dissimulado, cara de pau, desrespeitoso.",1,1,ofensivo,ofensivo
"Lula so ..vai ganlha, matrícula na cadeia 😂",1,1,ofensivo,ofensivo
Ridiculo esse senhor,1,1,ofensivo,ofensivo
Dois desqualificado sem qualidade nenhuma,1,1,ofensivo,ofensivo
Brasil: Ame-o ou deixe-o!,0,0,não ofensivo,não ofensivo
"O Ministro do Trabalho, Luiz Marinho, planeja propor ao Conselho Curador do Fundo de Garantia por Tempo de Serviço (FGTS), a suspensão da antecipação do saque-aniversário. Essa medida funciona como um empréstimo bancário, com um limite de juros de 2,05% ao mês, que é significativamente menor do que os juros do cheque especial e do rotativo do cartão de crédito.",0,0,não ofensivo,não ofensivo
Muito mimimi bla bla bla.. essa PIRRALHA entende o que da vida. Ah.. va... @joicehasselmannoficial e o investidor que der ouvidos a uma pirralha dessas é pior que ela. Precisamos investigadores que se baseiam em discurso de uma birra botas de 16 anos?,1,1,ofensivo,ofensivo
"A pirralha precisa estudar muito e deixar de reproduzir o que essa esquerdalha fala pra ela, nem nenhum aprofundamento das questoes!",1,1,ofensivo,ofensivo
Tamu juntas Damares. Tu é forte 🙌,0,0,não ofensivo,não ofensivo
"Segue rebanho sim, o que canta hino pra pneu e pisca celular pra ET e acha lindo ser considerada uma fraquejada pelo miNTo 😂😂😂😂😂😂",1,1,ofensivo,ofensivo
A máquina de realização Tarcísio… será presidente,0,0,não ofensivo,não ofensivo
Amei os doguinhos 😍,0,0,não ofensivo,não ofensivo
"Esse concurso foi digno de ser visto. Os discursos das candidatas, as ações sociais que elas se engajam e tudo o q envolveu a escolha da Miss, demostraram que os velhos concursos de ""beleza"" talvez estejam ficando para trás.",0,0,não ofensivo,não ofensivo
"Desculpe, mas acho lamentável e infantil... não espero isso de parlamentares a quem confiei e dei a voz para nos defender.",0,0,não ofensivo,não ofensivo
Lula tá preso babacas!,1,1,ofensivo,ofensivo
Esse lixo tem pena e da propina que andava ganhando ilicitamente,1,1,ofensivo,ofensivo
"🇧🇷🇧🇷🇧🇷🇧🇷Deus no comando, dirigindo as mãos e a cabeça dos homens de ética e poder para agir em nosso País!!! #somostodasbolsonaro",0,0,não ofensivo,não ofensivo
Ainda bem que do PT e do Lula Ladrao só falamos a verdade.,1,1,ofensivo,ofensivo
Acredito que esses comunistas malditos bandidos estão folgando demais!!!! Uma boa prenda para dar um jeito neles 💣👊🏻💣👊🏻,1,1,ofensivo,ofensivo
Não esqueça de hidratar as crianças @antoniocesar_ @soraiabcavalcante @bolgue @gutastresser @joyluix @carlorfreire,0,0,não ofensivo,não ofensivo
RIDÍCULA e não vai ter. #globolixo 🤮,1,1,ofensivo,ofensivo
😡Bandido disfarçado de pastor,1,1,ofensivo,ofensivo
coisa mais linda da minha vidaaaa🌷🌷🌷,0,0,não ofensivo,não ofensivo
"Fica calada pra n falar merda, TRAÍDORA",1,1,ofensivo,ofensivo
"Um abraço, nossa corajosa representante na luta contra as mentiras que assolam o nosso país.",0,0,não ofensivo,não ofensivo
"Bom dia democracia o Brasil e os apoiadores estadistas democráticos , as escolhas são democracia.",0,0,não ofensivo,não ofensivo
Esse aí nao vale nada,1,1,ofensivo,ofensivo
Pq teu inelegível vai ser preso 😂😂😂😂😂 vai lá passar pano pro minto 😂😂,1,1,ofensivo,ofensivo
Louco roubando nossos direito,1,1,ofensivo,ofensivo
"Eu acho que deveria ter justiça de vdd e cancela essa eleição que só foi de fakes, mentiras e fazer uma eleição honesta pronto quero ver um debate entre Lula esse lixo",1,1,ofensivo,ofensivo
Demagogia Manipulada Sensacionalismo,1,1,ofensivo,ofensivo
O nariz tah crescendo ou é impressão minha? 😂😂,1,0,ofensivo,não ofensivo
"Eu n sabia da propina. Meu Deus, qta sujeira😳",1,1,ofensivo,ofensivo
É isto uma pessoa de bem???,0,0,não ofensivo,não ofensivo
Pq ele veio para roubar matar e destruir!,1,1,ofensivo,ofensivo
Aquí e brasil 🇧🇷 🇧🇷🇧🇷🇧🇷🇪🇸🇪🇸🇪🇸,0,0,não ofensivo,não ofensivo
Por que você não pede consultoria pra ela te ensinar a fazer política?,0,0,não ofensivo,não ofensivo
"@brunomartins_sf1 realmente vou ter que voltar a estudar e entender tudoooo que está acontecendo. Vc deu uma aula ... nos passe sua base de conhecimento, para que tds aqui possa seguir este mesmo pensamento, de argumentos e de Educação. Sensacional 👏👏👏👏👏👏",0,0,não ofensivo,não ofensivo
Estamos vendo que 💩 é a TIME afinal só olhar o dono. E como boa puxa saco de editor acha justo...precisa conhecer @boyanslat e entender o que é relevância de PERSONALIDADE EM MEIO AMBIENTE MUNDIAL!,1,1,ofensivo,ofensivo
cara eu acho você incrível.,0,0,não ofensivo,não ofensivo
"Mas, bah, tchê! Parabéns! Merecido!",0,0,não ofensivo,não ofensivo
"Repugnante essa #ImprensaLixo #MidiaLixo 😤😤 isso não pode ficar assim, se trata de um ataque pessoal... a Ministra!",1,1,ofensivo,ofensivo
Milícias digitais e reais! Fazem um grande estrago à democracia brasileira!,1,1,ofensivo,ofensivo
"Não vejo a hora dos segredos bizarros do cabeça de ovo, serem revelados... pois como dizia minha vozinha muito sábia: quem muito abaixa mostra a bunda.",1,1,ofensivo,ofensivo
Vagabundo do PSL partido do Laranjal,1,1,ofensivo,ofensivo
O sul ja ta um lixo com o fascista do eduardo leite,1,1,ofensivo,ofensivo
Rainha nossa!!! Lute por esse povo tão judiado!!!,0,0,não ofensivo,não ofensivo
Estamos contigo @damaresalvesoficial1,0,0,não ofensivo,não ofensivo
"Só atrapalham o pai, até quando isso hein",0,0,não ofensivo,não ofensivo
👎👎👎👎👎👎👎👎👎👎👎👎👎LULU e JOYCI TRAIDORES JUDAS SATANÁS,1,1,ofensivo,ofensivo
"Fecha esse STF, só faz merda",1,1,ofensivo,ofensivo
Falam mais da conta.. quiz dizer....,0,0,não ofensivo,não ofensivo
Meu Deus... forte isso. Estamos todos com a senhora ministra .,0,0,não ofensivo,não ofensivo
eu sinto a indignação,0,0,não ofensivo,não ofensivo
"Lute por nós, pelo nosso país Haddad ❤️🙌👏",0,0,não ofensivo,não ofensivo
"Pelamor, se juntem pra fazer algo pela ciência e educação nesse país",0,0,não ofensivo,não ofensivo
Nunca tivemos ninguém melhor que ele aqui.,0,0,não ofensivo,não ofensivo
João traidor do movimento!,1,1,ofensivo,ofensivo
Traidores da pátria. Culpado do os imbecis que mandam essa gente pra Brasília 😱,1,1,ofensivo,ofensivo
Parabéns! Merece muito,0,0,não ofensivo,não ofensivo
Tá apaixonada? Vira o disco😂,0,0,não ofensivo,não ofensivo
Comunista vagabunda,1,1,ofensivo,ofensivo
"@portaldosilvano2 caramba e olha que ela morreu só há 6 anos, a polícia é muito rápida agora, z frustração é que foi enorme",0,0,não ofensivo,não ofensivo
"Briguinha feia mesmo. Deviam agregar pessoas e não fazer o contrário. Mas sabemos que qqr tentativa de colocar isso na cabeça de vocês vai ir por agua abaixo. Ate onde sabemos vocês só são diferentes do pt no nome e não estão envolvidos em corrupção, mas saiba, só isso não bastará. PSL me dececionou demais. @carla.zambelli",1,1,ofensivo,ofensivo
A queda desse sujeito não vai ser pequena.,1,1,ofensivo,ofensivo
Não cansam de passar vergonha!! #GloboLixo,1,1,ofensivo,ofensivo
Esquerdista @joicehasselmannoficial deixa de propagar merda e vai trabalhar pq nunca mais vc se elege!! Todos com @jairmessiasbolsonaro 🇧🇷👉🏻😎,1,1,ofensivo,ofensivo
Pura balela. Com novo teto de gastos impossível desenvolver qualquer coisa,1,1,ofensivo,ofensivo
"Exatamente, apesar de ser um concurso sem o menor valor necessário para o engrandecimento da sociedade. Ter uma mulher negra, com o cabelo dela, como a mulher mais bonita do mundo. É foda pra caralho! 👏🏿",0,0,não ofensivo,não ofensivo
"Eu quero gente honesta e competente na política e não importa o gênero, a cor, a raça, se é gay se é hetero, etc. Temos que ter políticos honestos e competentes, isso é o que importa",0,0,não ofensivo,não ofensivo
"Perguntem quantos votos esse energúmeno teve em Roraima, então poderemos ter compreensão do porque ele sente liberdade para as atrocidades que diz e faz sem pudor.",1,1,ofensivo,ofensivo
"Tchau @joicehasselmannoficial Era pra mim já ter feito isso Mais tchau , E só um recado pede desculpa a família bolsonaro e a todos os brasileiros senão vai ficar feio pra vc , e os anos passam rápidos demais , e seja leal ao seu líder @jairmessiasbolsonaro e sua família Tchau",0,0,não ofensivo,não ofensivo
Continua sendo Pirralha só que agora com um título.Ah Ah ah @joicehasselmannoficial,1,1,ofensivo,ofensivo
Bolsonaro nosso lider,0,0,não ofensivo,não ofensivo
"Este governo não ganha uma 😡😡😡 Bolsonaro precisa agir , senão será um banana mesmo 😡😡",1,0,ofensivo,não ofensivo
Claro meu amor até hoje ninguém nunca provou nada,0,0,não ofensivo,não ofensivo
"Ao exorcizar a sala, os capetas só deram “meia-volta” ... 🤣🤣🤣🤣",1,1,ofensivo,ofensivo
"Se organizar direitinho, cabe todo mundo num camburão só!",1,1,ofensivo,ofensivo
E essas mulheres rindo????? Credo,1,0,ofensivo,não ofensivo
pirralha do ano kkk,1,1,ofensivo,ofensivo
"Que absurdo isso, cadeia para esses fdp ninguém coloca limites ne... raça dos infernos, quabdo morrerem vão tudo queimar no inferno essas pragas.",1,1,ofensivo,ofensivo
"O que ele quis dizer foi que, se a esquerda vencer na Argentina, os argentinos vão fugir para o RS, assim como os venezuelanos estão imigrando no Brasil por Roraima. Logicamente isso é uma imbecilidade, como tudo que ele diz!",1,1,ofensivo,ofensivo
Cara horrorosa dessa senhora,1,1,ofensivo,ofensivo
Amo ❤️😍,0,0,não ofensivo,não ofensivo
"Na verdade, a maior mensagem que eu tirei da propaganda foi 'tenha cachorros em casa pra espantar a dengue'",0,0,não ofensivo,não ofensivo
"Parabéns deputada pela sua fala, brilhante intervenção no plenário, uma voz firme quantra o preconceito. E viva o dia da concorrência negra.",0,0,não ofensivo,não ofensivo
Isso é a retórica dela. Quanto ao mesmo objetivo vcs tem o mesmo. O duro é contemplar o cargo que lhe agrada.,0,0,não ofensivo,não ofensivo
Deus está no comando🙌🙌,0,0,não ofensivo,não ofensivo
Que demais. Do lado de Paulo Freire. Que honra! ❤️,0,0,não ofensivo,não ofensivo
Parabéns pelo engajamento com país e de pessoas assim que precisamos..😍😍,0,0,não ofensivo,não ofensivo
Quem Deus tem tudo e quem não tem Deus não tem nada. Que moleque abençoado 🙌,0,0,não ofensivo,não ofensivo
"Depois que o PT roubou tudo, foi o que sobrou!!!",1,1,ofensivo,ofensivo
Jogue duro com esses racistas do inferno!💪💪,1,1,ofensivo,ofensivo
"Lindo de se ver!!! Gente boa, Bolsonaro cuidem das crianças da Ilha do Marajo. Juntos todos podemos. Grata",0,0,não ofensivo,não ofensivo
Que DEUS capacite todos políticos da direita pra lutarem por nosso país,0,0,não ofensivo,não ofensivo
A excelente globo mostrou diferente....🙄,0,0,não ofensivo,não ofensivo
"Hora de prender os jornalistas da Globo, UOL e etc...",1,1,ofensivo,ofensivo
Que Jesus esses demônios seguem! Meu Deus salve nosso país de seres demoníacos como esse Marco Feliciano!😈😈,1,1,ofensivo,ofensivo
🇧🇷🇧🇷 bonequinha da mídia..,1,1,ofensivo,ofensivo
"Como podem ter feito o maior erro histórico da história do Brasil... é de chorar...Haddad ainda será nosso presidente,tenho esperança!",0,0,não ofensivo,não ofensivo
Lula livre,0,0,não ofensivo,não ofensivo
Orgulho de ter votado em você❤️,0,0,não ofensivo,não ofensivo
Essa bancada é do ☠️👹👺,1,1,ofensivo,ofensivo
Essa deputada tem que ser contida por alguém.,0,0,não ofensivo,não ofensivo
Na terra em que essa mulher africana é bonita as trans são mulheres. Surrealismo clássico.,1,0,ofensivo,não ofensivo
"@tiago_araujo90 empresas que faziampequenas mutretas, prejudicando o mercado interno. Será que não raciocina cara????",1,0,ofensivo,não ofensivo
"Minha duvida hj é se eu vendo avon, se dou palestras, se cato bosta de elefante ou se jogo na mega sena.... PTzada.... tropa de ladrao",1,1,ofensivo,ofensivo
VCS É QUE ESTÃO NOS ROUBANDO,1,1,ofensivo,ofensivo
Pra quem votou nisso. Tb contribuira para isso.,0,0,não ofensivo,não ofensivo
Mais uma vez a globolixo distorce a matéria . Impressionante ....,1,1,ofensivo,ofensivo
Tem que abrir processo disciplinar por quebra de decoro na forma do regimento. Pelo vandalismo e pelo ato de racismo.,0,1,não ofensivo,ofensivo
Quem precisa de um trato é você .,1,1,ofensivo,ofensivo
ele poderia arrumar o que fazer esse bosta,1,1,ofensivo,ofensivo
A Europa prática o capitalismo. O governo não precisa ser de direita para praticar tal,0,0,não ofensivo,não ofensivo
Ainda tem quem ache engraçado esse velho pervertido,1,1,ofensivo,ofensivo
não vejo preconceito,0,0,não ofensivo,não ofensivo
Com tempo e na expectativa,0,0,não ofensivo,não ofensivo
TD contra os pobres.,0,1,não ofensivo,ofensivo
HADDAD meu querido q Deus te proteja sempre um abraço 🙌❤️❤️🙋‍♀️,0,0,não ofensivo,não ofensivo
Também acho. Esse cara fala demais. Os filhos do bolsonaro acabam enfraquecendo o governo. Sempre disse issso desde o começo,0,0,não ofensivo,não ofensivo
É uma absurdo né? Não sei o que fazem aqui... deviam estar em Cuba ou Venezuela....,1,1,ofensivo,ofensivo
"Se puderem me ajudar meu sonho é ocupar ano que vêem uma das cadeiras, na câmera dos vereadores de São Paulo, quero sair candidato pelo Aliança pelo Brasil, e creio que vamos conseguir chegar neste objetivo, me chamo Cícero Silva, sou gestor de uma pequena imobiliária que fica na Avenida Yervant Kissajikian, 2.763 - Americanópolis, creio que irei conseguir em nome de Jesus me ajudem meus amigos, e Eduardo.... Um forte abraço de seu amigo patriota",0,0,não ofensivo,não ofensivo
Precisa. Urgentemente mudar as regras das eleições!,0,0,não ofensivo,não ofensivo
O pior é que as pessoas acham graça,0,0,não ofensivo,não ofensivo
"Tenho medo do rumo que o Brasil está tomando, medo de criar minhas filhas neste caos chamado Brasil. 😣😣😣",0,0,não ofensivo,não ofensivo
É a clara tentativa da globo de achar defeito em td do governo e tem gente que acredita nas informações dessa globolixo!,1,1,ofensivo,ofensivo
Ainda bem que ele eh fervoroso evangélico 😱 eh hipocrisia que se chama ?,1,1,ofensivo,ofensivo
Geração salva🙏,0,0,não ofensivo,não ofensivo
"Lamentável essas palavras contra um mulher de caráter indiscutível como nossa minitra Damares, DEUS é contigo mulher guerreira q o SENHOR levantou nesse pais chamado Brasil para lutar contra as injustiças desse país. 👏👏👏👏👏👏👏🇧🇷🇧🇷🇧🇷🇧🇷🇧🇷🇧🇷 bjs 😘",0,0,não ofensivo,não ofensivo
"Esse porra defeca pela boca, só atraí mídia negativa pro pai dele...deveria ir pros EUA e ficar lá por um bom tempo.",1,1,ofensivo,ofensivo
"pois é, né? O dinheiro da OAS fez com que ela esquecesse de ter pena do Brasil. Muito cínica.",1,1,ofensivo,ofensivo
Abatam esse verme!,1,1,ofensivo,ofensivo
ESSES SÃO OS DEJETOS BOLZONARISTAS 💩💩💩💩💩,1,1,ofensivo,ofensivo
Boa meu professor @fernandohaddadoficial,0,0,não ofensivo,não ofensivo
Tempos sombrios assolam-nos !! Triste! A luta não pode parar!!👏👏👏👏👏,0,0,não ofensivo,não ofensivo
À Vitória Cristina!! Respira Argentina.,0,0,não ofensivo,não ofensivo
"O povo polonês é um grande exemplo de coragem e lealdade para o mundo. Um povo muito amigável, gentil. Foi uma ótima experiência conviver com alguns poloneses.",0,0,não ofensivo,não ofensivo
Se deixasse taxava até a mãe,1,1,ofensivo,ofensivo
Ele pode tratar assim esse assunto?! Cade a Damares?!,0,0,não ofensivo,não ofensivo
Que mulher linda!!! Parabéns ❤️❤️❤️❤️❤️❤️,0,0,não ofensivo,não ofensivo
ESTE CANALHA NÃO PODE FICAR SOLTO .GRAÇAS A ESTE STF COMPOSTO PORINCOMPETENTES METADE COM RABO PRESO A DEFENDER BANDIDOD Q PODEM AGREDIR DOM FRASES TERRIVEIS NOSSO PRESIDENTE E SEUS MINISTROS INCLUSIVE ESTE BEBADO DECREPTO AGRIDE O MINISTRO MORO COM PALAVROES NÃO ACONTECE NADA MAIS DAÍ A INVESTIGAR MINISTRO DO STF. NAO PODE. Q DEMOCRACIA É ETA?,1,1,ofensivo,ofensivo
Ele fez certo...políciais não racistas!comunistas canalhas!,1,1,ofensivo,ofensivo
Só os trabalhadores burros e idiotas são a favor dele,1,1,ofensivo,ofensivo
"Minha irmã é professora e sempre te elogiou então eu votava em você, mas a partir de agora o meu voto você não tem mais",0,0,não ofensivo,não ofensivo
Carla seja superior não de ibope para essa traíra!,1,1,ofensivo,ofensivo
"Esse Lula é um doido, não consigo entender que tem gente que ainda da crédito.",1,1,ofensivo,ofensivo
Isso é um absurdo!!! Estes vagabundos tinham que ser EXPULSO S DO PAÍS!!!,1,1,ofensivo,ofensivo
"O povo ODEIA vcs, bando de marginais",1,1,ofensivo,ofensivo
😂😂 Ela é galinha! Pena?! Q é isso!?,1,1,ofensivo,ofensivo
Leda amadaa!!,0,0,não ofensivo,não ofensivo
Sem comentários pra essa Dona.... Fora pig!!!,1,1,ofensivo,ofensivo
Tomei nojo!,1,1,ofensivo,ofensivo
Cuidado para não comprarmos pautas colonizadas com patrocínios por trás!,0,0,não ofensivo,não ofensivo
Não sei como esse cara nao foi preso ainda,1,1,ofensivo,ofensivo
Odeio esse lixo.... Que o Universo se encarregue de espanca-lo ... sem ninguém precisar tocar...#marcosfelicianoseulixo,1,1,ofensivo,ofensivo
Os piores bandidos tão aí STF LIXOS,1,1,ofensivo,ofensivo
Gostoso te amo,0,0,não ofensivo,não ofensivo
Parabéns a garotinha do George Sorus. Uma laranjinha sendo usada pelas grandes corporações parabéns a menina usada por sua mãe e as gigantes de seu contrato.,1,1,ofensivo,ofensivo
Mérito seu!👏👏🙌,0,0,não ofensivo,não ofensivo
Fale-nos sobre roubar dinheiro de aposentados. Você tem know-how!,1,1,ofensivo,ofensivo
"Greta Thumberg é mesmo uma pirralha presunçosa, inconveniente e ignorante. Deveria é ir pra escola em vez de cabular aula pra salvar o mundo.",1,1,ofensivo,ofensivo
Maldito seja para todo o sempre.,1,1,ofensivo,ofensivo
alvesdossantos_carla eterno presidente da papuda! Ou tu prefere Bangu???? VOTE IMPRESSO 😂😂😂😂😂😂😂😂😂😂😂😂😂😂😂😂😂😂😂😂😂😂😂😂😂😂😂,1,0,ofensivo,não ofensivo
"Isso caso intervecao militar mesmo, se o bolsonaro nao fechar o congresso e o supremo os militares vao e prender tambem.",1,0,ofensivo,não ofensivo
Ai meu coração não aguenta!!!! 💖👏👏👏👏👏👏🇧🇷,0,0,não ofensivo,não ofensivo
"Parabéns presidente, feliz aniversário e muitos anos de vida👏👏👏",0,0,não ofensivo,não ofensivo
Meu respeito a Ministra. Toda minha indignidade a imprensa suja que a persegue e a violenta.,1,1,ofensivo,ofensivo
Aoooo caaixa 2 kkkkkkk,1,1,ofensivo,ofensivo
Joice estou em conflito. Estou te desconhecendo.,0,0,não ofensivo,não ofensivo
👏👏 Avante . Brasil acima de tudo e DEUS ACIMA DE TODOS!!!!!!!!!!!,0,0,não ofensivo,não ofensivo
"👏👏👏,ela merece todo o nosso respeito, é uma guerreira",0,0,não ofensivo,não ofensivo
"@enildes_sl , agradeço imensamente por todo apoio e carinho dado. Contem sempre comigo! Beijos💚💛",0,0,não ofensivo,não ofensivo
"Escroto, nojento 🤮🤮🤮",1,1,ofensivo,ofensivo
Pra cima deles presidente Bolsonaro!,0,0,não ofensivo,não ofensivo
Vagabunda! Sem vergonha!,1,1,ofensivo,ofensivo
Cadê a tradicional família brasileira?,0,0,não ofensivo,não ofensivo
Grande deputada👏👏👏,0,0,não ofensivo,não ofensivo
Cala boca Magda 🤦‍♀️,1,1,ofensivo,ofensivo
Esta reporter da globo é muito arrogante .,1,1,ofensivo,ofensivo
"O contraste de pensamentos é tão grande,que parece que vivemos um pesadêlo!",0,0,não ofensivo,não ofensivo
Vou adquirir e ler,0,0,não ofensivo,não ofensivo
Deus é contigo ministra anjos estão guerreando por ti. 🙏🙏,0,0,não ofensivo,não ofensivo
"Joga uma carteira de trabalho que correm todos, na verdade não gostam de trabalhar só sabem roubar o brasil",1,1,ofensivo,ofensivo
"Vergonha, vergonha!!",1,1,ofensivo,ofensivo
"Maravilha deputada, parabéns",0,0,não ofensivo,não ofensivo
Só rezo e acredito🙏,0,0,não ofensivo,não ofensivo
"Seria um SONHO , se eu pudesse pegar suas mãozinhas , as mãozinhas do coleguinha, e fizesse vocês pedirem desculpas um ao outro , darem um abraço e voltarem a brincar no pátio... Seria um sonho de decência ! Engraçado eu ter que ensinar isso pras minhas crianças todos os dias, pra elas virarem adultos e fazerem tudo errado ! Parabéns ! Vocês foram eleitos como os coleguinhas mais difíceis da turma !👏",0,0,não ofensivo,não ofensivo
Cade os Bolsominions defendendo? Cade a espuma? Kkkkk Silêncio,1,1,ofensivo,ofensivo
Essa entrevista aqui é que vale a pena kkk @g9paes,0,0,não ofensivo,não ofensivo
"Perde não, Carla. As notícias verdadeiras é que são válidas mesmo. Quem corre risco maior é a esquerda, que inventou muito na eleição.",1,0,ofensivo,não ofensivo
Vocês só entendem de ditadura e roubalheiras ...esse é o lema da esquerda e do PT....democracia é liberdade e patriotismo...isso vcs não sabem o que é...e a nossa Bandeira será sempre verde e amarela,1,1,ofensivo,ofensivo
"Com Deus no comando sempre, tudo vai bem. 👏👏👏👏👏👏",0,0,não ofensivo,não ofensivo
Infelizmente eu não estou vendo isso Gleisi,0,0,não ofensivo,não ofensivo
@jairmessiasbolsonaro Deveria fazer procedimento dentário todos os dias,0,0,não ofensivo,não ofensivo
Bosta pura,1,1,ofensivo,ofensivo
Opa. Esse eu vejo completo,0,0,não ofensivo,não ofensivo
Que partido vai gastar cartucho com uma pessoa que não ganha nem pra porteira de clube.,1,0,ofensivo,não ofensivo
"Melhor comentarista que o nisso país tem . Realista , verdadeiro . Assino embaixo para ser comentarista econômico do nosso presidente .!",0,0,não ofensivo,não ofensivo
Kkkkk Mais afiado que tramontina😂💚💛,0,0,não ofensivo,não ofensivo
"Nojo, ta passando dos limites",1,1,ofensivo,ofensivo
Porra sera que vamos ficar omissos as merda desse verme e hora de para esse boso do caralho,1,1,ofensivo,ofensivo
Que farda linda!!!👏👏👏👏😍,0,0,não ofensivo,não ofensivo
Minha irmã querida vc merece !!!,0,0,não ofensivo,não ofensivo
Foi tudo em um piscar de olhos.,0,0,não ofensivo,não ofensivo
"Mais uma terráquea vence o Miss Universo, parabéns!!!",0,0,não ofensivo,não ofensivo
"Cara brasileiro é fodah mesmo, a família Bolsonaro tem que se blindar ! Em provérbios diz que Deus abomina quem causa dissensão entre irmãos zzzz eu brigo com minha mãe e depois estamos sussa , não é diferente com eles , caraca quanta cobrança !!!!! Bolsonaro sabe como cuidar do próprio filho não acham?? Aff",0,0,não ofensivo,não ofensivo
"👏🏾👏🏾👏🏾👏🏾parabéns Janaína, Vms pedir ao Presidente para calar os filhos, e deixar ele trabalhar,",0,0,não ofensivo,não ofensivo
"Para que tanta inveja Muié, o povo tem que manifestar mesmo para provar que Bolsonaro é mais amado que o *L* o persona non grata, aceita que dói menos tá?",1,1,ofensivo,ofensivo
@joaoamgomes Por que os petistas têm tanto medo de investigarem a morte do Celso Daniel?,0,0,não ofensivo,não ofensivo
Quem escreveu isso contra a ministra é uma verdadeira bicha enrustida um tremendo cortador de madeira pelo furico 💩💩💩,1,1,ofensivo,ofensivo
Estão usando a menina e como usam a família da Mariela. Interesses excusos movem a mídia esquerdopa,1,0,ofensivo,não ofensivo
Globolixo! Globonews lixo!!,1,1,ofensivo,ofensivo
"Os filhos atrapalham o pai no trabalho árduo de governar .Ele precisa ter paz ,se desestressar ,tenham pena .Falam muito e inconsequentemente.Já chega .Aí é melhor fazer do que falar ,vocês tem ótimos exs : o próprio pai ,o Moro ,o Mourão ,o Guedes , o do transportes (vide estradas ,muita realização ,pouca conversa ) ,tem tb o da Educação ,enfim os ministros trabalham muito ,está se vendo.",0,0,não ofensivo,não ofensivo
"Rebentado a gente, foi para isso que colocamos vc aí, vai acaba com nós pobres.",1,1,ofensivo,ofensivo
Meu presidente sempre elegante.,0,0,não ofensivo,não ofensivo
"“O saque-aniversário, apesar de necessitar de melhorias, como o fim da carência de 25 meses para acessar o FGTS em caso de demissão, é um programa excelente para o cidadão, pois dá a ele acesso imediato a recursos que são seus mas que estão retidos compulsoriamente pelo governo, rendendo menos que a inflação”, opinou.",0,0,não ofensivo,não ofensivo
Ela que legue a pena dela e faça um travesseiro pra ver se consegue dormir depois de ter aceitado dinheiro sujo.,1,1,ofensivo,ofensivo
Facista nojento amigo de BOZO.,1,1,ofensivo,ofensivo
"Ao fim dos privilégios tbm e que todos os políticos passem a pagar seus planos de saúde, INSS e impostos de renda... Que peguem seus próprios alugueis e suas próprias roupas. Afinal políticos tem algum gasto? Pra que tem salários?",0,0,não ofensivo,não ofensivo
"A culpa é do Noé ! Colocou casal jumentos arca, ê está porra não para de reproduzir, saudemos a mandioca.🐴😂",1,1,ofensivo,ofensivo
Parabéns deputada Benedita por lutar contra o racismo em nosso país 👏👏👏👏👏👏,0,0,não ofensivo,não ofensivo
E o Lula não tem nem uma ministra mulher,0,0,não ofensivo,não ofensivo
Dois ícones,0,0,não ofensivo,não ofensivo
"Haddad foi grande ministro, prefeito da maior capital, p quase foi presidente da república,muitas feke News contra do adversário",0,0,não ofensivo,não ofensivo
O melhor é a cara dela no final😂😂😂😂,0,0,não ofensivo,não ofensivo
Garotinha mimada riquinhabque não tem o que fazer da vida sedentária e vazia dela e acha que falar mal do nosso País seria divertido garota idiota filho há de papai desocupada,1,1,ofensivo,ofensivo
"Bem educado e ensinando pelo pai Deus, pátria, família",0,0,não ofensivo,não ofensivo
"Na moral, onde foi parar a sensatez? Kirchner pode ser esquerda, mas é corrupta pra caralho!!!",1,1,ofensivo,ofensivo
"Essa bancada evangélica envergonham os verdadeiros cristãos, embora muitos se deixaram enganar. É o tratamento dentário, terminou?",1,1,ofensivo,ofensivo
E quando os obstáculos estão dentro de casa? 🤣,0,0,não ofensivo,não ofensivo
Esse cara é um infeliz ruim,1,1,ofensivo,ofensivo
@_rodrigobrazz Então como é curioso veio comentar kkkkkkk ajuda aí Zé 😂😂😂😂😂😂😂,0,0,não ofensivo,não ofensivo
Dois maravilhosos! 🤩😍🤩,0,0,não ofensivo,não ofensivo
Parabéns para essas guerreiras corajosas,0,0,não ofensivo,não ofensivo
"Só os PTRALHAS, lixo do Brasil",1,1,ofensivo,ofensivo
"Sem novidades, lixo sendo lixo.",1,1,ofensivo,ofensivo
Oh meus amores,0,0,não ofensivo,não ofensivo
Absolutamente certo É dar fogo para o inimigo,0,0,não ofensivo,não ofensivo
"O mundo é tudo e não os interesseiros que comentam...essa garota é um grande absurdo e quem a está elevando tem seus próprios interesses e a estão usando pra isso... e quem aqui no Brasil replica e da moral, tá atrapalhando o país...Ah o que já deu! Ninguém tem que se meter aqui, o Brasil e a Amazônia são do povo brasileiro e esse povo de fora não tem que se meter",1,1,ofensivo,ofensivo
"Quanto desrespeito com uma mulger e além de tudo, una ministra! Meu Deus! Onde vão parar essas mentes doentes e psicopatas? Que mundo sem respeito é esse!",1,1,ofensivo,ofensivo
Eu jogava essa porcaria no chão!,1,1,ofensivo,ofensivo
Até quando o STF vai trabalhar contra o país?,1,1,ofensivo,ofensivo
Só podia ser eles mesmo bando de gentalha e ainda falam q são patriotas cAnbada do 😈,1,1,ofensivo,ofensivo
Os celulares dessas pessoas devem de terminar tudo com 666. Só a serviço da besta. Volta Jesus!,1,1,ofensivo,ofensivo
Vou assistir com certeza 👋👋👋👋👋,0,0,não ofensivo,não ofensivo
Tem que rir para não chorar...😢😂,0,0,não ofensivo,não ofensivo
Para com essa briga. Todo mundo erra. Seja compassiva com os outros. Ou aguentaremos os ladroes da esquerda.,1,0,ofensivo,não ofensivo
Não precisamos da pena dela...Graças a Deus temos um Presidente Patriota e honesto e que tá no caminho certo.,0,0,não ofensivo,não ofensivo
😂😂😂😂😂😂 Pepa só está dando tiro no pe... kkkk,1,1,ofensivo,ofensivo
O Brasil é maior do que os que querem destruir-los. Brasil acima tudo e Deus acima de todos sempre.,0,0,não ofensivo,não ofensivo
"@bolsonarosp bozzo vermme, CADEIA NELE já",1,1,ofensivo,ofensivo
@ledanagleoficial tem o profissionalismo de sempre. Parabéns!!,0,0,não ofensivo,não ofensivo
"@cartacapital papel ridículo que se prestam, cabe um processo nesse jornalista asqueroso, doente e nojento!",1,1,ofensivo,ofensivo
"Muito bem eduardo, nao vou perder. obrigado",0,0,não ofensivo,não ofensivo
"Se arrependimento matasse, eu e todos meus amigos e familiares a quem incentivei que votassem em vc estaríamos mortos!! 🤮",1,0,ofensivo,não ofensivo
Velho ridículo 🤢🤮,1,1,ofensivo,ofensivo
"Pelo amor de Deus, cadê o pai desta criança não vai, fazer nada só porque o veio do sbt é amigo do bozo?",1,1,ofensivo,ofensivo
E ele quer decidir até as eleições vizinhas.,0,0,não ofensivo,não ofensivo
Que ela enfie a pena dela no $%$@&^ ... devolva nosso dinheiro isso sim. 🤔🤔,1,1,ofensivo,ofensivo
"@ricardo_eleuterio30 desistir nunca. Mais é revigorante ver pessoas com o mesmo sentimento, como vc.",0,0,não ofensivo,não ofensivo
Eu também espero. Que seu livro venda muito. Amanhã vou comprar o meu.,0,0,não ofensivo,não ofensivo
"Minha mulher é negra e ela também é muito bonita. Cor é um detalhe do mundo da beleza, seja negra, branca, amarela ou jambo.",0,0,não ofensivo,não ofensivo
"🇧🇷 Vergonha mundial, não tem moral pra falar nada do Brasil.",1,1,ofensivo,ofensivo
"Vc está postando essas coisas dessa pirralhada só pra denegrir a imagem do seu presidente, a maioria dos brasileiros nem sabem do que se trata, mas vc faz questão de causar polêmica, continuo dizendo, a opinião dos outros não faz a menor diferença pra mim e pra mais da metade dos brasileiros",1,1,ofensivo,ofensivo
Mais verdadeira que nota de 3 reais 🐷,1,0,ofensivo,não ofensivo
VAI VOLTAR PRA JAULA,1,1,ofensivo,ofensivo
🇧🇷Ordem e Progresso!!!👏👏👏,0,0,não ofensivo,não ofensivo
E a fala dela sobre representatividade e ocupar lugares na sociedade foi massa demais ...,0,0,não ofensivo,não ofensivo
"@g.srod Lula e Haddad são a mesma coisa. Acorda, amigo. O Lula está se lixando para os pobres. Acorda!",1,1,ofensivo,ofensivo
Nenhuma pessoa deveria dar ouvidos para essa garota. E nosso presidente toda vez que aparece na TV é por causa de falas que não cabem a um líder de um país fazer!,0,0,não ofensivo,não ofensivo
Vem quente Lula. O Brasil está fervendo!!!,0,0,não ofensivo,não ofensivo
joice nao paga de palhaça,1,1,ofensivo,ofensivo
MEU DEUS!!!!! ESSE VERME TEM QUE SER CALAFO.,1,1,ofensivo,ofensivo
Coloca esse jornalista dentro dessa cadeia.,1,1,ofensivo,ofensivo
Manu cê é um ícone,0,0,não ofensivo,não ofensivo
Pois ela é uma sem vergonha😩,1,1,ofensivo,ofensivo
Muita boa pessoa Carla Zambele,0,0,não ofensivo,não ofensivo
"Ae, não vai dar moleza pra pastor não, né? Cortou e isenção absurda dos mercadores da fé, agora tem que manter!!!!",1,0,ofensivo,não ofensivo
Como assim derruba?? A palavra final tinha q ser do presidente nao é?! Affff... assim fica dificil...causando cada vez mais furia nos cidadãos. Prender todos esses corruptos do stf urgente,1,1,ofensivo,ofensivo
👏👏😍 tu é o cara! Te amo professor lindão!!! 💙,0,0,não ofensivo,não ofensivo
"👏👏 não é mas novidade essas frases , entretanto não podemos desistir....resistência, persistência....🙌",0,0,não ofensivo,não ofensivo
"Toma, palhaça 🤦🤣🤣🤣",1,1,ofensivo,ofensivo
"Vão amargar todos ,pois, Deus é justo. 🙌🙌🙌",1,1,ofensivo,ofensivo
O Ministro Fachin foi justo na primeira decisão e nesta mais ainda. Lula de novo à Curitiba caro Sr ministro.!!👍,0,0,não ofensivo,não ofensivo
Uma pirralha fantoche. Bolsonaro tem razão...,1,1,ofensivo,ofensivo
Esse é o verdadeiro futuro!! O melhor caminho para os nossos jovens!!👏👏💪,0,0,não ofensivo,não ofensivo
@fernandohaddadoficial parabéns futuro presidente. Você merece,0,0,não ofensivo,não ofensivo
Essa porra eh o diabo,1,1,ofensivo,ofensivo
Precisamos valorizar este senhor Luiz Inácio lula da Silva!! e agradecer a Deus pela vida dele!👏👏,0,0,não ofensivo,não ofensivo
"Por isso que SSA senhora defende o PT, e ela me dá NOJO.",1,1,ofensivo,ofensivo
"Joice está com mania de grandeza, só que dá pior espécie, ela, pra mim foi uma DECEPÇÃO GRANDE! Ela traiu e dividiu !",1,1,ofensivo,ofensivo
"Além de que, na minha interpretação, a fala dele não foi nem no sentido pejorativo. O “pirralha” dele foi mais no sentido de “criança” mesmo.",0,0,não ofensivo,não ofensivo
Lindaaaaa!! Belíssima!! Maravilhosaaaaaaa!! Premiação bem mais bem merecida mesmo!!,0,0,não ofensivo,não ofensivo
Vixe PT vai tudo enjaulado Então.... são fábricas de fake News,1,1,ofensivo,ofensivo
"Ele sempre foi um monstro. Sempre humilhou pessoas. Sempre foi um péssimo empresário, um empregador desleal e injusto. Já deveria ter sido banido há tempos. Faustão não é muito melhor. Temos a pior televisão de todos os países.",1,1,ofensivo,ofensivo
"E o que você tá fazendo não fortalece, né,",0,0,não ofensivo,não ofensivo
Para que a caminhada continue os filhos do nosso presidente precisam parar de interferir. Os senhores FILHOS DO PRESIDENTE PRECISAM ATUAR NA ESFERA PARA A QUAL FORAM ELEITOS.🙏🙏,0,0,não ofensivo,não ofensivo
"São as HIENAS carregadas de perversidade e sem nenhum respeito por pela dor dos outros. Não passam de lixos! Não merecem se quer,um segundo de atenção. Tamo com a senhora,ministra! Estamos do teu lado sempre. 🙏",1,1,ofensivo,ofensivo
"Muito merecido, ela é linda demais!👏👏👏👏👏",0,0,não ofensivo,não ofensivo
"Temos que calar a boca deste idiota, sai fora idiota vc tá procurando e vai achar.",1,1,ofensivo,ofensivo
"Deplorável, absurdo total. Ele vai ter q ser cassado, eu tô sem direção, perdi meu norte se esse lixo continuar no parlamento 🙏",1,1,ofensivo,ofensivo
"@paulopessatto poxa como você é otimista cara, seu otimismo é inspirador",0,0,não ofensivo,não ofensivo
Significado de tanto faz @giulianaaraujo906 😂,0,0,não ofensivo,não ofensivo
Toda força para você e sua família 🙏🙌,0,0,não ofensivo,não ofensivo
"@maisa vamos tesouro, ñ se misture com essa gentalha 🥺",1,1,ofensivo,ofensivo
Discurso perfeito e emocionante,0,0,não ofensivo,não ofensivo
É de esquerda? Sem explicações.,0,0,não ofensivo,não ofensivo
Piralha do ano !!😂😂 Vai pra escola para ser alguém por conta própria em vez de ser fabricada pela mídia mundial,1,1,ofensivo,ofensivo
"Deputada Mimimi, vai trabalhar! Larga o teclado da discórdia! Que dor na alma sua pessoa sente!Deus e um bom terapeuta para te socorrer. Vergonha!",1,1,ofensivo,ofensivo
Que absurdo. É muita petulância desse presidiário.,1,1,ofensivo,ofensivo
"Têm que haver uma maneira de combater esses miseráveis. Deus me perdoe, mas eles se acham que podem fazer o que querem.aff",1,1,ofensivo,ofensivo
Não dê isenção a pastores!!!!,0,0,não ofensivo,não ofensivo
Esse é o nosso queridão Thorcisio @tarcisiogdf ❤️❤️❤️ que Deus o abençoe abundantemente.,0,0,não ofensivo,não ofensivo
EXISTE UMA LINGA TÊNUE ENTRE O ENGRAÇADO E O PATÉTICO.,1,1,ofensivo,ofensivo
Sei quê seria um ótimo presidente votei pra você e não me arrependo se entra de novo votarei outra vez 👏👏👏👏,0,0,não ofensivo,não ofensivo
"Parabéns, mulher de verdade!",0,0,não ofensivo,não ofensivo
Volta pra escola garota tu é maluca ..,1,1,ofensivo,ofensivo
Demorou pra colocar esse ser na cadeia novamente,1,1,ofensivo,ofensivo
A fonte secou! Não tem mais propininha!😂😂😂😂,1,1,ofensivo,ofensivo
O único defeito dessa foto é que eu não posso abraçá-la,0,0,não ofensivo,não ofensivo
Amei sua fala Benedita💋,0,0,não ofensivo,não ofensivo
"Presidente Bolsonaro..... o melhor, mais competente, estávamos no caminho certo com a economia,tudo estava fluindo, vem o grande golpe, e tiram nosso presidente, jamais haverá outro como ele, porém podemos ter uma presidente bem próxima a ele,linda, competente, perfeita!!!!!!!",0,0,não ofensivo,não ofensivo
Louco de pedra. Tem que voltar pra cadeia URGENTE.,1,1,ofensivo,ofensivo
OS ALIADOS DA MORTE FORAM VENCIDOS. BANDO DE MILÍCIAN0S,1,1,ofensivo,ofensivo
Melhor episódio da vida ❤️❤️❤️❤️❤️,0,0,não ofensivo,não ofensivo
Eis que você estuda 4 meses de economia 20 anos atrás.,0,0,não ofensivo,não ofensivo
Vamos derrotar os demônios malditos 🇧🇷👏🇧🇷👏🇧🇷👏,1,1,ofensivo,ofensivo
"Ela que cuidado quintal da própria casa, já que está sujos com dinheiro de propina!!",1,1,ofensivo,ofensivo
"Pra mim conta mais valor ainda, o discurso dela, o seu posicionamento firme e empoderado. Meus parabéns à essa bela (por dentro e por fora) MULHER!!! ❤️",0,0,não ofensivo,não ofensivo
Qie feio pastor do diabo!,1,1,ofensivo,ofensivo
"Fica quieta joice, tá feio ja",1,1,ofensivo,ofensivo
Meu Presidente Favorito!!! 💖💖💖,0,0,não ofensivo,não ofensivo
Nosso presidente é jair Bolsonaro. Mito.,0,0,não ofensivo,não ofensivo
Esse meliante só fala bosta.,1,1,ofensivo,ofensivo
Deve ter pena dela quando descobrir os podre dela essa imoral,1,1,ofensivo,ofensivo
Respeitem aqueles que saem todos os dias de casa pra nos defender. Respeitem a policia brasileira.,0,0,não ofensivo,não ofensivo
"Ele ainda ri, é um imoral",1,1,ofensivo,ofensivo
Vagabundos como esse que o Brasil não precisa,1,1,ofensivo,ofensivo
A imprensa parece as vezes um judas.,1,1,ofensivo,ofensivo
"Meu ídolo, a esperança para nos salvar da insanidade desse presidente idiota. @fernandohaddadoficial",1,1,ofensivo,ofensivo
"OUTRO BANDIDO COMUNISTA Q VCS APOIARAM A REELEIÇÃO DO CHILENO CORRUPTO MESMO SABENDO Q ELE NO GOVERNO PASSADO ENGAVETOU AS 10 MEDIDAS DA LAVA JATO, COMO PODEM DEIXAR DE APOIAREM O MARCEL DEPUTADO BRILHANTE,INTELIGENTE P REELEGER ESSE CORRUPTO COM PAI RÉU E ELE COM PROCESSO EM CURSO,VCS FORAM ILUDIDOS PELOS TRAIDORES DO DEM INFILTRADO NO GOVERNO P ATRAPALHAR OS PLANOS DA NAÇÃO BRASILEIRA E DO GOVERNO BOLSONARO, SÓ IDIOTA NÃO VÊ Q ÔNIX LORENZZONI É TRAIDOR, ACORDA BRASIL...",1,1,ofensivo,ofensivo
Cala a boca. Deixa eles falarem pois eles estso pegando até palavras no ar até pensamento para ter motivo para falar e criticar. Fica quieto você não é amigo do Predidrnte você é filho pior ainda por isso a cobrança e mais dura e oportunísta. Sossega essa boca. E faz tud parte engole sapo para depois engolir eles ok,1,1,ofensivo,ofensivo
"Eu tenho ranço desse estocador de cocô, mas entendi o que ele quis dizer em relação à Roraima. A população desse estado teve muitos problemas com os imigrantes venezuelanos. Agora ele errou ao dizer, que um governo de esquerda na Argentina faria isso, está mais fácil a gente emigrar para lá se isso acontecer.",1,1,ofensivo,ofensivo
"Cadê os responsáveis de preservar os direitos das crianças.... eu respondo indignada, que até mesmo os conselhos tutelares que poderiam fazer alguma coisa, não vão fazer, pois estão nas mãos da universal, igreja de corruptos e safados. É minha gente estamos indo de mal a pior....",1,1,ofensivo,ofensivo
Ess joice é traidora mesmo ganhou nas costa do presidente e agora traiu,1,1,ofensivo,ofensivo
Racismo é crime inafiançável. Tem que tirar o mandato desse canalha.,1,1,ofensivo,ofensivo
Vai trabalhar sua nojenta,1,1,ofensivo,ofensivo
"Não aguento mais . Pelo amor de Deus , nesse País os poros dessas pessoas que respira Lula Credo! Chou coisa ruim . Oremos para vê se pensam em coisa sadia 🙏🙏",1,0,ofensivo,não ofensivo
Vergonha ! Globolixo sempre contra o governo,1,1,ofensivo,ofensivo
Parabéns Benedita...esse canalha precisa ser punido!,1,1,ofensivo,ofensivo
"País de bananas, bando de canalhas que não estão nem aí para o povo",1,1,ofensivo,ofensivo
Kkkkk grande m. Piralha do Caralho,1,1,ofensivo,ofensivo
Que gente asquerosa!!! 🤮,1,1,ofensivo,ofensivo
"Kkkkkkkkkkk querem enfiar viela abaixo que houve negligência do Governo! Mas ignoram de onde veio o óleo, e muito pior ignoram o crime terrorista que ocorreu.",1,1,ofensivo,ofensivo
Você. Não. Está. Sozinho. Seguro firme a sua mão. 💓💓💓💓💓💓💓💓,0,0,não ofensivo,não ofensivo
Não vou acionar o áudio porque não aguento a voz e o conteúdo dito pelo carniça.,1,1,ofensivo,ofensivo
Sinto muito mas tenho medo q ele atrapalhe demais o pai dele. Fala muito.,0,0,não ofensivo,não ofensivo
"Esse é a verdadeira vergonha. Ser evangélico ou ser católico remonta o amor ao próximo, mas esse cara é vil e preconceituoso.",1,1,ofensivo,ofensivo
Esses fdp que tinham que ficar em cela com esses criminosos que não vem uma mulher há tempos !!,1,1,ofensivo,ofensivo
"@grazi_diphylleia acabei de ler na imprensa. De fato, a situação é grave e eu não queria estar na ele de Manaus e entorno agora. Meu Deus 😱",0,0,não ofensivo,não ofensivo
Muito triste ver como a imprensa brasileira se porta.,0,0,não ofensivo,não ofensivo
Ñ suporto essas palhaçadas esse ñ. me representa.,1,1,ofensivo,ofensivo
Esse nunca mais pisa nos USA 😳😳😳😳😳😳😳😳😳😳😳😳,0,1,não ofensivo,ofensivo
Sua hora de ir morar com o LULA tá chegando,1,1,ofensivo,ofensivo
"Enquanto um protege nossas riquezas, o outro se preocupa com o cú alheio",1,1,ofensivo,ofensivo
Professor 2022 é vc se Deus quizer 🙏❤️,0,0,não ofensivo,não ofensivo
"Mais é muito cara de pau,sensacionalista e desinformada🤮🤮",1,1,ofensivo,ofensivo
Tá difícil viver nesse país,0,0,não ofensivo,não ofensivo
Todos os podres querem ser lider. Inclusive os filhotes mimados. O respeito entre voces nao existe.,1,1,ofensivo,ofensivo
Um desrespeito com um inocente. Esse cidadão teria de ter saído preso desse local.,1,0,ofensivo,não ofensivo
#maiatraidordapatria,1,0,ofensivo,não ofensivo
Libera nosso fgts,0,0,não ofensivo,não ofensivo
"Qualquer ser com um mínimo de intelectualidade pode falar sobre mudanças climáticas e impactos no mundo ainda mais com um discurso escrito previamente. Só mídia e papo furado, essa menina não sabe nem fazer um pão com ovo na chapa mas é personalidade do ano, fala sério!",1,1,ofensivo,ofensivo
Ñ ganha nem pra porteira de puteiro,1,1,ofensivo,ofensivo
"Assim como no Brasil elegem, caneta azul a música do ano, lá fora eles elegem uma criança a personalidade... 🙈🙉🙊",0,0,não ofensivo,não ofensivo
Lutar sempre pela ordem e a dignidade de nosso país,0,0,não ofensivo,não ofensivo
"Exatamente!!! Sou pessoalmente contra esse tipo de comparação com nós mulheres - considero isso uma leviandade! Mas quando alguém consegue transcender esse lugar, e, com esse nível de consciência e empoderamento , não é só sobre um concurso, estamos falando de representatividade...e precisamos de mais vozes como a dela! ❤️😍",0,0,não ofensivo,não ofensivo
Família que ainda vai dar muitas alegrias,0,0,não ofensivo,não ofensivo
A insanidade mental tomou conta do Brasil. Lamentável.,1,1,ofensivo,ofensivo
Curtem os comentários fortalece a união ❤️. Os ricos se incomodam tanto que aparecem aqui pra comentar,0,0,não ofensivo,não ofensivo
"Daqui a pouco o povo brasileiro que vai migrar pra outros lugares, migração em massa. Com esse governo ridículo autoritário e idiota.",1,1,ofensivo,ofensivo
"Postagem ridícula Carla, vai trabalhar",1,1,ofensivo,ofensivo
"Não é possível que vai sair p prefeito , queremos vc presidente !",0,0,não ofensivo,não ofensivo
"Mentirosa, manipuladora, a serviço da desinformação e manipulação. Onde essa rede lixo, e seus lixos de locutores e apresentadores quer chegar? Já não chega o que a família proprietária vem ganhando desde o regime militar, sempre puxando o saco daquele governo por 21 anos?",1,1,ofensivo,ofensivo
Vai dar certo Brasil!,0,0,não ofensivo,não ofensivo
Ou essa estrategia é refetente a teoria da conspiracao ou esses filhos podem afundar o trabalho de enfrentamento a essa esquerda danosa que o Presidente esta fazendo,0,1,não ofensivo,ofensivo
Esse filho de chocadeira tem aversão à família e religião porque é fruto de uma família desajustada! Única família para ele e quadrilha e aposto que até entre eles deve haver briga! Quando esse velho bater as botas se já não bateu a ninhada dele vai se matar para dividir o fruto de uma vida de corrupção e desvios,1,1,ofensivo,ofensivo
"Que e esse imundo que se acha o moralista da conduta correta ? Deve ser um daqueles imorais , se achando gente do bem . No fundo tem medo de abrir a bíblia pq sabe o que faz da sua vida e pecaminoso . Pobre coitado de espírito e amor ao próximo .",1,1,ofensivo,ofensivo
"@marcialenita_ , concordo plenamente, o Bolsonaro sempre prezou pelo bem e pela paz de todos! Beijos 💚💛",0,0,não ofensivo,não ofensivo
Queria essa menina dando surra de debate na nossa câmara,0,0,não ofensivo,não ofensivo
Essa passou na fila da beleza várias vezes 😍,0,0,não ofensivo,não ofensivo
A máscara dessa traidora Joice Falsemam durou menos,1,1,ofensivo,ofensivo
Perfeita! Seja firme e forte minha querida. Pq muitos são fracos e inertes diante de um absurdo. 👏💗,0,0,não ofensivo,não ofensivo
Correto o silencio 🙏💚💛💙🙏 falta de respeito com ser humamo #inveja salmo 51,0,0,não ofensivo,não ofensivo
Faz toda diferença,0,0,não ofensivo,não ofensivo
Que Deus nunca a abandone ministra!,0,0,não ofensivo,não ofensivo
Governo de milícia 🍊,1,1,ofensivo,ofensivo
"Emprego é bom mas ganhar 1.200,00 por mês pra cuidar de casa e filhos, é outra história. É muito pão e circo.",1,0,ofensivo,não ofensivo
PT quadrilha unida,1,1,ofensivo,ofensivo
como assim ele fica rindo,0,0,não ofensivo,não ofensivo
Os filhos do mito atrapalham demais! Batem fora do bumbo!!,1,0,ofensivo,não ofensivo
Eternas SAUDDADS,0,0,não ofensivo,não ofensivo
Deixando os pobre cada vez mais pobre. É bem como o Lula falou mesmo pobre é só número. TUDO BURRROOOO,1,1,ofensivo,ofensivo
Nossa ela é muuuito linda maravilhosa representou muito a raça negra,0,0,não ofensivo,não ofensivo
Nojo desse demônio,1,1,ofensivo,ofensivo
Conheco uma vagabunda de longe!!! 💩💩💩,1,1,ofensivo,ofensivo
Esse calhorda nunca mais terá a força que nosso Brasil tem hoje 👏🏻👏🏻👏🏻👏🏻,1,1,ofensivo,ofensivo
Se o comandante não respeita o povo. Eu o odeio por isso. Agora passo a odiar esse cara aí protegido pelo dinheiro ódio e nojo.....,1,1,ofensivo,ofensivo
"Os velhos coroneis agonizam. O mundo, nunca e jamais te aceitará em paz, Coronelzinho de Merda, Cala-te Tadeu! Seu tipo ja era, você ja deu!...Antes de Levantar teu chicote, pense....Quebraremos seus braços babaca! Toda solidariedade à deputada!",1,1,ofensivo,ofensivo
Gângster cafona raça ruim essa figura patética,1,1,ofensivo,ofensivo
"Bolsonaro 38, em 2022 vai ser no primeiro turno!🇧🇷🙏",0,0,não ofensivo,não ofensivo
Eu não fui entrevistado! Mas estou muito confiante com essas mudanças graças a família Bolsonaro!🙏🏻🙏🏻 que Deus os guie nessa jornada!,0,0,não ofensivo,não ofensivo
Deus abençoe nosso país 🙌🙌🙌🙌🙌,0,0,não ofensivo,não ofensivo
Lixo esses petzadas mais não adianta o Brasil e nosso,1,1,ofensivo,ofensivo
E é em nome de Deus que o diabo fala!!,1,1,ofensivo,ofensivo
Vc é a minha deputada.,0,0,não ofensivo,não ofensivo
Esse sim É excelente p uma entrevista 🙏👏👏👏🇧🇷🇧🇷🇧🇷+,0,0,não ofensivo,não ofensivo
Joice é uma VERGONHA.,1,1,ofensivo,ofensivo
Nisso vc tem razão . Os filhos do presidente falam muita besteira desnecessária,1,0,ofensivo,não ofensivo
"Ainda tem “especialista” da @globonews dizendo que @manueladavila pode torcer pela eleição de Cristina kirchner e Alberto Fernández, o Bolsonada pode ameaçar os eleitores livres da Argentina. Vergonha dessa imprensa descarada e burlesca.",1,1,ofensivo,ofensivo
"@matthews_salles Que bobagem! O Glen ñ precisa da proteçao de ninguem! O flavinho, sim!",0,1,não ofensivo,ofensivo
"nunca era pra ter sido presso, esses canalha vão pagar nem que seja no inferno",1,1,ofensivo,ofensivo
Vai dormir Benedita!!,1,1,ofensivo,ofensivo
Não estão vendo isso não...estão vendo que o larápio devia voltar para a cadeia,1,1,ofensivo,ofensivo
Avante meu Presidente e Capitão #BOLSONARO🇧🇷🇧🇷🇧🇷🇧🇷🇧🇷🇧🇷🇧🇷🇧🇷🇧🇷🇧🇷🇧🇷🇧🇷,0,0,não ofensivo,não ofensivo
@eldereliascustodio Faz parte da gentalha,1,1,ofensivo,ofensivo
Você está contra o governo ? Não to entendendo mais seu posicionamento . Essa menina ridícula acusa sem dar soluções . Está sendo financiada por pessoas com muitos interesses. Fica ligada,1,1,ofensivo,ofensivo
"Gente já passou da hora de tirar esse bagageiro do ar! Isso não é velhice, isso chama-se falta de respeito! E isso país acham graça dessas besteiras!",1,0,ofensivo,não ofensivo
"🤮cambada de canalhas, sempre estiveram contra o Brasil e o povo brasileiro 🤮",1,1,ofensivo,ofensivo
"Esses heróis da direitas são uns escrotos, doentes e perversos!",1,1,ofensivo,ofensivo
"Quem se importa com isso qdo nosso desemprego ainda está alto? Realmente é uma pirralha metida a certinha. Oq precisamos é foco no desenvolvimento interno, geração de empregos, desburocratização, corte de gastos do governo, mais saude e mais educação!!!",1,1,ofensivo,ofensivo
Cadê a Damaris que não se posiciona? 😂😂😂😂😂,0,0,não ofensivo,não ofensivo
Deveriam fazer um compilado de fake news só da Globo; criar um site só para isso!,1,1,ofensivo,ofensivo
Veia safada.,1,1,ofensivo,ofensivo
Parabéns presidente 🇧🇷🇧🇷🇧🇷🇧🇷 que Deus o abençoe sempre 🙏🙏🙏🙏 o Sr e sua família.,0,0,não ofensivo,não ofensivo
Onde foi feita essa Pesquisa na sede do PT,0,0,não ofensivo,não ofensivo
"Kkkkkk idiota essa Lei sei lá. Muito idiota ""mexmo"".",1,1,ofensivo,ofensivo
Parabéns!!!! O Sr merece.,0,0,não ofensivo,não ofensivo
Esse sr deveria ser preso.,1,1,ofensivo,ofensivo
"Em uma sociedade ainda racista, onde uma mulher negra não é vista como padrão de beleza, quanta representatividade. 👏 Não é só beleza, é ocupar uma posição de destaque, independe de qual ela for 🤩❤️",0,0,não ofensivo,não ofensivo
Parabéns ministro Fachin tenha coragem e seja firme nesse momento a maioria dos brasileiros está te apoiando,0,0,não ofensivo,não ofensivo
Esse vídeo foi animal! Sempre muito bom ver gente inteligente conversando!,0,1,não ofensivo,ofensivo
O pior é ver o cidadão de bem aplaudindo😕,1,0,ofensivo,não ofensivo
"@matthews_salles Errar é humano, persistir no êrro, é burrice! Vai se preparando q o seu choro ñ demora",1,1,ofensivo,ofensivo
Ok. Esse é um crossover que nunca imaginei.,0,0,não ofensivo,não ofensivo
💜👏💜 além de ser uma mulher da verdade e muito linda,0,0,não ofensivo,não ofensivo
"Esses filhos do presidente só atrapalham, cada um tem que seguir a sua própria vida.",0,0,não ofensivo,não ofensivo
Vem pro PT,0,0,não ofensivo,não ofensivo
"Claro que Justo a liberdade de LULA, que a justiça seja feita para o nosso país voltar a crescer em 2022, não sei se os brasileiros vão aguentar fome, desemprego e etc...mais 3 anos até chegar 2022😔😔😔😔😔😔😔😔😔😔",0,0,não ofensivo,não ofensivo
A verdade sempre aparece,0,0,não ofensivo,não ofensivo
"Canalha, desgraçado",1,1,ofensivo,ofensivo
Como um presidente faz esse tipo de comentário? Depreciando um estado 🤦🏼‍♀️,0,0,não ofensivo,não ofensivo
Jesus o que tá acontecendo,0,0,não ofensivo,não ofensivo
"Eu não entendo como insensata não: eu entendo como um alerta que foi dado aos esquerdistas que estão achando que podem fazer a baderna que está acontecendo no Chile. Pois é Janaína, o AI-5 é para essas ocasiões. Os comunistas baderneiros ficam avisados.",1,1,ofensivo,ofensivo
Esse ministro é patriota !!! Parabéns !!!,0,0,não ofensivo,não ofensivo
Verdade Lula gigante,0,0,não ofensivo,não ofensivo
"Parabéns, mais uma vitória 🏅👏🏼👏🏼👏🏼 juntos somos mais fortes",0,0,não ofensivo,não ofensivo
Xandão já virou persona non grata assim como o chefe,1,1,ofensivo,ofensivo
"@marcelosousa1994 chora de que ? Ta todo mundo afundado no mesmo barco ue , em vez de ficar ai mamando ovo de político taxador dos mais pobres va procurar cobra-los.",1,1,ofensivo,ofensivo
"PRA TA FALANDO ESSA BESTEIRA AI PRA MEIA DUZIA DOS RETARDADOS QUE TE SEGUEM, TU DEVERIA LER O QUE É DEMOCRACIA, E NAO DEMONIOCRACIA QUE SE VICE HJ AQUI NO PAIS",1,1,ofensivo,ofensivo
Será que iram prender todos os militontos de esquerda?!...,1,1,ofensivo,ofensivo
"Haddad vc perdeu a eleição, mas eu não perdi meu voto.",0,0,não ofensivo,não ofensivo
"Deus onrre nosso governo. E parabéns pela perseverança, nunca desista do Brasil estamos com vocês, o Brasil precisa de pessos de coragem para enfrentar o militantes vermelho.",1,1,ofensivo,ofensivo
"Esse negócio de mulher NEGRA está por fora. Foi escolhida uma MULHER LINDA do continente africano. Mulher é mulher. Ou ela é diferente das outras por causa da sua cor. É mais sensual, mais carinhosa, mais inteligente...???",0,0,não ofensivo,não ofensivo
Lindao arrebenta,0,0,não ofensivo,não ofensivo
"@iltonh Acho q vc esta chamando a pessoa errada, ou ñ?",0,0,não ofensivo,não ofensivo
"Revisão do FGTS, Abono salarial atrasado, Revisão da vida toda, são direitos trabalhistas, Partido dos trabalhadores ainda não devolveu esses diretos.. O que a senhora diz?????",0,0,não ofensivo,não ofensivo
"Que asco. Uma pessoa assim não pode exercer a política, porque não contribui para o debate. É só atraso.",1,1,ofensivo,ofensivo
"E o discurso dela sobre a importancia de ocupacoes de espacos por mulheres e por mais liderancas femininas, foi maravilhoso!!! q potencia! q forca! Amei! Assistam! Eu vi foi um discurso de uma futura lider. Encantada. 👏😍",0,0,não ofensivo,não ofensivo
So negros morrem no Brasil? Bandido nao escolhe cor!,1,1,ofensivo,ofensivo
"Eu nao quero ser presidente, eu que ser DEPUTADO OU SENADOR...",0,0,não ofensivo,não ofensivo
Denúncia essa cambada!!! Quadrilha!!!,1,1,ofensivo,ofensivo
Os cara tá pensando mais em dinheiro do que em Jesus a Bíblia fala desses falso profeta,1,1,ofensivo,ofensivo
"Verdade, domingo teve um show da Unilever em Candeias/ Pernambuco# a multidão cantava Lula livre! E olhe que a prefeitura é Bolsonaro.",0,0,não ofensivo,não ofensivo
O miliciano mafioso está destruindo tudo e os alienados continuam defendendo esses pústulas!!!!,1,1,ofensivo,ofensivo
Fora bozzolino! Christina vamos a volver✌✌✌,1,1,ofensivo,ofensivo
"mulher não é uma pessoa, por isso está acima da sociedade",0,0,não ofensivo,não ofensivo
Pelo amor de Deus. Essa garota não é nada. E a mosca da bosta do cavalo de Dom Pedro II.,1,1,ofensivo,ofensivo
"Esse tal de valente fracassado , aí de cima, é um completo imbecil. apenas mais de 40 mil pessoas discordam dele kkkkkkkkkkkkkkkkkkkkkkkkkkkkkkkk",1,1,ofensivo,ofensivo
"A gente não precisa da sua pena, tenha pena do seu país que não tem florestas!!!",0,0,não ofensivo,não ofensivo
"Continue firme 😍Sou mais à esquerda, mas gosto da senhora. É responsável, sensata e inteligente! Autoritarismo de esquerda ou de direita é um erro, e nosso fracasso se equilibra nesses extremos... 🇧🇷",0,0,não ofensivo,não ofensivo
A única coisa que no momento a esquerda faz é rosnar!!,1,0,ofensivo,não ofensivo
Velha gagá FDP,1,1,ofensivo,ofensivo
"Cara de pau ! não desiste de atormentar o brasileiros , sai em nome de jesus👑 😍",1,1,ofensivo,ofensivo
"Combate ao crime só é risco, quando o PAÍS é comunista. O BRASIL não tem vez para o comunismo senhora. VAI TRABALHAR SENHORA !",1,1,ofensivo,ofensivo
O melhor presidente do mundo volta presidente 💚💛🇧🇷🇧🇷,0,0,não ofensivo,não ofensivo
Todos dos lindos professores,0,0,não ofensivo,não ofensivo
Vc é o máximo professor ❤️,0,0,não ofensivo,não ofensivo
"Alexandre, excelente seus comentários, com objetividade e poucas palavras você contribuí com informações importantes para o povo brasileiro. Parabéns e obrigado! Abs!",0,0,não ofensivo,não ofensivo
"@biancamelloimoveis , não há dúvidas sobre isso. Toda honra e toda glória a Ele!",0,0,não ofensivo,não ofensivo
"Vamos fazer assim, @jairmessiasbolsonaro e @gleisihoffmann - cada um coloca suas observações aqui.",0,0,não ofensivo,não ofensivo
Reestruturação da Carreira dos técnicos administrativos em educação das universidades federais!!!,0,0,não ofensivo,não ofensivo
É Joice... infelizmente votei em vc.,0,0,não ofensivo,não ofensivo
Parabéns companheira,0,0,não ofensivo,não ofensivo
"Mais um tapa na incompetência dos congressistas que se diz a favor do governo, com um apoio incopetente desses o governo tá ferrado. Só vencem batalhas de riacho, as de alto mar não ganham uma",1,1,ofensivo,ofensivo
@mariamenezes3258 nem vc acredita nestas bobagens,1,1,ofensivo,ofensivo
"Gente, na moral, Foda-se as asneiras que esse débil fala. Vamos parar de dar Ibope",1,1,ofensivo,ofensivo
"Não se iluda, aqueles que defendem a censura na Internet, não estão preocupados com as notícias falsas (fake news) e sim com as notícias verdadeiras! Censura nunca mais ! Chega de ditaduras",0,0,não ofensivo,não ofensivo
Mais uma mentira propagada pelo filha da Mentira!,1,1,ofensivo,ofensivo
Depois que a religião elegeu o capeta parei de acreditar...só acredito em Deus!,1,1,ofensivo,ofensivo
LINDO. fora racistas. fora fascistas,0,0,não ofensivo,não ofensivo
joice traidora,1,1,ofensivo,ofensivo
GRANDE BOSTA!,1,1,ofensivo,ofensivo
POIS É DEVERIA DEVOLVER O DINHEIRO AOS COFRES PÚBLICOS DO Brasil.,1,0,ofensivo,não ofensivo
#SOMOSTODOSDAMARES TJM ESSE CARA EU QUE é COLEGA POIS SE ELE FALA COM A SRA OU MELHOR ESCREVE MERECE MUITA PORRADA CADEIA PRA ELE SER ESTRUPADO POR UM MONTE DE CARA LÁ DENTRO,1,1,ofensivo,ofensivo
Deus es contigo ministra!,0,0,não ofensivo,não ofensivo
Precisamos de atenção nos contraventores das falsificações no Brasil. Tomem uma medida urgente @fernandohaddadoficial @mdicoficial estão acabando com o varejo.,0,0,não ofensivo,não ofensivo
@coca.figueiredo chefe não saber e normal..........fica na paz vamos nos alegrR mais segurança pra nós pais de família 👏,0,0,não ofensivo,não ofensivo
Coronel Tadeu??? Para mim é um bosta!!!!,1,1,ofensivo,ofensivo
Não me conformo que você não é o presidente atual 😭,0,0,não ofensivo,não ofensivo
"Lindíssima, parabéns!! 😍😍👏👏👏 quem acha q mulher não gosta de ser bonita tá mto enganado...",0,0,não ofensivo,não ofensivo
Desgracados ! Como alguém vota num bando desse?,1,1,ofensivo,ofensivo
Esses filhos vão acabar com o mandato do pai,0,0,não ofensivo,não ofensivo
Os filhos do nosso Presidente poderiam calar à boca!!!,1,0,ofensivo,não ofensivo
Essa vagabunda devia ter pena é da propina que ela levou que tirou de um hospital inteiro do Brasil,1,1,ofensivo,ofensivo
Deus prometeu o crescimento do nosso país e está se cumprindo essa promessa 🙌 GRAÇAS AO NOSSO DEUS QUE COLOCOU VCS PARA GOVERNAR O BRASIL @bolsonarosp 👏🏻👏🏻,0,0,não ofensivo,não ofensivo
😂😂😂😂 A globo passando vergonha 🆘🆘🆘🆘 GLOBOLIXO,1,1,ofensivo,ofensivo
Porra o presidente não serve pra porra nenhuma? Pra que presidente então? É o STF que governa o país? Estamos fudidos então... Se for isso mesmo o Brasil precisa de intervenção militar porque a nossa corte está recheada de bandidos!!!,1,1,ofensivo,ofensivo
"Dia 8 de Março, dia de luta, dia das lutadoras, dias das revolucionárias! Viva o 8 de Março!",0,0,não ofensivo,não ofensivo
"👏👏🏼🙌🙌vai ser condenado agora a pena maior e deverá ser preso em sela comum, nada de privilégios...bandido comum e sem D, tanto dinheiro e num comprou um Diploma oh kkk la na ufpa é fácil e baratinho oh...😂😂😂",1,1,ofensivo,ofensivo
👏👏👏👏 Parabéns Ministro pela decisão sensata!!!,0,0,não ofensivo,não ofensivo
Meu professor merece muito...,0,0,não ofensivo,não ofensivo
Sigamos em frente! Jamais desistiremos!,0,0,não ofensivo,não ofensivo
"Está morrendo na política e nao sabe, a cada dia no fundo do poço 😂😂😂",1,0,ofensivo,não ofensivo
"Essa ridícula aí, tinha que pedir desculpa ao nosso presidente",1,1,ofensivo,ofensivo
Dengue precisa e de vacina né de vídeo bonito não cadê as vacina,0,0,não ofensivo,não ofensivo
Como é bom ouvir gente sensata e inteligente!!👏👏👏💚💛,0,0,não ofensivo,não ofensivo
"Dá-lhe Cristina, dá-lhe Manu... Lula livre já👏❤️",0,0,não ofensivo,não ofensivo
Aaaah nao! A internet nao vai aguentar! 😍👏🏼,0,0,não ofensivo,não ofensivo
"Haddad Presidente do Brasil, em 2022.",0,0,não ofensivo,não ofensivo
👏👏👏👏👏👏👏👏👏parabéns vamos tira esse governo sujo,0,1,não ofensivo,ofensivo
Vc e a Greta: duas oportunistas,1,1,ofensivo,ofensivo
"Sério???? Engraçado que quem invadiu a Polônia foram os Nazistas. Você estava comemorando isso???? A invasão???? Fascista que fala, né!!!",1,1,ofensivo,ofensivo
Agora vai deus abençoe sempre 🙌,0,0,não ofensivo,não ofensivo
"Se ele trata assim um dos estados em que venceu (Roraima), imagina como trata outras localidades, como o Nordeste, por exemplo.",0,0,não ofensivo,não ofensivo
"👏👏👏👏👏 Jefferson Tenório, autor de livros obrigatórios. Retrata o Brasil que muitos negam!",0,0,não ofensivo,não ofensivo
Faço parte dos 50% otimistas,0,0,não ofensivo,não ofensivo
"Como sempre, onde vai estimula ódio. Os ares estiveram poluídos por aqui com a presença desta criatura maléfica.",1,1,ofensivo,ofensivo
Falou tudo. parabens as pessoas honestas ja intenderam isso,0,0,não ofensivo,não ofensivo
Perfeito!! Tem gabarito pra fazer o que está fazendo. Muito bom!!!,0,0,não ofensivo,não ofensivo
Porca branca nao cança de passar vergonha. Kkkkkk,1,1,ofensivo,ofensivo
#DEPUTADADECEPÇÃOTRAÍRA,1,1,ofensivo,ofensivo
Desgoverno miserável,1,1,ofensivo,ofensivo
Ninguém está preocupado com a pena dela. É melhor ela cuidadar do pais dela .,1,0,ofensivo,não ofensivo
Que mulher nojenta,1,1,ofensivo,ofensivo
Todos bandidos.,1,1,ofensivo,ofensivo
"E os trabalhadores nem aí, não existe vontade de lutar por direitos, greve geral só na história",0,0,não ofensivo,não ofensivo
Esse lularapio tem que ser julgado e condenado e voltar a prisão,1,1,ofensivo,ofensivo
Mas tu é mto cara de pau né Joice?!!!!tá se queimando sozinha......🤣🤣🤣🤣🤣👍,1,1,ofensivo,ofensivo
"A esquerda além de tudo, é invejosa!🤣",1,1,ofensivo,ofensivo
Aproveite seu primeiro e último mandato 👍👍👍,0,0,não ofensivo,não ofensivo
Que diferença Deputado Eduardo de vc pra seu irmão Flávio se dependesse de mim vc seria o embaixador do Estados Unidos 👏,0,0,não ofensivo,não ofensivo
"Os petralhas colocaram sua corja em todos os lugares, não salva ninguém, que tristeza ..",1,1,ofensivo,ofensivo
"Faz me rir!!! Pirralha!!!! Hittler, Stalin e Gretta!!! Exemplos de Personalidades do ano dessa revista de bosta!!!! Não serve nem pra por em fundo de gaiola pros pássaros cagarem em cima!!!!",1,1,ofensivo,ofensivo
"😂😂😂😂 debochado, foi bem pago..",1,1,ofensivo,ofensivo
"Eu votei no Lula, estou começando a me arrepender, pois hoje foi no mercado aqui no Rio, e vi o Kilo do Tomate a 16 REAIS! Entre outras coisas, e ele não tá tomando nenhuma providência!!",0,0,não ofensivo,não ofensivo
"@realrcoutinho, a PB se orgulha muito. Gratidão por toda luta.",0,0,não ofensivo,não ofensivo
"Queremos nossos direitos! É tudo muito lindo, mas queremos ter acesso ao básico, as terapias, doutores",0,0,não ofensivo,não ofensivo
Huhuuuuuu. Viva a beleza dessa mulher! Maravilhosa.... Somos fortes e unidas venceremos.. 🙌👏,0,0,não ofensivo,não ofensivo
Se não fosse o Tarcísio São Paulo já tinha quebrado,0,0,não ofensivo,não ofensivo
"Esse filho da puta quer é uma guerra no Brasil,esse cara é um psicopata tem que prender esse crápula,isso é um perigo pra sociedade brasileira",1,1,ofensivo,ofensivo
❤️❤️👏👏 LULA o melhor Presidente do Brasil 👏👏,0,0,não ofensivo,não ofensivo
"A resposta para um senhora desse , já que o dinheiro não vai ser devolvido. É um grande VA SE LASCAR, esquece o BRASIL e vá cuidar dos seus problemas",1,1,ofensivo,ofensivo
"Prezados Deputados e Senadores, com todo respeito, exigimos que pressionem o Sr Pacheco para colocar imediatamente o Impeachment do ditador Alexandre de Moraes",1,1,ofensivo,ofensivo
"Sou autista. Casada com autista. Mãe de dois filhos autistas. Me filiei ao @plmulherlondrina e sou pre candidata a vereadora na minha cidade. Fui muito bem acolhida pelo partido, que me deu oportunidade de representar os autistas e suas famílias. Confiaram em mim. Na minha capacidade. Estou só gratidão. E a @michellebolsonaro é minha inspiração. Eu vou conseguir! 🔥❤️",0,0,não ofensivo,não ofensivo
É muita gente que gosta de Bolsonaro,0,0,não ofensivo,não ofensivo
Q linda!!!! Bela mulher!!!! Parabéns a ela e a África do Sul!!! 👍👏👏😊😍,0,0,não ofensivo,não ofensivo
Desgoverno dos infernos.,1,1,ofensivo,ofensivo
Vc fez por merecer!!!,0,0,não ofensivo,não ofensivo
Quer fazer uma foto com as pessoas como vocês! Amam a paz!.,0,0,não ofensivo,não ofensivo
👏👏👏👏Parabéns Ministra!,0,0,não ofensivo,não ofensivo
Hitler e Stálin tb já foram capa da Times por serem escolhidos personalidade do ano,0,0,não ofensivo,não ofensivo
Essa é a face do brasileiro bolsonarista é racista e no gosta de dividir nada com ninguém. .onde anda a Igualdade? ??,1,1,ofensivo,ofensivo
"Os Bolsofanáticos !!! É até bonito de ver... Quanta fidelidade ao mito !!! Pra vocês, o Bolsonaro está acima da lei e da ordem, ele pode fazer e falar o que quiser, e vocês dizem Amém Capitão, por favor coma minha mulher, ou, coma meu marido !!! Afinal ele pode tudo né ??? Imagino que o sonho de vocês é que isso realmente aconteça !!!! Vocês são piores que os vermelhos que gritavam por Lula Livre !!!! Sinto em dizer-lhes mas, a pirralha está certa !!! Que base o Bolsonaro tem pra falar de Meio Ambiente !!! Não se pode falar nada contra o clã Bolsonaro que vocês se manifestam !!! 🤦‍♂️🤦‍♂️🤦‍♂️🤦‍♂️🤦‍♂️",1,1,ofensivo,ofensivo
De que adianta se só fica no papel!,0,0,não ofensivo,não ofensivo
Parabéns! Junte-se aos bons e serás um deles!,0,0,não ofensivo,não ofensivo
"Que sirva pra esquerda, que foi a maior propulsora de fakenews nas últimas eleições... Sabe qual o caminho agora? Denunciar os canalhas de esquerda e inclusive a mídia podre!",1,1,ofensivo,ofensivo
É RIDICULO UNS BABÕES DO ATUAL PRESIDENTE VIR POR HASTAG DO BURRO QUE HOJE GOVERNA O PAÌS.,1,1,ofensivo,ofensivo
Verdade hoje nos estamos libertos da maldade do demônio Lula liberto do engano,1,1,ofensivo,ofensivo
@lusilenegaspargaspar O RIVOTRIL SENHORA ESQUECEU MESMO 😂😂😂😂😂,1,1,ofensivo,ofensivo
Ministra Damares vc é a melhor!!!!!! Parabéns👏👏👏,0,0,não ofensivo,não ofensivo
👏👏👏👏 os melhores ! 😍😘,0,0,não ofensivo,não ofensivo
"Mulher vc é casada? Alguém sabe dizer se essa mulher tem homem? Porque não é normal ser mal amada assim, amarga, triste, focada em uma coisa que não vai te levar a se elevar nunca, só derrocada fia, gaste seu precioso tempo procurando um boy nega, daí você vai ver o tempo perdido inventando coisas, mentindo descaradamente, vai dmsegue meu conselho, vc já está idosa mais ainda dá um caldo./",1,1,ofensivo,ofensivo
Ridículo....Velho babao,1,1,ofensivo,ofensivo
Um presidente e uma 1a dama comprometidos com a Inclusão 😍,0,0,não ofensivo,não ofensivo
Que discurso emocionante! Parabéns Benedita 👏👏👏,0,0,não ofensivo,não ofensivo
Não estamos nem aí para a opinião dessa PIRRALHA!!!!,1,1,ofensivo,ofensivo
"E o PSL como sempre, envolvido das atrocidades .",1,1,ofensivo,ofensivo
"Dois gatos lindões , inteligentes e de esquerda! Perfeito!",0,0,não ofensivo,não ofensivo
"A estratégia de Soros é apoiar movimentos de protesto que minam os nacionalismos, colocando acima as reivindicações sociais globais, que desafiam os governos progressistas com um senso de pátria. De pertencer a um território e uma cultura. Malala e Greta fazem parte dessa estratégia, embora a mídia corporativa do mundo esteja focada em saber se a garota escandinava pode retornar de veleiro, mula ou skate para sua escola sueca, para não se contaminar no caminho de volta.",0,0,não ofensivo,não ofensivo
Onde é esse presídio?,1,0,ofensivo,não ofensivo
"Parabéns meu querido e eterno PRESIDENTE BOLSONARO que DEUS abençoe poderosamente o Senhor e sua família... felicidade, saúde,paz e prosperidade 👏👏👏👏💚💛🇧🇷🇧🇷🇧🇷🇧🇷",0,0,não ofensivo,não ofensivo
"🇧🇷Isso não é um jornalista, muito menos o homem, mas sim um Cafajeste, um crápula, um bicho ruim de chifre, rabo e garfo na pata, um ABUTRE com um microfone na mão. Acho que nem a mãe dele ele respeita como mulher. Quanto mais senhora !",1,1,ofensivo,ofensivo
Sempre vale a pena te ouvir!,0,0,não ofensivo,não ofensivo
Desiquilibrio total.,1,1,ofensivo,ofensivo
Que horror!!! Cruzes!!!,1,1,ofensivo,ofensivo
@maldonado_bru Esse fernando ñ enxerga a realidade!,0,0,não ofensivo,não ofensivo
Gente esse cara deve envergonhar até o Satanás.,1,1,ofensivo,ofensivo
"Esse trevoso saiu da cadeia só para estigar o ódio ,a revolta e o caus no Brasil,mas não conseguirá,Deus no comando do nosso presidente 🙏🇧🇷🇧🇷🇧🇷🇧🇷",1,1,ofensivo,ofensivo
"No Brasil ñ pensou, e sim na sua pessoa. Patriota de bosta",1,1,ofensivo,ofensivo
Oxi... aquele ali é o Freixo?... como assim? Dia de semana não é dia dele tá na piscina do Copacabana Palace com a esposa? 🤔 Essa esquerda socialista tá muito estranha...,1,1,ofensivo,ofensivo
Volta bolsonaro e Michelle vcs deixaram um legado lindo👏👏👏,0,0,não ofensivo,não ofensivo
Linda demais . Me representa,0,0,não ofensivo,não ofensivo
"Esse desgraçado incentivando guerra civil. Exército fica de olho, bandidos tem q está na cadeia. Esse partido sempre incentivou guerrilhas, são uns, pilantras miseráveis.",1,1,ofensivo,ofensivo
Parabéns intelectual orgânico da classe trabalhadora,0,0,não ofensivo,não ofensivo
ELA É A MELHOR DEPUTADA DO BRASIL....CARLA E DESTEMIDA CORAJOSAS MERECE NOSSO TOTAL APOIO....,0,0,não ofensivo,não ofensivo
Mais que perfeito!!!,0,0,não ofensivo,não ofensivo
Cadeia nessi mizeravel disgrasado que feis isso aí esse disgrasado estava aí si amostrando o dominador momtrando a todos nós negros incruindo eu um cara maldito esse cara estava demostrando ali naquele momento a guria dele comtra nois negros desse país,1,1,ofensivo,ofensivo
"Alem de bonita, inteligente!",0,0,não ofensivo,não ofensivo
Cínicos bandidos,1,1,ofensivo,ofensivo
"Claro, e criança adolescente, mas tem postura de bruxa",1,1,ofensivo,ofensivo
"Você é desprezível, coloca também que essa mesma revista elegeu Stalin e Hitlher personalidades do ano ! Sua lixo !",1,1,ofensivo,ofensivo
Vai dar certo! 👏👏👏,0,0,não ofensivo,não ofensivo
Que corja asqueirosa.,1,1,ofensivo,ofensivo
Vamos continuar lutando,0,0,não ofensivo,não ofensivo
Povo burro,1,1,ofensivo,ofensivo
👏👏👏👏falou tudo Carla Zambelli é orgulho para o Brasil.,0,0,não ofensivo,não ofensivo
Esse é abaixo de estatura e de caráter,1,1,ofensivo,ofensivo
A Joice já falou em vídeo sobre intervenção ta falando ok agora.essa .,0,0,não ofensivo,não ofensivo
Agora estou feliz!,0,0,não ofensivo,não ofensivo
"Homem doente! Não entendo a mãe levar num programa desse também, triste",1,1,ofensivo,ofensivo
"Cadeia nele, será que vão ter punição?",1,1,ofensivo,ofensivo
"A esquerda fala um monte de coisas contra o governo, prometem por.fogo no país, uma tal lá do Rio disse que sem derramamento de sangue etc e aí ,fala algo sobre isso",1,0,ofensivo,não ofensivo
"Parabéns, ex presidente inelegível. Quem sabe no seu próximo aniversário vai comemorar na Papuda. 😂😂😂",1,1,ofensivo,ofensivo
"A Time devia colocar como personalidade do ano as crianças que são vítima de casamento precoce e morrem na primeira relação sexual por inúmeras perfurações internas mais e mais fácil colocar o que bem lhe convir o presidente está certo e uma pirralha sim e deveria estar aprendendo que o mundo inteiro está sendo destruído principalmente pessoas,,,,deviam observa os peixes grandes.....",1,1,ofensivo,ofensivo
Mas ele só disse verdades uma pirralha criança usada pela esquerda.,1,1,ofensivo,ofensivo
É só eu que acho que uns 80% é do oitavo?,0,0,não ofensivo,não ofensivo
Coloca o ministro Tarcísio para falar na televisão todo dia que o pessimismo acaba,0,0,não ofensivo,não ofensivo
Muito forte ! Mas não tocará os corações dos poderosos 😢😢😢,0,0,não ofensivo,não ofensivo
Haddad vai pegar prisão perpétua,1,1,ofensivo,ofensivo
"E outra coisa, quem perguntou a opinião dela? O que nos interessa? VAZA OMELETE PODRE",1,1,ofensivo,ofensivo
Vota numa praga dessas!,1,1,ofensivo,ofensivo
SEGUE O LÍDER NÃO TÊM PRÁ NINGUÉM,0,0,não ofensivo,não ofensivo
"Meu Presidente, Deus lhe abençoe e proteja. 🇧🇷",0,0,não ofensivo,não ofensivo
Verás que o filho teu não foge à luta....,0,0,não ofensivo,não ofensivo
Que tal governadora do Rjkkk,0,0,não ofensivo,não ofensivo
Filho do diabo,1,1,ofensivo,ofensivo
"maravilhosaaa, icone ecossocialista!! não se deve manter um sistema de crescimento infinito quando se tem recursos finitos e quase extintos.",0,0,não ofensivo,não ofensivo
"Estou indignada com tanta violência e preconceito. Estamos com a senhora, Ministra.",1,0,ofensivo,não ofensivo
Viva o nosso Presidente Bolsonaro 👏🙌👏🙌,0,0,não ofensivo,não ofensivo
Estamos precisando do DEPUTADO FLÁVIO BOLSONARO 🇧🇷🇧🇷🇧🇷🇧🇷🇧🇷🇧🇷,0,0,não ofensivo,não ofensivo
Pega seu dinheiro comunista de merda e da pra ela 😂😂😂😂😂,1,1,ofensivo,ofensivo
👏👏😢falou tudo Greta Thunberg.,0,0,não ofensivo,não ofensivo
Isso é um LIXO.!!!! COMPROVADAMENTE!!,1,1,ofensivo,ofensivo
Essa senhora é uma currupta igual seus amiguinhos do PT.,1,1,ofensivo,ofensivo
O Brasil nao podem ter racistas porque Uma naçao forte e Uma pais desenvolvido so cresce com a uniao de todos um presiza do outro,0,0,não ofensivo,não ofensivo
O bicho vai pegar,0,1,não ofensivo,ofensivo
"E um desgraçado, mais uma dia Ele saí",1,1,ofensivo,ofensivo
"Meus olhos doem demais quando leio oq esse bobão fala, socorrrro",1,1,ofensivo,ofensivo
Vamos lá @_pedrolucasfernandes como meu representante .. votei em vc .. hora de retribuir a gentileza,0,0,não ofensivo,não ofensivo
Candidato a embaixador comemorando o massacre que a Alemanha nazista fez quando invadiu a Polônia.,0,0,não ofensivo,não ofensivo
"Divina demais. Uma deusa de mulher. E quando assumiu o microfone, deixou todos emocionados com suas palavras, representatividade explodiu ali para a mulher negra, sempre subjugada como objeto (e sem valor) ... e a Miss Sul-africana mostrou que a luta ainda não acabou",0,0,não ofensivo,não ofensivo
Numa pesquisa entre lula e moro... o moro dar de lavada ... deixe de ser mentirosa... o povo brasileiro cansou de ser enganado por vcs... aproveita ai deputada.. e fale do 13 do bolsa familia que tá sendo pago... dinheiro esse que ia pra pessoas que nao precisava... mais de 500 mil pessoas recebia sem precisar... nao seja hipoclita... o seu mandato so ta servindo pra atrapalhar o brasil... há... kd como é que ta o seu patrao depois da pena dele ter sido aumentada pra 17 anos?,1,1,ofensivo,ofensivo
Muito amor em uma foto,0,0,não ofensivo,não ofensivo
"Acontece q todos riram, e a pior de todos ai foi a mãe da meninia,hipocrisia queri vê se fosse um anônimo se ela ia ri.",1,1,ofensivo,ofensivo
"Ele podia cansar de passar vergonha, está cavando cova pro governo.",1,1,ofensivo,ofensivo
Próximo presidente depois da reeleição do Bolsonaro..👏👏,0,0,não ofensivo,não ofensivo
Ah mas pode ter certeza que do serão consideradas fake news aquillo q for contra a corrupcao,0,0,não ofensivo,não ofensivo
Vergonha dessa bandida!!!,1,1,ofensivo,ofensivo
Luladrão ! Canalha!,1,1,ofensivo,ofensivo
Deus está frente do nosso JAIR,0,0,não ofensivo,não ofensivo
"Parabéns, professor. Que pena você não ser nosso presidente!!!!",0,0,não ofensivo,não ofensivo
Parabéns pelo excelente trabalho sr Haddad,0,0,não ofensivo,não ofensivo
👏👏👏 PARABÉNS professor Haddad.,0,0,não ofensivo,não ofensivo
Meu Deus. Ela tem apenas 16 anos com toda essa lucidez e sensibilidade? Tem gente governando por ai que não consegue falar uma frase que faça algum sentido... tanto a aprender com as crianças e os jovens! Maravilhosa!,0,0,não ofensivo,não ofensivo
Vagabunda ordinária velha dó capeta vai cuidar da sua bunda velha esclerosada,1,1,ofensivo,ofensivo
❤️muito amor por esta garota!!,0,0,não ofensivo,não ofensivo
Vc é a prova da lástima que a educação do Brasil está.,1,1,ofensivo,ofensivo
Verdadeiros HOMENS DE DEUS ……..A BONDADE DE DEUS DENTRO DELES E A IMAGEM DE DEUS POR FORA ….lindos … Deus abençoe todos vocês os guarda e os livre de todo mal espiritual e de homens sanguinários.💚🩵💙🙏,0,0,não ofensivo,não ofensivo
Basta 4 pra fude 220 milhões de pessoas.kkkkk,1,1,ofensivo,ofensivo
