text,label
"Os mais fracos ou seja o pobre que paga a conta, porque quem trabalha de carteira assinada e os mais pobres sempre são os mais prejudicado, e por isso que os super ricos vive defendendo ele pelo favorecimento as grandes fortunas. Kd o Queiroz",0
Linda e com um discurso poderoso 💟,0
Vc é desequilibrado cara...sem moral algum para quem realmente se importa com o Brasil...pena do seu pai que tem um filho burro igual a vc... até onde vc vai parar tentar querer impor as coisas???,1
Até parece que entende alguma coisa que está falando 😂,1
"vamos acabar com este STF , senado , vamos povo tá na hora de mostrar a força , vamos exército nos ajudem",1
✨ Parabéns! #DireitaGentequeFaz 👍👏👏👏...🇧🇷💐,0
Deixei de ser católica há anos. Mas tá aí um padre que me faz ter respeito por essa vocação religiosa.,0
"Que mulher linda!, que sorriso, que elegância, que charme...beleza que transborda 🔝🔝🔝👏👏👏👏👏",0
"Tu deveria assistir antes de alegar ""porque nós mulheres cansamos de ser objetificadas"", foi justamente por isso estar mudando, que Zozibini Tunzi foi eleita a Miss Universo na noite de ontem. Ela não venceu por ser ""uma mulher negra"", ela venceu porque teve foi a mais compentente. As respostas poderosas, uma história de vida incrível, ela mora em uma das áreas pobres da África do Sul, a comunidade dela vive em uma tribo e tem um próprio idioma. Ela já tentou o Miss África do Sul em 2017 e foi negada, e voltou esse ano, e ganhou. Ela sinônimo de luta, resistência e perseverança. Por isso ela ganhou. Assim como outras também, maravilhosas mereciam. Sabia que nesse ano tivemos uma Irlandesa, negra, afrodescendente, que é pesquisadora da Nasa? Pois bem, são mulheres assim que esses concursos estão nos fazendo conhecer.",0
"Pirralha 😂😂😂 não sabe de nada, e essas postagens dela são assessoradas por pessoas que estão patrocinando essa pirralha. Ela não sabe nem onde fica o Brasil. Pelo amor Deus! 😂😂😂",1
"Falta de RESPEITO ao extremo desse infeliz repórter, JUSTIÇA nesse IMBECIL",1
Você merece. Nós merecemos você! Volta!💕❤️,0
"Velho idiota, queria que ele tivesse perguntado pra minha neta.",1
Que vergonha!! STF trabalham em função da corrupção e bandidagem lamentável! 👎🏼👎🏼👎🏼,1
"Estamos a 3 dias nesse sufoco, tosse, dor de cabeça, nariz sangrando, garganta irritada, tá horrível 😢",0
Essa mãe tinha que ter virado a mão na cara desse velho nojento!,1
Eu acho que tem que fortalecer até aonde o defunto tem força!!!!,0
Parabéns Eduardo!!! Deus te proteja. Obrigada por tudo 🙏🇧🇷💚💛,0
Essa menina não tem nada de importante só por que protestou?,0
"Deputada Benedita, mulher brasileira, negra, guerreira vc nos representa......",0
"Freixo deve tá assustado...parece que ligou para um dos mandantes na Noite do Crime 🤷‍♂️ eita , quanto mais mexe mais esquerdista surge no caso",1
"Xandão agora vai tomar conta dos outros países tbm, é? Oxeeee",0
"Pois é @carla.zambelli esta senhora pena do Brasil .... ela tem é sangue nas mãos de uma nação pois dinheiro de corrupção mata cidadão de bem dinheiro este que é desviado de segurança, saúde e educação esse tipo de gente classifico como genocida pois acabam com nações inteiras por um ideal onde eles ficam ricos dominam as pessoas como escravos ... diria que até pior que terroristas pois terroristas matam em nome da “religião” não que algo justifique mas chega ser pior ... corruptos safados ....😡😡😡😡 que Deus nos livre desta cambada que articula em tempo integral a nova destruição ...🙏🇧🇷🇧🇷🇧🇷🇧🇷",1
PARABÉNS FAMÍLIA ABENÇOADA por Deus 🙏👏👏👏👏💛💚💛💚💛💚🇧🇷🇧🇷🇧🇷🇧🇷🇧🇷,0
Que pesadelo!! Que desgoverno! Que lixo este bolsofake!!😢😢,1
É uma afronta essa mídia achar que está acima de tudo.. ministra Damares merece respeito e admiração..quem não entende e não o faz merece o seu silêncio.. Deus abençoe nossa ministra,0
Quem é campeão em fake news ??Qual o partido que mais divulgou fake na eleição ??,0
"Inequivocamente Lula demonstra de forma cabal ter importante déficit cognitivo e que por esta e outras parece não estar apto a ser o presidente do Brasil. Triste Brasil que só anda de ré ou no máximo de lado. ""William Waack: Ao atacar Israel, Lula escolhe falar grosso e arruinar credibilidade da política externa Postura atual do Brasil no conflito na Faixa de Gaza, igualando israelenses ao Hamas, limita as opções da diplomacia depois da fase aguda do conflito""",1
"Povo deveria resistir mesmo , fazer igual Chile botar fogo no luladrão STF na corrupção seria ótimo começando por eles que é patrimônio de bosta!😂😂😂😎😎🇧🇷 ele.quer joga ele na Paulista",1
Pergunta mais idiota. Velho pervertido,1
Outro para ser cassado!,1
Como elegeram esse senhor??🤮🤮🤮,0
"Vocês estão fazendo tempestade em copo de água. Vc postando isto, também está dando munição para oposição. Pensa bem 🤔",0
O Congresso não nos representa! Precisamos fazer campanha contra reeleição. Vamos inovar para ver se muda alguma coisa!,0
"A esquerda esta cada vez mais odiada e os politicos, EM GERAL, cada vez mais desequilibrados",0
Benedita como sempre!!!!! Arrebentando!!!!👏👏👏👏,0
Eis o homem de bem. 😏,0
É tão absurdo que não sei nem o que dizer.,1
Presentão para a classe trabalhadora que votou pra se lascar.,1
Eu tenho pena é de você não ter sido da época do grande General Pinochet que lamentavelmente deixou sobrar este resquício de desgraça.,1
O melhor presidente deste país 🇧🇷 torcemos pela sua volta 🙏,0
"Até, agora! Só vejo as boas notícias! Vindo do filho do Bolsonario!! Mas dos outros! Não vejo nada, a ser feito, para o povo do país! Parabéns Eduardo 👏👏👏",0
"Perturbador, asqueroso, ridículo. 😡 #nãopassarão",1
Queria o Freixo e o Haddad candidatos a presidência.,0
Janaína tem razão...,0
"Enorme interesse em investir no agronegócio aqui, depois da queda do MARCO TEMPORAL?",0
Lugar de ladrão é na cadeia Lula bandido,1
2022 estamos com você professor vc e o cara 👏👏👏👏,0
Sem noção! Ministério público tira esse idiota do ar...,1
"👆👆 cada escorregada, q o programa caiu muito de audiência, além CLARO, das ""caras e bocas"" q são horríveis!! Essa #PTRALHADA cansou!! Ñ dá nem p tentar assistir!! DESINFORMAÇÃO e com viés ideológico e político!!🤮🤮🤮🤮",1
Só mulheres batalhadoras e abençoada por Deus. Trabalham muito para o bem do nosso Brasil.,0
Haddad é o ministro!!!!,0
Precisa fazer novas harmonizações. Estas ficaram mais falsas ainda...,1
Ele fala da esquerdalha brasileira como se fossem apenas umas centenas mas são milhões de brasileiros que pensam diferente desse sujeito.,1
"Popularidade ñ é poder. Evidentemente, o povo brasileiro ñ tem poder nenhum. (Olavo de Carvalho)",0
Parece que para atuar na #ONU precisa ter postura e comportamento #desprezível #hipócrita #falsidade.,1
Vamos mulheres na politica e na vida sem briga e posicao❤️,0
A pátria é amada por quem dá valor ao seu país. O único atraso que temos no Brasil chama-se Lula.,1
ESSA GUERRA É NOSSA 👍🏻👍🏻,0
"O Bozo vai mostrar pra ele como fica preso de verdade! PGR deve pedir 30 anos só no golpe, fora os outros crimes. Calma o aí gadaiada",1
"Essa nossa imprensa, me dá asco!",1
Rindo feito um condenado,1
O ministério do meio ambiente já se pronunciou?,0
Podia deixar o cara em paz. Inveja da peste. Mágoa reprimida.,1
Canalha.. Bandido.. quer ver sangue de irmãos brasileiros.. para satisfazer seu ego .. Bandido.,1
QUANTO MAIS RIDICULA ESSA CRISI HOFFMANN PODE SER ! ELA MESMA SE SUPERA KKKKKK. O BICHA DOIDA.,1
Parabens Professor e futuro Presidente Fernando,0
Isso não tem preço,0
"Mi mi mi mi mi mi mi mi. Vc é uma vergonha, não representa o povo do RS.",1
"Alguém ainda dúvida q vivemos uma ditadura do Congresso, Senado e Supremo? Desse jeito vai cobtinyar ""tudo como Dantes no quartel de Abrantes!"" E o Exército se fingindo de morto!😐",1
Vc já esqueceu da luta contra a corrupção foi senhora?,0
A ESQUERDA BRASILEIRA ESTÁ MORRTTAAAA,0
Compartilhei 👏🏻👏🏻 mas muitos não querem enxergar a realidade,0
A cara de frustração da vagabunda.😒😂,1
Esse cara vai furde com trabalhador brasileiro quem votou nesse cara tá lacado kkkkkkk,1
Você merece isso e muito mais. Parabéns .,0
AVANÇA BOLSONARO🇧🇷🇧🇷DEUS ESTÁ NA FRENTE🙌🙏NÃO OLHE PARA OS ADVERSÁRIOS PQ DEUS VOS DARÁ MUITAS VITÓRIAS EM NOME DE JESUS CRISTO AMÉM 🙌🙏🇧🇷🇧🇷❤️EU ACREDITO NA MELHORIA DO BRASIL🇧🇷,0
"Esse babaca está brincando com os Argentinos,os caras não arregaram para os Ingleses,ta querendo arrumar treta com os países vizinhos,e vai achar",1
Educação e Cultura eternamente presentes em nossa evolução. 🏆👏👏👏🇧🇷,0
Se apertar mais um pouquinho aparece mais gente .,0
STF uma vergonha nacional #intervençãomilitarjá,1
"👏👏👏👏 Deus está do nosso lado, com certeza!",0
"Temos que ocupar todos os espaços, usá-los a nosso favor. Foi o que fez Zozibini Tunzi. 👏🏾👏🏾👏🏾👏🏾",0
Bolsonaro é uma vergonha!,1
As universidades públicas federais estão sem suas verbas completas há anos! É uma situação trágica!,0
Tem que pagar aumento pros capangas públicos rouba a gente,1
"Que dupla, senhoras e senhores!!!! Amo muito!!!!",0
Esquerda maldita,1
kkkkkkkk tô com o presidente e o Lacombe!,0
😭😭😭 morro só de pensar num futuro devastado por causa do dinheiro. 😭😭,0
"Restam dúvidas sobre o trabalhador que vai ser afetado, pois é como se nada estivesse acontecendo nesse País!",0
Haddad é Lula !! Não solta a mão de ninguém,0
Tentando entender aqui pq uma solenidade (q alude à comemoração) à invasão nazista na Polônia????,0
"@manueladavila ficamos muito felizes que naquele ano tivemos uma mulher vencedora. Quando vier a Brasília, passe na redação para tomar um cafezinho conosco. ☕ E lembrando que o #premiocongressoemfoco deste ano será transmitido no nosso canal do Youtube, ao vivo, no dia 29 de agosto às 19h. Adoraríamos ter você nos prestigiando na live.",0
"Este sujeito é a escória da política brasileira, se não fossem os otários da igreja dele, que são roubados e o adoram, ele jamais seria eleito. Tenho nojo desse imbecil.",1
"Sem comentários!!!!! Fez .... e continua fazendo, melhor dizendo ......",0
Maaaano! Quero ver essa!,0
POVO DO BEM BRASILEIRO VAMOS APOIAR ESSE GOVERNO AO MÁXIMO,0
Governo sem pulso !! Frouxos !!,1
Muito obrigada por ter essa voz para com o povo negro desse país . Dos meus olhos saíram lágrimas .,0
Muito obrigada ao EXÉRCITO BRASILEIRO.😍😍😍😍😍,0
isso não é imprensa isso é abutres e o pior de tudo que muitos aí estão sendo pagos com dinheiro público dinheiro vindo de ONGs e de facções políticas criminosas disfarçadas de partidos políticos Essa é a pior parte.,1
Pedófilo. Era a pergunta que você fazia para suas filhas na hora de dormir?,1
Família maravilhosa. Parabéns querido presidente!,0
"Só roubo!!! 249 bilhões de déficit ano passado, 597 milhões de prejuízo nos correios!!!",1
@numretratofalado obrigada @jeferson.tenorio.9 por essa obra.,0
"Até onde isso vai? Cade o exército pra derrubar esses desgraçados que tomam o poder e riem da nossa cara @carla.zambelli o povo agoniza com esses desmandos da mal- dita justiça brasileira....nosso dinheiro pagamdo os ricos dalarios desses corvos, carniceiros ...homens que andam cercados de guarda costas, comendo nosso dinheiro em forma de caviar, e vinhos caros, viajando de primeira classe com a familia, soltando bandidos que ameaçam o povo trabalhadores de bem, sugam tudo que é do povo e dos xofres públicos....😡😡😡😡😡😡😡 indignação total....😡😡😡😡😡",1
Boca escrota essa .,1
Bom dia minha linda aproveito suas postagens para dizer que TMJ gratidão! Quero agradecer a todos que colabararam direto e indiretamente para o acontecimento dessa audiência em defesa das nossas crianças! Com foco na vulnerabilidade da crianças e adolescentes e sobre a criação de um novo conselho tutelar para Juazeiro!,0
Não podemos desistir do Brasil. Parabéns!,0
Porque é bandida igualmente a o presidiário cachaceiro do Lula,1
Parabéns Deus abençoe,0
Concordo. Só fala merda,1
ENTREVISTA PERFEITA,0
E continua sendo armação para Lula não se cadidata,0
"Parece que se a mulher é de direita ela não merece ser respeitada segundo jornais de Esquerda, pois não hesitaram nem um minuto em massacrar a mulher",1
Com certeza este governo de alienados e seus cúmplices sem falar de alguns de seus eleitores q estão vendo a sangria q virou o BRASIL E OS DEFENDE MEU NOJO NOJO E NOJO 😠😠😠🤮🤮🤮🤮🤮🤮🤮🤮🤮🤮🤮🤮,1
DEUS acima de tudo e de todos,0
Que lindo né @pr.marcofeliciano.oficial pastor do teu tipo os gato enterro.,1
parabéns presidente e sua equipe que Deus lhes renove sua forças.,0
Pastor do diabo,1
"E esse tipo de pastor, tem que viver no pasto.",1
"Veja abaixo o twiter de Dinesh D´Souza: “Crianças – principalmente meninas brancas nórdicas com tranças e bochechas vermelhas – eram frequentemente usadas na propaganda nazista. Uma velha técnica de Goebbels! Parece que os progressistas de hoje ainda estão aprendendo o jogo da esquerda, anterior da década de 1930.”",1
Top demais..👏👏👏👏 vivemos realmente um colapso..,0
"Meu cachorro cagando, trabalha muito mais pelo Brasil do que estes esquerdistas parasitas!",1
"Bom para os pobres, lascados que votaram nele👏👏👏👏👏",0
"Vai faltar cadeia para o pessoal do Pt, Psol, e outros 😂😂😂😂",1
❤️❤️❤️ Lindo 😍 parabéns pelo Trabalho maravilhoso que fazem pelo nosso Brasil ❤️❤️❤️❤️❤️❤️❤️❤️❤️ 💓 Meu Apoio meu Coração é vermelho,0
"Kkkkk Vc votou nessa rapaziada, mano?",0
"Exemplo de pastor, cidadão de bem, só que não.",1
"Merecemos respeito e valorização. O que o senhor pensa dd Cirurgião-dentista do estado de São Paulo recebendo R$ 1.800,00 de salário base.",0
João Gordo é uma personalidade muito forte e faz muita falta na TV aberta,0
Mulher arretada 👏👏👏,0
Com Deus venceremos!!Ele Honra sua Palavra!!Deus é Fiel!!🙌,0
"Minha querida Ministra, simplesmente obrigada por sua força, coragem é comprometimento. VC É UM ANJO",0
"Ué? Cadê o @kimkataguiri nessa? Ele foi lá babar o ovo do francês mais cedo, essa era a hora dele foder com o povo. Cadê o Kim aí?",1
Viva Argentina 😍,0
Vamos botar para arrombar... Pobre tem que se fuder,1
"Esse povinho da Globo, não aprendem mesmo",1
À máscara tá caindo👏👏👏👏 Lula Livreeeee,1
"Ridículo, depois de velho se presta a isso",1
"Não são Fala irresponsáveis, são falas que o povo gostaria de dizer",0
@patriciaabravanel imagino os programas infantis de vcs!,0
Cretina Hipócrita!,1
"A pessoa tem que ser muito imbecil pra achar que as pessoas vão fazer filho de propósito pra ganhar mais 150,00! Meu Deus! 🤦🏾‍♀️",1
Que saudade do regime militar,1
"Muito triste ver uma pessoa,que desempenha seu trabalho com garra ,coragem e muito profissionalismo,ser atacada dessa maneira!Será que,essa figura torpe,que se diz jornalista,não pensou que atacando uma mulher,com palavras tão desprezíveis,estava atacando todas!Como diz à Ministra Damares,é ridículo,é feio,é chocante!Muda Brasil!🇧🇷🇧🇷🇧🇷🇧🇷",1
@anselmo9788. Choraaaaaaa coleguinha. Teu presidente so venderia cachaça barata pros oi pinguços dele e olhe lá. Vocês vivem de bolsa família.Diferente da Direita que tem dinheiro pra comprar.,1
Corja de VAGABUNDOS,1
Falta cérebro joice. Nao é culpa dele nao. Nenem.,1
Que isso? Fecha a porta que as bruxas estão soltas,1
Parabéns pelo belíssimo trabalho 👏👏👏,0
Eu tô acreditando que você tá falando que é fake o abuso de crianças no Marajó. É sério isso?,0
Vamos nos unir para continuar vencendo🙌🙌🙌,0
Isso que dá NÃO ter Lei nesse Brasil .se tivessem prendido o bolsonaro o povo ja esyaria no seu lugar ..mais tão alimentando o gado depois NÃO reclama,1
Tadeu do PSL. (Partido Só de Laranjas.) Atitude repudiante. Tá louco meu!!! É hora de impor limites a esses fascistas de MERDA.🤢,1
"Essa tal pastor, que se diz deputado é muito baixo, ridículo.",1
Nunca vi um presidente não mandar no país e não ser respeitado em suas decisões,0
Se o patrão falou que é pirralha tá falado.,1
Meu presidente sem Papa na língua 👅,0
Viva nosso ministro,0
Deus continue abençoando nosso querido presidente!!!,0
Cara vagabundo !!😡😡😡😡,1
"Minha solidariedade hoje e sempre, Manu! Minha solidariedade a você, sua filha, sua família!🌻",0
Lula desgraçado,1
Vc é especial👏👏🇧🇷👍🇧🇷,0
A roliça rebelde 😂😂😂😂😂,1
Ele só faz campanha para a Dilma e o Lula. O partido não importa...,0
"Essa traíra vai se juntar com a esquerda radical em 3,2,1 ....",1
Ela é uma pirralha e ridícula . Robozinho,1
"Quando uma menina perde a paciência com o descaso e ganância humana, o poder econômico acima de tudo. Greta sua indignação é o começo de um mundo melhor, nosso planeta vão ser respeitado e seu futuro preservado.",0
Ta Tá de mais essa situação nesse país com esses milicianos,1
"Bem feito, que todos aqueles que tentam manipular as informações sejam desmentidos e envergonhados.",1
A verdade é o Brasil está na mão do AM,0
Pessoa horrorosa esse imbecil. Vai ter o retorno da lei 🙏🏼,1
@paulodaniel1975 hehehe...bom msm é ver gado bravo sem argumentos pra defender genocida😂,1
Melhor governador que poderia ter para SP..,0
E falam tanto em Deus....e assim vão enganando o povo. Hipócritas. Criaturas das trevas.,1
"Essa fala foi ótima, pra fazer a esquerda pensar bem antes de querer plantar o terror, quem está sem paciência agora é o cidadão de bem.",1
"Deus há de permitir que o Sr em 2022,seja nosso presidente, que não façam o mesmo que fizeram com Lula#13❤️",0
Não saia do governo...não saia...força ministra...nossas orações estão sobre a sua vida...Deus te fortalecerá...fique firme.,0
@jose1ete nem pra isso ele tem competencia! Ô medão!,1
"A Argentina ta cheia de brasileiros fazendo faculdade de graça, e um ensino de qualidade. Eu moro na Argentina e a educação aqui é super humanizada. Meus filhos estudam aqui, e amam a escola. No Brasil essa competição e obrigação de ter que fazer um vestibular para ter acesso a universidade é ridiculo e as escolas privadas querem nome em cima dos alunos.",0
Vai ser demais 💜💜,0
"Bem que fazer um belo pacotão, juntar esses parlamentares malditos, juntamente com seus eleitores, e mandar todos pra Cuba que lhes pariu....",1
@carla.zambelli o Brasil tem q ter mudanças! Começando pelas urnas.,0
Lula e o seu marido na cadeia sem vergonha!!,1
Tenha vergonha na cara e fale dos vcs fizeram com o Brasil!!! Nos fale sobre como está o Lula kkkkk,1
Esquerdopatas são uns vermes ainda não catalogados,1
Perde mais um voto,0
@hudsonformiga garoto do bem ❤️,0
"Por anos fomos vistos internacionalmente como um povo pacifico que convivia com a diversidade brasileira. Hj vivemos o genocídio denegros, negras e indigenas....Inaceitável! Estranho, bizarro!",0
E COMO ESTA A GUERRA DA RUSSIA..... SÓ FALAM AGORA DA GUERRA DE ISRAEL.... PORQUÊ?,0
Que ladrão tem que ir para cadeia,1
"A grande destruição ambiental no Brasil ocorreu principalmente durante os anos que a europa nos colonizava e hj europeu vem nos dar lição de moral, isso é um grande hipocrisia. Deixando claro que votei em Haddad Nordeste13",1
Desgraçado este Luladrão..mas aqui não é o Chile..e a maioria do povo é BOLSONARO,1
"A esquerda está acabada , já era",1
"Depois dessa vitória dá esquerda na Argentina o cocô do RACISTA até parou de sair todo dia, trancou o 👌🏽😂",1
Eu já disse : Se às Forças Armadas não FECHAREM este Congresso Nacional Corrupto nossa NAÇÃO estará condenada à Venezualizacao ; Seremos uma Republiqueta bolivariana !,1
"Bando de lixo, intocáveis até quando?",1
O deus desse ser sub-humano está em putrefação!,1
Poderia detalhar melhor a sua contribuição para receber a medalha. ? Senão fica parecendo homenagem político partidária ocasional.,0
O amor da minha vida! ♥️,0
"A imagem usada é o que, cambada de FDP. Vocês são os verdadeiros preconceituosos... usaram um negro vestido da bandeira do Brasil baleado e caído e um policial branco com arma na mão insinuando o que??? Cafajestes!!! Pilantras!!!",1
"Boa a fala do presidente, parem de dar moral pra essa pirralha, inclusive a senhora deputada.",1
Lindos que todos abençoados e protegidos de todo mal em nome de Jesus amém🙌🏻🙏🏻🌹✨✨✨,0
Ladrão Fdp,1
Lixo comunista,1
"A mãe ainda ri. Que merda de gente, cara!",1
E aí? O vídeo comprovou que era vdd...,0
"Amém Jesus, isso que a palavra do Deus dessas pessoas prega",0
A foto que eu precisava e não sabia ❤️,0
Olha só no nível da vestimenta de vocês para o bozo... Só aí já vemos quem é melhor.,1
Pena q vc não faz o mesmo,0
Se for pra ministro okkk,0
Cadê Doidamares? Como pode expor dessa forma uma criança?,1
"Minha querida, com esses corjas que temos no STF , no STJ, no STE e OUTROS tá dificil hein! Não dá pra entrar, matar um e suicidar; não resolve nada! Tem é que entrar com metralhadoras para exterminar a rataiada....",1
"Acredito ser apenas o início, deve ter mais gente envolvida. Importante sabermos os motivos desse crime hediondo",0
"Rindo ate 2022, quando votarei novamente no Bolsonaro. 😂",0
É muito absurdo isso!!! É imoral e criminoso sim... delito dos mais graves!tem que ser tirado do ar... da casa das pessoas esse infame! 🤬🤮😡,1
Amor cristão.,0
"@fallz.dev muito bem, você já tem a zambelli, a damares e outras do mesmo naipe. Brilhante",0
@danielduarte1982 fico muito feliz em ver vcs morrendo,1
"E quem escolhe essas mulheres? Eu sou contra e se sou contra a minha ideologia se mantém. A objetivação da mulher seja preta, branca, amarela é algo que tem que ser erradicado Manuela. É uma mensagem contraditória. No feminismo lutamos por mudar esses conceitos hegemonicos. A luta é de todas as mulheres e de todas as etnias",0
Não tinha anulado este processo?,0
"Essa menina é sensacional... quanta emoção, quanta garra! E ela falou tudo...",0
Bando safado,1
Não e verdade😄😄 a verdade e quê a esquerda não presta🔒🔒🔒,1
QUEM ESCREVEU ESSAS IMUNDÍCIES REPUGNANTES E QUEM AS PUBLICOU DEVERIAM SER ENTREGUES AOS VINTE PRRDID,1
"E você está mais do que provado que nunca foi Prezidente e o chefe de uma faquicao criminosso Reubou, matou, daquio o país inteiro, vai casar sapos mas por favor devolva todo nosso dinheiro que vocês saquearam destruiu-o 🇧🇷🇧🇷🇧🇷🇧🇷🇧🇷🇧🇷d🇧🇷🇧🇷🙏🙏🙏👏",1
"Pra tinha que emudecer esse canalha ladrao safado, tem que lavar isso que ele chama de boca pra falar de. Moro",1
Ela não é a mais bonita do mundo. É só um concurso e muito mimimi,1
"Ele só fala besteira, idiotice ou porcaria 😡😡",1
Vamos ver se pega a turma da esquerda,0
"Parabéns meu Presidente Bolsonaro 🇧🇷💚💛... Que o Senhor Deus dos exércitos lhe conceda saúde ,paz e alegrias ...DEUS TE ABENÇOE SEMPRE 💚💛🇧🇷🙏🏻🙌🏻",0
Melhor governador do mundo 👏🙌🇧🇷,0
Vai voltar pra onde não devia ter saído!!!!!,1
Cala a boca vcs são traidoras 😡,1
Boa noite meu amigo fica com Deus de lenbarsa a meu querido amigo lula liver deus abençoe a todos vocês,0
"Sou obrigado a concordar @joicehasselmannoficial e @janainacpaschoal infelizmente os filhos tem prejudicado e muito o pai, torço muito pelo governo do @jairmessiasbolsonaro pois acredito que ele pode levar o Brasil para novos rumos, mas Jair manda seus filhos calarem a boca, já virou um saco a ptzada de mimi usando as falas deles pra deturpar o bom andamento das coisas, nós agradecemos imensamente🙌🙌🙌",1
"Sessão solene pela invasão da Polônia??? Que isso?!!!! 😟 Bah, que decepção.",0
@manueladavila querida e que grande @jeferson.tenorio.9 ! Avesso da Pele é também um grande presente para qualquer data.,0
Parabéns meu querido Haddad. Você é tão capacitado e inteligente...#HADDADMEUFUTUROPRESIDENTE,0
Aprende a votar Brasil,0
Eu só queria que a Maísa desse um pé na bunda desse nojento! Uma rainha daquelas❤️,1
"Tem mais gentes envolvidos nessa barbare. Agradecemos ao Governo Federal, Ministério Público Federal",1
Bandido gay enrustido! Pedófilo de merda!,1
VIVA BOLSONARO 🇧🇷🇧🇷🇧🇷🇧🇷,0
Temos que votar em presidente e também deputados e senadores a favor do presidente,0
Eles fazem isso pq o salário deles está garantido no fim do mês. Esses vagabundos estão contra o povo trabalhador. Intervenção militar já no congresso e no STF.,1
Sem palavras pra esse canalha que quer provocar a baderna 😡😡😡,1
"Amo esses tipo de comentários construtivos e de esperanças, graças a Deus o Brasil está em boas mãos",0
"Fico pensando como povo se deixou enganar assim, e cada vez que ele tira alguma coisa de nós tem gente que ainda aplaude 😏🤢",0
"absurdo, porra aqui não e casa de veraneio. esses parlamentares tem que ser afastados, que palhaçada",1
A petralha tá fudida,1
OLHA AI QUEM CENSURA????? A ESQUERDA E OS VELHOS POLÍTICOS,1
Viver do comunismo é triste!! Uma hora o dinheiro acaba e você vai ter que trabalhar...!😡👊🏾😎🇧🇷🙏🏻,1
Vim olhar os comentários pra ver se ainda tem receitas,0
Vc merece isso e muito mais!!!❤️,0
Amei ver está idiota passando vergonha. ficou até sempre rumo🤪,1
LIXO. Lixo iDIOTA.,1
O asno e o descondenado pelo STF,1
Os filhos do Bolsanario não merece este pai,0
"Eu me sinto muito feliz em ver uma negra conquistar esse concurso! É um concurso de beleza apenas, e dai ? Que bom que a beleza negra foi exaltada de forma gloriosa, no topo do mundo! Viva a beleza negra! Salve! salve! África do Sul 👏👏👏👏",0
Piralha nem estudo tem e quer se meter em assuntos de nunca viu. E o pior é você dando moral pra esse assunto que desrespeita o presidente do nosso país.,1
Manu...como faz pra tirar este monstro do governo? Dwpois de tantas falas escrotas..ele ainda pode ficar assim...fazendo e falando o que quer? Atacando tudo e todos? Não tem ninguém pra tirar este 💩 daí?,1
Que jornalismo das coxas fake...globoxta!,1
Mas manifestar não é garantido em um estado democrático? Quanta hipocrisia. Manifestação legítima só quando é a favor pra vcs? Quanta hipocrisia.,1
Joice tem que ser relegada ao ostracismo,1
que horror! cadeia é pouco pra esse canalha!,1
Cadeia agora pra o anticristo,1
"Importante e forte relato, Manu. Só quem sofreu sabe da dor. ❤️",0
E ainda me perguntam...o que Bolsonaro está fazendo de bom?,0
"Grande Lula, sempre cercado de gente boa e inteligente. L",0
"Sai fora vaga, vagaba",1
Se tornou bem mais que um amigo RHUAN,0
E isso vale para os coxinhas 🍗🍗🍗 também ???? Nossa!!! Governo pato...🦆🦆🦆🦆🦆🦆 Só come abacaxi ...🍍🍍🍍🍍🍍,1
Nunca nem ouvi falar...pirralha q não sabe nada da vida...,1
"Mas é uma pirralha mesmo. Sair por aí em defesa do meio ambiente naquele barco com todo conforto até eu iria. É óbvio que ela não está sozinha nessa. Tem muitos adultos nos bastidores, muito bem intencionados. Fato!",1
"Olha a cara desse lula gente , acho que só pela cara de safado deveria ficar preso",1
"Os inteligente na pista kkkk o que mais que a galera sabe me contam eu não sabia dessa será que sou burra, a não eu não estava lá na guerra opis",1
Beleza não tem cor...👏🏻👏🏻👏🏻👏🏻👏🏻👏🏻,0
PPELO AMOR DE DEUS ALGUÉM CANCELA ESSE CARA! GENTEEEEE COMO PODE ALGUÉM TER VOTADO NESSE ESTRUME DE VACA PODRE,1
"Um Reino divido não subsiste! então, tá na hora do capitão unir o que o filho tá dividindo...",0
Quem e o chefão da quadrilha 🤣 dos petralhas 😂 babaca,1
@jearlisss para de falar bobagem,1
"A mim ela eh similar aquelas moças que ficam na rodovia que trocam ""serviços"" por $. Sem tirar nem por...",1
"Fora USA! Aliar-se ao USA, significa opor-se so resto do mundo. Fora#USA!",0
Meu presidente ! Te admiro tanto❤️❤️❤️,0
"""Conto de fadas sobre crescimento econômico eterno..."" excelente resumo. Tb ouvi isso na minha infância! Chega de falar de dinheiro, falemos de vidas!🌟",0
"Em público diz aleluia, amém, etc. No privado falam em espancamento virtual. A hipocrisia desses falsos cristãos é de doer nos ossos.",1
"Vamos continuar lutando pra defender nosso país contra esses bandidos,bom este vídeo 👏👏👏👏",1
USTRA VIVE EM 😎😎😎😎🇧🇷🇧🇷🇧🇷👏👏👏👏,1
"Quantos likes pudesse dar nessa foto, eu daria! ❤️❤️❤️❤️❤️❤️",0
"Boa Joice, sou da mesma opinião.",0
Porque ela também é BANDIDA,1
Tem cara de bandida,1
"Lindos, inteligentes e queridos!❤️",0
Seu pai detonou a floresta. Seu pai planejou com a Damares e o Salles o genocídio dos Yanomamis. Sabemos bem qual foi a relação do seu pai com a floresta.,1
"Condenado a 4,5 anos por caixa dois.......kkkkkkkkkk...",1
"Joyce não terá uma vida apolítica longa, não podemos nos enganar mais com ela, é muito ganância por poder, os próprios colegas não confiaram nela.",1
"Vagabunda, roubou o Brasil agora tá com pena, vá se fuder",1
"Da nojo de jornalista desse nível de escalão, será que ele tem mãe, irmãs etc. não sei quem é porque um lixo desse nem precisamos conhecer.",1
"Aqui em Vitória o comércio está aquecido, os shoppings cheios de pessoas com sacolas nas mãos, várias lojinhas sendo abertas...otimismo e esperança 👏👏",0
ALGUÉM PODERIA ME INFORMAR SE ESSE COISO É GENTE OU UM DEMÔNIO ENCORPORADO?,1
"Ótimo gente, que votou no mito, ainda vem mais...",0
A única coisa que o lula irá provar ..é como se apodrece na cadeia estando milionário de tanto roubar o povo. 🇧🇷🇧🇷🇧🇷🇧🇷🇧🇷,1
Duas cabeças pensantes! 💕💕💕💕💕😍😍😍,0
"Isso aí sim e postura de criança em ensino 👏🏻👏🏻 Não aquela lacracao de criança usando shortinho dançando funk ameaçando professor em sala de aula , como a esquerda incentivou os últimos 15 anos . #BolsonaroNeles 😎👉🏻👉🏻",1
Tentando entender a relação Argentina - RS além da proximidade geográfica.,0
Esse Feliciano não presta mesmo,1
Aiiii amo vcszinhos. ❤️,0
Meu Deus quanto desrespeito...essa mulher tem fibra!!!!🇧🇷👊🇧🇷👊,0
É melhor ouvir besteira do que ser surda.,1
"O problema do Presidente são os filhos dele. Se soubessem pensar mais, não teríamos metade dessas coisas.",1
"Argentina com Milei, no rumo certo para o sucesso....",0
O exemplo é muito forte e fortalece outras e outros também. Parabéns por tua jornada política,0
"Deus da misericórdia, livrai-nos desse mal!!! Eu não mereço nem ouvir a voz dele. Senhor tende piedade de nós!!!O cara enlouqueceu, a sede de poder dele, já matou muita gente!!!",1
"Carla, está confuso isso. Publica pra nós o trecho da lei que fala dessa punição, por favor.",0
Aff ranso desses corruptos,1
"Difícil acreditar que alguém que se diz humano, repórter, tenha tido a coragem de dizer essas coisas.",0
"#macriyafue !!!! A volver, vamos a volver! Que o Brasil aprenda com o vizinho!",0
@leina_maria_ da última vez tivemos o melhor GOVERNO que o Brasil já teve em toda história política brasileira,0
"Sabem, as vezes da vontade de desistir por ver tantas injustiça, mas é isso q a esquerda quer, mas não vão conseguir minar nossas forças que vem de Deus",0
Deus àbençoe vc presidente hadde,0
Sempre dando fora ! 🐴 burros,1
"Venezuelanos correm para o território brasileiro pedindo socorro,e esses esquerdistas que só pensam no poder apoiando aquele filho da puta daquele psicopata. Falei",1
A mesma história de sempre e Lula continua solto.,0
Ahhhh perfeito 👏👏👏,0
Esquerda UNIDA!!!!!,0
Alexandre o grande!! Esse tem credibilidade do povo.,0
Boa resposta...esse é o meu presidente. 🇧🇷🇧🇷🇧🇷🇧🇷🇧🇷,0
"Arre, alguém que ainda resiste aos “encantos” de Lula.",0
Bom. Não vejo problemas para nós mas sim para a esquerda que se sustenta somente em fake news.,1
"Li este livro ano passado, não dá para acreditar que foi censurado.",0
"Velho nojento, vocabulário imundo.👊👊👊👊",1
"Obrigada Presidente Lula!!! O senhor , sua força, sabedoria … são muito importantes para tod@s nós!!! Como É bom tê-lo a frente do Brasil!!! Liderança de valores significativos, aprendizagens, construções de caminhos bons … vamos ⭐️⭐️⭐️⭐️⭐️",0
Deve ter muitos bolsoburros se rasgando!!!!!!,1
Essa é a Quadrilha Satanica q está no Congresso Brasileiro. Pior foi quem votou nessa Gangue . Todos têm q perder seus Mandatos por Crime de Lesa Pátria!!!,1
Lulla é um fóssil político!,1
Grande encontro!,0
O Avesso da Pele é genial!!!! E Estela sem Deus é o meu preferido de @jeferson.tenorio.9 !!!!! Leiam!!!!!,0
Que loucura estamos vivendo... Meu Deus tenha misericórdia...,1
Ai meu coração! ❤️,0
Ficou claro pra quem ele governa?,0
Então já pode prender o HADDAD NÉ!,1
Caralho!! Que jornalista desgraçado!!!,1
"Fernando, a Globo está negociando com demônios outra vez... mas, o que acontece... no MUNDO espiritual alguém está cortando a macumba da Globo🌶hoje um astronauta morreu... se comunique com os partidos de Esquerda do B' Dos BRICS... e fale o ocorrido🙏 Mahasiah Amém🙏 a Globo Biscate NÃO",1
Pena da de vc devolva o que nunca foi teu,1
Essa baixaria que vc está fazendo me faz ter uma certeza: igual ou pior que ela!!!,1
Rapariga de cego ! Quem essa vagabunda pensa que é pra dar pitaco aqui dentro ! Vagabunda,1
Parabéns falou tudo e muito difícil ser Negro neste País,0
Pena que vc foi pro lado errado,0
Juntando duas excelência!!,0
"vcs não estão valendo mais nada ,o presidente está sem valor algum .",1
Bando de FDP 💩💩💩💩💩,1
Chata pra caramba. Tá velhota e horrível.,1
Joice mente tão bem que até mesmo ela acredita na própria mentira. Triste fim. Triste 😔,1
Meu futuro presidente ❤❤❤❤🍷parabéns professor,0
Amei a brusinha representando todas caminhoneira do Brasil. Te amo❣️,0
Excelentíssimo Sr. Bolsonaro o melhor presidente dos últimos tempos. Os PATRIOTAS ti Ama.,0
Estamos juntas senhora ministra Damares!🙏🙏🙏🌹🌹,0
Somos todos Brasil! Lula aqui não tem vez! Psicopata,1
Como alguém pode falar em honra se não sabe o q é isto e nunca teve.,0
Clínica. Faz parte da esquerda demoníaca.,1
"Deputada com certeza a sua massa cinzenta não foi feita para separar o par de orelhas. Está na constituição sim, manifestações são livres e podem sim serem feitas e em locais públicos, independente de autorização - Artigo QUINT0 parágrafo XVI. Fale com lisura, pare de mentiras.",1
Verdade! Então a pessoa da esquerda já pode ser presa por ficar publicando que o PR não fez nada até agora.,1
O menino de vó vai deixar vovó na papuda bozo na cadeia,1
"Ou melhor, pena que todas as escolas não tenham a mesma qualidade! Pois todos os alunos têm direito de estudar em escola de qualidade!",0
"Concordo c quase todas as suas visões, mas ser contra o concurso de blz me parece um pouco de radicalismo q não combina com o viés progressista q se propõe. Prefiro ver o concurso como uma forma de se valorizar a beleza feminina. A vitória de uma negra é um alento ao momento complicado q vivemos.",0
Tá difícil mesmo esse bolsonaro e um demônio,1
"Ohhh Manu, Laurinha já nasceu com consciência política e espírito solidário. Ela traz a empatia na alma. Você @ducaleindeckeroficial estão criando-a muito bem. Parabéns! Parabéns especial pra nossa Laurinha linda. E força pra vocês, querida♥️🌺🩷",0
Meu sonho é te ver na cadeia,1
Parece q tudo é ruim a menos q tenha um negro ou um lgbt no meio,1
Dois ícones da educação brasileira. ❤️,0
"Essa esquerdopata imbecil não consegue ser ouvida nem no Chile, sua terra!",1
@anthonymelo86 Vc gostou? acabou de falar!,0
@incriveislugares2 Engano seu! Isso é coisa da direita burra q fica querendo mostrar q escolheu o lado certo,1
Que venham outras prisões,0
"Essa emissora está indo para o buraco , cavado por eles mesmos , não noticiam a verdade , os apresentadores se lambuzam com o próprio veneno e acontece isso ao vivo !🤢🤮",1
"Vai cuidar do seu quintal, que o nosso a gente cuida,,corrupta😤",1
Jesus misericórdia,0
Tona no cu trabalhador brasileiro que votou no narcotraficante.,1
Dá-lhe Cristina!,0
"Vc deveria esquecer o Lula, vc nao tem projetos, e deixando o povo desempregados",0
Eu sou milicia digital. To de olho aqui.,1
Muito triste tudo isso.,0
Aprendeu a mentir direitinho,1
A Time so escolhe pessoas polemicas. Essa doida nao me representa!,1
O que mais falta para esse canalha roubar do povo? Pior presidente da história.,1
"Com um congresso frouxo, o STF continuará reinando. É muito rabo preso entre todos aí. Dos antigos congressistas, já esperávamos os conchavos. Dos novos, só decepções até o presente momento.",1
Isss aí @bolsonarosp 👏👏👏👏(Carniça humana!!!!! Lula)!!!!!,1
Só maracutaia!!!,1
Esse Congresso bandido tem mais poder que o presidente!!!,1
Bagaceiros no poder🤮,1
"Cadê os programas de fofoca, a tarde e sua que ñ tão caindo em cima, si fosse outro apresentador nossa o mundo aí cai",0
"Manu, acredito q nós permitimos essa objetificacao, o dia q pararmos de participar e andar nesses padrões, aí a coisa muda.",0
"Chora na cama que é lugar quente kkkkkk. Vcs não conseguem colocar 10% nas ruas!!! Hum...acho que conseguem sim, mas terão que soltar os presidiários, assim, fica tudo em casa",1
"Que venham Los Hermanos 🤣🤣🤣🤣🤣🤣🤣🤣🤣🤣🤣 Afinal, lá está maravilhoso hoje, está quase uma Alemanha em termos de desenvolvimento e solidez econômico-social 🤣🤣🤣🤣🤣🤣🤣🤣🤣🤣🤣🤣🤣",0
É um gagá mesmo esse desgraçado defensor do Bozo.,1
Estamos orando por vcs 👏🙏🙏🙏🙏💪💪💪💪,0
"Ser homenageado é bacana, mas Farroupilha? E os lanceiros negros?",0
"Um tapa nesse povo racista. Amei, linda, diva, maravilhosa, mereceu, parabéns.",0
O amor venceu😍,0
"Personalidade do ano deveria ser a primeira Dama Michelle Bolsonaro, que tá fazendo se tudo pra ajudar os menos favorecidos. Não essa Pirralha.",1
Esses caras tinham que se Preso!!,1
"Tu ta bem , mas teu irmão @carlosbolsonaro ta arregando de ir em outros programas como o Pânico, fica só no twiter , tem que ir pra frente de batalha que nem vc faz.",1
@twiggoficial não é proibido não. Olha quanta felicidade!,0
Creio que ainda vou ver 90% das escolas passar para a administração militar. Ordem e progresso .,0
"Tá feio e cansativo essa globo, claramente buscando ou plantando notícias falsas pra derrubar o governo",1
Comenta sobre a condenação e a péssima gestao a frente da prefeitura. A derrota para o novato Joao Doria e depois para o ignorante xucro JB,1
"E se políticos fizerem fake serão punidos com prisão também, ou essa lei é só pra pessoas comuns",0
"Professor, pelo amor de Deus ajude as mães das escolas municipais!!!! Precisamos que nossos filhos voltem pra escola",0
Vai mostra as provas que é inocente 👏👏👏😆😆😆😆😆😆😆,0
"O povo viu que o STF encontra-se institucionalizado por um corja chamada partidos dos trabalhadores, que ninguém trabalha 😂",1
Muito obrigada vs Experiência a senhora é a minha voz .,0
Estarei aguardando!👏👏😘,0
"Assisti a Globo falando mal do governo bolsonaro, e depois mudei para a Record, sbt, band , redetv, todas noticiando completamente ao contrário! 😂😂😂🤷🏻‍♀️ #globolixo",1
Meus dois crushs Haddad e Freixo 💕,0
"Pro essa esse ordinário,pois deve ser acostumado a agredir as mulheres ,e nao to falando so de direita não,são todas as mulheres em geral,ou as de eskerda axam qe só tem mulher de direira?qe so mulheres de direita sofrem agressão?ele é um monstros disfarçado de jornalista,imagino oqe nao fala pra esposa(o)/namorada(o) seja la oqe for..espero qe nenhuma amiga ou familiar desse cidadão passe ou tenha passado por isso..",1
Eles não cansam de passar vergonha,1
Como me espanta esse Bandido poder falar desse jeito de uma autoridade e nada ser feito contra ele ???? Pq essa blindagem ao Lula ????,1
Viva Paulo Freire! Viva a educacão,0
Essa criança deveria estar na escola estudando! Isso que é uma verdadeira exploração infantil! Fazer uma criança falar como adulto! Deixem as crianças serem crianças!,0
Cadê queroz já tá na cadeia ou n ou tá com lula solto,1
Eita esse é o meu eterno presidente que querem prender a todos custo 👏👏👏👏👏👏👏👏👏👏👏,0
Grande Eduardo!👏👏👏,0
Vocês falarem em roubo é uma comédia. #ptcorrupto #ptlixo,1
"Queridos irmãos brasileiros, ninguém vai embora da Argentina porque a esperança está voltando para o meu país. Não é a esquerda que volta, é a esperança! E se fosse a esquerda seria muito melhor do que estamos vivendo agora! 4 anos de Macri já foram suficientes.",0
"Deus o abençoe grandemente juiz, por sua digna decisão. Precisamos de homens como o Sr em nossa Nação.🙏🏻",0
"Porém, ele está certo, bandidos tem q ser tratados como bandido. AI-que dor.🇧🇷🇧🇷🌴🌴",1
"Aí de nós,se não fosse o amor que Deus tem por nós",0
Sou Bolsonaro sempre!!!!!🤜🤛,0
Esse aí é o tal do Presidente de vcs. Esse aí é o que foi condenado por caixa 2s. 👎👎👎,1
Tanta coisa relevante pra se julgar!,0
"Já estou estudando minha querida, não foi o ensino medíocre oferecido pelo PT na minha infância e adolescência que fez desistir. E você não precisa me dizer o que eu tenho que fazer ou deixar de fazer, não sou esquerdista para ficar seguindo rebanho não, pois tenho a minha própria personalidade e opinião. Obrigada.",1
Bom dia companheiro adadi❤️❤️❤️,0
Que mulher maravilhosa! Representatividade o nome.,0
"É tanta gente querendo se meter aqui no Brasil principalmente na Amazônia que dá nojo, agora ainda usam uma pirralha que se duvidar não sabe nem lavar o fundo da calcinha pra ficar opinando aqui,tem que mandar esse povo cuida do país deles que pode ser primeiro mundo pra eles pra nós o Brasil en",1
O supremo não vai atender. O STF é o protetor de bandidos e das falcatruas.,1
Essa culpa eu não carrego e me admira muito que tem pessoa que acham que é o certo.....depois não reclamem de trabalhar de graça .....,0
Esse sujeito deve ser algum tipo de sequelado. Não possível alguém ser escroto assim sem ter algum problema mental.,1
Barchelet vai catar coco . Esquece nosso povo.,1
Meu Deus será se o Elon Musk vai ser preso😢,0
Ao contrário daqui o povo argentino acordou!,0
Vamos tratar de assuntos mais relevantes?,0
tá se revelando! corrupta ...nesse governo a gente tá realmente vendo quem é honesto e quem no presta!,1
Manda Lula andar na Paulista kkk,0
É isso mesmo Carla...de traíras nós já estamos saturados.,1
Concordo...fala sem aproveitamento nada ver....controla mais cumpadre...não de motivos para imprensa e aos esquerdistas....fazer estardalhaço....,0
Deus é contigo @damaresalvesoficial1 . Isso é o cúmulo do absurdo,0
Mulher guerreira ❤️,0
Velha ridícula e bandida!! Parece uma porca,1
"Muito bem respondido a esses carniceiros da imprensa marrom brasileira...o silêncio as vezes é melhor do que mil palavras ...basta ser bom entendedor .. globô bolixo,Uol e grupo",1
Parabéns pela iniciativa. Mas seria de suma importância dispor desse equipamento em todo o país.👏👏👏👏👏👏,0
@joicehasselmannoficial você não engana ninguém 🤮🤮💩💩💩💩,1
"#MoroCriminoso #MoroFarsante #MoroMentiu Moro, Dallagnol e Bolsonaro traidores da Pátria #Moronacadeia Bolsonaro governo da Morte, apologia a tortura, ao crime, racismo, Fake News, homofobia , prática crime contra a humanidade #ForaBolsonaros #Cassação do Bolsonaro já #NovasEleições presidenciais Já #LulalivreJá Todos pra rua em defesa de Lula e da Democracia brasileira O POVO UNIDO JAMAIS SERÁ VENCIDO GREVE GERAL INDETERMINADA JÁ ATÉ SOLTAREM LULA",1
Você faz trabalho de verdadeiro patriota ...por isso sempre achei seu lugar no Brasil 🇧🇷🇧🇷🇧🇷,0
"Votei em Bolsonaro, mas tô vendo que quando o QUEIRÓZ perder a paciência com vcs ele vai jogar o Governo do Bolsonaro na sargeta. A menos que vocês continuem alimentando a provável CHANTAGEM dele (óbvio que vocês nunca vão admitir que ele chantageia vcs). O Tofolli ter ""segurado"" a onda do COAF já é prova de que um tá com o rabo preso com outro. E não adianta vir com discurso de apoiar o presidente CEGA e INCONDICIONALMENTE: isso quem faz muito bem é a esquerda em relação à idolatria ao LULADRÃO. Não subestimem a inteligência de quem votou em Bolsonaro achando que ele iria SEMPRE se pautar pela VERDADE, ainda que doesse cortar na própria carne. Flávio com certeza tem uma TRÊTA muito séria com o Queiroz, pois, se não tivesse não se comportaria como ele se comporta em relação ao caso.",1
"Globolixo sendo globolixo, mentem descaradamente. Está Leilane e um nojo, mentirosa contumais.",1
Como se esse bosta solto fizesse diferencia 😒 a única diferença é que ele vai rouba o país ea única coisa que ele sabe fazer,1
"Não, Janaina a arrependida cruela, a esquerda tem argumentos porqud a direita brasileira é escrota, com rarissimas exceções...",1
@joicehasselmannoficial cada vez mais desacreditada. Mais falsa que 3 reais,1
Se diz evangélico.pior dos seres a pedra arremessada e igual bumerangue prezado divirta.se com seu veneno.,1
"Continua a ser o canalha terrorista de sempreSe tivessem colocado esse molusco numa prisão comum, duvido que estaria tão o mesmo👹👹",1
Quem mais disseminou fake news foi o ptfake.😎,1
Pq é criminosa do foro de São Paulo !,1
Sem palavras. Palavras simples e fortes.,0
Quando ele vai ouvir musk na polícia federal kkkkkk,0
Cade o Ministério Publico?,0
Esse maldito cretino e desgraçado,1
"Até pelos comentários, a gente percebe quem é ""normal"" e quem é ""esquerdopata""... Por que será né?",1
Velho Babão,1
Isso já se espera desce vermes,1
Lixo ou melhor chorume do lixo bosonarista,1
"E por falar nisso, e a delação do paloci????",0
"Parabéns, merecida homenagem.",0
Cada uma viu ninguém merece já chega,0
VOCÊ SERÁ TOMBADA LOGO LOGO ESQUERDOPATA EMBUTIDA.,1
Ta caduco ja essa múmia. Ja passou do tempo de se aposentar,1
nunca vi um desmame tão difícil e complicado,1
Essa disgraça fala que é pastor..,1
Larga de ser ridícula Joice o presidente tem um país para tomar conta tem que dar assunto para esse pirralha mesmo não que nem é do Brasil e ridícula sua atitude.,1
Seria bom se todos os colégios fossem dessa maneira 👏👏,0
"Que lixo, heim????",1
Palavriado e atitudes bem adequadas a um pastor. Jagunço cafajeste!,1
Roraima não sofre com imigrantes venezuelanos?,0
Corte rápido como sempre 🤌,0
Adoro essa menina!,0
"Boa noite deputado Eduardo @bolsonarosp no video de gravação que o senhor postou no story, na mesa do seu escritório o senhor tem um Alcorão Sagrado ? Gostei de ver 😊👏👏🤲🏻🤲🏻🕌🕌",0
"Ministro, vamos investir e transporte público de qualidade? Metrô . Como os metrôs de São Paulo "" salvam os trabalhadores.",0
Precisa amarrar este VELHO caquético junto com o 💩 do presidente dele.,1
kkkk😂😂😂😂😂😂😂 melhor coletiva d todas.....😂😂😂😂😂😂,0
Estas são as pessoas de bem deste país,0
MUITISSIMO BEM MINISTRO FACCHIN ! ALGUEM TEM QUE TER JUIZO NESSE STF!!!!!!!,0
"Parabéns, PROFESSOR!!! Em maiúsculas, justamente para ressaltar a IMPORTÂNCIA da nossa profissão tão atacada neste momento. Parabéns PROFESSOR! Parabéns mil vezes!",0
Dois homens que me dá orgulho de ser brasileira lindos demais.❤❤👍👏🏽,0
Que merda é essa???,1
Que discurso irretocável!👏👏👏👏👏👏,0
"Ato criminoso! Falta de decoro! Onde está o conselho de ética, para confirmar esse áudio, e se confirmado punir exemplarmente esse tipo de ato criminoso!",1
Porque é suja e adora dinheiro alheio,1
Prenda esse bandido,1
Patriota queimando a amazônia? Cristão apoiando assassino? A continha toda fechada. Covarde.,1
Greta chuck precisa arrumar um namorado.,1
É nós se Deus quiser👏👏👏,0
Se juntas já causam 😊,0
Bolsonaro 17 sempre o único que colocou e investigou o partido mais desonesto do Brasil Pt e seus ladroes,1
Essa lei é para quem compartilha a verdade pq de mentiras e Fake News vivem a política brasileira que não será punidos.,0
@debora_martina___ 92% é justo aonde kkkk,0
Porque é corrupta é conivente com o desgoverno anterior,1
Tem que arrumar casa🇧🇷🇧🇷🇧🇷,0
Q força e inspiração pra todos nós 👏👏👏👏,0
É triste demais,0
Fãs do Queiroz não faltam 🤣🤣🤣🤣,0
Maldito congresso Nacional está cheio de comunista,1
"Gente pelo amor de Deus,cadê as feministas que só serve pra colocar os peito de fora,porque a ministra não denuncia esse jornalista,ele a ofendeu profundamente,na verdade ele ofendeu nos mulheres,que absurdo como um homem pode falE isso pra uma mulher,ministra,se não começar a denunciar esses lixos,eles vão achar que pode tudo,eu me senti agredida com o que esse Leco escreveu.",1
Esse velho imbecil envergonha o Brasil.,1
Manda prender esse babaca!!!!🤬🤬🤬🤬🤬,1
Aff misericórdia 😱 já está gaga... Ridículo 😠,1
"Canalha inútil, vai tomar no cú",1
Cara nojento,1
Lixo de profissional,1
"Por favor, ajude na proibição da exportação de CARGA VIVA 🙏",0
Disse uma das maiores terroristas do Brasil.,1
Concordo. Mas...Vc fortalece a esquerda também @joicehasselmannoficial quando sai atirando pra todo lado e puxando tapete do presidente.,1
"Covarde, inútil .. Lixo parlamentar",1
São calhordas mesmo.PQP.Fdps!🤬🤬🤷🏻‍♂️👉🏼👉🏼🇧🇷,1
Congresso que não vale o que o gato enterra.,1
❤️❤️❤️❤️❤️❤️❤️❤️ quanto amoor numa foto so,0
Quem não deve não teme!!,0
Mude as leis eleitorais. As mulheres e demais gêneros (?) vendem seus espaços e candidaturas. Deixa de ser picareta e conte a verdade.,1
Acho que foi um tiro no pé....!!! Dos safados.,1
"É foda, ela é gata demais! Mas pode ser uma jogada do Capital?! #elenao #povonopoder #politicaxé",0
Horrível! Silvio precisa ser parado urgente!!! 😢😢😢,1
Qualquer um de nós está sujeito acessa pena! E sem saber se está publicando fake News!! Não tem definição exata!!!!,0
"O Brasil é governado por corruptos, a câmara cria as leis e aprova pra beneficiar eles mesmos e o STF retifica. E o @jairmessiasbolsonaro só observa e não faz nada.",1
Concordo plenamente com a Janaína Paschoal. A varias formas de dizer a mesma coisa. Ex. Criação de uma agência de inteligência voltada ao combate a corrupção nas instituições sejam públicas ou privadas.,0
O que aconteceu com o João Gordo? Que bom que já está recuperando...,0
#forabolsonaro corrupto,1
Dificil é tirar o pt da mente dos esquerdopratas,1
Lindo e maravilhoso 😍❤️,0
Porque é bandido da organização criminosa do luladrao. Não aceita nosso presidente Bolsonaro. E melhor aceita que dói menos😂,1
esse cavalo batizado no Jordão fala cada merda. 😡,1
IDIOTAS INUTEIS. 37 mil por mes. e so fudendo os brasileiros...ta na hora do pau...,1
Dilma Rousseff só fala merda 😂😂😂😎👉,1
Eu tô esperando pra ver isso desde que a @vivi.torrico deixou um spoiller na página dela há mais de um mês! 😬🌱,0
"Quem vai dar lado para imundice dessa,🤮🤮🤮",1
@francinhaclara A receita federal é um órgão de quem? Não é do governo?😂😂,0
"É só isto que ele faz o discurso , é um cretino ladrão corrupto 🤮🤮🤮👎",1
👏👏 parabéns pelo empenho deputado 👏👏 graças a Deus que ainda temos pessoas,0
"Queria saber qual grande avanço nacional ela realizou ,...??? 😏😏😏",0
Eles estão com pena deles mesmo não poderem mais levar nossas riquezas,0
Interessante começar um diálogo com os militares nacionalistas!,0
"Que adianta tanta acusação se esse cara ainda tá solto, nem tornozeleira esse cara usa! Tá mais livre que eu, pq ele tem grana pra ficar batendo perna dia todo, com o dinheiro dos outros! Como não sou ladra nem vagabunda, fico dentro de casa!",1
PT roubando o país inteiro!!,1
Joise lamento eu te achava uma mulher de fibra e gostava da tua atualização no Governo Bolsonaro mais você quis dar um passo mais longo que a perna e traiu o Presidente agora creio que acabou não Tem volta lamento pois eu gostava do teu trabalho era só alegria,0
"Esse otario merece uma corretiva,,,vamos ver se é homem,, assim como é na língua,,, dá uma sova nele com um chicote de umbigo de boi até ficar mole no chão para aprender a respeitar as pessoas,,,, não vpide comparar as oessiasy como se fosse da família dele!",1
Esquerdista ordinária e safada,1
A FORÇA DA MULHER 👏,0
😈 endiabrado dos dentes pagos com nossos impostos pestilento,1
"Q ridículo. Usada por Soros, menina rica passeando pelo mundo com$ do papai, q traz de bom? Hipocrisia.",1
Queiroz livre? Queiroz guerreiro do povo brasileiro👉👉😂😂😂😂😂 A ESQUERDALHA É PODRE,1
O pior é ouvir dele: chega de estudiosos e especialistas no Brasil. 😣 Dá para acreditar... O que eles querem meu Deus? O que o povo quer? Ser massa de manobra? Pagar para eles viverem a que preço? De novo isso? Acho que já passou a era das cavernas né?,0
Boa noite par vocês dois,0
"Ou o povo pede a saída desses BANDIDOS de toga, ou o império do STF ditará as regras.",1
@joserodrigope vê esse discurso,0
Sobra para o pobre foda se,1
"Dilma terrorista... PT mandou matar, executar o pai do presidente da OAB... Como é que pode falar de moderação",1
"Sou bolsonarista até debaixo d’água, vou votar nele novamente se for candidato à reeleição, mas os filhos do presidente precisam realmente colocar filtro na boca. Isso demonstra um pouco de imaturidade política dos mesmos. Mas vamos lá. BOLSONARO 2022 com certeza. 👍👍👍👏👏👏🇧🇷🇧🇷🇧🇷🇧🇷🇧🇷🇧🇷🇧🇷",0
Não votei nesse lixo é jamais votarei!,1
@fernandohaddadoficial boa noite voce tem muita competencia pra ser nosso presidente grande professor 👍👏😍🙏🙏,0
Parabéns guerreira!!!,0
"São uns canalhas e não representam o Brasil , aliás eles nem deveriam ser considerados brasileiros. Querem entregar a Amazônia para outras nações, isto brasileiro de verdade jamais admitiria",1
O Brasil nunca esteve tanto no caminho certo.,0
Essa greta tem que caçar o que fazer. Não sabe nada da vida. É todo.mundo fica dando corda ao discurso politicamente correto. Deixa ela passar um tempo na Amazônia pra ela ver o que é bom. O povo tem que entender que a natureza é soberana e cíclica. O homem só muda o seu nicho e não todo o planeta.,1
O que houve com João Gordo?,0
Que nos próximos aniversários da Laura possamos ter um mundo mais justo,0
@novaesnt dois caras legais né?,0
"Terrorismo, além do preconceito contra RORAIMA 🤮🤮🤮🤮",1
esses caras dão muito é CÚ,1
"A globo news está divulgando que o partido união Brasil vai expulsar o deputado, se preocupe não Brandão, no PL tem vaga para vc i é requisito",1
O Brasil está no caminho certo! Parabéns presidente Bolsonaro parabéns a todas as equipes de ministros que compõem a sua equipe!!👏🏼👏🏼👏🏼,0
Bha tá gata de quantia Joice 👏🏻👏🏻👏🏻,0
Leda é maravilhosa!!,0
Grande liderança que surge com muita força em nosso país Haddad intelectualmente mais preparado e moralmente também mas a maioria preferiu um medíocre pena .,0
Estava estranhando na legenda não ter relação alguma com o Lula. Aí vi o nome do fotógrafo...,0
Acho pouco quem mandou votar,0
"@raquelmorenooficial , vamos eleger uma base forte e de direita! Abraços 🇧🇷",0
Essa culpa eu n carrego 😄😄😄,0
"Por exatamente 45 anos eu confiei , hoje fizeram reforma tributária mas esqueceram de isentar de IR RETIDO NA FONTE e previdência iniciada em 2003 os trabalhadores do Brasil",0
A Globo é um.lixo hoje falou o tempo todo acusando o Bolsonaro..Cadê os 19 governadores da esquerda do Nordeste??,1
Kd as mina nessa foto?,0
O Boca de Lixo Tóxico,1
"Óbvio, tem se falado muito em rede social, quem tem mais medo parece ser os políticos.",0
Grande homem a se fosse você o nosso presidente. Não estava a acontecendo essas misérias,0
"Parabéns, assim corrigimos o nosso querido Brasiiiiiiil",0
"Estou contemplado com a fala da Dep. Benedita da Silva! Simbolicamente somos açoitados todos os dias por causa do Racismo Estrutural. O Maranhão clama por justiça, contra a perda de nossos direitos. Precisamos ser maioria nos espaços de poder para fazer a Lei ser cumprida.",0
Terrorista FDP,1
Devia ser preso novamente esse bandido ao falar isso!,1
Ainda tem gente que defende! 🤮,0
Essa nao tem vergonha na cara!!,1
Vamos pra rua protestar,0
Parabéns SR. Ministro! Ainda bem que temos o Sr aí para tentar alguma coisa!!!!!,0
Parabéns pelo prêmio!,0
"Discordo, eu gostei desse veto do Congresso, temos que ter em mente que, embora vários políticos de todos os partidos utilizem essa pratica, os de esquerda é que são profissionais neste assunto.",1
Meu presidente e meu muso vegano 🧡,0
Orgulho precede a queda. A humildade é a antessala do sucesso. O inteligente erra para aprender enquanto que o sábio aprende observando os erros alheios.,0
Agora o panaca vai falar mal dos brasileiros do norte. É um imbecil.,1
Misericórdia!!! Inacreditável!!! Esse povo é doente! Só pode!,1
Nojo desse bandido,1
"Como pode, esse verme, estar solto???",1
Kkkkkk cria vergonha na cara e pare com essas publicações sua.....PT afundou o país roubou tudo lula tem q morrer na cadeia,1
Força Haddad. Você é o Lula melhorado. A gente te ama. Apavora,0
Silvio Santos lixo!!!!,1
"Joice não consegui ficar sem aparecer nenhum minuto, e tudo ela diz foi a fala de fulano. Vc deveria concentrar esforço no trabalho para qual vc recebe muito bem.",0
"Ministro, por favor, cuide da reestruturação da carreira dos Técnicos Administrativos em Educação (TAEs) dos Institutos e Universidades Federais. Somos a carreira com piores salários e a mais desprestigiada, acumulamos perdas inflacionárias acima de 50%, mais perdas até que os docentes. Nós fizemos campanha no Brasil Participativo. Ficamos com zero de reajuste no vencimento básico para 2024, hoje ganhamos metade do que ganhávamos (em salários mínimos). Isso é verg0nhoso, ajude nossa carreira para que ela não acabe, pois cada vez mais servidores estão indo embora da carreira. Por favor, não esqueça! @estherdweck_ @camilosantanaoficial @lulaoficial @fernandohaddadoficial",1
"Muitooo beeem , um juiz forte e seguro, fazendo a justiça valer a pena, parabéns.",0
Seria um presidente de verdade,0
O sistema JÁ ESTÁ EM COLAPSO!!!,0
Porque é LADRA!!,1
Safada sem vergonha ! Velha asquerosa !🤮,1
O que que esse paria social ganhou destruindo a placa. Que grupos estão por trás disso?,1
Ele falou tá falado e pronto.,0
Lula o melhor Presidente do Brasil ❤️🇧🇷 sempre e para sempre ❤️🇧🇷,0
Esperando essa vitória!!✊🏻,0
@bolsonarosp porque o governo do meu glorioso estado pernambuco teima em fazer o lançamento do 13° do bolsa famila se é um progama federal que o Planalto pagará para todos os beneficiados do progama?,0
#LulaVaiMorrerNaCadeia #JoiceTraidora #JoiceCorrupta #JoiceContraoPovo #JoiceOportunista #JoiceForaDaPolitica,1
A pergunta é excelente!!,0
Deputado Eduardo nos dá segurança. você sei pai e seu irmão e nossa primeira Dama. Deus sempre esteja os abençoando Amém Amo vocês,0
Essas são as tradições que devemos manter,0
Força e fé meu PRESIDENTE! !!!,0
É um gagá... só fala asneira!,1
Pirralha... aposto que ela usa canudinho no @mcdonalds 💀,1
Deus no Comando!!! Estamos orando!!!,0
Muito bem colocado👏👏👏👏👏,0
"Não sei quem é mais inútil, o retrato do Jaiminho ou Paulo Freire ?",1
"Se ajeitar direitinho, cabe num camburão!",1
ESTAMOS NO CAMINHO CERTO SE DEUS QUISER TUDO VAI DAR CERTO 👏👏🇧🇷🇧🇷,0
Belíssimo discurso! @instadabene @gleisihoffmann @_mariadorosario Admirável a resistência dessas mulheres. Obrigado a todas vcs!,0
Beleza Foicehasselmann,0
"@bolsonarosp o lixo ,verme ,podre ,câncer ,azar ,ser das trevas ,da morte ,encosto ,infeliz ,infernal do noblat sempre fala no blog dele tic ,tac sobre a chata da Marielle !envolvendo vocês",1
PSL esta virando um galinheiro,1
Esse Lula é retardado,1
Orgulho define! 💞,0
Itamarati com lula Ou sem lula sempre recebe brazileiros q estao em paises em Guerra,0
Estou assistindo ❤️,0
#LulaEmPresidioComum #JoiceNuncaMais,1
Colonialista de merda,1
Como uma mãe escuta isso e continua na frente desse homem . Sem falar dos outros do palco.,0
Pirralha mimada patrocinada por esquerdopatia inescrupulosos que ficaram milionários as custas de idiotas úteis. O presidente da República tem razão,1
"Tenho engulhos desse covarde,canalha que escreveu isso sobre essa Ministra tão querida e Amanda!ele devia ser entregue a nós mulheres, nós íamos fazer uma massagem daquelas nele😂💪",1
Pirralha é pouco é uma idiota,1
Não ganha nem para presidente de bairro.,1
"Eu acho é pouco! Retire o que puder, o Brasileiro merece!",0
É uma pirralha escrota mesmo,1
@eusoudejaparatuba me explica como foi armação se só tinha patriotári4 lá? Vcs tem que pensar um pouco!,1
"Cara, vc é demais. Tenho maior orgulho de apoiar suas ideias, sua trajetória política.👏",0
O objetivo e fazer filhos e o povo continua analfabetos. parabéns socialistas rumo ao comunismo,1
@solangemariamoreradasilva você tem o melhor governador e deseja o pior ?aff,0
Ele é muito burro,1
"Esse governador é fantástico , representa meu voto !!!!",0
Melhor oportunidade da minha vida!❤️,0
"Bravooo Obrigada, @fernandohaddadoficial nada de se misturar com PSDB",1
Esses cristãos me dão nojo,1
Benedita é uma fortaleza.,0
Bem estar social está na nossa constituição no ART 5. Acho que o nome dado lá é de direitos fundamentais.,0
Isso foi mais que um prêmio de beleza foi a representatividade e um tapa na cara dessa gente racista e hipócrita travestida de gente de bem.,0
"Vovó Sarah escapou da Polônia, escondeu-se na França por 5 anos, foi a Israel e finalmente aportou em Santos onde até hoje é uma das figuras mais interessantes que já conheci",0
Devolva o dinheiro,1
"Acho pouco, o sul elegeu esse imbecil, agora toma!",1
O sonho não acabou fé em Deus parabéns,0
"Ele podia perder a voz, né? Afff..",1
Além de desonesta e metida a boa de sela,1
Meus ídolos juntos.❤️❤️❤️❤️❤️❤️,0
Isso não pode mais aconter mais 😡😡😡😡,0
"Vamos incendiar o país, MST. vamos fazer uma guerra civil, CUT. É preciso derramar sangue, Benedita da Silva. Vai morrer gente, Gleisi Hoffman. Vamos fuziar, Mauro Iasi, PCB. Eles vão apanhar nas Ruas, Dirceu.",1
Como é rápido os processos de Lula sempre!!! o q ele é mais é outros,0
Mais uma vergonha!!!!,1
"O que fortalece mesmo à esquerda é: pessoas consideradas braço direito do Presidente, fazer o que fazem. Isso sim da pano para manga. O resto é desvio de assunto: Delação Palloci denúncia de pagamento de R$ 500.000,00....",0
A bolsa Argentina já respondeu as primarias com 30% de queda hj.,0
2 pessoas que eu amo,0
"O presidente tem q se policiar! Agora, essa menina ser personalidade do ano, não dá!",0
"É uma vergonha deputado, vc querer usurpa de uma eleição limpa e trapaças, querer promover o caos fora da caixa de vidro, me poupe, se tivesse ganhado, estaríamos ainda na merd@, pois em 4 anos, nem aumento de salário tivemos. Quem quebrou Brasil, estava no poder, e nada fez, inclusive votei no seu pai, agora, vamos deixar de mimimi e vão trabalhar pra ajudar a crescer o Brasil, não ficar querendo um golpe.",1
"Uai @carla.zambelli não teria sido os”não Bivaristas” ? Não acho que a postagem tenha a ver com “falta de serviço”. Como atingida de forma torpe por essa mulher descarada dona @joicehasselmannoficial , vc tem todo o dever de por os pingos nos is e mostrar sim que é Joice. O partido tá pouco ou nada importando.",1
Velha idiota comunista e corrupta .,1
Este canalha estar livre é uma vergonha.,1
Se fosse.minha filha não ia ficar por nada 😧😧,0
"Seria bom que as pessoas ao invés de ficarem dando pitacos sobre o ouvi falar procurassem se informar melhor e entender o contexto das coisas, o que foi dito explorava o campo hipotético de a esquerda partir para a ignorância (o que sempre é de se esperar) e de como deveria ser a reação. Quanto a deputada Joice creio que seria bom descer do altar e trabalhar para o que foi eleita sem mimimis, e a tal da Janaína mostrar algo de bom porque até agora fora dar pitacos onde não foi chamada também não mostrou nada.",1
ESTÃO NO DESESPERO. AUDIÊNCIA CAINDO E ANTIPATIA AUMENTANDO.,1
"E ninguém vai fazer nada contra esse sujeito??? Não é possível que depois de falar isso, não irá acontecer nada contra ele!!!!",1
Amamos esse maravilhoso ❤️,0
"Essa imprensa imunda precisa ser varrida desse país, e isso está nas nossas mãos.",1
"Inclusive eu vivi o AI-5 de 1964, e digo que não vi nenhum exagero por parte das FFAA com os brasileiros trabalhadores. Se houve reclamação e houve, foram dos baderneiros.",0
Janaína votei em você pra que você ajudasse o governo.,0
Tem pessoas que se dizem empresarios e aplaudem essa medida absurda. Sera que sao empresarios mesmo! Ou sao donos de quintal e querem aparcer. Empresario de verdade sao super honestos.,1
"A Greta nao está sozinha, tem muitos adolescentes fazendo belos trabalhos, invlusive o nosso hermano Bruno Rodriguez, com um discurso forte e combativo, que me encheu de esperança de ver os terráqueos despertarem para cuidar do seu planeta, ja que sem ele a vida é impossivel.",0
velho nojento babão se fosse um pobre já tinha ido preso,1
Ainda temos ministros que defendem a lei nesse país. Parabéns ao Ministro.,0
"Gente, num aguento mais as palhaçadas desse cara. E ainda tem gente que acha que ele é apenas engraçado. Ridículo. Vergonhoso",1
"Ai ai bate bate coração ,gatão 😍❤️",0
Que nojo #impeachmentbolsonarojá #Impeachmentbolsonaro #forabolsonaro,1
Tem meu voto!!!! 👏👏👏,0
Acha que pode intervir nas eleições dos argentinos.,0
As forças armadas podem nos salvar destes miseráveis do STF,1
Que crueldade absurda contra o povo trabalhador que sustenta estes funcionários que são contra a vida.,1
"É MELHOR tomar conta de seu PAÍS,pare de falar o que não é de sua conta!",1
"Poderíamos te ter como nosso presidente. Se dependesse de mim, estaria lá. Infelizmente o povo fez essa lamentável escolha.",0
Nossa não lembro disto ter acabado no outro governo … lembro que tivemos uma pandemia com vários auxílios inclusive,0
E esse demônio se diz evangélico😬😬😬,1
"Isto sempre ficou muito claro, Bolsolixo é contra os trabalhadores e o povo de bem num modo geral, ele apóia os milicianos, pronto a fazer qualquer desgraça contra o povo.",1
Aqui no Brasil e nos EUA não será diferente hahaha 👏👏👏,0
Ela sofre todo o tipo de violência!!,0
"vou discutir seu instagram, vc nunca respondi ou curti nada q eu falo fuiii",0
Essa é a mesma mente de um canalha chamado lula. É assim que ele ver uma mulher,1
"Um ataque arquitetado pela própria esquerda para incriminar a direita ... um plano área criminal os adversários , imagens foram danificadas para prevenir a identidade dos militantes disfarçados de patriota",1
"Ao contrario, estes meninos são verdadeiras jóias!",0
Adoro ver este abraço.,0
Fdp nojo desse cara !!!!,1
Esse imbecil não cansa se falar asneiras🤮🤮🤮🤮,1
Há um ditado que boca fechada não entra mosquito.,0
Segundo o Datafolha o Hadad era o Presidente.... 😂😂😂😂😂😂😂😂😂😂,0
"Bem feito.Não tem vergonha na cara,fuça..",1
"Corrupta, formiga e ladrão tem em todo lugar, até na ONU.",1
Muita ousadia deste lula,0
Opa....muito interessante,0
"Haddad foi morar na Russia, não chavinho, Haddad foi morar com Lula.",0
👏👏👏👏👏. Não poderia está em mãos melhores!,0
"Manu, salva a gente 😔",0
"Parabéns ao deputado coronel Tadeu, se fosse eu tinha feito pior",0
Chupa bandidagem que votaram neste cara,1
Imprensa podre a Ministra Damares é protegida por Deus,1
A CARLA.ZAMBELLI É NOSSA!🇧🇷🇧🇷🇧🇷🇧🇷🤚🤚,0
"Porque o resto do STF, vão morre pela própria mão do povo que não aguenta mais tanta corrupção 😤",1
"A verdade que a minha geração já tá podre, tomara que a próxima mude tudo isso, porque tá foda",1
"Atentas a materialidade (sexo) feminino ,na política",0
"Ouvir um comentario desses desse grande jornalista econonico , é pra nos encher de orgulho. 💞👏👏👏🇧🇷",0
Esse aí é o pastor do capeta. Nunca enganou ninguém.,1
Deus no Controle...💕😘💜,0
"Agora ficou visível que @joicehasselmannoficial tá contra o @jairmessiasbolsonaro Bolsonaro. Postou até uma charge zoando com o PR. Isso que é ser ingrata, mas não ganha mais nem@pra síndica",1
"@andersonwanze São mulheres politizadas e sábias, não estão preocupadas com Channel e nem tampouco com Carolina Herrera, estão preocupadas com a saúde da nossa democracia, não são mulheres fùteis, sou fã de carteirinha!",0
"@leilaneneubarth Essa menina já foi uma boa jornalista, mas hoje ? Por questão de comodismo, para não perder o emprego, só fala 💩💩💩! É pau mandado, só fala besteira! É lamentável o que as pessoas fazem e falam para garantir o emprego.",1
Personalidade do ano isso é uma vergonha essa pirralha só fala fala e mas nada,1
"Intervenção militar no STF!!!!! Urgente!!! Presidente precisa caçar esses canalhas traidores da Pátria, não há outro jeito... Senão essas escórias não vão aprender que existe justiça de verdade e eles estão sujeitos à ela.",1
Aqui não farroupilha!!!,1
"De um lado um burro, do outro um palhaço rindo pq vcs serão taxados 😂",1
Toma pobre trouxa! 😂😂😂,1
Bom ver gente do bem reunida e reagindo 👏👏👊,0
"E que discurso meu Deus, orgulhosa💞💞",0
"O interessante que vc entra na página de alguém é só lê críticas, como uma pessoa dessa representa um governo ?? Só mostra o quanto é um governo de mentira. Na verdade o governo fechou com rombo de 243 milhões, faz o L!!!!",1
"Q Lula pensa, q é Deus?",0
Tanto faz. Bolsonaro Presidente!,0
Parabéns professor ! Merecido 👋👋👋,0
Bom dia professor nosso futuro presidente 👏,0
A melhor ministra e pessoa humana.,0
Jornalistas são uns abutres que cruzaram com porcos. Chafurdam na lama sempre.,1
Não foram? Apresenta suas provas à PF. Tá sabendo mais que eles…,0
@bolsonarosp falou do doido do Lobão??,1
foi genial dupla foda 👏👏👏👏,0
@fernandohaddadoficial a esquerda precisa se unir pra mudar o rumo dessa situação no país. .nosso país está sendo destruído por esse demente que se diz presidente. ...dor e desolação com essa destruição da Amazônia. ...por favor precisamos tomar alguma atitude. ...esse monstro precisa ser derrubado,1
"Essa guerreira é a minha deputada. Honesta, corajosa e incansável. Amoooo. 👏🏼👏🏼💛💚💛💚🇧🇷🇧🇷🇧🇷🇧🇷",0
"Paulinho, eu te saúdo e abençoo com o ampr que sinto pelo meu proprio pai.Que nunca me falrou nem me falta🙏",0
"@relca_59 você é fraquejada, não se encaixa como mulher",1
"Dircurso lindo , mulher maravilhosa!",0
👏👏👍🇧🇷QUI legal! Nunca vi a Câmara tão visitada💚💛LINDOS 👏,0
Muitíssimo merecido.,0
"A imagem do Brasil era mais queimada nos anos anteriores. Sim, pirralha, e você está sendo o que neste governo. Vai trabalhar, o país não precisa de mais notícia idiota, precisa de resultados ótimos.",1
"PT só faz merdas nas prefeituras, aqui na minha cidade foi 20 anos de retrocesso. Entrou outro partido de centro e fez em dois anos que em 20 PT não fez.",1
"Olha o ódio dessa mulher, ela nem disfarça, toma mentirosa, a verdade sempre prevalecerá.",1
A cara da desgraça,1
"Esse homem é um babaca, esse programa dele já deveria ter saído do ar!",1
Racismo e ditadura nunca mais,0
"Se jogar umas carteiras de trabalho perto do bando, foge todo mundo. Conversa fiada com o dinheiro do contribuinte.",1
"Cortei inúmeras páginas que não é oficial, tem comunista que entra nesses grupos que fazem campanha até para não comer carne, é bom aí sobra e os produtores exportam mais ,E a greve segunda feira?.",1
"Um governo que tem medo de participar de debates politicos, é porque não tem projetos para o país, e está aliado com aqueles que tenta comprar o património nacional e transformar esse país em uma colônia.",0
Mano o Haddad parece um rato kkkk,1
Muita honra tua participação na sessão e recebê-lo na Embaixada da Polonia para um almoço! Grande abraço.. @bolsonarosp,0
"Assustador 😱😨😥😔 espero que não fique por isso mesmo, ela precisa processar esses vermes, além do canal de denuncia, que é uma excelente ideia, tem que processar e endurecer as leis e o cumprimento delas.",1
"Os 25% pessimista , não só são pessimistas COMO TORCEM CONTRA, sofrem com o que está melhorando , e fazem o que podem pra tudo dar errado",0
Atriz da pior qualidade... CONTE ME QUANTAS ARVORES VCS HIPÓCRITAS PLANTARAM HJ?,1
A farsa está armada. Verdadeiro circo.,1
"Estamos esperando o @jairmessiasbolsonaro na Tecnoshow, Rio Verde Goiás, capital do AGRO. 🚜🇧🇷",0
"Mestre eu sou seu fã, votei e sempre votarei no Sr.👍",0
"Tudo eles tem que tá medido, deixa a justiça resolver",0
"Menina chata pra cacete! Imagine quando crescer, o pé no saco que não vai ser!",1
"E a mentira rolando,também o pai da mentira e o 😈",1
"Com muita honra terceira idade minha querida. Só não sei se você chegará a terceira idade, já que você tem preconceito com a idade. Pense nisso!",0
Mais ensaiado impossível,1
"Eu me pergunto: por que não processam e tornam a vida destas publicações um inferno ? Isso é um absurdo regular ! A senhora tem direito a defesa, ministra ! Pese e enquadre esse marginal na lei que ampara a mulher. Agora ...se não fizer nada, a gente vai ficar passando raiva e se solidarizando com a senhora e vai acabar aí. O imbecil vai acabar saindo vitorioso por que nada lhe aconteceu. Isso é impunidade ! Deus a abençoe e a fortaleça.",1
@jorgerocha1974 se renda aos números.,0
A ânsia de atacar nosso Presidente é insana. qual a dificuldade desta gente em respeitar os resultados das urnas? que vão para o inferno. Tem que respeitar meu voto sim.,1
"Outra boa notícia, @fernandohaddadoficial : A NOSSA CATEGORIA AFIRMA QUE A PARTIR DO NOSSO ENCONTRO, À PORTA DO MGI , PASSAMOS A ACREDITAR QUE A SUA VOZ IRÁ ECOAR PARA QUE ONNOSSOS #PLANODECARREIRASERVIDORESADMINISTRATIVOSMTE aconteça agora !!!! Estamos lá, com o SECRETÁRIO JOSÉ FEIJÓO. Fala com @estherdweck_ que a nossa história cabe nesse capítulo do maravilhoso LIVRO CHAMADO NOVO BRASIL.🇧🇷. Converse com @lulaoficial , também !!!!! Teremos uma próxima rodada , semana que vem . Escreva uma carta de AM❤️R à essa categoria. Nós do @comandonacionalmte , confiamos no MINISTRO @fernandohaddadoficial , e no HOMEM HADDAD.💰❤🇧🇷",0
Tarcísio não é fraco não,0
Foi merecida! Inteligente e consciente! Foi autêntica! E feliz nas suas respostas! Sem dúvida fez a diferença!,0
"👉🙄🙌 parabéns sentir firmeza ,brasíl assima de tudo Deus assima de todos 🇧🇷🇧🇷🇧🇷🇧🇷🇧🇷",0
Você é lindo em todos os aspectos! Oro para que seja feita a vontade do Senhor Deus em sua vida: você ser o nosso embaixador nós Estados Unidos.,0
"Joice, mete um desagravo na Câmara contra esses fdp",1
Super PIRRALHA!! Parabéns Mito.,1
Aja paciência para ouvir tanta babaquice meu ouvido não é pinico uff,1
Se existisse leis severas nesse país esse sujeito estaria na cadeia.,1
Eu estou otimista🙏,0
@bolsonarosp ...exatamente assim que tem q ser nas escolas...pede pro Capitão colocar isso em vigor ...abraço,0
"Oque fortalece a esquerda não são falas, falar até papagaio fala, oque fortalece o lado opositor são os motins.",0
Duas fraudes. Morram!!!,1
Ladrões safadooo 🍊🍊🍊,1
@lucianagoncalvesdasilva613 todos querem saber e a família dela principalmente; uma sociedade que não pune assassinos é uma sociedade sem moral alguma; uma barbárie...,1
Será que o nosso próximo presidente será um vegano?! 💚🌱💚🌱,0
O que precisamos fazer?,0
Perde o povo brasileiro que te sustenta estes bandidos políticos tarde de mais os três poderes mandam no país o Bolsonaro e figurinha de brinquedo da mídia triste realidade não há mais nada a fazer.,1
"Vai adiantar o que ?? Se condenado, continuará livre, pode recorrer a vida inteira 😏Esse STF é um lixo .. Uma vergonha",1
Menos um problema pra resolver 🙌🙌🙌🙌,0
Não acredito que vc esteve aqui e eu não fiquei sabendo 😭😭😭😭😭😭,0
Pirralha e ê pirralha mesmo,1
Ela simplesmente foi direta no fato !,0
"Pirralha! Até Lula já esteve na time, e daí?",1
"Como pode ser TÃO PODRE, TÃO RIDÍCULO?!?!",1
👏👏👏👏👏👏 Vitória Cristina!,0
"Veganiza, Haddad ❤️",0
Tá aí o cara que pode ser chamado de Presidente 🤩,0
Perfeito como sempre,0
"Embaixador 😂😂😂foi líder do governo a força,fala merda e depois pedi desculpas",1
Manda esse vagabundo de volta pra cadeia.,1
Que Deus abençoe nosso presidente Bolsonaro l❤️🙌,0
▪DE QUE HONRA ÊSSE MERD...ESTÁ FALANDO!???,1
"@fefe_fernanda_ramos porque petista não dá atenção a petista,aí eles vem comentar aqui pra ser esculhambado pela direita!",1
E as famílias levam as crianças até o programa dele. Como pode?,0
Que besteira!!! Só podia vir de uma boca insana...,1
"Esse Feliciano é um vagabundo e charlatão que fica falando e fazendo coisas usando o nome de Deus, se dizendo ""cristão"", tenho é pena dos que elegeram um bosta desse que não acrescenta em nada à Câmara dos deputados.",1
"👏🏻👏🏻👏🏻 Se eu fosse seu pai, eu te dava era um Ministério.",0
Maravilhosa 👏👏Uma pintura😍,0
Comunista hipócrita nojento lixos,1
Esse é meu Presidente!!!,0
"Desanimador, está difícil acreditar num Brasil melhor😭😭😭",0
Parem d usar Deus nisso 😂😂😂😂😂,0
"@ledanagleoficial sou fã desde sempre❤️. E os Bolsonaro então, não preciso falar né. Não vou perder.👏👏👏",0
"Boa ministro ninguém está acima da lei, acabou para os corruptos e canalhas!! Pra cima deles!!",0
Importante é oportuna homenagem ao mestre de sempre. Paulo Freire vive!!!,0
Essa zero já era para ter aposentado e parar de fazer jornalismo parcial e@mentiroso,1
Acabou com os prestadores de serviço no Brasil,0
Outra bandida ...,1
"Meu presidenteeeeeeeeee ! Socorro,não aguentamos mais.",0
"Ministra, de os nomes pra que todos saibam quem são os covardes e mais, processe-os imediatamente.",1
Haddad!!! O maior gestor público do Brasil.,0
Parabéns 👏👏 meu presidente 2022,0
Nossa mostre sua compaixão devolvendo o dinheiro que recebeu do MOLUSCO,1
Caiu em desgraça no PSL. TR CUIDA!@@,1
Huuuuuu!!!! Esse tá muito lúcido !!!,0
Pirralha socialistas de iPhone 😒,1
Pela alegria nos restaurantes e nos shoppings parece que é bem mais de 60%,0
Só falou verdades,0
Mais um lixo,1
Deus esteja contigo deputada 😢😢,0
A pessoa que escreveu isso é um ser em trevas. Jesus tenha piedade desse ser que um dia vai chorar lágrimas de arrependimento.,1
Deveria valer só para os DESGRAÇADOS DOS INFERNOS MINIONS,1
Porque ela não era “paga” pra sentir pena e sim para contribuir e usufruir dos roubos.,1
"Que texto baixo, enojante. Esse pessoal da esquerda tá cada vez pior...",1
"Ai vem a hipocrisia, sou contra concurso de beleza pois mulher não é objeto, ok mas se a vencedora for Negra, ou qualquer representante de uma minoria ai tudo bem relativo isso.",1
"Lulaladrão NAO me impressiona, mas esses HaddadS todos com conhecimento e estudo ouvir essas boboseiras e apoiar é de dar nojo!!! 🤑",1
"Essa imprensa suja e nojenta, criminosa, estamos fartos disso.",1
E pensar que tem pessoas que acham isso normal,0
@jaoo_alexandre Sou só inteligente mesmo kkkkkk,0
"Não estou nem um pouco preocupado com a Greta, vão procurar o que fazer, parem de lacrar na fala dias outros, vão trabalhar. greta pra mim é o espaço entre dois objetos. Nada mais quer isso",1
E chego a perder meu fôlego 👏👏👏👏,0
Aqueles tapinhas no braço da menina deveriam ser dado com muuuito mais força na cara desse BABACA!,1
"@davidson_web querido... o machismo e misoginia são estruturais e culturais. A eleição do Lula não muda isso em um passe de mágica. Mas o Lula fez algo especificamente para aumentar esse numero??? Como por exemplo, como o último presidente tratava as mulheres com desprezo e ofendendo mulheres dizendo coisas como ""não te estuprx por que vc é feia""",1
"Se esse canalha quer luta, que venha lutar pra ver se nós somos o povo passivo do Chile e da Argentina... Ele verá quero verdadeiro filho do Brasil não foge a luta! Tenho nojo até de ver imagens dele. Vagabundo. Ladrão!",1
Parabéns senhor governador Tarcísio de Freitas o melhor governador de todos os tempos 🇧🇷🇧🇷🇧🇷 Deus o abençoe e proteja sempre 👏👏👏,0
@instadabene Não decepciona l! Bene prefeita do rio,0
Uau que legal ! Excelente,0
Haddad vc é 10.💙💙💙💙💙,0
O Boçal como sempre abrindo sua latrina para espalhar merda.,1
Vc não administra nem sua casa . Incompetente!,1
"Merece até demais, parabéns professor!",0
Sim ao professor sempre😍,0
É o mínimo que deveriam fazer.,0
Nao tem argumentos?!?! Vc é um covarde.,1
Deus abençoe Haddad 🙏,0
Só faz o mal a nação.,1
As viúvas do Partido das trevas PT estão em todos os lugares tentando enganar o povo desinformado e estimulan os analfabetos funcionais a acreditar que podem se dar bem sem fazer esforço nenhum para melhorar o Brasil 👈🤣🤣🤣🤣🤣🤣,1
São demônios contra o país e a favor de seus bolsos!,1
"Socorro, Socorro, que sistema imundo?",1
"Alô @bolsonarosp hoje teremos manifestações pelo Brasil todo dos motoristas de aplicativo, se puder cobrir nossa manifestação e dar apoio será gigante da sua parte 🙌",0
"A propaganda é bonita, mas a realidade nas comunidades é diferente!",0
Agradeça ao japa,0
ele é louco mesmo,1
Calma gente. Ele vai pagar no mínimo com o cargo que ocupa.,0
"Muito bem Alexandre, continue a nos representar na imprensa brasileira, porque parte dela não sei que pensa, mas querem a desgraça do Brasil, será porque foi cortado alguns privilégios que tinham? A imprensa que você de privilégios de governos é porque não tem capacidade e nem qualidade. No Brasil a faze cubana, chavista e comunista tá com os dias contados e se Deus quiser vai zerar e estas desgraças, como Lula, José Dirceu, Dilma e seus comparsas vai sumir do mapa igual os dinosauros pré histórico,",1
"Mais mimimi... esse.pensamento só enfraquece! O povo votou em Bolsonaro e nos demais é pra falar e derrubar discursos e mentiras esquerdistas e lutar por nós! Não para ficarem medindo palavras com medo dos ataques! Vcs deveriam estar todos unidos a eles ajudando a derrubar essa esquerda destruidora e não ajudando a enfraquecer a situação e o governo, insistindo nesse tipo de postagens!",1
"O satanás encarnado quer ficar livre da condenação p sitio de Atibaia, para continuar infernizando a vida dos brasileiros de bem .",1
"Argentina é top, fui lá e gostei muito, gostaria de morar perto da fronteira do Brasil, na Argentina",0
"O ódio da esquerda é maior que o seu ""amor"" pelo Brasil, vale até quebrar o país se isso prejudicar o Bolsonaro, não importa se o brasileiro se FODE junto, importante é que atrapalharam o Bolsonaro!!",1
toma pra deixa de ser besta .kkk,1
Que trio lindo🤩 bem vinda Anielle👏👏👏❤,0
Estaríamos tão bem representados se o @fernandohaddadoficial fosse o nosso Presidente.,0
Falou só a verdade,0
Bolsonaro o melhor presidente é mas amado do Brasil Mitoooooooooo !!,0
Quem se juntou a Maria do barraco foi vc!,1
Que absurdo gente. Espero que este indivíduo receba as penas cabíveis,0
"Minha querida o vc está dizendo é vetdade e muito importante, mas aqui pasdanfo para lhe dizer que sou sua admiradora, vc é PT raiz grande partido que defende os trabalhadores. Entendo que precisa alianças com os Terríveis Partidos O oportunistas, mas não esqueça os membros Petistas que sempre resistiram a toda luta e agora são deixados de fora.",1
"Velho nojento 🤮,igual o mito 😰",1
MESMO ASSIM AINDA TEM DESINFORMADOS OU IDIOTAS ELOGIANDO ESSE DESGOVERNO,1
"E se eles fizerem isso conseguem, porque do outro lado escuta tudo com medinho. Bando de bunda mole!!!!!",1
E o trabalho professor Andrade ?,0
Onde estão as filmagens? Onde está o código fonte?,0
"E não foi só pela beleza, foi por toda sua representatividade, por sua força de expressão, foi incrível @manueladavila !!!",0
"Kkkkkkkkk, só idiota não vê",1
Pelo menos uma dentro,0
Toma distraída!!!,1
Que tristeza! Uma pessoa tão cruel nem deveria ser chamado de jornalista,1
Só fala merda! Fora da realidade,1
Depravado e escroto 😬😬😬,1
Realmente a hipocrisia está estampada na cara de pau 👎👎👎👎,1
Tenho a convicção que a esquerda está dando MAIS um tiro no pé!!! ESSE modus operandi de fake News é típico da esquerdalhada !!!,1
"As pessoas de bem não vão fazer textão? Absurdo , quantas campanhas... quanta discussão em torno da segurança das nossas crianças, denúncias de pedofilia, pais e mães com medo dessa sociedade doente! E este homem público usando uma ferramenta de comunicação para isso?!! Não vai ser punido?? Não vai se retratar?! Vai ser assim??! A revolta em relaçao a inocência das crianças é seletiva?",1
Esse cara não trabalha não???,1
"Vejo muito que se alimenta da escritura da Manuela, prestem atenção na fala do presidente, não se deixe enganar e tire suas conclusões próprias,,",0
E TEM CEGO QUE NÃO VÊ QUE PURA ARMAÇÃO DESSES GOLPISTAS CANALHAS.,1
Vamos valorizar está idéia #dezpelé 😍,0
"@cadumoreira é só olhar o perfil e ver que é cilada, sem foto ainda!",1
E ainda se diz cristão!,1
Essa menina não tem família...desde pequena sendo induzida a falar bobagem,1
Uma jornada inspiradora para todas nós! ❤️,0
Então façam acontecer,0
Esse entrevistado COM CERTEZA está lúcido. 😜,0
Professor...parabéns! 💫🌹,0
"Pura hipocrisia,depois tem a coragem de pegar a bíblia e subir no altar das igrejas e ainda pregar sermão,isso tá igual um sepulcro caiado vazio e ainda se acha cheio de Deus",1
Tem que ser matida para o bem do nosso Brasil..🇧🇷🇧🇷🇧🇷🇧🇷🇧🇷,0
E as notícias falsas sobre estatísticas?,0
"Sabe nem escrever direito, professor jumento",1
demencia será?,1
"Concordo...boca fechada não entra mosquito...sabemos a verdade, mas na maioria das vezes precisamos nos manter em silêncio e apenas agir de forma coerente e pensada para não dar motivos para essa esquerda mesquinha hipocrita.",1
"Tem que ter em todas escolas de Brasília , principalmente as mais carentes isso sim ,",0
Cadeia nesse verme!,1
"Se a Pátria querida for envolvida. Pelo inimigo, na paz ou na guerra. Defende a terra. Contra o perigo. Com ânimo forte se for preciso. Enfrenta a morte. Afronta, se lava com fibra de herói. De gente brava. Bandeira do Brasil. Ninguém te manchará. Teu povo varonil. Isso não consentirá. Bandeira idolatrada. Altiva a tremular. Onde a liberdade. É mais uma estrela. A brilhar.",0
Empate técnico!! 😂😂😂😂😂,0
A cada dia fico mais admirado com a cara de pau da elite dominante desse mundo até quando irão nos fazer de otários,1
👏👏😍🇧🇷🇧🇷esse é o Brasil no rumo certo! O rumo da prosperidade!,0
Esse vídeo e imundo,1
Parabéns família Bolsonaro!!!🙌 Deus continue abençoando vossas vidas!,0
"Principalmente, a senhora deputada, se aproveitando para queimar seu líder... Mas humildade!",0
"Carta capital , revestinha de banca, sórdida!",1
O ladrão do Lula quer fazer do nosso país o q Stálin fez com a antiga URSS. 54 anos no poder. Não vamos permitir! Estamos com Bolsonaro!,1
Ótimo ! É impossível se esconder debaixo do tapete !!!,0
"Seguindo a @ledanagleoficial em 1,2,3 jornalista séria",0
"Por isso não podemos parar o crescimento do Brasil, então agora é #38BOLSONARO2022",0
"Tá mais agora o governo federal tem que tomar providências urgente. Crianças, pessoas estão com problemas respiratório. Manuela precisamos de ajuda. Tal qual a pandemia .",0
A cara dessa criatura... Olha vem na cara dessa criatura e já dá pra saber quem isso é...,1
Sr ministro até quando vamos esperar o fies sem teto ?🤔,0
Vichi....CANALHA....#globolixo #globobosta #globonewslixo....#bolsonarotemrazao #somostodosbolsonaro #Bolsonaro2022,1
Nojo desse verme!,1
Grande admiração pelos dois! 😍,0
Maldito desgraçado “pastor” de merda. Esse há de queimar no fogo do inferno que ele faz na Terra.,1
"Com a dilma vocês queriam estocar vento, agora com o taxad devem querer é taxar o ar que respiramos também para bancar o governo",1
"Gentalha hipócrita! Fariseus, falsos cristãos! Quadrilheiros",1
Dá até náuseas ouvir um texto desse jornalista/vagabundo!!!,1
🤔Porque será? 🤷,0
"A Globo News e muito fã do Queiroz, creio que vão está ligado.",0
Js estou falando a mesma coisa👏👏,0
"🤘👏👏👏👏 fazendo o que sabe fazer de melhor. É gentalha, baixo...",1
FORCA benedita! nao deixe passar em branco esse absurdo ! coronel ou nao isso e crime!,0
"joice vai tomar no cu, cretina traíra",1
"mulher virtuos! pessoas que se dobram a Satanás não reconhecem por falta de entendimento espiritual que é a pior ignorância, essa leva pro inferno",1
Pra cima!!!! 👏👏👏👏 Deus te abençoe sempre!,0
revoltante.... asqueroso! @aleflamenco,1
Lindíssima! Uma deusa!,0
Esse é top,0
É realmente uma resposta à luta de tantas mulheres e homens pela democratização dos espaços. Me sinto contente e revigorada para continuar nesta luta.👏👏👏👏👏,0
Haddad vc é muito lindo meu presidente👏👏❤❤❤❤❤❤❤,0
Vai dar casamento,0
"Vagabundo, safado.",1
"Digno de pena isso, tanta gente importante de verdade e essa pirralha ocupar esse espaço todo.",1
Não vejo a hora de ver esse demônio de 9 dedos na cadeia novamente!!!,1
"Esse Presidente é totalmente Perverso e incompetente. Quem tá por Trás de toda essa desgraça ao Povo Brasileiro, é Banqueiro Ministro. O Povo está sendo usurpado por uma Quadrilha intitulada de GOVERNO, com o total apoio do Congresso Nacional.",1
@cristianscottd me fala 15 coisas boas pro pobre que ele fez em um ano?,0
A Joice esta igual o MULEQUE NEM-MEM 🤣🤣🤣🤣,1
Vai trabalhar trem a toa.,1
Leilane mentirosa fofoqueira vcs não prestam só fica atacando nosso Presidente jornalista da Globo 🐍🐍🐍🐍🐍🐍🐍🐍🐍,1
Farinha do mesmo saco nojo desses políticos,1
"😂😂😂 q porra é essa? Um monte de babaca entrevistando a babaca rainha 😂😂kkkk ninguém entende nada, parecem estar todos em transe 😂😂💩",1
"Aí Haddad, o que você acha do rascismo?",0
Pra ganhar a eleição teve que prender Lula sem provas .....,0
Duas das cabeças mais pensantes do País!,0
que lindo cortou cabelo,0
Brasil avante!!!!,0
Não foi nada disso. Querem botar fogo no Brasil e temos que ter reação.,0
Alexandre Garcia fala com propriedade .Tem conhecimento e o repasse de forma tranquila e sabia. Vamos valorizar os Avanços ! Aplaudir as conquistas com bibes peitudas e dentro do contexto real! Bravos e Vivas🙏👏👏🇧🇷🇧🇷🇧🇷🇧🇷,0
Isso é ótimo o STFLIXO vão para cima os Juízes e promotores isso e muito bom!,1
"Eu acho engraçado que, pra falar mal do atual governo, a gadaiada voltou a relevar Globo, CNN e afins, sendo que ano passado estavam tudo boicotando... kkkkkkk Tão patéticos. rsrs 🤭",1
Precisamos de muitos colégios assim no Brasil...Parabéns,0
"Realmente handrade kkk lembro do slogan da campanha "" Lula é Haddad Haddad é Lula"" hahhahaha os dois condenados.",1
Carta capital é super esquerdista comunista do mal.Somos todos Damares!!!!!!!,1
"Tenho muito orgulho dessa colégio, meus filhos estudam no CMB... Meu coração é só gratidão 🇧🇷",0
Falou...Bacheria. . ...Brcelet.... ou seja lá como queira ser chamada sua raposa velhaca.,1
"Faço as suas minhas palavras! Concursos de beleza criam ainda mais esteriótipos que procura padronizar as mulheres. Não existe “mulher mais linda do mundo”, do estado ou do país. Existem pessoas, e cada um é a pessoa mais linda do mundo. Beleza é estereótipo, e não um concurso.",0
Ele inventou uma corte mundial e ele é o único integrante.,0
"Esquece o filho do presidente um pouco Joice 🙏🏼 Faz seu trabalho de deputada, que foi pra isso que votei em vc",0
😂😂😂 O importante é ela postar alguma coisa que seja contra o presidente 🐷🐷 Ela posta com prazer,0
"Ok esperança de Rouanet, não respondo mais trabalho não fico as custas do povo. Boa sorte.",1
"Quando falam de intervenção militar ficam de mi mi mi, mas só dão motivos né?",1
SE.VC.FAZER UMA PESQUISA. VC VAI VERBQIE MUITOS CONCORDAM. NAO DA MAIS ESSE STF ESSA ESQUERDA,0
Jornalista asqueroso 😠😠😠,1
Essa e uma enviada de deus e uma profeta coracjoso fala com a força do esprito santo que nao deixa calar das injustica eum fenômeno enviada amem,0
"@dslvasantos707 essa criança como muitas outras precisam de apoio, um empresário patriota precisa estar de olho… valorizar quem quer ser valorizado",0
"Usaram a menina como escuto para reclamar do capitalismo, coitada da garota",0
"Que mulher babaca! Vai cuidar do seu Chile, estúpida!",1
"Essa menina não passa de massa de manobra, mas a esquerda adora um “ídolo” cabeça de vento.",1
"Que massa ,querido Haddad. Que pena que não és nosso. Presidente !",0
Na verdade isso significa pavor da redes sociais!,0
Canalha demais que faz uma coisa horrível dessa contra quem quer que seja,1
Damares será exemplo para muitos!!!!,0
Tem toma providências mesmo,0
Chupa esquerdista!,1
Da uma passeada na rua do RS! Vai ser aclamado pelo povo gaúcho! 🤦‍♂️,0
"👏👏👏 lamentável que ainda existam pessoas assim, pois somos todos irmãos.",0
Falso profeta....Isso eu sempre soube...Nunca gostei da tua cara.,1
Doente imbecil... que asco desse velho.,1
TOMA VERGONHA NOS CORNOS SUA ESCROTA,1
"Ele não está caduco, não! Ele sempre foi nojento!",1
Lixo huamano. Desgraçado,1
"Amém, o brasileiro precisa de emprego! Condições de trabalho, saúde, ensino e segurança pública de boa qualidade! Nosso povo confia em trabalhador pq a maioria é trabalhador! 2020 será um ótimo ano para quem gosta de TRABALHAR! 🙏",0
"😂😂 abstinência de propina faz isso, cria até pena kkkk",1
CLARO QUE TEM PENA PORQUE ELA JUNTO COM O LULADRÃO SUGARAM O POVO DEVERIA TER VERGONHA NA CARA E DEVOLVER O DINHEIRO QUE LEVOU,1
"❤️Só Haddad já é maravilha, imagino juntamente com Duvivier. Vai ser show de bola.",0
"Parabéns Deputada Carla, sempre dando voz a que não tem 👏👏👏👏",0
Joice sou seu fam 100%,0
Triste episódio às vésperas do Dia da Consciência Negra. Racistas não passarão🙌,0
Tem que retribuir aí ataque mesmo @carla.zambelli .Estamos com vc.,0
Por isso é que vamos pro abismo... cegueira é pouco.,1
"Messias das Trevas A geração Wi-Fi anestesiada ,assistem as filas de empregos aumentarem, os pedintes em suas casas se multiplicando, as contas da luz ,água ,alimentos aumentarem mais de 100%. Sabem que as matas de seu País estão sendo derrubadas. Os ninhos de pássaros, abelhas,e as diversidades de flora e animais mortos. Ares poluídos pelas fumaças de queimadas.Poluentes de indústrias ,carros inseticidas etc A civilidade , sociabilidade ,educação boas maneiras conquistada há milênios foram popularizadas por ""arminhas"" em nosso Brasil .Símbolo de selvageria no modismo dos últimos do ano de 2019. Descortinou um exército tacanho obsoleto em todos sentidos, inclusive no amor a Pátria e ao povo .O representante se transforma em líder maior da ""Ordem e Progresso"". O reflexo desta formação social refletirá gravemente sobre os filhos seus que fugiram à luta, pela defesa,da Previdência Social, falta de investimento na Educação, Justica, Saúde, Preservação Ambiental, respeito ao próximo, Amor Nacional. AcOrDa bRaSil. Maria Cristina Radke",1
Essa pirralha fala muito e não faz nada.... Só quer aparecer,1
"Depois do que ele falou dos ""Paraíba"", eu espero qualquer coisa dele!",0
"Tá mais fácil os brasileiros começarem a migrar pra lá... Como, aliás, já estão fazendo. Portugal que o diga!",0
A coisa tá ficando séria @carla.zambelli 🤔🤔🤔,0
O MINISTRO FACHIN MERECE NOSSO RESPEITO!!!!,0
É melhor Jair arrumando mais cu pra tomar,1
Já começou atacar???,0
Estamos no caminho certo. Parabéns Bolsonaro e equipe. Simplesmente show,0
@joicehasselmannoficial não vi você fazer nenhum comentário sobre a fala do @senadorhumberto pq será só a narrativa da direita vale o da esquerda não ?,0
Quem não está com o governo me desculpe e corrupto,1
A Globolixo tá falindo está mandado todo mundo embora,1
"Pirralha quer dizer criança, convém informar para essa chata e seus adoradores.",1
"Manuela doa seu salário pra mim, SUA COMUNISTA",1
Lula lixo 🗑,1
"Que inveja, São Paulo! Em breve ele cuidará do país inteiro. Aí sim, seremos prósperos, livres, seguros e felizes!",0
Tenho nojo desse demónio! Que o senhor: Deus ti repreendam santanista!,1
Isso é um chorume 🤬🤬💩💩💩,1
"@luiz_f_gelezov o mundo pode ser melhor, não vamos desistir!",0
O Brasil certamente seria outro se todas as escolas públicas fosse colégio Militar! @bolsonarosp,0
"Só fala besteira...a frança já foi cristam,hoje é uma nação sem Deus",1
Esse é um canal e uma grande jotnalista,0
"Enquanto isso, os verdadeiros corruptos são soltos! Que deputados são esses?",1
"Aiii por favor, ela é uma pirralha mesmo....",1
Imprensa imunda 🤦🏻‍♀️,1
QM deve teme.. UM ESTADO COMUNISTA E NAZISTA AGE IGUAL.. ACABEI LEMBRANDO D MADURO E DE CUBA..😂😂😂,1
Os militontos são doentes e não cansam de compartilhar Fake News e passarem vergonha,1
Muito vaidosa e cheia de si... vai trapacear quem puder.,1
"Jamais desistir! Este país é nosso. Este canalha convoca abertamente os marginais para apoiá-lo em uma revolução, quando diz que não suporta ver a polícia oprimir jovens que roubam celulares. Que tamanho absurdo! O Brasil vai crescer e ser uma grande potência mundial.",1
DEVERIA ATINGIR SÓ OS VOTARAM NESTE VERME,1
Parabéns Benedita você me representa,0
"Marquinho que parece gostar do verbo ""espancar"", mmm?",1
"Os dois babacas traidores do povo de bem ,dois inúteis",1
"Tem mais gente, e nós queremos saber!",0
E já estão armando mas.... Deus proteja!!! 👏👏,0
"Tantas coisas importantes para resolver e ficam dando ênfase para uma menina, que francamente, não me diz NADA!!!!!",0
Esse cara não consegue passar um dia a fazer merda!!!,1
Hahahaha.. essa quadrilha PT é foda!🤦‍♂️,1
Foi uma honra professor!🤓🤘,0
E o Bolsonaro deve estar muito preocupado....🤣🤣🤣,0
Em nome do Demo!🐂💣💩💣💩,1
"Essa raca ordinaria nao tem o que fazer. Ganham uma fortuna as custas do povo. Ademais, dona Zambelli. A Joice defendeu o Bolsonaro em muitas ocasioes. Voces sao uns vadios desocupados que perdem o tempo fazendo provocacoes o tempo todo.",1
O que isso está significando é que esses canalhas corruptos e sujos é quem manda no país?! Derrubam vetos do presidente e fica por isso mesmo! E o presidente não pode fazer nada para anular esses abusos desses canalhas?,1
Lula falar dele é fácil mas é difícil ter a capacidade de gestão pública privado como Lula Alckmin reconhecido pela maioria dos brasileiros e todas Nações do planeta viva a democracia com esperança que voltou a todas classes sociais brasileiras viva LULA ALCKMIN. Vamos acordar eleitor de Santa Catarina.,0
Que@ sabe as coisas mudam é isso seja natural em tds os aspectos 🙏,0
A Polônia foi invadida pelo exército nazista. Qual a razão de comemorar???,0
Como aqueles porcos chauvinistas subestimaram essa mulher!!! Pura misoginia!,1
É sério isso? Invasão da Alemanha nazista na Polônia?,0
Se jogar um carteira de trabalho não sobra um,1
58bilhoes de rombo em fev. Pior rombo em 28 anos. Parabens seu incompetente!,1
Saudade do que a gente ainda não viveu. ☹,0
"Isso é. O cúmulo da estupidez, da ignorância e da falta de respeito. Velho safado! Vá criar vergonha e redimir-se de suas brincadeiras maléficas!",1
Brasil Israel Portugal Hungría não podem entrar,0
Deputada para com isso admiro seu trabalho mas essa menina tem q parar com isso muita pessoas dando moral a essa garota q se faz de Santa acho q vc esta ao lado dela ... Sou fã da senhora mas não juga o presidente não,1
O Brasil só vai evoluir no dia em que a população der sim a monarquia. Não entendo como em pleno século XXI têm pessoas que acreditam que na monarquia não existe democracia.,0
Quero que seja governadora.🌻🌼💕,0
duas fotos as mesmas merdas,1
Vc merece todas as medalhas meu querido!!!!!❤️,0
"@damaresalvesoficial1 n dê mais entrevistas, ou escolha as perguntas, já deu de falta de respeito",1
Isso tudo é falta de gente boa pra ser a personagem do ano ou mais uma manifestação do mau gosto esquerdista... ?,1
@geannerocha Livro maravilhoso e necessário!,0
Vamos falar da uma delação do Palocci?,0
Esse verme tem que ir preso de verdade. Ele está tentando fazer uma revolução em nosso país. Não é possível que ninguém está vendo isso....😡💪🏼,1
"Ele vai voltar pro xilindró!!! Kkkkk Wuero ver o “belzebu” mandar os otarios partirem pra vandalização do Brasil, como está acontecendo no Chile, estando trancafiado!!!",1
ninguém segura esse governo! pra cima deles! 👏😍🇧🇷,0
Real foi a 16 e dólar a 65 hj dale macri burro para caralho!😅😅,1
Tem que ser uma pessoa muito especial viu para dar uma entrevista para uma pessoa de esquerda que nem a Leda Nagle não é para qualquer um não Parabéns Eduardo bolsonaro,1
"Parabéns Ministro, o maior de toda história da Educação do Brasil.",0
Mais o que esse ministro está querendo?,0
A minha mais profunda empatia e solidariedade a nossa ministra. Pq esse bosta se acha no direito de sair ofendendo as pessoas desse jeito?,1
"Esse bandido que se diz pastor, foi ""bóia"" do Frota durante 2 anos",1
"Qualquer coisa que alguém da direita disser será desvirtuado para ser usado pela esquerda pra atacar. Ele citou um exemplo histórico que nós não queremos de volta mas pra isso o Brasil tem que se preparar, coisa que não fez na década de 60.🇧🇷",0
Avante Brasil 🇧🇷🇧🇷🇧🇷🇧🇷🇧🇷🇧🇷 #BolsonaroPresidente2022🇧🇷,0
Policia não mata negro minha senhora Benedita para de enganar o povo polícia mata quem ataca eles para os mata tbem eles matam para se defender da bandidagem a qual vcs deixaram aumentar a senhora já foi atacada por policiais os seus filhos então como a senhora fala uma coisa dessas para de enganar as pessoas,1
Toma no fiofo globo lixo,1
A urgência de preservação ……..,0
Ficam perdendo tempo com essa merda,1
Assaltante de pobre,1
Vai ensinar seu gado a fritar hambúrguer 03?,1
Mulheres maravilhosas 💝💖,0
Toma vagabundo😂👏,1
Linda foto gostei parabéns bom dia Boa semana ❤️,0
😂😂😂😂Por isso Amoooooo esss homem kkkkkkk,0
Cadê o PSL para apoiar o Presidente no Congresso? Quem mais joga contra é o próprio partido. Acordem!,0
Meu sonho minha filha estudar no colégio militar. Lindos meninas e meninas! Avante pelo Brasil Bolsonaros!,0
O Bolsonaro libertou os demônios que estavam escondidos.,1
Vocês nos inspiram ! 😍😍😍😍😍,0
"Leda Nagle e Lacombe,estão dando show no resto dos jornalistas lixo.👏👏",1
"sou formado em medicina pelo youtube, qual o problema.. até agora nenhum paciente que operei voltou do tumulo pra reclamar...kkkk",0
"Moram no Brasil, mas não têm alma de brasileiro. Limpam a consciência com papel higiênico...",1
Petista liberal ! Pqp!,1
Um grande perdedor!,1
"Nao é só mais um concurso de beleza, é representatividade.",0
"Verdade ! Apesar de concordar com a fala dele, acho não deve falar o q pensa !",0
👏👏👏👏👏👏 a direita avançando 🔥❤️,0
"Mistura do Chuck com a Chiquinha ! Uma garotinha sueca, de trancinha, com ar de inocência, atriz perfeita para as massas esquerdistas! Que feio. Deveriam ter vergonha!",1
"Ja está manipulando ,vcs sao egoísta",1
Igual a lula não tem aqui nem na china ele é o melhor de todos,0
Tranquilão lindezo do coração ☺️,0
"Esse ta precisando ser internado , isso não é normal ..lixo",1
Al5 já pra cima dos bostas que querem destruir o Brasil,1
Cadê as imagens??? Pq não foram entregues???,0
"Chora seus lixo, #CHORAMAIS #aceitaquedóiMenos KKKKKKK",1
"Esse cara tem que ser calado, não podemos achar que seja senilidade, é um criminoso sem escrúpulos e sabe bem que está fazendo.",1
"E ainda tem pessoas defendendo esse idiota,o triste é que a gente sofre junto com essas pessoas 😒",1
Esquerda sempre !❤️,0
"👏👏👏 parabéns o HB é referência e excelência em tratamento de pacientes , 😍😍 direita com apoio Bolsonaro 😍😍",0
Carla té desejo muita saúde para aquentar . Mais uma coisa é certo. DEUS está nó controle.,0
Jornalista filho do demônio comunistas,1
"A população do bem sempre vai prevalecer a esses PETRalhas,se forem fazer baderna vamos responder à altura",1
Coloca o satã no caminho desse pastor Feliciano bandido.,1
"Leva ele pra junto do Adélio , está louco kkkkkk",1
"Acham q a gente é besta!Se vissem o vídeo todo, não ficariam distorcendo a fala do @bolsonarosp sempre distorcem ou descontextualizam",0
👏👏 2022 nos voltaremos,0
"Olha que deve ter peixe maior nesse assassinato aí. Essa gnt presa hj é peixe médio, capachos de alguem.",1
Perfeita como Sempre👏👏👏,0
Um quase presidente e o outro quase um apresentador... só que não,1
"Em uma pessoa só é possível sentir o peso da representatividade. Estou admirado pela força, inteligência e beleza dessa mulher. Merecido título que realmente mudará algo no mundo",0
Comemorando a invasao da Polonia pelos nazistas do hitler???,0
O nível agora é outro! Negócios para o desenvolvimento do país e não mais viagens internacionais em aviões com cocaína ou usurpação de jóias por uma familicia,1
"eu li, por sua indicação. necessário! 🙌❤️",0
Exatamente alguns dias atrás o comentário do Presidente sobre a Greta seria para vc um poço de franqueza . O q mudou?,0
À imprensa podre elegeu .. pq é uma pirralha doutrinada .. parece até uma pessoa doente .. coitada .. usam a criatura .. as falas são devoradas .. lamentável 🤮,1
Estou feliz muito confiante nosso presidente está remodelado o Brasil!🙏🏻🇧🇷👏🏻👏🏻,0
Que ministro Educado sabe falar com cautela 👏👏👏👏👏👏,0
Que imagem linda!!!!!❤️😍,0
Estamos começando colher bons frutos ...seguimos confiando q apesar do congresso inteiro em.oposicao....chegaremos lá,0
Se unem a favor do Brasil... vê se a esquerda fica um contra o outro. Eles se unem... pense nisso,0
Tanto escândalo por causa de uma palavra. Está faltando dicionário pra esse povo.,0
Deus abençoe nossa nação!!,0
"Toda vez que o João Gordo falava ""professor"" era uma tristeza por lembrar que deveria ser ""presidente"" 😢 #forabolsonaro",0
Que do Cara do mal. !!!!,1
E vai vencer!,0
@joicehasselmannoficial porque as forcas armada nao interven no STF urgente.,1
Amém obrigada está certo 🙌👏👏👏,0
"Cara, um presidente desses!❤️🙌",0
A rádio/tv estão fazendo propaganda contra o governo isso pode ???,0
"👏👏👏chega de tanto lixo destes fascistas ,racistas de merda, traidores da Pátria , golpistas🤮🤮🤮chega...",1
Tem que processar esses vagabundos. Não pode ficar só no embate. É processo e pronto,1
Estão brigando por poder e não pelo Brasil,0
"@bolsonarosp o besta fera do noblat sempre fala tic tac no blog dele envolvendo vocês !com essa corja maligna do congresso ,STF ,mídia , jornalistas como esses diabos do noblat ,Fábio panunzio ,Reinaldo azedo ,Raquel sheirabosta ,José Simão ,George marques ,todos da globo enfim que perseguem @jairmessiasbolsonaro ,esquerda só teria solução com uma intervenção divina @bolsonarosp !Deus tinha que fazer uma limpeza com essa corja maligna @bolsonarosp",1
Esse homem é o Satanás,1
que pessoa que passou do limite em destruir valores que absurdo,1
É um imbecil!!!! Muda o foco Tava todos contra a globo lixo,1
"Sim, ela é mil vezes mais sensata que você. Que você diz querer o melhor para o Brasil, mas adora esquentar mais ainda o que está quente.. você quer é puxar pro seu lado!",0
Nessa hora a mão que segura o porrete chega treme,1
Bate papo com pessoas sensatas....que enxergam o óbvio e tbm muito na frente..... parabéns!!!!👏👏👏👏👏,0
Vai voltar pra política Joice,0
@steffan_monteiro chora bb ridículo,1
"Não existe agropecuária que seja boa pro meio ambiente, pros animais e pros seres humanos. O que ninguém fala é sobre como a Greta se alimenta, e a razão disso.",0
Para o alto e avante Brasil 🇧🇷👊🏻👊🏻👊🏻,0
"e o Dólar a 4,19?! hummm Dilma já saiu..",0
"O MU deixou de ser apenas um concurso de beleza desde que saiu das mãos de Donald Trump, Manu. As misses precisam ser bastante engajadas em projetos sociais e assumem o compromisso de dedicar o ano de reinado a causas humanitárias. Além disso, as juradas (não tem mais juradOs) não são mais tão exigentes com medidas. Quanto mais carismática, empoderada, comunicativa e ativista a miss for, maiores são as chances dela levar a coroa. Nossa Miss Brasil @juliahorta é uma feminista super militante, atuante, de nos encher de orgulho.",0
"Benedita, vc me representa!",0
Neste caso tb concordo! Não precisa dar argumentos e munição!,0
Toma lixo esquerdalha !,1
Esses filhos parecem que querem destruir o pai.,1
"Revistas de políticas brasileiras tipo a carta capital são uma vergonha nacional, lixo puro.",1
Haddad sempre!,0
"Mas, que ""pastozinho"" ordinário!!!!!! Esse o purgatório de Dante vai ter ter muito fogo e um funil enorme pra deixa-",1
"Ja passou,da hora de saírem de cena seus comunistas da globo lixo!!!",1
"Falso Cristão , nenhuma novidade, com sua dentadura da vaidade...",1
"Eu sou argentina, moro em Buenos Aires e somos muitas as pessoas que não gostamos do Macri e ficamos contentes com os resultados das eleções. Ele é o pior presidente que a gente teve. Força para vocês! (E para nós)",0
Ela e uma piranha mesmo...uma criança influenciada,1
Venceremos a direitalha. Não percam suas esperanças.,1
Lider miojo kkkkkk,1
"@fernandohaddadoficial PRESIDENTE ARTHUR LIRA, NÓS 38 MILHÕES DE APOSENTADOS E PENSIONISTAS GOSTARÍAMOS DE SABER O PORQUÊ DO DEPUTADO ESTÁ IGNORANDO OS ARTIGOS 154 E 155 DO RICD, QUE JÁ TEM REQUERIMENTO APOIADO POR 257 DEPUTADOS DESDE O DIA 11/09 E ATÉ AGORA O DEPUTADO NÃO MARCOU PAUTA PARA O PROJETO DE QUE DEVERIA TER SIDO PAUTADO NA ORDEM DO DIA, E COMO ESTÁ A REDAÇÃO DO REQUERIMENTO 2973/2023 DO DEPUTADO POMPEO DE MATTOS, QUEREMOS UMA POSIÇÃO VOSSA DEPUTADO. O POVO QUE ELEGEU O SENHOR PRESIDENTE DESSA CASA LEGISLATIVA POIS FOI ATRAVÉS DE VOTOS DE PARLAMENTARES ELEITOS PELO POVO QUE O DEPUTADO FOI ELEITO PRESIDENTE. ENTÃO NOS RESPONDA PORQUÊ O DEPUTADO IGNORA O REGIMENTO INTERNO DA CASA? TRABALHAR EM PTOL DO POVO E COLOCAR O PL4434/2008 EM VOTAÇÃO. APOSENTADO E PENSIONISTAS EDTAO DESEPERADOS COM O REAJUSTE 3 71 FACA PELO POVO.",0
Meu presidente( gato) 👊👊👊👊👏👏👏👏👏,0
COMUNISTA FDP,1
Cala esse bueiro de falar merda sua safada,1
Sempre cercado pelo povo....,0
É uma idiota! Não precisamos da pena dela...,1
Fernando Haddad grande liderança que surge com muita força em nosso país Haddad intelectualmente mais preparado e também moralmente,0
Seria mta ingratidão não lembrar do Queiroz,0
"O que dizer além de ""vaca véia"" ??? E no pior sentido da palavra.",1
"nossa me arrepiei, tomara q existam mais Gretas no mundo",0
Amigo do capetão é capetinha 💩🤮,1
"@cicerogoias_ pode voltar a pastar, aproveita que capim ainda é de graça no desgoverno do amor",1
Exatamente . Está na hora de parar de falar besteira e de prejudicar a imagem do pai!,0
Este é o lixo do lixo,1
Sempre somos nós q perdemos 😞,0
Mal feitores vão queimar no zinfa dos infernos 😈raças de viboras,1
Congresso nacional vergonha do Brasil 😣😣😣😣😣😣,1
Bem feito seu rato,1
22 sempre será meu presidente,0
"Daqui a 50 anos haverá (ou não) outra(o) jovem discursando, e chorando, e brigando novamente. Nada muda! Como vi uma vez em um filme: ""Ninguém se importa"". Vários dirão aqui embaixo ""SIM, EU ME IMPORTO!"" Mas não, nos importamos em dar like e compartilhar, e após isso voltamos ao ""normal""...",0
Brasil tivesse democracia vc nem ministro era.,1
"Sou baiano, já voltei na desgraça do PT e, graças a Deus fui libertado dessa praga. Bolsonaro é o verdadeiro presidente e o melhor do brasil. Chupa esquerdalhas! Lula e sua quadrilha tem que ser estirpados da política e do Brasil.🤬🤬👎🏾👎🏾👎🏾 Parabéns para o povo, para os prefeitos e governadores!🇧🇷🇧🇷🇧🇷🇧🇷",1
Eu não aguento mais olhar essa cara lavada do luladrão,1
Vc tbm tem ajudado.,0
Assim cm o Brasil se tornara uma Venezuela? Por que o metodo de governo ja se parece bastante. Ambos ditadores que oprimem adversarios e os dois presidentes acham que as cabecinhas deles so tem ideias geniais. Mas em ambas so tem merda.,1
Enlouqueceu essa Joice!! Quanta prepotência arrogância dessa Joice.,1
Vão fazer o mesmo com a Lei de abuso de autoridade. Vão derrubar todos os vetos do Presidente @jairmessiasbolsonaro,0
"Alguém tem que parar essa criatura,já passou do limite...loucura.",1
Qual nome do Filme?,0
Pena pq a boquinha secou né sua socialista de merda!!!! 👊🏻👊🏻👊🏻,1
Um monstro!👿👿👿👿👿👿👿👿👿👹👹👹👹☠☠,1
Como vc é em @joicehasselmannoficial mais do mesmo... Vc está dando nojo já... Que podre!,1
"Prisão deveria p esses Ladrões, isso sim.",1
"😂😂😂É porque a Pepa tem o mesmo espírito ruim do Mula! Deus não ajuda a ficar no alto,a ficar bem,tá sempre se l@scando!Minha mãe dizia: Quem muito quer nada tem! É o caso dela e do Mula! Beijão pra vc Carla! Estamos com vc e os bons do Congresso!🌷😘",1
"Vai tomar no seu cu milicianos, isso é inveja do PT",1
@bolsonarosp ajudei a eleger teu pai. Mas esse arquivamento de processos referente ao Sen. Carlos Bolsonaro ficou estranho,0
Esse terrorista tem que voltar pra CADEIA.,1
Quem é essa Zé Mané aí ? O que ela fez ? Está mais para atriz de Família Addams,1
#cartacapitallixo #cartacapitallixo,1
"Emocionante de mais, Deus é tudo 🙌🙌",0
Você é um Diva meu Fer parabéns por todo,0
"Pqp, comunista fdp",1
Ah para! Ameiiiiiiiiiiiiiiiiiiiiiiii,0
Amém que Deus abençoe em o nome de Jesus🙌🥹,0
Minha nossa!!! Que pastor perverso!,1
"Senhores Nobres Deputados, que tal pensar mais no povo que vos colocou nesses tronos , do que essa guerra por vaidades que estão todos envolvidos? A Nação Brasileira Agradece!",1
Que boné top👏,0
"Será que vai querer devolver o dindin da propina,😂😂",1
É só O que falta,0
Não tem o que discutir!! Lindíssima! E que discurso!! 👏,0
Já estão preocupados com 2022,0
bozo pesadelo do pobre TRABALHADOR!@!!,1
Falsiane Hasselmann,1
Cala a boca sua pirralha !!! 💩💩💩,1
"As se.eu fosse mãe de uma criança dessa, ele ia ver com quantos paus se faz um barco.",1
NAO TEM CADEIA NEN PRA VAGABUNDOS VAI TER PRA QUEM FAS FAKE NEWS ESSES CARAS ESTA DOIDOS.,1
Ainda da audiencia para essa pessoinha..galera vamos deixar de seguir essa senadorinha..mto ridiculo os post dela,1
Afinal isso é crime ou não é????,0
Que Deus possa dar forças a está mulher vitoriosa. #somostodosdamares 💖,0
Esse lixo... Um verdadeiro canalha...,1
O mundo bem representado pela miss universo .,0
Todo sofrimento pra corno é pouco,1
"Para de manipular o gado deputada, ele não criou nada só sanciono a lei que vcs criaram, mas como esperar democracia de uma parlamentar petista né... aí fica tentando responsabilizar ele",1
É melhor um filho falando o que pensa. Do que um filho ficando rico caladinho.,0
"👏👏👏🙏🙏 Mais uma condenação para este bêbado, corrupto, ladrão!!! E o Toffoli e sua gangue ,com cara de pau,tentando livrar a cara do imundo!!🇧🇷",1
Parabéns pela escolha presidente Lula 👏👏👏👏,0
Fora demonio💩💩💩💩💩💩💩,1
"Se for verdade, essa é a raça que deveria ser extinta do mundo.",1
Damaris me representa 🇧🇷,0
"Parabéns professor, sucessos",0
Meus olhos sagram com tanta besteiras que sai da boca desse ser,1
"Quantas faculdade de economia vc fez ?? E qual delas vc não colocou?? Vc não entende nada de economia não se oque tá fazendo aí ,vc está acabando com a economia do Brasil",1
Lindão demais,0
Dois crapulas ai ela e ele,1
Joyce dá uma força para o Brasil p**** tu tá fodas,0
Americanos não se mistura com corja,1
Bachelet vc como todo bom esquerdista é uma hipócrita. Tenha pena de vc e do seu povo.,1
Parabéns professor você merece 👏👏👏👏👏,0
"A maioria dessa bancada evangelica usa o nome de Deus em vao. É só fachada pra encobrir a verdadeira podridao que eles carregam no coraçao, so",1
@miriammoreira182 quanta ignorância a sua. 🤦🏽‍♂️,1
"Haddad vem pro veganismo, vamos salvar esse planeta <3",0
Revoltante . Abandonar seus pares . Entregar ao inimigo . E o juramento ?,1
"Vai te catar ,cuida do teu país,o Brasil tem quem cuide🙏🇧🇷",1
Estamos juntos! Somos Brasil! Somos de todas as cores!,0
"INDIGNADAAAAAAA!!!!! onde vamos pararrrrrr.... Ahhhh se fosse com alguma petista, tipo Maria do Rosário!!! A imprensa marrom já teria feito a maior balbúrdia!!! ISSO TEM QUE ACABARRRR!!! 😡😡😡😡",1
"@mcpm.insta , agradeço imensamente por terem vocês ao meu lado. Que Deus abençoe todos nós, amém!🙏🏼  Abraços 🇧🇷",0
Que Deus a abençoe ministra e lhe dê forças pra continuar fazendo o seu excelente trabalho frente ao ministério.,0
"Pra mim não é surpresa, acho é pouco para os idiotas que votaram nele, tô ferrada mais eles tbm",1
Pilantra comunista oportunista,1
Essa maricona safada 🙄🙄🙄,1
"Guarde sua ""pena"" ...nos da ânsia de vômito",1
Este vagabundo so saiu da cadeia pra cair e vomtar pra lá de vez!,1
Como esses que defendem conseguem explicar a morte da pequena Agata?,0
"Interditem esse velhote urgentemente e que a família assuma a emissora ou que a concessão seja passa à frente por pessoas mais competentes e responsáveis.O SBT já não faz mais programa para a FAMÍLIA brasileira com respeito como antes. Senor Abravanel,o senhor está sem noção.",1
Deus acima de tudo!!!,0
Mó cara de cu essa mulher ficou depois😂😂😂😂,1
Foto maravilhosa 👏👏👏 Amo ver Lula feliz❤️,0
Melhor Jair se acostumando 😄😄😄😄,0
Vcs são perfeitos,0
Pirralha se achando e faturando com o sucessinho de mídia esquerda.... a para ae...,1
"@leoehm Concordo Plenamente com você! O plano deles é tirarem dinheiro o máximo que der, não estão preocupados com a nação, penso que querem grande parte da população na miséria absoluta! O motivo da esquerda odiarem os empresários é que eles dão uma banana pra esses caras!",1
Mentem e roubam..... Não vai mais mamar.....,1
As vezes tem pessoas com espirito inflexível não saber escutar precisa apanhar para amadurecer .,0
"Dá para ver o nível dos critérios usados para essa escolha, pra quem tem um pouquinho de conhecimento, a escolha dessa peça de manobra do comunismo não altera em nada nossas vidas!",1
Verdade! Quanta ingenuidade.,0
"Agora tu ataca né,quando queria se promover pela fé, vc é uma nojenta",1
Pirralha do caralho e gorda imunda,1
Pastor miliciano🙌,1
"😕😕😕PARTIDO COMUNISTA DO MAL, ESQUERDALHAS DEMENTES, ANTIPATRIOTAS DO CARAMBA, LIXOS",1
"A Ministra é especial , mulher de Deus !!! Tudo que é dr Deus o demônio odeia ! As pessoas que te atacam são instrumentos do demônio pra te atacar !! Descansa no Senhor 🙏",1
Como defender vocês perante eleitores de Bolsonaro?! Parecem crianças birrentas! Aff credooo!,1
Que orgulho dela❤️,0
👏👏👏esse é o Presidente que o Brasil precisa!!!,0
Muito satisfeita com meu voto em vc pela segunda vez.👏👏👏😍,0
Deveriam ser presos esses pretalhas!!,1
Meu futuro presidente 👏👏👏👏😍😍,0
@valeriaguaitollini não respondo perfil fake da Manuela,0
E o DPVAT no BRASIL?.,0
Adoro este linda pessoa guerreira batalhadora nosso orgulho Carla Zambelli Brasil te ama 🇧🇷🇧🇷🇧🇷🇧🇷👏👏👏👏,0
@bolsonarosp pega tua viola e sai fora ignorante de nível máximo.,1
Nunca acreditei na integridade desse homem. Cheio de falso moralismo!,1
Ae é uma verdade!!!!!!,0
Lixo ideológico,1
Dispensamos sua pena sra Michele Bachelet.Temos misericórdia dos pobres de espírito que manipulam os pobres.,1
Esse cara é muito imbecil mesmo.,1
@sandrinhomonteiroaraujo apago não. Zanin é competente e será um excelente ministro do supremo,0
Se assistir esse vídeo será taxado em 60% @fernandohaddadoficial,0
Justiça seja feita !,0
Tu ta doído rato,1
Até uma criança tem mais cérebro que esse povo👏👏👏,1
Ah pronto. Mas hoje era dia de falar?,0
Estão loucos....Revisão do Código Penal URGENTE,1
Pepa Pig ou Pinguço?,1
Urgente Lula livre já Haddad presidente 2022. Ja Brasil,0
Ele deveria criar leis q é contra o NEPOTISMO!,0
Como? Não pode agora fazer mais nada?🇧🇷💚💛,0
Simbora. Vamos dar a liberdade ao nosso querido presidente Luiz Inácio,0
"Minha querida Deputada Carla Zambelle. Vc é,uma grande guerreira. Deus está sempre ao seu lado, para qualquer batalha que for enfrentar. Que Deus lhe abençoe sempre, com as mais grandiosas vitórias!👏👏👏👏👏👏💪🌹🌹🌹🌹⚘️⚘️⚘️🍀🍀🍀🍀",0
Cambada de vagabundos.,1
Esses vermes sao dejeto de fossa canalhas corruptos vagabundos são o câncer do Brasil,1
Bandido nojento!,1
Isso mesmo Carla...boa pergunta... Pq em bachelet,0
Nojento boca suja,1
Nem aqui nem em lugar nenhum,0
Eu defendo a soberania nacional...estou com vc Haddad 👏🏾👏🏾👏🏾,0
O presidente Lula é o presidente mais amado do Brasil 👏👏🇧🇷🇧🇷 parabéns meu querido presidente que Deus continue abençoando grandemente sua vida e seu trabalho e sua saúde 🙏🙏❤️❤️,0
"Nós e o mundo todo sabe que essa moça não era a mais bonita. O concurso de miss universo há muito tempo se tornou um evento político. Sabemos que não é apenas a beleza física que está sendo avaliada, é todo um conjunto.",0
NOJENTO. ESCROTO 😒,1
"Que absurdo, essa Joice é uma vergonha.",1
Muito bem fácil bandido é sempre bandido E o lugar dele é na cadeia lulaladrao fora STF protetor de bandido.,1
Esses de fato nos representam! 👏👏👏👏👏👏,0
Bom dia Democracia obrigado por existir!!,0
"Agora essa nova esquerda light quer calar os filhos??? E o pai também será??? Gente asquerosa, invejosa e que só pensa no poder pelo poder, não ta nem ai pro país! Sou Bolsonaro e família sim, desses tipinhos aí o país ta cheio e deu no que deu até agora!",1
Se ficassem calados ajudaria mais ao Presidente,1
O que deveríamos esperar dessas escórias???,1
Oque tem ave Rio Grande do Sul com Roraima kkkkkk!,0
"É uma inocente útil ,pirralha vai lutar pela liberdade daquelas meninas ,são obrigadas a casar com 8 anos e morrem arrebentadas cadê a ONU ,Greta ,artistas super star e acabar com a fome na Venezuela ,África ,parem de ser hipócritas ,ela é usada pela esquerda Soros ,acorda Joice",1
O foco até tremeu com tanta beleza 😍,0
Além de melhor Governador de São Paulo será nosso futuro Presidente do Brasil 🇧🇷🇧🇷🇧🇷,0
Nossa ...ela é lindíssima,0
"Três mulheres de fibra, inteligentes, sábias e lindas.",0
"Dá um sono danado o Andrade.. Se forem com esse cara de novo como candidato, infelizmente, dará Dória em 2022..",1
Oh meu Deus! Que coisa mais linda 😍!,0
Nunca será presidente Munuelinha,0
Isso é História! Obrigada Deputado Eduardo Bolsonaro!🇧🇷🇧🇷🇧🇷,0
ESSES VERMES VERMELHOS SÓ FAZEM ISSO PELO BRASIL (MAL)NÃO AMAM A PÁTRIA,1
coisa nojenta sim,1
Isso é um doente,1
Parabéns Deputado Eduardo Bolsonaro pelo esforço que vc está fazendo e mostrando a nossa realidades ao mundo a fora! 👏🏻👏🏻👏🏻👊🏼🇧🇷,0
Vai que e tuaaaa,0
Vc só foi eleita pq colou no Bolsonaro poderia ter um pouquinho de lealdade...só um pouquinho...,1
"Filhos mimados e irresponsáveis. Tinham q tomar uma surra e ficar de castigo, sem celular e sem briquedos",1
"Esse não foi só um concurso de beleza. Este foi um marco na história. Essa mulher precisa ser vista e ser ouvida pq outras milhões como ela precisam se sentir representadas e precisam ser ouvidas tbm. Quando ela fala, fala por muitas. Eu estou muito feliz por ela ter ganho. Que elas saibam a importância que têm para o mundo. 👏🌹💖",0
A cada dia rumamos para o fortalecimento da ditadura de criminosos,1
Próximo presidente da República ❤️,0
"LULULU é um profano sem onra ,e quer TRANFORMAR o Brasil em uma pocilga do comunismo para roubar o país inteiro, .",1
"@cunhaiata cobra do teu governador e prefeito, responsabilidade deles",0
Soca essa sua democracia no C... Viva dia 8 de janeiro,1
Toma!!! Seu fim chegou!!!,1
Moro coloca este bandido na cadeia por favor . Cadê os filhos dele que não apareceu pra encontrar o pai ?🤡🤡🤡🤡,1
"Nunca vai ser , nunca será presidente do nosso país. Vai se acostumando pq daqui uns dias não será eleito nem a presidente do grémio. 😚",1
Alguém tem que tirar esse cara nojento do ar!,1
Haja mortadela,1
Damares vc é o exemplo de pessoa e vida 👏👏👏 ém,0
Vergonha alheia da porra,1
@dieguera_ Ele ñ é filho d Lula.,0
Vc é o presidente que este país merece!👏💚,0
Que lindo adorei,0
Tamo junto meu presidente lula na cabeça e no coração,0
"Admiro muito vcs, estamos juntos ❤️❤️",0
A esquerdalha e a que mais fábrica fake News eles são Mestre. Nisto,1
Ridículo estes jornalistas pervertidos. Processo neles Ministra.,1
Meu Abraço Carinhoso na Gratidão pela sua presença em minha vida🙏🏻,0
"Repugnante essa matéria, esse indivíduo precisa ser processado!",1
"Esses esquerdopatas estão amarrados, amordaçados; estão vencidos e destruídos em Nome dO Senhor JESUS CRISTO 🙏AMÉM E AMÉM 🙏",1
ei fi de rapariga esse Bolsonaro,1
Vitória bem pertinho 😍,0
Haddad vc e lindo demais.,0
"Hitler, Stalin também frequentaram essa capa.",0
O presidente não deve da satisfação a essa criança,0
"Ótimo, onde estão as mulheres, as pretas, os indios, os operários, o protesto. Todo mundo muito domesticado.",1
Ela é linda demais!!!! ❤❤❤,0
Quem dá moral pra essa mulher fala e uma esquerdista disfarçada louca por poder vamos lacrar kkkkkk,1
É verdade alguém tem que colocar um tapa boca nele,1
Parabéns Tarcísio precisa colocar trem ou metro aqui em Campinas SP,0
Podridão não tem limites com esse pessoal ligado ao BOLSOASNO.,1
A maioria dos estados estão precisando de um governador como esse. 👏👏👏,0
"Sabe Dra Janaina, acho que só o mimadinho não sabe disso. Tonto de carteirinha!!!",1
Tomara que isso sinalize o começo do fim dessa ideologia neoliberal na América latina,0
Não vamos comentar sobre esse ladrão FdaP apenas jogar Pedras,1
Grande homem! Educador poderia ter sido nosso presidente!,0
Continua assim Ministra.Os cães ladram e a caravana passa.Voce é uma grande mulher,0
"Bolsonaro tem que vetar integralmente a lei da mordaça no MP, na polícia e no Poder Judiciário",0
PODE BOTAR TUDO SUE BC TIRA DO TRABALHADOR NO CU DA SUA MAE SEU FULEIRO ASSASSINO DE MARIELLE,1
"Maldita, quadrilha do PT é grande viu💩💩💩",1
Grandes líderes PATRIOTAS,0
A esquerda è desprezível!! 😤😕 sem mais...,1
Glória a Deus pela sua recuperação João Gordo!!,0
Amor platônico só pode aff.. Não fala mais de outra coisa..,0
Isto e vetdade,0
"Tai, o MELHOR Presidente e Ministro da Educação da época, e agora a Saga continua, Graças à Deus ❤️",0
Puta que pariu! Imbecilidade! Dele e do povo que o elegeu!,1
"Gente isso é muito criminoso! Chega! Tem que punir sem dó esses indivíduos de almas estragadas, para que o mal não contamine outras pessoas ... #SomosTodosDamares",1
Lula vagabundo e bandido !!!,1
"Falou tudo , quando que eles vão acordar , dando munição pra esquerda e burrice .",1
Um homem de Deus... Desculpa Deus!,1
Prejudicando o meio ambiente de novo ??! 🤪,0
Nosso guerreiro ❤️❤️😍,0
"Você chama estes lixos de parlamentares, estão mais pra ratos de esgoto que para parlamentares.",1
A pauta mais importante é segurança publica e educação basica,0
"Vejam que as décadas de empenho da Rede Globo de Televisão, em destruir as famílias tradicionais brasileiras. Tem afetado também os próprios promotores desta destruição, que lutam. Por um Brasil 100% drogado, pedófilo, gay, lésbico, bandido, criminoso e com ""satanás"" no coração. Todos os anos vemos artistas, funcionários da referida emissora sendo presos, internados por posse e uso de entorpecentes. Muitos definhando e falecendo por terem contraído doenças graves, sexualmente transmissíveis inclusive o HIV. Colhemos aquilo que plantamos!",1
Parabéns exelencia nosso futuro presidente e nos tamos juntos companheiro abraço brigado,0
"Foto pesada slc, mais pesado que os quilo do condenado do lula",1
Que merda esse homem ñ faz nada pra melhor so fera com nos trabalhadores,1
"Maravilhosas vocês, amoooooo!",0
Ta faltando um cabo e um soldado pra fecharem essa merda logo 🇧🇷😠,1
Um bando babacas dizendo Deus no comando...Direita hipocrita e safada...,1
E a Mp da enfermagem como fica?,0
"Lindos ,guerreiros .❤️👏👏👏",0
O MELHOR DE TODOS OS TEMPOS..O BOLSONARO O INSUBSTITUÍVEL SEMPRE! 😂😂❤️❤️👏👏👏,0
Esse demônio só fala merda!,1
"Brasil! País de 2 pesos, 2 medidas😤",0
"Uma ótima semana , cheia de vitórias e surpresas boas ❤️❤️❤️❤️",0
Me arrepiei com esse discurso😯,0
"NÃO!! Pera ✋ É sério isso?! Mais um CUPIM? Vamos lá galera!! Vamos tocar em assuntos irrelevantes para ENFRAQUECER a nação. Se não temos nada contra ele, vamos enfraquecer o povo. Fingindo estar preocupada com o bem da nação, tu chapas cana e assobia ao mesmo tempo. Finge estar preocupada com a nação jogando pedras no presidente para enfraquecer nossa confiança nele, mas na VERDADE tu estas trabalhando com e para os inimigos DEUS SABE PORQUE. Então, vamos relevar um detalhe importante: TODOS SABEM QUEM É ESSA PIRRALHA, PRA QM ELA TRABALHA, O Q ELES REALMENTE QUEREM. Uma interpretação simples de texto mostra NOSSO PRESIDENTE disse q ela é um objeto q lucra muito, abrindo caminhos para o q querem devorar nosso país. PIRRALHA: Ser pequeno que usa sua aparente inocência para abrir caminho para EXPLORADORES. Pode não ter classe na palavras do PRESIDENTE, mas elas tem VERDADE E SINCERIDADE.",1
"@carla.zambelli obrigada minha deputada, sempre terá meu apoio 💪🏾🇧🇷",0
"Que lindeza! Lugar de criança é na escola, bem cuidada e bem alimentada! Foi isso que mudou minha vida",0
"Eu fico olhando esse povo besta do contra, ter raiva do Lula e do PT, não diminui o FATO que vc foi um otario pau no cu de ter votado no Bolsonaro . . . Faz a arminha 👉🏻👉🏻👉🏻👉🏻",1
"CHEGA DE VITIMÍSMO, ELA TÁ SENDO USADA PELO SISTEMA, AS FALAS SÃO SEMPRE AS MESMAS KKK COISA DE ESQUERDA NÉ INFLADO SEMPRE ÓDIO... APESAR DE ALGUNS ERROS O HOME É FORTE MESMO, CONTINUA LEVANTANDO ALGUNS VERMES ATÉ LA DE FORA DO PAÍS...",1
A dulpla!!!!,0
Maravilhoso! Nosso futuro presidente!!!,0
Viva nosso grande Representante Viva nosso Presidente,0
Esse bolha falador de merdas já passou dos limites so5de ter nascido. 💩,1
Fico feliz em saber! Você e João Gordo valem sempre a pena!,0
Esta pirralha não sabe nada.Estao fabricando está idiota. Estão desesperados por tudo.B38,1
"@alliance_transfers E o irmão de legista não tem rosto, nao tem nome. Quem é tu, irmão de legista?😂😂😂😂😂",0
"Pra ele tá mesmo pauta atrasada!! Poiis não tem nenhum desses valores, e tbm ta com pé na cova e outro na casca de banana, cheio de doença já!!! Kkkkkk",1
"Nossa Carla que ridículo essa briguinha de vcs qdo vai acabar o recreio na creche de saco cheio com vc é com a Joice, deveriam estar unidas pra derrubar de vez o PT é ficam de briguinha boba",1
"Estamos contigo, ministra Damares! 🙏🏼💚💛",0
"E óbvio, se ele não tivesse sido preso. A Vitória na eleição, teria sido nossa.",0
Essa repórter pau mandado da GLOBO LIXO só fala merda. E o caso Celso Daniel a globo não fala nada .🤮,1
Silvio Santos é a cara do senhor do engenho,1
"Infelizmente o congresso manda mais, triste isso!😔",0
Desejo Boa sorte 💖,0
E como fica ? Ela tem esse direito ?,0
"Volta lula, volta lula p a cadeia!..👏👏👏",1
"Parabéns @fernandohaddadoficial !! Que diferença, a fraseologia, a elegância, o comportamento... Vai ser nosso Presidente sim, estamos a mercê da maldade, nada pelo povo... 😔",0
Leda Nagle em entrevista a melhor! Top !👏🌹,0
Tem que acabar com este verme e expulsar comunistas,1
Chupa pobre de direita!!!!🤣🤣,1
Educadores que amo 😍,0
Essa globo lixo não cansa de passar vergonha!!,1
"Enquanto os homens não fazem justiça, peço a Deus @damaresalvesoficial1 que Ele a faça! E Ele é fiel.",0
Taxou a entrada advogado?,0
Todos um lixo !,1
Sujeito ridículo.,1
Que maravilha. Que Deus te abençoe. 👏👏,0
"Com o PT de volta ao poder tudo se resolve, o clima a economia a Amazônia ... volta Lula 🦑 @appmarco 👍🏻🇻🇪",0
Dois homens maravilhosos.,0
Fala ai da condenacao do companheiro pimentel😁😁😁😁😁😁,0
Coloca ela no meio do Mato morre de caganeira. Um fantoche que não sabe nem o que fala.,1
"Um tem a cara do outro,dois vagabundos,que roubaram e afundaram este país. Dois caras de pau, ladrões...",1
"Tá feio mesmo, e eu era sua fã. Lhe admirava muito. E agora?",0
TE AMO BOLSONARO! 💕💕❤️❤️ TE AMO MEU BRASIL! PORRA ESTOU FICANDO LOUCO DE AMOR PELO MEU PAÍS. 🇧🇷🇧🇷🇧🇷🇧🇷🇧🇷🇧🇷🇧🇷🇧🇷🇧🇷🇧🇷🇧🇷🇧🇷,0
Maravilha. Alagoas precisa de escolas desse porte.,0
"Obrigado, Jair! A conversa com Israel foi fundamental!",0
Se eu votasse em São Paulo já tinha meu voto,0
"Parabéns a todos, lindos!",0
"Lula, foda-se.",1
"Pois é, prestando desserviço à população brasileira.",1
É um corja de safados! Nojo!,1
Vagabunda! Joice safada!,1
"Poxa, era só ele sair do armário... quem sabe passava essa raivinha toda.",1
@rdcluciane se vc acreditou uma única vez em lula é sinal que você já foi enganada!,1
@carla.zambelli SÓ DIGO UMA COISA... O BRASIL TÁ MUDANDO! TRAIRAGEM #NÃO COMBINA COM FIDELIDADE!,1
Só queria lembrar que eu escolhi o professor 🥰 que dupla,0
Totalitarismo não passará.,0
Dois pombo sujo! Safados...,1
"Percebem que , todo bandido no final de sua gestão , é convidado para trabalhar na ONU ! Porque será ???!",1
"Estou muito confiante o Brasil já deu certo, estão reclamando do preço da carne, culpando o presidente, ele não tem vacas, se tá caro não come, tem outras opções",0
#Forafeliciano e sua tropa virtual.🏴,1
Alguém lúcido neste STF,0
Esse miZeravel e um ele estava demostrando ali naquele momento estava demostrando a sua guria comtra todos nós negros incruindo eu isso e inaceitável um disgrasado dessis aí fazendo amessas para todos nós tem que ser punido pela lei não pode aceitar jamais tudo isso que esse miZeravel feis,1
amém. ...que a justiça continue trabalhando,0
Concordo plenamente os filhos do Presidente deveriam ser mais inteligente. Será que não percebe que com isto só atrapalham o pai e é isto que os inimigos querem,0
"Não é só beleza, Manuela. O formato dessa organização luta pela diversidade, representatividade, na tentativa de dá voz às minorias. Cada menina dessa leva uma causa social. Elas realmente têm que levantar uma bandeira e isso é acompanhado de perto. Longe de ser o padrão que vc expôs. Esse menina foi eleita lutando contra o racismo e a representatividade de jovens negros. Ela sim, milita de verdade.",0
estamos com vocês 👏👏👏👏🇧🇷🇧🇷🇧🇷🇧🇷💯💯💯💯,0
discurso muito .mas ela se esquece que tem muita gente empenhado em salvar o planeta viu greta,0
"Verdade. toda vez que abre a boca, os filhos do presidente dão munição para a esquerda ficar fortalecida em seus atos para derrubar o nosso Presidente",0
Força! Estamos juntos. O povo está do lado do bem!,0
Inconcebível! Asco!,1
Tu tem algum retardo ou é burro e mau caráter?,1
"Todos sabem que a mídia é podre, e você mesma já teve seus problemas com a mídia. Agora, todos querem crescer encima desta garota, é óbvio, não é? O que vender mais, estamos anunciando.",1
"A Gente Sabe, Quem Realmente Deu O Golpe Seu verme",1
Trabalho impecável👏👏👏👏,0
Maravilhosa linda exemplar Vitória merecida demais,0
"Com um Professor, a história seria outra...",0
O vôMITO é mesmo o satanás!!!,1
@felipefonseca88 votei tão bem que fiz o L.,0
"Linda, esplêndida.🎉👋",0
"E a mobilidade? O transporte público, fica aonde?!",0
Sensacional! Vai ser demais!🙂,0
Tem q aprender a roubar com vcs do pt... vcs são mestres,1
"Infantil dê um jovem, nó Estado dó Rio de janeiro é piraliha no RS guria em MG muleque como em outras regiões qual maldade têm meste dialetos gramatical a ondem emcontraro agressão?...",1
RUMO A UM PAÍS JUSTO E PRÓSPERO.ESSE É O BRASIL QUE OS BRASILEIROS QUEREM!!!!!🇧🇷🇧🇷🇧🇷🇧🇷🇧🇷🇧🇷🇧🇷🇧🇷🇧🇷🇧🇷🇧🇷🇧🇷🇧🇷🇧🇷🇧🇷🇧🇷🇧🇷🇧🇷🇧🇷🇧🇷🇧🇷🇧🇷🇧🇷🇧🇷🇧🇷🇧🇷🇧🇷🇧🇷🇧🇷🇧🇷🇧🇷🇧🇷🇧🇷🇧🇷🇧🇷,0
Arrepiada! Muito forte❤️,0
Ela é uma pirralha mesmo querendo se aparecer...,1
Maravilhosas!!! Estamos JUNTAS!!❤️❤️❤️❤️❤️❤️,0
KD a votação da PL 3723/2019,0
"Sem falar da MP881 que foi sancionada que permite que qualquer pessoa use seu espaço em sua casa para trabalhar como quiser. Concordo que todos tem que trabalhar mas ele possibilitando isto sem alvará e sem fiscais todos estarão sujeitos a contrair qualquer tipo de infecção devido não ter uma vigilância para os tipos de alimentos. Ele acha que fazendo isso está melhorando a situação, mas pelo contrário ele está dando mais um passo que não sabe governar e não tem em mente como fazer para diminuir o desemprego no nosso País...😭😭😭",0
"Parabéns, meu presidente.",0
Eu não só os ladroes do seu partido e vc que paga...sua canalha,1
"Ridículo esse tal de Silvio Santos , ficou rico às custas da ignorância do povo!",1
O demônio em pessoa.,1
Linda ...amada 💗,0
Quem decide o que é FAKE-NEWS? Esse é o verdadeiro perigo.,0
Falou bem suspeitos porque o chef está ainda solto,1
"Confio muito na sua competência, inteligência e calma, para resolver tudo da melhor maneira!!! Avante Grande Ministro!!!🤩👏👏🙏👏",0
Parabéns pela escolha para ser entrevistado,0
"@alliance_transfers A Polícia investiga, apresenta PROVAS concretas e tu quer que eu acredite no que tu diz que o teu irmao legista disse.😂😂😂😂😂😂😂😂 Muito.disse me disse nessa tua história.😂😂😂😂😂😂 próprio de bolsonarista.😂😂😂😂😂😂😂",1
Ainda temos toga de respeito graças a Deus. Não podemos generalizar,0
ESSE GOVERNO É O PIOR DE TODOS !!!! VOCÊ E SUA TURMA NÃO MERECEM ESTAR AI! VOCÊ É PODRE,1
Estão vendo a burguesinha agradecendo o maldito!,1
"Então esses jornalecos de plantão deverão ser todps presos, pois só praticam fake news, contra o governo Federal, especialmente contra nosso Presidente..afff",1
Povo bonito 😍,0
Cadê o cabo e o soldado da campanha???,0
@tatyara_soares @calilelopes @geralda.lu @moto.resgate.voluntario olha que coisa linda 😍,0
"Parabéns, professor!! Homenagem merecida!!!",0
Resumindo: o novo centrão é a Joice e o MBL,0
O Brasil voltou 👏👏👏👏,0
"Dra Janaína sou seu fã, é verdade ou ilação o comentário do filho do Presidente, se vocês não falam e nem alertam? Alguém tem que ter coragem para falar o óbvio.😎",0
Esses daí nunca vão pedir soltura de condenado 👏🏻,0
Que orgulho olha a postura desses alunos 🇧🇷🇧🇷🇧🇷🇧🇷❤️🙏💓💓💓,0
"O respeito não faz parte desse partido, o PSL! Vergonha! Uma celebração terminar com desrespeito! Isso não pode! Punição presidente Rodrigo Maia!",1
@carla.zambelli Era bom apagar este post..... pq ele sim é uma #fakenews 🤔,0
Vai ser muito bom Kkkkkk ♥️,0
Dois lindos e incríveis!,0
Parabéns Carla Parabéns Você me representa Parabéns Brasil Parabéns,0
Na verdade querem aumentar para 28%.,0
Grande Presidente Lula que orgulho ❤️,0
"Lamentável, quando a globo estava nas cordas esse imbecil lhe dá armas para continuar",1
Mais uma entrevista top. Esquerdolândia morre de raiva. Não podemos perder.,1
São financiados PELOS MILICIANOS BOSTANAROS. Jair e sua PROLE PODRE DE BANDIDOS.,1
Ela tem que ir pra o PT 👏👏👏,0
Só um fantoche.,1
Maior setor de serviços do mundo....,0
"Um absurdo o que esse porco disse!!! Tenta colocar seu posicionamento com palavras inacessível à maioria das pessoas seus pensamentos inapropriados, agressivos e tóxicos. É um porco, irresponsável e intolerante.",1
SÓ SENTE PENA SE FOR REMUNERADA PRA ISSO...NÃO PRECISAMOS QUE ESSA GENTE SINTAM PENA DO NOSSO PAÍS...E SIM QUE SE AFASTEM DELE E DO NOSSO DINHEIRO...,1
Amooo.Meu neto estuda no de BH...excelente Colégio.,0
Globosta sempre passando vergonha,1
Só quero saber quem irá julgar os esquerdopatas ? Sabemos muito bem que eles são os reis em FakeNews.,1
E esse verme q escreveu isso deveria ser punido..sem ética e sem moral..um verdadeiro imbecil .,1
"👏👏Parabéns professor ,vc merece.",0
Se eu pudesse curtia até 2090! Aaah que lindo❤️,0
que os assassinos sejam punidos no rigor da lei. Marielle Franco presente!,0
"Isso Lula, é pela educação que um país progride 😍👏👏👏👏",0
Oba💕 também quero te dar um abraço,0
Oportunista essa corrupta.Agora todos os Comunistas querem se fazer de vítimas.,1
Velho gagá! E ninguém impede esse Zé Alzheimer!!!!,1
🇧🇷🇧🇷🇧🇷🇧🇷 vamos Brasil!!!! Muito lindo.,0
Olha que o Gargamel apenas começou as atrocidades,1
“Vcs mataram os meu sonhos 😡”😂😂😂😂😂😂,0
Vc adora por fogo na fogueira heim Joice,0
@jairmessiasbolsonaro @bolsonarosp venha visitar o CM de campo grande MS.,0
Que lindas bandeirasss 💖😍😍,0
Velho comunista safado,1
"Sabe, vc é perfeito",0
Condenação para esse pilantra,1
Comeste bosta Gleice?! Kkkkkkkkk,1
"É o satanás , merece ser queimado no fogo do inferno",1
Ameiii! Maravilhosos! 😍,0
Ja vou preparar a pipoca pro show da Entrevista! 👏👏🇧🇷🇧🇷🇧🇷🇧🇷,0
O congresso está me deixando neutro.,0
"Aproveita dona Joice, que é só está vez o povo brasileiro acordou",0
😂😂😂😂povo ingênuo,0
"Você está se tornando persona não grata, igual sua amiguinha Greta...",1
Tem ter punição a essa grande falta de respeito.,0
"Este é meu futuro , presidente em 2022, eu creio.🇧🇷 Melhor para todos.",0
Acredito que se cada um concentrar o tempo disponível em outras causas e esquecer Bi,0
Que faz este cara ainda morando fora da prisão？,1
"Neste 08/03/24, queria te agradecer por não desistir desta luta por igualdade de gênero, igualdade de oportunidades, por empoderamento, por sororidade, por uma sociedade mais justa e ainda sobrar tempo para ensinar-nos homens como que se faz com inteligência, disciplina e qualidade!",0
@luiziannelinspt 2024 Fortaleza... a candidata da Militância de @lulaoficial,0
Que os 2 vão para o raio que os parta.,1
Essa calhorda já está enrugada de tanto mentir e de pagar mico contra o governo Bolsonaro! Quando será que vai tomar vergonha na cara?,1
Eu quero Bolsonaro d volta,0
Ele deixou bem claro. E muito difícil ser empresário no Brasil. Que iria acabar com isso que tá aí taokey. Mas o gado iludido com um porte de arma dgratizzz. Tá tomando no.cu. e gritando . Mito mito mito.🤣🤣🤣🤣,1
"Com certeza os ""cadê Queiroz "" não vão perder 😁😁",0
Haddad: sabedoria e dignidade!,0
Está e a nossa deputada Benedita linda guerreira parabéns estamos juntos,0
Prostitutazinha da #globolixo vai se LASCAR,1
"Sou um pouquinho mais velha que você (2 anos) e sua trajetória sempre me inspirou profundamente. Fui funcionária pública muitos anos, com um idealismo enorme de melhorar nosso país. Era sempre um alento nos momentos difíceis lembrar que você também estava na vida pública e eu não estava sozinha ❤️",0
"Menina triste... Muito estranha... O dia que ela sorri, vai ser notícia mundial 🌍 BOLSONARO tem toda razão!!!",1
"Petista mandando matar Marielle...usaram muito dessa mulher pra fazer campanha, mentiras e acusações... Marielle vive",1
Ridícula vai cuidar da sua vida,1
"A tá, a esquerda pode falar que vai incendiar o país e ninguém fala nada.",0
Parabéns Benedita pela indignação.,0
"Nenhuma, mas va dizer isso aos burros que o elegeram!",1
"Demais! Quem dera, uma infância já com essa consciência! Será que ainda dará tempo?",0
FORA CONGRESSO. LIXO,1
Fiquei emocionada,0
Isso é o primeiro passo pra censurar as redes sociais.,0
Muito bom acompanhado!,0
Uma imagem que gera esperança,0
A esquerda pertence ao diabo,1
Vagabundo criminoso,1
"Na verdade Bolsonaro não está governando, continuamos nas mãos da esquerda maldita!!!",1
"Falso pastor, o Brasil está cheio deles🤮🤮",1
"A liberação dele é justa por estarmos seguindo o que prevê a constituição. A maioria concorda com isso, assim como a maioria concorda que foi justa a sua condenação, inclusive já julgado inúmeros recursos em terceira instância. Sua liberdade até que finalize o trânsito e julgado não descarta todas as suas condenações e comprovações de crime. São aspectos diferentes, frutos de uma aberração jurídica no nosso país que a maioria espera que seja consertada com a PEC da prisão após segunda instância.",0
"@adrisouza22 , sem sombra de dúvidas, é de extrema importância acabar com esse privilégio! Beijos 💚💛",0
Feliciano é um dos políticos mais nojentos da atualidade.,1
Até os de direita acham! Pq não é preciso ser de esquerda ou de direita para identificarnos falas que são posições claras de afronta à democracia!,0
Por que será? Bandido defende bandido,1
"Rascismo, cabecario e cacar mandato🎆🎆🎆🎆",1
Não vamos desistir!!!,0
"@joicehasselmannoficial é vergonha do nosso Brasil, o tiro saiu pela culatra em querida . #38 #aliancapelobrasil",1
Essa massa merece,0
👏👏👏👏👏👏você é maravilhosa 🇧🇷🇧🇷,0
Apoio o ato e a visão mas cadê as mulheres?,0
"Força Ministra ... Deus está contigo .... Não se deixe abater por atitudes tão baixa .... Nós,mulheres ,somos fortes e aguentamos o tranco .... Trabalho com vários homens e sou extremamente respeitada, mas sei muito bem como é conviver com homens machistas ... Deus está contigo .…",0
Vai pra cuba que pariu 😂😂😂😂,1
Cadê o MPF?? Tv é uma concessão pública!!! Esse depravado não pode fazer da emissora e do programa dele o que bem quer e entende.,1
"Iremos fazer nossa parte, trabalho que não pode faltar.ok",0
😂😂 esse é meu capitão 🧑‍✈️ Nosso presidente eterno,0
Que lindo! Congratulações! Esse tem postura de presidente. 🔝,0
"Que absurdo contra essa mulher,ministra ou nao.",0
Ainda tem gente que defende um ser insignificante que escreve algo assim. #somostodosdamares. Esse energúmeno só possui merda na cabeça 😡,1
"Hahahahahaha, mano do céu.....tá foda, só rindo de nervoso mesmo!!",0
Ele deixou claro quais Valores carrega.,0
"Essa sabe o que quer, representa a todos nós.",0
O idiota deu a faca e o queijo a Ministra Damares para processa lo. Kkkkk,1
Um horror esse Ser traidor de uma Nação por arrogância e egocentrismo🤮😡,1
Somos todas Damares,0
Estamos com vc Eduardo. Que Deus te proteja meu irmão. 🇧🇷🤗,0
"PIRRALHA MESMO !!!!! NEM SAIU DAS FRALDAS, NEM SABE NADA DA VIDA AINDA ........ SENDO USADA...... QUE FEIO !!!!!!! 🇧🇷🇧🇷🇧🇷🇧🇷🇧🇷🇧🇷🇧🇷",1
Vcs @carla.zambelli e @joicehasselmannoficial estão parecendo duas meninas mimadas... vão trabalhar que é pra isso que colocamos vcs aí e pára com essa palhaçada!!!,1
"Os filhos cá mito estão atrapalhando demais,",0
Tenho medo desse povo que usa a palavra de Deus para justificar seus atos,0
Deve ser porque Jesus mandou...,0
BANDIDO PIOR DO QUE VOCÊ AINDA!,1
HADDAD fazendo a diferença 👏👏👏👏,0
Então nos combinamos em algunha coisa. Você voltou no tempo. Segunda guerra mundial. O . beijos. 💋 ❤ ❤ ❤ ❤,0
Ela não deixa MIJÓIA MIJONA FALAR O QUE QUER... REBATE COM FORÇA A ( EX TRAFICANTE MIJÓIA MIJONA ) NÃO PODE CHAMAR A MIJOIA MIJONA DE TRAFICANTE ......,1
"JA DIZIA O SANTO JOÃO BATISTA:""HIPOCRITAS!!!!! RAÇA DE VIBORAS!!!ENDIREITAI OS CAMINHOS.O Messias vem",1
Vc NÃO ganha mais eleição nem pra síndica de predio Joice.,0
Musk Com Trump 👏👏👏👏👏🇧🇷🇧🇷🇧🇷🇧🇷🇧🇷🇧🇷❤️❤️,0
Sua mal informada ...suas narrativas não pegam mais porque é exatamente pela democracia que o Brasil está lutando. Esse encontro é contra a ditadura desse desgoverno comunista ...não venha com falácias baratas que o povo já está bem esclarecido e com o saco cheio de todos do PT,1
Orgulho de fazer parte deste Clã ♥,0
Dois divos 💙,0
"Eu não entendo como tem empresas que ainda faz propaganda com a Rede Globo, uma emissora que não têm mais crédito algum.",1
"Os filhos do presidente calados, são poetas..",1
Família que ganha mil reais sem trabalhar e o salário mínimo de mil trezentos e dezoito pra o trabalhador é sem lógica.,0
Sempre correto em suas observações,0
"Ela não teve pena do Brasil quando Cuba ininteruptamente tentou interferir na nossa democracia. Amiga de comunistas sujos. Amiga de Fidel Castro, um rato ditador e assassino que hoje ocupa um cargo na ONU que não condiz com seu caráter e nem com suas convicções políticas.",1
Meu filho estuda no CMB!! O melhor colégio com o melhor ensino de Brasília!!!,0
"Parabéns Tarcísio, Deus abençoe pelo seu trabalho e dedicação 👏👏👏👏👏👏👏👏",0
Anda bem sempre fui do lado do PT e sempre serei,0
Ela quer ganhar o Nobel!! Pirralha,1
Achei que era meme. Putz,0
Tá uma bagaceira esse país de merda🤮🤮🤮🤮🤮,1
Aquele que pode fazer o bem e não faz já pecou,0
"Aí tá certo, dois cabras inteligentes❤️",0
Vergonha nacional deste congresso podre turma de CANALHAS,1
Interdita esse homem.,1
"ENQUANTO NOSSO PRESIDENTE, SE MATA PROCURANDO ORGANIZAR NOSSO PAÍS, HÁ TODO MOMENTO OS ALMOFAFINHAS, DEMONSTRAM QUE SÃO OS FILHOS QUE MAIS TEM ATRAPALHADO O GOVERNO DO PAI. SÃO OS PIORES ADVERSARIOS DO GOVERNO. SE TOQUEM. PAREM DE FAZER MERDA.",1
Bando de vagabundos... bandidos..... cretinos.....afff que ódio...,1
Esse bandido só gosta de roubar,1
Congresso Brasileiro é uma vergonha para a nação.,1
"hipocrisia, mal do seculo: falta de caráter geral. Ser humano não deu certo.",1
🤣🤣🤣🤣🤣🇧🇷🤝 ela ainda não viu nada. Sentirá muito essa senhora horrível no futuro bem próximo.,1
Globo ridícula !!!!!,1
Mais mulheres na política 👏,0
Piada esse tipo de gente !,1
Esse nem o capeta quer. Hahah🔥🔥🔥🔥🔥,1
👏👏👏👏👏 pra vocês que me representam 😚😚😚😚😚😚,0
Verdade! É preciso ser sábio e medir as palavras para não dar brechas aos inimigos! A vitória com sabedoria e verdade conquista uma nação!,0
Põe ele pra fora do Brasil,1
"👏👏👏👏👏...poxa vida eu tô chorando aqui...me sinto um lixo em carregar na pele essa historicidade em saber que antepassados cometeram esse genocídio....tenho vergonha em ser branco, quando vejo um lixo desses cometer um ato de total violência e desrespeito com os verdadeiros lutadores e lutadoras desse país...o povo que construiu o Brasil de cabo a rabo levantou no braço essa estrutura que vivemos hj....jamais estarei cem por cento feliz com minha herança que até onde eu sei se restringe a falta de melanina... como eu queria que o sangue da minha bisavó que era cabocla bugra tivesse sido mais forte do que do meu bisavô...mas não posso mudar o passado me cabe então dar todo amor a minhas filhas para se espelharem nessa mulher GUERREIRA que agora tem a fala... para que jamais compactuem com qualquer ato arrogante discriminatório!!!! Máximo respeito a senhora Banedita e sua luta, que também é minha, é de tod@s que acreditam no AMOR ao invés do ódio!!!!",0
Só esperando as eleições para votar contra esse taxador,0
Sou fã incondicional dos dois.,0
Por isso mesmo que eu falo muita felicidade nesse Governo e os que apoiam ele querem liberdade pra fazerem o que querem principalmente com crianças e mulheres ou ninguém percebeu o quanto aumentou a morte contras mulheres e essa vergonha aí pra todo mundo ver 💩💩💩💩💩💩💩🤮🤮🤮🤮🤮🤮🤮🤮🤮🙈🙊🙉,1
"Pessoal, tem um irmão de legista aqui @alliance_transfers que sabe da ""verdade"". Ele que irmão legista dele fez o laudo de tudo. Só não disse quem é. Mas sabe de tudo. E ainda me ""xingou"" de militante"". Mn, me magoou.😂😂😂😂😂",0
Compartilhar e conscientizar a população URGENTE!,0
Tem que voltar para a cadeia ir para a cela e perder a chave.,1
"Esse verme do lula é um monstro,quem é ele pra ousar a pronunciar o nome do Juiz @sergiomoroo @jairmessiasbolsonaro @rosangelawmoro verme ele só quer discórdia,guerra,sangue..Quando esse verme,rato de esgoto volta pro lugar que ele tem que apodrecer..Isso solto é um perigo pra sociedade..",1
"e ninguém faz nada com esse crápula, estou indignada!",1
"Gente, eu pergunto: se os criminos começarem a fazer uma revolução aqui queimando onibus, invadindo residencias, promovendo o mesmo terrorismo que estão fazendo no chile, o qie vocês esperam? Que o governo responda com livros e flores.",0
"Tô te assistindo, professor, presidente",0
Tao esperando o q p fechar esse puteiro?!?,1
É Globo é uma vergonha. #globolixo,1
Que menina me emociono com uma jovem tão nobre e me encho de esperança ao saber que a eterna luta do bem continuará,0
"Que credibilidade tem? Não sabe nem se informar do assunto, resultado passando vergonha! #globolixo",1
"Ele desrespeita o país de Norte a Sul. Ponham este homem pra fora. Ele não é, nunca foi e nem será digno do posto que ocupa.",1
Deus é com vocês e o Povo Brasileiro também!🇧🇷🙏,0
Esse homem é diabólico,1
"🙏 Mil cairão ao teu lado , dez mil a tua direita , mas tu não serás atingido ... em nome de Jesus . 🙏 Obrigado Presidente Bolsonaro ! 🇧🇷 Os brasileiros do bem estará com o senhor p/ o q Der e Vier . 🇧🇷 Deus Pátria Família e Liberdade . 🇧🇷🙏🇧🇷🙏🇧🇷🙏🇧🇷🙏🇧🇷🙏🇧🇷🙏",0
Parabéns deputada a luta contra todo tipo de preconceito é válido e contante pessoas como esse deputado tem muitos travestidos de democrata e não racista e muito menos preconceituoso,0
Cretino! Crápula! Escroto!,1
Eles são canalhas.. Covardes.. Destruíram nosso país.. Nos roubaram descaradamente.. Não se importam nem um pouco com nossa nação.. Apenas buscam seus próprios interesses e são doentes pelo poder.. Querem estar no controle.. Querem o poder a qualquer custo!.. Nós não recuaremos.. Nós venceremos!.. E eles serão envergonhados!... 🇧🇷🇧🇷,1
@joicehasselmannoficial você é ridícula. Acha que o povo é idiota,1
Enfim alguém teve bom senso 🙏🙏🙏🙏,0
LIBERDADE TOTAL AO LULA,0
Liberdade é VIDA. 👏👏 tamo junto.,0
@cidaa24 progredido em direção a falência,1
Vai cagar bolsadefezes,1
"Vá ter pena da puta que a pariu, corrupta",1
"Isso vai ser para todos os partidos ou só para o partido do presidente????? E qual vai ser o critério para isso, e quem cai julgar, porque vi o pt fazer muitos faknews e ninguém fez nada! O próprio candidato do pt às vésperas das eleições aprontou.",1
Na cadeia se fazia de coitadinho e abaixava a cabeça. Agora... Voltou o Lula Raiz. Medo desta turma hein?!,1
Que mulher ridícula essa Benedita só fala bosta,1
Esse cara é um louco ! Fora Bozó!,1
Que tudo dê certo! Abraços Haddad,0
Será que STF existe pra que?um infeliz desse não pode ser deputado...tem que cassar urgente este pastor do capeta,1
Imagine se esse sujeito não fosse cristão evangélico?,1
Vou mandar um óleo de peroba pra ela de presente! 😂😂😂😂,1
👏👏 👏👏 parabéns vamos fazer valer a justiça!!,0
"Tá bom do Brasil parar de dar ibope pra essa guria, já encheu o saco, o mundo em vez de se preocupar com os seus proprios problemas ficam com os olhos virado para o subsolo da NOSSA Amazônia, e os bobos daqui enchendo a bola dela, parem com isso, a menina tem dinheiro e com certeza ganha rios de dinheiro para nos encher o saco, temos que deixar ela falando sozinha, logo o mundo se esquecerá dela.",1
Quem...DATA FOLHA ??? Kkkkkk,0
Adoro a alegria do Javier,0
Nosso futuro Presidente!,0
"Estão arroxados, a TETA secou🤣🤣🤣🤣🤣🤣🤣onde está Paulo Pimentel , Gleice Hoffman e essezinho aí, pode esperar... DESESPERO DE CAUSA. Estão oprimidos tadinhos.Deixe ""eis""",1
"Com certeza. Com tantas notícias boas para celebrar na economia, pra que criar problemas onde não tem?",0
🇧🇷🇧🇷🇧🇷🇧🇷🇧🇷Deus padria família vamos mudar essa geração juntos somos mais fortes 👏👏👏👏👏parabéns Bolsonaro siga firme,0
Ela arrasaaaaaaaaa🤩🤩,0
"Pra cima deles, Cristina!!!!!",0
👏👏Que lindo! Haddad para presidente do Brasil!,0
"Perfeito, merece o mundo.",0
Marginal safado🇧🇷🇧🇷,1
"Mais mulheres na política, porém mulheres competentes, sábias, que lutem pelo povo, que ame o Brasil, que ame a educação. Mulheres como Damares, Zambele e outras por aí é melhor nem ter.",0
Por isso não assisto nada da Clobo...lixo.,1
Desgraça de Desgovernooo,1
Eu só digo a Sra e maior que esses idiotas fique em paz seu coraçăo é puro,1
@eloah_vasconcellos da uma olhada nesse depoimento!!!,0
TVs queremos toda verdade: Descumpridor da Constituição/88 e mentiroso na cadeia Moro. INTERCEPT mostrou provando os atos ilícitos cometidos contra o estadista ímpar ex-presidente (Lula). Ate quando Bozó vai continuar acobertando o criminoso Moro?,1
"Fachin Tmj, coloca este bandido na cadeia",1
Meu presidente e Bolsonaro. Apoio vcs SEMPREEE💚💚💚👏👏,0
"Por causa de uma safadada, como você gue ajudou a dar o golpe gue estão aí, sua aloprada, janaina pascoal.",1
"Gente bonita, elegante e sincera👏",0
Cadeia neles,1
Teria o maior prazer e apertar sua mão,0
Vamos torcer para ele ter que ir ao dentista novamente,0
"E aí, bando de hipócritas :)",1
Sou católica e acredito em Deus 100% tbm,0
Plano da esquerda foi é e será sempre críticar não nunca teve um plano de governo único plano era como roubar .,1
"Excelente, nosso Deputado Eduardo Bolsonaro se posicionou como verdadeiro líder político do governo do Presidente Bolsonaro 👏👏👏🙏👊🇧🇷🇧🇷🇧🇷",0
UM CRETINO COVARDE QUE NÃO TEM CAPACIDADE DE ENCARAR O RANDOLFE...,1
Você é o presidente que eu gostaria de ter!,0
"Não pode voltar atrás com esses pastores não, eles não podem e não devem ter isenção",0
Tem mais maturidade que muitos presidentes!,0
Parabéns !professor.,0
Da forma que andam as coisas o presidente está se tornando uma rainha da Inglaterra 😘,0
Cai fora o Brasil não precisa de você,1
Se cortar 70% dos cargos políticos a economia é maior. A começar pelos esquerdistas.,0
Quem falou isso pra vc deputada? O sergio moro ta aprovado pela maioria dos brasileiros,0
"Ele é linda pois a natureza dela é maravilhosa, e transborda beleza pelo simples fato de ser natural em sua essência. Bela",0
"Difícil, pai e filha mal caráter....",1
"Parabéns deputado. Obrigada pela atenção com o meu filhote e com toda essa geração que precisa de bons exemplos. O meu filho é aquele de boina vermelha, o mais bonito de todos kkkkk ficou extremamente honrado em conhece-lo. Sucesso",0
Turma que orgulha ! Meu sempre governador @realrcoutinho !,0
Quem planta um dia colhe.....que sirva de lição. Se é que vai servir mesmo.,0
Eita ganhado o público né 😎😎😎😎,0
A ânsia de culpar Bolsonaro é tanta que recorrem a mentiras,1
Esse senhor já era p ter sido interditado!!!!....Desde o dia 7 de setembro!!!,1
E a AGR vai fazer alguma coisas com estes canalhas que atacou a ministra com estas palavras?,1
@diegoandrademg vamos meu caro pega firme será nosso senador,0
Sua posição politica é de quatro,1
Que a justiça aconteça em nome de Jesus,0
"Toca o berrante seu moço, panelaço ; Grande dia",1
"Ninguém pedia a "" pena"" dela.",0
Só vim ler o choro dos gados,1
"Quem manda é o Congresso e o STF, pelo visto. O pior, é ver a esquerdalha comemorando e dizendo que a militância Bolsonarista é a que mais propaga fake news. Fim dos tempos!",1
To achando que vc tomou um fora dele!! Essas suas atitudes são de amor não correspondido.,1
Inacreditável. E ainda tem gente que ri e bate palma 🤦🏽‍♀️,0
😍😍😍😍onde curti mil vezes ??,0
Fica calado CARA !! Babaca .,1
"Concordo contigo, também sou contra essa competição de beleza. O bonito se faz belo, aos olhos de quem o contempla. Uma pessoa pode ser bela, não interessando sua estatura, peso, cor, raça ou etnia! O único alento e mérito que vejo neste concurso é ter quebrado o estereótipo histórico que contemplavam em anos anteriores.",0
"Tá bom!! Só um lado pode atacar então? O cara vai ouvir um monte de canalhas atacando o próprio pai o tempo todo e tem que ficar de boca fechada, ahhhh desce daí né!! Da licença!!",1
Prestem atenção nesse cara @fernandoconrado .... 🇧🇷🇧🇷🇧🇷 O cara é GIGANTE!,0
Muito Irresponsável!!,1
"Pois é!! Os absurdos e assedios morais acontecem em tudo que é lugar. Em rede nacional, em shoppings, patrões maltratando empregados pra quem quiser ver. Lamentável, onde vamos parar. A humanidade realmente perdeu a noção do respeito.Lamentável cenas como essas.",1
Cala essa boca sua vaca velha vai para Venezuela,1
Pirralhinha mimada manipulada pela esquerda. Nojinho!!,1
"Os eleitores dessa corja deveriam se envergonhar pois torcem contra o próprio país estamos no mesmo barco mas a esquerda é ignorante demais para verem isso, por favor nas próximas eleições não reeleja quem não quer o crescimento do próprio país!!!! 🇧🇷🙌",1
🙌👏 Parabéns sempre representando nosso povo nossa nação Deus Pátria família e liberdade 👕🗽💚,0
Saúde e vida longa ao melhor Presidente do Brasil 🙏💚😎,0
"Mas ela não está falando de mulheres de outro partido, Mas PT",0
Eita homem lindo! Por mim era nosso presidente!,0
É isso família Bolsonaro. Aposto que foi farinha do msm saco do macron que ateou fogo na Amazônia pra atacar o governo. Vamos nos preparar pois bendita será a nação que teme ao Senhor. Macron que va se f****,1
Está na hora de se aposentar,0
Parabéns sr Presidente e sr Ministros,0
"👏👏👏👏👏👏👏👏👏👏Benedita representa mais de 54 % da população Brasileira ,eu repúdio esse Ato inaceitável nesta casa legislativa ,foi a prova de que o racismo Institucional prevalece em todas as faces da sociedade brasileira ! Vergonha! Que se faça justiça ! Obrigada Deputada !",0
Quanta mentira! Só loucos como vcs mesmo pra acreditarem.,1
CHEGA DE TANTA CORRUPÇÃO TANTA ROUBALHEIRA TANTA INCOMPETÊNCIA TANTA MALDADE TANTA FALSIDADE,1
Caracas!!! As pessoas gostando dessas briguinhas ridículas quando o país está cheio de problemas para serem resolvidos. Misericórdia!,0
🙏🙏 Estamos juntos Presidente Deus é a nossa proteção!!!,0
É um canalha tem que pagar por isso!,1
Querido!!!! Você merece!!!! 📘📑📑🎸🎸🎸🎸💓💓💓🎓🎓🎓🏆🏆🏆🏆👏👏👏👏👏👏👏👏👏👏👏👏,0
Esse é um ex mais querido do mundo,0
👏👏👏 #Lula livre Simm,0
Tem que mandar outra dizendo que esses vigaristas não nos representam.,1
"O único desejo do Pt facção criminosa é dinheiro é poder,o comunismo é devastador 😟 corrosivo, não faz sentido o comportamento desse pessoal de não aceitar que perderam o poder,bando de doentes egoístas avarentos",1
Tudo farinha do mesmo saco.Nao importa o tempo é sim a traição.,1
Vou assistir. Mas desde já parabenizo a entrevista que deve ter sido Top.,0
É um filha da puta,1
Indignação PT financiar candidatura de prefeita bolsonarista em Cabo Frio . Uma atitude incompatível com essa foto .,0
Eu amo haddad,0
Eu amo presi 💙,0
"A partir do momento que acontece uma coisa dessa, não é defender partidos de esquerda, É SER HUMANO E PERCEBER QUE ISSO NÃO SE FAZ EM UMA CASA DA DEMOCRACIA!",0
Minha vó era pretinha mais tinha mais caráter e respeito ao próximo humildade jenerozidadi do que muitos branquinho. viva ao nosso pretinho. parabéns quê Deus abençoe vocês com muita união í país sejao feliz vocês mora nu meu coração í não paga aluguel Deus e fiel amo muito vocês 👏👏👏👏👏👏👏👏👏👏👏💟💟💟💟💟💟💟💟💟💟💕💕💕💕💕💕💕💕💕💕💕💕💕💕💕💕💕💕💕💕💕💕💕💕💕💕💕💕💕💕💕💕💕💕💕💕,0
O chamado crente do demônio né,1
"👏👏👏👏👏👏👏essa mulher é uma grande guerreira, que Deus te livre e te guarde dona Benedita 👏👏👏👏👏😍😍",0
Me da mais raiva de quem vota nessa corja e apoia esses traidores,1
"A Visão do Inferno, a besta e a bestinha😂😂",1
@igorbxavier o Nando cortou o cabelo,0
Esquerdista do cacete,1
"Isso é crime contra a nação, e tem fdp que ainda vota nesses canalhas.",1
Sim porque??? É muita hipocrisia. E a propina...,1
"Um dos poucos q restam, em termos de justiça neste país...",0
Este homem é nojento!,1
@rennatorasta pensei a mesma coisa kkk,0
"To esa falacia pr esa menina que pr mim nao passa de uma mimada vem de berso familia rica,esta sendo usada pela esquerda,porque ela nao fala do maior poloidor mundial chamado CHINA ai vem esa bosta querer falar.",1
Parabéns unidos venceremos,0
Um verdadeiro piLantra,1
"Vai “garrar” vergonha na cara sua aproveitadora, porque você não se indignou com a ameaça do podre de senador Humberto Costa e outros esquerdalhas nojentos quando ameaçam o Brasil? 🐍 é o que você é!!!! 🤮🤮🤮",1
Só podiam ser esses pulhas malditos traidores imundos ladrões,1
"Que barbaridade é o Brasil acima de tudo deles, Em 2023 eles vão entregar o país desvatado.",1
#globolixo passando vergonha mais uma vez.,1
O destruidor do futuro!,1
Não existe gabinete do ódio do lado.debbolsonaro isso é coisa de lula,1
"E ainda encontra criatura achando bom, mas o capeta só faz e torce por coisas ruins.",1
"Aí, Cinco: o presidente e seus filhos! 😎😆",0
Só o lixo da politica!,1
Misericórdia e compaixão deles populismo sem precedentes. Só roubaram pelos quatro cantos do mundo,1
"Como pode mesmo, isso não pode acontecer 😠",0
Esse vídeo foi de 2016 esse imbecil fez isso e só falaram agora ?,1
@marcelapsiqueira @edu_mourao Olha essa menina discursando na ONU. Eu a sigo no Insta faz um tempo já 👊🏼,0
"Seria mais correto fixar o salário mínimo em R$3000,00 primeiro.",0
Bem relacionado 👏👏👏👏🇧🇷🇧🇷,0
Essa garota devia estar na escola,0
"Joice, ele e realmente Boca Mole, fala Tudo que vem na Língua. Mas está Sueca, está a Serviço dos interesses de EUROPEUS, pela Riqueza do SILO da AMAZONIA, e estão extraindo na SURDINA, via ONGs, que sequer permitem que sejam Monitorados, apesar do TERRITÓRIO ser BRASILEIRO. Nos na EUROPA, eles permitiriam este Comportamento como IMIGRANTE.NAAAOOO NÉ. Defendam o BRASIL, o GOVERNANTE E EFÊMERO.",1
MULHERES PELA DEMOCRACIA 👏👏👏🙌❤️,0
Deus 💚abençoe sempre!💚🙏🏽🤝🏽👏🏽👏🏽👏🏽🇧🇷,0
Está idiota só faz cagada.,1
"@nikolas_apoio2026 Cada curtida, 10.500 anos de cadeia para o Lula",1
Que panelaço e esse,0
E ela é maravilhosa! Muito linda!❤️🌹,0
Só podia ser da Globolixo mesmo! Esse povinho não cansa de passar vergonha. Lastimável!🧐,1
#globolixo gosta de passar uma vergonha! 😂😂😂😂,1
Melhor ministro da educação! 😍,0
"Parabéns a todas as mulheres que lutam por democracia, por justiça social, por igualdade entre todos. Sempre juntas! E para as cuidadoras de imbrocháveis e para aquelas que compactuam com mito canalha que tomem vergonha na cara. São outra coisa, não mulheres",1
Que nojo dessa ladrao!,1
E quando recebeu dinheiro ilegal de propina e portanto de nossos impostos suados? Hipócrita.,1
Nossa solidariedade aos agredidos por esse louco descompassado. #racismoécrime,1
"Não tenho palavras para expressar a minha tristeza 😢 diante deste enorme desrespeito, um desrespeito não somente contra a Deputada Benedita da Silva mas contra toda a população negra! eu confesso que fiquei surpreso ao ver aqui que a exposição foi um ato de denegrir a imagem da polícia! meu Deus! que falta de conhecimento! eu sou branco mas fui criado por duas irmãs negras que cuidaram de mim e dos meus irmãos, e diante desta agressão eu não poderia me calar!!!",0
"Vaca falando, não sabe concatenar duas vogais 😳",1
Deixou a tola sem argumentos 😆😆😆😆,1
Leda eh sensacional 👏🏼👏🏼,0
Esse ser deve voltar para a cadeia por incitar a violência. Ele é toda cambada dele,1
"Estão usando essa menina como escudo. Nada podemos falar ou fazer, pois se trata de uma menina, autista que defende o.meio ambiente. Como ser contra? Quanto preconceito! Não é ela o problema e sim quem está por trás dela.",0
Que foto lindaaaaa!!,0
Queridos gênios! 🔝🔝🔝🔝🔝,0
"Concordo com o presidente! Além de ser uma pirralha é um grande fantoche de uma potência econômica, cujos interesses nada tem de bonzinhos e ambientais! Sinto muito essa pseudo-ativista ser vista como grande personalidade! Quais foram suas realizações? Bolaonaro fala o que o povo está querendo falar...representa a voz da nação, sem essa m... de articulação política! O povo brasileiro já está com o saco na lua com o politicamente correto!",1
@manueladavila a bolsa despencou na argentina !,0
Lula inocente,0
A papuda tá esperando teu pai,1
Vamos propagar o conservadorismo pelo Brasil.,0
"Acho que a verdade é o que prevalece sempre....acusou, tem que provar, se não provar, é no mínimo equívoco, senão....falso! Acho que não é tão ruim assim",0
"Por favor, poste quando entender mais sobre o tema. Tb possuo altas dúvidas. Contudo, viva a África 💜",0
"Kkkkk tem que rir, autoritários falando em democracia",1
@rafa.castr0 um pedaço do discurso dela,0
"Nossa solidariedade de mães a você e sua família, em especial, sua filhinha, por estarem sofrendo tanta violência ... dói só de ouvir",0
"Esta Greta , só quer boa vida , só luxo e mordomias !! Vai rachar uma lenha ..!!",1
Só tem lei que prejudica os servidores,0
"A gente tem que enforcar esse marginal em praça pública para que sirva de exemplo aos seus seguidores, esse sujeito além de marginal é terrorista !!!",1
Os bandidos puxando brasa pra suas sardinhas,1
@helioperdiz Disso vc deve entender!!!,0
Globo lixo quando essa emissora vai fechar insisted na mentira,1
O Congresso mostrando de que lado esta. dos bandidos.,1
"Na boa, deixa o planeta acabar. Ta na hora da humanidade ser extinta. Vida longa as bactérias, plantas e animais. ❤️",1
"Cretinos, porrada neles!!! 👊👊👊",1
Esclerosado esse homem está pqp,1
Bravíssima colocação! É de aplaudir de pé! 😀✊🏾👏🏾👏🏾👏🏾👏🏾,0
"Se faz de velho e soltando as deles, onde está o ECA que nestas horas não aparece.😡😡😡",1
Siga em frente Presidente Bolsonaro! Afinal o que nos interessa é a IMAGEM DO BRASIL aqui dentro e não a que a Imprensa Internacional publica!,0
Bicha enrustida!!!,1
Adoram fazer papel de bobos 🤡,1
@kennedyanf já vi que vc é muito bom em postar vídeos falando sobre reportagem. Mas vou medir agora o tamanho da sua arrogância ou o tamanho da sua humildade pra reconhecer o motivo do silêncio. Esperando seu argumento.,0
Seu golpista golpista golpista,1
Espírito de porco. Quanto pior melhor para eles...,1
Nossa que fofo esse Fachin 👍❤️,0
@carla.zambelli Por uma Rio Claro melhor!!! 👏👏👏,0
Espero que vc saia como vice do Lula na próxima eleição 🥰,0
Como pode um homem Que se diz representante de Deus falar assim???E para piorar esse povo BURRO que acha que esse homem merece créditos!!!,1
"Sou só eu ou mais alguém ficou preocupada com o jeito da Greta nesse vídeo?! Gente, sério, ela não parece bem. Acho que já está na hora das pessoas darem um pouco de paz pra ela. Pra uma garota de 16 anos, acho q ela já fez muito e me preocupa vê-la assim.",0
Obrigada vocês se unirem em prol do povo brasileiro...,0
"INCENTIVADO À GUERRA, VOLTA ESSE HOMEM PARA CADEIA. DEMÔNIO CHEFE 😝😝",1
São uns malditos vagabundos criminosos! Pena de morte pra todos!!!,1
E ninguém processa esse nogento,1
É a globo ta desesperada mesmo... bom que o povo vê as palhaçadas ao vivo.,1
"Amanhã, 13 de agosto!!! Vamos às ruasssss!!!",0
NADA de karma... É mal catarismo mesmo...,1
"Bandido bom e bandido morto! Independente da cor! Você ainda vai ser vítima deles, aí quero ver manter a opinião. E outra, vocês são todos corruptos, logo chegará sua hora",1
"@prillamendes o povo precisa ir pra porta da Câmara de vereadores e pra porta do legislativo estadual. Todos de máscaras pra protestar e todos fazendo transmissão ao vivo da fumaça. Se todos se unirem, o problema vira pauta imediatamente",0
Pirralha boba! Da até preguiça...,1
"Todos sabemos a verdade, vcs não enganam ninguém",1
A todos os BOLSOLIXOS QUE VOTAM NELE,1
A grande falha do Bolsonario é não colocar freios nos filhos. Eles azedam o governo do pai,0
"Vai ocorrer efeito contrário. Na minha ignorância, eu nem sabia que esse livro existia. Agora já encomendei pra ler.",0
Vão queimar no inferno!,1
"As mulheres te respeitam Damaris! Continue firme com seus propósitos, não permite que um cafajeste, um troglodita te faça sentir mal! Ignore pessoas que não merecem sua compaixão.😘",1
Parabéns pra ele mais um não kkkkkkkkk,0
"Ministro tem que rever este aumento 3,71 para aposentados este ano tem eleições municipais 😍",0
Ela é a esperança de que o planeta ainda possa se salvar das inconsequências do homem! 👏🏼👏🏼👏🏼💪🤜🤛🙏😍,0
Da pra botar uma pá de petezada na cadeia então...,1
"lula na prisao, lula é ladrão",1
Só resta aceitar Sr Caga pela boca.,1
Esse verme tem q ser preso! !😠,1
A TIME tb é mídia manipulada e dirigida por GRANA!,1
"Deveria ter pena da Venezuela, Bachelet!",0
Quanta besteira dita por este imbecil.,1
Dá medo em saber Q essas mentes maquinan o mal...falam bonito mais negam sua eficácia,1
Com base em que vc diz isso ?,0
😍🇧🇷 É gratificante ter um filho no Colégio Militar. Muita diferença 🇧🇷😍... Venha conhecer o IICPM quando puder...👏👏👏👏👏,0
Podridão dessa gente 🤮🤮🤮🤮,1
Ficar nu na frente de criança são arte para vocês,1
#carnicadosinfernos ninca mais ! Já Já jaula de novo!🤮🤮🤮🤮 ovo na cara é pouco dessa quadrilha!,1
"Pq o @jairmessiasbolsonaro não fala para os seus filhos ficarem calados, eles estão acabando com o governo do presidente. Tá difícil!!!. Desse jeito com certeza os esquerdistas crescem.",1
Sem surpresa ... vinda dos ratos,1
Parabéns que Deus abençoe o reinado dela👏👏👏,0
Presidente sem noção.,1
Podre. Só lembro daquele bandido que falava pro repórter : morre! Diabo!,1
"Mas criminalizar o MST essa bosta que sabemos que é realmente criminoso esse STF vergonha não só nacional, mas INTERNACIONAL!!!",1
Esse maldito deve ser preso,1
"Carla, estamos com vc, meu voto foi e continua sendo seu",0
VELHO ESCROTO,1
"Não consigo entender a escolha dessa guria, só reclama,não aponta e não produz nada",1
"Não entendo. Por que não o prenderam imediatamente por incitação à violência? Quanto mais tempo ele passar livre, pior para a Nação!",1
"O Brasil está no caminho certo, tem de ter uma atenção no sistema montado anteriormente, o congresso e parte do STF ainda está atrasando o Brasil",0
"E a #Globolixo passa vergonha de novo! 😂 Eee novela chata, que não acaba nunca..aff!!!",1
O Brasil precisa tanto desse avanço... 🇧🇷👏,0
"Isto deveria se exigir para ocupar o cargo um juiz , e não um advogado ...",0
Ela é uma piada pronta!! 😂😂😂😂,1
Bravo Bene👏👏👏👏👏👏👏👏👏,0
Se acontecer o que esse marginal quer culpa dos safados do stf,1
Só pq falou a verdade......esta sendo sacrificado????? Pelo menos fica o alerta pra esquerda e traidores do Brasil,1
Que milagre não pareceu os gados dizendo bobagens 😒😒😒,1
Se tivessem me entrevistado responderia que personalidade é vei da Havan 🤣🤣🤣🤣 ...,0
Vagabundo! Déspota! Demiurgo!,1
VC deveria ser o presidente!,0
Emocionante! Finalmente uma boa notícia em um mundo que tá ficando tão bizarro! Parabéns!,0
Brasil 🇧🇷 decolando 🚀🙏🏽👏🏾,0
Mostre o seu trabalho e esforço e seja leal ao povo que te elegeu e larga essa TRAIDORA pra lá com as baixarias dela .,1
Inacreditável que esse senhor fez...e ficar impune!!!,0
Vamos a gerra 👹👹,0
Nao adianta petesada voçeis nao vao atrapalhar o povo nao quere mais PT tar ok,1
"Então os jornalistas, a folha a Globo vão ser todos punidos??",0
"Negra, de cabelos curtos, com uma fala emponderada... Ela é linda!! Deu de ""padrãozinho"" e misses sempre iguais! Toda mulher pode ser linda!",0
"Bolsonaro foi super educado sobre essa marionete... Usada por muitas pessoas poderosas... Mas temos um presidente de verdade que não baixa cabeça.... Querem fazer nós acreditar que ela realmente luta pela natureza çei entranho que ela não fica tão brava com muitas coisas que acontecem no mundo exemplos, Síria, Afeganistão, África... Há, esqueci. lá não tem riquezas para explorar 🤢",1
Diabo em pessoa esse ladrão safado,1
"Não poderíamos esperar outra coisa destes bandidos , salafrários , ladrões",1
Fez muito bem,0
E ele vai ficar impune? Cassação pra esse ser desprezível!,1
São uma cambadas de vagabundos,1
Vagabundo vai ter o q merece ainda quero viver muito para assistir de camarote a derrota desse bozo👊👊👊,1
"tava com saudade das suas postagens! ❤️ te amamos, professor 🙂",0
@douglas_leonardo88 pergunta sobre o #fundoeleitoral pro seu patrão Miliciano Branco e racista 😂😂😂 👉 https://congressoemfoco.uol.com.br/economia/bolsonaro-justifica-aumento-do-fundo-eleitoral-nas-redes-sociais/,1
"Vc não tem nem coragem de por sua foto , vagabundo",1
O espírito do anti Cristo,1
"Amo a Leda, ela é a verdadeira jornalista. Ela faz TODAS as perguntas,boas ou não, toca em todas as feridas, mas sempre com educação, imparcialidade, gentileza. Amooo",0
Parabéns professor maravilhoso 👏👏👏,0
"Bandido da igreja, que vergonha... Como conseguem falar em Deus e fazer tanto mal",1
Lindos como sempre!!!!,0
"Achei q esse tipo de comentário era só dia sim, dia não. Todo dia de diarreia verbal, tá difícil",1
@wellington_do_gremio não tenho tempo nem de ver TV quanto mais globo.,0
E a mãe rindo!! nojento,1
Quando ele chegar no inferno o diabo vai expulsar ele de lá !,1
"Fazer discurso forçado agora da prêmio, e ainda tem quem dê moral, vamo ver próxima eleição quem vai se escorar no presidente, de novo...",1
"Sempre juntos, professor ❤️",0
Fala Haddad nosso próximo Presidente.😍,0
"Parabéns , fico feliz em você estar empenhado em busca de novas tecnologias e inovações ao combate do câncer.",0
Só fala besteira essa Benedita não fala nada não tem um projeto um quadro de um policial matando uma pessoa isso e homenagem pelo amor de deus Benedita vai aparecer com trabalhos projetos para o bem do povo não com esse mimi q isso não cola mais não,1
"Parabéns deputada Benedita a senhora tem toda razão, racismo é crime.Esse coronel Tadeu é um verme facista é deve ser responsabilizado pelo ato que cometeu.",1
"#somostodasdamares mulher inteligente e guerreira,Ela me representa! Te amo em Jesus minha Ministra😍😍👏👏👏",0
"Meu querido pelo amor ❤de Deus ajudar as pequenas empresas, principalmente na área de alimentação , estamos sem fôlego",0
Nojo desses vermes.....,1
Um imbecil inepto ! 🤦🏻‍♂️,1
"Tudo que ele queria , ficar famosinha , ajudar as crianças da África não quer né , hipócritas",1
Não passa de uma boneca de ventríloquo!,1
Cangalhas!!! São enviados do coisa ruim!,1
Q mulher ordinária,1
Não conheces amor filial???,0
É sério isso??? Comemorando a invasão nazista?????,0
"Nenhuma dúvida, mas tá todo mundo caladinho",0
Nossa e muita gente bonito junto,0
E continua sendo a melhor!!!!!👏👏👏👏👏,0
Isso foi o ataque do MST enquanto os cabeças estavam lá dentro? Ou foi o vandalismo do prédio vazio em 8 de janeiro?,1
Cambada de fdps😢😢😢😢,1
"O gado saúda pneu e come capim ... Né... lamentável que tenhamos que passar por situações de fascismo apoiado, discurso de ódio apoiado pela igreja 😢",1
Isso pq esse daí se diz pastor,1
"Por favor processe este escroto,energúmeno,mente capto,imundo,porco,em nome de todas as mulheres do Brasil,processe!",1
"Engraçado que os moralistas que querem fechar exposição de arte, censurar livros, berrar nas redes sociais a defesa da família nada dizem nessa hora. A hipocrisia desse pessoal é algo de tamanho inimaginável.",1
"Essa menina foi usada, aproveitaram a doença dela que deu um dom da fala, ela devia colocar a mão na massa, juntar um grupo de jovens e limpar rios, praias, não vou pela emoção vou pela razão, o pivô tá mais é com dó, ela é uma pirralha mesmo, isto não é ofensa, não ajudou em nada com sua falinha.",1
"Brigando por mamadeira, e muito mimmimimimimimimi, tanta coisa para aprovar @carla.zambelli tanta coisa E vcs nessa safadeza, parece jardim 3 da escola..",1
Ele podia não abrir a boca dia nenhum...Idiota d mais esse presidente.,1
Que demais! 👏👏👏,0
#cadeiaparaverdevaldo #prisaoglenngreenwald #impeachmentgilmarmendes #impeachmenttoffoli #somostodosmoro #somostodosdeltandallagnol #euapoioalavajato #euapoiobolsonaro #prisaoemsegundainstancia #impeachmentrodrigomaia #impeachmentdavialcolumbre #forafelipesantacruz #fimdoforoprivilegiado #fimdofundopartidario #lulaladrao #lulapreso #foratoffoli #fimdofundoeleitoral #cpilavatoga #globofakenews #bandlixo #fimdafolhasp #fimdopteseuspuxadinhos #fimdapecdabengala #impeachmentlewandowski #pacoteanticrimeja #portaria666ja #stfvergonhanacional #bolsonarovetaoabuso #vetabolsonaro,1
Eu acho Carla que isso é baixaria não combina com vc coloca no seu lugar e fica na sua,1
"Entendo sua indignação e revolta mas essa aí não merece sequer q a mencionemos, ignore-a, dê o q mais a machuca...o desprezo.",0
Tem que receber a faixa presidencial,0
O que eu posso dizer sobre isso o bolsonsto nunca foi diferente nunca falou que lutar ia por trabalhadores mulheres direitos não não é mesmo assim ganhou não falando nada de bom e ainda mais falando atrocidades e mesmo assim ganhou agora os deputados senadores hipócritas mentirosos aprovando tudo que esse escrito safado manda para o congresso e o povo continua cego surdo e mudo então faz parte do pacote pena que paga quem não votou nos canalhas .,1
Livro maravilhoso e impactante! Absurdo a censura!,0
Eita Ministra Porreta. Está me representa.,0
Vergonha falso profeta...políticos bandidos..,1
"@dtgularte não sei nem o que dizer, apenas sentir",0
"Com certeza! Repúdio ao ato de Vandalismo do tal , Coronel Tadeu do PSL.",0
Meus heróis da educação!❤️,0
Bandidona e pilantrona o leitinho acabou,1
🖖☀️Muita luz para todos!,0
"@brihnog, esses professores são incríveis mesmo❤️",0
Vamos passar 4 anos ouvindo bosta😢😢😢😢,1
👏👏👏👏👏👏 Emocionante! Que luz! Tks! ❤️🙌❤️🙌❤️🙌,0
BANDO DE TRAIRAS !!! CANALHAS !!,1
"Machista, se você vive atrás de sugar daddy o problema é seu, não me envolva nesses assuntos medíocres não sua atoa.",1
👏🙌 lula 2020 haddad senador,0
"Ela é divaaaa do jornalismo, sou fã da Leda🇧🇷🇧🇷🇧🇷🤝🤝👏🏻👏🏻👏🏻👀",0
Linda e inteligente.,0
"#GloboSempreLixo tinha que ser a primeira, junto com o PT",1
Presidente miserável,1
Tomou ridícula!😂😂😂😂,1
"Eita cheguei até me arrepiar, forte",0
Mas o STF só faz a favor de marginais .infelizmente enquanto não fechar este chiqueiro o Brasil estará refém destes advogadinhos chamados de ministros,1
Será que o professor já aprendeu a escrever racista? 🤔,0
"Meu ministro, com todo respeito a sua caminhada, mas o que ta acontecendo com a dívida interna do país? Porquê esse salto?",0
E ela ainda continua: os olhos da nova geração estão sobre vocês. Continuem falhando e nós nunca iremos perdoar vocês.,0
"@ricardo_eleuterio30 exatamente, Deus é o princípio para todas as coisas boas acontecerem",0
"Acho que ele cria problemas ao Bolsonaro sim. O cenário político mostra que não há concorrente à Presidência em 2022 melhor que o Jair... por enquanto. Combater a imoralidade, o banditismo e a desonestidade já o qualifica a mais um mandato.",0
Esse é um miserável que entrou na presidência pra acabar com o Brasil e com a classe que realmente trabalha! FORA TRASTE! FORA COISO!,1
Esse povo de esquerda é asqueroso e corruptos,1
Deus é maior 🇧🇷 estou com presidente bolsonario🙌🙌🙌🙌🙌,0
Muito triste e revoltante,0
Adorei a música 😍❤️✨,0
Que absurdo meu Deus! Homem nojento.,1
Já sabe que a esquerda toda vai presa né.,1
Parabéns padre Júlio...muitas bênçãos em sua vida!,0
Vc acredita mesmo no que fala? Se não acredita é apenas mentirosa. Se acredita é doente mental.,1
"Ainda bem, q esses bandidos não estão mais no poder.",1
"Facista maldito...O pior de tudo que apesar de todas as lutas empreendidas pelos brasil, O Bolsonarismo continua tirando os direitos dos trabalhadores",1
Orgulhosa de ter votado no professor!😍,0
Grande Haddad . Grande Ministro. Sergipe agradece.,0
"Lindaça a miss universo, parabéns!👸🏿🌺🌺🌺👏🏼👏🏼👏🏼👏🏼😚😍",0
Os filhos tem que deixar o pai trabalhar em paz. Será que dá pra ficar calados. É deixar o barco andar sem a interferência deles. Pelo o amor de Deus. Deixa o homem trabalhar.,0
Mas é falsa hein?Acabou a mamata.quer dinheiro vá trabalhar.,1
@carpi.nilza pra veia que mama na teta do governo tbm,1
Cadê as forças armadas!!!!!Socorro!!!!!,1
Até a abóbora está cara!,0
Existe alguém mais atrasado do que o lula,1
Ou derruba esse congresso e STF ou o Brasil será derrubado.,1
"Essa mulher é uma guerreira, tem minha admiração",0
"@paixao_fortes Amigo, não conversarei sobre sistemas de governo com você, sua ignorancia sobre o tema é tão grotesca, tão absurda, tão estapafúrdia, que chega ser bizarra! Não vou perder tempo com pessoas que deixam os fatos incontestáveis da história de lado, para tentar reescreve-los de acordo com seus achismos e hipótese tiradas do cool. No seu caso, livros de história não resolvem mais, talvez uma clínica de reabilitação.",1
Avante Deputado,0
"Este meu Presidente me enche de orgulho, Bolsonaro 2022.",0
Filho da puta vagabundo!,1
#somostodosdamares Força ministra! Vc é testada todos os dias pelo inimigo mas Deus sabe o q você pode aguentar. O Brasil está com vc!,0
"A @ledanagleoficial é, para mim, a melhor entrevistadora do Brasil",0
"Votei no Sr. Jair, mas são essas e várias outras atitudes que me faz refletir melhor sobre o futuro desse País. 😢",0
👏👏👏👏👏👏 Esse Ministro Fachin e um homem de caráter ímpar parabéns,0
"É triste esses esquerdistas são doentes e as faculdades estão formando jornalista sem ética,caráter e pudor. 💩👺",1
"Fala de bolsominio: A culpa de tudo é da esquerda,blablabla",1
Xenofóbico este daí Taoquei ????😂😂😂,1
Aí depois dela Bolosolixo. É um péssimo dia para existir,1
TAMOS JUNTOS MEU CAPITÃO BOLSONARO 🙏🇧🇷💛💚💙,0
Homem forte honesto competente Meu Orgulho do Bem Meu Maestro nosso Regente de luz com os meus 75 anos lhe digi6 Deus te Abençoe e Vai em frente...,0
"@edinalepechak oxe, acho que vc respondeu pra pessoa errada, eu sou Bolsonaro ontem, hoje e sempre🇧🇷🇧🇷🇧🇷",0
"Mulheres inspiradoras, guerreiras e potentes de todas as LUTAS e batalhas em prol de um Brasil mais igual, justo e fraterno. 👏🇧🇷❤️🙌",0
A Marnha Do Brasil está produzindo esses aparelhos Parabéns MARINHA DO BRASIL🇧🇷🇧🇷🇧🇷🇧🇷,0
"E esse bandido se diz pastor, sujeito baixo esse! 🤮🤮",1
Vc merece! Parabéns!,0
O q um investidor de valor vai dar atenção p essa pirralha ! Pirralha nunca produziu nada na vida ! Ridículo sua colocação,1
@gabrielam.portella ainda essa idiotice cor ? aff ...,1
"Realmente, passou de todos os limites!!!!!",0
Não existe nova direita. Quem é direita é direita,0
🙏Leda muito inteligente 🔥,0
"Oi, Haddad, quer ser meu amigo? Diz que sim!",0
Esse é mais um lixo.,1
"Advinha quem vai julgar?....Gilmar, Lewan , Alexandre ou Toffoli?",0
E venceremos também no Brasil !!!,0
Mais um projeto de esquerdista dominada pelo ódio.,1
"@manueladavila Sou enfermeira da atenção básica numa Comunidade Ribeirinha do Município de Parintins, estamos na mesma situação. Além do sofrimento com a fumaça, estamos parcialmente isolados da sede do município por conta da seca dos rios. Aumento de doenças respiratórias pela fumaça e das síndromes diarréicas pela má qualidade da água.",0
"Deputada, vamos ao que interessa, voto impresso auditavel. Esqueceu foi?",0
Maldita safada vc vai pagar caro ainda,1
Hahahaha. Sofrendo porque não pode fazer nada a respeito. Que se foda.,1
quanta gente ruim em uma unica foto,1
Manda esse Lalau pra Cuba com passagem só ida..,1
"Achei desnecessário a fala dele, esse tipo fala so prejudica o nosso presidente. Muito cuidado no que falar",0
Estão vendo isso não kkkkk,0
Excremento! Escória!,1
"Deixa ver se entendi...se 1/4 está pessimista, 1/4 está neutro como pode a maioria estar otimista? Ora se somarmos pessimistas mais neutros há um empate. Não?kkkkk tá foda em Dudu.",0
Que nojo desse homem,1
Estamos de olho !,0
🤡💩☠️fora Bozzolóide,1
"Não cai nenhuma folha sem que Deus não queira, tudo esta nas mãos Dele, então a nossa arma é continuar orando pela a nossa nação, e deixar Ele agir.",0
Um dos melhores seres humanos vivos,0
"O Lobão traira foi na Leda e só falou m.....estava doidão.ele olhava para um lado só,como se alguem estivesse alí.",1
Gente bonita ❤️😍,0
Quando não tem roubo melhora tudo,0
Benedita é uma grande voz que representa o povo. Escutem essa mulher!👏🏿👏🏿👏🏿👏🏿✊🏾,0
Ridículo. Jornalista não é gente.,1
"A verdade é uma só. Quem quer entender de boa Fé entenderá, mas quem não quer, não fará questão. 🇧🇷✅💚 A maldade é o caminho mais rápido para alcançar o topo do pódio, porém terá que descer, terá que colher o que plantou. Até os maus pensamentos se terá colheitas. 🇧🇷🇧🇷🇧🇷🇧🇷🇧🇷 Picuinhas é o maior desastre para um político HOJE. Se falou tão bem ontem hoje, inimigo. Não confio em tal pessoa que assim faz.",0
Eu tenho esperança de ver um Brasil melhor!!!,0
Cadê o MP de São Paulo para tirar do ar uma loucura dessas?,1
Esse miliciano é um fdp,1
Os racistas e facistas estão mordendo as costas e tendo calafrios de inveja....Que se cortem! 😘😘😘,1
Parabéns professor e nosso presidente!👏👏👏👏❤️❤️❤️,0
"Pelo visto a justiça vai se ferrar com o volume de processos, as prisões vão entupir de gente. Tem que começar a prender o pessoal da Globo, folga, Uol, o globo, etc. Em dois tempos eles vão pressionar por mudanças.",1
"@fernandohaddadoficial, é sério que vc criou um grupo de estudos para manter a isenção para pastores? É, estamos reféns dessa turma mesmo. Vc dá isenção a eles e vai cobrar o que faltar de nós, parece até brincadeira. Esse país não é para amadores. Se der isenção a essa gente meu voto não tem nunca mais, simples assim.",1
Merece tudo!,0
"Faz que nem o comercial da Porto Seguro, “senta e chora” kkkkkk",0
"Parabéns para sua filha, que Deus os protejam dessa imundície do bolsonarismo 👏👏👏👏👏👏",0
Deus proteja e livre o nosso povo e o nosso Brasil de pessoas que querem guerra entre os brasileiros.🙏🙏🙏🙏🙏🙏🙏🙏🙏,0
Puta entrevista foda! Adorei!,0
Mulherzinha cara de pau🤮🤮🤮🤮🤮🤮🤮🤮🤮🤮🤮🤮🤮🤮🤮,1
Meu coração ❤️❤️❤️ tá feliz 😍😍,0
O melhor comentário dessa publicação bosta 😂😂😂,1
Para que eu vou vomitar🤢,1
Isso me da um desânimo.,0
Meu Deus!!! enquanto Greta falava meus olhos foram enxendo d'agua,0
"Para de dá nojo tbm, vai trabalha, esquece dos filhos dele, mostra o que vc faz",1
Não ia ser sem viés ideologico?,0
"Parabéns Guerreira, tens meu respeito e apoio.",0
Seu pai é um safado,1
"Tem uma palavra para a mídia da destaque e está pirralha, medo do governo íntegro, sem roubalheira !",1
"Nojo!!!! Mas a família tradicional brasileira adora, não é? Muita hipocrisia!!! 🤮🤮🤮",1
Vamos que vamos Bolsonaro 🇧🇷🇧🇷🇧🇷💚💛🏆👏🏼👏🏼👏🏼,0
"Haddad, admiração por você!",0
LULA É GIGANTE 👏👏❤️❤️🇧🇷🇧🇷🇧🇷,0
"Pra mim é coisa de bandido mesmo! Um ladrão e a outra, traidora! Os iguais se juntam... nesse caso se atraem! Kkkkkkk",1
Rumo ao progresso meu amado BRASILLLLLLL 🇧🇷🇧🇷🇧🇷🇧🇷🇧🇷🇧🇷🇧🇷,0
Democracia sempre ❤️,0
Deus abençoe a todos este sou eu de Guarulhos São Paulo Brasil para o mundo,0
Mais que merecido lindo 💝,0
Esse é o verdadeiro homem de Deus! SQN,1
"Acho que a limpeza que ela fez nesse gabinete não deu muito certo, algumas energias ficaram lá e ativaram nela o que já havia.",0
"Repórter só serve pra passar vergonha, com a inteligência limitada 😂😂😂😂😂😂",1
Não me conformo até hoje do professor não ser o nosso presidente😢,0
Ela é ótima jornalista 🌺,0
"Na minha opinião, o nosso Presidente, Jair Bolsonaro, tem que deixar de ser paizão e ser mais Presidente. Tem que fechar a boca dos filhos, que o estão prejudicando.",0
"Esse terrorista é problemático e não sabe o que diz,mas, faz merda que é um campeão.Nojento....",1
"👏👏👏👏👏👏👏👏 o @lulaoficial tá livre e os #bolsominionsidiotas estão desesperados 😂😂😂😂😂😂😂 Você já ouviu falar do CAGÔMETRO?? 🤔🧐 O Bozonaro é chique demais, ele já tem até um contador de cagadas pra registrar as merdas dele em um site na internet 😂😂😂😂😂 lá você vai encontrar tudo sobre o Laranjal do #psl 🍊🍊🍊🍊🍊🍊🍊🍊💩💩💩💩💩💩💩👇👇👇👇👇👇👇 👉 http://www.cagometro.com/ 👈 👆👆👆👆👆👆👆👆👆👆👆👆👆",1
Que nojo desta gente que se acha acima do bem e do mal! É o tipo que se diz representante do povo! Benê você é incrível! ❤️❤️❤️❤️,1
Como tem coragem de falar que pobre paga menos inposto,0
Essa é uma canalha esquerdopata! Nós brasileiros não precisamos de suas condolências! Bandida!,1
Nem era pra ter sido preso! #LulaInocente ❤️🇧🇷💚,0
"Mais gente vc não é a pessoa do vídeo dizendo que a Havan era da filha da Dilma quando vc sabia que a mesma era do seu amigão , não entendo de verdade o sujo falar do mal lavado , esse é o Brasil ! Podre",1
Vagabundo safado golpista pastor do cao,1
"Temos uma imprensa podre, jornalistas doentes mentais e sem capacidade de exercer e escrever artigos, uma vergonha, próprios jornalistas ficarem contra seu próprio país.",1
Isso é orgulho,0
O nosso preslidente esta muito certo sim .,0
O melhor presente que o Brasil já teve Jair Bolsonaro,0
Show de horror kkkkkkkkkk Puta que pariu,1
É típico dessa gente a cara de pau!!!🤢,1
😂 pra mim não precisa disso,0
Se ele faz isso aí na câmera imagina nas ruas em casa.🤔😕,0
parabéns pela conquista 👏👏 você merece querido por todos 💖,0
Então... até quando o brasileiro vai aguentar?,0
Foi maravilhoso! ❤️❤️❤️,0
Retada!! É isso Benedita!!,0
"Os maiores produtores de fake news são o PT, G1, Veja Uol serão punidos?",1
Não acredito que perdi... Deve ter sido um show de entrevista. Nadia Nagle 🌺 e Eduardo Bolsonaro🔰,0
"Pra qualquer Zé Mané é cadeia, todo rigor da lei, já pra bandido que arrasa o país, que desvia milhões, bilhões de reais de dinheiro público, que faz falta nos hospitais, nas creches, na segurança, aí esses canalhas não fazem nada, ou melhor, são totalmente coniventes e até participantes. Querida @carla.zambelli acho que o presidente deveria entregar o país para o Exército, só assim esse Congresso satânico seria fechado, o STF destituído e esses canalhas presos ou expulsos do Brasil. Não vejo outra saída.",1
Vcs são lutadores. Sejam protegidos.,0
A Dilma chilena 🤢🤢🤢🤮🤮,0
Esse sujeito é filho do Satanás.,1
"Bolsonaro e seus filhos, são gênios!😂💛💚💛💚💛💚💛💚",0
Problema é seu se quer continuar sendo manipulada nao tenho nada haver com sua vida! Cada um sabe o que é melhor para si! Seja feliz!,1
👏👏👏👏Benedita cuide se querida .,0
"Tudo é uma questão de interpretação, nesse caso quem interpretou a fala tem interesse em denegrir a família Bolsonaro. E qualquer coisa que ele fale, vão sempre distorcer, porque são contra o governo. Não querem entender isso? Digo mais, muitos (as), se elegeram pegando essa carona, agora... quero só vê se muitos vão conseguir se reeleger. Duvido. Falei!",0
Porcos porcos porcos. E sai do meu bolso o dinheiro pra esses políticos porcos. Que me desculpem os porquinhos.,1
Oras. Ele está cumprindo sua campanha. Os trouxas dos gados merecem. Se ferrem tudim.,1
Parabéns Excelência 👏🏻👏🏻👏🏻👏🏻👏🏻👏🏻👏🏻👏🏻🇧🇷🇧🇷🇧🇷,0
"Agora eu vou concordar com vc, os filhos estão atrapalhando a gestão do Pai. Infelizmente",0
"Bandida, safada, comunista e corrupta!!! Fora do Brasil!! Lixo!!!",1
Cidadão de bem. Um pastor exemplar. (Contém ironia),1
é preciso pensar 10 X antes de falar para depois ter que pedir desculpas . Certos Bolsonaros deviam aprender isso . um leão nuca pede desculpas ..,0
Lula livre homem voto no Lula,0
Verdade! Ele deveria ficar calado! Só prejudica o governo do pai dele!,0
"Muito bom, ministro Haddad! 👏🏽👏🏾👏🏿",0
Dessa vez concordo com vc,0
Triste é ver gente que defende o indefensável 😢😢😢que seres são esses?,0
"Eu já não iria mas, se precisasse do dinheiro, como todos né, não sejamos hipócritas, eu fosse e mesmo se a pergunta não fosse pra minha filha, no mínimo um tapa na cara ele ia levar, depois o processaria por assédio a uma criança😎",1
"Obrigado Presidente Jair Bolsonaro Pelo Seu Apoio, Creio que Voltara Para Guiar Essa Nação 💙💙🇧🇷🇧🇷🇧🇷🇧🇷",0
Grande coisa. Essa menina tem que procurar o que fazer,1
#somostodosdamares Deus te honre guerreira 🙏🙏🙏,0
E ainda mais tendo uma aliada como vc a esquerda está bem,0
"@mauricioysilva seu comentário foi taxado em R$92,00",0
"Sabe, fico até sem palavras pra tanta loucura em uma só pessoa!!!!",1
Aí é o monte de ministros todos bem preparados,0
"O Brasil precisa URGENTE de pessoas sérias e comprometidas com o bem para a população brasileira. Vamos nos concentrar em assuntos mais importantes, do que firulas de poder e grana dentro do próprio partido. Quem NAO TEM SABEDORIA pra conduzir um partido político com discernimento e sabedoria , NAO TEM CONDICOES de conduzir algo MAIOR.",0
Melhor Presidente da História do Brasil. 👏👏👏👏👏,0
Meu Deus onde vamos parar com essa quadrilha ?😱,1
"Muito inteligente, educado e capaz.",0
Concordo com Bolsonaro. É muita pretensão.,0
Cadê o Conselho Tutelar? O Juizado de menores?? Tanto o SS quanto a mãe estão cometendo crime.,1
Tiraram Dilma do poder e Lula da disputa.,0
Congresso do cão,1
@g.srod tá tarde pra se arrepender…. Então vc é um dos culpados da ditadura que tá sendo instalada,1
"Mentira vcs não conseguirão tirar a base do presidente que são os filhos e o povo. Bolsonaro 2022 e parabéns a família Bolsonaro. Ficamos com um patriota de 28 anos de Parlamento sem se corromper, o restante que são oportunistas faremos uma faxina na próxima eleição.",1
As vezes eles acertam,0
Os limites se foram há muito tempo :(,0
"Deus tem propósito na vida do Lula . A missão faz parte até as dores . O povo precisava entender o que realmente é uma luta de direitos . Que não foi fácil essa briga para garantir esses avanços que tivemos . É necessário perder para entender e agradecer . Muitos acham que tem direito a casa , só pelo fato de ter direito na constituição. E esquecem que passaram décadas sendo feito de gado pela elite .",0
"De novo Narizinho,vc não cansa de falar mal do Bolsonaro,vai fazer outra coisa...vc sabe cozinhar,vai fazer alguma comida pro chifrudo do seu marido,chifrudo sim já que vc ama o cachaceiro de São Bernardo e vc qd vai ver ele em Curitiba,fica lá com ele na cela os dois a sós...",1
Canalhas e preconceituosos,1
Os Bozoloides vão fazer menos o n:2 🤣🤣🤣🤣🤣a mando do Patrão deles🤣🤣🤣🤣🤣,1
Professor vc sabe se apresenta diante os governantes mundiais Haddad presidente 2022 Lula livre já,0
Esse cara é nojento,1
Futuro presidente 🙏,0
"Greta, uma menina usada pela esquerda globalista para atingir o Brasil. Logo, o presidente está certíssimo.",1
A cara dele é de demônio,1
"Que se faça a justiça,antes que aconteça algo pior🤮",0
Poder econômico de compra dos brasileiros caiu,0
"Coitadinha, ninguém liga pra ela",1
Ela tem cara de homem né? Macron deve achar gata,1
"Você tem toda razão... infelizmente, o próprio filho, o maior inimigo do pai!!!",0
Demagoga se locupletando com dinheiro de propina,1
Aínda existem homem de honra no STF,0
Porque sera que ela diz ter pena? Se analisar bem isso pode ser visto como uma ameaça.,0
@kareylorena se ele trouxer é presente!!! Ja teu presidente rouba ate canetas!!!!,1
"Mas, o que esperar de um congresso quase todo CORROMPIDO? Um reino, uma associação,cooperativa, Senado Federal,Suprema Corte ou até mesmo a Câmara Federal, jamais subsistirá se não estiverem focados no mesmo objetivo(se protege), limitando, diminuindo a interação da sociedade brasileira, em assuntos pertinentes à mesma.",1
"Querida, miss universo deixou a anos de ser um concurso apenas de beleza! Eles avaliam muitas outras coisas.",0
Faz um programa com o Lula. Sugestão para o nome: Sol Quadrado.,1
Esse lixo é nocivo a paz e a saúde de nossa nação,1
👏👏👏👏👏👏👏👏muito feio e constrangedor ...para que essa violência ?,0
Covarde ... Corone FDP,1
"é só as mulheres pararem de participar deles... me desculpa mas me parece que tão querendo colocar a culpa no mundo já está nas mãos de vocês, o comércio ou simplesmente se aproveita de uma limitação pessoal, a vaidade",0
Lula já era um pinguço CORRUPTO. Criminoso condenado.,1
"Se vocês focam no TRABALHO de vocês, que são suas obrigações e largasse a vida dos outros, já seria um grande avanço.",1
Ela é uma pirralha sim!,1
Essa pirralha é manipulada!!,1
@bolsonarosp como eu queria que na minha cidade tivesse escola militar...,0
A globo então deveria ser presa por divulgar um monte de fake news,1
Favor postar o numero da lei,0
Tamo junto pra um Brasil melhor👏,0
"Não entendi o post. Está enaltecendo a invasão da Polônia pelos alemães que culminou na maior guerra planetária da história, com opressão a judeus, ciganos, negros e homossexuais?",0
Baita bichona enrustida.,1
Projeto para ter um desses em cada cidade Brasileira..ai sim o futuro estara garantido..,0
Nesse pode acreditar pois Alexandre Garcia é de respeito 🙏🏻🙏🏻👏🏻👏🏻,0
"Comédia mesmo, se fosse uma mulher branca o concurso seria opressor, racista, homofóbico, elitista, etc ... Mas como essa linda mulher ganhou e tem a cor negra, agora o concurso é justo, honesto, representa as feminazis, etc ... Que discurso mais contraditório.",1
Qdo vai entrevistar o Palocci ?,0
Desespero da globolixo,1
Ahhhhh ele vai amar 💕💕💕,0
Maravilhosa Greta!!!,0
"Ei Sr ministro em breve o pobre não vai conseguir comprar comida em, o preço do amor é caríssimo em",0
Misericórdia!! E pensar que já votei nessa criatura.,1
Já na minha lista para comprar,0
"O STF, com raras exceções de ministros, transformou-se em escritório de advocacia para bandidos!!! 🙌🙏🙌",1
"Um ano fora da escola, pena dessa garota, estão usando sua imagem p/ influenciar e servir de fantoche nas mãos desses fanáticos esquerdopatas. Pior é que ela sofre pois no fundo acredita em tudo que lhe falam. Alguém em sã consciência deveria olhar e afasta-lá do mal e perigo que está correndo, mostrar o verdadeiro caminho !",1
"Esse senhor costuma vir em uma igreja próxima a minha residência, aceito sugestão para confecionar cartazes de repúdio a respeito desta declaração, para protesto em frente a igreja.",0
MISERAVEL E ISSO QUE ELE.QUE GUERRA SIVIL.NO BRASIL .TEM QUE FICAR PRESO ESSE INFELIZ.,1
"@cheoheck mídia direitista brasileira? Isso existe? Tem anos que procuro uma e ainda não achei.. Se tiver pra indicar, eu agradeço..",0
Só um doente para achar que isso é motivo para comemorar....não cansa de passar vergonha acho que as aulas pelo you tube não estão funcionando.,1
"Se vc gosta tanto dele como disse aos 7 cantos ate pouco tempo atrás pq não vai e fala pessoalmente com ele sobre isso, ao invés de fazer postagem em rede social? Pq vc não foca no seu trabalho e mostra o que está fazendo com documentos, pra não ficar dúvidas? Está insuportável a política no Brasil. E pelos comentários, se der poder pra qualquer pessoa o cenário não vai mudar muito. Quem detém algum poder só pensa em si próprio.",0
@jason_s_santana imagina se colocam algum artista que apoia o PT pra fazer essa pergunta!???,0
Essa ja fez parte da quadrilha,1
Que bom que eles está bem! Já quero ver esse panelaço💚,0
"@brunno_slopes Né isso cara, comentário sensato. Parabéns, uma coisa é apoiar esse governo, outra coisa é ser gado cego e idólatra cara. Esse povo é louco, se lula mandar eles se jogarem de cima de um prédio, acho que eles se jogam viu",1
Que canseira só mentira.,1
vamos fazer alguma coisa... acredito plenamente q esse verme nao é humano...gostaria de saber o nome desse fdp,1
Ela é muito espuma. Fica em cima do muro e vai para onde o vento sopra ( biruta),1
Chic professor!,0
Parabéns futuro presidente!,0
"Como ela mesma disse, não deveria estar ali, principalmente para ser usada com sensacionalismo por outra ideologia que ama ter o discurso poético e patético ao mesmo tempo, falta tanta razão pra alguns políticos que eles adotam e usam crianças pra sensibilizar ao ganhar repercussão de suas ideas",1
"Representatividade é tudo, que mulher!",0
Que maravilha! Deixou no vácuo...o silêncio é uma arma poderosa!❤️😍,0
"A TIME escolhe quem eles quiser, isso não significa nada !!",0
Não existe capitalismo sustentável pois ele depende de crescimento infinito que lida com recursos finitos. Greta está corretíssima,0
Preocupado com essa fala.,0
Lindo dê se ver 🙏🙏🙏🙏👏👏👏👏👏👏👏🇧🇷🇧🇷🇧🇷🇧🇷,0
Chupa sua pistoleira,1
"Menininha sororizada, está ainda nas fraldas, Joyce sabe bem onde os caminhos que trilhamos nos levam. Acho desnecessário tanto ódio e caretas no discurso dessa mocinha.",1
"O sua doente, se ele sancionou a lei foi por que vocês criaram a lei e foi aprovada no congresso, então deixa de ser hipócrita o doente!",1
Velha cretina,1
Estamos de seu lado grande ministra vc é um guerreira.,0
O ministro mais flopado da história LOL,1
Com certeza Manu!!!!,0
"Já tive dengue hemorrágica, não é nada legal! Parabéns pelo aporte Manu 🌷🙏",0
Mimizenta do caralho... A relação que fez com Roraima é para que não haja pessoas fugindo pro RS dos regimes de esquerda como acontece em Roraima. Sabemos que tu torce pra que dê merda. Um dia ainda te vejo presa!,1
Daqui a pouco o Mion vai dizer q usaram a imagem dele pra fazer campanha sem permissão...querem apostar???🙄🙄🤔😒😒😏😏,0
Qual é a lei?,0
Grande conquista. Parabéns pelo trabalho que vc tem feito,0
Manu esqueceu de mim. Pega meu número🔥,0
Algema em tds😂😂,1
"Foi uma palhaçada com os jornalistas isso! Ela podia a até ter feito o 1min de silêncio, mas pq n falar em seguida a razão? É uma mania de ficar inventando moda: deixam os jornalistas e os cidadãos sem entender nada, como Damares fez, ai gem o Weintraub e dança com uma sombrinha. Fica difícil.",1
Esse velho é nojento,1
@simonemouraom sempre . Combater as desigualdades sociais,0
Encantador de bürros. Isso que você é. Não passa de um verdadeiro fïlho de püta,1
"Não discute com esquerdista, são sem noção",1
Me diga com quem tu andas e direi quem tu és! 🇧🇷,0
Que delícia ver a cara de tacho dela !,1
"E tem um Uruguai entre os dois, né?",0
MITO segue firme obrigado,0
"E Bozominions defendendo pacote anti crime de um juiz corrupto, excludente de ilicitude. Meu ovo.",1
Essa cara é fera,0
"@oitha_mmy não disse aqui oq vcs devem ser, eu disse oq eu quero! Ou tenho que querer oq vc quer? Preciso aprender a interpretar texto 😂",1
"Essa fedelha se acha, vai brincar de boneca 🤢🤢🤢🤢🤢🤢",1
"Liga Ministra a Senhora tem a admiração e respeito dos brasileiros de bem, processa este crápula nojento 🤮🤮🤮🤮🤮",1
A fumaça está dentro de casa difícil de viver nessa situação,0
Os gados gostam de pagar para tirar férias 🍊🍊,1
Te vendo e pensando em tudo de bom que estaríamos vivendo com você na presidência.,0
❤️❤️❤️❤️❤️❤️❤️❤️❤️❤️nada melhor para começarmos juntas2020! Linda!,0
BRASIL URGRNTE HADADE PRESIDENTE,0
Boa noite que Os Deputados FEDERAls das Esquerdas Tomem Uma providência sobre esse descarado Deputado federal escroto racista esse laranja estragada 👺💩💩💩💩 do PsL esse já aprontou Muito sem nem Uma punição ele é Deputado federal pago p povo Brasileiro ele não está aí só Para defender os militares estão para fazer ó seu trabalho que está Fazendo porca mente Ele É louro de olhos azuis fora idiota nem que tivesse nascido na Suiça Ele não tem direito de ser Preconceituoso com Nimquém Ele já passou de todos os limites fora esse coronel Facista Chantagista é racista,1
"Expussem logo esse desgraçado mandem ele logo para o inferno, um racista não merece viver entre nós",1
"Cada dia pego mais nojo dessa Joyce, vai trabalhar ao invés de ficar tentando denegrir a imagem do presidente",1
Tu mereces professor Haddad,0
"Pior do que ele falando esse monte de asneira, é um bando de asno no meio da chuva, na estrada e com um frio da porra pra ouvir essas idiotices e bater palma! 😒😒😒",1
Deus abençoe sempre o padre Júlio Lancellotti verdadeiro sacerdote,0
Parabéns a ela e família amem bj é lindíssima,0
👏👏👏👏👏@tarcisiogdf Deus é contigo!❤️🇧🇷🇧🇷🇧🇷🇧🇷🇧🇷🇧🇷🇧🇷,0
"Claramente uma pessoa com ""Deus no coração """,0
"Eu acompanho eu seu trabalho a anos a sua luta contra a corrupção, a senhora merece o meu respeito e de muitos brasileiros. 👏👏👏👏👏👏👏🇧🇷❤️",0
"@paulorobertoalbuquerqueoliv , prezado, tu ainda está nesse viagem?",0
Não vale apena ver este marginal e repúdio o que ele fale o lugar dele é a penitenciária.,1
Inacreditável mesmo!,0
Previsibilidade????? Gastando muito mais do que arrecada?! De novo nas mãos de péssimos gestares de dinheiro público! A farra voltou com tudo!,1
A rocha eles pra saber ter respeito pelo o nosso povo brasileiro,0
Grande Greta! ❤️🌹,0
"@adelaineadv Tá eleita, comentário do ano!😂😂😂",0
SAÚDE JOÃO gordo. Batendo papo com o amigo PRESIDENTE HADDAD👏👏👏👏👏👏👏👍👍🌟🌟,0
Que tudo dê ruim que ele está fazendo recaia 70 vezes mais sobre ele,1
Pena que é uma lei que não leva benefício nenhum às famílias de autista pois não leva terapias atendimentos etc só da visibilidade ao filho dele que diga-se de passagem não tem a realidade da maioria das famílias de autistas,0
Vc é tão linda ( das formas de beleza todas que há ) ... e tudo isso é tão triste...,0
Esse é o verdadeiro presidente do Brasil eleito pelo povo!,0
Minha família apoia o nosso Presidente Bolsonaro,0
"Por mil reais a mãe ri junto, rs",1
A beleza e o ser divino juntos! Parabéns a vocês dois! Deus lhes abençoe 👏🙏,0
"Vivemos no parlamentarismo ou presidencialismo, há horas que parece também o "" judicialismo""...Pobre Brasil...",0
Lulaladrao. Teu lugar é na cadeia ...,1
Mulherzinha safada,1
Essa não vou perde,0
2 pessoas super inteligentes...,0
Não passa de uma pirralha,1
O mais legal foi a Leda para o lobao: Você tá sóbrio?,0
Odeio esse vídeo e esse apresentador agora tmb,1
"Grande bosta se seu pai fica demorando pra vetar o abuso de autoridade e pra mandar o exercito no congresso, grande bosta essas coisas",1
Que baita dupla!! 😍😍,0
Hipócrita esta senhorinha bachelet,1
"Cadeia , racismo é crime! Facistas!",1
Tropa virtual...Que comédia essa esquerda 😂😂😂,1
"Que feio, q cretino, q mau caráter! Esses criminosos ficam impunes, simples assim. Deveria ter uma lei q punice parlamentar moleque.",1
Já falei pra calar a boca Joice...,1
👏👏👏🇧🇷🇧🇷🇧🇷Avante Brasil 🇧🇷 Deus abençoe esta nação,0
Pois é isso!! Esse é uma assumidade! Parabéns lula pela indicação!,0
Coisa linda!!!!!,0
Conta a mesma mentira todo dia até que ela se torne verdade,1
Tal do Ricardo Coutinho é o que mais se aproxima do que é um Lula moderno. Mago trabalhador,0
"Sua hipocrisia, te cega cada vez mais. MALUCA!",1
"Eu não sei o que é pior, saber dos abusos do atual presidente ou ter pessoas ainda defendo uma cara desse! Sei não viu! Esse povo é doente! 🤦🤦🤦",1
"É tão gostoso ouvir uma criança falar um Eu te amo assim, tão sincero e cheio de verdade 🙌❤😍",0
Essa mulher só dá bola fora. Tem que se informar melhor antes de entrar ao vivo.,1
"Que coisa linda a gente não conhecia, ISSO Políticos LADROES NEM IMAGINAVAM QUE; EXISTIAM TANTOS, PORQUE ???, sabia se um entrasse alguém do exercito deu no que deu, tirar verbas de Vagabundos ,;PARA SOBRAR PARA O BRASIL, E TEM MULAS QUE AINDA FALAM EM ESQUERDA MEU DEUS AS BURRiCES ESTÃO VENDO A REALIDADE E NÃO ACEITAM , CRIMES INVADINDO OS RESPONSÁVEIS PELO BRASIL, ATÉ ISSO ACORDARAM , NINGUÉM QUE VIROU P ESQUERDA FINGIRAM EM NAIO ENTENDER , BANDIDOS AGINDO JUNTOS COM 0S BANDIDOS DA ESQUERDA E PCC VIU COM QUEM ESSAS MULAS QUETEM QUE FOCAM NO BRASIL????",1
"🙏 Parabéns abençoado filho de Deus!!! Deus te proteja continuamente! Seja fiel a Deus e Ele cuidará de ti por onde quer que andares!!! Força, coragem e sucesso!!!!",0
@fernandohaddadoficial vcs precisam fazer um ato em defesa da Amazônia que continua pegando fogo. Algo precisa ser feito. A situação é desesperadora! 😔,0
@fernandohaddadoficial seu retrato ao lado de Paulo Freire é uma honra mais que merecida! Grande ministro! Quem entrou na universidade nesta época sentiu na pele a diferença. Abraço!,0
"Isso é caso de polícia, de FBI ,de CIA para esta vigarista ladra igual a DILMA e a CRISTINA KIRCHNER da ARGENTINA.CRIME ORGANIZADO.",1
Faça justiça Senhor,0
"Qual o medo de ser julgado? O bandido quer usar o STF para proteger ele mas não deu. O maduro do Brasil (Lula), tem que ser impedido, pq se voltar ao poder com dinheiro roubado, Brasil já era.",1
Que Deus abençoe a nossa nação. 💛🇧🇷💚,0
"Se fosse o Pabllo Vittar , os lacradores: ""Linda"" , ""Essa mulher nos representa"" , ""Ninguém solta a mão de ninguém"" , ""Viva o Feminismo"". 😂😂😂😂😂😂",0
Pior que mãe ainda rir 🤑,0
Meu presidente e meu governador ❤,0
Joice a traidora,1
Parabéns Governador Tarcísio você representa o povo Brasileiro do bem.,0
CHEGA CHEGA CHEGA CHEGA CHEGA CHEGA CHEGA CHEGA CHEGA JÁ NÃO DEU ????? ACORDA 🇧🇷 PENSÁVAMOS QUE TÍNHAMOS ACORDADO MAS DEIXAMOS LIVRES OS PIORES LADROES DA NAÇÃO !,1
Essa mulher é doente.pilantra!,1
@patriciamnds como lidar com esse encontro de crushes???,0
"Ministra @damaresalvesoficial1 , ninguém atira pedras em árvores que não dão frutos. O que mais incomoda o ímpio é a retidão de seus passos. 🍃 Fique com Deus 🙏",0
Obrigado Ministra Damares P ir sua força e integridade.,0
"Se ela acha tão bacana o socialismo porque não vai morar na Venezuela, Cuba ou Coreia do Norte? Hipocrisia!!!!",1
Exatamente!! Não acrescenta nada!!,0
"Joice , gosto de vc ... mas ao que parece vc saiu um pouco da rota. Siga as condutas da Janaína. Não precisa concordar com tudo. Mas suas atuações estão bem tristes",0
E é porque isso é “cristão” não passa de um miliciano que se esconde atrás da religião e entre a política usando o nome de “Deus”. Esse tipo de político me enoja. Tem que pedir a cassação do seu mandato.,1
"Dando o exemplo, pra quem devia ser o exemplo",0
@estelaireno vc acredita em qualquer idiotice que te falam? Acorda! Tudo mentira. Esse cara tá sendo desmentido em toda checagem de fatos.,1
"De o nome desse imbecil, machista ,nojento, babaca 🤮🤮🤮, Sra MINISTRA, para q todas nós mulheres possa encher a caixa de mensagem dele de "" boas postagem"""" esse jornalista idiota merece conhecer a força das mulheres. 🤬😡",1
Jornalista pilantra!,1
"Eu tenho certeza que mesmo que não admitam, as pessoas que convivem com esse ser que escreveu esse texto bizarro para dizer o mínimo, tenho certeza que as pessoas mais próximas desse ser tem uma profunda vergonha dele nesse momento.😤",1
"Greta nw passa de uma marionete do sistema 💩💩💩💩 , A Imagem do Brasi tudo balela sensacionalista , tudo para manipular o povo , como sempre fazem. @joicehasselmannoficial qto mais vcs criticam , mais forte bolsonaro fica , o Brasil mudou 🔰🔰 A justiça de Deus ta sendo feita no país e as mascaras da hipocresia estão caindo , uma por uma , inclusive da sua",1
"Eduardo, ow pena do Brasil ! Vcs lutando por ele .... mas os ratos só prejudicam ! Globo, STF, Rodrigo Maia e o Davi Alcolumbre...agora parte do PSL . Muita força eu desejo para vcs ! Rezo pelo meu país ! Só Deus e vcs por nós! 🙌🏻🙏🏻",1
Como pode tamanha falta de respeito ! Canalhas !,1
"Vai governar o Brasil que é melhor! Esquece a esquerda...faz melhor, mais pelo povo.",0
Parabéns ao presidente Lulaaaaa pela escolha!,0
"Vão continuar apoiando esse Bolsomerda, bando de trouxas?",1
Esse PT é um lixo mesmo,1
"Nesse quesito, os filhos de militares saem na frente! Pois tem vaga garantida!",0
Essa menina tinha é que estar é estudando e não dando palpite errado.,1
E aí os corruptos pegam carona não é?,0
Todo apoio ao presidente da República. É uma pirralha mimada patrocinada por esquerdopatas inescrupulosos com objetivos escusos que ficaram milionários as custas de idiotas úteis,1
"Globo lixo com seus repórter de bosta, falando mentira",1
"Engraçado como é a política..Bolsonaro sempre defendeu abertamente a ditadura Militar e mesmo assim vc trabalhou para elegelo e se eleger nas costas deles agora tah revoltadinha com declarações do filho,se enxerga cara de pau",1
"Petrópolis RJ cheio de denúncia de DESMATAMENTOS, calor e chuva não param 👏🌳🪽",0
"Leda quando lamentamos que ficaríamos sem você na tv, você como uma ave fênix se reinventa e volta mais poderosa fazendo o que sabe de melhor, entrevistar com uma simpatia encantadora! Sou sua fã!👏👏👏",0
"Este rapaz é um enfant gaté, uma criança mimada. O BOLSONARO não precisa de inimigos, já os tem em família.",1
"Alexandre Garcia, excelente jornalista. 👏👏👏👏",0
Aí está mentindo para a reporte,1
"Dar credito a uma jovem manipulada, pela a esquerda so mostra que o presidente, esta certo, nao concordo com essas pessoas que dão mais valor a uma jovem , que nao conhece nada do mundo, nao viveu experiência nenhuma, a nao ser as que foram colocadas na cabecinha, e outra ela não conhece realmente o Brasil, so conhece aquilo que ela imagina, por favor, nao compare nossa nação com uma jovem que nao tem personalidade propia.",1
Esse Lixo humano vai se arrepender 🤬,1
"Desgraçado, canalha!",1
Aeeeee bora acompanhar 👏🏻👏🏻👏🏻👏🏻💪🏻✊🏻✊🏻✊🏻✊🏻🇧🇷,0
Essa mulher precisa seriamente de cuidados médicos,1
Ainda não acredito que trocaram um professor por um miliciano 🤦🏼‍♂️🤦🏼‍♂️😔😔,1
"Eita que os mandantes estao ligados a politicos de esquerda. Sao machos, brancos, ricos e de esquerda. A coitada foi assassinada pelos proprios aliados. Meu Deus.",1
"O gigante adormecido criminosamente pelos petistas, e facistas comunistas, está acordando para tornar o Brasil a quarta potencia mundial. EUA, CHINA, RUSSIA E BRASIL. O PROTETOR DA AMERICA LATINA CONTRA OS COMUNISTAS DESTRUIDORES DE POVOS E PAÍSES.",1
Foto linda👏👏👏👏😍😍😍,0
Mais que merecido!!!! Meu presidente!!!!!👏👏👏👏👏,0
Pe. Júlio é um verdadeiro seguidor de Cristo! Parabéns! Vida longa cheia de bênçãos divinas!,0
Eduardo é moleque !,1
@joicehasselmannoficial cada um colhe o que planta.,0
Quero ver quando isso vai refletir na gasolina e na carne !!! Porq até agorá não mudou nada para nós de baixa renda .,0
Bem vindo ao Sul...,0
"Para de mimimi Joice ,e vai trabalhar ,só fala nisso",1
Bolsonaro 2022💚💙👉,0
"Cabra bom de peia esse VOMITEI.Tapa na cara ele vai levar do povo em breve nas urnas, quem viver vera!",1
513 cabeça pensando só dá merda ! Pra mim o Brasil só precisava de 175 deputados e 54 senadores !,1
Essa eu não perco por nada👋👏👏👏🙏🏽🇧🇷,0
"Boa pergunta, #CarlaZambelli!!!!",0
Ridículo isso,1
Tirem esse idiota logo.,1
"Se o povo brasileiro não se unir para tirar esses bandidos do poder, logo estaremos presos e eles comendo lagostas com nosso dinheiro. Esse congresso é um lixo.",1
Simplesmente uma Deusa!!!😍😍😍,0
"Esquerdopatas mentem para ver se vira verdade, isso é o lema deles.",1
"Ficaria surpresa se esse Lixo ficassem a favor do país,",1
Por que vc não convida outras pessoas com viés diferente do seu ? Até para agregar... esse Ping-pong - só aumenta a polarização.,0
"Realmente , seria mais sensato que os filhos do Presidente permanecessem calados!!! 👍",1
Os filhos dele são um lixo e tão afundando o pai .. infelizmente,1
Tenho orgulho dos colégios militares . Moro em Manaus . Meu filho estudou no Colégio Militar quando tinha 11 anos . Hoje ele é um homem de valores e princípios . Minha neta tá se formando tem no Colégio Militar e ama a escola . Com mto orgulho ! 👏👏👏👏👏💚💛,0
A prisão do lula .só o deixou mais inteligente .leu vários livros 👏👏,0
👏👏👏👏👏 Deus está cuidando de tudooo,0
Parabéns a todos os trabalhadores envolvidos!,0
Força Ministra!!!! 💪💪💪🙏🙏🙏,0
👏👏bora mudar esse Brasil q amamos,0
Peço a Deus que nossos dirigentes tenham realmente iluminação para tomar decisões certas mas em tempo certo! Deus abençõe o Presidente e está Nação!! Fica na paz.,0
Ele está gaga,1
Ninguém vai processar ?,0
"Abra um colégio militar em São Gabriel da Cachoeira, na cabeça do Cachorro!! Precisa muito!!!",0
"Nem eles (STF) conseguem mais ser complacentes a tanta falta de vergonha na cara! LULA É PESO MORTO! JÁ ERA! É O PRÓXIMO PC FARIAS! O cara é uma arquivo ambulante! Se abrir a boca, metade da classe política vai pra cadeia... Se não for bEEEEm mais!",1
"Isso é o anticristo, não tem vergonha na cara, de roubar os direitos de trabalhadores. Ao contrário dele que sempre mamou nas tetas do estado, e nunca criou um projeto se quer. E agora como um desgovernante tira direitos inclusive de eleitores dele como candidato. Um verdadeiro cara de pau.",1
Parabéns pela merecida medalha meu Presidente,0
"Agora vc me diz, esse velho filho da puta quer lutar pelo que? Se as coisas estão começando a andar.",1
Que horas vai ser transmitido e qual canal,0
Desistir nunca!!!,0
"Joice, Vendo vc hj começo a achar que o Reinaldo tinha razão!! Kkkk",0
Muito linda a fala!!! Força a todos vocês e que esse coronel seja devidamente punido!,0
"Não é possível, que não haja, um único Ministro dígno, naquele pinico.",1
"Ele deve ser preso por incitação a violência , bandido",1
"Quero mais!!! Mais prisões, mais explicações, mais envolvidos. Tem muito mais lama embaixo do tapete.",1
como eu gostaria q tivesse esse colégio em todo o Brasil. 💗,0
Emocionante seu discurso Benedita!!!!,0
Amo as entrevistas da Leda👍,0
"Minha solidariedade, amiga ❤️ somos só orgulho da sua mãe, Laura!",0
"Um abraço gigante do tamanho da estatura política de vcs, seus lindos de luta!❤️",0
"@fernandohaddadoficial que foto!! Todos os dias que entro no Campus do IFBA Porto Seguro, passo pela placa com os nomes do @lulaoficial e o seu, sorrio de alegria e gratidão por estar finalmente cursando o ensino superior... Saudades de quando vc era nosso Ministro da Educação. Gratidão. 💙✊",0
"Pq nao vai trabalhar de verdade e para de querer puxar o tapete dos outros? Fica na sua e trabalhe, no final mostre seu trabalho e nada mais... odio nao vai te levar a nada...",1
"Deram asas ao capeta, o pior é vê gente inocente pagando pela a cagada de um monte de gente ruim, falsos moralistas imundos #FORABOLSONARO",1
E AI JUMENTO? HAHAHA TU É BURRO HEIN MANO?,1
Mas alguns ainda insistem em não ver o óbvio.,0
Agora em falar em moral me responde qual a moral tem um deputado que burla a regra para beneficiar o filho em escola para matricular o filho em colégio militar sem processo seletivo e vergonhoso isso,1
"Vc tá se fazendo de sonsa,vc sabe muito bem oque tá por trás da pirralha.",1
Este é o Brasil de 2019.😱,0
"O que mais eu me admiro é ver, primeiro, organizadores de eventos mundiais importantes dar voz a uma menina de 16 anos, e também, a imprensa mundial divulgar e comparar uma pirralha com um presidente da república eleito pelo povo. Falta de ter o que fazer mesmo. Pirralha, cresça, estude, crie/faça alguma coisa de útil, depois pode cobrar alguma coisa.",1
É projeto do traíra do Kim,1
Ainda dá tempo de pedir desculpas e voltar para a direção certa.,0
"Cabe ao pai encerrar esse assunto, mas parece que ele gosta",0
Grande Haddad,0
Oh lindeza da vida 😍😍😍😍,0
"Pena do Brasil??? O qué será que pensa essa corrupta, tentando dar uma de pessoa íntegra, correta, quando não passa de uma vigarista! 😠🤔😠",1
"Avante Brasil...políticos que não querem com CERTEZA deixaremos no arquivo morto, digamos. Carla estamos com vc e outros com o mesmo foco.❤😘",0
Um vagabundo daquele.,1
Queremos saber os nomes desses parlamentares bandidos corruptos que lutam contra pais,1
Será que eles vão punir a #GloboLixo que todos os dias pública #FakeNews ?,1
Vc realmente e uma vergonha Joice lamentável as tuas atitudes vc vai colher o que está plantando,1
Dois feras ❤️,0
Esses maldito destruíram o Brasil pra prender o Lula por ódio que a população estava cada dia mais em igualdade,1
Bem merecido. Isto não é pra qualquer um. Parabéns!!,0
Vou descobrir quem é vc,0
"Não há limites para a desumanidade da mídia e de opositores do mal, perversos, cheios de raiva e deboche. Felizmente ela tem muita fibra...se recompõe e volta a ser incisiva e justa onde é necessário. A esquerda pode TUDO, até mesmo atos criminosos, os outros NADA.",1
😂😂😂😂😂 vai se fuder globolixo,1
🤔🤔🤔 será que as notícias fake vão vir com o anexo no roda pé ... é fake kkkkkk,0
@fernandohaddadoficial e @marcelofreixo em uma única foto. Meu ♥️ não aguenta!,0
Globo lixo inimiga do Brasil,1
👏👏👏 aqui em RP na Agrishow tb foi assim. Meu sonho era ter conseguido chegar perto do mito 😎,0
Velho podre,1
"mas o final e com o supremo , quer dizer e essa merda livre , exercito pra cima dessa vermelhada a unica solucao",1
Nosso futuro está com eles. Parabéns,0
Ele é preso político pq ROUBOU na política.😠😠 😠,1
"Nunca deu bola para a Deputada Janaina Paschoal, agora ta puxando sardinha pro lado dela pra ela vir jogar no seu time neeee?",1
"Sempre foi e é dinheiro, isto NUNCA MUDARÁ.",0
"E pirralha sim! Insignificante, igual seus posts!!",1
Pastor de bosta,1
Voltando pra minha caverna bom dia.,0
Nojenta! Lava a boca pra falar do nosso Presidente!,1
Voce é horrível não se cansa de querer passar a rasteira na Joice ...... inveja mata sabia Carla !!!,1
O povo conta muito com todos,0
"@fernandohaddadoficial Me entrevista tbm, por favor! ❤️",0
Emocionante e triste! 👏🏼👏🏼👏🏼,0
"Estarrecido com o discurso do Bozo!!! Da asco, ele está nos fazendo passar vergonha na Onu",1
Imprensa globalista se superando... inescrupulosos.,1
Ministro tu és um cidadão descente pois não se deixa levar por blandiciosos. Parabéns!!!,0
Pirralha!!! Politicamente correto = mordaça = ditadura esquerdista!!!,1
"Kd a burguesia que tanto apoia esse bosta, rapaz esse verme só chegou para destruir o país. Esse cara é uma vergonha mundial. Ricos que vive de mamada sim, esses apoiam ele.",1
Acabou de perder um voto,0
Agora só precisa o presidente e sua prole parar de falar tanta bosta.,1
Aumenta o teto do FGTS .. destrava a vida das pessoas.. 5 anos sem ajustar.. quero poder usar o FGTS para quitar a casa propria,0
Lula só traz felicidade viva Lula viva o Brasil 🇧🇷 com Lula 👏👏👏👏👏👏👏👏👏👏❤️❤️❤️,0
Força deputada #beneditadasilva A senhora como negra me representa 👏,0
"Inaceitável! Esses fascista racistas estão tendo muito espaço. Cada vez que agem como agiu esse coronel, a quem eu jamais chamaria de vossa excelência, sem que haja qualquer punição ou consequencia, mais estimulados eles são para cometer seus desatinos. Eu o chamaria de vossa excrescência!",0
👏👏👏👏 Parabéns para essas guerreiras do povo brasileiro!,0
Toma lhe cadeia seu velhaco,1
👏🏼👏🏼👏🏼👏🏼 Adorei! “Ele nem deveria abrir a boca” só da 💩💩,1
Irei ver com certeza 👍🏻,0
bolsonaro fdp,1
Temos o presidente mais tosco de toda a história!,1
"Isso é um otario, zé ruela , só ele que dar trabalho ao governo do pai dele, esse bosta , e tu joice faz o teu e esquece ele",1
É MUITO LIXO ESSE CONGRESSO!! 🤮,1
"Só podia ser de um policial um absurdo desses, o cara quer aparecer de qualquer jeito.",1
Alguém tem que parar esse 💩💩💩,1
Datafolha é aquela que pertence a Falha de São Paulo? Entendí !!,0
"Kkkkkkkkkk toma, aprendeu sua orelhuda.",1
"Bené, grande desbravadora! Força, somos maioria e merecemos respeito.",0
Miserável calhorda mentiroso,1
há esperança 👏👏😍,0
Aproveitem e leiam Estela sem Deus também que é tão espetacular quanto.,0
O convidado matou a pau!! Toma distraída!!! 😂😂😂😂😂,1
Parabéns grande mestre👏👏👏👏👏👏👏👏👏🌻,0
Quem não se emociona ?,0
Uma pessoa tão Boa.. Haddad e vc😗💙😘😘,0
O deputado federal que eu votei com certeza vai votar a favor.👏,0
"Até que enfim ,alguém com mais ...juizo👏👏👏👏",0
Assisti duas vezes pra vê-la passar vergonha!!! 😂😂😂😂😂😂👏👏👏👏👏👏👏👏👏👏,1
Que Deus nos livra dessa praga 😢,1
"Vergonha o que fazem esses pseudos ptistas e permanecem impunes, isso é por que eles têm o STF, a câmara e senado ao seu favor, chega de canalhice.",1
Que agumento sua doida? Já viu esquerda ter argumento? São todos uns canalhas,1
"deixar esse indivíduo solto ele pensa q pode falar oq ele quer recole ele atrás das grades e não de mais liberdade,Moro esta esperando oq ?",1
Vc tá fazendo a diferença no nosso País #SomosTodosDamares,0
Muito TUDO pra uma foto só!!! ❤️❤️❤️,0
"venho encarecidamente pedir o seu apoio, pois as vítimas de acidente de trânsito estão padecendo com as indenizações do seguro DPVAT suspensas , milhares de pessoas precisa desse seguro para se reestabelecer depois das fatalidades. O seguro é de grande importância para todos aqueles que estão sequelados e com suas funções laborais reduzidas permanente .",0
Duas BOSTAS humanas,1
"Aumentar maaaais imposto da shein? Tomem vergonha na cara, e parem de querer prejudicar o pobre @fernandohaddadoficial @lulaoficial",1
Como sei o que ela esta sentindo. Força Ministra Deus ergueu a senhora para um propósito maior. 💪🇧🇷 #somostodosdamares,0
Puxa tinha que ser vermelho o uniforme??... me dá azia essa cor... até as rodas mudou de cor...,1
"GABINETE DO ÓDIO SIM, ódio aos corruptos, ódio aos canalhas, ódio aos que são coniventes com os criminosos da NAÇÃO BRASILEIRA",1
Vamos lutar pelo respeito à nossa raça,0
A mãe da menina ainda Rir 😠,0
O Brasil lutando para sair da Grota e alguns preocupado com a tal de Greta. Vamos ficar até quando nessa?,0
"@joaoamgomes relaxa militante, as pistas que tinhas eram 7 pessoas que foram mortas. Inclusive meu irmão que foi o legista que deu o laudo.",1
"PTralhas do inferno, almadicoados sejam e queimem no inferno bandidos",1
"Eu sou otimista, mas sei que vai demorar. Que jamais me falte fé.",0
Que triste esse país que assiste a tudo isso de braços cruzados,0
Posso ser sincera com vc? Estes atos de nada adiantam... quem participa já eh eleitor da esquerda... gostaria de vê -los traçando estratégia para conquistar novos eleitores...,0
Ai joice votei em vc,0
Mande essa Bachelet plantar batata no asfalto. Puta que pariu até o tamborete de bordel se acha no direito de falar do Brasil.,1
"Essa atitude é vergonhosa, tem q ser punido,esse vândalo!",1
"Repugnante!Força, Ministra! Não recue um passo sequer.",1
Parabéns Ministro. Competència e honestidade.,0
"Este cara é um escroto, a besta fera em pessoa",1
"Cinco homens foram pegos em flagrante hoje cortando árvores e portando vários galões de gasolina . A delegada deu entrevista e os "" liberou "" ??? Que exemplo é esse numa hora dessas ???????",0
#Lulaamado❤️❤️pela PAZ ❤️🇸🇩,0
"Quanta besteira. Ele nem falou nada demais e os safados já se aproveitam. Sen do PT fez ameaças ao Brasil no Twitter e não vimos vc Joice e nem essa Janaína rebatendo o mesmo. Agora querem calar um dep fed, é? Vcs já cansaram..",1
@ronaldocaiado Vamos abrir mais colégios militares em Goiânia 😀,0
"Não entendo essa democracia que um imbecil que escreve isso contra uma autoridade não vai preso, não é processado e eles falam tudo q querem e ninguém faz nada. Absurdo isso.",1
Lula Livre Lula inocente moro chefe de quadrilha moro o povo que saber do Queiróz da Mariele,1
Só orgulho do presidente 💙🇧🇷💚,0
Continua sendo uma pirralha,1
Estamos aliviados e felizes por eles. Gratidão ao governo Lula e todos os envolvidos. Paz para o mundo!,0
Kkkkkkkk Adolf Hitler também foi eleito personalidade do ano na década de 30. Não tenho certeza do ano acho que foi 39,0
PT nunca mais,1
"Eduardo bolzo - Antes das eleicoes: vamos nomear somente por perfil técnico. Depois: para ser embaixador, estou estudando historia pela internet. 🤣🤣🤣🤣🤣🤣🤣🤣🤣🤣🤣🤣🤣 hahahahahahahahahahahahahahahahahahahahahahahahahahahahahah",0
Que mulheres que nos orgulham 👏👏👏👏👏👏,0
Até quando o povo brasileiro vão colocar lixos humanos pra governar,1
Esse babaca só pode estar caducando!,1
Quantos idiotas votaram? Guria de manobra política. Deveria estar no colégio e fazendo coisas da idade dela e sendo usada por tantos picaretas...,1
Ainda bem que tenho olhos e oportunidade para admirar tanta beleza.,0
E seu posicionamento sobre a Amazônia?,0
"Meu Deus, que absurdo!! Escroto, não tem outra palavra!!!",1
Violência inaceitável é culpar policiais de genocídio contra negros,0
E O TRUMP HJ TB MANDOU UM RECADO PRA PIRRALHA . PENSO QUE POR MAIS BOA INTENCAO QUE TENHA ELA DEVA CONHECER IN LOCO AS COISAS PRA EMITIR OPINIAO.,1
"@carla.zambelli , acho que quem durou menos foi Wellington Lima e Silva, vulgo Wellington o Breve, como Ministro da Justiça de Dilma, indicado pelo galego mor Jaques Wagner",0
Obrigada parabéns ainda tem algumas lei neste país,0
A globolixo faz isso tido dia.,1
Que devolva o dinheiro 💰,1
Esse traste pensa que o Brasil é o quintal da casa dele. Aff!,1
Canalha vagabunda amiga de ditaduras,1
E vai passar vergonha novamente toc toc toc,1
"Um condenado chamando ministro desta palavra tão ofensiva, ao meu ver já deveria estar preso por desacato a autoridades e muitas outras coisas !!! #demonionacadeia",1
"Meu Deus!! Que foto, que dupla ❤️⭐👊",0
"Quem falou isso nunca foi e e nunca será um homem, não passa de um rato de esgoto, safado, que joga baixo, como todos da esquerda, e nao importa de qué lado ele é, se de directa ou esquerda, a ofença e o crime continua siendo o mesmo, afina se isso fosse sito contra esses imundos comunistas, pois eles TEM o total direito de ofender quem quer que seja, mas jamais podem ser ofendidos.",1
O lindo com os lindos,0
"Que palhaçada é essa, ridículo demais",1
"Joice vai se converter , pois aqui se planta eaqui se colhe se o cara ta plantando ele vai colher o que plantou , cuida do seu plantio , e Janaina também e assim todos nós , essa lei ninguém revoga ! Plantar e colher , faça a escolha de boas sememte !",0
"😂😂😂😂😂😂😂😂😂😂😂😂😂😂😂😂😂😂😂😂😂😂😂😂GLOBOLIXO, NAZISTAS! A POPULAÇÃO DEVERIA VER O QUE REALMENTE A GLOBOSTA É . NUNCA MAIS SINTONIZAR NESTA MERDA.",1
Eu ainda assim me sinto só! Ate hj meu filho nao conseguiu fazer terapias adequadas😢,0
"ué @carla.zambelli , nera pra parar de falar e dar hibope pra essa daí?? você nos pediu isso e agira ta aí, fazendo o que ela quer .",0
Um desgaste muito grande para o congresso nacional tem que ser punido severamente.,0
São Félix do Coribe Bahia estamos juntos amo meu eterno presidente bolsonaro,0
Deus nos livre dos psicopatas,1
"Minha ideologia é o Brasil, deixa o povo ficar em silêncio...A esquerda toma conta e os oportunistas .",1
Igual aos brasileiros fugindo para Portugal esquerdista? Porque é o que tá rolando em alta.,0
"Vagabundo, safado! ...incentivando o vandalismo. 😡",1
"Brasil acima de TUDO, Deus acima de TODOS 🙌🏼🙏🏻",0
A lei devia ser pra ele começar com ele é muito pra minha cabeça,0
"Eta meu pai, quero muito ver",0
Melhor legenda da história 😂,0
Afinal das contas de que lado a senhora Janaína Pascoal está?,0
PAREM DE ENGANAR OS BRASILEIROS,1
Meninas lindas e maravilhosas,0
"A base tem que ser a honestidade, a lisura e com nosso presidente, Bolsonaro diz: Deus acima de tudo!",0
Ele vai ter que engolir a esquerdalhada. 💅🏽,1
"Garoto, era pra vc ser o nosso presidente e não essa besta que os “cidadãos de bem” elegeram!",1
"Realmente a situação é difícil, só vejo uma saída para essa candidatura, tentar uma vaga na Câmara de Vereadores e fazer um trampolim, pois, esperar 2 anos para recuperar um prestígio político é arriscado.",0
"Não sei o que é pior, a fala sem filtro ou as pessoas rirem😩😩😩",0
Comunista lixo!,1
Isso é mais do que constrangimento! Cretino,1
"E aí carla, fazemos o que?",0
"E as feministas mal amadas ? Defendem interesses, não a mulher, a irmã. Falsas ❗️",1
Qual o nome do jornalista? A carta capital e ele tem Instagram? Vamos lá deixar um comentário do nível deles? 😉,0
Absurdo é vc querer falar alguma coisa e roubar o dinheiro dos aposentados do INSS sua marmiteira,1
@le.dearruda governo acabou de baixar gasolina e diesel,0
"Boa notícia! Mas só será possível se alcançar 130 Bi para poder se alcançar déficit zero e se honrar com o Arcabouço Fiscal se a segunda etapa da Reforma Tributária, aquela que incide sobre o patrimônio dos mais ricos, também for a aprovado. Mas infelizmente não há mais tempo de se fazer isso em 2023. Logo, Lula está correto ao defender a flexibilização da meta",0
"Vcs não tem vergonha de mentir desta forma,",1
"Parabéns pra ela, mas o Brasil está incomodando a Europa kkkkkk",0
Ainda vai ser nosso presidente se Deus quiser sinto que és um homem de de bem,0
"Ministra mais que querida. Que o Bom Deus lhe conceda paciência e energia para seguir nessa luta luminosa, q é o seu trabalho pelas criaturas fragilizadas dessa nação. O mal grassa por aí pq ainda somos seres em ascensão, nessa difícil jornada chamada vida. E os q permanecem na retaguarda por vontade ou preguiça, não suportam vislumbrar a vitória e a luz dos que seguem na frente, e q, humildemente, carregam a chama do amor incondicional q iumina os bons e os últimos. Gratidão é a palavra que define nosso sentimento pela senhora e por sus obras.",0
Menina que vive no capitalismo querendo o socialismo pra os outros....pirralha mesmo,1
"Aos idiotas, O SILÊNCIO!",1
"Otária, BABACA.",1
Hahahaha jornalista de merda,1
Essa menina sozinha ta fazendo mais que uma nação. 👏👏👏👏❤️,0
"Impactante,emocionante, um tapa na cara da nossa COVARDIA!!!",0
Vai passar dez vezes. Mas mesmo assim é importante de uma forma simbólica,0
"Lembrando q o caráter da zambelli não é o mesmo na loyce, é diferente, zambelli tô contigo, Joyce é traíra",1
Esses filhos do presidente estão acabando com a imagem dele e fortalecendo a esquerda. Difícil!,0
Kkkkkkkkklkkkkkk kkkkkkkkkkkkkkkkkkk toma sebosa kkkkkkkkkkkkkkkk,1
"- [ ] O ministro acrescentou que o FGTS tem funções importantes, sendo a principal delas proteger o trabalhador em caso de perda de emprego. Há também o papel de ajudar a financiar a política de habitação no País. Em todos esses aspectos, o trabalhador de baixa renda é o maior beneficiado, apontou Marinho.",0
Representou. Como sempre!,0
Ainda tem gente que apoia esse verme,1
"O Senhor Jesus Cristo tem poder, para nos guarda de todo mal. O nosso Brasil e do Senhor Jesus",0
"Pena que as grandes personalidades não apoiaram a nossa Miss Brasil, que levou um projeto empoderado e um traje típico em homenagem à Marta com um protesto contra a agressão doméstica. @juliahorta arrasou. A noite foi salva pela Miss SA que foi perfeita!",0
"Que tiro no pé essa “”liberdade”” do Vagabundo, agora ele não tem mais o vitimismo de preso político e onde vai e vaiado, sem falar da chuva de ovo... o povo acordou Dna, Gleisi, Lula e apenas um defunto putrefato!",1
😡😡😡 No Congresso Nacional tem bandidos.,1
A mídia promove quem quiser... Tem pessoas bem mais merecedora .,0
Velho maluco tem que botar para a cadeia.,1
Essa mente na cara dura. devolver o dinheiro roubado dos aposentados nada,1
Sua TONTA SAFADA,1
A imprensa está podre.,1
Engraçado @manueladavila quando sua cara apareceu no fantástico você sumiu e bloqueou os comentários nas suas redes sociais. Você é manipuladora!,1
@carla.zambelli meu Deus ela me notou.. ❤️❤️❤️❤️ que honra. Beijos!,0
"Depois q esse verme sair , pode revogar essas merdas q ele tá fazendo com o povo?",1
@mel.walthier muito importante o diálogo que estamos produzindo aqui nos comentários 👏🏾,0
São duas cobras. Prontas para dar o bote,1
Quem manda nesse Pais? Votamos pra presidente mas quem decide é a corja do mal !Que merda é essa ? Só pilantras se dão bem?,1
Meu amor só aumenta cada dia😊😊😍,0
A mesma corja de sempre!!! Dá nojo!!,1
"Fiquei muito emocionada, chorei ao ver aquela menina universitária que perdeu a mãe para um câncer e estava refazendo a vida na Palestina descendo do avião. Eu todo dia via os vídeos dela, através do Instagram do Thiago Ávila, e muitas vezes me perguntei se ela sobreviveria. Ter um presidente, e um governo, uma diplomacia que trabalha agilmente para tirar todo cidadão brasileiro da zona de guerra, e defende a paz, é incrível!!! Não é comum essa intenção e essa capacidade caminharem juntas, nos governos planeta afora!!! Parabéns Brasil, parabéns Lula, parabéns diplomacia brasileira!!!",0
Já pode ser presidente 🙌🙌,0
Não PODEMOS desistir 🇧🇷😎,0
"Fortalece porra nenhuma , já foi , já passou , muito Mimimi",1
Professor por favor ajude a não ter privatizações!!,0
É a bandida defendendo os colegas de bandidagem.,1
Essa globo é lixo mesmo 😠😠😠😠,1
Kd o fim da reforma do ensino médio????,0
Não elegemos vc para ficar atirando contra o governo,0
Grandes exemplos. Sou fã de vocês.,0
"Parabéns, Manu, pela tua jornada! Fostes fundamental para abrir caminhos para mais mulheres na política!",0
@joicehasselmannoficial pare de prejudicar o 🇧🇷 com suas brigas pessoais com o filho do Presidente cuide da sua política,0
"Tamos juntos, Professor não vejo a hora de um Brasil feliz de novo!",0
Adorei a parte “pra quem é fã do Queiroz” 😂😂 imperdível galerinha que é vidrada no “cade o Queiroz”,0
E os médicos brasileiros formados fora nadaaaaaaaaa,0
Parabéns Professor Haddad é merecimento👏👏👏👏❤️,0
"Nosso carater, não igualar como os esquerdistas fazem, mais mostrar q somos um povo sivilizado, pronto para ajudar nosso presidente Jair Bolsonaro, Feliz natal a todos!",1
Direita ratazana ???,1
"Enfia a sua pena no seu rabo, velha nojenta",1
Ah que demais!!!😘,0
OS PESSIMISTAS SÃO DA ALA CANHOTINHA😂😂😂,1
"SOBRE ESTA PRAGA . FICO TÃO DESGASTADA COM MANCHETES SOBRE ESTE TIPO VIL, REPUGNANTE QUE ATÉ TECLO ANTES DE CONCLUIR MEU RACIOCÍNIO. AFFFFFFF",1
Eu que tenho pena dessa mulher feia e de um caráter duvidoso.,1
Nojento e os baba OVO ainda batem palma cade o Conselho tutelar?? 🤮🤮,1
NA LATA DESSA JORNALISTA IDIOTA,1
Adoro!!!👍😍💋❤👏,0
"Ela ganhou não somente pela beleza, mas também pelo posicionamento e elegância! ❤️",0
"Incitando o ódio a guerra ,vandalismo😒",1
"Joice, Ju que vc não sente vergonha de vc mesma ?",1
"E a reforma politica, são 70.794 politicos, e um custo de 128 bilhoes ao ano ao🇧🇷, se a reforma da previdencia era tão importante, a politica tbm é necessaria.",0
Domingo de ramos especial!,0
"É cidadão de bem que chama, né?",0
Janaína até você ????,0
"@marcofeliciano e aí anjo, só pra eu entender: vc acha que é troxa assim, ou só seu eleitorado mesmo?",1
"Diva, concordo com você sobre o concurso.",0
Só faltam as barras de ferro na frente da foto ... aí ia ser perfeito,1
Tenha pena de você mesma imbecil!!🤬,1
Gênios 🙌🏼,0
"@paixao_fortes uma sociedade sem estado é um puteiro em guerra civil onde nada tem gestão, governança e nem controle. É por isso que o comunismo é totalmente inviável e só funcionava na cabeça do Marx! É por isso que nenhum Estado socialista alcança a máxima do comunismo, é por isso que nenhum Estado comunista é realmente implantado em sua totalidade!",1
Adoro os 2!!! Vou assistir com certeza!.,0
"Pelo jeito que escreve, denota que o concurso se baseia apenas no físico, e não! Ela foi eleita por ser a melhor personalidade. São feitas entrevistas e acredito que ela será modelo, não apenas no que tange estética, mas modelo de ações. Seus pensamentos, tiveram um peso maior, porque se não, não faria sentido todas as entrevistas que são realizadas durante o evento. As mulheres negras não precisam de aceitação quando o seu pensamento inicial é não gostar.",0
Os dois não prestam,1
Sempre sábio o Alexandre Garcia ....,0
Essa me representa 👏👏👏👏👏,0
"As perguntas já são induzidas. Tentando obter somente respostas que queimem o governo, mesmo assim não conseguiu, além dessa reporte q é ruuuim pra caramba...😂😂",1
Vagabunda safada👊👊👊,1
"Eu admiro extremamente @carla.zambelli , eu sigo ela há pelo menos 8 anos, sinto orgulho dela e quando vi q casou com @coronel_aginaldo , fiquei muito, mas muito feliz, talvez 1 dia eu possa dizer pessoalmente, sou de Londrina, abraços",0
"Que bandido ousado. Imagina se Bolsonaro falasse uma barbaridade dessas a esquerdalha burra caia de pau, mas foi o jumento que incitou a baderna eles aplaudem , porque tal pai ou seja , tal jericó tal os seguidores.",1
Vcs sabem quem está financiando a marionete??,1
🤢🤢🤢 Vala seu merda!!,1
"Acho bom é todos que colaram no Presidente durante a campanha ir trabalhar. Uma rede social tão bem acompanhada podendo ser usada para informações de real relevância, agora é só para você de fazer de vítima @joicehasselmannoficial ? Você é maior e mais inteligente do que toda essa situação mulher.😘",0
"É um absurdo como são atacados os ministros do Presidente Bolsonaro, a ministra Damares Alves não merece ser atacada de maneira tão baixa assim😡",0
Ainda tem um ministro do supremo q tem compromisso com o Brasil.,0
"Discordo, se ele se calar por causa da esquerda, ele estará se submetendo à censura dela!! Ele deve continuar.",0
Considere o veganismo! Por favor!🙏🙏🙏🙏,0
"Velha cretina, vai cuidar do seu país..ah não te querem lá. Então vai pro inferno coisa ruim.",1
globo lixo não cansa de passar vergonha,1
Cala sua boca 🤪🤪🤪 só fala merda,1
"Só se for a roda do teu cu girando, não a da economia 😂",1
Nossa ela falou tudo que nós queríamos 👏,0
"Esse é cristão, pero no mucho... homenzinho ""de bem"", né?",1
O povo precisa acorda!,0
Deus Pátria Famílias e liberdades amém,0
"Achei foi pouco...pra essa Joice,os inimigos de Bolsonaro, Deus vai abater um por um e contra o Poder de Deus não há defesa!",1
Os supremos calhordas NÃO irão impor sua vontade. Não deixaremos! 😎🇧🇷,1
"Poderia estar fazendo muito mais pelo nosso Brasil , volta Bolsonaro",0
👏👏👏🇧🇷🇧🇷🇧🇷 será um Grande Presidente do Brasil,0
Essa pode confiar e perfeita Leda 👏🏻👏🏻👏🏻👏🏻perguntas de nível da inteligência e não da fofoca🇧🇷,0
Criminosos. ( pode vir eu estou pronto).,1
Parabéns pelo Luta guerreiros💪💪💪🌟🌟🌟😇😇😇🌹🌹🌹,0
Só pensando no chilique dos sulistas facistas que lá são maioria. 😂👏👏,1
O peso dessa foto.. 😍,0
Tem como ele voltar pra cadeia fazendo favor !?,1
"A respeito de seu pronunciamento, acho perfeito para o futuro porém ESSENCIAL para o presente.",0
"Vc tem todo o meu respeito 🙏🇧🇷 já pude ver que vc é sério igual seu pai, não é a toa que o Presidente dos EUA tem estima por vc ! Continue Dudu o Brasil e",0
@carla.zambelli por que você não se desliga do PSL já que os ânimos estão a flor da pele por lá,0
Quem foi o imbecil que esvreveu isso??,1
Palavras de moleque,1
Esse dinheiro sujo!,1
Eita...vamos bombar essa entrevista!👏👏👏👏,0
Juntos somos mais fortes avante Brasil,0
Benedita você é sensacional!,0
Esquerdista dos inferno.,1
Está menina está sendo manipulada pela esquerda. Mais um gado marcado.,1
E nós sentimos ranço dela! Ela pode guardar a pena dela pra ela na mesma conta que o Lula mandou o dinheiro.,1
"Vcs não está ajudando em nada, fazendo suas Criticas ao governo e postando em redes sociais. Se vcs quer resolver as coisas da melhor forma, faça tido em OFF, assim não expõe o partido",0
👏👏👏 é isso que tá faltando em quem votou nesse Sr. bom senso para reconhecer o erro. Que não foi pequeno.,0
Estamos juntos Haddad 👏👏👏,0
Ler um filho defender o pai é muito prazeroso mais ter um pai honesto é muito melhor não tem palavras que explique,0
Deputado racista verme fora lixos do psl,1
"Apoiado. Deus deu dois olhos, dois ouvidos e somente uma boca. Os filhos Se Acham e complicam o presidente. Cala-te !",0
ORGULHO PRESIDENTA!!!!!!! 🔥,0
Chega de amadores!!! Vcs são os piores,1
Parabéns continue firme e forte e conte conosco,0
"Vdd, muitos impostos para se pagar",0
"@mariade4537lourdes pessoal, deixa a esquerdofrenica aqui, com os 40 seguidores...😂😂😂 ajuda a dar engajamento e a crescer as páginas de direita!!!😂😂😂",1
"Essa mulher não presta , muito pretensiosa e traira",1
"EXATAMENTE. É um idiota, mimado e egoísta!",1
Maravilhosaaaaa. Amo Damares,0
Inaceitável esse tipo de atitude deste deputado precisa ser punido #insano,0
"Infelizmente, eh assim que vejo o atual “cristão”!",0
Kkkkkkkkkkkkkkkkk Gleici e suas piadas kkkkkkk,0
Lindo😘 e esses baixinhos😚😚😚,0
Poise os movimentos principalmente os feministas não falaram nada.,0
Pior é que tem negros que votam nessa gente! O Brasil precisa acordar!!!,1
Eu ouvi um amém?! Eh muito medíocre um cara desse!,1
@miqueiasmonteiro e a do seu presiBozo de ir p o manicômio! Fdp,1
Sou evangélica e me envergonho desse lixo que sai por aí pregando que Deus é amor e incentiva o ódio.#ForaFeliciano,1
Ótima ministra e tem o meu Respeito não deixe pessoas fazias de amor e cheias de inveja e rancor te fazer mal. Estamos com vc MINISTRA DAMARES,0
Todo mundo assistindo 👏🏻👏🏻👏🏻👏🏻,0
@manueladavila não entendi o porquê do preconceito com Roraima.,0
"Vamos falar sobre o que estâ ocorrendo com a Petrobras, é nossas riquezas, Hadadd????",0
"Vamos respeitar os argentinos! Eles merecem mais respeito, eles conhecem a própria história e sabem o que estão fazendo.",0
Deus te abençoe meu Presidente Haddad! 👏👏👏👏👏👏,0
Diabo reencarnado,1
O projeto era pra impedir.. Agora aprovou pra limitar só kkk nunca vai mudar nada... o amor sempre vence,0
"Um ridículo, sem noção, doentio...e rir ...criminoso!",1
Lula livre povo na rua a favor de uma sociedade justa estamos com Lula.,0
hetero pode tudo não tem censura né? mas um beijo gay nao pode,1
"Se lascou doidin , vai voltar pra jaula, foi fala que faltava canalhice no governo kkkkkkkkkkk",1
"O pior foi um abraço pros Machos e um beijo nas Mulheres, um Escroto....🤮🤮🤮🤮🤮",1
Lute como Greta Thunberg 💪🏼,0
Discurso de ódio 😴,0
"Caralho, que crueldade sem limites o que fazem com ela, porra eu não entendo de leis, mas essas paradas não são crimes? Atacar um trauma pesado desse por mim o sujeito seria fuzilado em praça pública",1
São esses bandidos,1
Mídia lixão 🤮,1
"Menina stressada , postagem desnecessária. Vc quer dar Ibope pra tirar a razão do presidente. Bjsss",1
"Que tristeza de país, estou perdendo a esperança de um presente melhor e futuro digno e feliz para meus filhos e netos!Esquecem que o caixão não tem gavetas,canalhas do congresso e STF",1
Infelizmente não seria em uma eleição que esse Congresso seria renovado a ponto de extirpar da vida pública essa cambada de mercenários. Dessa turma da “renovação” ainda existe um monte de canalhas...,1
Lula é só um criminoso CORRUPTO inelegível com duas cadeia no rabo. Ano que vem volta para cadeia o safado,1
Não consigo entender...o porque que esse homem zomba na cara da justiça e dos brasileiros do jeito que ele faz....dá nojo esse tipo🤮🤮🤮🤮🤮🤮🤮🤮🤮🤮🤮🤮🤮🤮homem irritante...sem noção esse lula ladrão,1
Falando a BOCÓ que quer estocar o vento 😂😂,1
O meu Patrono e o meu Presidente! ❤,0
Futuros gestores do Brasil! Avante bolsonaro! Segue o plano,0
Misericórdia quem foi esse monstro que escreveu isso um ser podre dessa tem que ser preso retirado urgente da sociedade isso é um monstro,1
INIMIDO DO POVO BRASILEIRO!! vamos pagar pelos loucos como ele que votaram nele =(((,1
Só gente bacana 😍,0
Que lindas as crianças muito bem trajadas!!!,0
Filha do demônio soros !,1
"O Ministério da Saúde passou a recomendar que não sejam aplicadas as vacinas Astrazeneca e Janssen na população com menos de 40 anos,",0
Seguir vc nas redes sociais já tá dando nojo pq vc só pensa 24 horas no Bolsonaro seu namorado deve morrer de ciúmes né não?.,1
Nojo dessa nossa política😎,1
Mérito de que essa carniça,1
Sera que só eu acho que ta passando da hora de um impeachment pra tirar esse cara?,0
Apontar causas é muito facil! Quero ver ter solucoes.,0
Salve salve os livros q nos ajudam a abrir portas mentais,0
"Parabéns, seu canal Leda Nagle é muito legal.",0
Merece! Saudações gaúchas!✊🏻❤️,0
Este criminoso tem que voltar prisão 😱😱,1
Excelente livro. Todos deveriam ler!,0
"É bem possível mesmo,no Brasil o poste tá mijando no cachorro faz tempo, inocente usa tornozeleira e bandido vira presidente🤷‍♀️",1
Criança deveria estar na escola e não fazendo ativismo.,0
Chega de favorecer esses bandidos.,1
É isso que vcs querem o povo empregado sendo pau mandado,1
Que homenagem Haddad e Paulo Freire 😍,0
Não se esqueçam dos pensionistas por favor 🙌🙌🙌🙌🙌,0
Preocupar com coisas reais e que irao impactar o futuro de todos nos principalmente o deles. Aqui nao eh questao de ideologia direita ou esquerda e sim de sustentabilidade.,0
"Triste isso....força e acabem com esse racista por falta de decoro, por violência e racismo declarado",1
"Ele é tudo, menos cristão",1
Os paraibanos tem muito orgulho de você Ricardo Coutinho,0
@tatis.ambiente os assessores do Instagram da deputada já me explicaram fica em paz irmão,0
"É muito importânte, investir com fôrça na Educação no Brasil.",0
@yurikairos_ vagabunda e se diz pastor tem nem vergonha,1
Sensacional isso daqui,0
Que honra hein,0
"Essa garota precisa de tratamento, e é triste ver uma menina desperdiçando tempo e dinheiro de quem banca isso, com discursos vazios e de ódio, gerando simpatia apenas para militantes de esquerda a oportunistas....",1
Lula ainda ganha... ele nem tomou posse.,0
"Deputada o tapa foi na cara de todos nós que sendo pardos, brancos, índios, etc estrangeiras ou não sentimos a mesma dor, essa violência atingiu toda humanidade que tem respeito e dignidade.",0
O Brasil vai dá certo!!!👏👏👏👏🇧🇷🇧🇷🇧🇷🇧🇷,0
"E vocês dando munição pra esquerda, ou será que sempre foram e se camuflaram na época da eleição, vestindo a camisa Bolsonaro ?? A inveja mata!",0
"Esse rapaz só me recorda camarão, a merda tá na cabeça",1
"Eu pensei que a autoridade maior do Brasil fosse o presidente, mas, estou vendo que é esse STF !",0
"Esses infelizes , são IGNORANTES , DOENTES MENTAIS , CORRUPTOS OU BABACA MESMO !",1
"Tudo bem !!! Assim o grupo Globo vai todo em cana, junto com a folha e outros!!!",1
"dois grandes educadores! parabéns, presidente! ❤️",0
"@bolsonarosp por favor vamos evitar polêmica é tudo que a esquerda quer, combustível p provocar incêndio..🤔",0
Eternamente agradecido Ministro Fachin,0
Parabéns tbm ao professor. ..,0
Isso é um escroto. Velho safado.🤮,1
"❤️Ministra Damares a Senhora é uma mulher linda em tudo e abençoada por Deus. Este ser abjeto tentou atingi-la com as imundices peculiares a ele próprio. Continue este exemplo de ser humano iluminado que irradia luz por onde passa ""quem não tem competência, não se estabelece"" que ele aceite logo, talvez doa menos.kkkkkkk",1
"Ministra, aceite minha total solidariedade!",0
Aonde é esse Brasil ? Tô vivendo no Brasil errado kkkk,0
"Falar menos, agir mais",0
O mesmo que defem a família tradicional!!🤮🤮,0
👏👏👏 Que príncipe esse meu Futuro Presidente do Brasil.,0
"Meu Presidente ... merecido, parabéns!",0
Pois é mas não e isso ser diplomatico,0
Quem financia tanto ódio é o presidente e sua corja!,1
..papai não tem mais controle sobre o bebê..,0
"Manda a PF na casa deles Xandao! Recolhe documentos, computadores, celulares e blablabla 😂😂😂😂😂😂",0
@mcarolinabau amiga vc viu essa merda?,1
Tinha prometido que não voltaria,0
Doida pra ter esse gato como 😍😚❤️❤️❤️meu presente.,0
Vc & paulo freire ❤@fernandohaddadoficial,0
Esse é o nível do atual governo. Vergonha dessa raça de chupim,1
O senado é composto por políticos. Por isso zanin será aprovado,0
"Vai, toma seu verme....",1
Não se cansam. Fazer o quê? 🤷,0
Param esses Abutres,1
👹SILVIO DOIDO👈🤮🤮🤮🤮🤮🤮🤮🤮🤮🤮🤮🤮🤮🤮 doente,1
Saudade daquilo que o Brasil não viveu ainda!! Eu votei no Professor e votarei de novo!!! #fascismonão #elenão #haddadsim,0
"Fortalece a esquerda? Pergunte ao povo o que acha sobre uma possível reedição do AI-5? @joicehasselmannoficial , uma piada",1
Espero que o senhor também tenha assinado @bibonunes1 !,0
Gente em que mundo estamos... Como um cara que é pastor pede as pessoas para atacar alguém?,0
Que foto forte 🇧🇷❤️ #Forças #Resistência,0
A ministra é genial,0
"Esses vermes fala todo dia desse derramamento de óleo, não por preocupação ambiental é para tentar ferrar o governo!",1
Vai trocar a frauda!!!,1
O presidente não tem moral de nada nesse país .,1
Ora se é...alguém duvida?,0
"Não acrescenta nada a política nacional,mudam de partido como mudam de roupa,não tem posição politica firme,só querer se eleger.",1
Ah votei bolsonaro mas nao vou fica apaixonado nao blz,0
👏👏👏👏🇧🇷🇧🇷parabéns pelo seu trabalho 🇧🇷,0
Vitória para Cristina❤️❤️❤️,0
Aborrecente mimada e abestalhada!,1
Vcs tão comemorando a invasão da Alemanha nazista na Polônia?,0
Nossa!!! Os trouxas não percebem!!!!!,1
"Vitória do Brasil, tá de brincadeira né",0
"Nós vamos respirar forte, a economia vai melhorar,tenho fé em Deus e em nosso presidente.",0
"Bando de desgraçados, que só querem que o Brasil seja uma Venezuela. Será que não tem alguma forma de banir estes fdp.",1
"Esta idiota não cansa de passar vergonha, parece que se não passar o dia fica perdido",1
Lula nosso presidente é o melhor da nossa história!,0
"Quando alguém fala que é cristão, crispa até o cabelo da orelha.",0
Assustador. Demoníaco.,1
@mauricioysilva parabéns ? Ahh mano vai se fuder vai,1
Nobre deputado destaque o STF vai continua mandando em nosso país?,0
"É, pq o povo só entende o que desenham pra ele.",0
Ela estava emocionada,0
Este cara é um trem desgovernado!,1
E o muro na divisa com a Argentina saí quando?,0
Nojo dessa corja,1
"Ela teria que ter pena qndo tirou dos hospitais do Brasil,pra continuar defendendo bandidos!!!",1
👏👏👏👏três mulheres maravilhosas. 🙌🙌🙌🙌🙌,0
Como tá as praias no nordeste ?? nao vejo você falar a respeito disso!,0
Tem que prender esse maluco,1
Deus tenha misericórdia da nossa nação,0
"Isso é o comunismo , são essas criaturas das trevas , 😢😢😢😢😢😢😀",1
💚💛pena do Brasil ou saudade da bagaçeira.,1
"É verdade, porém existe um exagero, e eles não estão errados no que falam, o problema é que eles são os filhos do presidente, tem que evitar falar.",0
Esses não são gente. Esses são escória de nossa política.,1
Não gostei da comparação @carla.zambelli ....vc não precisa disso não...vou deixar de seguir por uns tempos,0
Unidos venceremos!,0
2026 você lembra de fazer o L de novo. Lembre-se que o importante é que o Amor venceu.,0
E eu já estou esperando o Bolsonaro no mais você pq segundo Ana Maria Braga o Brasil está em desenvolvimento e por isso ela não consegue entender a situação do Rio de Janeiro. # Ancioso,0
Haddad presidente. Lindo inteligente educado e perfeito.,0
Só passando vergonha esse bando de inútil,1
"Esse governo está ótimo 👏🏻 De um lado o pior presidente e do outro o pior ministro, mais perdido do que cego em tiroteio",1
"Gente premio maior seria para quem trabalha em proldos milhares de refugiados, principalmente no oriente medio. Gente que morre todo dia nas aguas...criancas...velhos...pais...maes... Valei-me essa menina e somente uma exporacao midiatica!",1
Essa Brochelet tem cara de corrupta da quadrilha lulaladrão.,1
"Idiota, luladrao, lula na prisão",1
"@cartacapital é um lixo, não serve nem para usar como jornal para meu cachorro fazer xixi. 🤮🤮🤮",1
"Feliciano é um asqueroso, ser desprezível 🤮🤮🤮",1
Lamentável saber que quem deveria informar a população está a serviço da desinformação. #redeesgoto,1
"Ficou Tarcísio pra nos alegrar,,,,mto gente boa.... competência..e mto mais..",0
Meu estado cada vez mais decadente... Isso chega ser ridículo...,1
"Sempre soube, que Carla Zambelli estava com Bolsonaro.",0
Ela é muito linda! 🌹,0
"Vale lembrar q a vitória não será (apenas) de Cristina, será primeiramente de Alberto e mais ainda da esquerda. E Cristina diferente do líder daqui não foi egoísta e soube ceder e ter humildade de reconhecer o alto índice de rejeição que podia ter, e colocou em primeiro lugar o país e não a pessoa ou o partido. Que saibamos aprender!",0
"Tudo bem, vamos supor que ele seja inocente ? Com o novo benefício, muitos estão tendo a chance de responder em liberdade, a população fica como ?? 🤔 quantos vagabundos foram beneficiados??",1
Como um país deste anda pra frente?Ontem era Bolsonaro hoje é inimiga e detesta o cara ...que falsidade .,1
Bandida como todos esquerdopatas,1
Que lindo! Representatividade imensa da educação.,0
Tem q prender logo esse marginal,1
essa imbecil falando e o cachorro cagando e a mesma coisa,1
#sbt contrata esse cara!!! Sabe muito🚀🚀🚀,0
"Comunista ladrona, padrão PT pissol PCdoB LULAPRESIDIARIO DILMATERRORISTA",1
"O Brasil que vcs estão preparando é um no fundo do poço, deixam o país nas desgraças como sempre e depois vende ilusão de consertar o que vcs mesmo estão acabando, seus incompetentes",1
Colégio Militar! Orgulho!,0
O único que não presta é o ex_ governador da Paraíba👎👎👎,1
Homem canalha! Sem vergonha #respeitaaministradamares,1
Lula você é um agitador você tem que ser preso novamente o quato antes,1
Merecida homenagem!🙌🙌🙌,0
"TV domingo, é a pior coisa que existe. Vá passear , viajar, teatro, cinema, etc.. fuja da TV domingo!!!!",1
"A repórter com Leda Nagle sempre teve as melhores reportagem. Depois que a tiraram o programa sem censura não conseguimos mais ter uma entrevista de classe. Carisma, respeito, conhecimento... Parabéns!",0
E o que pode fazer esse tribunal em favor do povo brasileiro?,0
Que vergonha esse analfabeto.,1
Está onde merece essa traidora!,1
"Monstro, mercenário. Cadê os investimentos na saúde e educação q é direito do povo, onde enfia tanto dinheiro?",1
Fala Haddad Como vai a resistência? Tô precisando troca o chuveiro hahahahahaah grande dia #bolsonaro2022,0
"Só faz porcaria, vão acabar com os apps de entrega e transporte no país.",1
Leda! A maravilha do nosso jornalismo!,0
Quanto tempo ate assassinarem a reputação da Leda Nagle?,1
@mimimelo13 boa sorte iremos precisar e da próxima vez usa uma conta de verdade e mostra o seu rosto se você esta tão convicta assim em vez de usar perfil fake 😅,1
Atitude intolerável! Cadeia para esse deputado estúpido e imbecil! #forapsllixo,1
"Orgulho do CPM, já estudei em um colégio militar no interior da Bahia, e os valores que a corporação passa para vc e sua família é algo extraordinário! 👏🏻 @bolsonarosp",0
"Qual a qualidade desse trabalho? Na indústria q não é! Se pegar esse cenário inteiro, praticamente nada ""made in Brazil"".",0
Educação para todos!,0
Verdade temos a pergunta.,0
Parabéns!👏👏👏Merecida!!!,0
A pessoa quando ficam velhas perde a noção das coisas,1
Quem é esse jornalista?,0
"Como seria o país c Haddad presidente? Às vésperas de um Natal bem mais alegre, certamente, c um povo mais esperançoso no futuro e governado p pessoas mais dignas e cientes dos problemas brasileiros.",0
"E uma chita ela né! Opssss, uma chata.",1
Bolsonaro e Tarcísio juntos! Não tem pra ninguém 💚💛👊,0
O Brasil vive uma calamidade onde todas as instituições estao tentando privilegiar a elite bandida política!! Sinto que nao temos maos a quem recorrer senao ao militares....triste fim!!!,1
Mande essa nojenta pra Cuba.,1
Normal e receber a dona do tráfico,1
Chamar um vagabundo desses dd Horn,1
@bolsonarosp deixei uma mensagem no seu privado,0
Mulher chata insuportável,1
@sena.julio no Amazonas e Manaus só elegeram bolsonaristas e aí agora que estamos precisando de ajudar pra respirar não tem 1 se quer que nos ajude.,0
Se assuma logo no centrão e pare de dizer que é de direita!!!! Votamos em você para ajudar nosso presidente!!!,0
Dilma jumenta,1
Sem palavras. Chorando com ela pela mãe Gaya.,0
sou eleitora do Jair gosto muito da Janaína mais realmente o filho dele da margem para esse povo falar,0
Tudo bandido esses corruptos desgraçados,1
Perdi meu voto !!!!,0
"@joicehasselmannoficial não estou entendendo... A Joice que conhecia antes de toda confusão com os bolsonaros certamente iria concordar com ele.. Pois vc sabe bem q a mídia esquerdista é mídia esquerdista em qualquer lugar do mundo, e essa imagem está sendo propagada pela mídia esquerdista... A mídia conservadora, os conservadores só redor do mundo pensa a mesma coisa q o bolsonaro, q ela é uma pirralha... Ou vc não acha q ela é uma pirralha, apenas mais um fantoche fabricado pela esquerda??",1
Até aí a revista exame elegeu o Rodrigo Maia personalidade do ano... Que merda né? Apoio o presidente quanto a pirralha... Só acho que a melhor coisa é ignorá-la...,1
O assediador é sempre simpático e de bem!,0
É gritante a diferença de jovens alunos de um colégio militar para uma UF com alunos esquerdopatas.,1
"Cidadão de bem agradece, elegemos @jairmessiasbolsonaro para colocar ordem no país e não ficar mais com esse mimi... Cidadão de bem será o beneficiado!!",0
Amei ela ter cabelo curto. Fim do estereótipo do cabelão chapado. Isso representa muito. Pra auto estima de muitas meninas.,0
"@joicehasselmannoficial, a menina é uma PIRRALHA criada por adultos que tem interesse. É concordo com meu PR BOLSONARO...",1
Unidos com você Capitão. Avante Brasil nas mãos da Santíssima Virgem Maria🙏,0
"Hipócrita,vai procurar tua turma. O BRASIL não precisa da tua pena.",1
Seria fácil se a gente que votou neles entrar em contato com algum deles ninguém consegue falar com um deputado ou senador,0
"Ah... Me poupem, qta gentalha lesou a Pátria, isso sim é um crime bárbaro, vão catar coquinho, e destruir o povo prós raios de outro lado,qualquer dia soltam o Lula e tudo fica numa boa, me poupem!!! Com este assunto",1
Tudo que esse babaca falou da nossa Ministra ele queria q fosse com ele. Doidinho com uma mamadeira de piroca,1
Foi bom demais isso,0
"Mas se você é contra concurso de beleza, e se uma pessoa branca tivesse ganhado e tivesse a mesma personalidade que a zozibini? Se fosse exatamente igual a ela e mudasse somente as aparências físicas, eai? Gente....",0
Você me representa Fernando!!!!,0
Tenho fé a esquerda vencerá,0
Não querida! Está sempre a sua disposição. Aproveita e pega mais 🌱🌱🌱🌱🌱🌱🌱🐴,0
E a propósito... amo os dois! 😘😘,0
Fariseu maldito!,1
Benedita maravilhosa,0
"Taxador de pobre, faz isso mesmo, a esquerda entregando o Brasil de mão beijada nas próximas eleições porque vcs querem agradar o veio da Havan, parabéns, traidor",1
Palavras firmes e sensatas enquanto você concorda com ela. Depois diz que está fora da realidade. Igual com o Olavo de Carvalho.,0
"Eu estudo lá e posso te garantir que tem! Lá tem negros, brancos, pardos e muito respeito, coisa que aparentemente vc não tem!",0
Já começou a vergonha mundial ... tá doendo meus ouvidos!,1
Ninguém solta a mão de ninguém 🤝❤️,0
Lula livre ja,0
@carla.zambelli sempre amiga você merece todo nosso carinho e apoio!!! Nós brasileiros somos gratos a tudo que faz pelo nosso Brasil e por nós 🇧🇷🇧🇷🇧🇷🇧🇷💚,0
"Só não entendo porque têm tto robô que defendem esse desgoverno atual na tua página,será que é para testar tua paciência ou porque não são alfabetizados.?? Têm que bloquear esses eleitores acéfalos que só faz defender milicianos.",1
O povo que acredita nesse país está e estará com vcs hoje e sempre.,0
Dois verdadeiros homens de bem. 👏👏❤️❤️😘🌺,0
Puta nojo desse cara,1
Piada essa Guria aí,1
Quem manda eleger esses merdas!!,1
"Bolsonaro tem razão , essa Greta é uma pirralha mimada",1
Hipooooooócrita essa senhoura...,1
"E prega que devemos amar o próximo! Bando de hipócrita, governo de idiotas!",1
Eita meu PRESIDENTE AMADO..👏👏👏,0
Isso que eu chamo de EGO 👏,0
Outra esquerdista cara de pau! Não basta os do Brasil! 😡,1
Fale o que tem certeza que vai ter resposta pautada para o bem,0
Precisa frear a inflação e tornar insento quem ganha 5000 mil. Diminuir o gasto público e fazer crescer o país.,0
Uma riquinha ignorante que está sendo usada por ativistas e políticos . Pobre jovem,1
"Professor Haddad @fernandohaddadoficial o senhor foi um dos únicos ministro que investiu em educação no nosso estado, infelizmente hoje estamos sofrendo com este descaso, com o sucateamento do ensino público!! Me lembro nas eleições que todos tiravam fotos em frente a sua plaquinha de cada escola que você inaugurava!! Tava na cara que você ganhando as eleições sua prioridade seria a educação do nosso país!!! Mais que merecido!! 👏👏👏👏",0
De roubo vocês são PhD.,1
"Esse merda vai inaugurar obras que ele jamais faria pela incompetência, está inaugurando obras que ele nem participou e ao invés de saudar, só fala merda. Horrivel esse escroto",1
"Sem comentários.. Não vale a pena comentar sobre essas pessoas ... Egoístas, ambiciosas que nao pensam em ninguém além deles mesmos.",1
"Eu também acho que os filhos do nosso presidente não ajudam nenhum um pouco, mas continuo firme com nosso presidente, tenho orgulho dele",0
58 milhões de Brasileiros votou em Bolsonaro e esse bandido se acha dono desse país,1
Vc realmente é muito competente..... até pra receber caixa 2 de um milhão de reais....e condenado....né ??,1
Queria um colégio militar na minha cidade,0
"Só merda,não serve nem para engraxar botina presidente!!!",1
"K vergonha, alguém k foi eleito pelo povo, sendo racista, espero k os eleitores desse deputado vejam isso...🤔🤔🤔",0
"Papai mandou e filhinho sem noção foi lá e boquejou, boquejou como se os brasileiros fossem todos trouxas, né!",1
Parabéns a cultura hipócrita,1
O da esquerda é roubar,1
"Normal, o fato de ser negra contou muito",0
Pirralha mesmo. Tá achando ruim? Você é pior que ela. Quem se curva ao globalismo é pior que merda de porco.,1
@amaral9712 o pior de tudo isso é ver um percentual de Brasileiro batendo palma para um incompetente! Esse aí vai conseguir bater o recorde da Dilma! Levar o país mais rápido e a mais profunda crise econômica!,1
"Ela pode militar uma causa importante, mas essa voz chorosa forçada não agrega, muito pelo contrário. Parece apenas uma menina histérica e muito chata. Podemos creditar isso a uma imaturidade, mas ela poderia ter sido melhor aconselhada. Perdi a simpatia por ela.",1
"Chega mesmo não aguentamos mais ver tantãs mulheres vítimas das violências do homem certos homens, acha que vão ficar impune para sempre",0
Coitada da menina! Só estão usando ela para fazer raiva no presidente.,0
Esse demônio tem que sair logo bolsomerda 💩💩💩,1
"Presidente serve pra PORRA nenhuma, so pra tomar pau da imprensa, pq na hora de fazer algo so toma na cabeca",1
Bem feito kkkkk Parabéns para vocês que elegeram éssa desgraça. 😠😠😠😠😠,1
"edinice, esse aí não vai falar bosta como o lobão, o deputado é muito inteligente não anda falando besteira parabéns deputado 👏👏👏",1
@alexcassimir Olá vamos ser taxados de novo?😢,0
"Pensei que eu era crazy até conhecer o bolsofurado e os bolsofãs dele, sou mais sã do que eu gostaria....",1
"Esquerdista agora fala em democracia porque levou uma surra no voto, assim como vagabundo jura por Deus depois de um tapa na lateral.🤣",1
Ela tem pena agora pq não tá recebendo mais propinas. Bandida.,1
"Haddad, ainda bem que você não compareceu ao ato da direita golpista. Porque negociar com psdb, fhc, que foram os mentores e articuladores do GOLPE contra a Dilma e o Povo Brasileiro, seria imperdoável. Igual a chamar o Temer novamente para vice, ou Aécio. A militância não suportaria.💚🌳",1
Isso é no cúmulo.... Simplesmente ridículo!!!,1
Infelizmente elegeram um pouco para residir o Brasil,0
"É um fascista, escravocrata, manipulador e doente. Era para está presso!!!!",1
Seria lindo todo mundo unido em 2022,0
"Eita presidente amado e abençoado por Deus. Peço ao senhor Jesus que lhe de cada dia sabedoria, calma e@muita saúde para enfrentar as adversidades.🙌🙌🙏🙏🙏A mão de Deus sobre sua vida e de sua família.🙏",0
CALE-SE BOZO🙈,1
@renato_tavares_3000 não vou te responder pq n tempo advogado e posso virar racista com minha resposta mais ele recebeu 50 reais pra grava esse vídeo mentindo,1
"Também sou contra, mas.. que mulher linda!",0
"Pobre menina!! Teleguiada, por interesses excusos!!! Comunistas por trás.",1
"Ridículos !!! Deveriam estar dando andamento às PRISÕES DOD CORRUPTOS !!! Quando assim o fizerem, não teremos mais FAKE NEWS !!!! TRABALHA DIREITO AÍ CONGRESSO. E O PACOTE ANTI CRIME ??? O QUE ESTÃO ESPERANDO PARA VOTAR ???? TRM MUITA GENTE AÍ BORRANDO NAS CALÇAS NÉ, PPR ISSO NAO VAI PRA FRENTE O QUE REALMRMTE INTERESSA AOS BRASILEIROS. Affffffff",1
Imundice é o termo.🤮🤮🤮,1
Nos 48 do segundo tempo 2018 me fez feliz ❤️,0
"Você é o lulinha ficaram no vácuo, não vem com mentiras não",1
E estes filhas da puta se dizem cristãos! Cristãos de merda! Vergonha desta gente...,1
Parabéns! A entrevista na rádio Guaíba também esteve muito boa. 🌻,0
Essa também não quero perder!!! De jeito nenhum!!! Boa Lêda Nagle!!! Essa daí eu respeito!!!!👏👏👏👏👏❤️❤️❤️❤️,0
"PT lixo klkklk,,,,,acha que vai reinar de novo no Brasil,,,,veremos Kkk Kkk",1
Pena que não tem vagas pra todos os alunos!,0
MENTIROSA NÃO MERECE RESPOSTA PORQUE A SUA PERGUNTA JÁ É UMA MENTIRA QUE FALA POR SI SÓ. CHUPA GLOBOLIXO!😡🤜💥🐀💨👉,1
"Seria muito bom voltar a trabalhar e vc e ele ou quer quem seja, parar de fofoquinha",1
LEI DE SEGURANÇA NACIONAL NESSES TRAIDORES DA NAÇÃO!!!,1
Esse pastor parece figura de opereta !!’,1
Sou negrão e essa mulher não me representa ...,0
😂😂😂😂 Ele doente deveria está no hospício,1
Com o pode este criminosso vagabundo ainda não está presso,1
Parabéns esse. Alunos👏👏,0
Vamos voltar a pauta #reformadaprevidencia e #vetaleiabusodeautoridade 🇧🇷🇧🇷🇧🇷🇧🇷🇧🇷🇧🇷🇧🇷🇧🇷🇧🇷🇧🇷🇧🇷🇧🇷🇧🇷,0
Maravilha parabens,0
Destruidor do comércio on-line!,1
Nunca duvidei disso. Contamos sempre com vc. E todo mundo sabe como perdemos.,0
"Canalhas, comunistas desgracados!!!",1
"Vi isto desde o começo, o pior cego é aquele que não quer enxergar",0
Não consegue falar nada que presta esse cara. Nada! Senhor!,1
"Quando eu penso que poderia ter um presidente lindo, educado, culto, inteligente desse... 😐",0
Saber que um dia já ouvi pregação desse irmão e me senti abençoado. Agr prega e vive nesse odio,0
"Eu estou no grupo dos 50%, super otimista.",0
Todos sem vergonha cupado e o povo que ELEGERÃO,1
👏avante meu Brasil 👏,0
Aplausos para está ministra! 👏👏👏,0
"PARABÉNS , JOICE ! Uma parlamentar , e principalmente , uma brasileira que o BRASIL NÃO PRECISA ! Que ser humano feio É VC . Depois não quer que sua família passe vergonha porcausa de vc. TRISTE !",1
"Colégio militar deveria se estender pelo País: disciplina, Patriotismo, Cultura e ensino de qualidade!",0
"Pois vai ficar querendo, pq a esquerda comanda o Brasil!.",0
São um bando de invejosos!,1
Ridículo essa menina,1
Q velha ordinária!! A Esquerdalha tem todos a mesma face!!🤮🤮🤮,1
So colhe o que planta.se eu fosse ela mandava exorcisar seu gabinete,1
"Só acho que o custo Brasil deveria abaixar, no mínimo pela metade, ex: reduzir os salários de TODOS os políticos e seus inúmeros privilégios. Creio que assim, a economia terá um grande fôlego, a população sentirá que as coisas estão mudando e o país, enfim, crescerá. @jairmessiasbolsonaro @bolsonarosp @depheliolopes",0
Eu fico sei lá onde com tanta beleza junta. Ela é linda demais.,0
Esse verme tem que voltar prá cadeia!!!,1
É muito mimi. Sem noção 🙄,1
Esses bandidos vão pagar caro. Nossa ministra é uma grande mulher🇧🇷🇧🇷🇧🇷🇧🇷🇧🇷🇧🇷👏👏👏👏👏,1
Meu coração não aguenta assim! 😍,0
"@alissonrosa007 , amém!🙏🏼  Vamos pra cima, para que esse privilégio acabe. Abraços 🇧🇷",0
"A periguete de volta !! Não adianta a recauchutada , conhecemos sua índole!!! Não será eleita para nada !",1
Muita lucidez e amor neste dia das mulheres ❤️😍👏,0
Liberdade de expressão sendo cerceadas,0
Só assim as hienas se apresentam...,1
vá em frente Deputada,0
Eu só otimista ... só Bolsonaro e sua equipe !!!,0
🤔🤔😮 muito bem 👏👏👏👏👏 muito bem muito bem 👏👏👏👏👏👏👏👏👏👏👏,0
Cenas como essa dão um pouco de esperança sobre os nossos jovens...,0
Comunista safada...,1
Cambada de comunistas nojentos,1
Nuuu arrepiei com esse discurso!!!!! 👏👏👏👏,0
O Lula vai continuar preso babacas!,1
"Vivaaaaaaaaaa, duas potências do Planeta Terra gerando LUZ.",0
Quem é gleisi pra criticar ? Vc lá tem moral pra isso ? Vc veio do berço da corrupção .,1
Parabéns pelo trabalho de vocês!,0
"Parabéns Benedita, pra cima deles",0
👏👏👏👏👏Só Deus para permitir tudo isso,0
Como pode ser tão canalha esse Lula,1
Se deu mal...globolixo,1
Infelizmente aínda existem pessoas cegas que não enxergam a verdade e querem que esse crápula volte ao poder pra terminar de destruir o país porque o que ele já fez não foi suficiente pra eles acordar glória a Deus pela vida só Bolsonaro que ele conserve o com muita saúde pra que cada dia mais ele mude essa trajetória do país,1
Larápio canalha,1
Vc agora e da canhota,0
Se gritar pega ladrão na frente do congresso até a estrutura física muda de lugar exceto alguns Zanbelli...,1
"Nossa Manuela. Imaginei que vc fosse mais inteligente ou no mínimo tivesse um pouco de empatia. Você já foi á Roraima saber o que está se passando? Tem venezuelano fugindo da fome, da falta de remédios. Imagina a quantidade de venezuelano que prefere deixar a sua casa pra ir a um país estrangeiro morar na rua. Se submetem a situações deploráveis. Mas você não enxerga isso dentro do seu mundinho comunista, não é mesmo? Parabéns, HIPOCRITA!",1
E A LEI DO CÃO DEVERIA ATINGUIR SÓ OS QUE VOTARAM NESTE VERME,1
Ridícula nojenta,1
"Ele, Barroso e o Fux são a minoria dos ministros do STF que é a favor do povo brasileiro e que o Sr. Edson Fachin continue representando a nossa nação!!!",0
Não perco por nada😘😘,0
2 super homens👏👏👏,0
Essa comunista de bosta da Globo lixo não vale nada.,1
Tem que prender esse sujeito,1
deveria valer apenas para aqueles que lambem o saco dele!!,1
Isso tá tão feio. Vocês deveriam fazer um conclave do psl. Se trancarem em um quarto e só sair de lá quando os que sobrarem tiverem algo decente pra seguir. O psl era ruim quando era só ua legenda de aluguel e agora ficou pior ainda com deputados imaturos. O PT agradece.,1
Melhor prefeito de SP 😢,0
"E isso aí, trabalhar para o bem do povo, saúde e tudo.Parabéns!!!!!👏👏👏👏👏👏👏👏👏",0
Tem que mostrar mesmo TUDO que ocorre no partido no qual nós elegemos os participantes.,0
"💗💗 Parabéns, muito merecido! 🙌☀️",0
"@elizeu_ribeiro_nascimento vc mesmo pode fazer a pergunta a ela meu jovem, com relação ao nosso presidente estamos n luta juntos somos mais fortes um grande abraço",0
Ele apenas falou a verdade. É uma pirralha mesmo.,1
"Meu Deus que vergonha desses seres travestido de humanos! São as crias de lucifer, não tem outra explicação...",1
"Ah tá com pena?!Diz para ela vim doar alimento e roupas para os asilos,orfanatos e desabrigados ,hospitais que por conta das propinas que receberam esses lugares estão com deficiência de tudo,isso PR não mandar ele para Vênus!!",1
@fabiomagnoo vc não fez conta nenhuma disso kk só repete DISCURSO de opressor,1
Em toda minha vida nunca vi ninguém mais inteligente e adequado como vc assisto quando posso todas suas entrevistas amo os Bolsonaros sempre pra frente Brasil,0
Que absurdo meu Deus!!!! Na ditadura uma dessa neguinho ia pro xilindró... ninguém vai fazer nada???🥵🥵🥵🥵🥵🥵,1
Melhor prefeito que São Paulo teve,0
Só pode ser doença,1
Dois professores maravilhosos,0
"Cretinos, falam em democracia, mas usam dos meios mais sórdido pra derrubar um governo eleito democraticamente, sem se importar com as consequências para o povo brasileiro.",1
E dar audiência é o que???? Ajuda???,0
Vagabunda. Comunista. Mentirosa. O povo chileno nao merece uma desgraça desta.,1
"Esse programa já foi melhorzinho, bando de cretinos",1
Eita que vai ter petistas presos a bambam.,1
"Deputada @joicehasselmannoficial qual a contribuição da revista Times para nosso país? O atual presidente da república, @jairmessiasbolsonaro tem trabalhado para melhorar a imagem do país lá fora, a imagem de confiabilidade, que é a imagem que realmente importa. Trabalhando pela nossa economia e pela reconstrução do Brasil, e a revista Times, faz o que pelos brasileiros? Deveríamos valorizar quem trabalhar a favor do nosso país, e não valorizar quem quer ganhar espaço na mídia nos criticando a cada oportunidade, vamos valorizar nosso presidente, valorizar nosso povo, que afinal de contas, foi o brasileiro que votou para você ser deputada, e não essa tal de Greta",0
Mostrou-se Dr honrado & Digno.👏👏👏👏👏👏👏👏👏👏,0
Ao menos 1 pensa com sensatez,0
Cadê o Ministério Público??????,0
Venha los hermanos! Adoroooo,0
Nem aguento mais! Nojento!,1
Frustrada sexual.,1
"@rosamarialopesmagalhaes infelizmente,ele não né a realidade o quê o governo atual estão fazendo com os atendimentos para com os Autista,e digo mais, tirando tbm as conquistas",0
Essa coisa esta se achando demais,1
O entrevistado é faca na caveira😂😂😂,0
"Mesmo se tratando de um Presidente, quem é essa fedelha pra meter o nariz onde não é chamada. Com 16 anos é cria nata de idiotice",1
"Obrigada, Manu. Você nos inspira ❤️",0
"Parece que depois de um longo e tenebroso inverno, encontramos o caminho.",0
Parabéns! Muita esperança de outros dias!!!!,0
E ainda tem a platéia que aplaude 🤦🤦,0
So podia ser a Globo lixo,1
Pirralha e ridicula,1
Amor a gente se fala ao amanhecer,0
O Brasil tem jeito! Muita esperança nesse governo! 👏🙏🇧🇷,0
QUEREMOS VOTO AUDITAVEL E IMPRESSO COM APURAÇÃO PÚBLICA,0
Aquele que se diz “Cristão de bem”,0
Tenho pena DELA... vai ser desmascarada...,1
"É surreal uma coisa dessa, que bosta de justiça é essa que nada faz contra esse pilantra?",1
👏👏👏👏👏👏👏 força Damares.,0
Inteligente.,0
Joice querida! esperava o que? desses aí?? todos pulhas!!!!,1
Gente do Céu... Meu Deus... Quem escreveu isso?,0
Vdd. Não ajuda em nada.,0
"Vamos trabalhar? Ficar de picuinha não vai ajudar o Brasil, esquece essa cobra e siga em frente.",1
Xande é só uma poeira e todos com medo de um pó de merda ressecada 😂😂😂😂😂😂,1
"@giselecordeiros kkkkkkkkkkkk calma, calma, é só o começo",0
Vai ter seleção para merendeira no colégio do meu filho,0
"Isso é fantástico, enquanto aqui no Brasil alguns políticos só fazem besteiras com relação a consciência negra, lá fora se valoriza a beleza da mulher negra 😍😍😍😍👏👏👏👏👏",0
😍😍😍👏👏👏 esse vídeo ganhou meu ❤️,0
Por isso que eu falo que só tem bandido nesse congresso e senado,1
Sua estúpida qual tua revolta qd o Humberto amecou.,1
A liderança da @joicehasselmannoficial na Câmara durou menos que um X Burguer😂😂😂😂,1
"Menina chata do caralho! Se for seguir o que ela diz teríamos bilhões de desempregados passando fome, as pessoas não tem noção, abram o leque e enxerguem além, a vida real é dura!",1
😢😢😢😢😢 essa mulher foi escolhida de milhares e milhares e Deus tara sabedoria a ela assim com deu a Salomão até mais que Salomão para continuar vencedora 👏👏👏👏#temmeurespeito,0
Nossa ministra damares ê de Deus orgulho da nação,0
O Bolsonaro foi e continua sendo o nosso Presidente.,0
Essa criança não significa nada. Esse assunto é secundário. O assunto mais importante da humanidade é como acabar com a CORRUPÇÃO.,1
Que bom que ela tem pena do Brasil 🇧🇷 assim ela já pode dividir com a população brasileira a propina que recebeu da OAS.,1
"💙💙💙💙 meu presidente , pena que não ganhou💙💋",0
"Isso é uma realidade da imbecilidade humana, não tem moral prá nada...",1
Lindo discurso!Pena que a maioria não se sensabilize!,0
Puta merda... como são covardes! Tem que ser muito forte pra aguentar isso!😢 Essas pessoas não valem nada... Força ministra!,1
Que absurdo eu colocaria esse verme na cadeia para aprender respeitar pelos menos a mãe dele pq quando ele ataca uma mulher ataca a sua propria genitora que vergonha de um ser deplorável desse 😠😠😠😠😠😈😈😈😈,1
Um cidadão de bem. Um fdp desse!,1
Lindo meu anjo ❤️,0
"Que as palavras emocionadas dessa criança gigante possam, de fato, tocar as cosciências desses líderes de corações endurecidos pelo egoismo. 🙏",0
Isso é bem a cara desse débil ser 😬😬😬,1
Ta igual a Globolixo... uma fala dele e vc ta criando mentiras. Sabe interpretar nao ne!! Vc só se afunda Joice. Deprimente!!!,1
De onde você tirou esta informações eu procurei em todas redes social e não encontrei nada poderia informar suas fontes como link da matéria ou página do processo,0
Mudou de opinião em 6 meses. Joice é uma das figuras mais asquerosas essa política🤮,1
Todos vagabundo ladrão este Tau de Huberto e um pagã e pernabuco,1
Essa minazinha é do krl mano,0
"Esse que é o bandido ladrão do Lula é terrorista que quer conseguir o PODER na marra, isso foi que esse maldito STF fez com o nosso Brasil. E tem mais uma coisa que esse STF está recebendo ordem do maldito PT, porque a maioria dos Ministros são PETISTAS e seu Presidente foi advogado do PT.",1
"As máscaras caindo, espero que o povo esteja acompanhando.",1
A cara da besta!!!,1
"Legal. Roubamos os sonhos dela. Kkkkkkk. Vamos acabar com as plantações de alimentos, com a pesca , a criação de gado e viver felizes para sempre!!! Isso sim é um conto de fadas. Vai pra escola minha filha. Quem sabe vc não aprende alguma coisa de útil ao invés de seguir a cartilha marxista que dizimou milhões pela fome e pela miséria.",1
E salário mínimo diminuiu.,0
Esse cara tinha q estar preso em presídio d segurança máxima(sem internet) p não falar m.... 😡🤬,1
Isso é uma jumenta,1
Você está comemorando a invasão de Nazistas? É isso mesmo?,0
"Gleisi, vc é a pior coisa que nasceu no Paraná!",1
Velha canalha,1
Haddad o nosso presente em 2022,0
De pleno acordo !,0
"Eu apoio a Ministra Damares, ela me representa!",0
Bandido!! 👹 Deus nós livre desse capeta em carne e osso.,1
Rede esgoto todos os dias passando vergonha e desinformado a população👎👎,1
Por isso q o RS ta falido !!!!,1
Esquerdistas amam o Queiroz ! Com certeza tb não perderão sua entrevista 😂😂😂,1
"Gente, pelo amor de Deus..",0
Esse realmente merece,0
"Seja como for, continue trabalhando e o resto vai se resolvendo sem disputas.",0
Que maldito esse ser...😬😤#somostodosbolsonaro.,1
"Parabéns para essa menina linda👏👏👏👏 tudo o que ela disse é verdade. Infelizmente é tudo por dinheiro, o maldito dinheiro. O desrespeito com a natureza, seus ecossistemas, tá na hora de cuidarmos e protejer a mãe terra!!!! Acordem, não vamos comer dinheiro, é preciso preservar a nossa Amazônia, nossos índios, nossos animais inocentes!!!! Dinheiro não é tudoooooo.😭😭😭😭",0
Somos todos BOLSONARO!!se não é caiu fora mané!,1
"@joicehasselmannoficial senta lá, senta!",1
Mas gente vamos deixar! Haddad já foi contemplado! Agora o resto da esquerda vai em cana! Eles vivem de publicar Fake News!,1
KD as mídias que defendem a mulher lá o ativismo na verdade só é válido quando e da turma petralha,1
O Brasil é nosso!!!! Não precisamos de pena!!!! Vai ter pena e cuidados com o seu país!!!! 😡😡😡😡,0
Samos todos írmao não gosto di👏💕💟💟💟💟💟💟💟💟💟💟 racista são pessoas sem caráter quê não respeita u próximo não tem diferença do neguinho pra u branquinho,1
Quanta indignação! Benedita. Que grande mulher.,0
"Obrigado deputada, continue defendendo nossa classe.",0
"Vai Xandão, Musk é fraquinho, coloca ele na cadeia, botão de quem quer ver essa briga .😂🤣🤣👉👉👉",1
Acho que já passou da hora desse otário responder pelos desrespeito que ele comete... E ainda tem esses pais que colocam as crianças nessa situação por dinheiro ou por alguns minutos de fama ... lamentável,1
Não resta dúvida alguma,0
"Pela inclusão das terapias pedagógicas, como psicopedagoga, Neuropsicopedagoga, Terapeuta ABA nos planos de saúde. Estão travando o desenvolvimento dos autistas e outros transtornos.",0
Você deveria ter pena quando éramos governados pelo PT agora não temos um presidente e uma equipe de ministros que estão reconstruindo o Brasil devolvendo a credibilidade estabelecendo a economia e a justiça apesar de aínda ter resquícios desse antigo governo 👎. 🙏🇧🇷,0
A solução é mandar essas crianças para Disney !,0
"Que nada! Deram mais um tiro no próprio pé! Quem espalha fake news?? Ós comunistas, ptistas, psolistas e outra iiiistas. Então, nao criemos pânico.",1
"Ocupando o mesmo antro que o condenado é péssimo sinal ,quase uma mensagem subliminar.",1
"Conta outra todo mundo sabe que o Lula roubou , o PT e seu s puxadinhos roubaram, vc e seu marido roubou os aposentados, chega, vira o disco",1
"Felicidades, @padrejulio.lancellotti, e gratidão enorme pelo seu trabalho nesse mundo!",0
A rainha das fake News ataca de novo 🤦 @gleisihoffmann,1
Amores❤️❤️❤️,0
Vagabundo pilantra,1
"Pequena guerreira, coragem de uma gigante. 😢❤️",0
Cadeia pro Lula já,1
O amor vai sempre vencer o ódio ❤❤O maior presidente do Brasil de todos os tempos.,0
"Esse moço é triste, um sujeito anormal 😱🤣",1
Vc merece Fernando Haddad.,0
Descobriu a pólvora!!!,0
Ele não e uma mulher negra ela e uma linda mulher por favor vamos valorizar as mulheres em vez de segregar sei que existe preconceito esses tipo de comentário fortalece as diferenças,0
America Latina vai voltar ✊🏻✌🏻 Viva Argentina 🇦🇷 Viva Brasil 🇧🇷 #LulaLivre!,0
"ART. 142 já não aguento mais esses canalhas STF l, congresso e senado",1
Viva a imortalidade!,0
"Mas, os mesmos, ainda votaram nesses crápulas!",1
Jesus só serve na hora de tirar dinheiro dos incautos,1
Meu sonho é ter um parente num colégio militar,0
"Homem nojento, sem limites!",1
Comprei o meu 😍,0
E ó nosso presente com certeza outro igual não tem,0
"Deus seja com todos que repudiam essas atitudes satânicas, esses adoradores do diabo não diminarão nunca mais a nossa nação, aqui se levantou um povo que ama a Deus acima de tudo e o Brasil acima de todos!!!",1
Parabéns Janaína!O que atrapalha nosso Presidente é a interferência irresponsável e ignorante de seus filhos!,1
Estas pessoas que tratam esse verme Silvio Sanntos ccomo caduco no fundo pensam como ele.,1
"""ATENÇÃO! CCJ DA CÂMARA VOTA HJ A PEC 226/16 DO PCDOB INSTITUI O ""ATO REVOGATÓRIO POPULAR"" DE PRESIDENTE, GOVERNADORES E PREFEITOS BASTA UM DEPUTADO OU PARTIDO POLÍTICO REQUERER E CONSEGUIR 2/3 DEPOIS POR MAIORIA SIMPLES EM UM TURNO A POPULAÇÃO VOTA. É RECALL SÓ DO EXECUTIVO""",0
Tem que prender por incitação a violência.,1
"Ele é livre pra expressar por suas falas o que pensa, garantido pela constituição.",0
💩💩💩💩 É isso que essa louca fala!🖕🖕,1
"Parabéns, que felicidade estarmos em um novo Brasil. Fé, esperança, organização, compromisso. Que tenham sempre muita sabedoria",0
Esse homem devia ser impedido de fazer programas e ser internado pra tratamento isso é inadmissível,1
#globolixo para tá muito feio pra vocês 🤮🤮🤮🤮,1
Esquerda parasita lixo,1
Fernando voltou a ser prefeito! Cabelo tá igual!,0
Hitler também foi considerado o homem do ano por essa mesma revista. Kkkk. Dá para acreditar?,0
Gente do bem ❤️😍,0
E bem feito pra quem votou nesse traste,1
Ridículo esse cara,1
@joaofreiredesena2 com FE EM DEUS 🙏🙏🙏🙏,0
"Na última pesquisa do IBGE, a constatação é que mesmo com o funcionamento do Bolsa Família o número de filhos por mulher não aumentou.",0
NAZISTA SAFADO FILHO DA PUTA! VAI DOUTRINAR CRIANÇA NA PUTA QUE TE PARIU,1
Desequilibrado! Até quandoo?,1
Parabéns Fernando ! UP sempre para a educação!,0
✊ Estamos juntos,0
"Minoria??? Kkkkk VOCES PERDERAM A ELEICAO SEU ANIMAL, MINORIA SAO VOCES KKKKK😂😂😂",1
ajudo a pagar a passagem pra cuba kkk,1
😍😍😍😍 beijos em vc e na Stella.,0
"Essa só falta virar petista pq do resto já está igualzinha, lamentável 🤦🏽‍♂️",0
"Nada de novo, o Brasil ainda está infestado de bandidos !",1
E se diz pastor um endomoniado desse.,1
"Leilane Neubarth ja foi jornalista de qualidade, NJ, nao passa de uma fanatica hater contra o Bolsonaro.. ela e A Cristina Lobo sao INTRAGAVEIS",1
Seu doente! A invasão da Polônia marca o início da segunda guerra mundial onde milhões de pessoas foram mortas e torturadas.,1
Honra merecida.,0
Todos políticos deveriam mostrar pra onde estão indo suas verbas públicas. Parabéns Eduardo Bolsonaro,0
Desenrola IDEIA ROUBADA DO CIRO GOMES KKKK,1
Haddad!! Como seria otimo se ele fosse nosso presidente!! Nós estariamos esperançosos,0
@riccocosta28 a queda será inevitável,1
Falou a verdade,0
@valeriachaves3 Prima olha quem tá ali na foto.,0
"O olhar dela é maravilhoso, mas o discurso é muito melhor. 😍😍",0
O texto não é bem assim. Deputado Hélio Lopes se manifestou.,0
"Lamento seu Jair, o amor venceu",0
Em julho acaba a esperança. Kkkkk,0
Não. Têm que falar sim. Oque fortalece a esquerda é vocês criticarem o presidente e seus aliados. Isto é de uma enorme burrice.,1
"Parabéns o Eduardo Bolsonaro , só quem por tratamento de câncer sabe o valor desse equipamento. Eu fiz 30 sessões em 2020 , tratando um tumor no cérebro e hoje estou vivo e graças a esse equipamento. Fiz em Brasília com com a equipe do hospital Sarah Kubitschek , DF",0
"Também acho, esse tipo de argumento so alavanca a idéia de perseguidos, o que não é verdade. O presidente (familia) diminuir esse tipo de comentário e continuar focando no que esta sendo feito.",0
"Que nojo, é um criminoso!",1
Desgraça que foi escolhida pelo povo para atrazar suas vidas,1
Joice Rasselman é uma maluca,1
Que encontro memorável !!👏👏👏❤️❤️❤️,0
"Manu é simplesmente um ícone globalista, investe em cada nova manifestação internacional com a empolgação de uma jovem militante, apesar de já fazer parte daquilo que, no passado, dizia estar disposta a combater. Só não vê quem não quer.",0
"Conta aí @bolsonarosp, você sim está lúcido né?...hahahahaha",1
O REGISTRO DE QUEM VAI FAZER A REVOLUÇÃO ACONTECER ✊🏻❤️!,0
Parabéns Zanin! Lula o melhor presidente do Brasil!😍❤️,0
Parabéns para esse muleque e principalmente ao pai que tem dado uma educação de excelência,0
"Muito merecida👏👏 linda, inteligente, humilde e agr miss😍",0
@flamarbulhoes calma😂😂 Pai Lula voltou. Vai zerar os problemas do BRASIL,0
"Finalmente temos um presidente que trabalha e trabalha MUITO! VIVA a DEMOCRACIA com #LulaMelhorPresidente , um presidente que respeita o povo brasileiro.",0
Cheio de Moral ao Lado do companheiro Paulo Freire,0
A Argentina do Macri com 50% de inflação e o Bozo asno vem falar isso sem nem saber nada. O povo aqui da Argentina tá rindo da cara do Bozo e pedindo pra ele ficar calado.,1
"O governo precisa estar alerta para a greve dos caminhoneiros, a chance é alta e seria um grande estrago.",0
Não ! Só o trabalhador tomando no cano .,1
"🤮Falta agora a reforma política . Tem gente demais nessa merda de congresso muitos no cargo sem concurso,27 governadores, 27 vice 503 deputado...por aí vai. A festa tá boa com o dinheiro público. São vários secretários,suplentes ... Nosso dinheiro indo pelo ralo👀👀 reforma política ,já!",1
"Ele já se desculpou, não precisamos de pessoas pra dividir, criticar e fazer guerrinha, temos que nos unir pelo nosso país, antes que se transforme em uma guerra de verdade.",0
O que é isso? É a luxuria em forma de homem?,0
"Morri ja na tua primeira frase, HAHAHAHAHAHHA 😂😂😂😂",0
Esse BANDIDO LADRÃO...NUNCA era.pra ter sido solto...pois um VAGABUNDO DESSE NÃO TEM CAPACIDADE DE TOMAR CONTA NEM DE UM GALINHEIRO... IMAGINA DE UM PAIS. ACORDA BRASIL...NOSSA BANDEIRA É VERDE E AMARELA... NÃO VERMELHA DO COMUNISMO. 🇧🇷🇧🇷🇧🇷🇧🇷🇧🇷🇧🇷🇧🇷🇧🇷🇧🇷🇧🇷🇧🇷🇧🇷🇧🇷💓💓💓🇧🇷🇧🇷🇧🇷🇧🇷🇧🇷🇧🇷🇧🇷🇧🇷,1
"Não precisamos da pena de ninguém ,ainda mais dessa desqualificada ,guarde ela ,as muitas penas que tem pra si mesma 🐔, #Bolsonaro2022 ,sem mais .....",1
"Esse sim é um Ministro da Fazenda, não aquele ypiranga de meia tigela",1
E o Icms da Carne já zerou?,0
Gato que homen lindo🔥🔥🔥🔥🔥,0
Vai aprender a limpar a bunda pirralha kkk,1
Deviamos invadir o insta dessa carta capital e falar oq eles merecem ler...senti a angústia nas palavras da ministra Damares...estou contigo,1
"A balança está em desequilíbrio, parece que há mulheres e mulheres. Minha admiração e respeito Ministra Damares.",0
A paz do senhor!!!! Amém????,0
Só os cvcardes combinam com esse expediente!,1
Faz parte da família do Bozo,1
"Quem quer muito acaba sem nada, é melhor se dedicar a um só objetivo, do que muitas posições...o final é sempre ⛔ nada mais THE END",0
Fazer um video denunciando essa fakenews seria mais util. Esse post confunde os leitores. Afinal derrubaram ou não?,0
Deixei de assistir essa burralda há muitos meses !!,1
Quando tem homem pelado e as crianças perto vc não fala nd...ta virando conservadora?,1
Esse e doente😭,1
"Parabéns, vc merece 👏👏👏👏",0
O bolzo tem parte com diabo junto com os compasso dele no sem comoas pessoas torçe por esse diabo pq e diabo tb,1
Lula livre e Haddad LIVRE ❤️,0
Quando à esquerda esperneia é porque tem medo do Veneno. AI-5 neles.,1
A jumenta Rousseff 🤣🤣🤣🤣🤣🤣🤣,1
"Maldito MILICO mal caráter, esse DEPUTADOS canalha não tem estrutura nem pra lixeiro da assembleia legislativa, ele deveria estar em um manicômio judiciário.",1
GRANDE JORNALISTA ALEXANDRE GARCIA COMPETENTE QUERIDO POVO BRASILEIRO DÊ BEM,0
Meu presidente Bolsonaro 🇧🇷🇧🇷🇧🇷🇧🇷estamos juntos.,0
"Sinceramente, cada dia pior... Já tem brasileiro indo morar na Venezuela, olha que a situação lá não está na boa…",0
Interna ele junto com o Adélio está louco 🤣🤣🤣🤣🤣,1
"Carla tem que deixar a traidora de lado e não perder o foco. Nossa missão é lutar juntos pelo um Brasil melhor e justo. Não se ocupe com postagem desnecessária, onde menciona pessoas que não acrescenta nada Luladrão e Joice tem que ficar no passado. O negócio é # aliança pelo Brasil.",1
@joaofreiredesena2 sonhar não paga nada hummmmmmm,0
"Nossa ela é linda, maravilhosa 😍😍",0
@elshaday.morrinhos pó de merda😂😂😂,1
"Quem votou nele deve tá adorando,..",0
🙌👏 bom dia meu futuro senador,0
Não dê força pra esse demônio! Tem que cair no esquecimento!,1
Deputada porque tanta ira da Joice?,0
LSN NESSA CORJA DE VAGABUNDOS,1
Esse homem está louco,1
Ridículo ainda bem que não dou ibope pra esse lixo,1
"Ontem não consegui assistir, hoje quando vi o resultado Amei fiquei emocionado 👏👏👏👏👏",0
Vamos apoiar essa peça vamos conversar com cada deputados federal para apoiar,0
@ivangleice_costa mulheres votaram contra a investigação dos abusos no Marajó porque será.,0
A bolsa ontem desabou... Vai dar ruim pra Argentina d novo,0
Que horror canalhas😢😢,1
Esse mauco ainda vai fazer muito estrago,1
Tu manuela é um resumo de tudo que não presta nesse mundo! Você presta um desserviço à sociedade brasileira. Pegue suas coisinhas é saia de mansinho. #avantebrasil,1
Essa mulher negra me representa parabéns Benedita . O Racismo é uma coisa Orivél infelizmente esse país é um país racista . Quem não é negro de pele e um negro branco ou seja tem sangue negro.,0
"A lei do retorno, não falha. Aqui se faz aqui de paga",0
Isso sim é pensar na família,0
"O grande problema é que os fracassados, jamais torcerá para que outras pessoas tenham sucesso. No caso aqui... ESSA TURMA DO PT. Eles nunca mudaram e jamais mudarão.... Sempre prestarão um DESFAVOR AO BRASIL. Gostaria apenas de lembrar aos meus compatriotas que o nosso verdadeiro inimigo NÃO ESTÁ NA FORA... TÁ AQUI DISFARÇADO",1
"Isso cara não é pastor,e sim um charlatão 🍊🍊🐂",1
Simplesmente lindas 😍,0
"Uaaaaauuu! Você é maravilhoso, HADDAD ❤️❤️",0
"Infelizmente o povo estam vendo e não estam tomando atitudes, temos que ir as ruas e para o país até que essa corja de vermes imundos saíam do nosso Brasil, temo que fazer com que a FAMÍLIA DE MELICIANOS BOLSONARISTA E TODAS SUA CORJA SEJAM PRESOS",1
@ledanagleoficial se tornou maravilhosa nesse seu novo trabalho!,0
Esse é nosso Presidente BOLSONARO 🇧🇷🇧🇷🇧🇷🇧🇷🇧🇷🇧🇷,0
"É isso ai, Fachin",0
Rapaz nem entrevista de emprego é tão rápido igual foi essa kkkkkkkkkk cara deu tapa na cara dela de um lado depois do outro kkkkk,1
Lamentável a sua mudança de postura.😢@joicehasselmannoficial .,0
PARABÉNS GRANDES ADMINISTRADORESSS.,0
É vergonhoso vê uma cena desta...... Lamentável oque está se tornando o Brasil.,1
Você acha mesmo que os investidores irão deixar de investir por que Bolsonaro chamou essa abestalhada de Pirralha??,1
Tão maravilhoso ❤️❤️❤️❤️meu professor preferido,0
Parabéns Deputada Benedita excelente discurso e pratica.Todos contra o racismo.,0
O que adianta o veto presidencial??,0
"Livro excelente, vale muito a leitura e reflexão 🧐📖",0
O meu Deus tirar esse bolsonaro da presidência do Brasil esse homem diabólico tem tirado o direito dos trabalhadores brasileiros. Amará ele no inferno meu Deus o bolsonaro.,1
Difícil saber quem é mais escroto,1
"@josimar466 claro que não vai falar, no mundo do amor, tudo é válido, provavelmente ela tenha uma justificativa pra isso.",0
"CRIA DE GEORGE SORUS... RICA , FINA E ESPERTA.. NÃO ENGANA A NINGUEM. ROUBARAM AQUI AS MERENDAS É O PT NAÕ FEZ NADA PARA PUNIR OS DESVIOS DE VERBA DOS ALIMENTOS E FARDAMENTOS .",1
FELIZ NATAL E PRÓSPERO ANO NOVO. Saudações Democráticas. Um Abração Fraterno. Sorrir É Preciso ➡ MOVIMENTO POLÍTICO REPENSAR PETROLINA MELHOR - RPM. ❤❤🙌🙄🤗🎄👪🙏👆😂👏👏👏👏👏👏,0
"Ele nao viveu o,AI-5...",0
Ela é linda demais! Eu estava torcendo por ela👏👏😍❤️,0
"Esse congresso é uma Vergonha Nacional, salvo belíssimas excessoes! 😢😢😢",1
Ministro Haddad! Inteligência com humanidade! Tudo de bom para o Brasil!👏👏👏👏👏👏👏,0
"@marialinagriggio Torço por vc, Maria Lina! DEUS só manda pra gente, o que suportamos! 🙏🙏🙏",0
"Estava falando sobre ele hoje com a minha mãe, fico feliz em saber que ele está se recuperando",0
"E o Aras? Até agora só demonstrou ser petista defensor do Toffoli é Lula livre. Bolsonaro, tire esse cara da PGR, pois é traíra do povo. 👉👉👉👉",1
Por isso fiz o L agora temos um presidente de verdade e que causa orgulho Viva Lula ❤️❤️❤️❤️🇧🇷🇧🇷🇧🇷🙏🙏,0
"Verdade ,deputada Carla Zambelli,íntegra,atuante,honesta,respeitosa, etc.....🌟🌟🌟🌟🌹🌹🌹🌹🌹🌹",0
ISTO REALMENTE É UM HERÓI. MENINO LINDO. 👦 👨‍👦 👨‍👦‍👦 👩‍👦 👨‍👩‍👦 👦 👨‍👦 👩‍👦,0
"MEU DEUS É TUDO QUE A ESQUERDA QUER,... PARA DE FALAR MERDA FALA O QUE DEVE SER DITO AJUDA O PAI!!!!!...... E NAO A FUDER COM TUDO CARAÍ.. DA RAIVA.....",1
Três mulheres inteligentes e impoderadas.👏😍 👍,0
Só não entendo como o careca ganhou tanto poder.,1
Existem os ingênuos e os canalhas... Janaína é ingênua!,0
"Joice tem lutado bravamente para aprovação de projeto de prisão em segunda instância e contra o aumento do fundo eleitoral, coisa que nenhum Bolsonaro tem feito. Sou mais Joice.",0
Só que Carla você tem princípios e não se vendeu desta forma vergonhosa.Não se compara você a está traíra,1
"@tiamaoficial precisamos do seu apoio, independente de afinidade política. Isso não pode ficar assim, precisamos divulgar este vídeo.",0
Data folha??? Oi???? 😂😂😂,0
Foi lindo e eu apostei nele desde o início. Uma das poucas notícias alegres deste ano.,0
VC PODE CUMPRIR A METADE DA PENA DO BANDIDO BARBUDO!!,1
"Cadê o @gusgayer dessa capa, um dos maiores protagonistas da direita??",0
Força Ministra. Estamos com você,0
"Pqp apoiar a Cristina eh o fim, parece q vcs n tem cerebro. Soh cm a maior probabilidade da eleicao dela, a bolsa caiu 28% e o BC aumentou os juros pra 74% a.a. Alem de todos os esquemas de corrupcao nos quais essa mulher eh suspeita, colocando a argentina em uma crise absurda. Parece q vcs n pensam n eh possivel",1
A educação ainda vai mudar este país!,0
Esse é incendiário,1
"Eu sou negro e só vejo racismo de sua boca podre sua Negra, agora me diga que eu sou racista.",1
mentira fauso fora,1
O cara fala que o Dólar a 60 pesos é como se estivesse 60 reais hahahaha burro pra caralho,1
"Eles não aprendem , Flávio dino foi bater papo traficante e ninguém perguntou como entrou e saiu aonde nem a polícia entra",1
Mas gente vcs sao contra ou a favor do presidente? tanta coisa q todo mundo fala acho q nal precisa continuar postando deixa q a globo faz isso,0
Que o Senhor Jesus esteja com vocês dando sabedoria e proteção 🙌,0
Vamos nos unir.,0
Não julgo porq ninguém conhece devidamente o que aconteceu . Mas Deus é com vc . Ele nunca abandona . Deus o abençoe,0
"Política foi criado pelo homem ent é claro que vai ser um locar de guerra onde vc tem que lutar pra sair vivo,ou se adapta ou não entra simples.",0
Não tenho dúvidas sempre soube disso só um cego não vê,0
"Tem que prender os congressistas que saquearam o país e se escondem atrás das leis que os beneficiam, isso sim",1
"Sem comentários. A avante a vitória Cristina. Com na Argentina o povo ler mais, espero que não Caim no pacote de fake que deve vir por ai.",0
Amo os dois. ❤️,0
"@carla.zambelli . @joicehasselmannoficial Essa vergonha é o dia todo, vocês parecem duas adolescentes, vão trabalhar, foi pra isso que o povo as elegeu..",1
Estes filhos do Bolsonaro podiam ficar quietos ne? Ajudaria muito!,0
"Governo da administração artificial vive de manipulações, e resultado de números uma merda.",1
Some da mídia Joice Vc é ridicula,1
"Sensacional! Aproveito para perguntar como anda o projeto de criminalização do comunismo, pois não aguento mais ver e escutar essa gentalha, adoraria vê-los enjaulados.",1
Maldita imprensa esquerdopata!,1
"Pelas atitudes deste cidadão só pode ser ateu, como todos os comunistas!",1
@fernandohaddadoficial tbm quero ser entrevistada😍,0
Isso não pode acontecer,0
@guilhermina.martins56 percebe-se pela sua inteligência! 😉,0
30 anos estaria de bom tamanho para tamanho corrupto e ladrão!!! Estamos aguardando...,1
Mais ela e mesmo uma pirralha e daí ? Mau intencionada e mau informada,1
VAMO QUE VAMO CRISTINA,0
"Se essa lei for seria, a #globolixo que se cuide ...",1
A beleza dela transborda através das palavras que pronuncia.,0
Não esconda seu mau caratismo em cima de profissão como essa ! Inútil.,1
Não adianta falar em preservação ambiental sem falar no fim do capitalismo.,0
Exato! Ela é um escrota!,1
É bom o Fachin evitar andar de helicóptero ou avião fretado...,0
Esse...tem q sair do armário aí não sai fica assim,1
Alá mais um inocente injustiçado...,0
"Esse homem é ridículo e sem noção, aja paciência p ouvir tanta asneiras 🙄",1
Bandidos legislando em favor próprio!,1
CONCORDO PLENAMENTE... PARABÉNS... AMÉM.,0
Sem graça alguma isso não é pergunta q se faça para uma criança esse velho está perdendo a vergonha na cara ridiculo,1
"@ozamar_carvalho , faço de suas palavras as minhas! Sentimos saudades deles e do comprometimento com o nosso Brasil e, principalmente, com o povo Brasileiro. Abraços 🇧🇷",0
Pode conta comigo 👏,0
Justiça por Marielle! Solidariedade a sua família!,0
Eu tenho nojoooooo 🤮 desse homem,1
Cadeia pra esse reporte de meia tigela.,1
Parem de seguir essa mulher. Os números de seguidores estão caindo.,0
Uma lição de como se deve respeitar o meio ambiente,0
Mas continuam perseguindo Lula,0
"Que vergonha meu DEUS. A p, a falta de respeito vem de grande parte de péssimos que se dizem representantes do povo. Onde chegaremos, 🙏",1
@kevenfer7 Não estou defendendo as taxações,0
Quanto preconceito em uma frase!,0
Amo os dois❤️❤️,0
Triste ouvir isso de uma mídia podre.....ainda assim vem um jumento perguntar se ela vai sair do governo. MEU CARO JORNAZISTA vai pra pqp.,1
"Tem problema não deputada, quem tem que se preocupar são a familia Bolsonaro.",0
Esse lixo de ser humano foi o motivo de eu me afastar da igreja quando criança,1
"Joice, vc ta pior que a pirralha",1
"Linda, esguia. Show",0
"Bolsonaro, deveria abrir muitas escolas militares.Com certeza, as crianças seriam mais disciplinadas.",0
"Esse elemento não fala uma frase sem insultar, desprezar e desmerecer algo ou alguma coisa. Que tipo de mulher criou essa criatura.",1
Ai quem me dera,0
Quem esse Alexandre de Moraes pensa que é...,1
A 🐷 chora kkkkkkk chora ódio kkkkkkk,1
Essa Globo é uma bosta,1
"Infelizmente o governo mundial olha e faz cara de foda-se . Eles não ligam , eles não se importam. APENAS. 🤭🤦🏻‍♀️😥",1
Esse bandido tem que voltar é pra cadeia😡😠,1
#bolsonaro2022. Mantenha-se forte e coerente!,0
Cadê a democracia ???,0
Olha nosso @realrcoutinho da nossos Paraíba 👏🏽👏🏽👏🏽👏🏽,0
Meu presidente preferido 💕💕💕,0
Enquanto isso o desemprego subindo,0
Esse rapaz não foi eleito presidente voces estão se tornando imsuportaveis,1
"Manuela D'Ávila, futura prefeita de Porto Alegre",0
Esses são a escória do Brasil. Lixo 😢,1
Eu falei um bisturi? Kkkk,0
"Parabéns ministra Damares ,Estamos juntas ,Deus e pai",0
"Quer dizer que se mulher falar merda, tem que aceitar a merda que ela falar?? Entre os homens nunca existiu, isso se contraditório e opinião, aceite críticas e refute, caso não tenha argumentos, terá que ouvir e acabou.",1
Pensado bem... saímos no lucro!! Não vai ter cadeia suficiente para tantos esquerdistas fanáticos. 😂😂😂🇧🇷🇧🇷,1
"Mas ainda queremos ser mulheres, e q mulher não quer ser bonita? A luta do feminismo não devia excluir a feminilidade. Sou feminista mas sou feminina. Um não exclui o outro. Parabéns a vencedora , nos mulheres negras merecemos mesmo .",0
"@orlando.lima.18847 😂😂😂😂😂, A eleição pra deputados ta longe ainda,eles neste momento só se preocupa com salários e emendas.",0
Três mulheres empoderadas...👏👏👏,0
Louco...psicopata...sem noção....seu lugar eh atrás das grades...inflamando o povo rebelde contra a nação.... porque vocês não vão morar no vou ME.. .na Bolívia.. .em Cuba.. .como militantes despatriados?,1
"😂😂😂 o que fazemos, recebemos! Seja o que for.",0
👊 q murro no estômago ✌😨,0
"@carla.zambelli e afinal, quem vai julgar o que é fakenews?",0
👏👏👏👏👏👏 Votei nele!! Bravo!!!!🇧🇷🇧🇷🇧🇷🇧🇷,0
Emocionante!Eu sou o Pai(para a minha filha)que eu sempre quis ter.Que Deus abençoe esse garoto e seu pai.,0
"Um zero à esquerda, como todo comunista...#incompetente",1
Menina que orgulho de vc🙌❤️,0
O que você fez pra receber tal honraria?,0
"Joice, vc deveria se declarar lulista, é só o que está faltando...",0
Câmara só não vota o fim do foro especial e o pacote anticrimes.,0
Ótima! Kkkkk essa cobra hopócrita,1
"Super merecido! Parabéns, Professor! E obrigada por criar os Institutos Federais ❤️❤️❤️",0
Este senhor é um comandado pelo louco que se diz economista e demais e ninguem faz nada,1
Parabéns professor! Você merece muito mais.💜💜💜,0
👏👏👏👏👏👏👏👏muito bom ! Isso mesmo .essa globo é um lixo podre !,1
Processo nesses nojentos! #somostodosdamares,1
Finalmente alguém que merece !,0
Tomem providências tbm contra a roubalheira que cometeram contra a nação brasileira durante 4 mandatos presidenciais,1
ENTÃO PRENDE TODOS DA GLOBO LIXO GLOBO BOSTA GLOBO ESGOTO QUE SÃO CAMPEÃO DE FAKE NEWS E FECHA ESSA MERDA.,1
Guerreiras do povo brasileiro!,0
Dilma já havia falado do problema crescimento econômico eterno.,0
Impostos e mais impostos e mais impostos e mais imposto,0
Humm acho que os filhos estão muito afoitos pelo poder,0
Ela é uma nojenta.😡,1
Ela comendo o cu deles e eles aplaudindo ?????!!!,1
Meu Deus! Alguém interna esse homem.,1
Essa mulher é demais! Não existe palavras p suas qualidades! Obrigado por tudo que faz p o povo brasileiro!,0
"Torço muito para esse governo e para-o país, mas creio que ainda as coisas ainda não estão tão bem assim. O valor do combustível por exemplo, a conta de luz, o gás de cozinha, e por aí vai ... mas sim temos que ser otimista sempre, mas há muito o que fazer.",0
Eita. A bolsa de valores despenca 30% só com esta notícia. Desejo sorte aos argentinos. Vcs irão precisar!,0
Parabéns lindão. Tu mereces mto essa honraria. 👏👏👏,0
É inacreditável!! Bando de vermes !!!!,1
Nojo desse canastrão!,1
Queridos! 👏👏👏 bom ver gente boa juntos!!,0
Chupa Leilane! É por isso que vcs perdem audiência!😠😠,1
"Joice Hasselman , Janaína Pascoal....Vcs são da esquerda e nunca foi de direita! Dr. Janaína: quando vc protocolou o impeachment da Dilma, eu já sabia que era tudo programado pelo PT, e vc simplesmente estava juntamente com a esquerda desde sempre. A saída da Dilma da Presidência da República foi uma jogada do próprio PT: Causaram a saída da Dilma Propositalmente para colocar Michel Temer que é de outro partido (MDB) para assumir a Presidência para levar a culpa das desgraça do PT achando que o povo era burro e que iria cair nas mentiras de vcs.",0
Kkkkk aí tem vontade de dá tbm para o Bolsonaro já não basta ter dado pra todos da Odebrecht kkkk,1
"@g.srod total relação! O Haddad e o ""companheiro @geraldoalckmin_ "" são os (ir) responsáveis por isso! Eles falam de economia porém, na verdade é sobre essa burguesia sempre querer definir o que pobre pode ou não consumir. Eles querem ser donos até do desejo das pessoas, decidir até sobre isso! O Haddad é uma burguês privilegiado trabalhando para garantir seu privilégio intacto!",1
SEMPRE... charmoso! ❤️💥💥🌟,0
"@carol.hell e @lucasmanzotti vou responder os 2 de uma vez. Não sou contra, só acho que devia ser temporário até encontrar um emprego. Poderia aqui citar n casos que teria que ser uma política diferente, mas achei que fosse livre para expressar minha opinião.",0
BACHELETA DA TRETA E MUTRETA CHILENA..CANALHA SAPATONA.. BICHELETA..,1
Porque é uma bandida,1
A atoa lambedora saco de miliciano....A tonta apoia os assassinos de Marielle.Deixe ser escrota mulher,1
Acho que a deputada faz parte do fã clube da pirralha...,1
"Nao escutei o papo aí,mas me contem, a Dilma conseguiu formular uma frase inteira?",1
"Que maravilha! Obrigado Eduardo Bolsonaro, em nome de todo povo brasileiro, pela aquisição desse aparelho que é um diferencial no tratamento do câncer em nosso país. 👏👏🇧🇷🇧🇷🇧🇷",0
"@bolsonarosp o @canaldonegao quer fazer uma entrevista com vc, comparece lá o canal dele é um dos melhores do YouTube....🇧🇷🇮🇱",0
Se fosse assim que taria na presidência era ele kkkkkk,0
Parabéns...muita honra ter um quadro ao lado do mestre PAulo Freire👏👏👏,0
"Ele colocou todos os programas de pé, só que são peças de dominó, num único toque, na primeira peça, todos os programas caem por terra. Só não vê quem não quer ou está mamando nas tetas.",1
Sera o maximo! Dois icones! Adooooro! 👏👏👏👏👏👏🙏🙏🙏🙏❤️❤️❤️❤️🇺🇸🇧🇷🇺🇸🇧🇷🇺🇸🇧🇷,0
Esses corruptos só vão parar quando começarem a morrer...um por um! Eles estão cavando a própria cova.,1
Quero saber do voto impresso e também dos presos políticos que alguns estão com mais de 17 anos de prisão,0
Carniça nunca mais,1
"Quem é essa, mesmo? Hummmm",0
Bachelet está com pena é dela não receber mais dindin dos nossos impostos. Hipócrita corrupta!...😎😎😎😎,1
Vergonha da Joyce....,1
Mulher chata 🙄,1
Ninguém quer ou não tem coragem!,0
Alimentação dessa senhora é peroba pura,1
Lulalixo da nojo de ouvir esse cara😁😁,1
Gasolina com preço surreal e no mercado as coisas cada vez mais caro... E políticos cada vez mais rico. Só safado,1
Pq é uma vaca.,1
OS HOMENS BOLSONARO TODOS SÃO LINDOS PUXOU O PAI,0
"Esses cretinos usam essa mesma boca, para falar do amor de Deus. Como é triste ver pessoas se iludindo com esse tipo profano.",1
"Tipico da esquerda: é contra até convir, ai “abre exceção”!!!",1
Um cara desses não morre pq o diabo não quer concorrência,1
Me fez lembrar da época de Cristo onde o povo preferiu libertar barrabas ao invés de Cristo só muda os tempo o povo e o mesmo preferindo o errado,0
Incompetente ela sempre foi!,1
Sou Bolsonaro e nao abro mão nunca. Você é im bêbedo e presidiário solto Sr Lula lavagem cerebral dos pobres de espírito. 😡,1
"Cambada de vagabundo, parasita, vao p venezuela jaguarada",1
Ridícula essa briguinha de vocês . Será que daria para crescer e voltar a trabalhar pelo Brasil ???????????,1
Melhor governo para os autistas e paz para os pais!! Obrigada presidente Bolsonaro!!🇧🇷💚💛🙏,0
"Não aguentoooo, amo vocês ❤️",0
O povo não é mais burro. Você não está ouvindo seus eleitores.,0
"Carla, seja maior do que isso, por favor. Já está ficando ridículo. Comparação exdrúxula! O Brasil tem coisas mais importantes pra serem debatidas.",1
Só pode ser piada este vídeo! Que vergonha,1
"Repugnante, absurdo o que esse deputado fez, tem que olhar pra trás e vê como foi fácil a chegada dele aonde encontra_se hoje, mas não é a mesma oportunidade oferecida ao negro, educação, saúde, um lar, um, um bom emprego, se eles nunca tiveram irão ficar sempre atrás, consciência de o negro tem que ser tratado por igual, com as mesmas garantias e direitos.",1
Que louco este maluco,1
Q coisa mais linda,0
"ele acha que pode tudo, por conta de ser dono da emissora e tal",1
"Damos graças a Deus por não termos uma ""Baixele "" (escrito dessa forma de propósito) no Brasil",0
Poderia falar um.pouco menos !!,0
Lamentável ver esse tipo de coisa acontendo,0
Débil mental .,1
Eu votei no Bolsonaro .não em seus filhos,0
Amor de pai 🍷🗿,0
Isso sim é entrevista de qualidade!,0
"@daisy.borali , nos sentimos muito orgulhosos por saber que eles estão sempre comprometidos para trazer o melhor para as pessoas. O Bolsonaro e a Michelle sempre serão os nossos verdadeiros Presidente e Primeira Dama! Beijos💚💛",0
O silêncio falou por todas as mulheres. 🇧🇷,0
"Bolsonaro precisa de tranquilidade para governar espero que os filhos entendam que eles estão fornecendo munição pra esquerda maldita e atrapalhando demais este governo! Sou obrigada a dizer que calados ajudam mais pois vcs não têm nenhum preparo. Precisam estudar melhor, se prepararem. Além disto deputada vaidosa e querendo notoriedade também atrapalha",1
Verdade lula iria ganhar no primeiro turno!!!!!,0
Hipócrita! Esquerda Nunca Mais!,1
@jeandersonbernardes sobre usar o satélite para identificar os fatos,0
Pq é uma safada,1
@manueladavila. Aguenta mulher comecou agora kkl meu presidente🙌😻,0
"Que ridículo!! Coisas de ministro do STF Dias Tofolli e Alexandre de Moraes para calar a população tendo em vista das notícias sobre eles publicadas, que de fake não tem nada!! #lavatoga #forastf #lavajato",1
Fantástica essa menina,0
"O que mais tem é idiota na política PT e seus puxadinhos, são campeões na categoria.",1
Bem merecido professor,0
Rindo por antecipação!,0
"Quem tiver duvida de que lula é um preso político é uma pessoa alienada, assim como quem considera Lula heroi. Nem uma coisa nem outra. Foi um presidente que criou alguns programas sociais, mas que ajudou muito mais os banqueiros, e Odebrecht, etc. Não sou tapada a ponto de achar lula um bandido nem de torna-lo um heroi.",1
Merece muito!👏👏👏,0
"Sugestão a Bolsonaro: convoque as Forças Armadas e faça uma invasão do bem na Amazônia. Expulse as ONGs que estejam ilegais. Grave as queimadas, os garimpos ilegais, os índios que fazem contrabando, as pistas de aterrissagem clandestinas. Grave tudo. Convoque uma cadeia de rede nacional em horário nobre e revele tudo! Não adianta esperar honestidade de setores que foram derrotados nas últimas eleições! Aja agora! Ou depois perderá o controle das ações! Cadê os militares que estudaram estratégia e devem ter aprendido que articula-se no país um estado de insurreição ao novo governo? Quando Napoleão esperou a chuva passar para o ataque final em Waterloo, no dia seguinte era tarde e perdeu a batalha! Alô! Não perceberam ainda que estamos num estado de pré-convulsão social? Que todos os dados indicam a tentativa de derrubada do novo governo?! Saco! Não vou mais ficar postando textos que acabam por ficar repetitivos, enquanto a articulação esquerdista vai ganhando terreno!",1
Vc só fala MERDA,1
Como é que pode um cara desses falando do juiz Moro? Falta de respeito. Devia criar vergonha na cara,1
Mais uma esquerdista ridícula💩💩,1
Psicopata cara de pau Usa as pessoas carentes pra roubar a nação,1
Babaca. #BOLSONARO2022😍,1
Depois de Prenderlo em Segunda instancia Mudam como Camaleão os segundasinstanciaentendumento dos Bolsonaro Moro colegiados GOLPISTAS,1
"Lula é um criminoso de corpo, alma e espírito. É um homem demoníaco!!!!!",1
Terrivelmente evangélico,1
#apoio prisão em segunda instância!,1
Uma mulher dessa idade já deveria ter aprendido a ter vergonha na cara.,1
"Deixa, o povo da esquerda vai ter que ir todo pra cadeia nas eleições",1
Entrevista foi show! ❤️❤️❤️,0
Obaaaaaaa!!!! Dois queridos juntos!!!,0
"Cara, essa Joice tá querendo ferrar com vcs junto com a ala Bivarista.",1
Receber propina não te envergonha Bachelet? #BolsonaroPresidente2022🇧🇷,1
"Nao defendo o Bolsonaro, mas a verdade seja dita. Quem faz lei é o legislativo, o presidente, mesmo se vetar ainda poder ser sancionada pelos deputados.",0
"Genial, adoro o Duvivier",0
"Com os valores da família e lapidadas pelo COLÉGIO, hoje são duas cidadãs da melhor qualidade.Graças a DEUS.",0
"E os votos dos Conselhos, perderam tb??? 🇧🇷🇧🇷🇧🇷",0
Parabéns aos envolvidos 👏👏👏,0
Nem sei pq me impressiono com a quantidade de ódio que esse ser espalha.,1
"gostei desse apresentador super carismático, legal e engraçado bem cheio de empolgação e eufórico, bem melhor que os outros☺️",0
Como elegeram políticos dessa estirpe... como ?,1
Cumprindo promessas... 👏👏👏,0
Boa professor 😉,0
"Parabéns Janaína .puxa vida .fala para o filho do presidente,! Não ficar nós bandidos",0
Olha aí os cristãos. Deveriam lavar a boca com sabão atestado de falar em Cristo,1
Nojo desses lixos.,1
Mais maturidade que muita gente GRANDE.,0
Vem para o 13 amor,0
"Triste ver essa cachorrada entre vocês que eram tão amigas e lutaram tanto pra tirar esse país das mãos do PT. A entrada de vocês na politica foi um erro, que decepção vocês duas.",1
Já me sinto assistindo!!,0
Alguém têm quê parar essa desgraça do STF,1
O gilmar mendes a folha de sao paulo a globo.vão decicidir o que é fake news,0
Estamos juntos eleicoes 2022 Presidente Fernando Haddad,0
"Deus nós acuda, este Lula só incentiva o que é ruim, que homem nojento",1
So tem petistas aqui agora kkk,0
Você merece Mestre,0
Claro como a água 😆,0
Não entende bosta nenhuma e fica aí Lula livre vai comer pão com mortadela,1
Merecidamente. Parabensss,0
A melhor maneira de unir a direita do mundo todo!!,0
"Na próxima eleição o PT vai ser extinto então, vive de mentiras.",1
Só homens de bem! Todo o meu respeito por esses cidadãos.,0
O cabo e o soldado se aproxima cada dia mais 👊🇧🇷,0
"Joice , assim é a Democlasia , fala quem quer e o ele disse é o q os Brasileiros de bem querem . Todo os deputados falam e fazem merda ,",1
Tinha que ser todos presos,1
Perfeito sua fala Dr Janaína...ele tem que se tocar e para de colocar o pai dele em situação difícil.,0
"Mentir e roubar. Tudo que os comunistas sabem fazer. Trabalhar e produzir alguma coisa, jamais.",1
"Não basta conseguir tirar o ladrão da prisão, agora querem suspensão do julgamento. São muito canalhas...",1
Cristina neles !!!!!!!!!,0
"Velha barriguda d bem folgada, heim?🧐🤔😤",1
PARABÉNS DEPUTADOS DEUS ABENÇOE VCS MUITA FORÇA VAMOS CHEGAR LA COM FÉ EM DEUS 🙌🙌,0
"@marcosgyn4114 ..nao é que tú tem razão. o mesmo exército que a esquerda chamava de Ditadores, agora dá aval pra ditadura do PT. Quanto será que os 🍉 tirou dos cofres públicos pra reconhecer a eleição do descondenado?",1
"Poucos vão sentir, porque a maioria dos Bolsotários são desempregados ou autônomos. Nem irão perceber o impacto na Economia. Não são gente. São espíritos encarnados",1
E ele tem esse poder?,0
🇧🇷🇧🇷🇧🇷🇧🇷🇧🇷 jamais desistir,0
Amo a obra de Jeferson Tenório é maravilhosa,0
"Tenho nojo desse Joice nunca gostei sempre tinha algo dizendo que não era uma boa pessoa , tá aí essa víbora de 💩",1
Para de da ibope pra essa figura,1
"Depois de Lula,vai ser vc presidenta.Deus eh pai✝👉🏻🚔📲📚📖🍭🍬⏳🪽🌈👂🏻🪔💀❤✝👉🏻⚖🌎🌍🌏❤🇹🇷⛽",0
"Ah eu adoro mesmo. Estamos esperando o Lula tomar propriedades e colocar moradores de rua nelas. Se vc tem uma casa com três cômodos, se cuide. Os "" comunas "" estão chegando",1
@vanessaapascucci pior é a mãe q leva filhos lá né ? Pqp,1
Eu também faço parte dos 50%,0
"COMUNISTA SAFADA, MALPARIDA, MAMAGUEVA, DESGRAÇADA, COÑO É TU MADRE.",1
Eu acredito!❤️,0
Esse cara so abre a boca pra falar merda. Cala-te !,1
"A maioria no Brasil e no mundo já sabe quem sãos os que deveriam estar na CADEIA , tem 🍊🍊🍊🍊🍊sobrando pra todos os lados e tem vaza a jato mostrando o marreco chefe do golpe ! Ou vcs fazem alguma coisa antes, ou estes pilantras criminosos vão prender o Lula de novo! Os advogados tem que agir antes , carta na manga",1
É verdade @joicehasselmannoficial,0
"Velho dafado, sem vergonha! Ta praticando pedofilia seu patético?",1
Deus te proteja meu presidente!🍀🇧🇷,0
"Essa safada... Dinheiro ela gosta né? Não tem ""pena"" de roubar do Brasil!",1
E viva a esquerda💖💖💖💖💖💖💖💖💖💖💖💖💖💖💖💖💖💖💖💖,0
"@marcianegalvao , sem sombra de dúvidas, a conscientização e empatia por essa causa é de extrema importância! Beijos 💚💛",0
🤣🤣🤣🤣🇧🇷🇧🇷🇧🇷🇧🇷#joicetraidora,1
"Canalha,bandido falando em recuperar um país que ele destruiu,e alguns idiotas gritando,deve estar bêbado já.....",1
Ei Bolsonaro vai tomar no c...,1
"Qual é o mérito farroupilha? Porongos? Até o véio da havan ganhou essa medalha, qual é o critério para recebê-la?",1
Esses aí são cachorro morto que ainda morde...precisamos ter td cuidado com o que vem do capiroto,1
Parabéns aos pobres de direita😒,1
Nojo define.,1
@felipeazevedospjja não é coragem ... São princípios 😏,0
Família Bolsonaro: nobre e exemplar. Me representa totalmente. Vocês são a FORÇA da DIREITA brasileira,0
"👏👏👏👏 amei ouvir as suas palavras Benedita, vc é nota mil",0
@carla.zambelli vc deve mostrar o que acontece por traz dos bastidores mas chega de provocação. Te seguimos pra ver o trabalho realizado. Cada um colhe o que planta. Bora focar no que é importante. É muita energia desperdiçada.🌺,0
Ansiosa pra assistir!,0
É visível o quanto a Ministra Damares sofre com perseguições. Que Deus a abençoe e proteja a cada dia.,0
Falou o representante de Cristo no congresso! - mequetrefe do caralho!,1
"E os esquerdopatas! Chamam essa mulher de maluca, com certeza é inveja.",1
Nossa uma deputada sem conhecimento que eram descontados das férias e do décimo se informa que fica feio,1
Necessidade urgente de um holofote para ufanar-se,1
Nasce um MITO 💜,0
Os caras que defendem o Ladrao sem vergonha estão achando que podem cagar em todos .,1
lenantemo-nos todos e saiamos dessa emissora e desse devasso,1
"Esse é o ""pastor"" que mais gosta do dinheiro alheio. Um crápula.",1
Dois lindos ❤️,0
Aguardando ansiosa para ver essa entrevista. 😍😍😍😍😍😍😍😍😍😍,0
Isso dá um ótimo meme hahahahahahahahahha que palhaçada,1
"Time 1938 Hitler, Time 1940 Stalin, Time 1979 Aiatolá Khomeini, Time 1919 Greta Thumberg ou seja, a Time homenageia seus pseudos ícones de esquerda desde 1938, então deputada Joice toma VERGONHA na cara é assuma de vez a sua esquerdopatia e também lhe garanto que trair e perseguir o Presidente eleito pela maioria absoluta dos BRASILEIROS DE BEM, apenas porá um ponto final em sua pífia carreira política!",1
Intervenção militar já !!! Acaba STF não serve pra nada mesmo...@joicehasselmannoficial,1
@gusmao961 Faz anos que pego remédio na farmácia popular😂😂😂😂😂,0
Todo dia essa esquerda quer desmoralizar nosso governo. 🇧🇷💚🙏🇧🇷🙏🏿,1
Ela só tá colhendo o que plantou👻👻👻,0
Parabéns Melhor presidente que Brasil já viu... Sou nordestino Bolsonarista com orgulho 🇧🇷🇧🇷🇧🇷🇧🇷,0
"Que pessoa religiosa, que coração bom. 🤔",0
Dois lindos na parede😍,0
Merecido!!!!! O que fez pela Educação enquanto Ministro nos deixará com saudades de um dia nós professores termos sido valorizados.,0
"Essa besta humana é o câncer do País, tem q voltar p jaula, urgentemente! E viva o Presidente Bolsonaro 🇧🇷😎🙏",1
Porque sempre dizer se é Negro ou Branco? A mulher é linda. Título mais que merecido!👏👏👏 Chega desta coisa do PT de dividir os povos! Não cola mais!,1
Parabéns pelo diálogo!,0
"Volta linda, faz muitaaaaaa falta",0
EU Não Assisto. Só Faz CARA DE Deboche. Tá Com Nada. AUDIÊNCIA CAINDO.,1
A esquerda precisa se organizar e lutar juntos....,0
Não tem que falar nada com essa imprensa mesmo não! Esses repórteres ficam doidos pra pegar qualquer fala para deturpar,1
Lula tá certíssimo.,0
"Parabéns Deus abençoe 🙌, que a verdade traga a justiça.",0
@pgmsilviosantos misógino. Vcs combinam mesmo @jairmessiasbolsonaro,1
Fora Governo De Milicianos,1
Muito sensata Janaina Paschoal concordo plenamente eles da falas de der argumentos ai fica difícil...,0
A ONU vê esse discurso e faz o que pra mudar essa realidade?,0
até que enfim uma boa notícia!,0
"Kkkk... Piada né? A atitude é legal, MAS o congresso criou essa lei pra se proteger e roubarem em paz e por sua vez vem o STF que protege corruptos e criminal de colarinho branco.",1
Concordo com a Dra Janaína,0
"Alô penalistas, seriam CRIMES PERMANENTES cometidos por A. Moraes, Fachin, Barroso, Toffoli, Dino e o resto da quadrilha, por interferência e manipulação (fraude?) direta nas eleições de 2022, prisão ilegal de brasileiros no 08/01, muitos idosos, doentes e trabalhadores e que morreram na prisão, sem processo, sem defesa, sem provas e sem competência do Supremo para processar e julgar, por perseguição política a Bolsonaro e família, a aliados e apoiadores…???",1
"@oreinodagloria_oficial Calma. As investigações estão elucidando tudo. Se tem algum indício, evidência o prova que ajudem nas investigações, corre logo na POLÍCIA FEDERAL. Ligeeeeeeeiro!!!!!!😂😂😂😂😂😂",0
"Onde estavam os deputados do PSL ? só vejo vc a Bia em cima de projetos os demais estão muitos dispersos, sei que são muitas comissões mas, essa do PSL liberar bancada não é legal, têm que está fechado todos com o presidente.",0
Lula tem compromisso satânico com o pai da mentira. Por isso mente tanto,1
"A maior oposição ao governo, infelizmente, vem de dentro: são Moe, Larry e Shemp.",0
"Lindo de se ver, essas crianças se preparando para um futuro militar 👏👏👏👏👏",0
"@iza.pereirass verdade, valores e princípios são inegociáveis 👏👏👏",0
"@fernandohaddadoficial , vejo sempre e gosto muito do programa. Mas um ponto crítico, se me permitem, o cenário não tá legal... uma estante cenográfica mto ruim. Não seria melhor fazer na casa do Haddad, uma biblioteca verdadeira...? Tantas possibilidades!",0
Como eu desejei ter você na presidência ❤️,0
Alguém arranca esse cabeca de ovo de lá pelo amor d Deus,1
FICOU COM CARA DE TACHO.🤣🤣🤣🤣🤣🤣 #MarinhosCorruptos #MarinhosSãoLixos,1
Fogo nos racistas,1
até cego ja viu que vocês não prestam 😡😡,1
"Ele ataca as pessoas com fama pra ver se aparece Ministra . Atacou o jornalista Augusto Nunes também, apoiando o outro canalha americano.",1
Assinem façam merecer o voto do povo.,0
O BRASIL ESTÁ COM BOLSONARO. VAI PARA A VENEZUELA. LIXO.,1
Analfabeto funcional,1
"Brota em mim @marcofeliciano , eu e tu, no mano a mano. Verme",1
"Esse cara deveria estar preso, ele vai da trabalho estando solto ,pois ele é um bandido perigoso, com certeza irá tentar fazer igual no Chile. Cuidado isso e cobra venenosa.",1
"Perdi alguma coisa? @jairmessiasbolsonaro @bolsonarosp - Amanhã, terça-feira, em audiência com os governadores da região Amazônica, vou abrir essa caixa preta. - Transmitirei via LIVE a reunião.",0
Muito boa essas medidas para os pobre que pensam que são ricos. bota pra fuder,1
"Para Joice, tenho certeza que você entendeu a fala dele.....",0
Marcos Miliciano 🤮,1
"@kuka_lucena Um ano sem picanha, sem cerveja, a abóbora encareceu e a geladeira vai a 5 barão, gás sobe hj, gasolina e diesel, mas o aumento é do ❤️, mas a Canja vem vem aí, Canja 2026😂",1
"Como queria vc como presidente, professor!",0
Vc me representa deputada Benedita👏👏👏👏👏💕💕💕💕💕🇧🇷🇧🇷🇧🇷🇧🇷,0
"Veta tudo pois no abuso de autoridade eles TB vão derrubar eu sou a favor do ART 142 fecha esta merda cara e o STF caro também. Coloca uma base militar forte das três armas na cabeça do cachorro e vamos explorar tudo junto com nossos índios e exilar todos os traidores para cuba Venezuela limpa o Brasil dos anti patriotas a prisão perpétua para todos os ladrões do dinheiro público, Lula Cabral aí vai",1
A Globo já era,1
"Não estou falando mau do outro tenho misericórdia todas as pessoas são boas apenas não abriram os olhos da mente a de Deus. Toda guerra começa dentro de si, outro é reflexo da nossa mente. Então é preciso refletir onde está a guerra dentro de si tudo reflexo . O espelho é nosso reflexo que vemos ao olhar da mesma forma nosso interior refletir no outro somos uma energia. Se mudamos o outro muda. Não mudamos ninguém. Mas qdo mudamos tudo muda só nosso redor. Reconcilia com todas as coisa do céu é da terra qdo reconciliar com todas as coisas do céu é da terra tudo será teu amigo. Agradeça a tudo mentalmente com mini obrigado a luz manifestará.",0
Pilantra vadia,1
Leilane vergonha alheia 🤣🤣🤣🤣,1
"🤣🤣🤣🤣🤣🤣 Imbecilidade dessa repórter, que leva tudo para o lado pessoal...",1
Foi emicionante !Adorei a palestra.Muito aprendizado,0
"""A gente recuperar esse país"" ele quer dizer a corja Ptralha né? vão abrir as portas da cadeia pra tirar os outros ?e arquivar processos e investigações sobre os q estão soltos?inocente ou BURRO vc hein Lula ,acha que o cidadão de bem vai aceitar VCs de volta no poder ???#ptnunca #LULAFICHASUJA #STFVERGONHANACIONAL #nojo de quem idolatra BANDIDO",1
E os diretos morais? Processe os canalhas!,1
O Diabo existe e atende por Marcos Feliciano,1
"Joice é triste ver uma pessoa como vc que tinha realmente futuro na política. Me parece que vc cortou os pulsos (suicídio politico) , como não morreu agora tenta tomar chumbinho. O que há com vc ? Parece que a sua vaidade está afetando o seu raciocínio, e esse papo de direita equilibrada, racional não cola, vc não percebe? Ser líder de um partido que vai quebrar e que antes do Bolsonaro não era nada. (Não tenho heróis policitos).",1
"Se ferrou linguaruda, esquerdista idiota",1
"Prezada deputada Joice, apesar de todo o ataque que você já sofreu, você continua firme na sua defesa do Brasil e de apoio ao governo do PR Bolsonaro. Isso é uma prova de seu caráter, desprendimento e amor pelo país. Por tudo isso, minha admiração por você cresceu ainda mais. Tenho orgulho de ter votado em você e tenha em mente que terá sempre o meu apoio. Parabéns por tudo o que tem feito por nós.",0
@fallz.dev podemos ser oque a gente quiser ...quem decide não é você,0
Bruxa ladra dozinferno 🔥,1
Hospício já para a estocasora de vento. Viva ustra.,1
"Maior traidora que já vi, depois do ladrão.",1
"Já deu pra globolixo,tá na HR de se aposentar,e deixar o jornalismo pra pessoas q querem da notícias verdadeiras,já nem assisto jornal da globolixo,a tantos anos sendo enganados por notícias mentirosas q cansamos.",1
Em boca fechada não entra mosca nem sai asneira.,0
"Querida Gleisi Hoffmann,infelizmente o nosso povo está acostumado a ser manipulado ,seja na política,na religião,em casa ou no ambiente de trabalho,mediante todas as provas de que esse é o pior presidente que o Brasil já teve( pois consegue ser pior até dos que presidiram na época da Ditadura) , ainda assim esse povo calhorda o chamam de meu Capitão, de Mito, enquanto que eu peço desculpas ao Diabo se o chamo de Demônio",1
"Estes filhos vão acabar com o governo. Só fazem mer...da, dão munição aos da canhotas!!! Ninguém no governo pra colocar um pouco de juízo na cabeça deles?? Parece até que se deslumbraram com o poder!!!",1
"As pessoas normais e que ainda têm capacidade de ver e entender o que está acontecendo Mas, infelizmente, ainda tem muita gente demente no nosso país 😱",1
A LUTA CONTINUA 🕊🕊L.L.,0
"Rapaziada , quem aguenta provocações pessoalmente , a semana toda , pessoalmente e em redes sociais é a Carla! Sendo assim, quem tá sentindo na pele é ela. Apesar deste tipo de postagem, nunca perdeu o foco no q importa e nunca deixou de trabalhar. Então relaxem.... Quando ela achar q já deu, ela para! Abraços a todos.",0
"STF não tem outros processos só atende os processos do patrão deles LULA. STF cria vergonha na cara, tem cara? 😁 Bem se vê não tem cara tem desrespeito com o povo.",1
"Saudades, Haddad, saudades...",0
🤣🤣🤣lixinho da globolixo!!,1
Ninguém vai calar essa imundice?,1
Força e honra!,0
O STF acaba com qualquer bom sonho dos Brasileiros !!Vermes .,1
@julianopereiralore o governo não tem nada a ver com esse episódio lamentável. Foi uma ex-deputada que criou a situação. Mudaram as regras de entrada de indivíduos para evitar esse tipo de coisa.,0
"Demônios esquerdistas, essa carta capital é a escória do jornalismo",1
Vcs vão retroceder em relação aos pastores???,0
"Boa noite Deputada federal Benedita da Silva, Processo Nele",0
"Parabéns, prefeito! 👏👏👏👏",0
Esse cara é o cão em carne e osso!!!!!!,1
Que programa maravilhoso e importante para nosso povo.,0
BOZOLOIDES PIRAM ...LULA ATE 2030🔥🔥🔥🔥🇧🇷🇧🇷🇧🇷,1
Sem palavras muito contundente,0
Deus há de abençoar nosso pais eu Creio,0
Esse bandido devia ser fuzilado,1
Mt triste meu Deus. Nao vamos nos calar. Vamos lutar. Contra o nosso Deus e as feridas da humanidade nao vamos aceitar,0
Cala essa boca vocês não canção de passar vergonha 😡😡😡😡😡,1
Isto que chamo de coerência jurídica👏👏,0
Parabéns deputada vice é especial merece todos os aplausos 👏👏,0
"Imprensa lixo, ela não deveria dar mais entrevista. Nojooooo",1
"Muita saúde João gordo,mas não se mistura com esse tipo de gente se não vc se contamina.esses petralhada não prestam",1
Herdou a desgraca,1
Excelente indicação. Nosso novo Ministro 👏👏👏,0
Sou muito fã do Gregório. Não perderei! ❤️,0
Não cansa de passar vergonha,1
E os jurados ainda riem deste imbecil!,1
É bom ter inimigos por perto para entender suas estratégias e Combater de modos eficaz...,0
"O presidente Lula tem que fazer alguma coisa pelos aposentados! Os aposentados precisam de ter seus benefícios reajustados. O governo anterior não fez nada pelos aposentados. Estamos aguardando o Presidente Lula, pois também somos eleitores! Nossos benefícios estão super defasados!",0
Verdade. Só não enxerga quem não quer.✋,0
Meu presidente 😅😅😅😅 presidente do caralho à 4. Bando de idiotas. Idiotas úteis,1
@leilaneneubarth para de disseminar lixo... parece q passar vergonha p vc se tornou rotina🤪🤪🤪,1
Apoiado @carla.zambelli tudo farinha do mesmo saco!!,1
"Meliante de quinta categoria, mentiroso, falso, facínora, tosco, vulgar, parasita da sociedade, pária do congresso, rêmora oportunista oca, hipócrita e podre obcecado pelo poder.",1
Tomara que tenha aprendido que o nazismo era de direita.,0
É isso aí ministro. Este podemos chamar de Vossa excelência pois está honrando seu mandato e principalmente não está nos decepcionando. 👏👏👏👏👏👏👏,0
"Pode colocar a selic a zero que o Brasil não destrava com essa legislação trabalhista e as convenções sindicais prejudicando as pequenas empresas ,estados e município não tem dinheiro e a médio prazo o Brasil trava em 2022 com os tais de direitos adquiridos no setor público",0
Saudade do seu cabelo formando rabinho atrás,0
Párias apátridas 😡😡😡,1
Sua máscara de cristão vai cair @marcofeliciano e vc vai sentir o que é o fogo do inferno.,1
Arrepiei no final 😍❤️🇧🇷💙💚👏👏👏👏👏👏👏,0
Como pode ter idiotas escutando esse corrupto do PT?,1
"Me nota, crush ❤️",0
@solangemariamoreradasilva E o rombozinho record de fevereiro. E a dívida pública? Será que sua mente está tão contaminada que não vê a realidade?,1
Não é no sul que os argentinos tiram férias?,0
Meu Deus..que abominável este jornalista..força ministra estamos com a senhora.😭😭,1
Quando vai falar sobre o fundao eleitoral que vai prejudicar a saude e educacao?,0
"Esquerdista mentirosa , saia daí antes de ser demitida se liberte dos Comunista marinho .",1
Deixa estes ladrão solto só pode dar em baderna,1
Grande Homem sábio herói,0
#Haddad_livre! Ops..ainda falta a segunda instância...,0
"Essa ministra é muito forte, parabéns pastora!",0
Canalha comunista,1
Penalizada tem que estar do povo Venezuelano e envergonhada por receber propina😱,1
"Eles são repugnantes Sujos,imundos e nojentos traidores da pátria 🇧🇷",1
"PORQUE É PORCA DO MESMO LODO,",1
Não acho não só enche de orgulho cada cidadão brasileiro ao ver um filho defender arduamente o seu pai.,0
É o mito dos trabalhador,0
Filha de negros sou branca por capricho da natureza. Mas faço questão de gritar. NEGRA SIM! NEGRA SOU!,0
"O mercado sempre reage a essas movimentações políticas, no caso procurem sobre a queda da bolsa Argentina e a taxa de juros.",0
"eu não entendo como consegue ser tão gato e, ainda por cima, inteligente. 😍",0
Linda parece uma Rainha e é 😘👏,0
Dois Judas na mesma foto,1
Mal vejo a hora de votar em você denovo professor/presidente!,0
Merecimento se diz? Que oportunidade o Brasil perdeu.. uma agenda com Haddad era produtiva na educação. 💪,0
Carla zanbelle gastei das suas prerrogativa de deputada atuante sou seu fã,0
Inacreditável!!!😪😪😪,0
E a Previdência minguem fala mais nada !!,0
Marginal de alta periculosidade,1
Um absurdo!! Canalhas🤮🤮🤮,1
Só não vê quem não quer!! #lulalivre❤️🙌,0
"Ministra, filha do Deus altíssimo! Não te assuste com esses filhos de satanás! Eles só fazem barulho. Vc está coberta pelo sangue do cordeiro! Fica na paz querida! Deus, só dá grandes lutas, pra grandes guerreiros! Não te mandei Eu, ???? Seja forte, não temas!!!!",1
👏🏽👏🏽👏🏽👏🏽👏🏽BRAVÍSSIMO NOSSO QUERIDO GÊNIO DEPUTADO EDUARDO BOLSONARO 🇧🇷🇧🇷🇧🇷🇧🇷🇧🇷,0
"Parabéns, merecido!",0
Um presidente q ama seu povo! ❤️❤️❤️❤️❤️❤️❤️❤️,0
Nosso presidente tem toda razão pois essa pirralha é uma farsa a la Al Gore.......só os ignorantes que não percebem......🇧🇷🇧🇷🇧🇷🇧🇷,1
Estou muito feliz e otimista com o Presidente que terá meu voto novamente.,0
Fora Bolsonaro bandido,1
Não cansam de passar vergonha né???? Pqp,1
"Janaína Paschoal é muito sensata👏👏👏mais @joicehasselmannoficial admiro seu trabalho e sua garra em fazer o correto, no entanto esse tomaládacá entre vc e o filho do PR tá muito feio, acredito que vc seja madura o suficiente para ignora- lo e focar na sua carreira política.",0
Não me arrependo nunca se ter votado em vc.,0
O negócio seu agora é mostrar a bunda kkkkkk é a única coisa que vai te dar dinheiro e fazer programas kkkkk,1
A cara de um PRESIDENTE DE VERDADE!😍❤️🙌,0
Aí sim nosso Governador 👏👏👏👏,0
"Lula livre, voto no Lula",0
Meu Deus ... essa menina... 🌹,0
lixo do caralho 👎 nojo,1
"Concordo plenamente! Se não temos argumentos que possam contribuir para o crescimento do país e a paz social, devemos calar-",0
Típico fariseu!,1
@wellington_do_gremio você leu sobre os fatores cruciais para a diminuição?,0
"😂😂😂😂😂 aí q burra, da zero pra ela...",1
"Lindos alunos, Deus os abençoe. Futuro do Brasil 🇧🇷🇧🇷🇧🇷💚💖",0
@ledanagleoficial Maravilhosa! Não perco esta entrevista.#somosumexercitodebolsonaros #bolsonaropresidente2022,0
Racistas não passarão !!!,0
"🙏🙏 o Brasil já está dando certo. Obrigada Senhor! Bolsonaro e sua competente equipe, parabéns 🇧🇷🇧🇷🇧🇷",0
"Parabéns amado Haddad, merecido",0
É isso. Vamos juntas ✊🏾🌻,0
Vocês se parecem muito 😇❤️👏👏👏,0
Kkkkkkkkkkkkkkjjjj ainda está aqui ALMA PENADA E ALMADIOCADA LUIZ INACIO DA SILVA......................................,1
Outra pilantra!,1
"Quere tirar a PERSE é um tapa na cara de quem votou em vcs !!! A minha empresa de eventos praticante faliu na pandemia , até hoje tô pagando dívidas . Absurdo isso !!! Uma conquista e um direito adquirido que você quer tirar .",1
Benedita mim representando,0
Tudo vagabundos! Kkkkkkkkk,1
Palavras de um CANALHA,1
o concurso de Miss não é um concurso de beleza. essa é uma síntese equivocada do concurso.,0
@carla.zambelli percebo que vcs perderam a maioria !! Quem realmente é base governista ?? Digo isso porque tem parlamentar do @psl_nacional que nem aparece para votações importantes !!,0
Isso eh esquerda. Eh o lixo do lixo. E ainda temos milhões de acéfalos que defendem e apoiam essa corja.,1
"Vamos varrer o PT do nosso país. Estamos juntos nessa querra, nosso país jamais será uma Venezuela.",1
"Esse safado tem que responder por isso em justiça, ou então na porrada sendo pegue nas ruas.",1
"Essa ministra eu tiro meu chapéu, ela é demais...",0
Mulher idiota,1
"Gente é sério eu fui tão taxado hj que eu perdi até a fome , hoje não vou almoçar graças a Haddad, enfim triste fim",0
Grandes Filhodeputas!,1
@_guevangelista seria exelente governador de São Paulo alem tudo e bonito ele sendo ótimo. Ministro da Fazenda.,0
Esse é de Deus parabéns Tarcísio,0
"Esse lixo alcoólatra ladrão , filho do satanás",1
Já está caducou affff 🤑,1
Isso é incitar o ódio devia ser preso só poriço,1
Esse senhor está perdendo mesmo a noção...velho gágá,1
Avante Brasil. Bolsonaro melhor Presidente do nosso País.💙💛💚🇧🇷🤗,0
"Essa Peppa FDP, vai pagar junto com todos os outros canalhas!! #joicehalssemannpeppafdp",1
"Falaram da lua de mel.paga com dinheiro público, micropenis @bolsonarosp",1
Que dahóra! Vou assistir,0
Uma desgraça dessa incitando o ódio,1
Onde anda o luladrão que depois da saída sumiu o molusco pra ver essa notícia aquele fdp,1
Fala sério essa menina é uma fraude... a fundação Soros esta por trás disso. Nada no discurso dela me convence... é uma pirralha mesmo com um padrinho Bilionário querendo desmoralizar e barra o progresso dos países em desenvolvimento.,1
"Agora vai ser assim "" votem em quem eu indicar"" pelo amor de Deus para de frescura no toba e deixa o povo votar",1
Lindo fofíssimo......!!!!!,0
Esse é o meu Presidente muito orgulho !!!🙌🇧🇷🇧🇷🙏,0
Obrigada meu Deus meu irmão estava com câncer na garganta foi tratado no HB e ficou curado,0
Ele já foi caduco....há uns 10 anos atrás!!agora tá passando dos limites total!!!,1
Ate quando suportar este tipo de abuso .,0
Daí a filha ter um marido e um filho a cada ano passar sem comentário pq é rica se fosse pobre era irresponsável ou coisa pior que dizem com as mulheres populares ...,1
"Deus está acima das leis dos homens. Porém, qdo descumprimos as leis da Justiça Divina, só resta nos ajoelharmos e clamar por misericórdia para que Deus nos dê sabedoria para suportar as consequências. 1 Coríntios 6.12 Todas as coisas me são lícitas, mas nem todas as coisas convêm. Todas as coisas me são lícitas mas eu não me deixarei dominar por nenhuma delas.",0
Rede Pública= Escola Militar🙏Já!!,0
Quando uma adolescente de 16 anos faz um discurso mais lúcido e útil do que um presidente.,0
"Sabe qto custou e qto foi pago por essa materia? Esse pessoal devia ir lá pra Nova Guine, ver se aguenta a fome q tem lá..",0
Meu deus Moraes presisa ser ingressado no hospital pisiquiatrico .metendo dictadura,1
"Muito bem, @fernandohaddadoficial! Vamos também apoiar o desenvolvimento da reestruturação da carreira dos técnicos federais em educação",0
Bom demais! 😍😍❤️❤️❤️👏🏼👏🏼👏🏼🇧🇷🇧🇷🇧🇷#brasilunidocontradengue,0
Fica pra ele comer no caminho do inferno quando morrer,1
Paulo Freire era tão bom que nenhum país no mundo copiou seu modelo de (des)educação! Esquerdista safado!,1
Debater padrão de beleza tbm é ato político... Bjs,0
E tem adolescente de 13 descendo até o chão aff,0
Não entendi? A Joyce já caiu? Durou só 24 horas líder?🤔🤔🤔🤔🤔🤔🤔,0
Cara que show esse vídeo!!! 🇧🇷🇧🇷🇧🇷🇧🇷,0
que falou demais? verdades,0
"Deixando de seguir, pq @joicehasselmannoficial so perde tempo implicando com os bolsonaros...3...2..1...fui!",0
Verme parasita🤮,1
Deus vai entregar ele aos cuidados de satanás,1
Vc poderia ser mais sensata ... E não alimentar ainda mais as coisas... afinal de que lado vc esta ...,0
Parabéns pastor toma vergonha na cara,1
Que nível nojento chegou a imprensa esquerdopata. Tá na hora de descarregar processos em cima desses psicopatas,1
Parabéns Eduardo Bolsonaro merece o nosso respeito!!🇧🇷🇧🇷,0
"A @manueladavila é contra esteriótipos, mas fez lipo quando era gorda e hj ela diz pra vc mulher se aceitar como vc é! Kkkkkkkk",1
Como ela pode fazer isso? Muito falsa,1
Segura o velho que ele tá vedado.,1
Ansiso pra ver atrás das grades!,1
Dá mesma laia 😂😂😂,1
Que nojoo...que emissora lixoo!!!,1
Parabéns Dep. Eduardo e sos pacientes que precisam de assistência 👏👏👏,0
Ué... Agora vai usar o seu perfil pra passar notícia sem opinião? O que as revistas publicam todo mundo sabe... Parece propaganda de revista,0
O BRASIL É NOSSO E NÃO VAMOS ENTREGAR MAIS.,0
Isto é muito grave! Onde anda as Leis?,0
"Uma menina chega as capas aos 16 anos e não são em páginas policiais, muito contrário dos políticos desse país que só faz vergonha ao invés de cumprir seus mandados e os objetivos e promessas de melhoras. Nós fizemos a nossa parte, tiramos um governo corrupto do trono,agora quem tá lá abre a boca e fala merda. Só lembrando que nós TIRAMOS e COLOCAMOS vcs,Nós o POVO.",1
Vamos juntos com o Governo popular do Presidente Lula !O Brasil para todos e todas!,0
Que cara safado fazer uma coisa dessas sendo que o povo brasileiro é mistura de todas as raças,1
Se juntar toda a família biroliro não chega aos pés de Mácron.,1
E o povo aceitando tudo sem reclamar,0
"Coitado desse Jão gordo, fracassado.",1
SEU FILHO DA DESGRAÇA,1
Meu Deus!o homem que fala de Jesus? que hipócrita.,1
Esta Carta Capital é um lixo !,1
"Cara foi a Venezuela que fez a cagada, mas é o Bolsonaro o culpado. Eita gentinha nojenta e baixa",1
"Obrigado Manu, o povo argentino te abraça !🌷🌷❤❤",0
"Deputada Benedita,me sinto representada por vc ,pela Jandira. #RACISTA NÃO PASSARÃO",0
"Esse cara precisa de tratamento. É só ver ele falar, percebe se que tem problemas psicológico... fraco nos argumentos.... parece um cara perigoso quando ameaça.",1
Ele na presidência por favor🙌,0
Mas já se retratou e coloca o pai em enrascada,0
"E ninguém faz nada, cadê o povo nas ruas??? Esse merda está tirando todos os direitos dos trabalhadores e ninguém reclama. . .não é possível!",1
Amém que Deus cubra de bençãos vcs e que dê dicertimento pra poder lidar com todas essas afronta dos esquerdista.,1
Eu sou muito fã do Jeferson Tenório. Li o avesso da pele e Estela sem Deus.,0
Escroto FDP,1
"Velhinha safada senil, alguém faça a gentileza de calar esses canalhas, já não suporto mais nem ver a cara desses hipócritas, Bachelet, Macron, Maduro, os petralhas e por aí vai",1
"E a mãe rindo, gente???? Pelo amor de Deus 🤦🏼‍♀️",0
"Com certeza Luladrão ministro. Ministro miojo, só durou três minutos no cargo",1
Toda forma de protestos pacíficos e ordeiros são permitidos pela constituição brasileira!!!! Não venha com essa ladainha de ato anti democrático que isso não cola,1
"Vdd, mas ele tem razão AI-5 é o maior medo de mts",0
#EmPauta Andreia Sadi! Vai firme presidente...sempre defendendo a nossa soberania...estamos resgatando o Brasil que estava sendo entregue ...,0
"Somos a maioria, graças a Deus!!! 👏👏👏👏😍😍😍😍",0
@prbolsonaro2026ofc estamos com o senhor nosso presidente Bolsonaro 🇧🇷🇧🇷🇧🇷🇧🇷🇧🇷🇧🇷🇧🇷,0
Milícia é máfia,1
Comédia isso? Imposto e mais imposto e cada vez o povo mais pobre.,1
Manda ela.cuidar da vida dela..Do Brasil .os Brasileiros CUIDA 👏👏👏🤗🤗🤗,1
O povo é culpado por eleger essas aberrações aí. Ou aprende a votar ou cifra trouxa pro resto da vida.,1
Não vou perder essa entrevista por nada!,0
Pô o Greg é sensacional. ♥️,0
Bolsonaro é um Herói do Brasil. Estamos com ELE SEMPRE.,0
Bando de imbecil!,1
"Que coisa horrorosa, nunca teve conteúdo mesmo. Deprimente esse programa.",1
Lindas demais❤️❤️❤️❤️❤️❤️❤️❤️,0
"Quando a fonte das notícias é o UOL, fórum e folha da são Paulo ja da pra sabe que é mentira oque foi escrito pelos jornalistas",1
Globo lixo falida,1
Haddad e Ricardo Coutinho!! Melhor governador da Paraíba,0
"Parabéns, felicidades Alexandre Garcia.👏👏👏",0
Agora os trouxas fazem 🔫🔫🔫🔫🔫🔫🔫🔫🔫🔫😂😁😂😁😂😁😂😁😂😃😃😂😁😁😀😁😀😁😀😂😁😂😁,1
E vc fomenta isso tudo é deve dar risada não???🤬,0
União urgente. Não temos mais tempo...todo reino dividido perde a guerra.,0
Vc e Greta podia fazer uma dupla safaneja( Greta e Ingragrata) com a musica de lançamento Burrici pouca é bobagem,1
Parte da mídia brasileira.e podre de moral e ética.estrume da da noticia,1
As maioria das mulheres não deram certo porque são preconceituosas e igual se não prior dos homens,1
"De volta pra casa Lula... Pra casa de jaula.. La vc estará bem protegido, ninguem te fara mal",1
Foto de milhões!!,0
Seria tão bom se esses filhos do Bolsonaro ficassem calados para sempre!!!!,1
"Só tem lixo! Narizinho, marido do Verdevaldo, etc...🤢🤮🤮🤮",1
Pq vc n se mata logo,1
Inbecil essa jornalista,1
Deus abençoe esse menino e a seu pai herói tbm,0
Quem conhece as Escolas militares sabe o valor que elas tem na formação de nossos jovens.,0
E tem cretino que ainda ouve e da destaque ao que a esquerda e o ladrao do Lula fala. Este só tem ódio dentro dele. Muito ódio,1
"""E o petê?"" - desfoca o gado.",1
"Parabéns deputada, vc é foda!🙌🏻🙏🏻👉🏻",0
"Não existem mais homens como antigamente,esses a arquiteram a prisão de Lula,não passam de uns frouxos!",1
Só sabem mentir. Faz um tempão que não assisto.,1
"Papel ridículo dessa jornalista. Agressiva, tentando colocar palavras na boca do entrevistado.",1
Poderia ter evitado essa vergonha se não aceitasse a cartilha da Globo a qualquer custo desmoralizar o governo. Bem feito!!!,1
Com esse STF...tudo que for contra o BOLSONARO... será aprovado😡😡,0
Nem sei mais o que falar.,0
Lindo perfeito dono do Brasil,0
"Esse home.e ridiculo... Se a lei e para todos, ela merece ser aplicada em um caso desse!!!",1
Que devolva a propina e pare de se meter onde nao foi chamada brachelenta!,1
Outra canalha.,1
"Acho que é so mais um concursos miss universo como se tivessem olhado todas as mulheres do mundo mais o que é bonito para um(a) não é para outro(a), e os padrões de beleza euro centrado, será que são os mesmo padrões de beleza de uma tribo da Austrália ou da Africa central ou de uma tribo da Amazônia?????",0
Bando de covardes miserável traidores da pátria,1
Um educador desses Brasil 🙌🏼,0
"Vdd, a falta de entendimento discernimento empatia está destruindo pessoas...não permitem a reflexão.",0
hahahaha vcs roubaram a dignidade de um povo cambada de corruptos,1
"Só quero ver a cara de vocês, quando sairem dessa bolha. Hipócritas.",1
"Sr escroto, ja esta na hora desse Dinossauro se recolher pros aposentos dele em ORLANDO, onde vai gastar o dinheiro que ele ganha das jogatinas dele através do povo idiota, que compra os produtos de quinta que ele oferece.",1
Falar a verdade provoca nos isentões é deixa a esquerda louca. A munição é dada somente para a bolha que a todo custo que a derrubada do governo,0
Diante das últimas notícias não duvido de mais nada😮,0
É uma questão de honra cortar a cabeça dessas cobras . Olho por olho! Dente por dente!!! Não se pode aceitar traição e roubo nesse país..…,1
É apenas mais uma vagabundos.,1
Este Silvio Santos é um idiota não respeita ninguém só poderei apoiar mesmo este outro tal de bosta naro,1
Dois seres humanos incríveis e queridos.,0
Ta jogando sujo Sra Joice!!!,1
"@narraativo sim, dando o Cu pra China e Russia e chupando a ROLA da Argentina. Pior é ver gente falando isso usando rede social dos EUA. Burrice petista não tem limite.",1
Vai ser bem vindo. Um homem íntegro e bem qualificado. À democracia brasileira precisa desse gênio....,0
Este povo do PT são uns FDP..,1
Falta pouco! Bem pouco para a verdade aparecer! 🇧🇷🙏🏻🇧🇷,0
Bolsonaro sempre,0
"Nossa quantas pessoas serias aqui, q não fazem nada de errado e nunca riram de nada de errado...quantos anjos santidades...🙌👏😒",0
São FDP bem grande,1
Parabéns @flaviobolsonaro por seu esclarecimento ao fato passado antes das eleições de 22 com @carla.zambelli ! Que postura invejável😍,0
Velho desgracado! Isso e um absurdo!,1
"Olha o Tipo de ""gente""...braço direito de satã!!!",1
As fotos do sítio de Atibaia dizem o oposto!!,0
De Marx a Habermas a Haddad👌,0
O governo LULA nos trouxe de volta a alegria e esperança,0
Toda solidariedade a @jeferson.tenorio.9 ! Não à censura!,0
Vai fazer campanha pra Argentina tb? O gado dele não vota lá...,1
Coitada da menina @manueladavila porque a esquerda adora usar pessoas assim tipo ela?,1
Essa menina deveria está na escola estudando não se metendo a onde não deve é pirralha mesmo,1
"Q merda é essa? Ah, Bozo abriu a boca de novo.",1
"Só o Duvivier, mesmo! Meu Deus!",0
Sei fora boneca do chuck,1
"Benedita, Perfeita do Rio de Janeiro!!! @ptbrasil novo, de novo!! #LulaLivre!!!",0
Tinha que quebrar o quadro era na cara de quem pintou...bando de hipócritas quando tomam um susto corre para procurar a polícia !!!,1
@philosophyimmortal que democracia? Onde não se admite oposição? Onde se persegue pessoas? Onde traficantes são soltos e recebidos no planalto? Onde o presidente defende ditadores? Vá se tratar,1
"Não podemos mais nem compartilhar?Como vamos saber o que é mentira ou verdade?Eu disser que a esposa do Macron é muito feia,eu@poço ser punida?é FAKE?",1
Nunca foi sorte !!!👏,0
Triste realidade do brasil,0
"Luladrao incentivando a violência,absurdo em sortear esse lixo",1
"Deve ser derrubado, eles querem se proteger, mais as Leis anti crime do Moro eles nao querem aprovar.🇧🇷🇧🇷🇧🇷🇧🇷",0
"Parabéns p trabalho, respeito, elegancia, Deus abençoe o Sr. Equipe, e Presidente Lula.",0
Por causa deles vai dar merda em 2022 🤦🏼‍♂️,1
"Haddad vc é a minha opção de voto até pra rei do planeta! Se todos tivessem um terço das qualificações, educacao e empatia que vc tem, estaríamos no paraíso político...",0
I💰 manda pra ela e diz que foi presente de uma pessoa com as iniciais LILS via OAS para ver se ela sabe quem foi,0
Esse é aquele que simplesmente SANEOU as contas da cidade de SP. Agora o negacionista presencia o salto gigantesco na economia brasileira 🇧🇷⭐🙌🏼,0
Dois zero a esquerda.,1
"SOU BOLSONARIANA ATÉ VCS NÃO ESTIVER MAIS NA POLÍTICA, SOU DO ESTADO DE SÃO PAULO,,,HAHA VOLTEI EM VC BEBÊ,,,EU NÃO TENHO SAUDADES DO QUEIROZ, SE ELE DEVE ALGUMA EXPLICAÇÃO NÃO É PRA MIM, E SIM PRA JUSTIÇA..,..SO ALGO ME ENCOMODA MUITO, O FLAVIO ESTÁ NA MÃO CONTRÁRIA DO SEU PAI, NAS VOTAÇÕES DELE, O MAJOR OLÍMPIO SIM SEGUE MAIS OS IDEAIS DO SEU PAI, QUE O FLAVIO,,, PORQUE FLAVIO É TOTALMENTE CONTRA A CPI DA LAVA TOGA, EDUARDO O POVO ODEIA ESSE STF, PORQUE FLAVIO OS PROTEGE TANTO.....SEI QUE VC NÃO VAI DAR BOLA AO MEU COMENTÁRIO, MAS JURO QUERIA ENTENDER...💗💗💗💗💗💗",1
"Ele não tem cacife para ser um representante do Povo,ele não tem capacidade intelectual de exercer cargos públicos. #ForaDeputadoTadeu",1
Congresso lixo,1
Sempre muito inteligentes as analogias de janaina,0
LINDAS DO CORAÇÃO ❤ ❤ ❤ ❤ ❤ ❤ ❤ ❤ ❤ DOS VERDADEIROS BRASILEIROS E BRASILEIRAS QUE AMAM O BRASIL E A NOSSA DEMOCRACIA ! 👏👏👏👏👏👏👏👏❤️❤️❤️❤️❤️❤️❤️❤️❤️❤️❤️❤️❤️❤️❤️,0
Ela tem toda razão! Pense antes de falar! 👊,0
"O Brasil está se tornando uma ditadura dos corruptos ! Estamos assistindo o congresso desrespeitar o executivo, o STF fazendo barbaridades pra soltar bandidos!! De quem é a culpa ? A culpa é de todos os brasileiros que estão inertes dentro de casa ! Enquanto ficarmos marcando encontros nos domingos de Sol, esses corruptos não vâo tomar vergonha na cara, ou até mesmo ser punidos! Temos que comessar a pensar em greve geral !! Fazer o país parar de verdade enquanto isso não acontecer vamos ficar assistindo essa vergonha!! Chega de impunidades, não Podemos ter um presidente do congresso nem da Câmara sem vergonha.",1
"Ficar na ""indignação e pronto"" É O QUE NÃO PODE!!!! A população de bem deste país precisa saber QUAL É A AÇÃO A SER TOMADA!!!! 😐😐😐🤨",0
Publiquem quem já assinou,0
Esperamos por vocês 2022,0
Só vai dar ESQUERDISTA na cadeia te prepara Globo lixo,1
Joice é uma judas. É o mal de todos esquerdistas,1
Presidente Bolsonaro com razão pirralha,1
A leitura de O Avesso da Pele é fundamental!,0
Noussa. Quanta hipocrisia.,1
Mais ridiculo são os pais dessas crianças que se corrompem por dinheiro.Acha graça em tudo o que ele diz.,1
@mariaines0803 só se for dentro da sua bunda.,1
Ele é um vagabundo torturador,1
"Marionete, na minha opinião ela foi e é uma marionete. Deveria estar estudando e não querendo aparecer por aí, é notório que ela não tem conhecimento nem capacidade de julgar nada nesses assuntos abordados.",1
Imbeciloide esse homi.,1
Geniossss amo ambos 💓,0
"E o Felipe Neto decidi doar livros LGBT, para quem quiser pegar, ou seja a pessoa não é obrigada a ter acesso ao conteúdo e vira caso de polícia. O Sílvio Santos sim está errado de fazer isso com uma criança!",0
"Isso a Globo Lixo, não divulga!",1
"Bom caráter, pessoa e família maravilhosa",0
O que quer dizer “PASTOR”?! Isso daí se diz “pastor” e afirma que é cristão!!! 😳,0
😂😂😂😂😂😂😂 fala burrice idiota,1
Bom dia futuro presidente do brasil👏,0
"Senhora, Tenha pena da esquerda, porque com a direita está tudo certo. 👍🏻🤘🤘🤘🤓",0
"E isso dá no que? Infelizmente ninguém é punido com a indignação, fica por isso mesmo.",0
Parabéns querida deputada Carla Zambele você é dez,0
Vadia ridícula,1
"Vc é pessoa horrível Joice, a pior d todas.. votei em vc por causa do Presidente, não voto nunca mais para nada.",1
Aquele pratinho do vaso de planta tava com terra não areia.,0
Vocês são os verdadeiros políticos que o povo necessita.,0
Deputada! Temos que ir pra cima dessa corja.,1
Onde vamos parar?,0
"Única coisa que vc vai ganhar é medalha, que eleição não ganha mais.",0
Vergonha até o invasor boulus tá no meio,1
"Grande merdas! Imagina se todo mundo colocasse a metade de uma foto de um bandido pilantra junto a sua, que ridículo seria! Seus desocupados! #ptnuncamais #lulapilantra",1
É complicado o desmame dessa turma da esquerda. Se acostumaram com a grana fácil desviada dos cofres públicos e agora esperneiam com a seca total.,1
É que o dindin pra ela acabou 😂😂😂,1
Merda de babaca fala merda esse embcil,1
@carla.zambelli enquanto vc apoiar meu presidente eu tô contigo... E joissi q se lasque para lá com as paranoias e mentiras dela!,1
"Esse Lula é um canalha, bandido, corrupto e falastrão! Tristesa ver um povo iludido sendo enganado por este verme! Porquê não prendem ele de novo por incitação a violência? Por calúnia e difamação de um Ministro Integro como o Moro? Tem que haver uma forma de levar esse bandido de volta pra cadeia!",1
"Tu ta chata pra caralhoooooooooo. Vida que segue, esquece !",1
É isso! Mas eles acham q é perseguição pessoal,0
Benê gerrueira gigante 💕 🔥,0
"Só pq sabe falar alto e o que algumas pessoas querem escutar, não quer dizer que ela vai resolver todos os problemas do planeta. Apontar problemas é fácil quero ver resolver",0
Aguardando ansiosamente.,0
"Tem que amar pai e mãe apesar de qualquer coisa, bíblia diz isso.",0
👏👏👏👏👏ehhhhhh.... Q legalllll. Vivaaaaa,0
Enquanto existir homem e dinheiro na terra adeus natureza. O ser humano é único animal que destrói o seu próprio hábitat.,0
"A sua pena do Brasil a gente dispensa , porque voce nunca expressou nenhuma pena quando seus amigos saqueavam o Pais criando a maior crise institucional no Brasil com milhões de desempregados",1
"Você precisa e voltar para cadeia para que povo onrrado concerto o país que você derrui sim temo que seguir o exzemplo do povo da Bolívia te expulsar do país, embusteiros de merda kkk",1
"@ronaldosnascimento1_ Mas tu é baixo nível, né cara? Dá dó!",1
"Parabéns, obrigado Ministro...",0
"Inacreditável, cadê a Democracia, para quê serve o veto do Presidente, se pode ser derrubado a todo momento, simplesmente surreal?",0
É UMA PIRRALHA MESMO.,1
M I S E R Á V E I S. Vão pagar muito bem... a hora de cada um vai chegar. #somoatodosdamares,1
"Gosto das entrevistas dela, sempre coerente e com muita ética. Isso é jornalismo de qualidade.",0
Se tivesse ganhado uma branca seria contra né cara de pau.,1
@lindegomes família PT tá bem perto desse partido das trevas acabar,1
olha aí meu voto colhendo frutos 👏😍,0
Melhor fazer uma enquete .,0
Ohhh! Que lindos! Adoro ambos! ❤️,0
"Se gritar pega ladrao, nao fica um",1
Covardes.... assassinos....milicianos!!!😠😠😠😠,1
Me orgulho de ver estes garotos,0
Não tinha nada melhor pra postar senhora? Chega né. Ja basta essa imprensa brasileira lixo e vc vem dar crédito a outras internacionais e principalmente notícias tendenciosas. Para q tá feio. 🤮🤢,1
"@joicehasselmannoficial, tao pirralha é mimada qto a Greta. Cresce um pouquinho vai !!!",1
"É incrível! Só se elegeu por causa do Bolsonaro e agora fica aí de mimimi.. E na boa, o presidente tem toda razão!!",1
Vocês duas são iguais,0
"Cara eu fico pensando! Como o brasileiro e burro. Uma menina que nao sei que é, fala do nosso pais do nosso presidente e ainda o próprio brasileiro da pra ela total razao. Eu pergunto? Ser qie ela sabe 1/3 dos nossos problemas sociais?",1
Por isso que a educação está uma completa negação... Parabéns aos envolvidos,1
Isso é um tipo de violência contra a MULHER MINISTRA DAMARES. Tem q ser tomada uma providência.,0
Parabéns e obrigada por ter resistido e construído esse caminho para todas nós 🙌❤️👏🔥,0
Coronéis FDP. vai tomar no cu,1
"Eu e minha esposa entramos pra esse novo mundo agora dia 26/03/24, nosso filhote tem 3 anos, e foi diagnóstico como autistma nivel 2 de suporte, sentimos que ainda iremos aprender muito, pois estamos apenas no início da jornada, nao esta sendo nada fácil, perdi meu pai e agora a minha mae em novembro, pessoas que com certeza estariam nos ajudando e nos apoiando muito nesse momento, mas estou vivendo confiante de que Deus esta conosco em cada fase ❤️",0
Essa Petralha devia ir pra cadeia .,1
So fa dessa familia Bolsonaro👏👏❤️,0
"Você é superior, querida Damares!",0
Hipocrisia Pura😡😡,1
Interdição nessa praga Já,1
"Deus abençoe, que muitosss sejam beneficiados..",0
"Celebrar a morte de milhões de judeus? Estúpido, nojento",1
"Isso e inaceitável uma desgraça dessa nem lúcifer aceita vão te lascar infelizes amaldiçoados !Fora esse STF isso e o satanás tirem pelo amor de Deus , e uma tortura brasileira acabem com essa infâmia nacional acabem com eles !",1
Emocionante! É hora de nos voltarmos ao essencial! Estamos cansados de gente que não nos representa! #nãoexisteplanetaB,0
SENSACIONAL!!!! 💪🇧🇷 Domingo estaremos na rua!!!,0
Bando de vagabundo!,1
"Participei de uma palestra do Luiz Rabi, Serasa, e fquei muito contente e otimista com o que vi 👏👏. Fruto do grande trabalho que o governo vem fazendo 💪.",0
"Mas se o Bolsonaro vetou só algumas medidas, ele pediu para o congresso Nacional fazer isso, foi ingenuidade ou proposital, deveria ter vetado a lei...",0
"Globolixo, só mentiras 👹",1
Loucos adorando e idolatrando um loco..... Affff....quanta tolice e cegueira desse povo. Muito triste...😔😢😭 Acorda BRASIL! 🇧🇷💚💛💙 Estamos sobre Nova Direção. Brasil Acima de Tudo e Deus Acima de Todos❣️ 🤗🙏🏻🙌🏼🙌🏼,1
Estamos Com vc Ministra Damares 💖,0
Vc tem “ algo” de razão! Sou Bolsonaro mas eles tem q seguir o ditado BOCA FECHADA Ñ ENTRA MOSQUITO! Às vezes pra ajudar falar além ....,0
OQUE BACHELE FALA NÃO TEM VALOR!!! KKKK A PESSOA QUE SE ENVOLVE COM MARACUTAIA PARA ROUBAR UM POVO PERDE SEU VALOR E PRONTO ACABOU!!!,1
👏👏👏👏👏👏👏👏LULADRÃO seu lugar é na prisão junto com xandao,1
Grande profissional!!!!,0
@manueladavila orgulho de conseguir ver esse concurso por outro angulo ..,0
Pastor do demônio,1
Joice cada dia mais louca,1
Quem quer saber a opinião dela? Vai procurar tua turma!,1
Votei. Voto. Votarei. Esse é o presidente que sonho para o país.,0
Devia ter pena? Ela tem agora pq não tem parceria na corrupção...,1
"Fernando Haddad pode até ter uma inteligência mediana, mas não parece, nem fazendo muita força eu consigo pensar que ele tenha. Ele e Lula vão levar o Brasil à falência.",1
Siiiimmm penso como você !!!!,0
👏👏👏👏👏👏👏👏❤️ Sensatez! Essa é a palavra de ordem!,0
Ele lá sabe disso tudo! Ele é burro e chucro kkk,1
Dois homens lindos,0
"Pena que é tarde de mais, a geração que devia ter se postado desta forma comprou a ilusão de mundo vendida pela geração passada",0
O politicamente correto as vezes é muito chato moça. Qual o problema dos concursos de beleza? É só mais um.Porque precisa justificar que gostou da moça negra ganhar?,0
Verdadeiro futuro da NAÇÃO 👏👏👏👏👏👏👏👏🇧🇷🇧🇷🇧🇷🙏🙏🇧🇷🙏🙏,0
"CANALHAS.,PETRALHAS.!",1
Meu Deus!! Isso já é motivo de sobra para esse verme voltar para a jaula!,1
Hahaha cervejinha da picanha ficou mais cara neh.... Deve ser pq a gente vai ganhar um aumento :),0
Vamos abaixar essa remessa conforme aí meu brother.,0
Cala boca seu energumeno,1
"Num primeiro momento eu fiquei triste com a liberdade do molusco, mas agora vendo isso fico feliz pois o povo brasileiro vai entender o que representa este partido. Um líder que pede a violência! Que chama um herói nacional de bandido. Enfim, o tempo irá dizer. Molusco se arrenda diante de Deus, só ele tem poder para salvar sua alma.",1
Parabéns Mestre vc merece👏👏👏,0
Eu hein e daí pra pior só abre a boca pra sair 💩,1
Secou a fonte pilantra. Devia estar na cadeia. Esquerdista cara de pau,1
"@alliance_transfers Por que? Tu tem algum indício, evidência o prova que faça reabrir o caso. Se tem, leva logo na POLÍCIA. Cooooorrre!!!!!😂😂😂😂😂",0
"@joicehasselmannoficial Antes eu tinha orgulho de vc Joyce mas hoje vejo q vc não passa de uma criança mimada q perdeu seu brinquedo , esse menina mimada q nunca soube o q a pobreza só vive ostentando pelo mundo , e vc faz questão de postar e sabe os ideias dela q não são de direita , posta sobre o décimo terceiro do bolsa família q foi liberado por @jairmessiasbolsonaro Bolsonaro aí invez de vc está fazendo picuinhas pq vc não postas suas coisas não a dos outros , o efeito Bolsonaro te elegeu e hoje vc acha q foi por seus méritos como os outros !!!!",1
Que abraço ms e espontâneo 👋,0
O problema dela é que a tetinha secou,1
@michaeldultra bem vindo a narrativa da esquerda. A da vez agora é o tal golpe. Vamos ver a próxima.,1
Agora: prisão até morrer!!!,1
"Crie vergonha e pare de criticar o presidente, e pior, abrir defesa para essa delinquente.",1
"Joyce, se eu gostasse de mimimi eu comprava um gato gago.",1
Eu te agradeci pelo elogio amor,0
Hahahaha virou uma Índia quando elegeu ele...,0
Bolsonaro na petralhada🤣🤣🤣,1
"DESISTIR JAMAIS, PRESIDENTE!",0
"Essa é uma jornalista super competente, sincera e imparcial.",0
"Mas ela não passa de uma pirralha, nascida em berço de ouro e patrocinada por pessoa mal intencionadas. Só não vê quem não pesquisa",1
@fernandohaddadoficial salva nosso país do bozo pfv ❤️❤️❤️,1
Ministra a Senhora vai sair do Governo ? (Que 🐒 esse reporter pagou ao vivo),0
Maldosa heim kkkkk😂 putona,1
Ela é uma pirralha mesmo.,1
"Eles acham que o povo tá na idade dá pedra...não sabe nada inocente kkkkkk foi o tempo q enganava os brasileiros, passou tudo passa tudo acaba tudo tem um fim...Maldito seja o enganador.. é Bíblico essa palavra porisso vão colhe o q tá plantando..🙌",1
Lula e xande estão cavando suas covas,1
Gata de mais👏👏👏😍😍😍,0
Pra frente Brasil ! Salve salve !,0
PT quadrilha de bandidoooos,1
"ATENÇÃO AOS BOZOLOIDE DE PLANTÃO 🤣🤣🤣🤣🤣. TIRANDO SARRO DA DILMA MAIS QUANDO O MICO DELES ABRE A BOCA. E PIOR QUE PINICO 🤣🤣🤣🤣🤣🤣. BOZOLOIDE TENTANDO SER INTELECTUAL MAIS ESTÃO IGUAS AO BOZO ,SÓ FAZEM PAPEL DE PALHAÇO BOZOLOIDE,ANTES DE CRITICAREM ALGUÉM DO PT OLHEM O BOSTANORO FALANDO 🤦🏼‍♀️🤦🏼‍♀️🤦🏼‍♀️🤦🏼‍♀️ É 1000 X PIOR QUE A DILMA. BOSTANORO CAGA PELA BOCA AÍ OS BOZOLOIDE VEM AQUI REPRESENTA SEI MICO OPS PINICA BOZOLOIDE PAREM DE ACHAR QUE SÃO INTELIGENTE FALANDO DA DILMA ,QUANDO ELA FALA HOJE O BOSTANORO DE VOCÊS DISSE. FOSSO COCO 🤣🤣🤣🤣🤣🤣🤣🤣🤣🤣 DUAS VEZES AO DIA. 🤦🏼‍♀️🤦🏼‍♀️🤦🏼‍♀️🤦🏼‍♀️ BOZOLOIDE É AGORA SABEM POR QUÊ SÃO ELEITORES DO BOSTANORO 👏🏻👏🏻👏🏻👏🏻👏🏻👏🏻",1
Amigos votaram nele todo mundo sabia,0
Revoltante o q este ser fez.,1
Quero sim juntos somos fortes,0
Será que alguém em sã consciência ainda vai acreditar nesta farsante? Não acredito em um fio do seu cabelo pintado.,1
Esse Alexandre é um especialista de respeito mesmo. Veio da merda da Globo pra estrelar ao lado da direita.👏🇧🇷🇧🇷🇧🇷,1
Eu estou também 👏👏👏👏🇧🇷🇧🇷🇧🇷🇧🇷,0
"A presidenca certa para um grande e rico pais para avancar no caminho de futuro pleno sec, 21.",0
Acabei de assitir essa merda de entrevista que vc deu seu bostinha vc fala em Ai5 ? Falta homem pra fazer isso ta pra nascer quem vai fazer isso. Vc e um fdp idiota so fala merda seu arrombado,1
"Os 513 deputados tem o dever de aprovar a matéria. Afinal, foram eleitos pelo povo brasileiro. Para trabalhar em defesa de toda população…",0
Ri tanto e nem sei responder porque foi um piscar de olhos 🤣🤣🤣🤣🤣🤣🤣🤣🤣🤣🤣🤣🤣🤣🤣🤣🤣👏👏👏,0
Parabéns minha gerreira 👏👏👏👏👏👏💟💟💟💟💕💕💕💕💕💕💕,0
"Realmente, uma verdadeira hipócrita!",1
"Num país sério esse decrépito seria preso, aqui é amigo do presidente e da elite evangélica.",1
"Gente quantas maldades, essa história de que daqui a 10 anos o Brasil será melhor, é absurda , até quando os bolsominions, continuarão com o manterá a culpa é do PT, até quando essa lobotomia fará efeito, com uma receita de bilhões, deixada nos cofres e essa praga fascista usurpando , vendendo tudo e prejudicando somente os menos favorecidos, em favor de empresários e grandes fortunas ?",1
Mais fácil ser ao contrário,0
Que vergonha....pra nao dizer bandidos mesmo é o que eles são.,1
Prende logo essa carniça de urubú,1
👏👏👏👏parabéns Benedita orgulho de sua resistência,0
Essa mulher tá louca 🤣🤣🤣🤣,1
É um canalha esse Lula,1
Ja resolveu o problema do desemprego daqui???,0
Lamento sua pequenez...,1
Haddaddy te amo @fernandohaddadoficial vai na UNIFESP de Guarulhos bandejar com a gente e ver o ensaio da @bateriamalaguetta,0
"Parabéns, Deus abençoe e guarde",0
Homenagem merecida!!👏🏻👏🏻,0
De roubo PT entende né.....da uma dicas #gleisihoffmannnacadeiajá #gleisiterrorista #GleisiDesesperada,1
"sem industria, sem soberania. Não adianta nada ""não manufaturar"" se compramos de quem manufatura, e permitimos a destruição da Amazônia.",0
"Nunca deveriam ter soltado esse marginal , inimigo da pátria",1
Esse sim foi um grande dia!!!,0
"Desculpa li rápido e acabei tirando conclusões precipitadas, sim deve ser uma ótima leitura e certamente mais obras sobre outros assuntos são necessárias mesmo que os temas sejam pelo vieis político.",0
Pq será? A pena que ela sente assusta.,0
Essa idiotinha estå servindo de massa de manobra para o richinho comunista Shoros,1
"@marinitomazi Basta assistir a invasão do MST, foi bem pior!",1
"Da esquerda não se aproveita nada, seja ela de qualquer país!",1
Esse milico de merda tem.que ser preso,1
Pura verdade👏🌹,0
O PRESIDENTE ESTÁ CERTÍSSIMO E UMA PIRRALHA NÃO RESPONDE POR SI MUITO MENOS NÃO CONHECE A VERDADEIRA FACE DA POLÍTICA NO MUNDO,1
"Sonhando a hora em que o barril de banha do inhonho botafogo, for condenado. Aí será a Vitória.",1
É incrível que cada palavra que ele diz é carregada de ódio ou preconceito. Em que momento isso virou aceitável??? Dormi nessa hora?,0
Tá no rumo da desgr@ça!!,1
Da nojo de ver as deformação ttudo pra culpar Bolsonaro eita desgraça.,1
Olha isso @celleribs ! É inacreditável que ainda um safado desses não esteja preso!,1
Safada !! ONU não vale nada!!,1
Amo muito vocês❤️❤️,0
"Repúdio total pelo comportamento racista desse coronel de bordel, a quem ela se dirige com todo respeito, tratando-o como excelência, parabéns deputada Benedita pela bela explanação, estamos engajados nessa luta!",0
"Absurdo, um babaca desse e ainda tem audiência!",1
Vossa EXCELÊNCIA se comprometeu a nos ajudar com nosso REAJUSTE. Cumpra sua promessa.,0
"Pelo que vejo grande parte do congresso legisla somente em causa própria, ladrões, corruptos não podem ser preso mas por fake news sim... Então a Globo está ferrada e PT nem se fala !",1
Deixem seu pai trabalhar em paz 🙌,0
Rei ARTHUR DECLARA: OLIMPÍADA do RIO FOI COMPRADA. É $Ó VA$ CULHAR que SURGIRÃO MAI$ CRIME$. #STFVERGONHANACIONAL #LulaChefeDeFACÇÃO #LulaMandanteDoCrime #ForaTraidoresDoBrasil🇧🇷,1
"Aqui , não ligo a Globo...mentirosa e articuladora do mal..",1
Tem que existir essas escolas uma delas pelo menos em cada bairro de São Gonçalo pois o município de São Gonçalo está abandonado,0
Esse cara fala besteira demais....Se ele manter a bica fechada com certeza vai ganhar muito mais.,1
Reunião dos estrumes,1
Prá quê suspender se ele e inocente!... Deixe o julgamento seguir... Reforço: se ele é inocente não é preciso suspender o julgamento.,0
Essa é outra mulher lixo,1
O que é dela tá guardado,1
Penso assim e to feliz pelo mesmo motivo. @giolaurenti tu lembra que falamos isso uma vez sobre o Mister?,0
"Eita dupla boa,nesses dois eu acredito",0
Prof. Fernando Haddad Deus que te abençoe! Boa noite! !,0
Meu presidente parabéns Deus abençoe sempre sua vida,0
Graças a Deus 😅 João está em casa . Abraço 🤗🤗a duas pessoas incrível 👏 👏👏👏.,0
São uns Malditos que só pensam no bolso deles e que os Pobres e os Discriminados pela sociedade cruel continuem nas mãos deles. Comunistas do Inferno! 😢😢😢,1
👏👏👏👏👏👏👏Melhor ministro da Educação que esse país já teve Fernando Haddad 🎓📚📒📘,0
"Gleise, vc irrita d+ os robôs nazifascitas, eles só vivem aqui! Continue assim!! 👏👏👏👏👏 #morojuizladrão",1
"Cínico, ordinário, antidemocrático",1
"😂😂😂😂...a criatura se lascou!!! Vá se informar , vá!",1
Não tente puxar a sardinha pro prato da Dra Janaína ... 🤭,0
@gretathunberg lixo humano financiada por petróleo de países que tem ditador e o povo vive na guerra ou na miséria,1
E é bonita mesmo!,0
Que vergonha! Esse senhor envergonha o evangelho de Cristo!,1
"Calem esses covardes, canalhas com trabalho! Avante Ministra Damares",1
Este é o motivo dele ter levado um pé na bunda da globolixo,1
pessoas comum que não entendem do assunto. Ou seja,0
"@jamesson634 aí vc vai ver quem crítica o Haddad; gente pobrinha, que defende gente rica, que cagou literalmente para os pobres e os s pontinhos",1
Jamais será!!!!! Deus abençoe sempre o nosso país! 🇧🇷,0
O cara é o tempo todo excitando a violência acabou de sair da cadeia o tempo todo em palanque fazendo política mas o bom que a confiança no bolsonaro está cada dia aumentando,1
"Esta se afundando cada dia que passa, peppa pig está indo pelo ralo 💩💩💩💩💩💩",1
parabéns!!!! O Sr. REALMENTE é um homem de caráter !!!!,0
"Vejo um negócio desse e fico puto cara porque o exército não entra em ação logo esses canalhas estão fudendo com o Brasil com todos os brasileiros. Isso dá uma indignação tremenda, triste",1
Deus abençoe que dê tudo certo!,0
Essa pirralha quer que todos façam pela preservação do planeta para que ela e outros como ela possam usufruir dos recursos tranquilamente. Baita hipócrita. O presidente ta mais do que certo e vc deputada: vá trabalhar pelo país que a elegeu !,1
"Pois é... Pena pra fale News: de 2 a 8 anos de prisão. Pena pra quem matar alguém atropelado ou em acidente de trânsito: pra quê prender. Não foi intencional?! Como sempre, só criam leis, com duras penas, quando é do interesse deles. Esse é o desgoverno do legislativo brasileiro👍👎👌💩👏👏👏👏",1
A esquerda precisa ser criminalizada no Brasil... São demônios! 🤮,1
"Enquanto não se revela os podres desses ladrões da nossa pátria todos tem alguma coisa para falar, quero ver agora.",1
"Nesse desgoverno, eitores do Bozo terão que defender o indefensável ...",1
Muito orgulho por termos na Paraíba um representante do nível de @realrcoutinho,0
Quem é essa moçoila. Fez o que mesmo é porque mesmo? Existe tanta gente boa e que faz tanto ato de herói como um bombeiro outra pessoa mais essa menina só fez oque mesmo?,1
"Não sei o que é pior, se o silêncio das instituições diante dos absurdos proferidos pelo senhor Silvio em rede nacional, se a postura ridícula dos pais que expõe seus filhos a esse tipo de situação, ou se os aplausos da platéia.",1
Com esses filho...O Presidente não precisa de inimigos !,1
Vou acabar com essa desgraça no Brasil,1
@carlosheflima porque está com déficit de 140 bilhões se pegou o caixa com mais de 50 bilhões positivo?,0
Ae @j.victors_ se liga nesse relato que aconteceu hoje...entendeu como é estar do lado amor e não ódio.,0
Af não dou conta!!!!,0
Queria ver qual o macho que vai prender o Bolsonaro pq se isso conhecer o PT cai amanhã o Brasil vai virar um caos não tem prisão sem crime se liga Muié,1
O governador do Rio também.,0
Esse bostonaro desconhece a soberania e autonomia dos povos? Será que ele acha que os países civilizados apoiavam sua candidatura?,1
Admirava a Joice mas....... meu Deus!🤦‍♀️🤦‍♀️🤦‍♀️🤦‍♀️,0
Essa esquerda não tem o que fazer,1
"@brunomartins_sf1 vc me convenceuuuu, com toda suas palavras educadas!!! Vi que vc entende mesmo de política e estuda muito, pois conseguiu debater com tds em alto nível! Fk com Deus garoto.",0
"Enquanto a esquerda fica discutindo se é quebra de decoro, se cabe impeachment, se deve ser cassado, o lado de lá já entendeu que é guerra. E nós estamos perdendo, porque se falo em revolução levo porrada até da esquerda. #marighellavive",1
"Se sabia que iria vazar o óleo, porque não avisou Leilane ?",0
"Pensei que ele mesmo ia seguir sua ""dica"": cagar dia sim - dia não. Mas pelo visto todo dia ele está aí cagando por isso que chama de boca.",1
Foto massa 😍👏👏👏,0
Pastor de hienas 🤮,1
Muito feliz com os avanços do país. Estamos em boas mãos.,0
@m1gu3lsth qual comentário de extrema direita seria?,0
"OQ VCS DEPUTADOS E SENADORES ESTÃO ESPERANDO P ACABAR C ESTS PALHAÇADA,ELES JAH PASSARAM DO LIMITE DA ORDEM,VÃO SOLTAR O BANDIDO E VAI HAVER MANIFESTOS GRAVES DA SOCIEDADE EM PROTESTO AOS MANDOS E DESMANDOS DLES, ACORDEM,TOMEM ATITUDES QUANTO A ELES...",1
"Às vezes, o inimigo pode se disfarçar de amigo, aquele que te oferece apoio pode ser o mesmo que te derruba. Fique atento às verdadeiras intenções por trás dos gestos, pois nem sempre o que parece ser uma ajuda é realmente benéfico.",0
"Fala sério, garota manipulada por uma mídia midiática, sem noção que fica andando para cima e para baixo com assessores que custam uma fortuna, vai estudar pirralha",1
Essa mulher é porreta,0
"@bolsonarosp @jairmessiasbolsonaro @carla.zambelli @carlosbolsonaro , com a matéria de ontem divulgada no JN, sobre a suposta ligação do caso da deputada, então o que vejo e que todos sabemos que a globo criou um álibi, ""perfeito"" só que não. Agora já podemos ligar uma fato do Adélio, quem foi seu possível mandante, não resta Dúvida, pode ligar às coisas, primeiro a Globo defende de unhas e dentes uma narrativa do PSOL tentando ligar a família de Bolsonaro ao crime, segundo agora tenta criar esse álibi, mas fracassou. Podemos agora identificar o mandante do crime, Rede Globo, não resta dúvida, eles pagam advogados caros para defender o vagabundo para tirar a vida do PR. Porém Deus é maior, Não adianta, Globo, STF, Congresso, PSL, Esquerda, Centrão etc. Tentar contra Jair, Jair foi o todo Poderoso que o escolherá para governar o Brasil. Só por uma atitude dele, a de ser amigo de Israel, Deus é agraciado por Jair ser voto a favor de Israel, Jair vai ser novamente em 2022 nosso presidente. Viva o Brasil viva Israel!.",1
Todas essas agressões morais contra nossa ministra Damares é porque ela está fazendo o certo e incomodando muito esses esquerdopatas sem caráter. A imprensa marrom-cocô só se manifesta em apoio a quem é contra o governo. NADA JUSTIFICA agressões contra mulheres e menos ainda contra a melhor ministra de direitos humanos que o Brasil já teve! #somostodosdamares,1
Ainda ter retardado que da audiencia a um jornal lixo desses.,1
Moro Limpou Num Bumbum de Temer Aécio e Bolsonaro,1
Só gente débil vota numas carniça dessas,1
Deveria ter pena da Venezuela !!!!,0
Justiça. Deve ter mais gente graúda envolvido,1
Vagabunda fingida...,1
A GLOBOLIXO NÃO CANSA DE PASSAR VERGONHA!! #GLOBOLIXO,1
Assisto onde?,0
Ainda bem que pelo menos temos Governador.,0
Nossa Argentina parece que já se arrempeu de coloca a direita no poder.,0
O Sul representa!,0
"Tudo certo, mas a invasão da Polônia, pelo que me consta foi em 01/09/1939 e não em 27 de agosto",0
"Carla, foca nas pautas e projetos! esqueça a Joice... bora pra frente!🙌🙌",0
Estamos juntos contra esse homem inútil e baderneiro.,1
Vergonhosa fala da carta capital desrespeitando nossa MINISTRA Damares!!!!!! FORÇA MINISTRA...,1
Não sabia que estavas em Poa! Se soubesse tinha ido te aplaudir. 👏👏👏🔝🔝🔝😘😘😘,0
Está pirralha deveria se preocupar com a fome na África e mundo 🌍,1
Assim coração num guenta💜,0
"Presidente @LulaOficial e @Haddad_Fernando o relatório da reestruturação de carreira dos técnicos administrativos das IFES foi entregue ao MGI e MEC. Agora é com vcs para encontrar orçamento para essa reestruturação e reajuste, assim, seguir valorizando a educação.",0
Aí aí aí ui ui ui... que foto pesada meu Deus 😍😍👏🏽👏🏽,0
"Verdade , é tudo que os inimigos querem",0
EU AVISEI AOS BURROS E JUMENTAS QUE VOTARAM NESTE LOUCO 😂😂😂,1
É isso aí minha jovem. É luta,0
Muito legal!!! Verei!!!!,0
"Ah claro, vão deixar de visitar ou investir no Brasil pq o presidente chamou uma pirralha de pirralha.vai trabalhar e para de ficar focalizando",1
"Louco, louco. Prendam esse desequilibrado comunista",1
"Prefiro a âncora da Globo cantando a música ""caneta azul, azul caneta"". E menos feio do que pagar mico ao vivo",1
Se lascou Globolixo 🤮🤣🤣🤣,1
Isso é um endemoniado dos infernos,1
Só carniças! Normal.,1
"Gatooo, faltou a Ana Estela na foto!! Referência de casal❤❤❤",0
Tem mtas outras pessoas q realmente merecem destaque!!! menos essa tal de Greta🙄,1
Kkkkkkkkk tô rindo só,0
"@politicacincera sincera com c. À farsa prevalece até na escrita desse desgoverno, muito triste!",1
"É muita sujeira dessa gentalha ordinária, depois ficam falando de Deus... que Deus é esse???",1
"Bandido corrupto pensando dar lição de moral com sua imoralidade, verdadeira desgraça para a humanidade. Acorda pequena parcela de cegos e surdos que não enxergam a realidade. Segue firme nosso Presidente Bolsonaro.",1
Parabéns querido e competente Haddad! Medalha mais que merecida! 👏👏👐👐❤️❤️,0
Por que será né! Cargo de senador pelo Estado. Morte de Mariele ajudou quem a ser eleito senador?????????????????,0
Morais tá pensando que é alguém lá fora 😂😂😂😂😂😂😂 esse Ovo vai cair e quebrar não vai prestar nem pra fazer frito de taoo podre que vai estar .,1
"E ainda por cima é rebelde, frustado, revoltado, isso é as piores qualidades de um ser humano Deus tem misericórdia de nós.🙌🙌",1
Essa sabe se promover kkkkkk.,1
"Anotem o que vou falar 2020 será o melhor ano do brasil, podem escrever",0
Uma das mais privilegiadas mentes do meio jornalístico. Não trouxe o rancor da globolixo. Parabéns Leda.,1
Rsrsrsrs Globo sem globolixo,1
"Que dor no ❤️, toda vez que olho para o Haddad e me dou conta que poderíamos tê-lo como presidente. Intelectual, professor, de uma simplicidade incrível, acima de tudo, humano. Que ao invés disso temos, um lunático, despreparado, incapacitado intelectualmente, ditatorial, autoritário, fascista, desrespeitoso...afff, se continuar ficarei 3 dias adjetivando a “besta fera”.",1
Preservando os valores cristãos,0
"Pena eu não tenho de vc corrupta, qdo for presa 👊",1
"Esse lula é um demônio,tem que ser preso novamente 🤮🤮🤮🤮🤮🤮🤮🤮🤮🤮",1
Uma safada sem caráter.,1
A maioria dos canais vão sair fora do ar,0
Esse filho da puta não e de Deus e do cramunhão...,1
Essa puta não tem dó da Venezuela???,1
Esse é um nojento!!,1
Picareta vai pro inferno verme nojento 🤮🤮🤮🤮🤮🤮🤮🤮🤮🤮,1
"@ledanagleoficial a melhor jornalista do país, melhor entrevistadora do YouTube! Parabéns 👏🏻",0
Feio . Totalmente desmoralizado essa Globo,1
Isso é um caso políticos tem muitos que não podem serem falados...,0
As falas dizem o que realmente querem dizer.,0
Nojo demais desse cara.,1
Isso é um boçal desqualificado.,1
Concordo em grau gênero e número.,0
Parabéns pelo seu dia! #Dia Internacional da Mulher,0
Mas a Pepa é fichinha perto do Dick Vigarista !!! \o/ \o/ \o/,1
"Janaína Paschoal tem razão, os filhos do presidente tem que pensar pra falar, o pai está sofrendo por causa dos filhos! Põe uma trava na língua!",0
Faz ele pagar cada centavo👍,0
Essa mulher me representa!👏👏👏👏,0
Tem o meu respeito.,0
"Pena que não virão a Salvador. As crianças do Colégio Militar daqui sonham com a presença de vcs. Mas devido as richas políticas, acho difícil.",0
Só vergonha. Tomou papuda!!!!,1
"🤝 Tô só na espera de votar no Haddad presidente outra vez, eu e meu nordeste, meu Maranhão.🤝",0
"Marginais, gente suja. Deveriam ser expulsos do país!",1
Amada Damares coloca o nome deste maldito que assim podemos saber quem o monstro!!! Mas também ele que vá pro inferno !! O IMPORTANTE É QUE NÓS ESTAMOS COM A SENHORA!!!!! GRANDE MINISTRA DAMARES!!!! A cada dia que passa mais Apaixonada pelo Nosso Presidente Bolsonaro e sua Equipe!!!!!🇧🇷❤️😍,1
Tem que fechar esses puteiro logo ja encheu o saco.,1
São uns pilantras de 💩💩,1
"SuA inutil , ele defende sim , o policial ,,",1
Golpistas e agora os facistas..,1
Esquerda no mundo é assim???,0
Que é o retardado....vem lulinha andar na ruas kkķkkk estou com 300 ovos pronto kkkk,1
Força Damares estamos com você❤️❤️🇧🇷🇧🇷🇧🇷🇧🇷🇧🇷,0
@mariamenezes3258 farmácia popular que só fornece medicamento de baixo custo,0
Haddad 2022 por favor!!!,0
"Não vou perder Eduardo, só assim saberei a verdade. Obrigada",0
Deve está recebendo muito para está mentindo 😂😂😂😂,1
Deus e seus generais! Igreja cumprindo seu papel!,0
Amo você! Meu Presidente! ❤️,0
Esta revista é podre. Só os ratos dos esgotos mais imundos a leem,1
Esse CANALHA já devia ter voltado para a cadeia de segurança máxima.,1
"Eu estou aqui, é só dizer o q devo fazer",0
Ao contrário de vc😂 🇧🇷👉,0
Dois queridos!❤️,0
Antes de tu morrer tu quer foder todo mundo né .,1
"Vc é maravilhosa, mais pessoas como vc 👏👏👏👏👏",0
"Me solidarizo com a senhora ministra, esse ser que escreveu é completamente desprovido de ética, decência, indoli, moral, um lixo da sociedade e traz consigo a educação que recebeu da própria progenitora.",1
Tenho mais nojo de quem votou nesse jegueeeeeee..ahhh vc votou vai aqui o meu FODA_SE pra vc ...🤗🤗🤗🤗,1
Apenas um bêbado falando!,1
Parabéns Guerreiro. Deus Pátria e família 🇧🇷,0
Espetacular ação @bolsonarosp parabéns pra vc toda equipe 🙌,0
Leda é reporte de verdade !,0
Meu Deus é uma guerra entre o bem e o mal! Vem logo senhor Jesus!! Que Deus abencoe a vida do nosso presidente Bolsonaro e sua familia! Deus tenha misericórdia do nosso Brasil e nos livre desse mal.,0
Aí a ganância falou mais alto... corrupta!,1
"Pastor do diabo, nojento, dissimulado, arrogante ...🤮🤮🤮",1
So vcs acham isto!! O povo Ta nem ai p esquerda!! Acordem,0
Lembrou das milícias ou passou batido?,1
Menina democracia até volta a ter esperanças...,0
Bem capaz de acreditarem🤔,0
Espero que com essas atitudes geniais ele consiga se destruir sozinho 😂,1
Bancada evangélica podre...,1
"Vou ver não, seu verme.",1
Não me canso de chamá-lo de IMBECIL!!,1
"Joice traíra, vai tomar no cú",1
Não há o que fazer pra reverter??,0
O veto Abuso de autoridade vai ser derrubado !,0
"E ainda diz que não quer os irmãos argentinos vindo pro Br. Como a pessoa chama de irmão e diz que não quer que venha pro seu país? Só deve comer vista no café da manhã, almoço e jantar mesmo...",0
Nossa não gosto nem de escutar isso,0
"@fernandohaddadoficial um dos nossos poucos ""guardiões"" ❤️",0
Rapaz tou achando ele muito nervoso não tá não? Algo de errado não está certo aí,0
Pra frente Brasil 🇧🇷 contra os corruptos e bandidos de toga,1
Besta quadrada.,1
Que a justiça seja feita!!!👏🏻👏🏻👏🏻,0
"Sei, sei! Irresponsável. Fazer o que né! Eu entendi perfeitamente o que ele quis dizer. Mas e o Humberto Costa vai ser inquirido no conselho de ética? Interessante......",1
Chata pra caralho,1
Que comunistinhas lindos 💜😆,1
😢 A gente chora junto.,0
"A perseguição a Lula ainda não acabou, a mídia e a direita maldita, começaram a inventar coisas, primeiro plantaram falsas acusações referente do Porto de Cuba, agora estão investigando todos os movimento da empresa de telefonia de lulinha, afirmando que o governo federal aprovou projeto de lei favorecendo criminosamente a empresa do filho, pegaram todos os movimentos financeiros firmado com a oi, e passaram a dizer que tudo é produto do crime. O pior que estes malditos do MPF, fazem e perseguem Lula e a família, e nada acontece contra eles. Este Brasil do ódio",1
Estamos com você companheira Benedita. Abaixo esse governo miliciano farcista.,1
Engraçado é essa propaganda falar todo poder emana do Povo 😂 gente,0
Será que ele não pode ser responsabilizado por isso?,0
Meu Deus!!! É isso o homem do bem? Misericórdia,0
Bandido NOJENTO asqueroso.,1
Maravilhoso....como seria bom se tivessemos mais parlamentares como vc,0
Turma do bem !,0
"Mais um ""Cidadão de bem""",0
Tira esse ameba do Wellington Dias daí. Governador vira casaca,1
"Isso é repugnante, haja estômago para engolir esse tipo de gente mal amada que nojo...",1
"Rapaz um ladrão vagabundo, sem moral desse, lixo falando uma coisa dessa do MORO HOMEM DIGNP E HONRADO!!",1
"Não consegue falar nada, sem preconceito e ofensas.",0
"A Greta Thumberg essa menina é a reencarnação do bem, em pessoa...a luz e a força dela a gente só viu em Jesus, Gandhi..Mandela..L King👏👏👏👏🙌🤔",0
"Ai meu Deus, amo esses dois👏🏻",0
Ta maluco o veinho,1
"Vamos continuar assistindo muito mais, com esses novos governantes!",0
Qual ameaça? O corno bêbado fez discurso em cima do caixão da esposa falecida e deu um beijo de pinga na SUA boca em pleno velório quando já era foragido da polícia... isso é um atentado,1
"aí sim em capita, quem quiser comer meu cusinho só chame 🔥🔥",1
Concordo com o Presidente.,0
Essa pirralha não estuda ???? Ela faz o que da vida ??? Encher o saco dos outros ??? Pq não enche o saco dos pais dela ???,1
Um oásis em meio ao caos 👏👏👏👏👏 lindíssima,0
Toma vergonha crente safado....e ainda acha quem aplauda este maldito!,1
Tudo que a família Bolsonaro falar vira esse mimimi . O que a esquerda quer é afastar os filhos que são soldados leais do presidente . Não caiam nessa .,1
"O Congresso, Senado e o STF perderam o respeito pelo povo Brasileiro.",0
ok colejo Militar de grande estilos categorias se,0
Lindos. Sigam em frente! 🇧🇷✨️,0
"Estou impressionada, ouvi um pequeno trecho da Hora do Brasil e parecia a imprensa esquerdista: só falaram mal do Presidente! Relataram as opiniões de vários políticos petistas, todos criticando imensamente tudo! Quem controla a imprensa oficial? É a Rede Globo, a Veja? Porque não diferiu em nada! Fiquei boquiaberta! Foi hoje!",0
"Deus nos ajude, com tantas coisas urgentes COMO O VOTO IMPRESSO . TEMOS ELEIÇÕES ESSE ANO , AJAM LOGO 😢",0
Queremos Lula livre já 🙌👏,0
"Professor burro, dá zero pra ele",1
🐭 rato descarado 🐭🐭🐭,1
"Sim, ela tem penas.......com certeza",1
"Enquanto a Bachelet comia toco do PT, estava caladinha.",1
"Sinto mto, minha amiga. Sinto por vc, pela Laura e por tudo que vcs representam pra tantas de nós. Minha solidariedade, meu abraço, e meu compromisso de luta para combater esse horror. Vc é uma mulher extraordinária @manueladavila, como tenho certeza q Laura tb será.💜 meu abraço. 🌻",0
Continua pirralha !,1
Bem-vinda Ministra Aniele Franco! Estar em um Partido político nos fortalece para a luta!!Com certeza ajudará nossa estrela a brilhar mais intensa e forte como um espaço para dar voz ao povo brasileiro!Boa luta!,0
"Concordo com vc , Manuela davila",0
"Essa megera vulgo joice, foi a maior decepçao que tivemos,se elegeu ela e mais de 200 deputados, senadores, governadores, graças ao Bolsonaro.Eu defendia ela em tudo,graças a DEUS,ele revelou quem é essa oportunista, esmoleira de votos ,nossa empregadinha subserviente é. É piada ela querer concorrer a presidencia da republica kkkkkk,com o Bolsomito ou quem ele indicar .",1
Pq. ELa é SAFADA igual ao 9 dedos. 😲😲,1
Obrigado por EXTERMINAR o sonho dos meus moleques de ter um PC Gamer pra eles estudarem e se divertirem! O Aliexpress era a única alternativa pra quem ganha um SALÁRIO MÍNIMO como eu de montar um PC sem ter que gastar quase 6 meses de salário comprando os produtos superfaturados do Brasil! Você com seu SALÁRIO GORDO jamais entenderá o quanto essa medida afetou os mais POBRES! COM TODA A CERTEZA! Serei OPOSIÇÃO na próxima eleição!!!,1
É um merda ambulante 💩💩💩,1
Ridículo! Bosta ambulante. #forabolsonaro 🍊🍊🍊🍊🍊🍊🍊🍊🍊🍊🍊🍊🍊🍊🍊🍊🍊🍊🍊🍊🍊🍊🍊🍊🍊🍊🍊🍊🍊🍊🍊🍊🍊🍊🍊🍊🍊🍊🍊🍊🍊🍊🍊🍊🍊🍊🍊🍊🍊🍊🍊🍊🍊🍊🍊,1
É o que deve ser feito.,0
"Você vai testemunhar falta de bençãos daqui pra frente, me responda aqui daqui 1 ano.",0
cala a boca que é melhor só fala besteira,1
Que dia é horas que vai transmitir?,0
👏👏👏👏👏👏👏 Amoo a família Bolsonaro!! 💚💚💚🇧🇷🇧🇷,0
"Esses filhos são uns ignorantes, irresponsáveis e arrogantes!",1
Bora Brasil...Lula na Cadeia 👏👏👏🇧🇷,1
Meu presidente é você!!!,0
Tenho certeza que ano que vem seremos duas vezes vitoriosos! Da-lhes Bolsonaro 🇧🇷,0
Que legal! Adoro a @ledanagleoficial uma excelente jornalista 😍😍,0
Concordo plenamente com a Janaina 👏👏👏👏👏,0
Essa menina é louca!! Aff!,1
"Agradecemos, o hospital de base, socorre milhares de pessoas da cidade e toda a região.",0
Absurdo! Linda fala ❤️,0
Este cara nao tem mae nao isso e maldade e essa corja com tambem nao preta quanto estao gsnhando pra fazer tanta maldade com o povo brasileiro,1
E como é linda!!! 😍,0
Presidente toppppp🙌,0
Tá explicado! Traíras do Brasil! Tá no DNA 💩🤮,1
Graças a Deus aleluia,0
Tá repreendido seu Lula demônio.,1
Nossa muito triste e estúpido temos q nos unir contra esses covardes 👏👏👏,1
PARABÉNS presidente Bolsonaro e todos os seus ministros. 🇧🇷🙏😎,0
"Uma aberração! Comemorar a invasão dos Nazistas, com milhares de mortes, completamente sem noção e respeito?",1
"Um pior que o outro, só lixo. 😠",1
"Sabíamos q mudanças requer concordância de todos brasileiros, mas não sabíamos que no nosso país ainda tinha brasileiros q não são brasileiros; ... São pessoas que torcem contra o Brasil.",0
"Que dia, hora e canal?",0
"@redeglobo lixo não cansa de passar vergonha, para tá ficando feio 😂😂😂😂😂😂😂😂😂😂😂",1
Família é a estrutura de todos nós! Deus salve nossa família...😍😍🙌🙌❤️❤️,0
Estamos juntos contra esse bandido terrorista,1
Podia ter dormido sem essa vergonha 😂😂😂,1
Ridícula essa Greta.....,1
Senhora Michele Bachelet! Com todo o respeito. Vai a merda.,1
"Os meus adolescentes pertencem a esse colegio, muito orgulho dos mekinis que sao, conhecem a disciplina, o respeito aos colegas e professores, a determinaçao pra conquistar o que querem. Isso nao tem preço!! Respindendo o poster acima, existem negros sim, so que eles chegaram ao colegio por merito oassaram num concurso, no CM nao existe cota. Entendeu ou quer que desenhe!!🇧🇷🇧🇷🇧🇷👏👏",0
"Que fala! Que reflexão! Benedita, a senhora é show!",0
"Manuela D'Ávila e Padre Júlio Lancellotti, dois seres maravilhosos, Deus lhes abençoe e proteja 👏🙏",0
Eu não consegui nem abrir o áudio desse vídeo kkkkkkkkkkkkkkkkkkkk vão pro inferno.,1
Que foto da porra meu amigo,0
"O que vocês da familia Bolsonaro fizeram foi histórico! Vocês são a prova viva de que com real determinação e real força de vontade o ser humano chega aonde ele quiser chegar. Admirarei eternamente seu pai. 👏👏🇧🇷 Apenas para frisar = até 2 anos atrás eu era esquerdista, e eu era totalmente anti-bolsonaro. Obrigado por abrirem meus olhos a tempo. 👍👍🇧🇷🇧🇷🇧🇷🇧🇷",0
Eu espero que vc esteja falando dos ignorantes que elegeram o animal de quatro patas que está em Miami. Foram 4 anos de sofrimento sim...,1
Meu prezado PRESIDENTE Jair. Tudo nesta vida é com sacrifício e sabemos que apesar dos desencontros de idéias entre alguns parlamentares tudo concorre para o bem . Só uma coisa não deixe de fazer.... De acreditar em Deus e fazer o melhor .... A igreja está em oração pelo Brasil e por seus familiares e principalmente por vc presidente. A igreja ama o Brasil e a democracia brasileira. Abraços 🤗🤗🤗🤗,0
O congresso parece um reunião de marginais.,1
Nosso Deus 😢🤦 coitada. Que falta de respeito com ela e gratuitamente ainda. Essa esquerdalha é muito suja! Esses jornalistas lixos são realmente de QUINTA CATEGORIA.👎😠😠,1
"Que absurdo estamos vivendo no Brasil! Eu pergunto: não dá para processar esses idiotas por ofensa a moral de uma Ministra? Esperimenta xingar um funcionário público de qualquer porcaria de repartição pública, para ver onde vc vai parar! Então porque não se faz nada quando ofendem o Presidente ou qualquer dos seus auxiliares? Como podemos aceitar isso?",1
Nunca houve dúvidas por partes dos sensatos e conscientes,0
"Que lindo, que Deus continue os abençoando.",0
MILITARES FECHA O SUPREMO! !!!!! MOURÃO! !!!!!,1
ESSA jornalista SIM 👏👏👏🙏🏻🙏🏻🙏🏻🇧🇷🇧🇷🇧🇷,0
Cada dia mais Gorda!😂😂😂,1
Tem uns da direita que adoram aparecer deturpando as falas dele....,1
Lula melhor presidente faço um apelo colocar em pauta a pec 101 dos sucamzeiro que combateu a malária no estado de Rondônia estamos com intoxicação crônica por DDT combati a malária dengue est. Está pec 101 está com presidente Artur lira pesso oração e ajuda dos senhores presidente da República Luiz Inácio Lula da Silva,0
Família linda Parabéns Presidente Bolsonaro,0
Força Bolsonaro!,0
Canalhas mil vezes 🤮,1
O pau entrando no rabo dos juízes kkkkkkkk,1
Verdade companheira 👏👏👏👏❤️❤️❤️❤️🔥,0
Maravilhosa em todos os sentidos!,0
É brasileira ela?,0
"Esse nojento, coisa ruim dos infernos",1
Que abraço gostoso se percebe a sinceridade,0
"Isso passou dos limites, porque a Globo não é punida?deveria ser, só fala as notícias distorcidas e falsas.",1
Trancafia esse baderneiro de novo.,1
"Linda imagem o futuro do nosso Brasil, nossas crianças ♥️",0
Nojo desta imprensa!,1
Espero que tenham chamado a POLÍCIA !!!!,0
"Astral maravilhoso do nosso Presidente Lula, o Brasil precisa de quem acredite nele!👏🏼👏🏼👏🏼👏🏼👏🏼👏🏼🤜🏼🤛🏼🫶🏼🇧🇷",0
Até quando vamos aguentar esse ladrão solto incitando o terror !,1
"Deixe de hipocrisia, comedora de propina.Você deve tá sentindo falta é do dindo que não está caindo mais na sua conta.",1
Dá nojo!! 🤢,1
Têm quê pegar 100 anos,1
🤣 Bem feito pra essa escrota🤣🤣🤣🤣🤣🤣🤣🤣🤣🤣🤣🤣🤣🤣🤣🤣🤣🤣🤣🤣🤣🤣🤣,1
Que absurdo. Essa gente não tem escrupulos.,1
Gata demais🔥🔥🔥😘😘😘❤❤❤,0
@suelenbayer.arq tu já levou pau no cuzinho do namorado hoje?,1
Vai pro debate com @gabrielmonteiropm,0
"Vc está contra ou a favor do 🇧🇷 @joicehasselmannoficial? Desnecessário essas suas postagens sobre essa guria, NÃO ESTA AGREGANDO NADA , INÚTIL, muito pelo contrário vc está se desgastando a toa, vamos focar no q importante para o 🇧🇷! E parar de Mimimi.",1
O PT nunca terá meu voto!,0
"Intervenção militar no STF, já",1
Ainda bem q nos livramos disso 🙏🙏,1
@victorbrivera depois te explico melhor o que vc não entendeu ainda,0
Que absurdo esse vídeo,0
😂😂😂😂😂😂😂!!! Lembrei da propaganda da Parmalat!! TOMOU 😂😂😂😂😂Globo lixo 🤮🤮🤮,1
"Mas o miss universo n coloca a mulher de maneira objetiva da. Tem q ter conteúdo, causas sociais, tem q ser empoderada... Se informe melhor!",0
"Quando ouvimos uma sujeita dessas 💩 falando assim é sinal que estamos no caminho certo. Ela gostava do Brasil quando recebia mesada, dinheiro fruto de roubo.",1
@steff.guimaraes a heroína que o mundo precisa,0
Nojo desse homem 🤮🤮🤮,1
TUDO IRÁ DÁ CERTO!! NOSSO MINISTRO HADDAD!!! É PARA O CRESCIMENTO DO NOSSO BRASIL. ❤️❤️❤️❤️❤️❤️,0
Vermelha tá a bunda desses vermes !!!!!!,1
esse cara tá desequilibrado lulalouco,1
Sempre bossonaro pôde contar comigo sempre patriota,0
@_rodrigobrazz está fazendo o que aqui então cara pálida? Fazendo engajamento pro Bolsonaro?😂😂😂,0
"Mas, os LIXOS da esquerda insistem em querer enganar as pessoas nenos esclarecidas!!",1
"Ñ pode ser feito mais nada, secou a teta.",1
"O que não pode acontecer por parte dos empresários é por exemplo, um guardanapo de papel, um rolo de papel toalha para cozinha e outras coisas mais , manter o mesmo preço mas diminuir 2cm ou mais de tamanho ou piorar na qualidade. Não adianta enganar o consumidor que vai acabar perdendo. Concorrência resolve isto. Acorda Brasil.",0
Nossa que coisa em uma menina de merda a personalidade do ano chora Joice pare de ser ridícula.,1
"Sua luta sempre foi guia e segue sendo, @manueladavila ! Estamos contigo pois agora é uma causa de todas/os nós ❤️",0
Vamos deixar a traidora da Marta de lado. Unir jamais.,1
"Já q é burro Bozo, peça alguém de confiança, não da família lógico, para interpretar o q vai assinar canalha",1
Vai se tratar,1
Eitaaaaa! Isso sim é notícia boa! Gente boa!!!!,0
Bancada evangélica.... kkkkk A bandidagem mora lá,1
Até quando vamos suportar estes INSANOS ?? MINIONS DESGRAÇADOSSSSS ! SERA QUE 33 MILHOES QUE NAO FORAM VOTAR VAO FICAR COM A BUNDA NO SOFA NOVAMENTE ?? ELES NÃO SAO MAIORIA PELO AMOR DE DEUS ! OU JUNTAMOS 47 MILHOES COM QUEM NAO VOTOU. E ENTERRAMOS ESTES MALDITOS NAD URNAS EM 2022 OU NADA SOBRARÁ!!!,1
"E uma coitada , não tem credibilidade aqui nao",1
Essa mimadinha quer aparecer...,1
Vc tem que se preocupar com coisas melhores....afinal um presidente que faz as coisas que os outros mônica fizeram....falar sempre a vdd...Sra joice se preocupe mais com as votações no seu trabalho...o povo a colocou lá pq confia nos seus serviços ou pq a Sra era uma.aliada do nosso presidente e o deixou...,0
GRETA MENINA FEIA DOS INFERNO PARECE O DEMÔNIO CHUCK Kkkkkkkk,1
Vai ser demais!!! Amo os comentários dele... sabe tudooo!!,0
Para bens Benedita pelo proniciamento,0
Greve contra os anunciantes da Globo! Sem isso esses posts não vão adiantar quase nada,0
"@ton.freitas então vai morrer pq vamos ficar msis 8 anos, o que dá certo não se muda❤️❤️❤️",0
Na verdade esse Congresso nacional é uma verdadeira FAKE NEWS.,1
Como essa gente e.destituida de qualquer mencao de razao a ignorancia e.tao .grande que e inconcebivel acreditar nesse pensamentotao mediocre e pauperrimo.de livrar se dos atos de bom vivan desse crapula e verme que gracas a tudo .esta.sendo .escurracado dos nossos locais de convivio essa pessoa escrota queva se.hanituando a nao.ser nada pois nada e nada comforme se acabou .,1
PETISTA = BOSTA,1
O Lula vai ?,0
"Dois ridiculos😊😊😊😊, se manca",1
@quebrandootabu isto pra vcs não é violência contra a mulher? Pq não compartilham este vídeo em sua página que defende tanto os direitos da mulher? Ela não merece só por ser ministra e fazer parte do governo que vcs odeiam?,0
Você é tão idiota que cansa.,1
Esses jornalistas não aprendem que não dá pra deixar a bola quicando na frente do nosso Bolsonaro. Ele não perdoa pergunta idiota. Adoro isso!👏🏻👏🏻👏🏻👏🏻,1
Tem que jogar esse lixo de volta para a cadeia,1
Joice está uma loira linda Deus abençoe sempre,0
"Está na hora desse homem se afastar e o pior são os pais que permitem que os filhos passem por esse tipo de abuso. Lamentável, triste",0
"Teve a pergunta-chave: ""Você tá lúcido""? 😂😂👏👏👏👏🇧🇷🇧🇷🇧🇷🇧🇷",0
Não gostei do teatrinho dela.,1
Tá surtando!!!!!,1
Alguém c discernimento neste STF,0
Linda e braba,0
"Este vaga vagabundo está se achando. Não tem que ter regalias, você é qualquer pessoa hoje,Ainda pensa que manda .",1
Congresso vergonha nacional.,1
"@quebrandootabu quero ver vcs se manifestarem sobre isto, vcs são os maiores defensores das mulheres que sofrem violência.",0
"Para de falar merda deputada, que é contra a democracia e seu partido que entrou com pedido para travar a manifestação.....vai trabalhar.",1
"Sim , uma pirralha!",1
Maturidade e coragem👏👏👏👏👏👏,0
Essa esquerda é uma PIADA!!,1
Mas já teve o fim do foro: quando Daniel Silveira foi preso,0
"Pessoal , vamos nos unir sempre. Kim e MBL são nossos aliados. A esquerda deste país se junta e não têm caráter. Ponto. A direita precisa ser firme. Um ou outro ponto poderá ser divergido. Normal. Conversem. DIREITA sempre. Unidos é que vencemos eles. Kim é um político honesto. Ele só precisa ter maldade. E sair do DEM. Claro",1
Tenho pavor desse cara,1
Todos de olho nas nossas riquezas,0
Cana nesse pinguço ladrão!,1
"Essa senhora é uma vergonha para a classe jornalística, onde estavam os questionamentos dela qdo o Brasil era roubado descaradamente? Onde estão hoje os questionamentos dela qdo o STF quer soltar Lula e trocentos ladrões presos pela Lava Jato? VERGONHA👿",1
De boa...nosso país tá na hora de um meteoro cair aqui e explodir alguns políticos...que falta do que fazer,1
"O preço da carne subindo também,mas com remuneração de R$33,763 tá tranquilo né deputado.",0
Parabéns professor!!❤️ Meu presidente!!!😍,0
@joell2553 seu cu cheio de verme kkkkkkkkkkk,1
"Uma é traíra, a outra inejosa",1
@andersonwanze só perguntar sua mãe que tá aí do deu lado. Sai da casa de mamãe muleque!,1
Vc merece a faixa de presidente do Brasil! Mas a medalha já é um bom começo. Parabéns!,0
Verdade. E isso que os corruptos querem,0
"É inacreditavelmente estúpida a postura de certos ""homens"" que difama a nós mulheres, entendo que esses componentes provém de uma inveja Diabólica que estes seres nutre contra nós MULHERES, porque somos fortes, valentes, destemidas, ousadas e sim somos muito forte que muitos deles... Me pergunto se na seria o pivor dessa inveja, a nossa genitália? Querem tanto ser iguais a nós mas enfim nem tudo é possível... copiem nossos jeitinho, a meiguice o andar a suavidade no falar nossas langeries. Mas é até ai que podem nos plagiar...não terão jamais a essência da mulher..",1
"Foi a primeira vez que uma mulher negra foi eleita miss universo? Eu tinha impressão que já tinha acontecido antes. De qualquer forma, é sempre importante que se reconheça a beleza negra.",0
Gente não tem como encher um avião com esses bando mandar para Venezuela !!!Jesus como pode torcer contra seu país será que são brasileiros 🤔,1
Eu não consigo acreditar que a canalhice deles atingiu níveis tão grandes 😓,1
"@clebe.r76 não gosto de picanha , ( prefiro costela) mas se gostasse hoje poderia comprar tranquilamente",0
"A esquerda não sabe mais o que fazer para derrubar Jair Bolsonaro. As esperancas deles estão acabando. Já a nossa esperança, essa jamais se abalou. QUEM ESTÁ CERTO, NÃO TEME! ✊✊🇧🇷🇧🇷🇧🇷🇧🇷",0
"Tem meu voto, @joicehasselmannoficial",0
Pq essas merdas são votadas rapidinho e coisas importantes não são 😡,1
Agora a meta é prender a família miliciana e de brinde o 🦆!,1
"nosso presidente é top, rumo ao crescimento",0
Dois derrotados do caralho,1
"E muito lixo que se acha nesse país,",1
Tem q prender todos os petistas psolistas pcdobistas etc.,1
"Arrependimento de ter votado em você, se corrige não votando mais, vai ser oque eu vou fazer!!!",0
Esperando ela falar dos incêndios da Austrália por exemplo... ela mostrou soluções de que??,0
Falsa!!!! Que nem nota de $30!!!!🤪🤪🤪,1
Pastor mequetrefe que incentiva a violência....só fala asneira....vá trabalhar.....gosta de aparecer.,1
🐱 🐺Sempre gato. 🐈🦊,0
Só defende Lula por ser igual a ele...corrupta.,1
"Eles fizeram de palahaco, a galera deve tá arrependida.",1
"Ainda bem que não foi no SBT, com certeza , lá, o resultado seria alterado pelo dono.",1
Muito orgulho de ter feito o L,0
Qual é o nome do jornalista ??? Tem que divulgar para fazer passar vergonha !!! 😡😡😡😡,1
"Cadê o ICMS baixo ?, disse que ia ZERA",0
"Pô, mandou bem demais nessa",0
"E a imbecil da mãe, ainda da risada.",1
Agora já passou do limite...se está caducando...o lugar dele é em casa com familiares cuidando dele....,1
Lindooos ❤️ Por dentro e por fora.,0
Múmia paralítica 😅😅😅,1
Escreveu racismo errado? Kkkk. Professor geração Paulo Freire,0
TRAIDORA ! Ponto final !,1
"Parabéns ministro, vc esta do lado dos Brasil e dos brasileiros de bem 👏👏👏👏👏👏👏💙💚💛",0
Quando teremos a apresentação integral com som ?,0
"Que absurdo fizeram com ela,o Brasil precisa de você,e está fazendo um ótimo trabalho,indo atrás de pedófilos que estupram até bebês.",0
"Esses lixos estão contra, sinal que é um excelente negócio pro nosso país. Avante Brasil.",1
"Vocês ainda não entenderam a extrema esquerda revolucionária você falando ou não, fazendo ou não, produzindo ou não, atacando ou não, se defendendo ou não, eles querem o poder acima de tudo, onde o fim nustifica os meios. Vão atacar violentamente e sistematicamente tudo aquilo que está fora dos interesses do partido. Isso é um fato histórico. Só no Brasil que enxergam a esquerda como um partido, quando a história nos prova o contrário. Não é uma questão de dar munição para o oponente, e sim, de sobrevivencia em meio a uma máfia política criminosa que tomou conta o estamento burocrático brasileiro, que se preciso for, mandam matar. Alguém ainda tem dúvidas?",1
Carla Zambelli você é ridícula...grow up,1
Assassinam a irma e ela sai no abraço … a delinquência paira ! O imoral vencendo,1
Falou em inglês nessa entrevista aí ? Burro 😂😂😂,1
Foi a Miss Universo edição 2015!,0
"Com sempre, Lula só perde, o que NUNCA ganhou..... kkkkkkkk",1
Sepulcro caiado😈,1
Estou em SP no congresso de gerontecnologia. Apareça por aqui.,0
@mngalvao se liga nessa galera defendendo q engraçado.,0
Quem votou nesta pérola deve estar felizzzzzz👏👏👏👏👏👏,0
Eles são assim...matam a pessoa e acusar a polícia de chegar atrasado .... quem cometeu o crime ela não quer nem saber né?,1
É um verme racista,1
Pastor do inferno,1
Dois tipos sem graça e sem vergonha!,1
"Que fim político triste o seu Joice, não vou deixar de te seguir para ver o que vai dar, a cada dia vc se supera",0
Nem tudo esra perdido qd perdemos algo ou alguém gratidão a Deus sempre,0
Esse é o conteúdo que fará a direita ter motivos pra continuar,0
duas notas de 3,1
Que cara CÍNICA,1
Dois grandes homens,0
Dois retratos do fracasso educacional do país!,1
@aparettos óia que perfeição,0
Quero saber quem mandou o Brasão matar Marielle. Impressionante o número de milicianos em altos cargos no RJ. Todos apoiados pelo inominável. Tem mais gente pra ser presa. Familícia.,1
"ESSE CANALHA SAI DA CADEIA E EM MENOS DE 10 MINUTOS DESPEJA SEU ÓDIO, SUA AGRESSÃO E CONVIDA SEUS SEGUIDORES A ATACAR? O GOVERNO PRECISA SER MAIS RIGOROSOCOM ESSE VAGABUNDO. NESSA SUA SAIDINHA NÃO REPAREI A PRESENÇA DOS SEUS FILHOS PARA RECEPCIONÁ-LO.",1
Gregório é uma das pessoas mais lúcidas e inteligentes que conheço.,0
Vermes boçais malditos,1
Bandido! Canalha e racista! Q a justiça seja feita!,1
"Esse safado deveria roubar só de quem votou nele não era, só que infelizmente quer roubar de todos trabalhadores",1
"Espera aí a comemoração é sobre a invasão da Polônia, estão comemorando todo o genocídio que foi a invasão e tbm a segunda guera ????",0
Dois inúteis só faltou o @cirogomes,1
Que jovem forte e linda!,0
"Se nossos hermanos precisassem vir para cá, teria sido na época atual do Macri, primeiramente. Agora, se quiserem vir mesmo, nós gaúchos os receberemos de portas e porteiras abertas.",0
Admiro muito Haddad 😍,0
Pirralha mesmo!!! Tô com presidente! Ele é sincero!! A cara dele não mudou!,1
COMO NÃO TE AMAR,0
Esse bolsolixo é um canalha....,1
PIRRALHA !!!!!(ela parece irmã do brinquedo assassino ),1
Que escroto caquético! É a velha hipocrisia judaica no mundo dos pilantras monetários.,1
"Eu gostei mesmo foi da de Lobão, @ledanagleoficial mitou muiiiiiiito🤣🤣🤣🤣🤣🤣",0
Esse jornalista que faz essas perguntas é o mesmo que a ofendeu?,0
Como uma adolescente e uma boa causa podem revolucionar o mundo.,0
A esquerda resiste!!! 💪🏻✊🏻,0
Nosso presidente ❤️e futuro presidente 🙏🏻🙏🏻🙏🏻❤️,0
@gleisihoffmann manda a Dilma ir saudar a mandioca e deixa a vida do presidente bolsonaro em paz suas duas capivaras loucas 😂😂😂,1
Que dados são esses??? N vejo isso em lugar nenhum 😂😂,0
"Eu tenho pena do Brasil, pois com o PT no poder todos os corruPTos do mundo tiraram vantagem das nossas riquezas. Inclusive essa hipócrita amiga da Dilma.🤔",1
#stféumavergonhanacional,1
"@ronaldo.rosario1992 , tem uma pessoa aqui, o @alliance_transfers, que diz ter um irmão legista que trabalhou no caso do Cells0 D@niel. Ele me disse que o irmão dele disse (isso mesmo: disse-me-disse) que o irmão dele sabe de coisas que a Polícia ou não sabe ou omitiu nos resultados das investigações. O @alliance_transfers deve ou não deve encaminhar essa informação a algum órgão de Justiça competente? Eu acho que deve. E logo.",0
@daniellebraga_fotografia obrigada pelo livro. Já começo a ler.,0
@lauraisv tá ofendendo seu país aqui amiga,0
9 meses de progresso. Parabéns Haddad Lula 👏,0
Impeachment do presidente urgente e toda a corja URGENTE. 🙌🙌🙌,1
Futuro presidente do Brasil.,0
Isso explica. Decadência do RS.. uma pena!!!,1
Tá com medinho ...tá ?! Xandão?! 😂😂,1
"Esse texto faz parte de um plano vídeo de um grupo desesperado ávido por poder com uma dor profunda por ter perdido nas urnas. Um imbecil desses merece um belo processo e uma bela investigação devastando sua vida. Se um jumento desses se diz jornalista, lastimo pela categoria profissional denegrida por esse infame.",1
Ele nem sabe do Brasil... o que então ele entende de Argentina e do nosso RS! 😢👏👏,0
Tem que ser muito Asno para aplaudir um TAXADOR desse,1
Os lixos de sempre.,1
🙏Que a igreja Brasileira possa clamar pelo Brasil 🇧🇷,0
PT não tem moral pra cobra e nem fala nada de ninguém. Corja de vagabundos,1
Valeu seu analise.,0
"Eu penso diferente, ainda que ela queira realmente isso. Mas não consegue sou Bolsonarista de coração, mas nenhuma luta estamos ganhando.",0
Mete bala nesses bandidos ! To com com vcs 🤜🏻🤛🏻,1
"Quem está por trás desse ""Juiz"" ??? 🤷🏻‍♀️🤔",0
Devolve o dinheiro roubado via OAS...,1
O pior Econômica. Vocês vão quebrar o Brasil,1
Foi esse boy que o Brasil perdeu 😔,0
Sifuuuuuuu #globolixo,1
Bandido porque te tiraram da cadeia? Volta pra lá já ###,1
O povo brasileiro de bem não quer mais a ESQUERDA BRASILEIRA,1
"É realmente um ser iluminado ! Muito, mais muitos anos luz a nossa frente !",0
"LULA SEMPRE ♥️♥️♥️♥️♥️♥️o melhor presidente do Brasil e do mundo, abençoado por Deus, mais amado ♥️♥️♥️♥️♥️♥️👍👍👍👍👍",0
Os comentários são o que há de melhor,0
Será que o filho está fazendo isto pra prejudicar o pai?,0
"Bom seria se todo Brasil tivesse a mesma educação oferecida em Brasília. Aliás, tudo que é oferecido em Brasília. Só temos as raspas. Eu torço por uma educação melhor em todos os estados. 🚩",0
Estamos crescendo isso se chama avanço. Essa equipe merece ser respeitada,0
Se elegeu as custas do bolsonaro. E aí quem te espancou mesmo ?,1
Deus abençoe ricamente este homem de Deus,0
@joaocarlloos__ Bostonaro era uma merda tbm 🐂,1
não e novidade . pessoal que nao vale nada . 💩💩💩💩,1
👏👏👏👏👏👏👏👏👏👏PARABÉNS Deputada Benedita 💪👏👏👏👏👏👏👏👏👏,0
Velho pedófilo,1
"É um velho rico, famoso e escroto pra caramba e as pessoas vêm isso como brincadeira. Fala sério.🙄🤮",1
Esse Sílvio santos é um VERME. U criminoso. Onde estava a VACA da Damares protetora da família. Essa pilantra não defende família coisa nenhuma.,1
coragem pq noção não tem,1
Esse é um falso moralista pasator de satã.,1
"Deve ser brabo, ter que passear por aí, com tanta mentira embaixo do tapete prestes a ser varrida!",1
REALIZANDO O SONHO DOS PASTORES. .,0
Fonte datafolha😂😂😂😂😂 tem a mesma credibilidade que vc @gleisihoffmann 😂😂😂😂 aliança pelo Brasil 38 🙏🇧🇷🇧🇷🇧🇷🇧🇷,0
Então a #Globo vai toda presa,1
"@bolsonarosp traz esse pessoal ali, aqui para o Brasil!",0
MAIS UMA CANALHA DA GLOBO LIXO.,1
Parabéns o tempo todo!!,0
@elixandersilva olha a potência dessa menina mano,0
😯😯🤤🤤😥😥 que sensibilidade meu Deus!!,0
GLOBOLIXO GLOBOLIXO GLOBOLIXO GLOBOLIXO GLOBOLIXO GLOBOLIXO GLOBOLIXO GLOBOLIXO GLOBOLIXO GLOBOLIXO,1
"Como pode isso , vermes do congresso , dirigir-se a congressistas de outro país em detrimento dos interesses do 🇧🇷 , deve ter lei contra isso , o Brasil virou casa de mãe Joana ?? Pior q eles são os 💩💩💩 que votaram neles😡",1
Lula livreeee. Nós te amamos muito Lula.,0
"Velha sem vergonha, vagabunda !",1
Mas nenhum presta que barbaridade .,1
Sujeito escroto,1
Somos milhões. Somos fortes. 🇧🇷🇧🇷💚💚💚💚Pátria Amada Brasil,0
Grande Haddad! Tenho muita admiração por ele. Hoje teriamos um presidente que não faria diferença entre as pessoas.,0
Toma sua FDP! Ahahahahahahaaa,1
"Isso é verme, um ascaroso.",1
Parabéns Professor! Quem sabe o governo acorde e se dê conta do erro que está cometendo com os professores gaúchos!,0
"O nome disso não senilidade, chama-se PEDOFILIA!!!",1
Parabéns PGR pedido negado 👍👏👏👏,0
😂😂😂😂😂😂😂😂😂😂😂 vai ganhar para porteira de cabaré 😂😂😂😂,1
Lula na presidência da republica,0
Aquele zoom maroto no Haddad lindão! Meu presidente maravilhoso!,0
Silvio meu ídolo 👏👏👏👏,0
Lula persedente 2022,0
Só falou verdades Sr Deputado! 👏👏👏,0
"Os filhos do Bolsonaro tem que ter mais cuidado com o que falam, ainda mais nesse momento.",0
Juntos com Elon Musk!🙌,0
Parabéns aos argentinos por ter escolhido o lado certo,0
Va trabalhar joice pq esta incomodanda com um guri como diz vc😉,1
A maioria dos otimistas somos nós 👏👏🇧🇷🇧🇷,0
Nossa que emocionante 😂😂😂😂😂 ... é muita cara de pau ... 🤦🏻‍♂️,1
Esta eu não perco! O Duda é uma pessoa fantástica ❤️❤️❤️❤️,0
Toma vergonha #redelixo🇧🇷,1
Quero saber quem foi o mandante desse crime,0
"Meu querido e amado Presidente, feliz aniversário! Que Deus continue te abençoando e lhe conceda saúde, paz e força para enfrentar essa turma do ódio!!!!🎂🙏😘",0
Um dos mais brilhantes juristas deste País.,0
Ele não mentiu... Só tem coragem de falar o que bandido de colarinho branco tem medo... Querem calar o rapaz pq ele nos ajuda a pensar que há muitas alternativas pra combater bandidos e gente sem vergonha e corrupta. E pq não pensar? ou falar sobre É crime? Falar sobre algo que aconteceu?,0
"Ah sim, @ronaldo.rosario1992, o @alliance_transfers me chamou de ""militante"". Ele quis me xingar ou me elogiar?😂",0
Parabéns Professor!! Que orgulho,0
Viva o Fachin... é de gente assim que o Brasil está precisando.. palmas p Fachin👏👏👏👏👏👏👏👏👏👏,0
isso pq ele se considera um enviado de Deus!!!! esse cara é patético!,1
O cara falou como se age nessas situações...,0
"@panelacodojoaogordo podem me chamar na próxima vez q rolar esse encontro, ta?",0
@william.n_97 Viva Haddad! Inteligência e humanidade! Exemplo para o mundo!,0
É a existência do foro privilegiado que dá esse poder aos 11 ministros do STF.,0
O presidente está certo esta pirralha é ferramenta da esquerda no mundo.,1
"UAUUUUUUUUUUU, ENGULAM ESQUERDA",1
Parabéns ao Nosso capitão.,0
Tenho que assistir!!!!!! Te amo já Haddad. Se tu um dia chegar a ter sucesso nessa mudança de hábito... será o presidente mais pica das galáxias do país. 💙💚,0
Que vergonha pra globo q só faz criticar o governo,1
Qual a droga que ele anda consumindo em? Pqp! 🤦,1
Posso comprar com o MEU DINHEIRO onde eu quiser!?,0
Minha solidariedade a essa mulher guerreira que me representa como cidadão! #cartacapitallixo,1
Lula canalha,1
"Mais é muito safado uma criatura deste , se eu fosse evangélica pedia o pastor para expulsar este indivíduo, nunca vi uma pessoa que se diz de Deus, pregar a discórdia,.. quem pega o dinheiro público e colocar nos dentes para ter sorriso congate , enquanto muitos pobres passando fome , este indivíduo não tá nem aí , imagine o que ele seja , "" covarde''",1
"E, no segundo seguinte, no Brasil, começaram a desmerecer seu empenho.",0
"Por essas e outras que o bem jamais será derrotado.É como dizia Silvio Santos,o mau vence por alguns momentos,mas no final o bem sempre triunfa!🙌🏾🙏🏾",0
Amo essa dupla 💐,0
"@celhaivandis , agradecemos o apoio e carinho dado à Deputada! Atenciosamente, Equipe da Deputada Federal Carla Zambelli.",0
Mostro sempre Benedita falando para minhas filhas branquinhas... quero beneditas ao meu redor!!!! Fora racistas.!!!!,0
"Isso só serve de exemplo para a população aprender a votar, pois é a única arma que o povo tem contra estes vermes é o VOTO🇧🇷",1
O pior é a conivência das pessoas presentes. 😱,0
parabéns nosso futuro presidente,0
MANÚ NÓS BRASILEIROS AMAMOS VOCÊ E TUDO QUE VOCÊ FAZ .❤️❤️❤️,0
"Ministra, a senhora só foi atacada covardemente, porque é um mulher muito forte e isso incomoda homens de mentirinha. Continue seu trabalho , pois o Brasil está com você. Nós mulhetes desse Brasil afora estamos com você. 💛💚",1
@kareylorena foi pow tá procurando no seu toba cheio de mortadela estragada,1
Um horror meu Deus esse Sr se diz cristão ✝️ manda espancar Jesus pode descer e incineraram esse Que se diz Pastor 🙏,1
Crie vergonha com tantas mentiras,1
@predesio verdade a soberba precede a ruína 👏👏👏 Ele parece que não sabe onde está mexendo 😢 🤦🏽‍♂️ O ELON é o cara mais influente e poderoso do Mundo nos tempos atuais 🙌,1
"No local do policial poderia ter colocado a imagem de um político corrupto , tenho certeza que mata muito mais os pobres independente da cor!",1
Silencio diante tamanha violência #somostodasDAMARES,0
Grandr merda tudo por causa de acordoes com o presidente que nao vem e faka pra gente o que ta acontecendo e se vende para esses canalhas. Deveria ter vetado tudo e nao uma parte fa ao o que deu. Tô deceocionada com o que ta acontecendo. Cirrer atrás do leite derramado não adianta pq não vence hipocrisia desse sistema de mentiras. 😢,1
Pastor de merda!!!😠😠😠😠😠,1
"Salve, Ricardo Coutinho! O melhor governador da história da Paraíba!!!",0
"Parabéns, ministra!👍👍👍👍👍❤️❤️❤️❤️❤️❤️🇧🇷🇧🇷🇧🇷🇧🇷🌷🌷🌷🌷🌷",0
Esse cara só evacua pela boca?,1
Duas pessoas maravilhosas se abraçando ❤️❤️,0
Temos tantas coisas pra mudar em nosso país e vcs ai dando corda a uma menina que mal sabe o que é viver.,0
É o colégio militar dos bombeiros.,0
"Respeita nosso presidente, eleito pela maioria dos votos! Olha o preço da nossa gasolina! Pequena comparação, recalcadas",1
Em outros tempos vc não postaria isso...,0
Deputada para dessas birrinhas de criança e vai trabalhar foi pra isso que a senhora foi eleita,1
"Não sei o que é mais precário: A Criança receber dinheiro à esse tipo de pouco e baixo argumento tão cedo, ou x -falta- fundamentalismo da boca suja do indivíduo ao pequeno...",1
"Se foram a Globo ou a Folha que fizeram a pesquisa, então é tudo mentira 😂😂😂😂 vem aqui fazer a tal pesquisa. Fé em Deus que ele voltará e ficará até o diabo lhe chamar.",1
"Quanta intelectualidade, cultura e inteligência em uma única imagem. 🤗❤️",0
Quem não votou tb ajudou a elegê-lo,0
"Eu amo,maravilhosos 😍😍💜",0
SOMOS TODOS NEGROS APOIO A DEPUTADA BENEDITA ❤️,0
"Branco fazendo branquice. Quando o escandinavo resolve salvar o mundo, sai da frente que lá vem discurso grandioso, em inglês perfeito. Que preguiça.",1
Por vários anos lavei as fardas delas com muito orgulho.,0
"🌷 Mulher guerreira, te amo Benedita. 💞👏👏👏👏👏",0
Eleito por cristãos.,0
Bebel e Agostinho casal perfeito,0
"a Receita deferal e @correiosoficial estão devolvendo todas as importações de livros, vinis, revistas, produtos que nao sao fabricados no pais. Não votei no @lulaoficial pra isso. Isso tem alguma relação com o @fernandohaddadoficial Ele quer acabar com a importação no pais? Receita e Correio deveria trabalhar para população, mas estao violando os nossos direitos. Por que amigos?",0
"Esse velho tá ridículo já perdi todo o apreço por ele faz tempo , ele já se provou um velho louco por dinheiro e poder e chupa políticos que estão no poder .",1
Amo essa autêntica Ministra.,0
@joaotorresrodrigues vc é um animal.,1
Esse ladrão tem que voltar pra onde ele nunca deveria ter saído,1
"Bolsonaro é infantil e com viés ditador, votei nele, mas precisamos de outro alguém para 2022. Desejo que ele mude, senão será a mola para impulsionar o PT novamente",1
"Parabéns para esta belíssima mulher, lindaaaaaaaa",0
"Nao nao, tu entendeu errado 🤦‍♀️",0
"Obrigado excelência, muito obrigado esse safado saquiou nosso Brasil 👏👏👏👏👏👏",1
Pirralha pirralha pirralha mil vezes pirralha nojo disso das duas artimanhas contra o Bolsonaro,1
Meu voto será sempre L❤️❤️,0
ISSO É O BONECO ASSASSINO?,1
Miltom Chaves Costa futuro Deputado Federal por Pernambuco porque DEUS QUER BOLSONARO MOURÃO REELEIÇÃO PRIMEIRO 1TURNO,0
Velho babão só fala as negras.,1
"FEINHA, CHATA, BABAQUINHA, CRIANÇA FORÇADA A ADULTA, RIDÍCULA...",1
Tem que fechar esse congresso de bandidos,1
"Vai sim, e o palmeira vai ter mundial 👏",0
"Elon Musk faz mais que toda direita junta, e o melhor, a custo zero",0
@zoo.master44 verdade foi assim que moro se tornou ministro da justiça 😉,0
É a Pirralha sim!!!!!,1
Atual governo é responsável..,0
Que corrupto chato,1
Não se aproveita nada dessa foto,1
"Deus, que nus livra desse demônio do Lula, lulárapio e na cadeia",1
O presidente tem toda razão é uma pirralha sim !,1
"Parabéns a todos, uma ótima notícia",0
"Miliciano, feliciano, tudo a mesma coisa. 🤢🤮",1
Esse cara trocou o lugar da boca pelo fiofó...,1
Em uma possível situação dessas (que foi o que ele falo!) Voce deve achar que tem que agir com o exercito com flores🌹 ne Joice? 👎👎👎,0
Aproveite a nave e vai p inferno! Leva seu amigo junto,1
"Não desista @bolsonarosp e @jairmessiasbolsonaro , o povo de bem, está com vcs!",0
Nojo desse pedofilo desfarsado de bonzinho!,1
"Tá bom eu vou dormir ,até daqui a pouco amor",0
So lixo usando a bíblia e a palavra de Deus. Esse pavão misterioso não se emenda. Jurista???,1
❤️❤️❤️❤️❤️❤️.Dois seres humanos super. Amoooooo,0
Que orgulho de ter votado em Fernando Haddad em 2018. Um dia direi isso ao meu neto.,0
"Uma vergonha! Isto nem ė um jornalista ė uma psicopata prestes a sair do ""armário"" pois ele se expressa em seus textos, e se brincar um estuprador em potencial !",1
Qui lindo estava precisando de uma educaçao de qualidade no nosso paiz graças ao nosso presidente isto está acontecendo,0
"Exemplo de@homem respeitável! Elegante, culto, educado ! E lindo💕",0
"Os caras não prendem bandido, ladrão e assassino e agora vão prender quem compartilha fake news?! Isso ai é para rir estou imaginando o julgamento 200 instâncias e aí depois o STF kkkkkk esse país da desgosto, melhor dizendo é um esgoto",1
Palavras de um líder religioso... que prega os valores cristãos.... ?!?! 😓,0
Que fase chegamos ...😢,0
"Esse enbuste de satanas nao morreu e quer matar o trabalhador , inseto repuginante",1
"O povo tem que se reunir e expulsar esses pastores estelionatários das suas igrejas , bandidos.",1
"Se filiar pode com certeza, ser eleita já é outra conversa 😂",0
Linda! Bem merecido o título de Miss Universo!,0
toma fdp. toma no cano,1
"Palavras corretas Benedita, abaixo o racismo, é preciso no dia da consciência negra temos consciência humana parabéns Benedita",0
A esquerda. E o Dep Kim kataguiri usado como boi de piranha. Fim do mundo. CENSURA TOTAL. ESTE CONGRESSO tem que responder.,1
Sério isso .... Ele é doido,1
"Eu Votei em Bolsonaro e não no filho dele, Bolsonaro foi o único que deu a cara pra bater. Vi vc a um ano atrás comprando briga a qualquer custo pelo Bolsonaro. Até acho que vc ganharia a eleição mas não fácil como foi usando o nome dele. Só quero lhe perguntar uma coisa, Bolsonaro agora então não presta? Então quer dizer que daqui um ano vc pode mudar de ideia e dizer que vc estava errada de novo? Não estou entendendo o seu novo método e queria saber. Não só vc mas vários que a um ano atrás falava 10 palavras e 8 era Bolsonaro.",0
"Eu admiro essa mulher, estamos com a senhora🇧🇷❤️🇧🇷❤️🇧🇷❤️",0
"@marialinagriggio , estou imensamente feliz com seu relato, você também é inspiração para muitas outras pessoas! Acredite sempre. Beijos💚💛",0
Será que a Janaína está tão sensata assim! Eu tô achando que ela tá bem em cima do muro!,0
Que absurdo! Cínico demais!,1
As vamos vencer. Confiaremos em Deus e tudo vai dar certo,0
Essa lei vai servir para punir a globolixo e a imprensa que propagam fake news o tempo todo!😠,1
Tem que pegar o cara que escreveu essa matéria a dar um taca nesse verme. Bater nele até ele perder o caminho de casa. Prender ele na cadeia e quando soltar ele lá dizer que ele estuprador aí ele vai aprender a dar valor.,1
Pensei que ia ser o presidente do Brasil,0
Vermes do Brasil,1
"Ai esta, a licao desta menina, mostrando aos capitalistas o que ESTAO fazendo com as pessoas, com o Planeta, EMOCIONANTE PALAVRAS.",0
É tão gratificante falar: Parabéns Professor!! ❤️❤️❤️❤️,0
👏👏👏cadeia de novo pra esse imbecil de 9 dedos,1
Não precisa de AI5 O que venha o Artigo 142 já.,1
"Canalhice, RACISMO NUNCA MAIS.",1
"E você também...se esquerda voltar serás perseguida . Era momento de unir forças, mas é muito ego correndo nas veias de quem chega no poder. Assim fica difícil...",0
"Parabéns, Ministro! ""Ah, se todos fossem iguais a você!...""",0
Tua luz incômoda as trevas Ministra👏👏,0
Nós é que não vamos desistir. Vamos continuar nossa luta. Essa corja nunca mais vai ter o governo nas garras. Desistir jamais!!! 🇧🇷,1
Bem vindos todos os ermanos!!!!😍😍,0
OH BACHELET RECEBEU PROPINA DA OAS ENTÃO NÓS BRASILEIROS PATRIOTAS ESTAMOS ENTENDENDO A SUA TRISTESA ACABOU A SUA MAMATA CANALHAS,1
Já tá na hora de gravar vídeo com os caras da Galãs Feios,0
Pena porque não tem milhões para sua conta mais não é tranbiqueira.,1
Grande dia. 😂😂😂😂😂😂😂,0
Quem dera que todos os colégios 🏫 pudessem ser militarizados. 👏👏👏👏👏👏👏👏👏👏👏👏👏,0
"Grande merda, o q adianta se depois vem um fdp e solta o Zé cana brava!!!",1
"Manuela, você é maravilhosa!",0
Homem de 😈 disfarçado de 🐑 para enganar o povo,1
"Que merda , outra postagem . Joice tá ridícula",1
É mais uma ameaça desse louco!?,1
"Essa Joicehasselmannoficial é muito infantil 🤦‍♀️!Só dando tiro no pé,o Eduardo deveria se candidatar para prefeito de São Paulo aí ela iria ver o que é mexer com direita RAIZ como ela mesma diz..uma surra de votos!",1
A TIME JÁ ELEGEU HITLER A PERSONALIDADE DO ANO. NESSE CASO PERDEU TODA CREDIBILIDADE. DAR AUDIÊNCIA P UM MENINA DE 16 ANOS É SINAL DE SICIEDADE DOENTE.,1
Pois é deveria ter pena da própria ignorância.,1
"Amei a resposta do nosso presidente, ouviu o que pediu tava sentindo falta dessas respostas do meu presidente BOLSONARO",0
Esse projeto de homem é um representante de uma Igreja. Que absurdo gente!,1
"Esse tal que falou tamanha asneira a nossa amável ministra, não é um homem e sim animal! Que Deus te abençoe nessa grande missão!",1
"Foi prá isso quê o Lula ladrão foi solto?? Quê vergonha, Brasil..",1
FDP ESSES DEPUTADOS E SENADORES TRAIRAS,1
Oxe.. cabeça de ovo quer dominar o mundo mesmo é?? Já não basta o Brasil...,1
"Mete o pé nesta cambada de peba aí, presidente!!! Kkkkkkk",1
Esse modelo não dá certo em nenhum lugar do mundo 🌍,0
Parabéns seu lindo👏,0
Quem dera que a gauchada retrógrada abrisse os olhos... Mas por aqui peão acha que é fazendeiro... 😢,1
"Bem, após breve reflexão sem tomar decisões por impulso, deixo de seguir.",0
Da pra respeitar algum lugar que considere essa pirralha relevante ou de espaço pra ela ?,1
"Está na hora de conscientizar os políticos para termos leis para os autista , conseguirem tratamentos é escolas Adequadas .",0
😂 Porisso gosto dele pq eu sou afiada igual a ele povo pela saco!,1
Lindos um colírio para todos!🇧🇷🇧🇷🇧🇷🇧🇷🇧🇷,0
Que absurdo! Esse homem perdeu o bom senso mesmo!,1
Todos nós brasileiros 🙏 do bem comum... Dia 7 de setembro todos povo nas ruas...#LulaLivre🇧🇷🇧🇷🇧🇷🇧🇷 💑💑💑... Todos nós de preto meu Brasil que já foi Varonil...#LulaLivre🇧🇷🇧🇷🇧🇷🇧🇷 🇧🇷,0
Tudo é culpa do presidente!? Globo lixo vá a merda. Parem de atrapalhar o Brasil,1
"Essa PEC é excelente, contudo, não sei se é o melhor momento para ser aprovada, com a escalada de poder do judiciário, seria tudo que eles precisam para tomar de vez o poder.",0
AMO ESSE GORDOOO e vc tabm haha ❤️❤️❤️,0
A briga de vcs so enfraquece o governo,0
Quero Haddad presidente,0
O q fortalece a esquerda são os traidores q se elegeram as custas do presidente e depois de eleitos o apunhalam pelas costas. Isso sim!!!😠,1
Ledinha melhor reporter de todos os tempos.,0
"Concordo plenamente com sua fala, e o maior sábio é ficar em silêncio para evitar os inimigos.",0
"Olha a forma que você se expressa nessa idade, tenha dó. Extremista de merda.",1
Orgulho ! @realrcoutinho ! Melhor governo que a Paraíba já teve👏👏👏👏,0
Rindo com essa legenda. Tem gente da canhota que ama o tal Queiroz. Kkkkkkkkk,1
"KKKKKK QUE NOJO MEI ASSASSINA MEIA CORRUPTA , MEIA NOJENTA , MEIA IMUNDA.",1
se tem foto tem video,0
"Adorei o "" quem é fã do Queiroz "" 😂😂 A esquerdalha ñ desiste!!!!",1
"O nosso congresso são os ladroes do Ali Baba Lularapio, só que tem mais de 40 ladroes que terão de ser eliminados nas próximas eleições.",1
Porca asquerosa🤮🤮🤮,1
Ele nunca tem motivos. Mas sempre vão,0
Esses bandidos do STF legislam o tempo todo!!!,1
Parabéns Deputada pela sua firmeza e colocações. 😍😍😍👏👏👏👏,0
"Baixe a bola você, miliciano virtual de fake news.",1
Maioria dos Brasileiros que estão nos presídios do País! 👉LULALADRAO É O MANDANTE DA TORTURA E ASSASSINATO DO CELSO DANIEL. CABULOSO!,1
Que linda! Quando olho para uma pessoa o que menos me importa é a cor da pele.,0
Eu faço parte dos 50% hehehe 🇧🇷 #Bolsonaro2022,0
"Tá sem saída Satanaro, nem fugir tu podes, passaporte apreendido, não tem mais o avião presidencial, na qual tu usou pra fugir no dia do golpe de 08 de janeiro. Éeeee a casa caiu pra você e sua familicia",1
"Finalmente , uma representante negra e belíssima ! Miss universo da África do Sul ! Tbém não gosto de concursos mas o resultado me encheu de alegria !",0
Melhor colégio 😍,0
"Exatamente , é o que acho.",0
Porra....sem essa de devolver isenção pro pastores mercenari0s....não dá pra engolir isso.,1
"É pirralha msm,a propósito vc está adorando tudo isso né...",1
Simples... São canalhas que amam o dinheiro do povo. 👊🏾 🇧🇷 Acabou pra eles aí ficam nesta choradeira de 🚮. Esgoto... Lama podre. Isso eh o comunismo. Povo na merda é eles de boa. Canalhas! 👊🏾,1
boa noite presidenta Glesihoffmann,0
Deveria ser extraditado pra Cuba ou Venezuela..,1
"Por qual motivo os homens de bem não se manifestaram, cadê os fake news dos ""kits e mamadeiras"".",1
"FELIZES BOLSOOTARIOS?????? A CADA DIA BOLSOMERDA MOSTRA COM CLAREZA, QUE USOU VOCES, COMO O PESSOAL DO MATO USA O SABUGO DE MILHO.....PARA LIMPAR O CÚ!!!! ENTAO CAPIAUS BOLSOOTARIOS COMO SE SENTEM COMO SABUGOS DE MILHO DE BOLSOMERDA????? SE APENAS ATINGISSE VOCES, ESTRUMES, TUDO BEM,SERIA OTIMO!!!!! MAS VAI ATINGIR A TODOS, QUE NAO SAO IMBECIS COMO VOCES, BOLSOCAPIAUS!!! INFAMES!!!!💩💩💩🐴🐀🐀🐀🐀🐀🐀🐴🐴🐴🐴",1
Tô deletando todos que são contra Bolsonaro,0
"Feliz 2024 para você também, e pode ter certeza que o meu conhecimento não vem de zap zap 😂😂😂",0
"A visão ultrapassada de que idosos são inimputáveis pelas atrocidades expressa, soma-se a certeza da blindagem do poderio econômico. As instituições brasileiras estão na UTI",1
Sem vergonha trate do seu País o nosso temos Bolsonaro@,1
"Eu acho bom ele dizer bastante cocô,pq assim quem o apoiou pode acordar e perceber que ele mitou e está nós matando de vergonha.",1
Excelente! Coragem!,0
@cidaa24 falou a véia que provavelmente recebeu alguma herança de um senhor conservador de direita que deixou para ela kkkkk A esquerda é a escória da sociedade,1
O Queiroz traz um mulher para nós kkkkkkk,1
Parabéns Dep. Eduardo Bolsonaro ..esse hospital é referência até pra nós aqui de Minas...eu mesmo já fiquei internado aí 3 dias e sai bem...Graças a Deus,0
"Precisamos aumentar os colégios militares para outros Estados e cidades , melhor educação e civismo",0
"Penso que não adianta discutir contra opositores, e sim atitudes",0
"Parabéns presidente,essa pirralha o que está fazendo aqui? Vai cuida do seu País pirralha. Sabemos que você é só fantoche. @joicehasselmannoficial você é a canalhice de pessoa Deputada. Você não mim representa.",1
Haddad será nosso Presidente 2022👏👏👏👏👏👏👏,0
O que esperar de um NAZISTA?,1
"Gente, para que ta dando vergonha. Não defendo nenhuma das duas, não elegi nenhuma das duas, mas respeitem-se pelo amor!!! E vão trabalhar por quem elegeu vocês. Esses mimimi ta nojento!",1
A deputada Benedita meus parabéns pelo seu pronunciamento correto. Essa é verdadeira. 👏👏,0
Entrevistar uma anta dessa!,1
E tem idiota que acha graça nisso e ainda aplaude..nojo desse velho porco,1
Não vou perder POR nada,0
Esse cara o futuro presidente do país.,0
Nosso Brasil está no caminho certo!!,0
Sem dúvida os grandes educadores por isso que estamos entra às piores escolas do mundo. Horrível,1
Que vergonha! Que política lixo temos no nosso país! 🤮,1
👏👏👏 Boa pergunta ...queria que ela respondesse,0
"Parabéns, saúde merece tudo investimento",0
"Deputada isso é tão pequeno que me assusta a Senhora ficar dando destaque, vamos nos preocupar com o país.",0
Tão burro que doi😒 #elenao,1
E por isso que voto em MULHERES👏👏👏👏👏 😍😍😍😍,0
E o q vcs vão fazer a respeito @carla.zambelli ????,0
"dessa vez ninguém quebrou a mesa, né? vaza daqui playboy filho da puta",1
Benedita é um patrimônio da comunidade negra e do Rio... orgulho da raça...fora racistas!!!!,0
"Eu acho, que o filho do presidente , é seu maior impecilio , o presidente perde muito tempo tentando explicar as burrice filho errrr.",1
Essa vagabunda não tem que falar nada!,1
NOSSO ETERNO PRESIDENTE...PARABÉNS FELICIDADES COM MUITA SAÚDE PAZ 🇧🇷🩵🇧🇷🩵🇧🇷🩵🇧🇷,0
Sérgio Moro..mande prender esse canalha ele está fazendo incitação a violência,1
Vai ter chuva de likes. Admiração por seu caráter e sua integridade @bolsonarosp. Sei que será uma baita entrevista!!!,0
Dia de justiça!! Esperamos que não sejam soltos sem o julgamento definitivo!!,0
"Eu nem sei o que é pior, se é ver o falso profeta espalhando ódio ou se é ver pessoas admirando esse tipo de ""gente.""",1
"Esse que falou tal imbecilidade a nossa amável ministra, não merece perdão",1
Parabéns. vc merece professor❤️👏,0
Pois é.... A pena dela é exatamente pq não vai mais receber propina,1
Que nojo deste cara.,1
"Parece gagá, mas sempre foi assim. É um nojento mau caráter mesmo. Mais um episódio grotesco desse cretino com crianças. #racista e #pedófilo",1
"Concordo com Bolsonaro, onde já se viu!",0
nojo nojo nojo 🤮🤮🤮🤮🤮,1
Vitória certa....Parabéns,0
Precisamos de união e articulação da esquerda brasileira nesse momento triste do país. Por favor @fernandohaddadoficial promova a união e façam a força!,0
Quem tirou essa foto estourou no ISO legal rsrs ..mas a iniciativa é espetacular 👏👏👏 parabenß,0
Que absurdo fizeram com esta mulher. É muito triste e revoltante.,1
"Continuo contra! Pode ser negra, polonesa, freira, macumbeira ou miss Piraquara. Sou contra!",1
O que vem desse palhaço nada me surpreende eu só digo uma coisa parabéns para quem votou nesse despreparado...,1
Muito bem ministro.,0
Você é criticada mesmo sem falar. Pena,1
Você vai rir feito um condenado Haddad?,1
"Palhaçada, pirralha",1
Essa gentalha tirando uma de vítima. Vão derrubar Já já. Coitados. Deus é Deus!,1
