text_id,num_words,num_bytes,num_tokens,tokens_per_word,average_nll,total_nll,ppl,bpb
0,153,999,241,1.5751633986928104,2.803941249847412,672.9458999633789,16.50958712168552,0.9718275402039311
1,173,1103,245,1.416184971098266,2.791374444961548,681.0953645706177,16.303412552700514,0.8908548547946425
2,156,945,215,1.3782051282051282,3.1843318939208984,681.4470252990723,24.15114748606946,1.0403388825687911
3,169,1018,238,1.4082840236686391,3.1671862602233887,750.6231436729431,23.740590445876386,1.0637723840407063
4,173,1070,230,1.329479768786127,3.271484375,749.169921875,26.35042423874788,1.0101156365161073
5,203,1254,305,1.5024630541871922,2.897873640060425,880.9535865783691,18.135541652037823,1.013514649609218
6,157,1009,230,1.464968152866242,3.016345262527466,690.7430651187897,20.416538078224196,0.9876428092916949
7,148,1038,234,1.5810810810810811,2.7574708461761475,642.4907071590424,15.759933205265037,0.8929847370285102
8,189,1236,260,1.3756613756613756,4.28248405456543,1109.1633701324463,72.42011226759404,1.294647648564539
9,178,1149,269,1.5112359550561798,3.7195403575897217,996.8368158340454,41.24543160136416,1.2516375376669473
10,162,1014,214,1.3209876543209877,3.991811513900757,850.2558524608612,54.152899293184994,1.20972376906519
11,126,844,227,1.8015873015873016,2.8982832431793213,655.0120129585266,18.14297154801178,1.1196476099738908
12,131,826,192,1.465648854961832,4.18865442276001,800.0329947471619,65.93401193848372,1.39734096134295
13,135,898,183,1.3555555555555556,4.155544281005859,756.3090591430664,63.786672975914755,1.2150593864199328
14,236,1472,332,1.4067796610169492,4.232255935668945,1400.876714706421,68.87242881998401,1.372987696469957
15,202,1331,293,1.4504950495049505,4.60031270980835,1343.291311264038,99.51543022787654,1.4560178161005717
16,89,515,134,1.5056179775280898,4.902919292449951,652.0882658958435,134.68238360888787,1.8267271988928488
17,172,1193,240,1.3953488372093024,4.480144500732422,1070.7545356750488,88.24742357171284,1.294863586444055
18,173,1266,312,1.8034682080924855,3.9548757076263428,1229.9663450717926,52.189206820894974,1.4016321852254334
19,180,1215,259,1.4388888888888889,3.9458463191986084,1018.028350353241,51.72009130113549,1.2088102490032864
20,164,1100,257,1.5670731707317074,4.582435607910156,1173.103515625,97.75219050866109,1.5385732949469055
21,180,1241,253,1.4055555555555554,4.680615425109863,1179.5150871276855,107.83641739319334,1.3712172174478852
22,190,1257,264,1.3894736842105264,5.128974914550781,1348.9204025268555,168.84394982778406,1.5481947297370235
23,212,1428,310,1.4622641509433962,4.37060022354126,1350.5154690742493,79.09108978940377,1.3644131441717449
24,167,1072,213,1.2754491017964071,4.76328182220459,1009.815746307373,117.12969465687233,1.3590076207175696
25,172,1252,255,1.4825581395348837,3.741124391555786,950.2455954551697,42.14535141095678,1.0949797190014006
26,237,1485,355,1.4978902953586497,4.387585163116455,1553.205147743225,80.44592045803847,1.5089571475638792
27,283,1798,436,1.540636042402827,3.9045050144195557,1698.4596812725067,49.6255099199503,1.36282500518448
28,218,1360,315,1.444954128440367,4.084975242614746,1282.6822261810303,59.4404661425074,1.3606759461380795
29,255,1621,418,1.6392156862745098,3.8662097454071045,1612.2094638347626,47.761016167985034,1.4348714363656179
30,149,958,212,1.4228187919463087,4.508049488067627,951.1984419822693,90.74464726209939,1.4324522705105724
31,107,652,236,2.205607476635514,2.840912342071533,667.6144003868103,17.131388095606944,1.4772453752517027
32,182,1268,381,2.0934065934065935,3.600681781768799,1368.2590770721436,36.623194960537724,1.5567670229836683
33,228,1575,472,2.0701754385964914,3.335780143737793,1571.1524477005005,28.100296945455376,1.4391706950971863
34,157,1145,344,2.1910828025477707,3.343717336654663,1146.8950464725494,28.324221915589437,1.4450827912367374
35,132,936,294,2.227272727272727,3.509150743484497,1028.1811678409576,33.41987368324119,1.584777641003817
36,112,844,240,2.142857142857143,3.4510815143585205,824.8084819316864,31.53447886455613,1.4098899366895714
37,91,628,249,2.7362637362637363,2.5286176204681396,627.0971698760986,12.536164415913358,1.440620982700241
38,164,966,241,1.4695121951219512,2.412170648574829,578.920955657959,11.15815531097325,0.8646028900563529
39,164,1017,224,1.3658536585365855,2.904757499694824,647.7609224319458,18.260814862062595,0.9189001676246104
40,162,911,222,1.3703703703703705,2.896953821182251,640.2267944812775,18.11886790804821,1.0138880586634211
41,167,974,235,1.407185628742515,2.904083490371704,679.5555367469788,18.248511049505773,1.006562015270538
42,164,960,213,1.298780487804878,3.3293957710266113,705.8319034576416,27.921465646725572,1.060729361270372
43,200,1129,271,1.355,3.1967055797576904,863.1105065345764,24.451842715246162,1.1029275885886578
44,161,934,207,1.2857142857142858,3.2640368938446045,672.3916001319885,26.154908902869842,1.0386038833466968
45,163,1040,238,1.460122699386503,2.552252769470215,604.8839063644409,12.835987757319188,0.8390990500245413
46,250,1538,422,1.688,3.1062638759613037,1307.7370917797089,22.33743288654055,1.226700791350547
47,300,1731,472,1.5733333333333333,3.135251760482788,1476.7035791873932,22.99442420070245,1.2307527039610833
48,202,1253,338,1.6732673267326732,3.4386954307556152,1158.8403601646423,31.146299148876768,1.3342803198655304
49,234,1487,435,1.858974358974359,3.2920145988464355,1428.734335899353,26.896995766990624,1.386165394182773
50,125,872,228,1.824,3.088698387145996,701.1345338821411,21.948490937241125,1.1600038016373393
51,116,656,242,2.086206896551724,2.418104410171509,582.7631628513336,11.224561970244089,1.2816303735646135
52,184,1107,292,1.5869565217391304,2.6346964836120605,766.6966767311096,13.939081081507453,0.9991955676477151
53,179,1091,259,1.446927374301676,3.0629186630249023,790.2330150604248,21.389896043367898,1.0449727332487704
54,166,938,226,1.3614457831325302,3.502375841140747,788.0345642566681,33.19422254800108,1.2120400404074525
55,175,1013,254,1.4514285714285715,3.0840396881103516,780.262041091919,21.846477333520674,1.1112341335411768
56,176,1045,245,1.3920454545454546,3.162407159805298,771.6273469924927,23.62740246394915,1.0652851166702169
57,226,1294,339,1.5,3.339388608932495,1128.7133498191833,28.20187905647465,1.2584151100226473
58,171,1007,228,1.3333333333333333,3.2012856006622314,726.6918313503265,24.56408951617102,1.0411069526749106
59,173,1150,264,1.5260115606936415,2.7239153385162354,716.3897340297699,15.23987485356172,0.898723405763924
60,161,961,233,1.4472049689440993,2.533045768737793,587.666618347168,12.59179949997037,0.8822307138246059
61,158,1002,221,1.3987341772151898,2.937662124633789,646.2856674194336,18.871675074673455,0.9305320632571166
62,156,899,212,1.358974358974359,3.023242473602295,637.9041619300842,20.55784199205697,1.023694294748568
63,160,959,231,1.44375,3.0835635662078857,709.2196202278137,21.836078222989055,1.0669318342062781
64,156,928,215,1.3782051282051282,3.3003714084625244,706.2794814109802,27.12271065444219,1.098002053139278
65,185,1075,272,1.4702702702702704,2.9685192108154297,804.4687061309814,19.46307753208523,1.079630709660956
66,155,929,205,1.3225806451612903,2.961235523223877,604.0920467376709,19.321829583195548,0.938127664229173
67,151,985,227,1.5033112582781456,2.6217668056488037,592.5192980766296,13.760013390462536,0.8678422872752926
68,156,1089,283,1.814102564102564,3.1783719062805176,896.300877571106,24.007635036578044,1.187409395056254
69,149,1086,348,2.335570469798658,2.5640389919281006,889.7215301990509,12.988170633406126,1.1819492075417226
70,128,945,235,1.8359375,3.345803737640381,782.9180746078491,28.383379291658006,1.1952508186868565
71,110,861,295,2.6818181818181817,2.153583526611328,633.1535568237305,8.615677653530437,1.0609146301403072
72,108,784,236,2.185185185185185,2.84531831741333,668.6498045921326,17.20703509616101,1.2304308127250563
73,111,905,232,2.09009009009009,2.7624692916870117,638.1304063796997,15.838905577773417,1.0172680361596154
74,195,1311,415,2.128205128205128,2.775867223739624,1149.2090306282043,16.052542106622457,1.26465154037538
75,171,1248,335,1.95906432748538,3.3868401050567627,1131.2045950889587,29.572358928244594,1.3076788938827313
76,64,405,122,1.90625,4.194443225860596,507.5276303291321,66.31679781833468,1.8079199886171997
77,161,1179,341,2.1180124223602483,2.8978466987609863,985.2678775787354,18.13505306356133,1.205632808252787
78,125,1023,272,2.176,2.938977003097534,796.4627678394318,18.896505354626687,1.1232188518227233
79,134,984,258,1.9253731343283582,2.684553623199463,689.930281162262,14.651659759351478,1.0115436943007352
80,114,949,233,2.043859649122807,2.7111802101135254,628.9938087463379,15.047023689064241,0.9562131176271894
81,106,822,251,2.3679245283018866,2.3263068199157715,581.5767049789429,10.240053251255617,1.0207272848779376
82,85,703,197,2.3176470588235296,2.8170108795166016,552.1341323852539,16.726777518776025,1.1330884419597955
83,102,884,206,2.019607843137255,2.4592275619506836,504.14165019989014,11.695773789187964,0.8227631885169231
84,170,1257,342,2.011764705882353,3.223618507385254,1099.2539110183716,25.118848670910964,1.2616453190962629
85,163,1224,334,2.049079754601227,3.394836187362671,1130.4804503917694,29.8097698579313,1.3324661271259213
86,67,451,139,2.074626865671642,4.268063545227051,588.992769241333,71.38327121799506,1.8841173997869818
87,135,1139,333,2.466666666666667,2.8048720359802246,931.2175159454346,16.524961170302515,1.1795108799327636
88,224,1438,381,1.7008928571428572,2.9932713508605957,1137.4431133270264,19.950842057888693,1.1411568420655105
89,276,1679,441,1.5978260869565217,2.7509653568267822,1210.4247570037842,15.657739896804692,1.0400677750438285
90,183,1207,303,1.6557377049180328,2.9866790771484375,901.9770812988281,19.819753207784025,1.0781092478751622
91,239,1501,428,1.790794979079498,2.971738576889038,1268.9323723316193,19.525837272664692,1.2196418659468986
92,130,873,208,1.6,3.107592821121216,643.2717139720917,22.36713784361763,1.0630525907121195
93,97,571,207,2.134020618556701,2.124372720718384,437.62078046798706,8.367646989942394,1.1056976002996894
94,188,1312,355,1.8882978723404256,3.5316193103790283,1250.193235874176,34.17926967320091,1.3747313883754573
95,227,1539,421,1.854625550660793,3.639242172241211,1528.4817123413086,38.062980609509076,1.4328349489826362
96,158,1151,319,2.018987341772152,3.6150922775268555,1149.59934425354,37.154774318147254,1.440939420472447
97,197,1365,404,2.050761421319797,3.4878687858581543,1405.6111207008362,32.71614823605505,1.4856177239952195
98,118,882,234,1.9830508474576272,3.8023507595062256,885.9477269649506,44.806389835469425,1.4491523720852422
99,96,615,235,2.4479166666666665,2.8418469429016113,664.992184638977,17.147406589424314,1.559968987005805
100,162,1033,233,1.4382716049382716,3.079707145690918,714.492057800293,21.7520312872455,0.9978646162081639
101,193,1114,271,1.4041450777202074,2.6421401500701904,713.3778405189514,14.043226081258526,0.923865954036597
102,140,898,191,1.3642857142857143,2.729173183441162,518.5429048538208,15.320214774557416,0.8330726918939475
103,120,840,242,2.0166666666666666,2.2124855518341064,533.2090179920197,9.138402160286088,0.9157833404932867
104,110,702,180,1.6363636363636365,2.7191946506500244,486.73584246635437,15.168101703864421,1.000301119870543
105,126,930,184,1.4603174603174602,2.510179281234741,459.36280846595764,12.307136301327944,0.7126026298308212
106,199,1265,301,1.5125628140703518,3.0175704956054688,905.2711486816406,20.441568426890225,1.0324349382315088
107,184,1182,258,1.4021739130434783,3.6382715702056885,935.0357935428619,38.02605452621614,1.1412618463603754
108,77,439,110,1.4285714285714286,3.94596004486084,430.10964488983154,51.72597353724364,1.4134784777245402
109,164,1044,226,1.3780487804878048,2.8843863010406494,648.9869177341461,17.892583565506673,0.8968297009740098
110,180,1103,306,1.7,3.0557844638824463,932.0142614841461,21.23783931179292,1.2190501841169241
111,168,1116,273,1.625,3.7216615676879883,1012.2919464111328,41.33301468560546,1.308627751809299
112,159,1015,240,1.509433962264151,4.038896083831787,965.2961640357971,56.7636458992969,1.372047279648851
113,186,1153,267,1.435483870967742,3.8937621116638184,1035.7407217025757,49.09524130460773,1.2959739833886055
114,183,1113,283,1.546448087431694,3.74665904045105,1056.557849407196,42.3792578314484,1.3695334858509165
115,215,1314,338,1.572093023255814,3.613323211669922,1217.6899223327637,37.089103180889296,1.3369522163546006
116,165,1051,260,1.5757575757575757,3.6611928939819336,948.2489595413208,38.907727994139975,1.3016499252696316
117,205,1303,311,1.5170731707317073,3.417880058288574,1059.542818069458,30.504678286350007,1.173136737711684
118,138,955,252,1.826086956521739,3.0563671588897705,767.1481568813324,21.250218100905315,1.1589118759788553
119,156,1074,254,1.6282051282051282,3.075350761413574,778.0637426376343,21.657477186681906,1.0451663901292567
120,131,860,222,1.6946564885496183,3.5849709510803223,792.2785801887512,36.05231042297823,1.3290888123730933
121,145,1082,286,1.9724137931034482,3.3259286880493164,947.8896760940552,27.82482723198684,1.2638777587899623
122,133,972,246,1.849624060150376,3.640385627746582,891.8944787979126,38.10652882721759,1.3237980880226288
123,161,1147,301,1.8695652173913044,3.392704963684082,1017.8114891052246,29.746306222180003,1.280201907490775
124,137,938,236,1.7226277372262773,3.5633597373962402,837.3895382881165,35.28153493415926,1.2879506760986827
125,129,1005,251,1.945736434108527,2.8948965072631836,723.7241268157959,18.081630027042927,1.038918615650591
126,230,1355,335,1.4565217391304348,3.9249110221862793,1310.9202814102173,50.648571259200295,1.3957625011005792
127,267,1510,360,1.348314606741573,3.699798822402954,1328.2277772426605,40.43916808701462,1.2690249188072564
128,185,1130,272,1.4702702702702704,3.7168140411376953,1007.2566051483154,41.1331366479634,1.2859859373009979
129,229,1354,387,1.6899563318777293,3.52073335647583,1359.0030755996704,33.80921358029775,1.4480258476517678
130,130,811,195,1.5,3.4672794342041016,672.6522102355957,32.04943114438776,1.196586939518982
131,91,547,151,1.6593406593406594,2.864903211593628,429.7354817390442,17.547354741890654,1.133413616817091
132,308,1973,487,1.5811688311688312,1.7156972885131836,833.8288822174072,5.560551469540842,0.6097115019386928
133,186,1094,258,1.3870967741935485,3.0097177028656006,773.4974496364594,20.28167365866997,1.0200374174870024
134,225,1567,330,1.4666666666666666,2.4836220741271973,817.1116623878479,11.98459498864005,0.752292880140067
135,311,2053,458,1.472668810289389,2.17443585395813,993.7171852588654,8.797220804722803,0.6983102071208497
136,179,1229,250,1.3966480446927374,3.396545648574829,845.7398664951324,29.860772083990252,0.9927947203210916
137,320,1968,454,1.41875,2.396975517272949,1085.829909324646,10.989887340520482,0.795996659264014
138,283,1863,459,1.6219081272084805,1.7023022174835205,779.6544156074524,5.486564126777708,0.6037592909307861
139,333,2045,450,1.3513513513513513,2.3207504749298096,1042.0169632434845,10.183313760785017,0.7351162373562604
140,312,1957,480,1.5384615384615385,1.8860158920288086,903.4016122817993,6.5930488668222775,0.6659851946704374
141,201,1240,295,1.4676616915422886,2.709002733230591,796.4468035697937,15.014294788967765,0.926636978904845
142,179,1105,250,1.3966480446927374,3.1038596630096436,772.8610560894012,22.28379344724263,1.009052319381345
143,96,630,133,1.3854166666666667,3.92250394821167,517.7705211639404,50.5268030128533,1.1856904177804937
144,317,1721,413,1.3028391167192428,3.4443531036376953,1419.0734786987305,31.323014147399878,1.1895934168365534
145,311,1749,429,1.3794212218649518,3.664498805999756,1568.4054889678955,39.03656636652366,1.2937283139148157
146,329,1820,410,1.2462006079027355,3.909263849258423,1598.888914346695,49.862232340159586,1.267422586626547
147,102,494,114,1.1176470588235294,5.133119106292725,580.0424590110779,169.54512342573963,1.6939764759520686
148,310,1849,460,1.4838709677419355,2.750187873840332,1262.3362340927124,15.645571001596146,0.9849465791563039
149,302,1821,472,1.5629139072847682,2.8488500118255615,1341.8083555698395,17.267912522818655,1.0630534104360145
150,304,1782,403,1.325657894736842,3.2657766342163086,1312.842206954956,26.200451258256646,1.0628680928415473
151,156,1212,408,2.6153846153846154,3.473585367202759,1413.7492444515228,32.252171270829976,1.6828457293982928
152,168,1101,403,2.3988095238095237,3.1256468296051025,1256.5100255012512,22.7746216297486,1.6464675591443416
153,158,1134,392,2.481012658227848,2.7356956005096436,1069.6569797992706,15.420466190261159,1.360836702124051
154,123,865,315,2.5609756097560976,2.7728097438812256,870.6622595787048,16.003536737096432,1.452138871888297
155,129,910,321,2.488372093023256,2.807640314102173,898.4449005126953,16.570770235638694,1.4243758269029052
156,149,1145,359,2.4093959731543624,2.5546669960021973,914.5707845687866,12.867014176859971,1.152355227457919
157,209,1266,411,1.9665071770334928,4.15616512298584,1704.0277004241943,63.82628671592547,1.9418580670927406
158,199,1271,414,2.080402010050251,3.7538511753082275,1550.340535402298,42.68515387312706,1.7597707333706025
159,85,486,170,2.0,3.9181082248687744,662.1602900028229,50.305188600074615,1.965628326462285
160,179,1242,402,2.2458100558659218,3.357874870300293,1346.5078229904175,28.728075077178516,1.5640903049488484
161,317,1779,454,1.4321766561514195,3.0816097259521484,1395.9692058563232,21.79345566672194,1.1320729907378426
162,312,1641,415,1.330128205128205,2.504068374633789,1036.6843070983887,12.232157867296682,0.9114072570495164
163,326,1795,458,1.4049079754601228,2.93117618560791,1339.547516822815,18.749670625233485,1.076634295016936
164,338,1760,469,1.3875739644970415,3.0206522941589355,1413.6652736663818,20.504662394411582,1.1587999317019482
165,213,1095,262,1.2300469483568075,2.768256187438965,722.5148649215698,15.930829393416314,0.9519348060190942
166,296,1566,364,1.2297297297297298,3.64277982711792,1322.329077243805,38.197872758737894,1.2182104739226796
167,326,1755,439,1.3466257668711656,3.3818607330322266,1481.2550010681152,29.425473154446326,1.2176633870842999
168,310,1571,361,1.164516129032258,3.307631492614746,1190.7473373413086,27.32034035228016,1.0934979494169597
169,336,1879,462,1.375,2.8552911281585693,1316.2892100811005,17.379496131928626,1.0106460435123228
170,257,1736,410,1.595330739299611,2.7887961864471436,1140.6176402568817,16.261432281723238,0.9479051919061491
171,261,1525,372,1.4252873563218391,2.6876864433288574,997.1316704750061,14.6976327489278,0.9433160105623732
172,262,1640,358,1.366412213740458,2.483607769012451,886.6479735374451,11.984423548859787,0.7799772161199519
173,284,1582,403,1.4190140845070423,2.7557051181793213,1107.7934575080872,15.732130003645866,1.0102453397447257
174,263,1517,375,1.4258555133079849,3.69209361076355,1380.8430104255676,40.128773103587356,1.3132072270185586
175,265,1434,346,1.3056603773584905,3.759305953979492,1296.9605541229248,42.91862813635849,1.3048246580625842
176,269,1419,355,1.3197026022304832,3.3142027854919434,1173.227786064148,27.500461476405953,1.1928188222606653
177,264,1453,372,1.4090909090909092,3.8145179748535156,1415.1861686706543,45.35488891606265,1.405149392619274
178,217,1294,301,1.3870967741935485,3.858929395675659,1157.6788187026978,47.4145619509581,1.2907090345321293
179,217,1416,515,2.3732718894009217,4.300605297088623,2210.5111227035522,73.74441747411223,2.252184628922535
180,260,1619,622,2.3923076923076922,3.350816249847412,2080.856891155243,28.52600849350884,1.8542568978809726
181,176,1219,452,2.5681818181818183,3.7398457527160645,1686.670434474945,42.09149716513147,1.9961862768097103
182,214,1380,571,2.6682242990654204,3.389453649520874,1931.9885802268982,29.649748689952233,2.0197611186575766
183,121,826,305,2.520661157024793,3.7908935546875,1152.431640625,44.29596346320515,2.0128419042290795
184,83,570,252,3.036144578313253,2.9690892696380615,745.2414066791534,19.474175794178528,1.886238739791456
185,244,1421,348,1.4262295081967213,3.5080912113189697,1217.3076503276825,33.38448300419817,1.2358928292497846
186,283,1583,386,1.3639575971731448,3.1748757362365723,1222.3271584510803,23.92384681641657,1.1139894692617003
187,199,1221,287,1.4422110552763818,3.0808355808258057,881.1189761161804,21.776590897962908,1.0411023564913797
188,240,1434,403,1.6791666666666667,3.1995739936828613,1286.2287454605103,24.522081410052653,1.294027777213885
189,142,854,193,1.3591549295774648,3.232952833175659,620.7269439697266,25.354413898785804,1.048617896734527
190,93,570,203,2.182795698924731,1.9902822971343994,402.0370240211487,7.317599208048259,1.0175733698404708
191,224,1790,629,2.8080357142857144,2.802542209625244,1759.9965076446533,16.486505694937897,1.418512979642925
192,221,1584,557,2.520361990950226,2.4648971557617188,1370.4828186035156,11.762272407827586,1.248225231075013
193,212,1610,562,2.650943396226415,2.5512211322784424,1431.2350552082062,12.82275250311967,1.2825066562082739
194,244,1631,577,2.3647540983606556,3.179267168045044,1831.2578887939453,24.02913777813798,1.6198324186093305
195,228,1575,562,2.4649122807017543,3.448657751083374,1934.6969983577728,31.458139304666396,1.772176358827633
196,231,1408,510,2.207792207792208,3.5416295528411865,1802.689442396164,34.52313064427975,1.8471101696078382
197,221,1437,513,2.321266968325792,3.4758996963500977,1779.66064453125,32.32689985077778,1.7867136996036816
198,242,1484,524,2.165289256198347,3.382901191711426,1769.2573232650757,29.456105076240465,1.7200126457756106
199,206,1383,491,2.383495145631068,3.076021194458008,1507.2503852844238,21.67200194344132,1.57230850052626
200,233,1373,373,1.6008583690987124,3.559908628463745,1324.2860097885132,35.15998437654387,1.3915082731540578
201,272,1501,397,1.4595588235294117,3.407379150390625,1349.3221435546875,30.186027458809676,1.2969089707315213
202,195,1155,306,1.5692307692307692,3.443655490875244,1050.3149247169495,31.301170433085034,1.311934314511522
203,230,1375,418,1.817391304347826,3.2942276000976562,1373.6929092407227,26.956584763219528,1.4413235984479444
204,131,821,204,1.5572519083969465,3.4523308277130127,700.8231580257416,31.573899929632784,1.2315153405893784
205,96,578,202,2.1041666666666665,2.9824206829071045,599.466557264328,19.735532334970436,1.4962758293149236
206,454,1834,617,1.3590308370044053,2.7219667434692383,1676.7315139770508,15.210207423196472,1.3189815922120693
207,323,1333,450,1.3931888544891642,3.285529613494873,1475.202796459198,26.72313349988323,1.596599969060177
208,487,2119,715,1.4681724845995894,2.169800043106079,1549.2372307777405,8.756532936546483,1.0547790797562986
209,463,2041,653,1.4103671706263499,2.865054130554199,1868.015293121338,17.55000317027308,1.3204195980847122
210,494,2220,648,1.311740890688259,2.9822425842285156,1929.5109519958496,19.732017775718802,1.253917063867277
211,137,579,195,1.4233576642335766,2.3616065979003906,458.1516799926758,10.607980528576496,1.1415771272890858
212,500,2390,892,1.784,2.0434045791625977,1820.6734800338745,7.71683710886878,1.0990278664112643
213,414,1844,614,1.4830917874396135,2.3877549171447754,1463.6937642097473,10.889019728499564,1.1451538693088406
214,419,1767,560,1.3365155131264916,2.499723434448242,1397.3453998565674,12.179125168406868,1.1408847078562963
215,454,1883,626,1.3788546255506609,2.8907346725463867,1806.7091703414917,18.006533649210795,1.3842434202763056
216,406,1759,625,1.5394088669950738,2.193302631378174,1368.6208419799805,8.964771613447624,1.1225142135200656
217,433,1883,642,1.4826789838337182,2.2267491817474365,1427.3462255001068,9.269682991533399,1.0935875311527266
218,348,2029,559,1.6063218390804597,2.8317809104919434,1580.1337480545044,16.975666061943006,1.1235343135828115
219,347,1899,508,1.4639769452449567,2.4308297634124756,1232.4306900501251,11.368311176176576,0.9362936518034116
220,362,2125,574,1.5856353591160222,2.774397850036621,1589.729968070984,16.02897224409346,1.0792920194299194
221,381,1971,545,1.4304461942257218,2.984318733215332,1623.4693908691406,19.773026940268945,1.1883162045874864
222,215,1202,322,1.4976744186046511,2.784599781036377,893.856529712677,16.193335699672758,1.0728472401686335
223,315,1793,446,1.415873015873016,3.7210142612457275,1655.8513462543488,41.30626821643622,1.3323416205747145
224,349,1972,515,1.475644699140401,3.4426393508911133,1769.5166263580322,31.269380216648283,1.294560274653804
225,341,1859,479,1.404692082111437,2.9930875301361084,1430.6958394050598,19.94717501669689,1.1103054290103027
226,381,2167,565,1.4829396325459319,2.9403834342956543,1658.376256942749,18.92310068716167,1.1040753123300902
227,153,1098,261,1.7058823529411764,2.847105026245117,740.2473068237305,17.237806539354807,0.9726330770364361
228,183,1097,263,1.4371584699453552,2.932968854904175,768.4378399848938,18.78331272965271,1.0105938568620174
229,166,1075,227,1.3674698795180722,2.9219324588775635,660.3567357063293,18.577152377878477,0.8862264072754839
230,133,891,242,1.8195488721804511,2.6954660415649414,649.6073160171509,14.81242034850748,1.0518353011707444
231,124,832,207,1.6693548387096775,2.513258457183838,517.7312421798706,12.34509054333579,0.8977503552958922
232,163,1159,240,1.4723926380368098,2.31980299949646,554.4329168796539,10.173669890553095,0.6901446244071437
233,218,1282,300,1.3761467889908257,3.497392416000366,1045.7203323841095,33.02921312239406,1.1767983913317577
234,210,1330,303,1.4428571428571428,3.5365798473358154,1068.0471138954163,34.349238423169766,1.1585460711674338
235,98,507,136,1.3877551020408163,3.68149995803833,497.00249433517456,39.705906622058066,1.4142466151613442
236,190,1198,264,1.3894736842105264,3.247366428375244,854.0573706626892,25.722508568356933,1.028501112929657
237,323,1972,432,1.3374613003095974,2.6872661113739014,1158.2116940021515,14.691456162420499,0.8473358353126316
238,231,1293,302,1.3073593073593073,3.715740919113159,1118.438016653061,41.08901944889095,1.2479234185360084
239,334,2165,486,1.4550898203592815,1.9670442342758179,954.0164536237717,7.149512941214799,0.6357297028034602
240,316,1981,477,1.509493670886076,2.9660720825195312,1411.8503112792969,19.415507113529216,1.0282026464210907
241,306,2064,435,1.4215686274509804,2.922307014465332,1268.281244277954,18.584111857381046,0.8865034213044033
242,85,538,116,1.3647058823529412,3.182790517807007,366.0209095478058,24.11395015911157,0.9815177529113146
243,313,1841,440,1.4057507987220448,3.6008012294769287,1580.7517397403717,36.62756977851594,1.2387521432917086
244,323,1720,381,1.1795665634674923,3.5691795349121094,1356.2882232666016,35.48746497786557,1.1376222637923425
245,312,1772,349,1.1185897435897436,3.162822961807251,1100.6623907089233,23.637228827963952,0.8961174789891391
246,313,1774,359,1.1469648562300319,4.207263946533203,1506.2004928588867,67.17250060122502,1.224908670593026
247,312,1807,392,1.2564102564102564,2.812635898590088,1099.7406363487244,16.65375803206898,0.8780245502625221
248,317,1755,391,1.2334384858044165,3.2829720973968506,1280.3591179847717,26.654875977828805,1.0525172365091724
249,261,1938,831,3.1839080459770117,2.4777073860168457,2056.497130393982,11.91391906621341,1.530907229939
250,162,1217,501,3.0925925925925926,3.3054792881011963,1652.7396440505981,27.26160462078739,1.9592434579723819
251,192,1563,645,3.359375,2.9574098587036133,1904.571949005127,19.248051959493527,1.7579760114177378
252,262,2126,890,3.3969465648854964,2.7255454063415527,2423.0098662376404,15.264737141324872,1.6442447403791507
253,132,1165,498,3.772727272727273,3.1702048778533936,1575.5918242931366,23.812362482411242,1.9511575204917624
254,232,1886,764,3.293103448275862,2.7990076541900635,2135.6428401470184,16.42833608903486,1.6336592442153366
255,218,1682,672,3.0825688073394497,2.6998860836029053,1811.6235620975494,14.878036775988068,1.5538765332911615
256,252,1953,782,3.1031746031746033,2.8192837238311768,2201.860588312149,16.764838116482775,1.626530133889807
257,257,1980,825,3.21011673151751,2.600374937057495,2142.708948135376,13.46878703579302,1.5612502896683405
258,164,1361,551,3.3597560975609757,3.1242759227752686,1718.3517575263977,22.743421136780427,1.8214971043983603
259,152,1145,469,3.085526315789474,3.321887254714966,1554.643235206604,27.712601975884027,1.9588437430429189
260,90,666,271,3.011111111111111,3.798069477081299,1025.4787588119507,44.61497107740692,2.2214010808933495
261,274,1931,742,2.708029197080292,3.3446826934814453,2478.409875869751,28.351578098693537,1.8516776992270954
262,273,1841,683,2.501831501831502,3.415733575820923,2329.5302987098694,30.439270752402596,1.8255305863928921
263,268,1897,721,2.6902985074626864,3.534991502761841,2545.1938819885254,34.29472330255925,1.935655557008843
264,82,546,213,2.597560975609756,4.524163246154785,959.1226081848145,92.21872915963203,2.534288334125861
265,262,1885,732,2.7938931297709924,3.124521017074585,2284.0248634815216,22.748996102816292,1.7480908985739432
266,264,1885,675,2.5568181818181817,3.2706830501556396,2204.440375804901,26.32931744697368,1.6871804764504688
267,259,1901,731,2.8223938223938223,3.0713231563568115,2242.0659041404724,21.57042484594931,1.70153464558111
268,251,1529,544,2.1673306772908365,3.28958797454834,1786.2462701797485,26.831805991053002,1.685420952122126
269,290,1510,535,1.8448275862068966,3.3481013774871826,1787.8861355781555,28.448669052360437,1.7081950075978396
270,214,1246,450,2.102803738317757,3.225806713104248,1448.3872141838074,25.173874060707274,1.6770313412439486
271,309,1451,504,1.6310679611650485,3.1990931034088135,1609.1438310146332,24.510291814581247,1.5999337181818605
272,335,1516,518,1.5462686567164179,3.171935558319092,1639.8906836509705,23.853609755631183,1.5605950903055852
273,322,1384,470,1.4596273291925466,3.06335711479187,1436.714486837387,21.39927653738018,1.4976451339115826
274,309,1340,465,1.5048543689320388,2.9365310668945312,1362.5504150390625,18.850342187165495,1.4669736766701897
275,345,1480,509,1.4753623188405798,3.118401527404785,1584.1479759216309,22.61020894257347,1.5442178573624499
276,267,1135,393,1.4719101123595506,3.05368971824646,1197.0463695526123,21.19339800344568,1.5215619921301244
277,255,1692,665,2.607843137254902,3.8668301105499268,2567.5751934051514,47.79065462998524,2.189260046474665
278,286,1835,721,2.520979020979021,3.4029085636138916,2450.094165802002,30.05137940577082,1.926288121369771
279,223,1372,540,2.42152466367713,3.6584291458129883,1971.8933095932007,38.80034528986631,2.0734990516853036
280,259,1554,641,2.474903474903475,3.556334972381592,2276.0543823242188,35.03455893171429,2.113032413238573
281,138,912,346,2.5072463768115942,4.053004741668701,1398.286635875702,57.57018094169953,2.211953065042968
282,93,638,342,3.6774193548387095,2.917140483856201,994.7449049949646,18.488344081227456,2.249394265494982
283,332,1914,397,1.1957831325301205,3.1238269805908203,1237.0354843139648,22.733212947228367,0.9324268331365905
284,234,1247,279,1.1923076923076923,3.954306125640869,1099.2971029281616,52.15948925295274,1.2718127336472038
285,335,2079,432,1.2895522388059701,2.279137372970581,982.3082077503204,9.768250417242005,0.6816600192140034
286,335,1910,427,1.2746268656716417,3.477750062942505,1481.521526813507,32.386771841780984,1.11904908885031
287,310,1991,383,1.235483870967742,3.540388584136963,1352.4284391403198,34.48031509145361,0.9799808148191566
288,88,508,109,1.2386363636363635,3.616159439086914,390.5452194213867,37.194445629156384,1.1091292348467061
289,316,1815,375,1.1867088607594938,4.245719909667969,1587.8992462158203,69.80599607052226,1.2621787151222519
290,306,1598,326,1.065359477124183,4.2354865074157715,1376.5331149101257,69.09528592677916,1.2427518764081829
291,309,1648,316,1.022653721682848,3.6409969329833984,1146.9140338897705,38.12983066938999,1.0040334884822382
292,315,1703,341,1.0825396825396825,4.425982475280762,1504.834041595459,83.59489680965606,1.2748189131947532
293,311,1703,353,1.135048231511254,3.211845636367798,1130.5696640014648,24.82486163667323,0.9577611553930798
294,310,1671,338,1.0903225806451613,3.8616294860839844,1301.3691368103027,47.5427585482135,1.1235660084034558
295,278,1890,403,1.4496402877697843,2.608574151992798,1048.6468091011047,13.579674489430607,0.8004643127694177
296,255,1737,423,1.6588235294117648,2.5470051765441895,1074.836184501648,12.768806143811466,0.8927235654280613
297,284,1769,406,1.4295774647887325,2.6012284755706787,1053.4975326061249,13.480288071844308,0.8591722249178153
298,270,1790,430,1.5925925925925926,3.50777006149292,1504.8333563804626,33.37376330469555,1.2128578886113897
299,298,1997,411,1.3791946308724832,3.168917417526245,1299.2561411857605,23.781724737092244,0.9386231305624575
300,283,1562,391,1.3816254416961131,3.8530311584472656,1502.6821517944336,47.13572275473723,1.387907867110234
301,292,1675,367,1.2568493150684932,4.318706512451172,1580.646583557129,75.09143560982719,1.361427455221464
302,264,1594,342,1.2954545454545454,3.4532430171966553,1177.5558688640594,31.602714449259043,1.0657804343662944
303,332,1825,426,1.283132530120482,3.186331272125244,1354.1907906532288,24.19948306841612,1.0705119660783111
304,145,1074,390,2.689655172413793,2.936741828918457,1142.3925714492798,18.854315542138014,1.534566198862446
305,144,1028,411,2.8541666666666665,3.1367759704589844,1286.0781478881836,23.02949925554973,1.8048818736906083
306,127,910,362,2.8503937007874014,3.988959789276123,1440.0144839286804,53.998690122326934,2.282968961288118
307,157,1162,477,3.038216560509554,4.4586076736450195,2122.2972526550293,86.36717405030582,2.6349636159188314
308,126,988,406,3.2222222222222223,4.103583335876465,1661.9512510299683,60.5568949714179,2.4268105547167447
309,212,1463,630,2.9716981132075473,3.6347272396087646,2286.243433713913,37.89151618270459,2.254512689052644
310,251,1693,765,3.047808764940239,2.7937190532684326,2134.4013566970825,16.341682515707298,1.81883653430216
311,133,943,362,2.7218045112781954,3.93851375579834,1421.8034658432007,51.34223746419783,2.1752161286221914
312,160,1069,357,2.23125,2.7434003353118896,976.6505193710327,15.539735672634976,1.3180625453491295
313,161,1128,386,2.3975155279503104,3.0848186016082764,1187.6551616191864,21.863500478515896,1.518993095704061
314,130,889,318,2.4461538461538463,3.2542097568511963,1031.5844929218292,25.899139827257784,1.6740853005582441
315,154,1080,378,2.4545454545454546,3.404564380645752,1283.5207715034485,30.101180210753977,1.71456393696852
316,136,1024,355,2.610294117647059,3.810168981552124,1348.799819469452,45.15806910222383,1.9002996198247144
317,175,1214,423,2.4171428571428573,3.488626003265381,1472.2001733779907,32.740930854727765,1.7495353289359963
318,153,1029,347,2.2679738562091503,3.1928138732910156,1104.7136001586914,24.356868247073766,1.5488482337721452
319,123,1041,351,2.8536585365853657,2.7110936641693115,948.882782459259,15.04572148654245,1.3150321658394757
320,175,1029,222,1.2685714285714285,2.732728958129883,603.9330997467041,15.37478697219932,0.8467359456105634
321,177,1036,231,1.305084745762712,2.996976852416992,689.3046760559082,20.024907073453566,0.9599000364936604
322,160,933,210,1.3125,3.012085437774658,629.5258564949036,20.32975218154285,0.973433902761602
323,185,1061,249,1.345945945945946,3.2469513416290283,805.243932723999,25.71183371161983,1.0949306582910834
324,169,978,215,1.272189349112426,3.644789934158325,779.9850459098816,38.27473179326268,1.1505936172819393
325,215,1248,249,1.158139534883721,3.5205817222595215,873.1042671203613,33.804087335359384,1.0093134586166173
326,172,1015,196,1.1395348837209303,3.451660394668579,673.0737769603729,31.552738838118447,0.9566898523873244
327,175,1129,218,1.2457142857142858,3.062318801879883,664.5231800079346,21.377068923465526,0.849162352837211
328,173,985,239,1.3815028901734103,2.9053900241851807,691.482825756073,18.272368928406458,1.012790704140278
329,168,1004,253,1.505952380952381,3.246316432952881,818.071741104126,25.695514226556202,1.1755259402214369
330,153,892,214,1.3986928104575163,3.34560227394104,712.6132843494415,28.377661647034373,1.1525601473122602
331,176,999,270,1.5340909090909092,3.2926838397979736,885.7319529056549,26.915002362734807,1.2791202162301154
332,163,920,217,1.3312883435582823,3.8220033645629883,825.5527267456055,45.69566175241672,1.2945878531176593
333,205,1132,268,1.3073170731707318,3.8073132038116455,1016.5526254177094,45.02929166107366,1.2955613352409765
334,163,942,198,1.2147239263803682,4.0288920402526855,793.691731929779,56.19861094160736,1.2155574582268205
335,162,1002,219,1.3518518518518519,3.3730289936065674,735.3203206062317,29.166739259997666,1.058725528945602
336,319,1995,465,1.457680250783699,2.995631217956543,1389.972885131836,19.997978990169937,1.0051664102004134
337,230,1344,325,1.4130434782608696,3.919199228286743,1269.8205499649048,50.36010168251231,1.3630683112003454
338,318,2243,525,1.650943396226415,2.1120858192443848,1106.7329692840576,8.265463580084111,0.7118493831361692
339,308,2019,504,1.6363636363636365,3.345625877380371,1682.8498163223267,28.378331465354393,1.2024958318816859
340,296,2149,472,1.5945945945945945,3.146590232849121,1482.043999671936,23.2566295389649,0.9949453367640516
341,84,565,126,1.5,3.681293487548828,460.1616859436035,39.697709370356094,1.1749964288813124
342,312,1930,497,1.5929487179487178,3.4750616550445557,1723.6305809020996,32.299819922057004,1.2884317571979391
343,298,1728,394,1.3221476510067114,3.872732639312744,1521.9839272499084,48.07357449344186,1.270693671386662
344,298,1812,392,1.3154362416107384,3.5135955810546875,1373.8158721923828,33.56875021427118,1.0938175198159474
345,300,1813,391,1.3033333333333332,4.205894470214844,1640.298843383789,67.08057241351204,1.3052680678023691
346,303,1825,411,1.3564356435643565,3.169968843460083,1299.687225818634,23.806742609147197,1.0274259262439878
347,309,1821,416,1.3462783171521036,3.7548458576202393,1558.2610309123993,42.727633163867324,1.2345389685380792
348,277,1831,679,2.4512635379061374,3.0975301265716553,2100.1254258155823,22.143192802500778,1.6547463337350972
349,278,1730,615,2.212230215827338,2.749053955078125,1687.9191284179688,15.627840249607976,1.4076026335203613
350,272,1781,677,2.488970588235294,3.1108901500701904,2102.9617414474487,22.441011380479186,1.7034994247981208
351,260,1650,643,2.473076923076923,3.6464972496032715,2341.0512342453003,38.34013464977098,2.046923034007686
352,171,1074,388,2.2690058479532165,3.320957899093628,1285.210706949234,27.68685907746237,1.726412582321284
353,252,1656,577,2.2896825396825395,3.9488186836242676,2274.519561767578,51.87405095936423,1.9815447416467533
354,279,1823,627,2.247311827956989,3.9101808071136475,2447.7731852531433,49.90797487456598,1.9371312318078397
355,264,1604,559,2.117424242424242,3.834545373916626,2139.6763186454773,46.27238625159456,1.9245015049983687
356,284,1844,630,2.2183098591549295,4.041706085205078,2542.233127593994,56.92337613821837,1.9889734956418084
357,230,1806,587,2.5521739130434784,2.592618942260742,1519.274700164795,13.364727258815646,1.2136489898537188
358,224,1799,579,2.5848214285714284,2.3709065914154053,1370.3840098381042,10.70709484558797,1.0989695470299974
359,260,1838,627,2.4115384615384614,2.7372634410858154,1713.5269141197205,15.444661985476136,1.3449928081775242
360,244,1771,608,2.4918032786885247,3.0628392696380615,1859.1434366703033,21.38819789448863,1.5144985976202774
361,255,1838,630,2.4705882352941178,2.6289784908294678,1653.6274707317352,13.859604954988466,1.2979761433636747
362,267,1728,622,2.3295880149812733,2.8168985843658447,1749.2940208911896,16.724899288232944,1.4604732690951585
363,242,1593,560,2.3140495867768593,3.474224805831909,1942.0916664600372,32.27280115008244,1.758848723260313
364,224,1554,527,2.3526785714285716,2.8369154930114746,1492.2175493240356,17.063053176348134,1.3853377466777788
365,273,1805,657,2.4065934065934065,2.9324991703033447,1923.7194557189941,18.77449256842012,1.5375847749736338
366,259,1946,704,2.718146718146718,2.2450954914093018,1578.3021304607391,9.441317078089336,1.1700969458582704
367,160,1184,429,2.68125,3.251711845397949,1391.7326698303223,25.834526801658775,1.6958157272021648
368,193,1587,545,2.8238341968911915,2.584138870239258,1405.7715454101562,13.251872593255372,1.277945581087616
369,255,2066,676,2.6509803921568627,2.652106761932373,1790.1720643043518,14.183889268220288,1.2500834266746599
370,147,1195,399,2.7142857142857144,3.416734457015991,1359.8603138923645,30.469752097648307,1.6417269716771743
371,258,1974,660,2.558139534883721,2.8264269828796387,1862.6153817176819,16.8850224408909,1.3612897539450879
372,220,1789,610,2.772727272727273,2.433201313018799,1481.8195996284485,11.395303684456145,1.1949769635975585
373,269,2010,715,2.657992565055762,2.5962259769439697,1853.7053475379944,13.413021340422109,1.3305131901305558
374,239,1949,715,2.99163179916318,2.2905399799346924,1635.4455456733704,9.880271389295437,1.2105947554576275
375,171,1216,419,2.4502923976608186,3.081592082977295,1288.1054906845093,21.793071168723497,1.5282429305529492
376,151,1172,416,2.7549668874172184,2.9586687088012695,1227.8475141525269,19.272297629212424,1.5114415696550272
377,88,604,208,2.3636363636363638,4.123639106750488,853.5932950973511,61.78367103094994,2.038865585716917
378,288,1814,616,2.138888888888889,3.831838369369507,2356.5805971622467,46.14729607782711,1.8742156234736085
379,283,1799,618,2.1837455830388692,4.0297980308532715,2486.3853850364685,56.24954942629634,1.9939387797281316
380,260,1729,600,2.3076923076923075,4.285041332244873,2566.739758014679,72.60554760801011,2.1417135454831207
381,89,517,182,2.044943820224719,4.634913921356201,838.9194197654724,103.01904987345827,2.34101525454757
382,269,1811,625,2.323420074349442,3.604917049407959,2249.4682388305664,36.77863292133217,1.7919915366085524
383,270,1895,631,2.337037037037037,3.5423781871795654,2231.698257923126,34.54898552206553,1.6990290287420755
384,272,1824,634,2.3308823529411766,3.4893550872802734,2208.761770248413,32.764810448103766,1.747022835768922
385,281,1792,410,1.4590747330960854,2.4134395122528076,987.0967605113983,11.172322475159836,0.7946872774929438
386,260,1609,401,1.5423076923076924,2.5804085731506348,1032.163429260254,13.202531257638105,0.925479838894167
387,273,1617,404,1.47985347985348,2.5004234313964844,1007.6706428527832,12.187653503413014,0.8990485091484874
388,274,1723,424,1.5474452554744527,3.367497682571411,1424.451519727707,29.005854315797688,1.1927156955878762
389,286,1824,411,1.437062937062937,2.749150037765503,1127.1515154838562,15.629341886636578,0.8915218759424556
390,277,1435,373,1.3465703971119134,3.744197130203247,1392.841332435608,42.275052227353704,1.4003103017770226
391,278,1561,385,1.3848920863309353,3.7377777099609375,1435.306640625,42.004540095826776,1.3265277210664224
392,262,1455,343,1.3091603053435115,3.499739408493042,1196.9108777046204,33.106823477466094,1.1867885825776718
393,319,1749,430,1.347962382445141,3.205315351486206,1375.0802857875824,24.663276391110795,1.1342604397541016
394,286,1871,483,1.6888111888111887,1.9100940227508545,920.6653189659119,6.753723772367415,0.7099087600163425
395,170,1036,260,1.5294117647058822,3.1843605041503906,824.7493705749512,24.15183846582603,1.148515276935112
396,217,1502,355,1.6359447004608294,2.685647964477539,950.7193794250488,14.667702451907765,0.9131811810742682
397,297,2002,497,1.6734006734006734,2.2343809604644775,1108.2529563903809,9.340697800875011,0.7986368852322353
398,171,1208,273,1.5964912280701755,3.557650327682495,967.6808891296387,35.080672145501424,1.155685778071484
399,297,1855,470,1.5824915824915824,2.6038992404937744,1221.2287437915802,13.516338872557663,0.9497901091424105
400,260,1787,455,1.75,1.9015620946884155,863.3091909885406,6.696346603982605,0.6969736365937497
401,308,1921,444,1.4415584415584415,2.4965951442718506,1105.9916489124298,12.141084862365842,0.8306135695734358
402,301,1904,523,1.7375415282392026,2.038886547088623,1064.2987775802612,7.682050833229025,0.8064383237600992
403,199,1209,310,1.5577889447236182,2.828185796737671,873.9094111919403,16.91474618395638,1.042832732599509
404,172,1053,253,1.4709302325581395,3.3647148609161377,847.9081449508667,28.92524840423442,1.1617026361348297
405,88,600,129,1.4659090909090908,4.177827835083008,534.761962890625,65.22402189716138,1.285830719863921
406,308,1642,452,1.4675324675324675,3.6074018478393555,1626.9382333755493,36.87013404456872,1.4294614623164166
407,303,1659,456,1.504950495049505,4.001786708831787,1820.8129525184631,54.69578822954718,1.583410377929342
408,303,1689,406,1.33993399339934,4.202151298522949,1701.8712759017944,66.82994767212851,1.4536893131882132
409,97,461,125,1.288659793814433,4.974781036376953,616.8728485107422,144.71713389073759,1.930497612593268
410,302,1775,500,1.6556291390728477,2.951040506362915,1472.5692126750946,19.125843940807286,1.196883549573028
411,295,1780,488,1.6542372881355931,3.148968458175659,1533.547639131546,23.31200486574666,1.2429447044618311
412,301,1732,444,1.4750830564784052,3.363771438598633,1490.1507472991943,28.89797254769945,1.2412431254650869
413,152,1022,218,1.4342105263157894,3.467880964279175,752.5301692485809,32.06871564063085,1.0623009229885128
414,169,971,224,1.3254437869822486,3.0709667205810547,684.8255786895752,21.56273774489624,1.017502024973599
415,156,955,202,1.294871794871795,3.1620025634765625,635.5625152587891,23.617844837275396,0.9601286795170378
416,129,831,211,1.6356589147286822,2.6527838706970215,557.0846128463745,14.193496556182984,0.9671518752214352
417,123,767,185,1.5040650406504066,2.529898166656494,465.5012626647949,12.55222783625352,0.8755884787145377
418,159,1054,216,1.3584905660377358,2.173168897628784,467.2313129901886,8.786082167716893,0.6395372848187706
419,193,1214,300,1.5544041450777202,3.2963380813598633,985.6050863265991,27.013536206593347,1.1712747696197061
420,197,1250,261,1.3248730964467006,3.820970296859741,993.4522771835327,45.648479415552174,1.1465989389220246
421,88,436,111,1.2613636363636365,4.2508111000061035,467.5892210006714,70.16229791389343,1.5472216750247756
422,174,1155,260,1.4942528735632183,2.859297752380371,740.5581178665161,17.449268925437018,0.9250212330182574
423,177,972,213,1.2033898305084745,3.138068437576294,665.2705087661743,23.059283369413404,0.987430518360738
424,181,992,220,1.2154696132596685,3.2304015159606934,707.4579319953918,25.289809194721133,1.028877066660598
425,158,875,187,1.1835443037974684,3.175732374191284,590.6862215995789,23.94434967213062,0.9739200944264591
426,183,1023,219,1.1967213114754098,3.577363967895508,779.8653450012207,35.779101568858295,1.0998121855272938
427,180,943,212,1.1777777777777778,3.5352184772491455,745.9310986995697,34.302508213252736,1.1411994665309917
428,214,1127,230,1.074766355140187,3.860962390899658,884.1603875160217,47.51105357922824,1.131831239059298
429,177,947,186,1.0508474576271187,3.8787341117858887,717.5658106803894,48.36295421109,1.0931664589018655
430,176,1022,193,1.0965909090909092,3.4256484508514404,657.7245025634766,30.7425734373713,0.9284695480621213
431,285,1704,505,1.7719298245614035,3.071152925491333,1547.8610744476318,21.566753206381104,1.3104997042785569
432,291,1647,477,1.6391752577319587,2.497997999191284,1189.0470476150513,12.158128995419982,1.041549653295627
433,297,1734,491,1.6531986531986531,3.054436445236206,1496.673858165741,21.209229595942343,1.2452387272225296
434,306,1672,504,1.6470588235294117,3.1160497665405273,1567.3730325698853,22.557097615099252,1.3524170462390366
435,185,1016,285,1.5405405405405406,2.8594253063201904,812.0767869949341,17.45149479039133,1.153129088010467
436,281,1542,415,1.4768683274021353,3.856461524963379,1596.5750713348389,47.2976932099699,1.4937554719985182
437,293,1662,453,1.546075085324232,3.7468185424804688,1693.5619812011719,42.38601794818962,1.4700923415866538
438,291,1525,424,1.4570446735395188,3.224047899246216,1363.7722613811493,25.1296368160921,1.2901688382927943
439,320,1817,477,1.490625,3.2869489192962646,1564.587685585022,26.761088726956455,1.242280074314503
440,268,1898,405,1.5111940298507462,2.8249759674072266,1141.2902908325195,16.860539778733518,0.8675099277127496
441,267,1695,383,1.4344569288389513,2.7143142223358154,1036.8680329322815,15.094255218651229,0.8825276514263698
442,280,1802,378,1.35,2.379610061645508,897.1129932403564,10.800690439234403,0.7182355529772011
443,294,1772,428,1.4557823129251701,2.441788673400879,1042.6437635421753,11.493580629697156,0.8488809182145042
444,286,1733,393,1.3741258741258742,3.2923583984375,1290.6044921875,26.90624453290605,1.0744077903219418
445,287,1636,370,1.289198606271777,3.563178062438965,1314.812705039978,35.27512574501969,1.1594582941680807
446,261,1543,338,1.2950191570881227,3.538928508758545,1192.6189074516296,34.43000796738224,1.1150909808495657
447,302,1729,430,1.423841059602649,3.2750535011291504,1404.9979519844055,26.444640260830216,1.172344463728775
448,223,1417,294,1.3183856502242153,3.9983551502227783,1171.518059015274,54.50841809623476,1.192761675408045
449,301,1808,356,1.1827242524916943,2.7264411449432373,967.8866064548492,15.278416481268708,0.7723258889796786
450,270,1577,334,1.237037037037037,2.979175567626953,992.0654640197754,19.671592060321146,0.9075763634613433
451,291,1622,330,1.134020618556701,2.759620189666748,907.9150424003601,15.793843144110822,0.8075490315779855
452,290,1701,365,1.2586206896551724,3.691460609436035,1343.6916618347168,40.10337957485786,1.1396456772561998
453,291,1743,334,1.147766323024055,3.159558057785034,1052.1328332424164,23.56018138917709,0.8708587612594888
454,283,1466,311,1.098939929328622,4.012191295623779,1243.7793016433716,55.26784615783178,1.224006978472872
455,288,1546,330,1.1458333333333333,4.225488185882568,1390.185613155365,68.40789116493654,1.2972922962577154
456,271,1499,287,1.0590405904059041,3.4744651317596436,993.697027683258,32.280558073016934,0.956372097388085
457,331,1731,352,1.0634441087613293,3.411872625350952,1197.5672914981842,30.321972822147732,0.9981076791307095
458,285,1916,453,1.5894736842105264,2.034097671508789,919.4121475219727,7.645350394646356,0.6922919341143121
459,172,1101,282,1.6395348837209303,3.0886075496673584,867.8987214565277,21.94649728221515,1.1372508459938278
460,217,1527,336,1.5483870967741935,2.6481785774230957,887.1398234367371,14.128281624163629,0.8381612467893197
461,288,1974,416,1.4444444444444444,2.5306975841522217,1050.239497423172,12.562266318730835,0.767566015541098
462,165,1198,250,1.5151515151515151,3.698519706726074,920.9314069747925,40.38747478106167,1.109034368815884
463,291,1942,443,1.52233676975945,2.615072011947632,1155.8618292808533,13.668200616201895,0.8586797780928593
464,259,1881,479,1.8494208494208495,1.9338210821151733,924.3664772510529,6.915885985798003,0.7089733826124905
465,294,1966,451,1.534013605442177,2.6275596618652344,1182.4018478393555,13.839954489666665,0.8676730835278662
466,286,1881,453,1.583916083916084,2.189962863922119,989.8632144927979,8.934881302089787,0.7592082672552726
467,191,1257,315,1.649214659685864,2.683845281600952,842.727418422699,14.641285054108142,0.9672224879710313
468,166,1074,262,1.5783132530120483,3.407715320587158,889.4136986732483,30.196176807451742,1.1947418364754248
469,89,628,144,1.6179775280898876,4.011232376098633,573.6062297821045,55.21487414304697,1.3177370432000914
470,305,1672,395,1.2950819672131149,3.5964348316192627,1416.9953236579895,36.467987888855454,1.2226627550264553
471,299,1688,427,1.4280936454849498,3.7661550045013428,1604.382031917572,43.213588936466316,1.3712286736604502
472,298,1716,396,1.3288590604026846,4.0897393226623535,1615.4470324516296,59.724320897790825,1.358157006140302
473,96,505,116,1.2083333333333333,5.375172138214111,618.1447958946228,215.97704701409083,1.765929567501966
474,294,1763,459,1.5612244897959184,2.972576856613159,1361.440200328827,19.542212248593096,1.1140913360642517
475,294,1818,452,1.5374149659863945,3.0671041011810303,1383.2639496326447,21.479609745032246,1.0977051927257961
476,295,1753,404,1.3694915254237288,3.436763048171997,1385.0155084133148,31.086170697154245,1.1398488337377042
477,163,1043,226,1.3865030674846626,2.911292314529419,655.0407707691193,18.380536659757066,0.9060633476209901
478,175,1015,245,1.4,2.796261787414551,682.2878761291504,16.383287943198937,0.9697865372908262
479,167,1028,211,1.2634730538922156,2.600008249282837,546.0017323493958,13.463849101642893,0.7662587466704829
480,132,891,246,1.8636363636363635,2.0616066455841064,505.0936281681061,7.858585634932903,0.8178407099245125
481,134,805,189,1.4104477611940298,2.05053973197937,385.5014696121216,7.772094822586018,0.6908833024407643
482,169,1148,217,1.2840236686390532,1.8516532182693481,399.9570951461792,6.370342388326588,0.5026272802576203
483,207,1185,266,1.285024154589372,3.218081474304199,852.7915906906128,24.98014912122215,1.0382432057393736
484,215,1270,250,1.1627906976744187,3.661285161972046,911.6600053310394,38.9113180976251,1.0356278493448003
485,90,440,108,1.2,4.093128681182861,437.96476888656616,59.92709147067697,1.436021818538023
486,191,1171,235,1.2303664921465969,2.6711294651031494,625.044294834137,14.456287848037716,0.7700668697635769
487,315,2195,895,2.8412698412698414,4.256410598754883,3805.2310752868652,70.55627361709733,2.501042369819106
488,228,1480,583,2.557017543859649,4.581706523895264,2666.5531969070435,97.68094692357589,2.5993399144894616
489,296,2063,866,2.925675675675676,3.8762035369873047,3352.9160594940186,48.24072286099426,2.344757814614147
490,245,1812,717,2.926530612244898,4.206247329711914,3011.6730880737305,67.10424660714347,2.3978619365026055
491,178,1276,484,2.7191011235955056,4.278896331787109,2066.706928253174,72.16075451126719,2.33669893131796
492,89,628,251,2.8202247191011236,4.2543768882751465,1063.5942220687866,70.41292839477758,2.4433791555681426
493,223,1509,633,2.8385650224215246,3.8556618690490723,2436.7783012390137,47.25988644807649,2.32970707153304
494,169,1319,524,3.100591715976331,4.167126655578613,2179.4072408676147,64.52976921731239,2.3837907645771086
495,133,889,370,2.781954887218045,4.060835361480713,1498.448248386383,58.022760819011346,2.431725373426084
496,115,823,359,3.121739130434783,3.78031849861145,1353.3540225028992,43.829999306641504,2.372390202712106
497,85,675,298,3.5058823529411764,2.7129228115081787,805.7380750179291,15.073267513151285,1.722124926050053
498,116,800,343,2.956896551724138,1.9490216970443726,666.5654203891754,7.021814757154912,1.2020632830294131
499,153,1135,433,2.8300653594771243,3.332078695297241,1439.4579963684082,27.99647740501912,1.8296906721838466
500,168,1114,414,2.4642857142857144,3.505251169204712,1447.668732881546,33.2898041760718,1.8748155312192243
501,152,1106,397,2.611842105263158,3.251744031906128,1287.6906366348267,25.835358338249026,1.6796970123618595
502,129,895,384,2.9767441860465116,2.609673023223877,999.5047678947449,13.594605004909019,1.6111514770800255
503,123,824,315,2.5609756097560976,3.632952928543091,1140.7472195625305,37.82434445563817,1.9972698502072044
504,156,1089,408,2.6153846153846154,2.9319510459899902,1193.304075717926,18.76420463236399,1.580875915804261
505,194,1267,457,2.3556701030927836,3.466538190841675,1580.7414150238037,32.0256835187547,1.799943015298062
506,202,1308,461,2.282178217821782,3.692023277282715,1698.3307075500488,40.1259508065455,1.8732211693974772
507,80,495,178,2.225,4.361866474151611,772.0503659248352,78.40333573970955,2.2501681499722612
508,178,1194,442,2.4831460674157304,3.3798987865448,1490.5353648662567,29.367798546497582,1.8009949574222532
509,265,1797,361,1.3622641509433961,2.649075746536255,953.6672687530518,14.140962769774323,0.7656377514124375
510,272,1584,357,1.3125,2.264580726623535,806.1907386779785,9.627087373389815,0.7342723363013446
511,272,1721,342,1.2573529411764706,2.134803295135498,727.9679236412048,8.45538312827703,0.6102473639531678
512,298,1675,386,1.2953020134228188,2.410288095474243,927.9609167575836,11.137169250979806,0.7992624553701146
513,272,1622,348,1.2794117647058822,3.4286630153656006,1189.7460663318634,30.835388736894707,1.0582248765808453
514,274,1548,309,1.1277372262773722,3.758005142211914,1157.4655838012695,42.86283537563755,1.0787272982879461
515,283,1499,327,1.1554770318021201,3.362412214279175,1096.146381855011,28.858720402907647,1.0549732816481685
516,280,1552,347,1.2392857142857143,3.469482421875,1200.44091796875,32.12011347362206,1.1158957211557414
517,223,1355,274,1.2286995515695067,3.694504976272583,1008.5998585224152,40.22565500486196,1.0738760251893715
518,180,1087,236,1.3111111111111111,3.2486774921417236,763.439210653305,25.75625453404651,1.0132566359058952
519,179,1120,249,1.3910614525139664,3.0846335887908936,764.9891300201416,21.859455824862437,0.9853982359053758
520,175,1005,235,1.3428571428571427,3.000521659851074,702.1220684051514,20.096017474791587,1.0079084837679735
521,183,1103,262,1.4316939890710383,3.3292152881622314,868.9251902103424,27.91642675535842,1.1365313352855488
522,165,1031,249,1.509090909090909,3.364226818084717,834.3282508850098,28.911135088335126,1.1674890688897832
523,223,1314,281,1.2600896860986548,3.575248956680298,1001.0697078704834,35.70350833621653,1.099115908012869
524,186,1079,225,1.2096774193548387,3.7351200580596924,836.6668930053711,41.89305486007395,1.1186794971407097
525,181,1181,254,1.4033149171270718,3.411093235015869,863.0065884590149,30.298349376727856,1.054238209504084
526,360,1822,625,1.7361111111111112,3.1746528148651123,1980.98335647583,23.918514274064567,1.568581155033619
527,375,1687,572,1.5253333333333334,2.6184496879577637,1495.134771823883,13.714445425550405,1.2786150093485287
528,445,1889,680,1.5280898876404494,2.7237963676452637,1849.457733631134,15.238061860225729,1.41249523591497
529,405,1637,585,1.4444444444444444,3.113323450088501,1818.1808948516846,22.495683583842993,1.6023705317297392
530,251,1052,355,1.4143426294820718,2.9200239181518555,1033.6884670257568,18.5417309383795,1.4175829136902796
531,300,1794,479,1.5966666666666667,2.9853286743164062,1426.9871063232422,19.793006620320366,1.147551405632683
532,308,1750,442,1.4350649350649352,2.5208709239959717,1111.7040774822235,12.439425741615569,0.9164856911540822
533,325,1848,479,1.4738461538461538,3.0304715633392334,1448.5654072761536,20.70699494710634,1.1308647886799827
534,320,1743,471,1.471875,3.1221699714660645,1467.4198865890503,22.695574997764453,1.2145951768696892
535,200,1088,276,1.38,2.8965141773223877,796.5413987636566,18.11090380983648,1.056219049502836
536,292,1664,390,1.3356164383561644,3.6968276500701904,1438.065955877304,40.3191946687441,1.2468092686390826
537,329,1857,452,1.3738601823708207,3.619426727294922,1632.3614540100098,37.31616934771394,1.268174353601798
538,315,1656,381,1.2095238095238094,3.385502815246582,1286.4910697937012,29.532838544979434,1.120781573997168
539,343,1920,460,1.3411078717201166,3.107238292694092,1426.2223763465881,22.35920946291988,1.0716687237292164
540,285,1994,514,1.8035087719298246,1.8425371646881104,945.2215654850006,6.312533898762885,0.683884887194841
541,183,1154,283,1.546448087431694,3.303961992263794,931.7172818183899,27.220272066361357,1.1648040745146757
542,226,1624,355,1.5707964601769913,2.7433316707611084,971.1394114494324,15.538668680298448,0.8627204512992134
543,305,2109,491,1.6098360655737705,2.323315382003784,1138.4245371818542,10.209466539672633,0.7787574368034966
544,174,1285,267,1.5344827586206897,3.6255555152893066,964.3977670669556,37.54557450812839,1.0827485416279272
545,328,2050,490,1.4939024390243902,2.592158317565918,1267.565417289734,13.35857255301421,0.8920538251347555
546,273,1879,471,1.7252747252747254,1.9452135562896729,914.2503714561462,6.995125548591417,0.7019608712244145
547,310,2079,492,1.5870967741935484,2.277437448501587,1118.2217872142792,9.751659235211978,0.7759754819759666
548,296,2002,508,1.7162162162162162,2.1528658866882324,1091.5030045509338,8.60949691731853,0.7865664194710469
549,198,1278,318,1.606060606060606,2.9382057189941406,931.4112129211426,18.881936399560924,1.051441578959082
550,200,1203,288,1.44,3.0509989261627197,875.6366918087006,21.136447631037843,1.050105330750482
551,101,675,151,1.495049504950495,3.7403714656829834,561.0557198524475,42.11363102850794,1.1991589699163163
552,315,1821,450,1.4285714285714286,3.9561471939086914,1776.3100900650024,52.25560688589467,1.4072892685435514
553,324,1875,492,1.5185185185185186,3.90913987159729,1919.3876769542694,49.8560509204021,1.4768485776455
554,345,1927,455,1.318840579710145,4.100335597991943,1861.5523614883423,60.36054107503606,1.3936960873245305
555,107,542,128,1.1962616822429906,5.144670486450195,653.3731517791748,171.51495885562548,1.7391479814055488
556,313,1950,474,1.5143769968051117,3.3038291931152344,1562.7112083435059,27.21665747741986,1.1561619028814234
557,315,1981,515,1.6349206349206349,3.094010591506958,1590.3214440345764,22.06539604350514,1.15817711293693
558,326,1904,458,1.4049079754601228,3.378020763397217,1543.755488872528,29.312696898314243,1.169731296292812
559,220,1823,691,3.140909090909091,2.6410531997680664,1822.3267078399658,14.027970085183506,1.44216220750424
560,213,1703,677,3.1784037558685445,2.857008695602417,1931.337878227234,17.409372238444615,1.636131285495856
561,205,1742,682,3.3268292682926828,2.3453359603881836,1597.173789024353,10.436778482768956,1.3227524138135878
562,225,1655,630,2.8,2.9207959175109863,1837.1806321144104,18.556050669481532,1.6015053698904598
563,225,1702,637,2.831111111111111,3.0146260261535645,1917.302152633667,20.38146737937995,1.6251952452939635
564,212,1544,570,2.688679245283019,3.1221117973327637,1776.4816126823425,22.69425474076197,1.6599230653155725
565,193,1506,572,2.9637305699481864,3.1265478134155273,1785.258801460266,22.795150441800484,1.7102151524369857
566,203,1514,566,2.7881773399014778,3.459517240524292,1954.627240896225,31.801620274750263,1.8625700311938316
567,185,1437,545,2.945945945945946,3.185337543487549,1732.8236236572266,24.175447293570446,1.739691056774895
568,171,1231,469,2.742690058479532,3.6644928455352783,1714.9826517105103,39.036333691149935,2.0099081777687715
569,179,1239,476,2.659217877094972,3.566340446472168,1694.0117120742798,35.38685581302188,1.9725119420640727
570,166,1115,462,2.783132530120482,3.012465476989746,1388.746584892273,20.337479752901928,1.7968948978256198
571,135,962,403,2.9851851851851854,2.7134532928466797,1090.8082237243652,15.081265721539825,1.6358665435842419
572,126,905,350,2.7777777777777777,3.7500128746032715,1308.7544932365417,42.52162944564827,2.0863354885453123
573,163,1078,428,2.625766871165644,2.7344858646392822,1167.6254642009735,15.401822778248894,1.562641434896492
574,222,1521,532,2.3963963963963963,3.3477518558502197,1777.6562354564667,28.438727364502558,1.6861379587760603
575,214,1466,560,2.616822429906542,3.528343915939331,1972.344249010086,34.06750222452239,1.9409899501860286
576,89,564,203,2.2808988764044944,4.331157207489014,874.8937559127808,76.032220735578,2.237951920142
577,197,1339,507,2.5736040609137056,3.2727243900299072,1655.998541355133,26.383119427921905,1.7842426313162119
578,272,1713,333,1.224264705882353,2.8204245567321777,936.380952835083,16.783974909251874,0.7886235592749893
579,281,1543,329,1.1708185053380782,2.4026730060577393,788.0767459869385,11.052680813078569,0.7368466709496224
580,240,1499,285,1.1875,2.2117881774902344,628.1478424072266,9.132031494703071,0.6045535538265563
581,294,1600,337,1.1462585034013606,2.5298991203308105,850.0461044311523,12.55223980699653,0.7664733121186283
582,279,1559,338,1.2114695340501793,3.207707643508911,1080.997475862503,24.72234878150627,1.0003525963055293
583,272,1454,306,1.125,3.5938684940338135,1096.129890680313,36.37451870890506,1.087607398524518
584,269,1378,284,1.0557620817843867,3.395355701446533,960.8856635093689,29.825260476658084,1.0059978095836486
585,280,1464,338,1.207142857142857,3.250429630279541,1095.3947854042053,25.801422608700598,1.079453978632703
586,227,1233,254,1.118942731277533,3.663872241973877,926.9596772193909,39.012115119280445,1.084606755416423
587,296,1858,384,1.2972972972972974,2.3579206466674805,903.083607673645,10.568952002478003,0.7012240270715188
588,265,1679,384,1.4490566037735848,2.395357131958008,917.421781539917,10.972115852672083,0.7883024744676332
589,281,1661,342,1.217081850533808,2.429048776626587,828.3056328296661,11.348082383147473,0.7194415585934703
590,280,1782,387,1.3821428571428571,3.426151990890503,1322.4946684837341,30.75805745208435,1.070682659833657
591,290,1862,387,1.3344827586206895,2.707219362258911,1044.9866738319397,14.987542593115885,0.8096654630141741
592,283,1512,350,1.2367491166077738,3.565181016921997,1244.248174905777,35.34585102238109,1.1872160526267912
593,288,1631,344,1.1944444444444444,3.9627223014831543,1359.213749408722,52.60032516050221,1.202287514273487
594,275,1556,316,1.1490909090909092,3.1101486682891846,979.6968305110931,22.424377946849294,0.908357171563618
595,335,1896,419,1.2507462686567163,2.961771249771118,1238.0203824043274,19.332183573450624,0.9420284104505176
596,154,998,246,1.5974025974025974,3.188987970352173,781.3020527362823,24.26385926838055,1.1294394758707436
597,169,964,266,1.5739644970414202,3.072833299636841,814.3008244037628,21.603023886493542,1.218659503277078
598,158,981,224,1.4177215189873418,2.65413761138916,591.8726873397827,14.21272388150481,0.8704299601047182
599,131,866,262,2.0,2.2988784313201904,600.0072705745697,9.963001995165385,0.9995698773155359
600,123,747,196,1.5934959349593496,2.5821425914764404,503.5178053379059,13.225444549078158,0.9724533343511262
601,161,1095,232,1.4409937888198758,1.7956868410110474,414.80366027355194,6.023610564081604,0.5465161494239669
602,194,1131,278,1.4329896907216495,3.812530040740967,1056.0708212852478,45.26481594444514,1.347115947564776
603,196,1148,260,1.3265306122448979,3.9607701301574707,1025.839463710785,52.49774047801899,1.2891755287837483
604,87,434,113,1.2988505747126438,4.4823994636535645,502.0287399291992,88.44664277129075,1.668834961934541
605,178,1082,248,1.3932584269662922,2.840040683746338,701.4900488853455,17.11646188477429,0.9353384609610392
606,234,1420,503,2.1495726495726495,2.60530686378479,1307.8640456199646,13.53537818290857,1.3287668822344367
607,336,1542,509,1.5148809523809523,2.752530574798584,1398.2855319976807,15.68226686270548,1.308235799455149
608,356,1571,479,1.345505617977528,2.609008312225342,1247.1059732437134,13.585571524101152,1.145253725691731
609,422,1798,577,1.367298578199052,2.6253502368927,1512.2017364501953,13.809409904009055,1.2133737185764049
610,425,1848,587,1.3811764705882352,2.4452896118164062,1432.939712524414,11.533889465861465,1.1186661348224183
611,401,1761,627,1.5635910224438903,2.1184542179107666,1326.15234041214,8.3182693128357,1.0864471351367897
612,389,1634,532,1.3676092544987146,2.994663953781128,1590.166559457779,19.978645013550924,1.4039935186763786
613,352,1562,542,1.5397727272727273,2.3227412700653076,1256.6030271053314,10.203606845267934,1.1606241713002057
614,410,1866,624,1.5219512195121951,2.2543368339538574,1404.4518475532532,9.528971923679569,1.085849794015231
615,249,1503,354,1.4216867469879517,3.9754440784454346,1403.3317596912384,53.273769386260014,1.3470257953616316
616,288,1630,392,1.3611111111111112,3.661315679550171,1431.5744307041168,38.91250559493477,1.2670707557302272
617,204,1236,287,1.4068627450980393,3.532456159591675,1010.282461643219,34.20788453961002,1.179230984878452
618,256,1497,430,1.6796875,3.3546226024627686,1439.1330964565277,28.634795449956894,1.3869273089091587
619,146,883,205,1.404109589041096,3.4439635276794434,702.5685596466064,31.310813830777388,1.1478960100641689
620,91,589,215,2.3626373626373627,2.714128255844116,580.8234467506409,15.091448453953586,1.422667413003709
621,303,1853,450,1.4851485148514851,2.8141143321990967,1263.5373351573944,16.678397717241175,0.9837555571557631
622,229,1257,326,1.4235807860262009,3.5508718490600586,1154.033350944519,34.84368268074022,1.3245172573016153
623,308,2089,509,1.6525974025974026,2.1695051193237305,1102.108600616455,8.753950807516922,0.761132892594751
624,301,1902,504,1.6744186046511629,3.0395727157592773,1528.9050760269165,20.89631266219233,1.1596970405751819
625,290,2023,454,1.5655172413793104,3.09008526802063,1399.8086264133453,21.978951997597573,0.998268395215089
626,82,532,133,1.6219512195121952,3.255685567855835,429.7504949569702,25.937390281103372,1.1654114810037566
627,304,1781,461,1.5164473684210527,3.960444211959839,1821.8043375015259,52.48063329698489,1.4757485026296773
628,308,1658,405,1.3149350649350648,3.73526930809021,1509.0488004684448,41.89930786640938,1.3130863817221134
629,297,1657,377,1.2693602693602695,3.2724738121032715,1230.45015335083,26.37650922877706,1.0713122114063411
630,300,1701,404,1.3466666666666667,4.156140327453613,1674.9245519638062,63.82470412879693,1.4205792739455334
631,298,1750,412,1.3825503355704698,3.02301287651062,1242.4582922458649,20.553122513134536,1.0242790952768455
632,309,1723,428,1.3851132686084142,3.8016090393066406,1623.2870597839355,44.77316835310331,1.3592038253566514
633,224,1790,657,2.9330357142857144,3.119321346282959,2046.274803161621,22.631015807404836,1.649246095428665
634,225,1675,629,2.7955555555555556,3.2634499073028564,2049.446541786194,26.139560828340493,1.7652097685981956
635,230,1631,608,2.643478260869565,4.073322772979736,2472.5069231987,58.75185770175381,2.1870468894312656
636,251,1907,741,2.952191235059761,4.615360260009766,3415.3665924072266,101.02421696282883,2.583813553059121
637,329,2451,966,2.9361702127659575,4.317647457122803,4166.529796123505,75.01195172117669,2.4524813849789817
638,248,1708,689,2.778225806451613,4.239323616027832,2916.6546478271484,69.36092135353205,2.463608428809118
639,182,1304,551,3.0274725274725274,4.518774032592773,2485.3257179260254,91.72307951429,2.7496680124583435
640,193,1485,595,3.082901554404145,4.146579742431641,2463.0683670043945,63.2174102864677,2.392900012422705
641,228,1595,660,2.8947368421052633,4.231555938720703,2788.5953636169434,68.82423519965347,2.522315173753053
642,254,1134,351,1.3818897637795275,2.405733585357666,842.0067548751831,11.086560238071065,1.0712160226220775
643,273,1114,371,1.358974358974359,2.314121723175049,856.2250375747681,10.116034337478188,1.1088614143573468
644,236,937,312,1.3220338983050848,2.6392550468444824,820.808319568634,14.002768314871888,1.263795189073716
645,301,1227,407,1.3521594684385383,2.795991897583008,1135.1727104187012,16.378866857005768,1.3347253788700437
646,263,1050,343,1.3041825095057034,3.0139553546905518,1030.7727313041687,20.367802693603874,1.4162768645105677
647,318,1316,443,1.3930817610062893,2.6984901428222656,1192.7326431274414,14.85728240702187,1.307560387041296
648,277,1141,362,1.3068592057761732,2.4906973838806152,899.1417555809021,12.069690393638993,1.1368863732101349
649,254,1043,346,1.3622047244094488,2.312345027923584,797.7590346336365,10.098077184225291,1.1034736367117106
650,219,1515,543,2.4794520547945207,3.5915346145629883,1946.6117610931396,36.28972395528625,1.8537076793829732
651,255,1682,622,2.43921568627451,3.2723281383514404,2032.1157739162445,26.372667143569775,1.742998424221881
652,186,1213,437,2.349462365591398,3.272411346435547,1426.7713470458984,26.374861653974804,1.6969463700458236
653,227,1461,543,2.392070484581498,3.428732395172119,1858.3729581832886,30.837528164414874,1.8350892887701462
654,126,845,296,2.3492063492063493,3.7845263481140137,1116.435272693634,44.01481791917498,1.9061250075605012
655,85,634,282,3.3176470588235296,2.884852409362793,810.6435270309448,17.90092539155745,1.8446551993316758
656,262,1892,802,3.0610687022900764,2.536435127258301,2031.684536933899,12.634550030405801,1.5492078256264938
657,168,1199,476,2.8333333333333335,3.7773330211639404,1794.2331850528717,43.69934096799613,2.1589085223304316
658,200,1462,588,2.94,3.1532464027404785,1850.955638408661,23.411945949047325,1.8265147198615872
659,273,1977,825,3.021978021978022,2.869410276412964,2364.394067764282,17.626620300444497,1.725391803880027
660,154,1179,484,3.142857142857143,3.469418525695801,1675.7291479110718,32.118061186663,2.0505225882649634
661,270,1929,751,2.7814814814814817,3.231097936630249,2423.3234524726868,25.30742767479822,1.8123985108098843
662,209,1603,651,3.1148325358851676,2.9098894596099854,1891.4281487464905,18.354769511493267,1.7022794824668463
663,267,1988,805,3.0149812734082397,2.9282071590423584,2354.278555870056,18.694084913611935,1.7085040228495778
664,259,1883,791,3.054054054054054,2.796300172805786,2209.077136516571,16.383916834186394,1.6925250290991232
665,172,1311,532,3.0930232558139537,3.164344072341919,1680.266702413559,23.673211025256307,1.8490560175003
666,169,1136,463,2.739644970414201,3.417801856994629,1579.0244579315186,30.502292874309,2.0053263687501635
667,95,651,251,2.642105263157895,3.9583933353424072,989.5983338356018,52.37311228713755,2.1930700594417876
668,313,1907,699,2.2332268370607027,3.7905118465423584,2645.777268886566,44.27905855972927,2.0015992370841085
669,310,1946,715,2.306451612903226,4.007526397705078,2861.373847961426,55.010627712663656,2.121320586116814
670,290,1814,675,2.3275862068965516,3.688352584838867,2485.9496421813965,39.978930779847,1.9771043112870972
671,95,564,211,2.221052631578947,4.443544387817383,933.1443214416504,85.07595007444735,2.3869551152084503
672,326,2052,750,2.3006134969325154,3.4796831607818604,2606.2826874256134,32.44943919199672,1.8323933276333786
673,324,2099,731,2.256172839506173,3.2557437419891357,2376.692931652069,25.938899210192954,1.6335603173941364
674,332,2071,738,2.2228915662650603,3.599381685256958,2652.744302034378,36.57561221030309,1.8479483579388951
675,263,1719,632,2.403041825095057,3.5986251831054688,2270.732490539551,36.547953144364506,1.9057443300098054
676,301,1760,648,2.1528239202657806,3.3746249675750732,2183.3823540210724,29.213325782152637,1.7897470991537912
677,306,1824,700,2.287581699346405,3.850886344909668,2691.769555091858,47.03473375846593,2.129058436593703
678,275,1572,616,2.24,4.181390285491943,2571.555025577545,65.45679361331257,2.3600316048179493
679,191,1062,386,2.020942408376963,4.484100341796875,1726.3786315917969,88.59720774286576,2.345233418544407
680,275,1663,581,2.112727272727273,4.225881099700928,2451.011037826538,68.43477485180023,2.126314774165038
681,289,1790,684,2.366782006920415,3.958392381668091,2703.581996679306,52.37306234026931,2.1790191839362665
682,254,1505,576,2.267716535433071,4.301849842071533,2473.5636591911316,73.83625285367411,2.371161478032029
683,293,1727,643,2.1945392491467577,3.946702718734741,2533.783145427704,51.76440333502888,2.116662639604278
684,255,1872,647,2.537254901960784,2.822697401046753,1823.4625210762024,16.822165655570114,1.405288641241199
685,202,1328,468,2.3168316831683167,3.4722542762756348,1621.5427470207214,32.20926925784593,1.7615901202682696
686,256,2130,748,2.921875,2.517996072769165,1880.9430663585663,12.403715598530518,1.2740033962582085
687,291,2018,740,2.542955326460481,2.9026644229888916,2145.069008588791,18.22263354799227,1.533538365240661
688,255,2042,661,2.592156862745098,2.931527614593506,1934.8082256317139,18.756260960911227,1.366962895293853
689,80,565,209,2.6125,2.644740104675293,550.1059417724609,14.07978533718757,1.4046639188649244
690,286,2200,881,3.0804195804195804,2.566547155380249,2258.561496734619,13.020787976013095,1.4810979413099044
691,263,1849,687,2.612167300380228,2.605232000350952,1787.1891522407532,13.534364915948299,1.3944666993338481
692,253,1799,645,2.549407114624506,3.242419481277466,2088.118145942688,25.595574905168448,1.6745512473272777
693,256,1858,682,2.6640625,3.3283207416534424,2266.5864250659943,27.891465379486903,1.759953172868113
694,257,1984,745,2.8988326848249026,2.5081894397735596,1866.0929431915283,12.282671399957028,1.3569571748892681
695,276,1955,734,2.6594202898550723,2.4308645725250244,1781.823731660843,11.368706903887222,1.314899366447757
696,157,883,214,1.3630573248407643,2.105156660079956,448.39836859703064,8.208388835725682,0.7326184628738818
697,171,995,209,1.2222222222222223,2.2516236305236816,468.3377151489258,9.50315292630513,0.6790638181976113
698,163,921,202,1.2392638036809815,2.3584890365600586,474.0562963485718,10.574960995535038,0.742582701242425
699,168,931,205,1.2202380952380953,2.831778049468994,577.6827220916748,16.975617494242304,0.8951879681728212
700,175,966,201,1.1485714285714286,2.914010524749756,582.8021049499512,18.430566787758867,0.8703992822266499
701,213,1128,263,1.2347417840375587,2.611814498901367,684.2953987121582,13.623748715007727,0.8752035267953605
702,152,895,195,1.2828947368421053,2.729936361312866,529.607654094696,15.331911286154815,0.8537009342784977
703,158,976,214,1.3544303797468353,2.323949098587036,495.0011579990387,10.215938498402172,0.7316964302044133
704,274,2018,722,2.6350364963503647,2.563117742538452,1848.007892370224,12.976210798978393,1.321165422123978
705,227,1464,522,2.299559471365639,2.754197359085083,1434.9368240833282,15.708427614797593,1.414054808807361
706,274,2249,788,2.875912408759124,2.3455209732055664,1845.9250059127808,10.43870959919559,1.184129324981458
707,313,2227,793,2.533546325878594,2.6848723888397217,2126.4189319610596,14.656330949523431,1.3775366178682653
708,273,2078,698,2.5567765567765566,2.9135520458221436,2030.745775938034,18.42211869804627,1.4098878057035669
709,82,593,213,2.597560975609756,2.6785430908203125,567.8511352539062,14.563859611102416,1.3815109895345339
710,348,2493,1137,3.2672413793103448,1.848109483718872,2099.4523735046387,6.347807538252929,1.214949670211675
711,296,1959,763,2.5777027027027026,2.374044418334961,1809.0218467712402,10.740744622002309,1.3322444345056983
712,257,1844,630,2.4513618677042803,3.2949187755584717,2072.5039098262787,26.97522293349623,1.62147023477731
713,273,1910,663,2.4285714285714284,3.133984088897705,2074.6974668502808,22.965293290642435,1.5670972496176934
714,245,1875,700,2.857142857142857,2.1942532062530518,1533.7829911708832,8.97329735163666,1.1801499280864396
715,269,1969,783,2.9107806691449816,2.08035945892334,1626.8410968780518,8.007346709267747,1.1919936936416085
716,344,2151,510,1.4825581395348837,2.3480305671691895,1195.1475586891174,10.464939421128722,0.8015962138778898
717,262,1467,388,1.4809160305343512,2.8690719604492188,1110.3308486938477,17.620657942047366,1.0919351118995555
718,355,2355,533,1.5014084507042254,1.8244377374649048,970.6008763313293,6.19930840014221,0.5945991808771511
719,371,2239,565,1.522911051212938,2.542890787124634,1434.1904039382935,12.716378231296444,0.9241176344137183
720,355,2214,516,1.4535211267605634,2.7727527618408203,1427.9676723480225,16.00262484890032,0.9304976871934274
721,95,632,148,1.5578947368421052,2.43074369430542,357.31932306289673,11.36733275789131,0.8156690117035483
722,427,2638,765,1.7915690866510539,2.1165292263031006,1617.0283288955688,8.30227211639256,0.8843361452140276
723,370,2120,562,1.518918918918919,2.3960466384887695,1344.1821641921997,10.979683806985907,0.9147381803450383
724,331,1996,460,1.3897280966767371,2.356518030166626,1081.6417758464813,10.554138207467888,0.7818032194549351
725,367,2110,520,1.4168937329700273,2.8011529445648193,1453.7983782291412,16.463617471193494,0.9940226117173458
726,272,1738,462,1.6985294117647058,2.1641180515289307,997.658421754837,8.706919475271471,0.8281454876679019
727,330,1999,513,1.5545454545454545,2.2343881130218506,1144.0067138671875,9.340764610990867,0.8256392260329519
728,258,1756,358,1.3875968992248062,2.7123219966888428,968.2989528179169,15.06421399067115,0.7955353629432718
729,260,1611,345,1.3269230769230769,2.2656149864196777,779.3715553283691,9.637049433605219,0.6979487758424312
730,286,1830,365,1.2762237762237763,1.8479547500610352,672.6555290222168,6.346825394760577,0.5302933311185216
731,279,1663,365,1.3082437275985663,2.6800503730773926,975.5383358001709,14.585828010418922,0.8463044613685983
732,253,1587,385,1.5217391304347827,2.717562437057495,1043.5439758300781,15.14336431593287,0.9486551473721524
733,236,1428,317,1.3432203389830508,3.122584581375122,986.7367277145386,22.7049867590202,0.9968908849697257
734,241,1426,332,1.3775933609958506,2.8110508918762207,930.457845211029,16.627382621899923,0.9413512756256539
735,281,1713,421,1.498220640569395,2.987328052520752,1254.6777820587158,19.832619914137414,1.0566943456448763
736,198,1299,293,1.47979797979798,2.9519424438476562,861.9671936035156,19.14310203807729,0.9573177795386982
737,260,1944,760,2.923076923076923,2.970238208770752,2254.4108004570007,19.496563295300675,1.6730593014124657
738,263,1801,698,2.653992395437262,2.732541084289551,1904.581135749817,15.371898723248274,1.5256689392098448
739,274,1996,783,2.8576642335766422,3.2110249996185303,2511.0215497016907,24.804497799718,1.8149490667935617
740,258,1734,708,2.744186046511628,3.15408992767334,2229.9415788650513,23.431702840726036,1.8553204482703085
741,171,1158,450,2.6315789473684212,2.982621908187866,1339.197236776352,19.7395040225941,1.6684397342568618
742,235,1739,652,2.774468085106383,3.126343011856079,2035.2493007183075,22.790482437465744,1.688466977066724
743,266,1972,757,2.845864661654135,2.9939818382263184,2263.4502696990967,19.965021915814813,1.6559170788000372
744,245,1614,624,2.546938775510204,3.2236595153808594,2008.3398780822754,25.119878765667792,1.7951809061517003
745,292,2141,833,2.8527397260273974,2.745192289352417,2283.999984741211,15.567607129488975,1.539054391114719
746,250,1687,398,1.592,2.8651270866394043,1137.4554533958435,17.551283596506593,0.9727334569331896
747,247,1567,374,1.51417004048583,2.4784772396087646,924.4720103740692,11.923094571044867,0.8511366846249648
748,270,1716,364,1.348148148148148,2.403379440307617,872.426736831665,11.060491563924023,0.7334765307494079
749,275,1645,395,1.4363636363636363,3.121809244155884,1229.9928421974182,22.68738956048665,1.0787261846608733
750,234,1480,379,1.6196581196581197,3.340513229370117,1262.7140007019043,28.233613307189653,1.2308859641038516
751,227,1364,344,1.5154185022026432,3.307281970977783,1134.3977160453796,27.310792970803245,1.199846011242255
752,227,1369,363,1.5991189427312775,2.9379656314849854,1063.5435585975647,18.87740362663558,1.120795484118413
753,268,1639,455,1.6977611940298507,3.3619515895843506,1526.3260216712952,28.8454304247101,1.3435161575625125
754,194,1247,312,1.6082474226804124,3.255267381668091,1012.3881556987762,25.92654589038693,1.171264933184722
755,152,985,246,1.618421052631579,2.895871639251709,709.4885516166687,18.099270602433815,1.0391630608983364
756,162,931,260,1.6049382716049383,2.7412188053131104,709.9756705760956,15.505872223586886,1.100191599454296
757,153,957,224,1.4640522875816993,2.41092586517334,537.6364679336548,11.14427446556624,0.8104968297690093
758,128,863,258,2.015625,2.2689032554626465,583.1081366539001,9.668790803404292,0.9747939942671909
759,123,744,197,1.6016260162601625,2.3293190002441406,456.54652404785156,10.270944640080314,0.8852922126060878
760,139,940,199,1.4316546762589928,1.9232267141342163,380.79888939857483,6.84300329944806,0.5844432652248391
761,194,1187,315,1.6237113402061856,3.106274366378784,975.3701510429382,22.337667216766082,1.1854774051733499
762,192,1196,298,1.5520833333333333,3.2552216053009033,966.8008167743683,25.925359094466156,1.1662196855249
763,82,413,120,1.4634146341463414,3.6087353229522705,429.4395034313202,36.91933224572524,1.5001216512401565
764,175,1081,250,1.4285714285714286,2.656766176223755,661.534777879715,14.250132091116818,0.8828796886425964
765,361,2462,957,2.6509695290858724,2.915531873703003,2787.248471260071,18.45862745086719,1.633285762474512
766,265,1748,689,2.6,3.6206820011138916,2491.0292167663574,37.363040770200456,2.0559470810860088
767,361,2628,1083,3.0,2.7362377643585205,2960.609261035919,15.428828876330536,1.6252877849720164
768,372,2631,1070,2.8763440860215055,2.7056267261505127,2892.314970254898,14.96369188939333,1.5859857332860705
769,371,2808,1041,2.8059299191374665,3.2989501953125,3430.908203125,27.084190880284243,1.7627329951544521
770,96,755,313,3.2604166666666665,2.89375638961792,902.851993560791,18.061026588997414,1.7252186672408842
771,364,2745,1173,3.2225274725274726,2.2413370609283447,2626.84703540802,9.405899143816745,1.3805971552484613
772,329,2342,951,2.8905775075987843,2.6271443367004395,2495.7871198654175,13.834207601783678,1.5374294197029832
773,315,2102,836,2.653968253968254,2.7726356983184814,2315.150808095932,16.000751634913495,1.5889898143435193
774,365,2567,1044,2.8602739726027395,2.8477976322174072,2970.2529304027557,17.24974968258188,1.669329634934931
775,296,2120,877,2.9628378378378377,2.473555088043213,2166.8342571258545,11.864551489592156,1.4745665269734867
776,347,2412,1014,2.922190201729107,2.540086030960083,2573.107149362564,12.68076186202557,1.5390584262277398
777,340,2046,567,1.6676470588235295,2.537409543991089,1436.1738018989563,12.646867347492018,1.012688573731316
778,306,1683,473,1.5457516339869282,2.204462766647339,1040.506425857544,9.065380034889294,0.8919390734389653
779,356,1960,562,1.5786516853932584,2.548121929168701,1429.4964022636414,12.783073706770839,1.0522078420991685
780,380,1915,523,1.3763157894736842,2.8472349643707275,1486.2566514015198,17.24004653315331,1.1196945694335296
781,208,1182,313,1.5048076923076923,2.5542492866516113,796.9257774353027,12.8616406270933,0.9726910888853579
782,313,1778,473,1.511182108626198,3.1176822185516357,1471.546007156372,22.59395106702742,1.194033817190356
783,330,1904,529,1.603030303030303,2.9457767009735107,1555.3700981140137,19.025433722163918,1.178531894588271
784,326,1741,434,1.3312883435582823,3.0198380947113037,1307.5898950099945,20.487974304254976,1.083545925931901
785,374,2120,557,1.4893048128342246,2.6985106468200684,1500.371919631958,14.857587043830824,1.0210278905387171
786,297,1742,511,1.7205387205387206,2.7689898014068604,1412.1847987174988,15.942520760330174,1.1695476497867476
787,282,1657,476,1.6879432624113475,2.2869300842285156,1086.291790008545,9.84466893925943,0.9457982971657956
788,293,1697,483,1.6484641638225257,2.99810528755188,1445.086748600006,20.047516636481575,1.2285324018029375
789,294,1627,486,1.653061224489796,3.063673496246338,1485.8816456794739,21.40604794273269,1.3175624348922612
790,183,1039,296,1.6174863387978142,2.608853578567505,769.6118056774139,13.58346954155334,1.0686382439464925
791,276,1513,412,1.4927536231884058,3.6383039951324463,1495.3429419994354,38.0272875382391,1.425858457931856
792,292,1631,442,1.5136986301369864,3.909273862838745,1723.9897735118866,49.86273164212807,1.524948802445669
793,291,1511,412,1.4158075601374571,3.2458746433258057,1334.0544784069061,25.684164722139805,1.2737483655018904
794,315,1817,476,1.511111111111111,3.139667272567749,1491.3419544696808,23.096180847171563,1.184123083094696
795,293,1769,483,1.6484641638225257,2.5538041591644287,1230.9336047172546,12.855916831323837,1.0038789187050077
796,285,1665,440,1.543859649122807,2.097005844116211,920.5855655670166,8.141755695101741,0.7976722103048028
797,315,1753,477,1.5142857142857142,2.5216617584228516,1200.3109970092773,12.449267158695456,0.9878395452993564
798,308,1737,499,1.62012987012987,2.558962106704712,1274.3631291389465,12.922398282449048,1.0584440798506043
799,194,1107,283,1.458762886597938,2.261420488357544,637.7205777168274,9.596711506251813,0.831107782244726
800,283,1553,384,1.3568904593639577,3.287911891937256,1259.270254611969,26.786871335224454,1.1698280434434452
801,319,1757,454,1.4231974921630095,2.9003243446350098,1313.8469281196594,18.180041012047866,1.0788164187168077
802,300,1564,386,1.2866666666666666,2.8705897331237793,1105.177047252655,17.64742240122402,1.0194587246647782
803,324,1908,479,1.478395061728395,2.6020405292510986,1243.7753729820251,13.49123923525065,0.9404552214785056
804,248,1608,301,1.2137096774193548,2.330005407333374,699.0016222000122,10.277997109449975,0.627143142985882
805,275,1604,345,1.2545454545454546,2.097648859024048,721.5912075042725,8.146992648928906,0.6490249729523022
806,266,1511,310,1.1654135338345866,2.461822509765625,760.7031555175781,11.726163124142579,0.7263154666140278
807,321,1851,395,1.2305295950155763,2.6171514987945557,1031.157690525055,13.696653032564216,0.8036985880578138
808,300,1708,361,1.2033333333333334,2.1533260345458984,775.1973724365234,8.613459470490875,0.6547853658807536
809,314,1632,384,1.2229299363057324,2.392791748046875,916.4392395019531,10.94400423715297,0.8101362414862261
810,297,1584,373,1.2558922558922558,2.9173130989074707,1085.240472793579,18.49153572314372,0.9884286920904612
811,266,1522,299,1.1240601503759398,2.872178554534912,855.9092092514038,17.67548328975368,0.8113114136913235
812,313,1747,371,1.1853035143769968,2.27020001411438,839.9740052223206,9.681337024482646,0.6936613233027374
813,322,1377,441,1.3695652173913044,2.986602783203125,1314.105224609375,19.81824113829829,1.3767996301744536
814,381,1586,528,1.3858267716535433,2.666900396347046,1405.4565088748932,14.395280306241535,1.2784647765062573
815,305,1277,439,1.439344262295082,2.6507787704467773,1161.0411014556885,14.16506568558457,1.3116900856212856
816,330,1417,529,1.603030303030303,2.6596624851226807,1404.3017921447754,14.29146470261486,1.4297665712341223
817,207,873,293,1.4154589371980677,2.879477024078369,840.8072910308838,17.804959179389115,1.3894942830624737
818,145,619,250,1.7241379310344827,2.350691318511963,585.3221383094788,10.492821099402732,1.3642024979993683
819,161,937,233,1.4472049689440993,2.425830364227295,562.7926445007324,11.311618283827187,0.866529516830301
820,157,995,236,1.5031847133757963,2.836824893951416,666.6538500785828,17.0615073497949,0.9666112597968903
821,156,896,226,1.4487179487179487,2.9163613319396973,656.1812996864319,18.473944462977137,1.056550789042065
822,160,962,254,1.5875,2.77801775932312,702.8384931087494,16.08710081617669,1.0540349361266785
823,156,919,223,1.4294871794871795,3.2085156440734863,712.290472984314,24.742332525630395,1.1181914396593298
824,185,1074,296,1.6,2.944368600845337,868.5887372493744,18.998662858952457,1.166767843390763
825,155,927,216,1.3935483870967742,2.945028781890869,633.1811881065369,19.011209557152867,0.985423257891567
826,151,994,243,1.609271523178808,2.6043217182159424,630.245855808258,13.522050431034746,0.9147410168162925
827,164,990,221,1.3475609756097562,2.1561217308044434,474.34678077697754,8.637573779340883,0.6912502507965553
828,165,1004,210,1.2727272727272727,2.468998908996582,516.0207719802856,11.810617428617213,0.7414946302108095
829,162,921,212,1.308641975308642,2.3947153091430664,505.284930229187,10.965075957813891,0.7915006113763019
830,167,992,226,1.3532934131736527,2.5899879932403564,582.7472984790802,13.329611556792852,0.8475066911363
831,164,987,209,1.274390243902439,2.851787567138672,593.1718139648438,17.3187125484085,0.8670375221906697
832,200,1176,270,1.35,2.70007061958313,726.3189966678619,14.880782562428747,0.891034706289262
833,161,945,205,1.2732919254658386,2.727854013442993,556.4822187423706,15.300018131193175,0.8495599336746089
834,163,1078,240,1.4723926380368098,2.0406272411346436,487.7099106311798,7.695434578499093,0.6527056302968485
835,287,1877,488,1.7003484320557491,1.9090074300765991,929.6866184473038,6.746389211154307,0.7145734011799441
836,167,1029,265,1.5868263473053892,3.0535826683044434,806.145824432373,21.191129372848827,1.1302454646665983
837,218,1510,363,1.665137614678899,2.6019301414489746,941.8987112045288,13.48975004919904,0.8999156289234964
838,298,2032,514,1.7248322147651007,2.2252025604248047,1141.5289134979248,9.25535738316595,0.8104715071529639
839,182,1250,284,1.5604395604395604,3.198059558868408,905.0508551597595,24.48497242290594,1.0445699043930405
840,301,1862,477,1.584717607973422,2.6603856086730957,1266.3435497283936,14.301802934770322,0.981174843853319
841,258,1786,454,1.7596899224806202,1.9620505571365356,888.8089023828506,7.113899576712285,0.7179620357030803
842,303,1904,448,1.4785478547854785,2.3278985023498535,1040.5706305503845,10.2563651423712,0.788459080036629
843,277,1744,486,1.7545126353790614,2.1855132579803467,1059.9739301204681,8.895212920940686,0.8768458328304953
844,194,1255,319,1.6443298969072164,2.7162938117980957,863.7814321517944,15.124165242239243,0.9929666841253868
845,173,1055,259,1.4971098265895955,3.115905284881592,803.9035634994507,22.55383876364285,1.099324819349406
846,89,606,134,1.5056179775280898,3.976562023162842,528.882749080658,53.33335981851989,1.2591031671788568
847,291,1671,500,1.7182130584192439,2.968531847000122,1481.297391653061,19.46332347268148,1.2789110718250314
848,285,1689,522,1.831578947368421,3.0781073570251465,1603.6939330101013,21.717260454542505,1.3698290611352226
849,294,1714,459,1.5612244897959184,3.629925489425659,1662.505874156952,37.710006718240486,1.3993517970215903
850,95,491,143,1.5052631578947369,4.373765468597412,621.0746965408325,79.34182908666419,1.8248908039125802
851,275,1709,523,1.9018181818181819,2.633716344833374,1374.7999320030212,13.925425540855889,1.1605717051581292
852,287,1813,553,1.9268292682926829,2.5393080711364746,1401.698055267334,12.67090057510404,1.1154014523761098
853,280,1752,475,1.6964285714285714,2.9493775367736816,1398.004952430725,19.094064675265095,1.15119566895549
854,261,2406,1091,4.180076628352491,1.7614880800247192,1920.022007226944,5.821093205056323,1.1512910341745575
855,173,1579,689,3.9826589595375723,2.3998172283172607,1651.0742530822754,11.021161840251457,1.5085475852192831
856,199,1977,882,4.432160804020101,1.90125572681427,1675.006295323372,6.694295372740724,1.2223182982907552
857,276,2681,1199,4.344202898550725,1.8943833112716675,2269.4712069034576,6.648447117755721,1.2212438849831813
858,161,1592,714,4.434782608695652,2.009486675262451,1432.7639994621277,7.459487225033,1.2983929125554328
859,263,2394,1053,4.003802281368821,2.176894187927246,2290.092685699463,8.818873915845296,1.380077427249249
860,225,2070,897,3.986666666666667,1.9549120664596558,1751.6012115478516,7.0632978956021475,1.2207856915532298
861,258,2494,1091,4.228682170542636,2.0427231788635254,2226.5682649612427,7.711580644836371,1.2879947851083915
862,236,2198,989,4.190677966101695,1.9627556800842285,1939.2026119232178,7.118917519476795,1.2728289315289134
863,205,1896,820,4.0,2.4945309162139893,2043.0208203792572,12.116048743359713,1.5545654040053039
864,213,1974,865,4.061032863849765,2.2620174884796143,1954.3831100463867,9.60244245471077,1.428358065279165
865,120,1162,522,4.35,2.569213628768921,1338.5603005886078,13.055553891245538,1.6619056003356494
866,373,3424,1526,4.091152815013404,2.080833673477173,3173.2713520526886,8.011144810101039,1.3370510639606978
867,339,2724,1232,3.634218289085546,2.073199510574341,2552.1085975170135,7.950219279193453,1.3516572751277105
868,322,2855,1239,3.847826086956522,2.623072624206543,3247.3639087677,13.777993207937328,1.6409652564416677
869,110,997,437,3.9727272727272727,2.811718463897705,1225.9092502593994,16.638486303169927,1.7739350009319386
870,318,2872,1293,4.066037735849057,1.9731441736221313,2549.3022723197937,7.193257821427094,1.2805939227029013
871,415,3746,1668,4.019277108433735,2.0940675735473633,3490.8106451034546,8.117868125221824,1.344414096736027
872,342,3089,1353,3.956140350877193,2.2612123489379883,3057.15909576416,9.59471426014929,1.4278239775550474
873,137,914,317,2.3138686131386863,2.567183494567871,811.2299842834473,13.029076250453183,1.2804786382343119
874,153,1046,347,2.2679738562091503,2.535226345062256,877.1883153915405,12.619286838070074,1.209861598987686
875,127,834,285,2.2440944881889764,3.2992019653320312,936.9733581542969,27.091010726031485,1.6208235218876292
876,144,1002,351,2.4375,3.2506015300750732,1137.7105355262756,25.805858249203396,1.638093161248388
877,132,1018,346,2.621212121212121,3.6090781688690186,1245.1319682598114,36.931992058093236,1.7645832179378627
878,162,1078,381,2.3518518518518516,3.1359379291534424,1191.656413078308,23.010207668630038,1.5948022241109512
879,139,933,319,2.2949640287769784,2.893878221511841,920.2532744407654,18.063227132118353,1.4229848182181377
880,129,1032,364,2.8217054263565893,2.2914083003997803,831.7812130451202,9.88885435698735,1.1627971232217067
881,243,1318,334,1.374485596707819,2.7421576976776123,913.1385133266449,15.520437405121463,0.9995298974363211
882,299,1583,384,1.2842809364548495,2.4943912029266357,955.3518307209015,12.114356088605977,0.8706767836293348
883,206,1154,271,1.3155339805825244,2.6877071857452393,725.6809401512146,14.697937616507941,0.9072238246306742
884,237,1354,379,1.59915611814346,2.8733742237091064,1086.1354565620422,17.696629959953754,1.1572837791105823
885,141,801,181,1.2836879432624113,2.8214519023895264,507.86134243011475,16.801226713253552,0.9147179028503599
886,102,557,148,1.4509803921568627,2.1736624240875244,319.5283763408661,8.79041940191721,0.8276158060507538
887,224,984,329,1.46875,2.2746169567108154,746.0743618011475,9.724193512023932,1.0938595344562132
888,229,942,302,1.3187772925764192,2.4752070903778076,745.0373342037201,11.884167955114007,1.1410421096951595
889,226,922,304,1.345132743362832,2.7992982864379883,848.1873807907104,16.433111387176286,1.3271971019645952
890,253,1055,347,1.3715415019762847,2.770664691925049,958.6499834060669,15.969245111121154,1.3109379876855165
891,266,1054,345,1.2969924812030076,2.9130663871765137,1002.0948371887207,18.41317400903833,1.3716482467861484
892,284,1162,390,1.3732394366197183,2.7449734210968018,1067.7946608066559,15.56420024731522,1.3257332718016137
893,244,975,306,1.2540983606557377,2.7375967502593994,834.9670088291168,15.449810691006526,1.2354900132755469
894,277,1152,387,1.3971119133574008,2.193803310394287,846.8080778121948,8.969261210308408,1.060491158371848
895,281,1883,413,1.4697508896797153,2.060438632965088,848.9007167816162,7.849412066208602,0.6504008785490835
896,283,1847,470,1.6607773851590106,1.8853856325149536,884.2458616495132,6.588894844242286,0.6906860419752795
897,285,1742,399,1.4,2.4177017211914062,962.2452850341797,11.220042872788635,0.7969153276909289
898,310,1987,456,1.4709677419354839,2.836991786956787,1290.8312630653381,17.06435503365532,0.9372299254397587
899,304,1983,437,1.4375,2.340226173400879,1020.3386116027832,10.383584787853588,0.7423285199126907
900,311,1741,465,1.495176848874598,2.5459249019622803,1181.309154510498,12.755019774965618,0.9789022739626823
901,316,1718,405,1.2816455696202531,3.254060745239258,1314.6405410766602,25.895280842208237,1.1039728691285688
902,258,1561,344,1.3333333333333333,2.802065849304199,961.1085863113403,16.478654048047137,0.8882681558149732
903,316,1812,450,1.4240506329113924,2.261115312576294,1015.240775346756,9.59378326915671,0.8083238586650282
904,201,1111,276,1.373134328358209,2.1600537300109863,594.0147757530212,8.671603571301747,0.7713610901833065
905,179,1121,252,1.4078212290502794,2.4348528385162354,611.1480624675751,11.414138868153982,0.7865301328910518
906,171,977,234,1.368421052631579,2.429269313812256,566.0197501182556,11.350585333285636,0.8358176934911133
907,176,1063,255,1.4488636363636365,2.6813223361968994,681.0558733940125,14.604392449853856,0.9243235476141519
908,174,1054,250,1.4367816091954022,2.69746470451355,671.6687114238739,14.84205498920142,0.9193672856655627
909,219,1255,325,1.4840182648401827,2.6668033599853516,864.0442886352539,14.393883508386233,0.9932688528466238
910,167,973,228,1.3652694610778444,2.9786078929901123,676.1439917087555,19.660428165472,1.0025381128109867
911,174,1179,275,1.5804597701149425,2.5201826095581055,690.5300350189209,12.430866451358314,0.8449739246027815
912,328,1971,427,1.3018292682926829,2.4852218627929688,1058.7045135498047,12.003783152277697,0.7749303660401146
913,251,1378,343,1.3665338645418326,2.7827439308166504,951.6984243392944,16.163311163195218,0.9963792432628015
914,353,2226,496,1.405099150141643,1.7207319736480713,851.7623269557953,5.588617688368368,0.5520365162242452
915,342,2022,506,1.4795321637426901,2.5705509185791016,1298.1282138824463,13.073024629547078,0.9262132228517571
916,333,2040,453,1.3603603603603605,2.5313618183135986,1144.1755418777466,12.570613377057796,0.8091648922418958
917,91,581,134,1.4725274725274726,2.437372922897339,324.17059874534607,11.44293973630592,0.8049557921031271
918,343,2182,664,1.935860058309038,1.9860806465148926,1316.7714686393738,7.286917714398101,0.8706231291430347
919,340,1861,484,1.423529411764706,2.366866111755371,1143.1963319778442,10.663920328262886,0.8862351847968237
920,300,1734,376,1.2533333333333334,2.39910888671875,899.6658325195312,11.013357857125332,0.7485256257400049
921,327,1862,425,1.2996941896024465,3.0494468212127686,1292.9654521942139,21.103667092044518,1.001801743244548
922,268,1661,395,1.4738805970149254,2.0679519176483154,814.7730555534363,7.908609037035667,0.7076875657416559
923,281,1752,468,1.6654804270462633,2.158662796020508,1008.0955257415771,8.659550327718847,0.8301223834073778
924,165,1119,265,1.606060606060606,2.5458295345306396,672.0989971160889,12.753803419490424,0.8665182217388983
925,198,1145,286,1.4444444444444444,2.402036666870117,684.5804500579834,11.04564979644189,0.8625684020857532
926,161,980,215,1.3354037267080745,2.5507185459136963,545.853768825531,12.816309581750922,0.8035719646276982
927,136,883,244,1.7941176470588236,2.474202871322632,601.2312977313995,11.872239637522913,0.9823254945235855
928,134,840,212,1.5820895522388059,2.106529712677002,444.4777693748474,8.219667126405403,0.7633879448362866
929,141,963,187,1.326241134751773,2.0094685554504395,373.76115131378174,7.45935206175135,0.5599411832578841
930,223,1383,346,1.5515695067264574,2.537795066833496,875.5392980575562,12.651743943698586,0.9133305881497037
931,213,1350,329,1.5446009389671362,2.6389126777648926,865.5633583068848,13.997975020556918,0.9249955293366959
932,98,512,134,1.3673469387755102,3.2094995975494385,426.8634464740753,24.766689810974786,1.2028003464158592
933,176,1180,277,1.5738636363636365,2.0066635608673096,553.8391427993774,7.4384579372770325,0.6771364277685223
934,223,1743,616,2.7623318385650224,2.4629201889038086,1514.6959161758423,11.739041755784408,1.2537259246825319
935,227,1671,602,2.6519823788546257,2.2643237113952637,1360.8585505485535,9.62461338327114,1.1749275177903895
936,209,1770,604,2.889952153110048,2.4328126907348633,1466.9860525131226,11.39087607590155,1.1957138435107109
937,250,1738,629,2.516,3.2339818477630615,2030.9406003952026,25.38051738867528,1.6858618714212963
938,228,1760,678,2.973684210526316,2.5907034873962402,1753.9062609672546,13.339152228702421,1.4376999232281606
939,229,1482,533,2.3275109170305677,2.9969851970672607,1594.3961248397827,20.025074174996952,1.5521102446146662
940,204,1406,499,2.446078431372549,3.0576834678649902,1522.7263669967651,21.27820837159769,1.562467836626672
941,262,1774,656,2.50381679389313,2.6565330028533936,1740.0291168689728,14.246809727147493,1.4150684204674575
942,191,1453,521,2.7277486910994764,2.447075128555298,1272.4790668487549,11.554501814938305,1.2634543973693837
943,271,1746,401,1.4797047970479704,2.331435203552246,932.5740814208984,10.292703061606737,0.7705727391337404
944,252,1588,397,1.5753968253968254,2.24273681640625,888.123779296875,9.419074321530323,0.8068587985435552
945,275,1601,388,1.410909090909091,2.412050485610962,933.4635379314423,11.156814594513637,0.8411637832756768
946,272,1712,440,1.6176470588235294,2.8091959953308105,1233.2370419502258,16.59656913406626,1.0392435541250966
947,271,1733,392,1.4464944649446494,2.5637032985687256,1002.4079897403717,12.983811322510858,0.8344887684627289
948,268,1446,420,1.5671641791044777,3.0787453651428223,1289.9943079948425,21.7311206639991,1.2870459134987202
949,269,1509,389,1.446096654275093,3.6966185569763184,1434.2880001068115,40.310765084902975,1.3712658614716011
950,264,1509,374,1.4166666666666667,2.6987357139587402,1006.6284213066101,14.860931374769727,0.9623975026089678
951,289,1642,438,1.5155709342560553,2.6893043518066406,1175.226001739502,14.721431420400464,1.0325777860129985
952,328,2155,590,1.798780487804878,1.6671142578125,981.9302978515625,5.2968603477607905,0.6573670400042098
953,221,1370,351,1.588235294117647,2.561732292175293,896.6063022613525,12.95824535100641,0.9441820918994485
954,249,1718,407,1.6345381526104417,2.1518564224243164,873.6537075042725,8.600810322991126,0.733653010052777
955,346,2346,587,1.6965317919075145,1.9982943534851074,1171.000491142273,7.376463723270835,0.7201179034311584
956,223,1557,378,1.695067264573991,2.3871960639953613,899.9729161262512,10.882936065625675,0.8339026737506241
957,358,2289,583,1.6284916201117319,2.2899301052093506,1332.739321231842,9.874247498591647,0.8399896939881616
958,301,2038,543,1.803986710963455,1.6857905387878418,913.6984720230103,5.396715559427525,0.646804835355947
959,394,2476,629,1.5964467005076142,1.8422133922576904,1156.9100103378296,6.310490405151672,0.6740986812072642
960,306,2073,556,1.8169934640522876,2.070112705230713,1148.9125514030457,7.925716337201645,0.7995805307883552
961,276,1825,471,1.7065217391304348,2.219351053237915,1043.09499502182,9.201357736660448,0.8245851925994947
962,271,1748,425,1.5682656826568266,2.4033379554748535,1019.0152931213379,11.060032730798584,0.8410345022746956
963,174,1144,272,1.5632183908045978,2.7172884941101074,736.3851819038391,15.139216466241821,0.9286531906615262
964,512,2928,899,1.755859375,2.0454015731811523,1836.7706127166748,7.732262983981004,0.9050204420139787
965,498,2966,1049,2.106425702811245,1.7439045906066895,1827.6120109558105,5.7196327032227705,0.8889705950354194
966,441,2545,737,1.6712018140589568,2.665133476257324,1961.5382385253906,14.369867454122325,1.1119455753377814
967,146,812,229,1.5684931506849316,3.293937921524048,751.0178461074829,26.948777149099822,1.3343469485201678
968,415,2593,773,1.8626506024096385,1.9555526971817017,1509.6866822242737,7.067824310958596,0.8399604665410999
969,508,3179,968,1.905511811023622,1.8381019830703735,1777.4446176290512,6.284598659176746,0.806640621361501
970,443,2776,811,1.8306997742663658,2.052206039428711,1662.2868919372559,7.785056318005009,0.8638951929152043
971,189,1120,407,2.1534391534391535,4.556042671203613,1849.753324508667,95.20597202678805,2.3827053108361853
972,246,1419,551,2.2398373983739837,3.929086446762085,2160.9975457191467,50.86049267141234,2.1970827643285653
973,176,1067,385,2.1875,4.214837074279785,1618.4974365234375,67.68313764861793,2.188376968475973
974,143,827,320,2.237762237762238,4.3670759201049805,1393.0972185134888,78.8128393972921,2.4302472172014737
975,120,775,279,2.325,4.202343940734863,1168.251615524292,66.84282318121363,2.1747494351321497
976,93,542,239,2.5698924731182795,3.191701650619507,759.6249928474426,24.329793045619954,2.0219690223548334
977,194,1298,458,2.3608247422680413,3.0937745571136475,1413.854972600937,22.06018846574476,1.5714649903756341
978,238,1522,566,2.3781512605042017,3.113827705383301,1759.312653541565,22.50703001190808,1.66764233944653
979,166,1129,405,2.4397590361445785,2.927621364593506,1182.7590312957764,18.683137229302577,1.5113911328760414
980,199,1405,546,2.7437185929648242,3.0487489700317383,1661.5681886672974,21.08894501054871,1.7061467515225393
981,125,861,303,2.424,3.3305296897888184,1005.8199663162231,27.953144277593374,1.6853559552050168
982,93,616,266,2.860215053763441,2.9239583015441895,774.8489499092102,18.614824912219586,1.8147252231688935
983,274,1891,405,1.4781021897810218,2.604691982269287,1052.295560836792,13.527058087257208,0.8028247420247014
984,284,1802,398,1.4014084507042253,2.4001476764678955,952.8586275577545,11.024804364598985,0.7628659359854807
985,285,1834,377,1.3228070175438595,2.186753749847412,822.219409942627,8.906254207121904,0.6467894576046225
986,291,1816,430,1.47766323024055,2.477792978286743,1062.9731876850128,11.914938849231811,0.844463737043558
987,308,1902,472,1.5324675324675325,2.614305019378662,1231.3376641273499,13.657721227218552,0.9339877716594782
988,263,1579,387,1.4714828897338403,2.799522638320923,1080.6157383918762,16.436798600259607,0.987333101256824
989,260,1574,387,1.4884615384615385,2.7371668815612793,1056.5464162826538,15.4431707282569,0.9684080528843654
990,314,1888,514,1.6369426751592357,2.7327349185943604,1401.8930132389069,15.374878613344029,1.0712415773605175
991,223,1432,345,1.547085201793722,2.7098300457000732,932.1815357208252,15.026721441920854,0.9391436304418245
992,450,1893,652,1.448888888888889,2.6804122924804688,1744.9484024047852,14.591107859968192,1.3298618102253053
993,412,1709,565,1.3713592233009708,2.7055819034576416,1525.9481935501099,14.96302119145891,1.2881672858327768
994,467,1916,676,1.4475374732334048,2.6702258586883545,1802.4024546146393,14.443230953639294,1.3571592291015842
995,421,1706,613,1.4560570071258907,3.0575833320617676,1871.2409992218018,21.2760777677879,1.5824326552669417
996,278,1130,385,1.3848920863309353,2.6699676513671875,1025.267578125,14.439502087096797,1.308980929685996
997,419,1695,580,1.3842482100238664,2.750153064727783,1592.3386244773865,15.64502640263282,1.3553150660468902
998,449,1837,652,1.4521158129175946,2.673551082611084,1740.4817547798157,14.49133786953467,1.3668940644412417
999,415,1650,509,1.2265060240963856,3.045297622680664,1547.0111923217773,21.01628519530578,1.3526456820377883
1000,505,2135,756,1.497029702970297,2.319789171218872,1751.4408242702484,10.173529207194468,1.1835105347003119
1001,229,1329,370,1.6157205240174672,2.979100465774536,1099.2880718708038,19.67011474279276,1.1933314144442433
1002,266,1493,402,1.5112781954887218,2.969759702682495,1190.8736407756805,19.48723630275311,1.1507484902025849
1003,179,1116,295,1.6480446927374302,2.996605157852173,881.0019164085388,20.017465307451015,1.138904207720674
1004,252,1454,437,1.7341269841269842,2.8738605976104736,1253.0032205581665,17.705239232401425,1.2432610264904862
1005,136,838,217,1.5955882352941178,3.3542559146881104,724.5192775726318,28.624297345416483,1.247327409048318
1006,93,557,206,2.21505376344086,2.558293581008911,524.4501841068268,12.913762214184272,1.3583872168837035
1007,209,1844,702,3.3588516746411483,2.5876858234405518,1813.9677622318268,13.298959823908367,1.4191986414882358
1008,216,1879,717,3.3194444444444446,2.691373348236084,1927.0233173370361,14.751921540543718,1.4795673143158816
1009,223,1977,795,3.5650224215246635,2.0609829425811768,1636.4204564094543,7.85368573967215,1.19416068653069
1010,230,1891,735,3.1956521739130435,2.600823163986206,1909.0042023658752,13.474825462031063,1.45643093378606
1011,217,1984,803,3.7004608294930876,2.25282621383667,1806.7666234970093,9.51458813395189,1.3138171611707823
1012,206,1633,639,3.1019417475728157,2.7426464557647705,1749.8084387779236,15.52802499851722,1.5458909719109428
1013,182,1551,609,3.3461538461538463,2.569016695022583,1561.9621505737305,13.052983065256724,1.452891714177293
1014,233,1952,762,3.2703862660944205,2.7754859924316406,2112.1448402404785,16.046423541367115,1.5610557820974131
1015,180,1528,608,3.3777777777777778,2.6087806224823,1583.529837846756,13.582478580940828,1.495124767121217
1016,271,1518,422,1.5571955719557196,2.5903337001800537,1090.5304877758026,13.334220492636154,1.036431440482459
1017,309,1694,462,1.4951456310679612,2.7493627071380615,1267.4562079906464,15.632666122438154,1.079429035308168
1018,222,1246,318,1.4324324324324325,2.7420215606689453,869.2208347320557,15.518324643015747,1.0064370687843516
1019,255,1510,441,1.7294117647058824,2.8219995498657227,1241.679801940918,16.810430382613184,1.1863346308822202
1020,136,872,209,1.536764705882353,2.863689422607422,595.6473999023438,17.52606887685551,0.9854788416943997
1021,114,691,247,2.1666666666666665,2.011445999145508,494.8157157897949,7.474117104163876,1.0330943260837335
1022,307,1967,483,1.5732899022801303,1.6254875659942627,783.4850068092346,5.080895705327747,0.5746466364690079
1023,195,1158,264,1.353846153846154,2.719355344772339,715.1904556751251,15.17053932450531,0.8910204867820561
1024,231,1617,339,1.4675324675324675,2.259303331375122,763.6445260047913,9.576415254235148,0.6813272545881975
1025,323,2182,473,1.4643962848297214,2.10295033454895,992.5925579071045,8.19029842187845,0.6562824752135065
1026,210,1361,275,1.3095238095238095,2.73557448387146,749.54740858078,15.418598628335666,0.7945395512642652
1027,332,2053,474,1.427710843373494,2.4436404705047607,1155.8419425487518,11.51488412781077,0.8122393758239408
1028,285,1882,457,1.6035087719298247,1.6677677631378174,760.5020999908447,5.300323005514923,0.5829822573020373
1029,342,2105,466,1.3625730994152048,1.8954523801803589,881.3853567838669,6.655558566497454,0.6040713935127004
1030,299,1887,460,1.5384615384615385,1.8740341663360596,860.1816823482513,6.514524134151363,0.6576469779477201
1031,225,1455,324,1.44,2.4225356578826904,782.479017496109,11.274411150246479,0.7758615794785602
1032,223,1408,310,1.390134529147982,2.6751515865325928,826.6218402385712,14.514549883127144,0.8469909301155508
1033,143,890,191,1.3356643356643356,3.0086848735809326,571.6501259803772,20.26073696604901,0.926648091994878
1034,397,2203,627,1.579345088161209,1.9586797952651978,1226.1335518360138,7.089960684082045,0.8029672241041254
1035,377,2058,643,1.7055702917771882,2.002258539199829,1285.4499821662903,7.405763431760875,0.90112357365506
1036,377,2094,535,1.4190981432360743,2.831639051437378,1512.0952534675598,16.97325808080584,1.041782389460071
1037,120,672,167,1.3916666666666666,3.4384360313415527,570.7803812026978,31.138220864923696,1.2253899187467918
1038,354,2061,618,1.7457627118644068,1.673438549041748,1032.5115847587585,5.330465387221477,0.722755624935403
1039,424,2434,742,1.75,1.705718755722046,1263.937597990036,5.505341241014348,0.7491686543193645
1040,369,2223,583,1.5799457994579946,2.1356770992279053,1242.9640717506409,8.462774705582328,0.8066658130084585
1041,166,1018,201,1.2108433734939759,2.6711132526397705,534.2226505279541,14.45605347790025,0.757092700046402
1042,194,1069,240,1.2371134020618557,2.1239349842071533,507.62046122550964,8.363984966900878,0.6850715828473444
1043,147,852,179,1.217687074829932,2.202134370803833,391.9799180030823,9.044296796283927,0.6637411782055274
1044,120,748,183,1.525,2.2255539894104004,405.05082607269287,9.258610555618509,0.7812363878115669
1045,115,713,157,1.3652173913043477,2.130406618118286,332.34343242645264,8.418289144492785,0.6724687543249083
1046,130,827,157,1.2076923076923076,2.14411997795105,334.48271656036377,8.534527359336291,0.5835024866320503
1047,205,1184,274,1.3365853658536586,2.6479947566986084,722.9025685787201,14.125684791882822,0.8808513097419032
1048,188,1200,246,1.3085106382978724,3.0309860706329346,742.591587305069,20.71765158826198,0.8927776670090724
1049,76,422,113,1.486842105263158,3.120529890060425,349.4993476867676,22.658382914579164,1.1948364353119127
1050,167,1023,207,1.2395209580838322,2.5376102924346924,522.7477202415466,12.649406441279522,0.7372097200669506
1051,184,1124,404,2.1956521739130435,2.5668869018554688,1034.455421447754,13.025212494397232,1.3277613047538943
1052,170,1030,381,2.2411764705882353,3.04382586479187,1156.6538286209106,20.985377062000055,1.6200958665792435
1053,151,923,331,2.19205298013245,3.634725570678711,1199.4594383239746,37.891452944467225,1.8748149332800215
1054,184,1054,382,2.0760869565217392,3.2234437465667725,1228.1320674419403,25.114459263917276,1.6810436843028436
1055,182,1074,389,2.1373626373626373,3.4145331382751465,1324.8388576507568,30.402752232412034,1.7796447392083299
1056,208,1186,460,2.2115384615384617,3.0345003604888916,1392.8356654644012,20.79058750498939,1.6942977296279689
1057,159,981,364,2.289308176100629,3.236908435821533,1174.9977622032166,25.454904504912566,1.727995356356993
1058,199,1235,464,2.3316582914572863,2.7484047412872314,1272.5113952159882,15.617697732883153,1.4865148820670462
1059,250,1587,312,1.248,2.7561962604522705,857.1770370006561,15.739858615502827,0.7792344426242861
1060,269,1522,325,1.20817843866171,2.249213218688965,728.7450828552246,9.480273998920483,0.6907732701100192
1061,243,1561,289,1.1893004115226338,2.1212167739868164,610.9104309082031,8.341280768852172,0.5646107937851406
1062,285,1609,327,1.1473684210526316,2.738870143890381,892.8716669082642,15.469496913035046,0.800585162211818
1063,292,1554,350,1.1986301369863013,2.9047482013702393,1013.7571222782135,18.260645067868225,0.9411469581574292
1064,232,1326,324,1.396551724137931,3.000741481781006,969.2394986152649,20.100435505709086,1.0545377210301268
1065,231,1299,299,1.2943722943722944,2.929677724838257,873.0439620018005,18.721596018958905,0.9696198571655507
1066,299,1590,390,1.3043478260869565,3.0361886024475098,1181.0773663520813,20.825716692099807,1.0716568926681418
1067,212,1192,263,1.240566037735849,3.0350160598754883,795.1742076873779,20.8013119632733,0.962410978249489
1068,308,1711,429,1.3928571428571428,2.6320641040802,1126.5234365463257,13.902436382314152,0.9498712889249427
1069,310,1579,421,1.3580645161290323,1.927711009979248,809.6386241912842,6.873758256336639,0.7397477061639828
1070,339,1870,492,1.4513274336283186,2.275961399078369,1117.4970469474792,9.737275922074394,0.8621430202348607
1071,326,1721,467,1.4325153374233128,2.578202247619629,1201.442247390747,13.173434286349151,1.0071555910663115
1072,201,1044,257,1.2786069651741294,2.5426182746887207,650.9102783203125,12.712913332224128,0.8994875771995879
1073,300,1590,350,1.1666666666666667,3.527141571044922,1230.9724082946777,34.026565951848255,1.1169294269923749
1074,334,1775,426,1.2754491017964071,3.051335096359253,1296.8174159526825,21.143554269245037,1.0540349605258452
1075,321,1623,368,1.146417445482866,2.9612295627593994,1086.7712495326996,19.3217144164599,0.9660378880354454
1076,354,1934,446,1.2598870056497176,2.6659092903137207,1186.3296341896057,14.381020124921786,0.8849596070863301
1077,268,2213,800,2.985074626865672,1.8640683889389038,1489.3906427621841,6.4499242653910205,0.9709609101940483
1078,182,1347,490,2.6923076923076925,2.581263303756714,1262.237755537033,13.213820689205763,1.351911024748399
1079,206,1805,628,3.0485436893203883,2.1768136024475098,1364.8621287345886,8.818163271294255,1.0909029499293879
1080,288,2494,849,2.9479166666666665,2.2668709754943848,1922.3065872192383,9.649161066853573,1.111989647333353
1081,185,1653,552,2.983783783783784,2.4452242851257324,1347.3185811042786,11.533136019642406,1.1759043166707182
1082,274,2248,793,2.894160583941606,2.596357583999634,2056.31520652771,13.41478670483294,1.319677825161073
1083,237,2021,702,2.962025316455696,2.0277633666992188,1421.4621200561523,7.5970754703261525,1.0147136820467706
1084,288,2281,806,2.798611111111111,2.1459505558013916,1727.4901974201202,8.550164784478708,1.092609180623544
1085,237,1906,705,2.9746835443037973,2.00801682472229,1413.6438446044922,7.4485309477235715,1.07001939359607
1086,209,1670,575,2.751196172248804,2.3400495052337646,1343.188416004181,10.38175050099586,1.1603660279932537
1087,208,1717,585,2.8125,2.737128257751465,1598.4829025268555,15.442574265686662,1.343112030530746
1088,125,984,340,2.72,2.7273216247558594,924.5620307922363,15.291874742543527,1.3555498544900288
1089,396,2761,1041,2.628787878787879,2.383697509765625,2479.04541015625,10.844928048942888,1.29536635978666
1090,334,2232,890,2.6646706586826348,2.5164988040924072,2237.16743683815,12.385157800161455,1.446035110557649
1091,335,2306,866,2.5850746268656715,3.0438895225524902,2632.964437007904,20.986712986630124,1.6472527042967497
1092,109,766,274,2.5137614678899083,3.462106466293335,945.1550652980804,31.884068541990327,1.7801181796039494
1093,319,2269,888,2.7836990595611284,2.050811290740967,1819.0696148872375,7.7742056896303,1.1566164444379086
1094,402,2989,1149,2.8582089552238807,2.2668685913085938,2602.3651428222656,9.649138061488287,1.2560787173409105
1095,319,2430,893,2.799373040752351,2.5234665870666504,2250.932195663452,12.47175624102308,1.3363821876794109
1096,282,2156,885,3.1382978723404253,2.696418523788452,2383.6339750289917,14.826535636790044,1.5950171220170564
1097,211,1595,642,3.042654028436019,3.541102409362793,2269.8466444015503,34.5049367969122,2.0531012523238688
1098,244,1784,755,3.0942622950819674,2.8848440647125244,2175.1724247932434,17.900776015218824,1.7590305326948623
1099,329,2447,1038,3.155015197568389,2.8737127780914307,2980.0401508808136,17.702622245879162,1.756963280476399
1100,217,1619,671,3.0921658986175116,3.249130964279175,2176.917746067047,25.767936926462333,1.939856971386108
1101,303,2293,911,3.0066006600660065,2.925825357437134,2662.5010752677917,18.649612295657256,1.675175358765973
1102,263,2038,816,3.102661596958175,2.737454414367676,2231.0253477096558,15.447611784920202,1.5793371958971028
1103,365,2633,1078,2.9534246575342467,2.96144700050354,3189.4784195423126,19.325916143245987,1.7476052787299898
1104,289,2240,952,3.2941176470588234,3.1747984886169434,3019.233362674713,23.921998827574924,1.9445683034005885
1105,254,1998,823,3.2401574803149606,3.2826290130615234,2698.3210487365723,26.64573267597223,1.9483755734427226
1106,271,2018,850,3.1365313653136533,3.103358507156372,2634.75137257576,22.2726285916235,1.8836188003916938
1107,150,1120,462,3.08,3.6006908416748047,1659.918478012085,36.62352676474475,2.138175139739278
1108,513,3586,1520,2.962962962962963,2.964752435684204,4503.458949804306,19.38990239931643,1.8118008627243982
1109,512,3385,1469,2.869140625,2.7149500846862793,3985.546724319458,15.103856139361579,1.6986494813609851
1110,460,3185,1341,2.9152173913043478,3.2234129905700684,4319.373407363892,25.113686855569085,1.956527031256374
1111,151,1081,440,2.9139072847682117,3.8734586238861084,1700.4483358860016,48.10848783865215,2.2694064583447036
1112,483,3293,1415,2.929606625258799,2.7583374977111816,3900.289221763611,15.773597495803347,1.70875430254207
1113,587,4184,1764,3.0051107325383306,2.6966469287872314,4754.188535451889,14.82992247841512,1.639303112702582
1114,509,3573,1457,2.862475442043222,2.979989767074585,4338.865100860596,19.68761518183387,1.7519337151127272
1115,426,1795,574,1.3474178403755868,2.10783314704895,1207.7883932590485,8.230387908464017,0.9707355573248347
1116,385,1602,525,1.3636363636363635,2.3558006286621094,1234.4395294189453,10.546569368111962,1.111685260530598
1117,407,1719,540,1.3267813267813269,2.564871072769165,1382.46550822258,12.998982338833333,1.1602537131545996
1118,459,1900,626,1.363834422657952,2.8680367469787598,1792.5229668617249,17.602426238068375,1.3610863131426223
1119,427,1728,562,1.31615925058548,2.6678085327148438,1496.6405868530273,14.408359121587354,1.249534694818293
1120,410,1712,632,1.5414634146341464,2.1271698474884033,1342.2441737651825,8.391085123774324,1.131103395533372
1121,440,1760,591,1.3431818181818183,2.708178758621216,1597.8254675865173,15.001928486743166,1.309758453575658
1122,383,1597,565,1.475195822454308,2.251408576965332,1269.7944374084473,9.5011094591881,1.1471046573560164
1123,375,1595,569,1.5173333333333334,2.2444775104522705,1274.8632259368896,9.435484326376152,1.1531278080695027
1124,286,1830,372,1.3006993006993006,2.1323118209838867,791.087685585022,8.43434298114611,0.6236602627878901
1125,257,1653,384,1.4941634241245136,1.9604839086532593,750.8653370141983,7.10276332230601,0.655335570529827
1126,289,1674,351,1.2145328719723183,2.1384358406066895,748.4525442123413,8.486153545601267,0.6450351098422177
1127,277,1787,380,1.371841155234657,2.8840572834014893,1093.0577104091644,17.886697558256678,0.8824560370524601
1128,275,1721,362,1.3163636363636364,2.27760910987854,822.216888666153,9.75333336215123,0.6892552166262707
1129,278,1543,420,1.5107913669064748,2.474219560623169,1036.6979959011078,11.872437778551687,0.9693059349229133
1130,279,1530,341,1.2222222222222223,3.305072069168091,1123.7245035171509,27.250505439290773,1.0596024631043177
1131,259,1531,329,1.2702702702702702,2.401486873626709,787.6876945495605,11.039578641907553,0.7422554740012486
1132,316,1789,414,1.3101265822784811,2.07051420211792,855.1223654747009,7.928899126537167,0.6895923957650033
1133,286,1937,705,2.465034965034965,2.902946949005127,2043.6746520996094,18.227782643396356,1.5221472822790831
1134,267,1689,613,2.295880149812734,2.8095245361328125,1719.4290161132812,16.60202268000717,1.4686866280090116
1135,281,1850,720,2.5622775800711746,3.2351107597351074,2326.0446362495422,25.40918593770148,1.8139313846505878
1136,254,1625,638,2.5118110236220472,3.2196311950683594,2050.905071258545,25.01889138910189,1.8208188157776792
1137,168,1097,406,2.4166666666666665,3.258615493774414,1319.7392749786377,26.013496351277904,1.7356256219490216
1138,236,1688,623,2.639830508474576,2.868939161300659,1784.48015832901,17.618318089044287,1.5251544283092506
1139,265,1830,690,2.6037735849056602,3.0349879264831543,2091.1066813468933,20.80072676003469,1.6485405678409515
1140,262,1660,587,2.2404580152671754,3.290619134902954,1928.302813053131,26.859488155556107,1.6758752444120424
1141,279,2050,768,2.752688172043011,2.8223578929901123,2164.748503923416,16.816455364199715,1.5234497226254222
1142,247,1915,777,3.145748987854251,3.0555427074432373,2371.101140975952,21.232705547969648,1.786305930826198
1143,203,1460,586,2.8866995073891624,3.0256080627441406,1769.9807167053223,20.606530966202104,1.7490016455204531
1144,269,2316,1016,3.7769516728624537,2.258046865463257,2291.9175684452057,9.564390370920306,1.4276934845087175
1145,275,2278,942,3.4254545454545453,2.762836217880249,2599.8288810253143,15.844718353466726,1.6465145890321
1146,242,2015,799,3.3016528925619837,3.162534236907959,2523.7023210525513,23.630405156580377,1.8069145524875843
1147,80,643,265,3.3125,3.122246503829956,824.2730770111084,22.697312010236896,1.8494162994435657
1148,355,2744,1269,3.574647887323944,1.9150418043136597,2428.2730078697205,6.787222526248083,1.2766973128200338
1149,265,2090,916,3.456603773584906,2.5608365535736084,2343.1654465198517,12.946643347392397,1.6174512773572076
1150,232,1885,735,3.168103448275862,3.209900379180908,2356.0668783187866,24.77661783467521,1.8032286479327608
1151,254,2012,808,3.1811023622047245,3.3334524631500244,2690.0961377620697,28.034964495780464,1.9289206548031272
1152,236,1935,844,3.5762711864406778,2.3661582469940186,1994.6714022159576,10.656374385913066,1.4871847752868201
1153,245,1951,859,3.5061224489795917,2.419086456298828,2075.5761795043945,11.235590422195756,1.5348146904962843
1154,246,1417,364,1.4796747967479675,2.75520396232605,1000.1390383243561,15.724247729898897,1.0182749688002861
1155,275,1534,373,1.3563636363636364,2.6720023155212402,993.9848613739014,14.468911533422986,0.9348220536002811
1156,193,1212,282,1.461139896373057,2.7449026107788086,771.3176336288452,15.563098180365714,0.9181321163255325
1157,259,1481,409,1.579150579150579,2.8419017791748047,1159.4959259033203,17.148346915078353,1.129506429596001
1158,133,827,187,1.406015037593985,2.846343994140625,529.4199829101562,17.2246930057103,0.9235690252623968
1159,96,553,204,2.125,1.8075660467147827,366.9359074831009,6.095592973491418,0.957281399728682
1160,162,1049,222,1.3703703703703705,2.6083149909973145,576.4376130104065,13.576155623467685,0.7927775840533697
1161,175,1014,242,1.3828571428571428,2.1432816982269287,516.5308892726898,8.52737603591949,0.7349078426229545
1162,161,1007,202,1.2546583850931676,2.106384515762329,423.38328766822815,8.21847374273892,0.6065670005106436
1163,128,872,235,1.8359375,2.0198915004730225,472.65461111068726,7.537507073341948,0.7819913572278555
1164,131,793,188,1.4351145038167938,1.9243724346160889,359.8576452732086,6.85084796152264,0.6546845400525068
1165,140,950,180,1.2857142857142858,1.8132375478744507,324.5695210695267,6.1302623569025325,0.49289982996917064
1166,201,1252,321,1.5970149253731343,2.3986964225769043,767.5828552246094,11.008816178632102,0.8844951906580952
1167,207,1284,278,1.3429951690821256,2.7613720893859863,764.9000687599182,15.821536624497982,0.8594373333143
1168,79,398,112,1.4177215189873418,3.261568546295166,362.0341086387634,26.090429109581745,1.3123236511703522
1169,177,1132,233,1.3163841807909604,2.2869105339050293,530.5632438659668,9.84447647467843,0.6761845943492862
1170,252,1899,762,3.0238095238095237,3.1011950969696045,2360.009468793869,22.22449584425343,1.7929299405370784
1171,236,1756,721,3.055084745762712,3.298396110534668,2374.845199584961,27.06918809918773,1.9511260776310844
1172,213,1756,722,3.3896713615023475,2.8153765201568604,2029.8864710330963,16.699462280917448,1.667714775243193
1173,263,1835,752,2.859315589353612,3.287172555923462,2468.66658949852,26.767074155835093,1.9408899434756322
1174,252,1813,813,3.2261904761904763,2.625974178314209,2132.2910327911377,13.818028855435546,1.6967709314615447
1175,205,1513,622,3.0341463414634147,3.243438959121704,2014.1755936145782,25.62168233240543,1.920582379634723
1176,222,1578,627,2.824324324324324,3.213937520980835,2011.9248881340027,24.87684673721057,1.839413218474023
1177,294,2014,836,2.8435374149659864,3.252725124359131,2716.0254788398743,25.860717651216476,1.9455791902931274
1178,204,1454,619,3.034313725490196,3.0931291580200195,1911.553819656372,22.045955433590784,1.8966913452617633
1179,132,1058,346,2.621212121212121,3.02248215675354,1042.7563440799713,20.542217458966938,1.4219087017577319
1180,143,961,350,2.4475524475524475,2.6859052181243896,937.380921125412,14.671476257246217,1.4072370513335697
1181,117,925,317,2.7094017094017095,2.609646797180176,824.6483879089355,13.594248476879239,1.2861796105008645
1182,110,765,286,2.6,2.2190964221954346,632.4424803256989,9.199015083616478,1.1927080130894139
1183,94,690,246,2.617021276595745,2.94537615776062,721.6171586513519,19.017814739781908,1.5088021684154924
1184,107,889,291,2.7196261682242993,2.380053758621216,690.2155900001526,10.805483736224902,1.1201019222018787
1185,178,1314,481,2.702247191011236,2.3662219047546387,1135.7865142822266,10.657052768434731,1.2470270712812255
1186,174,1190,411,2.3620689655172415,2.981395959854126,1222.3723435401917,19.715319238205847,1.4819416118867688
1187,68,439,163,2.3970588235294117,3.126065969467163,506.4226870536804,22.78416938229904,1.664267651949905
1188,146,1074,363,2.4863013698630136,2.627777338027954,951.2553963661194,13.842967445764655,1.277813261598013
1189,220,1873,642,2.918181818181818,2.106712579727173,1350.4027636051178,8.22117037012888,1.0401598346267242
1190,207,1647,552,2.6666666666666665,2.4468531608581543,1348.216091632843,11.551937373400923,1.1809742983882228
1191,212,1574,575,2.7122641509433962,2.614530563354492,1500.7405433654785,13.660801991375756,1.3755469755872836
1192,230,1790,636,2.765217391304348,2.9290831089019775,1859.9677741527557,18.710467168637226,1.4990873094879689
1193,238,1751,637,2.676470588235294,3.0439181327819824,1935.9319324493408,20.98731342989433,1.5950653332057407
1194,241,1627,637,2.6431535269709543,2.452369451522827,1559.706971168518,11.615837300942964,1.3830249001504404
1195,227,1549,589,2.594713656387665,3.2254791259765625,1896.5817260742188,25.165628774209605,1.7664228862801201
1196,210,1473,529,2.519047619047619,2.7525532245635986,1453.34810256958,15.682622066387443,1.4234474543533726
1197,232,1660,628,2.706896551724138,2.897217273712158,1816.5552306175232,18.123641998483127,1.578756158260728
1198,269,1778,407,1.513011152416357,1.7853682041168213,724.8594908714294,5.961774693486255,0.588161525771378
1199,193,1103,248,1.2849740932642486,2.741887331008911,677.246170759201,15.516241763369855,0.8858202103493559
1200,203,1451,304,1.4975369458128078,2.254429340362549,683.0920901298523,9.529853455423789,0.6791823369406029
1201,293,2013,403,1.3754266211604096,2.2505099773406982,904.7050108909607,9.492575600629763,0.6483921672527494
1202,188,1254,235,1.25,3.073420286178589,719.1803469657898,21.615708293199784,0.8273986603447759
1203,297,1974,405,1.3636363636363635,2.5458173751831055,1028.5102195739746,12.753648342505084,0.7516852042973617
1204,277,1849,425,1.5342960288808665,1.735859751701355,736.0045347213745,5.673803769888879,0.5742726296994678
1205,345,2031,416,1.2057971014492754,2.083341121673584,864.5865654945374,8.031257545990087,0.6141480799892615
1206,268,1681,395,1.4738805970149254,2.0555500984191895,809.8867387771606,7.811133583231982,0.6950741116689739
1207,220,1420,290,1.3181818181818181,2.517232656478882,727.4802377223969,12.394250013533167,0.7391071347231171
1208,227,1364,276,1.2158590308370043,2.8834304809570312,792.9433822631836,17.875489645444404,0.8386917047630621
1209,131,798,156,1.1908396946564885,3.2455780506134033,503.0645978450775,25.676548115629902,0.909484712478564
1210,435,2296,570,1.3103448275862069,2.161376953125,1229.823486328125,8.683085632571945,0.7727614307031193
1211,420,2092,586,1.3952380952380952,2.1118791103363037,1235.4492795467377,8.26375521170625,0.8519964382752969
1212,410,2151,528,1.2878048780487805,2.9392099380493164,1548.9636373519897,18.900907523879955,1.038903839202718
1213,132,693,166,1.2575757575757576,3.3773155212402344,557.2570610046387,29.292031636590096,1.1601038938120503
1214,372,2021,532,1.4301075268817205,1.967393398284912,1044.6858944892883,7.152009729685394,0.7457511921159561
1215,456,2501,651,1.4276315789473684,1.9060182571411133,1238.9118671417236,6.72625319711936,0.7146629375545187
1216,377,2201,527,1.3978779840848807,2.2617435455322266,1189.6771049499512,9.599812293596099,0.779800663139679
1217,217,2181,915,4.216589861751152,1.7806129455566406,1627.4802322387695,5.933492211892282,1.0765509675358511
1218,239,2067,885,3.702928870292887,2.1188037395477295,1873.0225057601929,8.321177236104067,1.3073054090632077
1219,247,2111,855,3.4615384615384617,1.9747388362884521,1686.4269661903381,7.204737792031663,1.1525342590924779
1220,265,2441,1013,3.822641509433962,2.189373731613159,2215.646216392517,8.929619025078908,1.309505042504662
1221,259,2262,901,3.4787644787644787,2.270801305770874,2043.7211751937866,9.687160082161729,1.3034776323659771
1222,294,2469,1046,3.557823129251701,1.746785283088684,1825.3906208276749,5.736132960824265,1.0666188725610826
1223,250,2053,816,3.264,2.527601957321167,2059.995595216751,12.523438359498964,1.447611022636296
1224,240,2132,903,3.7625,1.9599452018737793,1767.870572090149,7.098938045994892,1.1962936713358314
1225,294,2670,1138,3.870748299319728,1.574040412902832,1789.68394947052,4.8261083241638625,0.9670292729062523
1226,309,1847,454,1.4692556634304208,2.6529645919799805,1201.7929601669312,14.196061854885347,0.9387226550125064
1227,244,1303,366,1.5,2.995579481124878,1093.3865106105804,19.996944384861113,1.2106088232024348
1228,328,2147,532,1.6219512195121952,2.048640012741089,1087.8278467655182,7.7573440401386184,0.7309752398088181
1229,321,1916,543,1.691588785046729,2.673426628112793,1448.9972324371338,14.489534469573499,1.0910548650829257
1230,319,1999,490,1.536050156739812,2.838014841079712,1387.7892572879791,17.08182172558971,1.001579129208777
1231,87,563,150,1.7241379310344827,2.554368734359741,380.60094141960144,12.863177012346018,0.9752950102020069
1232,324,2021,630,1.9444444444444444,2.5709564685821533,1617.1316187381744,13.078327469936273,1.154392759435085
1233,308,1753,483,1.5681818181818181,2.826531410217285,1362.3881397247314,16.886785790899875,1.1212268185663492
1234,282,1631,408,1.446808510638298,2.631680488586426,1071.0939588546753,13.897104215133046,0.9474322150617827
1235,310,1785,459,1.4806451612903226,3.3699088096618652,1543.4182348251343,29.075875497982366,1.2474408030251087
1236,257,1577,424,1.649805447470817,2.2698588371276855,960.150288105011,9.678034538487605,0.8783792385270823
1237,273,1696,482,1.7655677655677655,2.665630340576172,1282.1681938171387,14.377009102595077,1.090670810616477
1238,319,1887,381,1.1943573667711598,2.5932531356811523,985.4361915588379,13.37320576913232,0.7534095954819513
1239,250,1315,314,1.256,2.7580246925354004,863.2617287635803,15.768664204485725,0.9470900494877953
1240,320,2052,415,1.296875,1.852642297744751,766.9939112663269,6.376646280245313,0.5392486901442298
1241,364,2077,464,1.2747252747252746,2.5004115104675293,1157.690529346466,12.187508216127453,0.8041378842427855
1242,333,1973,402,1.2072072072072073,2.909181594848633,1166.5818195343018,18.341781414403787,0.8530267642338372
1243,91,531,113,1.2417582417582418,2.602072238922119,291.43209075927734,13.491667044791273,0.7918034502717736
1244,336,2331,676,2.011904761904762,1.8652937412261963,1259.0732753276825,6.457832539063582,0.7792615917765218
1245,322,1853,469,1.4565217391304348,2.3829591274261475,1115.224871635437,10.836923301244498,0.8682835357714387
1246,319,1777,375,1.1755485893416928,2.3727355003356934,887.4030771255493,10.726695064906002,0.72045696040441
1247,344,1909,434,1.2616279069767442,2.8766567707061768,1245.5923817157745,17.754815425503423,0.9413357527870199
1248,264,1641,371,1.4053030303030303,2.1689960956573486,802.528555393219,8.74949597328577,0.7055478165981601
1249,283,1782,455,1.607773851590106,2.1161210536956787,960.7189583778381,8.298884047840712,0.777791513434185
1250,176,1079,388,2.2045454545454546,2.966747999191284,1148.131475687027,19.428634814593998,1.535128439538648
1251,184,1109,410,2.2282608695652173,2.9380972385406494,1201.6817705631256,18.879888189634887,1.5632645005573405
1252,138,887,320,2.318840579710145,3.030993938446045,966.8870663642883,20.717814591514,1.5726304123375838
1253,139,807,331,2.381294964028777,2.445007085800171,806.8523383140564,11.530631302298636,1.4424310622247254
1254,134,792,296,2.208955223880597,3.10158109664917,914.9664235115051,22.233076148418608,1.6666887901262115
1255,134,795,281,2.0970149253731343,3.2481448650360107,909.480562210083,25.74253970750845,1.650444147025652
1256,237,1363,507,2.1392405063291138,2.712700843811035,1372.6266269683838,15.06992210597286,1.452884539779481
1257,196,1208,440,2.2448979591836733,3.044192314147949,1336.4004259109497,20.99306854909568,1.5960416118407499
1258,68,402,154,2.264705882352941,3.9603044986724854,605.9265882968903,52.47330156736652,2.174545482782816
1259,198,1115,400,2.0202020202020203,2.8730533123016357,1146.3482716083527,17.690951820664385,1.4832564722699595
1260,216,1089,367,1.6990740740740742,2.7397866249084473,1002.7619047164917,15.483680912004981,1.3284477751394435
1261,240,1046,357,1.4875,2.7429683208465576,976.4967222213745,15.533023731969081,1.3468326755192204
1262,225,883,291,1.2933333333333332,2.4629874229431152,714.2663526535034,11.739831045512508,1.1670085219105968
1263,176,762,288,1.6363636363636365,2.0772478580474854,596.1701352596283,7.982469765865027,1.12872926202778
1264,187,783,257,1.374331550802139,2.763035297393799,707.3370361328125,15.847873026293815,1.3032843349500716
1265,188,792,276,1.4680851063829787,2.1972146034240723,604.2340159416199,8.99991023523833,1.1006634069891388
1266,346,1401,504,1.4566473988439306,2.132981061935425,1072.8894741535187,8.439989478091157,1.1048196458124548
1267,301,1281,411,1.3654485049833887,2.7760367393493652,1138.1750631332397,16.05526349373784,1.2818419353987571
1268,116,485,165,1.4224137931034482,3.385809898376465,555.2728233337402,29.541908974090752,1.6517306155958773
1269,269,1117,381,1.41635687732342,2.4586782455444336,934.2977333068848,11.689350873029895,1.2067204176863402
1270,257,1731,366,1.424124513618677,2.3889665603637695,871.9727945327759,10.902221331616458,0.7267422452123206
1271,259,1562,356,1.3745173745173744,2.188965320587158,777.0826888084412,8.925972814837992,0.7177294119747757
1272,258,1630,340,1.317829457364341,2.041520357131958,692.0754010677338,7.7023105642968375,0.6125483122954969
1273,281,1572,378,1.3451957295373667,2.2143027782440186,834.792147397995,9.155023804107067,0.7661262666820203
1274,264,1598,376,1.4242424242424243,2.9528725147247314,1107.3271930217743,19.16091476204364,0.9997092928748498
1275,266,1451,304,1.1428571428571428,3.3832926750183105,1025.137680530548,29.467638907167487,1.0192701915436502
1276,266,1446,333,1.2518796992481203,2.9974703788757324,995.1601657867432,20.034792334046312,0.9928856404362193
1277,261,1448,351,1.3448275862068966,3.152627944946289,1103.4197807312012,23.397471125093215,1.0993772414914995
1278,221,1332,293,1.3257918552036199,3.286953926086426,959.7905464172363,26.761222714447616,1.0395533495557472
1279,154,1006,232,1.5064935064935066,2.52479887008667,583.2285389900208,12.48838322355669,0.8364025058705948
1280,170,970,245,1.4411764705882353,2.5789754390716553,629.2700071334839,13.183623811852566,0.9359223903831339
1281,158,988,208,1.3164556962025316,2.2986650466918945,475.82366466522217,9.960876270494486,0.6948061147268513
1282,130,865,247,1.9,2.059717893600464,506.6906018257141,7.843756724201946,0.8450867266115631
1283,123,748,184,1.4959349593495934,2.0470964908599854,374.6186578273773,7.7453796459009565,0.7225407484920277
1284,161,1101,215,1.3354037267080745,1.2538996934890747,268.334534406662,3.503980799586519,0.3516120818235606
1285,194,1132,264,1.3608247422680413,2.9311537742614746,770.8934426307678,18.749250424578197,0.9824771614286479
1286,196,1154,240,1.2244897959183674,3.531996250152588,844.1471037864685,34.1921556278338,1.055326551484852
1287,87,436,105,1.206896551724138,3.8686306476593018,402.3375873565674,47.87678099071415,1.3313083533086005
1288,177,1095,228,1.2881355932203389,2.4914331436157227,565.555323600769,12.078574053564724,0.7451359458513083
1289,230,1355,351,1.5260869565217392,3.1940128803253174,1117.904508113861,24.386089818369552,1.190254826600209
1290,269,1498,382,1.420074349442379,2.9787282943725586,1134.8954801559448,19.662795450711958,1.0929960488306278
1291,190,1126,281,1.4789473684210526,2.8785088062286377,805.9824657440186,17.787728442997235,1.0326704319470288
1292,229,1405,400,1.7467248908296944,2.9289348125457764,1168.6449902057648,18.707692680261637,1.1999988127612726
1293,129,806,185,1.434108527131783,2.965315103530884,545.6179790496826,19.400815543896645,0.9766257476362722
1294,92,571,205,2.2282608695652173,2.1204302310943604,432.5677671432495,8.334722573238627,1.092930599835338
1295,286,1866,474,1.6573426573426573,1.6233725547790527,767.855218410492,5.070160910035524,0.5936660855956745
1296,173,1054,259,1.4971098265895955,2.6609408855438232,686.5227484703064,14.309746600412495,0.9396992074720799
1297,217,1541,365,1.6820276497695852,2.128124952316284,774.6374826431274,8.399103318185764,0.7252210608020445
1298,300,2026,472,1.5733333333333333,1.9330363273620605,910.4601101875305,6.910460840381406,0.6483298548345358
1299,167,1204,250,1.4970059880239521,3.3286361694335938,828.8304061889648,27.900264510168896,0.9931474391584758
1300,297,1867,448,1.5084175084175084,2.332371473312378,1042.570048570633,10.302344320938822,0.805629694082602
1301,261,1786,441,1.6896551724137931,1.8103796243667603,796.5670347213745,6.112767547325941,0.6434509018634679
1302,306,1944,439,1.434640522875817,2.266979932785034,992.937210559845,9.650212470578467,0.7368855913522679
1303,299,1892,481,1.608695652173913,1.822191596031189,874.6519660949707,6.185399503206828,0.6669429460829789
1304,199,1233,314,1.5778894472361809,2.516986846923828,787.8168830871582,12.391203762866214,0.9218000895040093
1305,172,1079,247,1.436046511627907,2.8282663822174072,695.7535300254822,16.916109321816055,0.9302689225660367
1306,88,603,136,1.5454545454545454,3.451673746109009,465.9759557247162,31.55316011544376,1.1148610290174847
1307,308,1700,480,1.5584415584415585,2.6271891593933105,1258.4236073493958,13.834827702119307,1.0679538221532785
1308,303,1687,501,1.6534653465346534,2.760906457901001,1380.4532289505005,15.814171333793464,1.1805412137439502
1309,303,1659,389,1.283828382838284,3.6984479427337646,1434.9978017807007,40.38457651862876,1.2478988621552627
1310,97,466,109,1.1237113402061856,4.305070877075195,464.9476547241211,74.07446544825184,1.439437072410823
1311,300,1831,518,1.7266666666666666,2.042170286178589,1055.8020379543304,7.7073181467691265,0.8318953382398545
1312,296,1832,527,1.7804054054054055,2.1886260509490967,1151.2173027992249,8.92294501692075,0.9065805096801364
1313,302,1774,454,1.5033112582781456,2.5736663341522217,1165.8708493709564,13.113816042174006,0.9481375945346575
1314,294,1760,493,1.6768707482993197,2.7004151344299316,1328.6042461395264,14.885910096158566,1.0890742938690423
1315,304,1740,472,1.5526315789473684,2.0673465728759766,973.720235824585,7.903823050630701,0.8073456065731958
1316,309,1756,470,1.5210355987055015,2.671470880508423,1252.9198429584503,14.461224290052828,1.0293742847765008
1317,311,1683,467,1.5016077170418007,2.951256275177002,1375.285424232483,19.129971146717956,1.1789170893327852
1318,197,1046,296,1.50253807106599,2.48472261428833,732.9931712150574,11.997791777205883,1.010980509672503
1319,288,1601,419,1.4548611111111112,2.9698398113250732,1241.3930411338806,19.488797461331238,1.1186455866570384
1320,309,1744,478,1.5469255663430421,2.963090419769287,1413.39413022995,19.357702838443455,1.169206824830458
1321,314,1637,400,1.2738853503184713,2.7402491569519043,1093.3594136238098,15.490844267090372,0.963582287076564
1322,330,1899,496,1.503030303030303,2.6141130924224854,1293.9859807491302,13.655100193886621,0.9830580081130131
1323,307,1876,435,1.4169381107491856,2.4995357990264893,1084.7985367774963,12.176840147501448,0.8342395892177494
1324,228,1255,318,1.394736842105263,3.110311985015869,985.9688992500305,22.428040521925254,1.1334282401743179
1325,307,2097,485,1.5798045602605864,1.855158805847168,897.8968620300293,6.392713370277766,0.6177355031380473
1326,300,1889,479,1.5966666666666667,2.7749533653259277,1326.4277086257935,16.037879056953233,1.013039003352114
1327,295,2024,436,1.4779661016949153,2.6067006587982178,1133.9147865772247,13.554256878984743,0.8082476479178011
1328,80,537,118,1.475,2.8746726512908936,336.33670020103455,17.719622676356707,0.9035964421768913
1329,300,1812,509,1.6966666666666668,2.7825253009796143,1413.522852897644,16.159777767376593,1.125431793630602
1330,307,1666,391,1.273615635179153,3.146028995513916,1226.9513082504272,23.24358071226348,1.0624949386705385
1331,300,1685,355,1.1833333333333333,2.886807441711426,1021.9298343658447,17.935956512097487,0.8749751360095455
1332,300,1718,360,1.2,3.8106372356414795,1368.0187675952911,45.179219504243,1.1487973759329209
1333,298,1758,414,1.389261744966443,2.577031373977661,1064.313957452774,13.158018885873258,0.8734246122673631
1334,304,1751,417,1.3717105263157894,2.852372646331787,1186.5870208740234,17.328848331600906,0.9776603144478371
1335,163,961,229,1.4049079754601228,2.4385035037994385,555.978798866272,11.455884221450694,0.8346595795668813
1336,165,1025,256,1.5515151515151515,2.5391299724578857,647.4781429767609,12.668644105398183,0.9113302497137251
1337,151,899,229,1.5165562913907285,2.4262115955352783,553.1762437820435,11.315931448965493,0.8877248316373063
1338,172,999,245,1.4244186046511629,2.8137972354888916,686.5665254592896,16.673109890614068,0.9914976191396229
1339,159,919,209,1.3144654088050314,3.2614712715148926,678.3860244750977,26.087891292257684,1.0649664345142573
1340,210,1158,271,1.2904761904761906,3.0928494930267334,835.069363117218,22.039790813666837,1.040371700317371
1341,166,980,202,1.216867469879518,3.3181519508361816,666.9485421180725,27.609280075712707,0.9818401573896604
1342,159,1038,233,1.4654088050314464,2.881913661956787,668.6039695739746,17.848396316144417,0.9292790281532259
1343,279,1771,384,1.3763440860215055,2.129133701324463,815.4582076072693,8.407580180121789,0.6642899560515021
1344,261,1637,428,1.6398467432950192,2.194303512573242,936.9675998687744,8.973748776561063,0.8257535185121047
1345,267,1597,350,1.3108614232209739,2.2399368286132812,781.7379531860352,9.392737916421678,0.7062050521829565
1346,268,1701,398,1.4850746268656716,3.1163077354431152,1237.1741709709167,22.562917395445485,1.0493033751767527
1347,282,1837,384,1.3617021276595744,2.2616147994995117,866.198468208313,9.598576435406116,0.6802723105660041
1348,281,1484,391,1.3914590747330962,2.7215113639831543,1061.3894319534302,15.203282583591484,1.031847216934749
1349,278,1586,332,1.1942446043165467,3.3751821517944336,1117.1852922439575,29.229607521816458,1.0162406562890574
1350,263,1491,330,1.2547528517110267,2.66699481010437,877.4412925243378,14.39663948290446,0.8490142195815322
1351,323,1809,432,1.3374613003095974,2.4954497814178467,1075.538855791092,12.127186875395536,0.8577526664086227
1352,255,1730,370,1.4509803921568627,4.935345649719238,1821.142544746399,139.12122143349896,1.5187013399176514
1353,259,1562,355,1.3706563706563706,4.9292826652526855,1744.9660634994507,138.28028350184454,1.6116862268439138
1354,258,1631,345,1.3372093023255813,4.7386579513549805,1630.0983352661133,114.28072842217388,1.4418974766706172
1355,281,1568,374,1.3309608540925266,2.2617475986480713,843.6318542957306,9.599851202826263,0.7762139620716908
1356,256,1573,340,1.328125,5.391633987426758,1827.763921737671,219.5618539164944,1.6763547017207256
1357,256,1440,307,1.19921875,5.772089004516602,1766.25923538208,321.2080373095673,1.7695648887569857
1358,264,1438,325,1.231060606060606,5.617884635925293,1820.194622039795,275.3063935799754,1.8261375206325268
1359,261,1446,346,1.3256704980842913,5.588265895843506,1927.9517340660095,267.27174058626656,1.9235452322339623
1360,221,1325,277,1.253393665158371,5.784228324890137,1596.4470176696777,325.1310477458168,1.7382537324030334
1361,270,1740,496,1.837037037037037,4.403332710266113,2179.649691581726,81.72277364974907,1.8072240235173072
1362,247,1686,476,1.9271255060728745,3.6451964378356934,1731.4683079719543,38.29029377527408,1.4816018632073207
1363,326,1804,499,1.530674846625767,4.529143333435059,2255.513380050659,92.67913195121858,1.803779361451103
1364,305,1699,489,1.6032786885245902,4.642682075500488,2265.6288528442383,103.82243409896164,1.9238443263645282
1365,187,1044,305,1.6310160427807487,4.475966453552246,1360.6938018798828,87.87949082790439,1.8803316093299391
1366,287,1581,381,1.3275261324041812,5.310183048248291,2017.8695583343506,202.38727163324242,1.8413475047247125
1367,307,1719,432,1.4071661237785016,5.058171272277832,2180.0718183517456,157.30258952751387,1.8296560797660553
1368,306,1610,386,1.261437908496732,5.185286998748779,1996.33549451828,178.6247075015783,1.7888840483802106
1369,326,1873,452,1.3865030674846626,5.05679988861084,2280.6167497634888,157.08701517681783,1.7566654965574433
1370,270,1852,474,1.7555555555555555,3.6670515537261963,1734.5153849124908,39.13634417216342,1.35117534781796
1371,173,1056,268,1.5491329479768785,4.739821434020996,1265.532322883606,114.41376944920908,1.7289556877924894
1372,212,1528,352,1.6603773584905661,4.262487411499023,1496.1330814361572,70.98633626143888,1.4126071839645733
1373,286,1985,479,1.6748251748251748,3.9750101566314697,1900.0548548698425,53.250657750295325,1.380957036039154
1374,168,1208,251,1.494047619047619,5.003441333770752,1250.860333442688,148.9247781400402,1.4938824502503982
1375,291,1869,454,1.5601374570446735,4.666529655456543,2113.937933921814,106.32810625761199,1.6317644590776148
1376,264,1796,447,1.6931818181818181,4.175040245056152,1862.067949295044,65.04245724568834,1.4957662562618272
1377,306,1951,449,1.4673202614379084,4.687733173370361,2100.104461669922,108.60670798069916,1.5529524819067055
1378,293,1884,479,1.6348122866894197,3.976357936859131,1900.6990938186646,53.322476320874216,1.455482567343065
1379,198,1236,314,1.5858585858585859,4.535829544067383,1419.7146472930908,93.30088040292793,1.6571321044718172
1380,172,1077,249,1.447674418604651,5.214300632476807,1293.146556854248,183.88317407914542,1.7322340990865939
1381,88,605,141,1.6022727272727273,5.561574935913086,778.620491027832,260.2323630434355,1.8567139192403024
1382,304,1673,435,1.430921052631579,4.679513931274414,2030.9090461730957,107.71770163853681,1.7513343750211956
1383,301,1650,430,1.4285714285714286,4.766564846038818,2044.856318950653,117.51486615377303,1.7879418610185258
1384,303,1658,388,1.2805280528052805,5.166780948638916,1999.5442271232605,175.34946905024987,1.7398869363744771
1385,97,466,109,1.1237113402061856,6.208003520965576,670.4643802642822,496.7085924142424,2.0756987907724724
1386,300,1807,470,1.5666666666666667,4.144815444946289,1943.9184436798096,63.10597430048975,1.5520096837794426
1387,283,1786,463,1.6360424028268552,4.0933451652526855,1891.1254663467407,59.94006613568474,1.527613287792425
1388,300,1753,416,1.3866666666666667,4.825159072875977,2002.4410152435303,124.60628828739159,1.6479815872016557
1389,228,1353,352,1.543859649122807,5.348694801330566,1877.3918752670288,210.3335915087115,2.001850663897246
1390,272,1501,382,1.4044117647058822,5.046073913574219,1922.5541610717773,155.41110771152105,1.8478743197992635
1391,190,1126,281,1.4789473684210526,5.137149810791016,1438.4019470214844,170.22988883380935,1.8429621276846582
1392,219,1395,396,1.8082191780821917,4.652754306793213,1837.837951183319,104.87344177943879,1.9006736187309732
1393,131,808,183,1.3969465648854962,5.357051849365234,974.9834365844727,212.0987248150675,1.740846248650121
1394,93,572,205,2.204301075268817,3.5672242641448975,727.7137498855591,35.418145166576814,1.8354353464101532
1395,162,965,233,1.4382716049382716,5.105952739715576,1184.5810356140137,165.00119886382961,1.7709732493382904
1396,161,1025,261,1.6211180124223603,4.548852443695068,1182.7016353607178,94.5238745843054,1.6646612528645608
1397,145,895,232,1.6,4.981443881988525,1150.7135367393494,145.68458120822837,1.8548924166901222
1398,172,1001,246,1.430232558139535,5.121914863586426,1254.8691415786743,167.65610100753688,1.8085849026175265
1399,159,920,210,1.320754716981132,6.12369966506958,1279.8532299995422,456.55065834887597,2.006997726071806
1400,210,1158,271,1.2904761904761906,5.727154731750488,1546.3317775726318,307.0942586053397,1.926498434432687
1401,162,976,204,1.2592592592592593,6.026134967803955,1223.3053984642029,414.11137848655676,1.808254745755126
1402,157,1036,233,1.484076433121019,5.434337139129639,1260.7662162780762,229.14090938150986,1.7556961080547517
1403,279,1771,384,1.3763440860215055,4.896092414855957,1875.2033948898315,133.76605485293408,1.5275813881793951
1404,259,1642,432,1.667953667953668,4.002148628234863,1724.926058769226,54.715587279188,1.5155555851927571
1405,263,1597,352,1.338403041825095,4.946564674377441,1736.244200706482,140.69081403305168,1.5684852211217681
1406,268,1701,398,1.4850746268656716,5.204726219177246,2066.2763090133667,182.13100196669023,1.752502401011132
1407,282,1838,386,1.3687943262411348,4.960000991821289,1909.6003818511963,142.5939373246217,1.4988960832298106
1408,270,1454,358,1.325925925925926,5.068518161773682,1809.4609837532043,158.93863141513864,1.7953922888189913
1409,277,1585,331,1.1949458483754514,5.846035003662109,1929.191551208496,345.8603232977434,1.755984280033681
1410,252,1469,313,1.242063492063492,5.639796257019043,1759.6164321899414,281.4053782635209,1.7281074884868344
1411,322,1796,409,1.2701863354037266,5.086719036102295,2075.3813667297363,161.85793986465356,1.667117152413335
1412,303,1872,437,1.4422442244224423,4.9482316970825195,2157.4290199279785,140.92554441051615,1.6626667457906152
1413,226,1254,320,1.415929203539823,5.687258243560791,1814.2353796958923,295.08346353501366,2.087231567218955
1414,309,2089,483,1.5631067961165048,4.054866313934326,1954.4455633163452,57.677451809124975,1.349769708896088
1415,297,1896,493,1.65993265993266,4.486043453216553,2207.133378982544,88.7695293548092,1.6794411289233215
1416,285,1884,433,1.5192982456140351,5.074478626251221,2192.1747665405273,159.88880841684292,1.6786834736995437
1417,79,543,129,1.6329113924050633,4.9885454177856445,638.5338134765625,146.72284775682968,1.6965185380157553
1418,289,1763,434,1.5017301038062283,4.878443717956543,2112.366129875183,131.4259687702373,1.7285877141876
1419,304,1653,371,1.2203947368421053,5.472978591918945,2025.0020790100098,238.16854419361428,1.7673686976270913
1420,296,1675,350,1.1824324324324325,5.728214263916016,1999.1467781066895,307.419807284374,1.7218860553932358
1421,293,1707,356,1.2150170648464165,6.321018218994141,2243.96146774292,556.138975523406,1.8965155720320035
1422,298,1763,408,1.3691275167785235,5.040036201477051,2051.2947340011597,154.47560716981616,1.678611877563879
1423,293,1711,396,1.3515358361774743,5.425384998321533,2143.0270743370056,227.09876212896933,1.806975179799405
1424,154,1009,237,1.5389610389610389,4.9471516609191895,1167.5277919769287,140.77342188991486,1.6693622949307794
1425,170,971,250,1.4705882352941178,4.412661552429199,1098.7527265548706,82.48871964606704,1.6325078370380424
1426,158,997,216,1.3670886075949367,4.913066864013672,1056.3093757629395,136.0560405887163,1.528517851612547
1427,124,869,257,2.0725806451612905,3.425420045852661,876.9075317382812,30.735552481764064,1.4558229543808971
1428,123,750,186,1.5121951219512195,4.740786552429199,877.0455121994019,114.52424558695824,1.6870789481119972
1429,157,1101,220,1.4012738853503184,4.703129291534424,1029.9853148460388,110.2917680970256,1.3496409681351844
1430,194,1132,264,1.3608247422680413,4.727241039276123,1243.2643933296204,112.98341514089533,1.5844976808926405
1431,196,1154,241,1.2295918367346939,6.090803146362305,1461.7927551269531,441.7760795528316,1.8274880057444283
1432,87,436,105,1.206896551724138,5.692169189453125,591.985595703125,296.5361666116441,1.958841016510544
1433,178,1096,228,1.2808988764044944,5.579434394836426,1266.5316076278687,264.92172230870744,1.6671705013265077
1434,163,1000,244,1.4969325153374233,3.626774787902832,881.3062734603882,37.59138071833932,1.2714561902256347
1435,165,1053,269,1.6303030303030304,3.6781201362609863,985.7361965179443,39.571934263048604,1.3505381978548785
1436,151,915,244,1.6158940397350994,4.051250457763672,984.4538612365723,57.46927503454657,1.5522040476393384
1437,172,1037,258,1.5,3.958773374557495,1017.4047572612762,52.39301990622123,1.4154337491588072
1438,159,956,233,1.4654088050314464,4.331821918487549,1004.9826850891113,76.0827769897316,1.5166145773612298
1439,210,1208,291,1.3857142857142857,4.0921735763549805,1186.7303371429443,59.86988214109489,1.41729302340117
1440,166,1004,225,1.355421686746988,4.622716426849365,1035.4884796142578,101.77010804372243,1.487942325136596
1441,159,1074,250,1.5723270440251573,3.899797201156616,971.0495030879974,49.392431361819,1.30440251635265
1442,286,1892,492,1.7202797202797202,2.592291831970215,1272.8152894973755,13.36035623394178,0.9705519588401237
1443,173,1094,277,1.6011560693641618,3.9661757946014404,1094.6645193099976,52.78229405476962,1.4435713651239803
1444,217,1542,371,1.7096774193548387,3.212674140930176,1188.689432144165,24.845437670291496,1.1121377100593417
1445,300,2039,488,1.6266666666666667,2.622911214828491,1277.3577616214752,13.775769490092118,0.9037948544052619
1446,167,1227,263,1.5748502994011977,4.359725475311279,1142.2480745315552,78.23565385622446,1.3430445253395613
1447,297,1913,465,1.5656565656565657,3.497239112854004,1622.7189483642578,33.02415002820457,1.223778661558635
1448,261,1854,463,1.7739463601532568,2.6935184001922607,1244.4055008888245,14.783599141605317,0.968337456843179
1449,306,1997,457,1.4934640522875817,3.4589290618896484,1577.2716522216797,31.78292074102981,1.1394702006985273
1450,299,1933,504,1.68561872909699,2.7301809787750244,1373.2810323238373,15.33566219813425,1.0249486472221814
1451,199,1265,328,1.6482412060301508,3.3885419368743896,1108.0532133579254,29.622728958093752,1.2637018782233673
1452,172,1106,265,1.5406976744186047,4.072015762329102,1075.0121612548828,58.67511855835622,1.402273701571199
1453,88,627,144,1.6363636363636365,4.775861740112305,682.9482288360596,118.6124837278402,1.5714290636773272
1454,308,1802,515,1.672077922077922,3.291922092437744,1692.0479555130005,26.89450773758874,1.3546665895476777
1455,303,1782,526,1.7359735973597359,3.4392457008361816,1805.6039929389954,31.163442741789307,1.4618046725153757
1456,303,1761,445,1.4686468646864685,4.749131202697754,2108.6142539978027,115.48390882199304,1.7274771876152248
1457,97,498,124,1.2783505154639174,5.608451843261719,689.8395767211914,272.72169507790227,1.9984500729811336
1458,300,1877,546,1.82,2.8278913497924805,1541.2007856369019,16.9097664217877,1.184593889425963
1459,296,1887,550,1.8581081081081081,2.770671844482422,1521.0988426208496,15.969359332471502,1.1629474069692856
1460,302,1797,475,1.5728476821192052,3.214221954345703,1523.5412063598633,24.883923548828307,1.2231526672261346
1461,154,1033,243,1.577922077922078,3.5185067653656006,851.4786372184753,33.73401803183234,1.189181033241033
1462,170,1010,264,1.5529411764705883,3.5441977977752686,932.1240208148956,34.61190845244629,1.3314561409139911
1463,158,1012,226,1.4303797468354431,3.6355717182159424,818.003636598587,37.923528272374426,1.1661361560769954
1464,130,879,249,1.9153846153846155,2.4706196784973145,612.713680267334,11.829775238133223,1.0056416245807835
1465,123,789,201,1.6341463414634145,3.8869147300720215,777.3829460144043,48.76021578585591,1.421453131922223
1466,161,1135,234,1.453416149068323,2.763751983642578,643.9542121887207,15.859235049980896,0.8185282365499794
1467,194,1193,279,1.4381443298969072,4.016382694244385,1116.554388999939,55.49998187880873,1.350249354478641
1468,196,1219,261,1.3316326530612246,4.706916809082031,1223.7983703613281,110.71029218739727,1.4483739458312412
1469,87,469,115,1.3218390804597702,4.774768829345703,544.3236465454102,118.48292168009549,1.6743987750739024
1470,177,1139,246,1.3898305084745763,4.129571914672852,1011.7451190948486,62.15131117473826,1.2815098033026793
1471,257,1771,390,1.517509727626459,3.6057512760162354,1402.6372463703156,36.80932743684185,1.1426187461911945
1472,259,1652,395,1.5250965250965252,3.3360564708709717,1314.4062495231628,28.108062892873363,1.1478737154361554
1473,258,1709,366,1.4186046511627908,3.3273916244506836,1214.4979429244995,27.865562974241197,1.0252487767273393
1474,281,1574,379,1.3487544483985765,2.237499237060547,845.7747116088867,9.369870140291601,0.7752191754430967
1475,264,1644,398,1.5075757575757576,3.829097270965576,1520.1516165733337,46.02097500653994,1.3340116779985947
1476,266,1512,334,1.255639097744361,4.868655204772949,1621.262183189392,130.1457797376335,1.5469490156535386
1477,266,1499,357,1.3421052631578947,4.197920322418213,1494.4596347808838,66.54778908448168,1.438325219417687
1478,261,1499,374,1.4329501915708813,4.5093512535095215,1681.9880175590515,90.86285242895026,1.618809720992063
1479,221,1401,330,1.493212669683258,4.381111145019531,1441.3855667114258,79.92679434227605,1.4842825189889381
1480,279,1813,408,1.4623655913978495,3.0513436794281006,1241.896877527237,21.14373574660583,0.9882396395499355
1481,261,1695,450,1.7241379310344827,3.099811553955078,1391.81538772583,22.193768559438364,1.184640211035401
1482,267,1657,377,1.4119850187265917,3.5557096004486084,1336.9468097686768,35.012656151279835,1.164035324312366
1483,268,1734,427,1.5932835820895523,3.8577628135681152,1643.406958580017,47.359281222372864,1.3673212625754354
1484,282,1922,411,1.4574468085106382,3.5820770263671875,1468.6515808105469,35.948128570806404,1.1024018482981854
1485,281,1579,433,1.5409252669039146,3.775400161743164,1630.9728698730469,43.61495786173625,1.4901814257063237
1486,278,1658,369,1.3273381294964028,4.635915279388428,1706.0168228149414,103.12226049328874,1.4844764836841142
1487,263,1532,351,1.3346007604562737,3.5751755237579346,1251.311433315277,35.70088661952212,1.1783686680493546
1488,323,1926,482,1.4922600619195046,3.618393898010254,1740.4474649429321,37.277648011626326,1.3037045309454496
1489,307,1906,449,1.4625407166123778,3.622034788131714,1622.6715850830078,37.413619209915716,1.2282372763854612
1490,228,1308,335,1.469298245614035,4.016194820404053,1341.4090700149536,55.48955586349324,1.479544505438876
1491,307,2161,514,1.6742671009771988,2.874000310897827,1474.3621594905853,17.707713062387402,0.9842919833278161
1492,300,1930,503,1.6766666666666667,3.7431066036224365,1879.0395150184631,42.22897528782469,1.404601549197689
1493,295,2047,456,1.5457627118644068,3.646620750427246,1659.212441444397,38.34486998039412,1.1693881587948711
1494,80,541,127,1.5875,4.4198408126831055,556.8999423980713,83.08305853643274,1.485095721199717
1495,300,1892,540,1.8,3.422288417816162,1844.6134572029114,30.639450719920664,1.4065616739237243
1496,307,1730,428,1.3941368078175895,4.108114719390869,1754.1649851799011,60.83192414770492,1.4628468930752054
1497,300,1748,390,1.3,3.9064524173736572,1519.6099903583527,49.72224494503269,1.254195536141488
1498,300,1766,392,1.3066666666666666,4.872493267059326,1905.1448674201965,130.64624714476233,1.5563663943387198
1499,298,1791,433,1.4530201342281879,3.279700756072998,1416.8307266235352,26.56782125105886,1.1412923858620216
1500,304,1841,452,1.486842105263158,3.7311248779296875,1682.737319946289,41.726018452159465,1.3186728878898948
1501,230,1440,373,1.6217391304347826,4.31876277923584,1606.5797538757324,75.0956608823352,1.6095865581313407
1502,269,1587,412,1.5315985130111525,4.179235935211182,1717.6659693717957,65.31592854244866,1.5614796319574187
1503,190,1186,298,1.568421052631579,4.137608051300049,1228.8695912361145,62.65277983953714,1.4948432252745278
1504,229,1462,431,1.8820960698689957,3.7234725952148438,1601.0932159423828,41.40793773634481,1.579951602353651
1505,129,821,197,1.5271317829457365,4.169022560119629,817.1284217834473,64.65222754777369,1.4358917440638301
1506,92,584,193,2.097826086956522,2.934565305709839,563.4365386962891,18.813323313229283,1.391895719576676
1507,294,1812,521,1.772108843537415,3.656040906906128,1901.1412715911865,38.70779136008501,1.5136683689591295
1508,304,1781,501,1.6480263157894737,3.0718801021575928,1535.9400510787964,21.582441749559706,1.2441847809063005
1509,309,1824,513,1.6601941747572815,3.746338367462158,1918.125244140625,42.36567012689393,1.5171435183802697
1510,311,1792,511,1.6430868167202572,4.039367198944092,2060.077271461487,56.79039441102889,1.6585174460856886
1511,197,1107,318,1.614213197969543,3.6721103191375732,1164.0589711666107,39.33482737308151,1.5170570054240091
1512,288,1673,444,1.5416666666666667,3.7679264545440674,1669.1914193630219,43.29020749337108,1.4394107489596186
1513,309,1829,512,1.656957928802589,3.7749576568603516,1929.0033626556396,43.5956622994239,1.5215765911216108
1514,314,1690,424,1.3503184713375795,3.743513822555542,1583.5063469409943,42.24617522792048,1.3517850615076752
1515,330,1983,528,1.6,3.5473265647888184,1869.4410996437073,34.72037063786262,1.3600773593998927
1516,160,1052,235,1.46875,2.924294948577881,684.2850179672241,18.621092592747804,0.9384169220303512
1517,180,1122,242,1.3444444444444446,2.751089096069336,663.01247215271,15.659677493555531,0.8525176520697386
1518,167,991,213,1.2754491017964071,3.3074545860290527,701.1803722381592,27.315507631631114,1.0207764336999694
1519,174,1042,240,1.3793103448275863,3.331324338912964,796.1865170001984,27.97536604729623,1.1023554123789276
1520,170,1065,227,1.3352941176470587,3.420269250869751,772.9808506965637,30.57764697081249,1.0471132769972438
1521,217,1263,302,1.391705069124424,2.9793784618377686,896.7929170131683,19.67558371739607,1.0243853476478588
1522,159,949,211,1.3270440251572326,3.023163080215454,634.8642468452454,20.556209900144594,0.965137513763269
1523,161,1084,240,1.4906832298136645,2.9287776947021484,699.9778690338135,18.704753598825576,0.9316001848589548
1524,258,1755,352,1.3643410852713178,2.7455899715423584,963.7020800113678,15.573799320764863,0.7922098072517262
1525,309,1837,451,1.4595469255663431,2.2568798065185547,1015.5959129333496,9.553234674531124,0.7976021704605569
1526,268,1658,346,1.291044776119403,2.7266743183135986,940.7026398181915,15.281979416508097,0.8185446522417742
1527,309,1938,444,1.4368932038834952,3.008873462677002,1332.9309439659119,20.264558280436923,0.9922666990232539
1528,309,1943,415,1.343042071197411,2.646216630935669,1095.533685207367,14.1005898654148,0.8134436514541837
1529,324,1777,372,1.1481481481481481,3.4019501209259033,1262.1234948635101,30.0225906792914,1.024681658429394
1530,321,1850,390,1.2149532710280373,3.642561197280884,1416.9563057422638,38.189522476885166,1.1049923434868703
1531,266,1725,305,1.1466165413533835,3.671304702758789,1116.0766296386719,39.30315135296661,0.9334250543952349
1532,332,2019,433,1.3042168674698795,2.6981921195983887,1165.618995666504,14.852855251551219,0.8329037863368199
1533,247,1460,349,1.4129554655870444,3.244452714920044,1129.0695447921753,25.64766963159515,1.1156870089660484
1534,320,1815,445,1.390625,2.745494842529297,1218.9997100830078,15.572317871071402,0.9689503231855865
1535,225,1301,305,1.3555555555555556,3.2149734497070312,977.3519287109375,24.902630730246525,1.0837976792886497
1536,242,1487,414,1.7107438016528926,3.1818370819091797,1314.0987148284912,24.090970010181746,1.2749453255693508
1537,142,882,198,1.3943661971830985,3.1633174419403076,623.1735360622406,23.64891985827279,1.0193303515762293
1538,100,599,220,2.2,2.2430319786071777,491.2240033149719,9.42185488657643,1.1831159157731783
1539,168,1052,240,1.4285714285714286,2.984426498413086,713.2779331207275,19.775157899246903,0.9781773164342237
1540,200,1149,287,1.435,2.5343620777130127,724.8275542259216,12.608385112166664,0.9101001897140238
1541,151,973,194,1.2847682119205297,2.8011326789855957,540.61860704422,16.463283829830054,0.8015907331911567
1542,119,815,228,1.915966386554622,2.2337639331817627,507.06441283226013,9.334936113234312,0.8975942500667188
1543,125,754,197,1.576,2.557466506958008,501.26343536376953,12.903085992179067,0.9591117670799414
1544,134,954,182,1.3582089552238805,2.537233352661133,459.23923683166504,12.644639275403541,0.6944886473361377
1545,216,1329,295,1.3657407407407407,3.2436087131500244,953.6209616661072,25.626032085377297,1.0352025826060627
1546,192,1219,268,1.3958333333333333,3.6079111099243164,963.3122663497925,36.88891538781215,1.1400868166450813
1547,82,455,113,1.3780487804878048,4.178919792175293,468.0390167236328,65.29528263021,1.484038611801608
1548,173,1111,241,1.393063583815029,3.0588881969451904,734.1331672668457,21.303858295499825,0.9533125830494925
1549,259,1787,357,1.3783783783783783,2.9473671913146973,1049.2627201080322,19.055717567433618,0.847099117453566
1550,260,1683,361,1.3884615384615384,2.4345126152038574,876.4245414733887,11.410256172549548,0.7512854068312783
1551,247,1657,327,1.3238866396761133,2.5155189037323,820.0591626167297,12.37302752377482,0.7139983627898082
1552,293,1766,389,1.3276450511945392,2.918567657470703,1132.4042510986328,18.51474899579285,0.9250928637268279
1553,291,1714,393,1.3505154639175259,3.157222270965576,1237.6311302185059,23.505214049009897,1.0417294597526496
1554,244,1473,339,1.389344262295082,3.27698016166687,1107.619294643402,26.495639218719,1.0848315434996387
1555,230,1368,327,1.4217391304347826,3.249669313430786,1059.3921961784363,25.78181280814491,1.117236745455481
1556,324,1815,455,1.404320987654321,3.1953964233398438,1450.709976196289,24.419852373177132,1.1531306272322492
1557,211,1286,314,1.4881516587677726,3.1939263343811035,999.6989426612854,24.38397939252625,1.121509103389873
1558,318,1886,478,1.5031446540880504,2.9664225578308105,1414.9835600852966,19.42231296199974,1.0823911797849777
1559,311,1847,477,1.5337620578778135,2.3944056034088135,1139.7370672225952,10.961680536731068,0.8902506847857983
1560,401,2187,533,1.3291770573566084,2.8132870197296143,1496.6686944961548,16.664605176995668,0.9873052141762055
1561,338,1891,480,1.4201183431952662,3.057143211364746,1464.3715982437134,21.266715785962965,1.1172086952960607
1562,211,1155,290,1.3744075829383886,2.825403928756714,816.5417354106903,16.86775698232225,1.0199313526890659
1563,305,1778,383,1.2557377049180327,3.796779155731201,1450.3696374893188,44.557440552106314,1.1768510030718582
1564,336,1882,434,1.2916666666666667,3.59356427192688,1556.013329744339,36.36345445926474,1.1928016548242728
1565,344,1830,386,1.122093023255814,3.504065990447998,1349.0654063224792,33.250373178353136,1.0635464325334947
1566,359,2072,441,1.2284122562674096,3.3053977489471436,1454.3750095367432,27.25938182323224,1.012654253789333
1567,269,1800,468,1.7397769516728625,2.0929641723632812,977.4142684936523,8.108915799831733,0.7833948433610589
1568,199,1209,285,1.4321608040201006,3.2449755668640137,921.5730609893799,25.6610830718364,1.0997095822218699
1569,218,1533,348,1.5963302752293578,2.7701029777526855,961.2257332801819,15.960277478679203,0.9046024778722608
1570,292,2031,469,1.606164383561644,2.352252960205078,1100.8543853759766,10.50921992752413,0.7819779234479514
1571,193,1366,277,1.4352331606217616,3.2428243160247803,895.0195112228394,25.60593898099501,0.9452710178184878
1572,301,1994,470,1.5614617940199336,2.779038667678833,1303.3691351413727,16.1035326580943,0.9430111272398173
1573,282,1905,466,1.6524822695035462,2.088411808013916,971.111490726471,8.072084957945263,0.7354423789088548
1574,353,2174,493,1.3966005665722379,2.4037132263183594,1182.6269073486328,11.064184017490383,0.7848067959768741
1575,271,1799,464,1.7121771217712176,2.3700478076934814,1097.332134962082,10.697903713987467,0.8799975704935488
1576,220,1512,332,1.509090909090909,2.916384696960449,965.3233346939087,18.47437611211561,0.9210761824188487
1577,237,1505,313,1.3206751054852321,3.3925416469573975,1058.472993850708,29.74144854949724,1.0146536472713028
1578,132,885,180,1.3636363636363635,3.6113948822021484,646.4396839141846,37.01765208306166,1.0538026284935853
1579,426,2460,632,1.483568075117371,2.362222194671631,1490.562204837799,10.614512777548667,0.8741571955512244
1580,433,2427,626,1.4457274826789839,2.621431350708008,1638.3945941925049,13.755398300105997,0.9739199654144262
1581,391,2329,541,1.3836317135549872,3.128636360168457,1689.4636344909668,22.842808930405095,1.0465353401641744
1582,130,741,178,1.3692307692307693,3.7360763549804688,661.285514831543,41.93313622122513,1.2874943763281677
1583,373,2223,597,1.6005361930294906,2.2405755519866943,1335.3830289840698,9.398739194043356,0.8666443875855153
1584,450,2656,685,1.5222222222222221,2.3005757331848145,1573.593801498413,9.979926576027285,0.8547499901337999
1585,381,2380,599,1.5721784776902887,2.624768018722534,1569.6112751960754,13.80137215473256,0.9514581524574707
1586,312,1938,442,1.4166666666666667,2.7460501194000244,1211.0081026554108,15.580967220178337,0.9015043262008844
1587,248,1419,355,1.4314516129032258,3.0837764739990234,1091.6568717956543,21.840727789117487,1.109885803588407
1588,325,2191,484,1.4892307692307691,2.2755205631256104,1099.0764319896698,9.732984326780263,0.7237024728386274
1589,360,2222,535,1.4861111111111112,2.617946147918701,1397.9832429885864,13.707541391539758,0.9076793392914061
1590,329,2094,473,1.4376899696048633,3.211493968963623,1515.82515335083,24.816133076887397,1.0443521640850024
1591,90,591,130,1.4444444444444444,2.7220652103424072,351.14641213417053,15.2117051985011,0.8571864423213537
1592,341,2463,699,2.0498533724340176,2.202134370803833,1537.0897908210754,9.044296796283927,0.9003458459677709
1593,314,1949,471,1.5,2.584595203399658,1214.7597455978394,13.257921242151644,0.8991933611316274
1594,309,1816,394,1.2750809061488673,2.613363027572632,1027.0516698360443,13.644861823410873,0.8159264046306113
1595,342,1995,449,1.3128654970760234,3.268930673599243,1464.480941772461,26.2832189710746,1.0590473143716934
1596,267,1741,431,1.6142322097378277,2.1613988876342773,929.4015216827393,8.683276093883139,0.7701567870915246
1597,274,1818,476,1.7372262773722629,2.226951837539673,1057.8021228313446,9.271561736846706,0.839431175385368
1598,159,1035,229,1.440251572327044,3.062211513519287,698.1842250823975,21.374775535815488,0.9732047528051002
1599,177,1128,242,1.3672316384180792,2.876401424407959,693.2127432823181,17.75028237788208,0.8866086764312363
1600,157,953,203,1.2929936305732483,3.0568811893463135,617.4900002479553,21.261144168142444,0.9347846391985833
1601,171,1008,234,1.368421052631579,3.278697967529297,763.9366264343262,26.54119269791265,1.0933805382046102
1602,178,1084,231,1.297752808988764,3.6338045597076416,835.7750487327576,37.856570566587756,1.112332581278119
1603,214,1264,299,1.397196261682243,3.125119209289551,931.2855243682861,22.762608446176284,1.0629438351723135
1604,214,1189,267,1.2476635514018692,2.8399364948272705,755.423107624054,17.114678632011458,0.9166065358638792
1605,159,1063,227,1.4276729559748427,3.0960121154785156,699.6987380981445,22.109604690202502,0.9496254934811466
1606,253,1721,349,1.3794466403162056,2.7831130027770996,968.5233249664307,16.169277689104547,0.8119022649124692
1607,292,1794,439,1.5034246575342465,2.4110591411590576,1056.0439038276672,11.145759828710167,0.8492471031288723
1608,336,1980,419,1.2470238095238095,2.6991264820098877,1128.234869480133,14.866739686738745,0.8220701268469671
1609,321,2016,455,1.4174454828660437,2.9450793266296387,1337.066014289856,19.012170498058673,0.9568345774589024
1610,436,2779,560,1.2844036697247707,2.110807418823242,1179.9413471221924,8.254903759240266,0.6125568657909427
1611,324,1776,373,1.1512345679012346,3.4665658473968506,1289.5624952316284,32.02656925108607,1.0475480950377636
1612,325,1869,390,1.2,3.5128252506256104,1366.4890224933624,33.542901141956776,1.0548030691173789
1613,262,1698,303,1.1564885496183206,3.4336559772491455,1036.964105129242,30.989733656024207,0.8810500424321668
1614,335,2029,436,1.3014925373134327,2.767826795578003,1204.0046560764313,15.923990293368439,0.8560924329860471
1615,246,1462,363,1.475609756097561,3.3380794525146484,1208.3847618103027,28.164982542436316,1.192428661661775
1616,319,1811,447,1.401253918495298,2.893099308013916,1290.3222913742065,18.04916291880293,1.027908101001685
1617,219,1279,297,1.356164383561644,3.304657459259033,978.1786079406738,27.23920945158485,1.10337249943681
1618,249,1514,421,1.6907630522088353,3.1250040531158447,1312.5017023086548,22.759987342205104,1.250686721980858
1619,136,860,191,1.4044117647058822,3.366859197616577,639.7032475471497,28.987340425264176,1.0731357010195788
1620,102,582,185,1.8137254901960784,2.5831339359283447,475.29664421081543,13.238562021048104,1.1781926315362705
1621,166,1046,238,1.4337349397590362,3.1088993549346924,736.8091471195221,22.39638036453237,1.0162436927638252
1622,201,1170,290,1.4427860696517414,2.5122361183166504,726.036238193512,12.332476126657308,0.8952554532884256
1623,149,954,195,1.308724832214765,2.7430427074432373,532.150285243988,15.534179223716663,0.8047490330494224
1624,120,832,230,1.9166666666666667,2.430776596069336,556.6478404998779,11.367706769342849,0.9652320661186594
1625,120,725,193,1.6083333333333334,2.5821104049682617,495.76519775390625,13.225018875049528,0.9865351617170991
1626,134,950,188,1.4029850746268657,2.512622594833374,469.86042523384094,12.337243260206565,0.7135424267314125
1627,214,1337,299,1.397196261682243,3.17574405670166,946.3717288970947,23.944629403878093,1.0211860883450659
1628,183,1206,263,1.4371584699453552,3.6325643062591553,951.7318482398987,37.809647928391406,1.138523066096011
1629,88,476,112,1.2727272727272727,3.900252103805542,432.92798352241516,49.414905221003856,1.3121492749786707
1630,171,1090,236,1.3801169590643274,2.8910694122314453,679.4013118743896,18.012562159548064,0.8992375260684752
1631,272,1900,375,1.3786764705882353,2.8382058143615723,1061.488974571228,17.085084208658433,0.8060025681959062
1632,303,1908,424,1.3993399339933994,2.6963136196136475,1140.5406610965729,14.824980352883168,0.8623964128387032
1633,248,1671,323,1.3024193548387097,2.546401023864746,819.9411296844482,12.761094165207231,0.7079144234689694
1634,341,2079,451,1.3225806451612903,2.988102674484253,1344.6462035179138,19.847988648827904,0.9330997641007533
1635,284,1693,407,1.4330985915492958,3.1195249557495117,1266.5271320343018,22.635624165597687,1.0792749040385166
1636,236,1442,331,1.402542372881356,3.49116587638855,1152.0847392082214,32.8241943596416,1.1526400415669598
1637,228,1361,323,1.4166666666666667,3.322441816329956,1069.8262648582458,27.727974583326386,1.1340433849549993
1638,312,1770,454,1.455128205128205,3.0066545009613037,1362.0144889354706,20.219641853772607,1.1101534174045873
1639,208,1282,309,1.4855769230769231,3.120602607727051,961.1456031799316,22.66003063922285,1.0816224612167853
1640,316,1875,478,1.5126582278481013,3.0527143478393555,1456.1447439193726,21.172736668072684,1.1204121604634711
1641,294,1744,449,1.5272108843537415,2.442645311355591,1094.3050994873047,11.503430685463554,0.90524572262032
1642,387,2105,515,1.330749354005168,3.0565414428710938,1571.0623016357422,21.253921996275366,1.076752395010682
1643,323,1832,469,1.4520123839009287,3.205456256866455,1500.153528213501,24.66675182429674,1.1813668426450326
1644,228,1255,305,1.337719298245614,3.1768829822540283,965.7724266052246,23.97191608995058,1.110211227482596
1645,302,1752,379,1.2549668874172186,3.8172051906585693,1442.9035620689392,45.47693119392308,1.1881677017567804
1646,331,1849,426,1.2870090634441087,3.564584732055664,1514.9485111236572,35.324781108788386,1.182049055814072
1647,348,1843,392,1.1264367816091954,3.421645164489746,1337.8632593154907,30.619748128883497,1.0472754691275117
1648,371,2178,453,1.221024258760108,3.7340285778045654,1687.7809171676636,41.84735436299936,1.1179766571647451
1649,278,1847,469,1.6870503597122302,2.0979039669036865,981.8190565109253,8.149071276074816,0.7669006409737915
1650,224,1335,313,1.3973214285714286,2.9789302349090576,929.426233291626,19.66676656712554,1.0044034589078186
1651,291,1989,448,1.5395189003436427,2.4709830284118652,1104.5294137001038,11.8340743669519,0.8011559113429533
1652,299,2076,478,1.5986622073578596,2.4044084548950195,1146.9028329849243,11.071878828913231,0.7970284342624534
1653,196,1387,281,1.433673469387755,3.175870180130005,889.2436504364014,23.947649573081996,0.9249512650516188
1654,306,2013,472,1.542483660130719,2.6927943229675293,1268.3061261177063,14.772898548662656,0.9089811020760591
1655,290,1916,471,1.6241379310344828,2.163099527359009,1016.6567778587341,8.698055782049494,0.7655144528721024
1656,350,2147,479,1.3685714285714285,2.431270122528076,1162.1471185684204,11.373318418043374,0.7809147111048246
1657,271,1811,464,1.7121771217712176,2.34944748878479,1087.7941873073578,10.4797779300199,0.8665683487223441
1658,227,1529,340,1.497797356828194,3.0339157581329346,1028.4974420070648,20.778436830554742,0.9704435311645366
1659,235,1491,313,1.3319148936170213,3.345582962036133,1043.8218841552734,28.37711362562284,1.010004464012198
1660,134,887,181,1.3507462686567164,3.5471863746643066,638.4935474395752,34.71550352594829,1.0385022260774264
1661,428,2447,645,1.5070093457943925,2.53476881980896,1632.3911199569702,12.613514516255265,0.9624203406428697
1662,408,2243,641,1.571078431372549,2.635164737701416,1686.5054321289062,13.945609641618923,1.0847583697568755
1663,400,2368,564,1.41,3.40399169921875,1916.4473266601562,30.083946759026297,1.1675882830648305
1664,128,740,179,1.3984375,3.715388298034668,661.3391170501709,41.074533148776226,1.2893387358299557
1665,370,2176,626,1.691891891891892,2.0896923542022705,1306.057721376419,8.082428256692715,0.8659204952869942
1666,446,2598,728,1.6322869955156951,2.236602544784546,1626.0100500583649,9.361472015939004,0.9029394286585135
1667,372,2335,597,1.6048387096774193,2.543581247329712,1515.9744234085083,12.725161416288794,0.9366547249533023
1668,312,1958,456,1.4615384615384615,2.9265480041503906,1331.5793418884277,18.663094247443592,0.9811352978001145
1669,245,1405,350,1.4285714285714286,3.1388742923736572,1095.4671280384064,23.077873292923897,1.1248576463187787
1670,326,2184,481,1.4754601226993864,2.3451011180877686,1125.648536682129,10.434327773477508,0.7435748908677774
1671,352,2173,521,1.4801136363636365,2.8459815979003906,1479.9104309082031,17.2184519726576,0.9825400090341067
1672,320,2033,461,1.440625,3.187757730484009,1466.368556022644,24.234027255381474,1.0405915611851346
1673,91,592,130,1.4285714285714286,3.0411300659179688,392.30577850341797,20.928880891518997,0.9560432452009548
1674,340,2416,709,2.085294117647059,2.3992295265197754,1698.654504776001,11.014686586573053,1.014337926417233
1675,314,1968,473,1.5063694267515924,2.9396870136260986,1387.5322704315186,18.909926836514437,1.017167645134632
1676,1040,6081,1325,1.2740384615384615,1.3661906719207764,1808.836449623108,3.920388170241775,0.42913984141596073
1677,342,1990,445,1.3011695906432748,3.484694480895996,1547.2043495178223,32.612461857523385,1.121680423261908
1678,422,2707,615,1.457345971563981,2.1752543449401855,1335.606167793274,8.804424198172764,0.7118110065962575
1679,276,1828,479,1.7355072463768115,2.56668758392334,1226.8766651153564,13.022616594690584,0.96827619285794
