text_id,num_words,num_bytes,num_tokens,tokens_per_word,average_nll,total_nll,ppl,bpb
0,153,999,240,1.5686274509803921,12.242490768432617,2925.9552936553955,207417.87733450337,4.225486678698148
1,173,1103,244,1.4104046242774566,14.150915145874023,3438.6723804473877,1398506.0894317033,4.497693191761825
2,156,945,214,1.3717948717948718,11.945064544677734,2544.2987480163574,154054.93594165737,3.88428273682878
3,169,1018,237,1.4023668639053255,15.781529426574707,3724.440944671631,7142185.833245083,5.278224441023151
4,173,1070,229,1.323699421965318,12.910356521606445,2943.5612869262695,404479.57574352494,3.968842309533892
5,203,1254,304,1.4975369458128078,11.132275581359863,3373.0795011520386,68341.71232734594,3.880642000666878
6,157,1009,229,1.4585987261146496,13.00390911102295,2964.8912773132324,444146.21977775625,4.239280418785674
7,148,1038,233,1.5743243243243243,14.045502662658691,3258.5566177368164,1258590.072937021,4.529001418944912
8,189,1236,259,1.3703703703703705,12.140233039855957,3132.180124282837,187256.2052825392,3.655971466402772
9,178,1149,268,1.5056179775280898,16.101219177246094,4299.025520324707,9832651.362256987,5.397896256594909
10,162,1014,213,1.3148148148148149,13.93912410736084,2955.094310760498,1131578.4873017706,4.204437778593057
11,126,844,226,1.7936507936507937,12.482502937316895,2808.5631608963013,263683.0090314563,4.800829554796832
12,131,826,191,1.4580152671755726,13.751001358032227,2612.690258026123,937527.4890331823,4.563335688417911
13,135,898,182,1.348148148148148,15.802523612976074,2860.2567739486694,7293715.266946674,4.595187375773731
14,236,1472,331,1.402542372881356,12.796305656433105,4222.780866622925,360881.7626688315,4.138712646085389
15,202,1331,292,1.4455445544554455,15.01622200012207,4369.7206020355225,3322479.834321988,4.736419415948148
16,89,515,133,1.4943820224719102,15.810976028442383,2087.0488357543945,7355626.057947256,5.846553408613494
17,172,1193,239,1.3895348837209303,15.309500694274902,3643.6611652374268,4454835.503889893,4.406279877424759
18,173,1266,311,1.7976878612716762,12.311158180236816,3816.459035873413,222161.1237450251,4.349120477733371
19,180,1215,258,1.4333333333333333,11.084670066833496,2848.7602071762085,65164.49646343272,3.3826273445061172
20,164,1100,256,1.5609756097560976,12.911343574523926,3292.392611503601,404879.0155905267,4.318107721159735
21,180,1241,252,1.4,15.825407981872559,3972.177403450012,7462551.828657101,4.617760387984313
22,190,1257,263,1.3842105263157896,15.279715538024902,4003.2854709625244,4324104.124400241,4.594685836293136
23,212,1428,309,1.4575471698113207,13.369308471679688,4117.747009277344,640054.4127730078,4.160121281456432
24,167,1072,212,1.2694610778443114,15.406391143798828,3250.7485313415527,4908069.001987791,4.3748496131936
25,172,1252,254,1.4767441860465116,15.52912712097168,3928.869161605835,5548993.516905333,4.5272843895769315
26,237,1485,354,1.4936708860759493,14.655540466308594,5173.405784606934,2316436.25651822,5.026024828255017
27,283,1798,435,1.5371024734982333,13.220266342163086,5737.595592498779,551427.8820205322,4.603782373706542
28,218,1360,314,1.4403669724770642,16.39276123046875,5130.934265136719,13160904.736450555,5.442921631941179
29,255,1621,417,1.6352941176470588,11.107622146606445,4620.770812988281,66677.45352220318,4.112500392956605
30,149,958,211,1.4161073825503356,14.077678680419922,2956.3125228881836,1299745.0403895667,4.452043231825389
31,107,652,235,2.196261682242991,19.267093658447266,4508.49991607666,233126937.29659453,9.976059004251695
32,182,1268,380,2.087912087912088,10.613103866577148,4022.3663654327393,40664.21988915799,4.5765362839498245
33,228,1575,471,2.0657894736842106,13.466974258422852,6329.47790145874,705720.2972358118,5.797781828476703
34,157,1145,343,2.1847133757961785,12.682252883911133,4337.330486297607,321982.6315902727,5.465017627317096
35,132,936,293,2.2196969696969697,9.891670227050781,2888.367706298828,19765.044497389797,4.451959151860203
36,112,844,239,2.1339285714285716,10.828730583190918,2577.2378787994385,50449.62452268953,4.40541268594211
37,91,628,248,2.7252747252747254,16.05605125427246,3965.844659805298,9398411.600320917,9.110675833817009
38,164,966,240,1.4634146341463414,13.868956565856934,3314.680619239807,1054900.033954102,4.950386430132534
39,164,1017,223,1.3597560975609757,13.990593910217285,3105.9118480682373,1191345.5138066686,4.405981927872489
40,162,911,221,1.3641975308641976,13.973311424255371,3074.1285133361816,1170932.9992588833,4.868309507404469
41,167,974,234,1.401197604790419,13.067710876464844,3044.7766342163086,473407.0539032493,4.509942659957349
42,164,960,212,1.2926829268292683,14.0000581741333,2954.0122747421265,1202674.246661696,4.439311311974575
43,200,1129,270,1.35,11.74985122680664,3160.7099800109863,126734.70287667852,4.038919941408419
44,161,934,206,1.279503105590062,13.966666221618652,2863.1665754318237,1163177.708482765,4.422565545625834
45,163,1040,237,1.4539877300613497,13.947595596313477,3291.6325607299805,1141205.361361058,4.566174972878637
46,250,1538,421,1.684,11.370325088500977,4775.53653717041,86710.05134358759,4.479611755370484
47,300,1731,471,1.57,11.260578155517578,5292.471733093262,77697.48404960943,4.41098944158213
48,202,1253,337,1.6683168316831682,14.084736824035645,4732.471572875977,1308951.2788057101,5.448933175846898
49,234,1487,434,1.8547008547008548,7.086705207824707,3068.543354988098,1195.960859524172,2.977116530594561
50,125,872,227,1.816,11.398589134216309,2576.0811443328857,89195.79125511437,4.262040701670436
51,116,656,241,2.0775862068965516,19.68218421936035,4723.724212646484,353072585.8370919,10.388557158707632
52,184,1107,291,1.5815217391304348,11.341419219970703,3289.011573791504,84239.50072471771,4.286396284494496
53,179,1091,258,1.441340782122905,15.131128311157227,3888.699975967407,3727052.672929567,5.142262301405325
54,166,938,225,1.355421686746988,13.811613082885742,3093.8013305664062,996110.1102197585,4.758434794353764
55,175,1013,253,1.4457142857142857,13.010354995727539,3278.60945892334,447018.38197087974,4.66933228766076
56,176,1045,244,1.3863636363636365,15.148843765258789,3681.1690349578857,3793667.416533789,5.082109388906941
57,226,1294,338,1.4955752212389382,11.791548728942871,3973.7519216537476,132130.94652121805,4.430380364059389
58,171,1007,227,1.327485380116959,14.806290626525879,3346.2216815948486,2693334.6387834568,4.794019290716997
59,173,1150,263,1.5202312138728324,13.618826866149902,3568.1326389312744,821450.4237166856,4.476284576887131
60,161,961,232,1.4409937888198758,12.660665512084961,2924.613733291626,315106.36014959385,4.390557470900714
61,158,1002,220,1.3924050632911393,14.122681617736816,3092.867274284363,1359573.5165180615,4.453157962812192
62,156,899,211,1.3525641025641026,13.684967994689941,2873.8432788848877,877619.1378096434,4.611879251100451
63,160,959,230,1.4375,14.094308853149414,3227.596727371216,1321540.7558509107,4.8555138608632955
64,156,928,214,1.3717948717948718,14.462316513061523,3080.4734172821045,1909432.2662980326,4.788991080499106
65,185,1075,271,1.4648648648648648,13.514421463012695,3648.8937950134277,740011.8384906285,4.8969683560896575
66,155,929,204,1.3161290322580645,14.758166313171387,2995.9077615737915,2566789.1381285065,4.652509440886183
67,151,985,226,1.4966887417218544,13.399641036987305,3014.9192333221436,659766.3505372929,4.415846727507221
68,156,1089,282,1.8076923076923077,11.60238265991211,3260.2695274353027,109358.05215326854,4.319168667761539
69,149,1086,347,2.3288590604026846,12.627638816833496,4369.16303062439,304869.41514214815,5.804207953146594
70,128,945,234,1.828125,10.574136734008789,2463.773859024048,39110.12774360708,3.7613484955405903
71,110,861,294,2.672727272727273,9.278434753417969,2718.581382751465,10704.663358673066,4.5552658294408825
72,108,784,235,2.175925925925926,12.318094253540039,2882.434055328369,223707.40594861892,5.3041751496322735
73,111,905,231,2.081081081081081,12.701148986816406,2921.2642669677734,328124.69631664053,4.65689886307242
74,195,1311,414,2.123076923076923,12.332806587219238,5093.449120521545,227022.99416607214,5.605105863613033
75,171,1248,334,1.9532163742690059,13.114973068237305,4367.2860317230225,496318.4660097649,5.0486072917551645
76,64,405,121,1.890625,13.880849838256836,1665.7019805908203,1067521.1518380763,5.93358021480815
77,161,1179,340,2.111801242236025,9.53790283203125,3233.3490600585938,13875.817170218266,3.9565196390241937
78,125,1023,271,2.168,11.072404861450195,2989.5493125915527,64370.122071611215,4.2160390691777545
79,134,984,257,1.9179104477611941,14.481492042541504,3707.261962890625,1946399.9456760818,5.4354150905879965
80,114,949,232,2.0350877192982457,11.545182228088379,2666.9370946884155,103278.26517577838,4.054348704815381
81,106,822,250,2.358490566037736,12.569396018981934,3129.7796087265015,287620.165537312,5.4930870080111
82,85,703,196,2.3058823529411763,12.469025611877441,2431.459994316101,260153.1075516718,4.9898368078517015
83,102,884,205,2.0098039215686274,13.735190391540527,2801.9788398742676,922820.8428349929,4.572851783894137
84,170,1257,341,2.0058823529411764,13.57860279083252,4616.724948883057,789064.0623031632,5.298747962531375
85,163,1224,333,2.042944785276074,13.487473487854004,4477.841197967529,720336.3162636791,5.2779079168268375
86,67,451,138,2.0597014925373136,12.926375389099121,1770.9134283065796,411011.0542487828,5.664940179293959
87,135,1139,332,2.4592592592592593,12.730870246887207,4213.9180517196655,338023.3472849708,5.337487862974928
88,224,1438,380,1.6964285714285714,12.625971794128418,4785.24330997467,304361.61428040214,4.800867032508725
89,276,1679,440,1.5942028985507246,9.617559432983398,4222.108591079712,15026.332379611913,3.6278827435648533
90,183,1207,302,1.650273224043716,13.39526653289795,4031.9752264022827,656886.5034826702,4.819312894877986
91,239,1501,427,1.786610878661088,11.719685554504395,4992.586046218872,122968.75214832315,4.798653650960295
92,130,873,207,1.5923076923076922,10.932533264160156,2252.101852416992,55967.88170290443,3.721759649551939
93,97,571,206,2.1237113402061856,18.182270050048828,3727.3653602600098,78787904.75175574,9.417603363972717
94,188,1312,354,1.8829787234042554,13.86400032043457,4893.992113113403,1049684.6255877838,5.381507737605492
95,227,1539,420,1.8502202643171806,10.739821434020996,4499.985180854797,46157.808967850375,4.218392660489306
96,158,1151,318,2.0126582278481013,12.839237213134766,4070.0381965637207,376712.36329143745,5.101497760565717
97,197,1365,403,2.045685279187817,8.727869987487793,3508.603734970093,6172.566455149796,3.7083115083412803
98,118,882,233,1.9745762711864407,13.30266284942627,3086.2177810668945,598787.9749584616,5.04815316082602
99,96,615,234,2.4375,13.546536445617676,3156.3429918289185,764163.0377800057,7.40429330350604
100,162,1033,232,1.4320987654320987,10.764969825744629,2486.7080297470093,47333.32281725663,3.472953865106269
101,193,1114,270,1.3989637305699483,11.34606647491455,3052.091881752014,84631.89423104978,3.9526371832505345
102,140,898,190,1.3571428571428572,14.217307090759277,2687.0710401535034,1494507.2185318621,4.316953300830521
103,120,840,241,2.0083333333333333,11.010054588317871,2642.413101196289,60479.188210498476,4.538328901280849
104,110,702,179,1.6272727272727272,14.603795051574707,2599.475519180298,2199619.72601087,5.3422370946348705
105,126,930,183,1.4523809523809523,12.955425262451172,2357.8873977661133,423125.9900300891,3.657755328743822
106,199,1265,300,1.5075376884422111,15.450773239135742,4619.781198501587,5130805.586048199,5.268723656182065
107,184,1182,257,1.3967391304347827,14.594483375549316,3736.187744140625,2179232.6459941682,4.560219568783252
108,77,439,109,1.4155844155844155,16.624013900756836,1795.3935012817383,16585077.458657842,5.900239865019218
109,164,1044,225,1.3719512195121952,11.195134162902832,2507.7100524902344,72775.46534587034,3.4653839623707503
110,180,1103,305,1.6944444444444444,12.141066551208496,3690.884231567383,187412.35052084993,4.827579671239834
111,168,1116,272,1.619047619047619,13.49528980255127,3657.223536491394,725988.7534355002,4.72782998164743
112,159,1015,239,1.5031446540880504,13.038379669189453,3103.13436126709,459723.1176968025,4.410715816957804
113,186,1153,266,1.4301075268817205,12.61625862121582,3343.3085346221924,301419.608528664,4.183325796236934
114,183,1113,282,1.540983606557377,12.693324089050293,3566.8240690231323,325567.17334087566,4.623395683830249
115,215,1314,337,1.5674418604651164,11.384621620178223,3825.232864379883,87958.60808883101,4.199881646641051
116,165,1051,259,1.5696969696969696,13.437515258789062,3466.878936767578,685233.7218219646,4.758942958550892
117,205,1303,310,1.5121951219512195,12.391037940979004,3828.830723762512,240635.33673926897,4.239320873043344
118,138,955,251,1.818840579710145,14.836215019226074,3709.0537548065186,2775149.0605292288,5.603176396282674
119,156,1074,253,1.6217948717948718,12.795361518859863,3224.4311027526855,360541.20143082633,4.33135080226204
120,131,860,221,1.6870229007633588,15.356757164001465,3378.4865760803223,4670408.8033362245,5.667588173280249
121,145,1082,285,1.9655172413793103,10.95179557800293,3110.309944152832,57056.40266501549,4.147161489886248
122,133,972,245,1.8421052631578947,15.870686531066895,3872.4475135803223,7808211.787000443,5.747696320931201
123,161,1147,300,1.8633540372670807,13.811784744262695,4129.723638534546,996281.1185302169,5.1943607790372415
124,137,938,235,1.7153284671532847,12.766247749328613,2987.3019733428955,350195.81530825514,4.5946329878247445
125,129,1005,250,1.937984496124031,14.267169952392578,3552.525318145752,1570916.7944317264,5.099712098628222
126,230,1355,334,1.4521739130434783,11.901330947875977,3963.1432056427,147462.75993619396,4.219636198607759
127,267,1510,359,1.344569288389513,11.340957641601562,4060.0628356933594,84200.62656578161,3.87909438327973
128,185,1130,271,1.4648648648648648,11.410116195678711,3080.731372833252,90229.90532082322,3.9332352866350275
129,229,1354,386,1.685589519650655,9.410687446594238,3623.1146669387817,12218.267496300328,3.860450193917761
130,130,811,194,1.4923076923076923,11.632975578308105,2245.1642866134644,112755.33556258456,3.9939425182222594
131,91,547,150,1.6483516483516483,19.4710636138916,2901.1884784698486,285874543.62504953,7.651792012015809
132,308,1973,486,1.577922077922078,6.914034843444824,3353.3068990707397,1006.2993222627498,2.452001639061381
133,186,1094,257,1.381720430107527,12.152345657348633,3111.00048828125,189538.160395183,4.102582245563531
134,225,1567,329,1.4622222222222223,8.630138397216797,2830.6853942871094,5597.852926469575,2.6061364267101674
135,311,2053,457,1.4694533762057878,8.494444847106934,3873.4668502807617,4887.542241932609,2.7219831543827806
136,179,1229,249,1.3910614525139664,9.420534133911133,2336.292465209961,12339.171229646534,2.742520385374013
137,320,1968,453,1.415625,10.50386905670166,4747.74881362915,36456.28157840694,3.4804642626063185
138,283,1863,458,1.6183745583038869,9.671046257019043,4419.668139457703,15851.92553871347,3.4225621616589263
139,333,2045,449,1.3483483483483483,6.980741024017334,3127.3719787597656,1075.715202523058,2.206280706489887
140,312,1957,479,1.5352564102564104,7.822076320648193,3738.9524812698364,2495.0806208966455,2.7563455303257425
141,201,1240,294,1.462686567164179,11.775455474853516,3450.20845413208,130021.54868980244,4.014192440975426
142,179,1105,249,1.3910614525139664,13.18590259552002,3270.103843688965,532800.6379280573,4.269468414915844
143,96,630,132,1.375,15.631281852722168,2047.697922706604,6145814.584427758,4.689212124329285
144,317,1721,412,1.2996845425867507,20.02667808532715,8230.964693069458,498282670.4615738,6.89992559234367
145,311,1749,428,1.3762057877813505,20.246458053588867,8645.237588882446,620761838.5828317,7.131184332068361
146,329,1820,409,1.243161094224924,20.083759307861328,8194.173797607422,527552691.7299551,6.495436209884897
147,102,494,113,1.107843137254902,20.488821029663086,2294.7479553222656,791009890.671382,6.701662945816844
148,310,1849,459,1.4806451612903226,11.570390701293945,5299.238941192627,105914.84501208716,4.1347678425874985
149,302,1821,471,1.5596026490066226,15.639447212219238,7350.540189743042,6196202.808934442,5.823496913562497
150,304,1782,402,1.3223684210526316,21.203758239746094,8502.707054138184,1616870357.7023067,6.883733614554862
151,156,1212,407,2.608974358974359,14.515386581420898,5893.246952056885,2013503.0648458255,7.014981973982233
152,168,1101,402,2.392857142857143,14.156785011291504,5676.870789527893,1406739.272159748,7.438686045249143
153,158,1134,391,2.4746835443037973,14.197742462158203,5537.119560241699,1465551.9133627706,7.044422337186929
154,123,865,314,2.5528455284552845,10.301801681518555,3224.4639263153076,29786.23584864842,5.377940018520752
155,129,910,320,2.4806201550387597,14.751665115356445,4705.781171798706,2550156.060240939,7.460447428640273
156,149,1145,358,2.402684563758389,11.312341690063477,4038.505983352661,81825.29380907184,5.0885000478456694
157,209,1266,410,1.9617224880382775,20.326427459716797,8313.50883102417,672442698.9023055,9.47382145569129
158,199,1271,413,2.0753768844221105,20.83548927307129,8584.221580505371,1118762804.7464848,9.743834700304578
159,85,486,169,1.988235294117647,21.09480857849121,3543.9278411865234,1449969818.7269702,10.52017926285623
160,179,1242,401,2.2402234636871508,11.092572212219238,4437.028884887695,65681.4757209218,5.1540093144191355
161,317,1779,453,1.4290220820189274,9.37592601776123,4237.918560028076,11800.840276144743,3.436775767422036
162,312,1641,414,1.3269230769230769,10.862659454345703,4486.278354644775,52190.69255066823,3.944138655876609
163,326,1795,457,1.401840490797546,9.220303535461426,4204.45841217041,10100.129610415577,3.3792486355777918
164,338,1760,468,1.3846153846153846,8.433250427246094,3938.327949523926,4597.419410060464,3.2282989785071408
165,213,1095,261,1.2253521126760563,12.838313102722168,3337.9614067077637,376364.40027685085,4.3978633498959265
166,296,1566,363,1.2263513513513513,22.26705551147461,8060.674095153809,4682301087.841974,7.425986298403915
167,326,1755,438,1.343558282208589,18.33681297302246,8013.187269210815,91955283.96733995,6.587228225074085
168,310,1571,360,1.1612903225806452,14.030640602111816,5036.999976158142,1240023.1442339276,4.625623734284646
169,336,1879,461,1.3720238095238095,13.45689868927002,6190.173397064209,698645.4649108892,4.752811315693093
170,257,1736,409,1.5914396887159532,10.55620288848877,4306.930778503418,38414.984679602974,3.5792555735016838
171,261,1525,371,1.421455938697318,13.327211380004883,4931.068210601807,613669.2492623572,4.664936166374059
172,262,1640,357,1.3625954198473282,12.71817684173584,4527.670955657959,333759.79672062857,3.982956362502885
173,284,1582,402,1.4154929577464788,12.540804862976074,5028.862750053406,279513.21825851244,4.586040044761874
174,263,1517,374,1.4220532319391634,20.86684799194336,7783.334300994873,1154401646.7751977,7.402094790788576
175,265,1434,345,1.3018867924528301,18.40919303894043,6332.762405395508,98857802.67282325,6.371161030259528
176,269,1419,354,1.3159851301115242,18.487655639648438,6526.142440795898,106926863.45928735,6.635118629648512
177,264,1453,371,1.4053030303030303,12.891002655029297,4769.67098236084,396726.5990423148,4.735843546403286
178,217,1294,300,1.3824884792626728,12.981976509094238,3881.6109762191772,434510.98664809176,4.3276513957121905
179,217,1416,514,2.3686635944700463,11.481586456298828,5890.053852081299,96914.69681531486,6.0010956800611766
180,260,1619,621,2.3884615384615384,10.609447479248047,6577.857437133789,40515.80724321263,5.861545586304821
181,176,1219,451,2.5625,12.933890342712402,5820.250654220581,414111.41821073525,6.888307428691368
182,214,1380,570,2.663551401869159,10.475198745727539,5960.38808631897,35425.9097670816,6.231175604279737
183,121,826,304,2.512396694214876,14.948576927185059,4529.418808937073,3105163.4944630056,7.911101760003282
184,83,570,251,3.0240963855421685,18.18309783935547,4545.774459838867,78853151.5383722,11.505554860016211
185,244,1421,347,1.4221311475409837,12.246837615966797,4237.405815124512,208321.4536546271,4.302100179953687
186,283,1583,385,1.3604240282685511,12.556949615478516,4821.86865234375,284062.51480663905,4.394495257456903
187,199,1221,286,1.4371859296482412,10.863816261291504,3096.1876344680786,52251.10204063911,3.6583575314568613
188,240,1434,402,1.675,10.754752159118652,4312.65561580658,46852.14912682155,4.3388053486653355
189,142,854,192,1.352112676056338,12.923467636108398,2468.382318496704,409817.6714985416,4.169933173200465
190,93,570,202,2.172043010752688,17.673757553100586,3552.425268173218,47382217.265580386,8.991344416705521
191,224,1790,628,2.8035714285714284,9.66995906829834,6063.064335823059,15834.700868996273,4.886677569766851
192,221,1584,556,2.515837104072398,12.411965370178223,6888.640780448914,245724.27922657723,6.274121144203994
193,212,1610,561,2.6462264150943398,12.209840774536133,6837.510833740234,200755.04746592356,6.1269832123363965
194,244,1631,576,2.360655737704918,12.730586051940918,7320.086979866028,337927.29640717816,6.474955968564432
195,228,1575,561,2.460526315789474,12.675737380981445,7098.412933349609,319891.57235953654,6.5021238965876575
196,231,1408,509,2.2034632034632033,11.430506706237793,5806.697406768799,92088.624878403,5.94978235276147
197,221,1437,512,2.316742081447964,11.804580688476562,6032.140731811523,133864.14059772124,6.056046986589289
198,242,1484,523,2.1611570247933884,11.711524963378906,6113.416030883789,121969.33789272878,5.943258079950898
199,206,1383,490,2.378640776699029,12.726716041564941,6223.364144325256,336622.04156770697,6.491985964326995
200,233,1373,372,1.5965665236051503,13.877811431884766,5148.668041229248,1064282.5114124347,5.410020284242483
201,272,1501,396,1.4558823529411764,12.13939380645752,4795.06055355072,187099.11954601947,4.608800853677489
202,195,1155,305,1.564102564102564,13.629958152770996,4143.507278442383,830645.3043125822,5.17559948268065
203,230,1375,417,1.8130434782608695,11.442305564880371,4759.999114990234,93181.60080045342,4.994346994787103
204,131,821,203,1.549618320610687,13.821389198303223,2791.920618057251,1005895.953454299,4.90607799053209
205,96,578,201,2.09375,20.56928253173828,4113.856506347656,857286333.1088927,10.268235952658408
206,454,1834,616,1.3568281938325992,14.032362937927246,8629.903206825256,1242160.7207911185,6.788614263816009
207,323,1333,449,1.390092879256966,11.537979125976562,5169.0146484375,102537.01414418314,5.594382445298717
208,487,2119,714,1.4661190965092403,11.378377914428711,8112.783452987671,87411.13134220502,5.523488652869917
209,463,2041,652,1.408207343412527,11.997536659240723,7810.39636516571,162354.36430423448,5.520832975699048
210,494,2220,647,1.3097165991902835,14.767327308654785,9539.693441390991,2590411.518884939,6.1994902790521405
211,137,579,194,1.416058394160584,17.450992584228516,3368.0415687561035,37920126.98964442,8.392153486618852
212,500,2390,891,1.782,7.14630126953125,6360.2081298828125,1269.4020851928954,3.839263902930377
213,414,1844,613,1.4806763285024154,12.275354385375977,7512.516883850098,214347.62358971432,5.877587230436629
214,419,1767,559,1.334128878281623,16.713510513305664,9326.13886642456,18137832.59276442,7.6144732842289375
215,454,1883,625,1.3766519823788546,12.20919418334961,7618.537170410156,200625.28297838997,5.83708220636164
216,406,1759,624,1.5369458128078817,11.80829906463623,7356.570317268372,134362.8243991534,6.033705238586713
217,433,1883,641,1.4803695150115475,15.418556213378906,9867.8759765625,4968140.649963148,7.560454453262908
218,348,2029,558,1.603448275862069,9.02980899810791,5029.603611946106,8348.264885497889,3.576236662686972
219,347,1899,507,1.4610951008645534,12.674899101257324,6413.498945236206,319623.52610507706,4.872418706181607
220,362,2125,573,1.5828729281767955,8.893697738647461,5087.195106506348,7285.91082776693,3.453774659854734
221,381,1971,544,1.4278215223097113,8.810446739196777,4784.07257938385,6703.913499079751,3.5017543305580685
222,215,1202,321,1.4930232558139536,12.093609809875488,3869.9551391601562,178726.11153720334,4.644896079641527
223,315,1793,445,1.4126984126984128,22.104150772094727,9814.242942810059,3978420714.5082555,7.896798451573664
224,349,1972,514,1.472779369627507,22.42229461669922,11502.6371383667,5468633564.054499,8.415211742731671
225,341,1859,478,1.401759530791789,18.74294090270996,8940.382810592651,138024381.17673144,6.938271083642255
226,381,2167,564,1.4803149606299213,21.764312744140625,12253.308074951172,2832180492.970752,8.157723486025263
227,153,1098,260,1.6993464052287581,10.563220977783203,2735.8742332458496,38685.53272705242,3.5947469843348654
228,183,1097,262,1.4316939890710383,15.958786010742188,4165.243148803711,8527322.77879353,5.477826467525839
229,166,1075,226,1.3614457831325302,14.16027545928955,3186.061978340149,1411658.0017270853,4.2758286661546165
230,133,891,241,1.8120300751879699,11.568799018859863,2776.511764526367,105746.39630775784,4.495689959205449
231,124,832,206,1.6612903225806452,15.331940650939941,3143.047833442688,4555931.876421487,5.450071541567989
232,163,1159,239,1.4662576687116564,13.116697311401367,3121.7739601135254,497174.9779371962,3.885908378802488
233,218,1282,299,1.371559633027523,23.069971084594727,6874.8513832092285,10451079219.255943,7.736594381750846
234,210,1330,302,1.438095238095238,23.49174690246582,7071.015817642212,15934412290.592611,7.670165003127698
235,98,507,135,1.3775510204081634,22.750032424926758,3048.5043449401855,7589506640.022832,8.674678699356338
236,190,1198,263,1.3842105263157896,10.369159698486328,2716.719841003418,31861.692289552717,3.271617898247316
237,323,1972,431,1.3343653250773995,10.531608581542969,4528.591690063477,37481.71831713206,3.3130713861387155
238,231,1293,301,1.303030303030303,14.368444442749023,4310.533332824707,1738345.649468844,4.8095785482233415
239,334,2165,485,1.4520958083832336,12.431421279907227,6016.807899475098,250551.87901162045,4.009431371156705
240,316,1981,476,1.5063291139240507,11.423585891723633,5426.203298568726,91453.49692323468,3.9517196313480243
241,306,2064,434,1.4183006535947713,12.286565780639648,5320.082983016968,216764.2812602818,3.7186324305796234
242,85,538,115,1.3529411764705883,11.080363273620605,1263.161413192749,64884.44993645278,3.387280123894933
243,313,1841,439,1.402555910543131,13.98666000366211,6126.157081604004,1186668.0782098866,4.800747659607225
244,323,1720,380,1.1764705882352942,22.259082794189453,8436.192378997803,4645118843.739581,7.076077272770579
245,312,1772,348,1.1153846153846154,14.742086410522461,5115.503984451294,2525845.485845065,4.164848888270663
246,313,1774,358,1.1437699680511182,16.443801879882812,5870.437271118164,13850084.336856669,4.774098499939073
247,312,1807,391,1.2532051282051282,12.715604782104492,4959.085865020752,332902.449667437,3.95929639447039
248,317,1755,390,1.2302839116719242,14.691556930541992,5715.015645980835,2401386.725009211,4.698019789777429
249,261,1938,830,3.1800766283524906,8.483059883117676,7032.456643104553,4832.213306114621,5.235134326250561
250,162,1217,500,3.0864197530864197,11.238266944885254,5607.895205497742,75983.15461403997,6.647890388493498
251,192,1563,644,3.3541666666666665,9.457066535949707,6080.893782615662,12798.286016103326,5.612844084678276
252,262,2126,889,3.3931297709923665,8.791461944580078,7806.818206787109,6577.84158940026,5.297675405481389
253,132,1165,497,3.765151515151515,8.11803913116455,4026.547409057617,3354.43668159771,4.9863347458813125
254,232,1886,763,3.288793103448276,10.122525215148926,7713.364213943481,24897.56322337588,5.900335259823255
255,218,1682,671,3.0779816513761467,8.740316390991211,5856.011981964111,6249.872802924118,5.022853416032088
256,252,1953,781,3.0992063492063493,9.606297492980957,7492.9120445251465,14858.056063339625,5.535067613135491
257,257,1980,824,3.2062256809338523,8.524720191955566,7015.844717979431,5037.7769980823105,5.111982011250482
258,164,1361,550,3.3536585365853657,10.402630805969238,5711.044312477112,32946.186786634775,6.053854010218846
259,152,1145,468,3.0789473684210527,12.486165046691895,5831.039076805115,264650.41534356057,7.347083981953275
260,90,666,270,3.0,13.642427444458008,3669.812982559204,841067.7078533488,7.94958106745961
261,274,1931,741,2.704379562043796,16.009485244750977,11847.019081115723,8970798.461657794,8.851183675630542
262,273,1841,682,2.498168498168498,19.96345329284668,13595.111692428589,467754102.05835557,10.653775241172346
263,268,1897,720,2.6865671641791047,15.902456283569336,11433.866067886353,8060259.287007881,8.695615115618468
264,82,546,212,2.5853658536585367,21.48501205444336,4533.337543487549,2142013377.8414953,11.978431488397879
265,262,1885,731,2.7900763358778624,8.337796211242676,6086.591234207153,4178.870239027931,4.658405829978194
266,264,1885,674,2.553030303030303,12.547934532165527,8444.7599401474,281513.1760857811,6.463243123155667
267,259,1901,730,2.8185328185328187,17.44329261779785,12716.160318374634,37629264.5374256,9.650468927126832
268,251,1529,543,2.1633466135458166,11.3068265914917,6128.300012588501,81375.26137535971,5.78238589747626
269,290,1510,534,1.8413793103448275,12.08460521697998,6441.09458065033,177123.97976063547,6.1539968274178865
270,214,1246,449,2.0981308411214954,10.389328002929688,4654.4189453125,32510.812423078787,5.38917105186355
271,309,1451,503,1.627831715210356,11.412498474121094,5729.074234008789,90445.11432122799,5.696283243479819
272,335,1516,517,1.5432835820895523,14.38225269317627,7421.242389678955,1762515.6502018196,7.062394190517671
273,322,1384,469,1.4565217391304348,16.522586822509766,7732.57063293457,14985398.063483333,8.060506723597065
274,309,1340,464,1.5016181229773462,15.704243659973145,7271.064814567566,6610987.926060291,7.828305335790192
275,345,1480,508,1.472463768115942,11.168210983276367,5662.282968521118,70842.25922135533,5.519559161348281
276,267,1135,392,1.4681647940074907,10.718667984008789,4190.9991817474365,45191.66671039581,5.327166287116062
277,255,1692,664,2.603921568627451,10.29690170288086,6826.84582901001,29640.640926605087,5.820955450606528
278,286,1835,720,2.5174825174825175,8.194786071777344,5892.05118560791,3622.016057571288,4.632388570103798
279,223,1372,539,2.4170403587443947,9.021321296691895,4853.470857620239,8277.707165823895,5.103555639495498
280,259,1554,640,2.471042471042471,10.8740816116333,6948.538149833679,52790.24039647494,6.450850405529486
281,138,912,345,2.5,13.411980628967285,4613.721336364746,667958.0351858027,7.298457118439715
282,93,638,341,3.6666666666666665,13.995148658752441,4758.35054397583,1196784.1694926484,10.75995099154425
283,332,1914,396,1.1927710843373494,10.649038314819336,4206.370134353638,42152.03806033157,3.170590038127187
284,234,1247,278,1.188034188034188,12.684603691101074,3513.6352224349976,322740.441058635,4.065039383239584
285,335,2079,431,1.2865671641791045,10.197212219238281,4384.801254272461,26828.290334687434,3.04277586571553
286,335,1910,426,1.2716417910447761,9.950201034545898,4228.835439682007,20956.43492570998,3.194198909719754
287,310,1991,382,1.232258064516129,11.25097370147705,4286.620980262756,76954.8143126569,3.1061209595156534
288,88,508,108,1.2272727272727273,13.7122220993042,1467.2077646255493,901866.7846721904,4.166797964525712
289,316,1815,374,1.1835443037974684,14.087002754211426,5254.452027320862,1311920.633912155,4.1766236266692935
290,306,1598,325,1.0620915032679739,17.10270118713379,5541.275184631348,26767557.92812409,5.002734811682553
291,309,1648,315,1.0194174757281553,18.708194732666016,5874.373146057129,133310924.0516199,5.142554008584902
292,315,1703,340,1.0793650793650793,11.623571395874023,3940.390703201294,111699.93418824828,3.3380987238247104
293,311,1703,352,1.1318327974276527,13.014227867126465,4567.993981361389,448752.98345331784,3.869772321621085
294,310,1671,337,1.0870967741935484,12.128907203674316,4075.3128204345703,185147.33706827313,3.518512026398665
295,278,1890,402,1.4460431654676258,8.338037490844727,3343.5530338287354,4179.878636824244,2.552236709446542
296,255,1737,422,1.6549019607843136,11.551248550415039,4863.075639724731,103906.68860403167,4.039110598099478
297,284,1769,405,1.426056338028169,8.557064056396484,3457.0538787841797,5203.38188875167,2.819375063317067
298,270,1790,429,1.5888888888888888,9.943832397460938,4255.960266113281,20823.395087964982,3.430197078291678
299,298,1997,410,1.3758389261744965,11.490570068359375,4699.643157958984,97789.26335589272,3.3951686920055955
300,283,1562,390,1.3780918727915195,12.588945388793945,4897.099756240845,293298.2794569171,4.523061160734454
301,292,1675,366,1.2534246575342465,24.617149353027344,8985.25951385498,49101202045.58422,7.7390981144710205
302,264,1594,341,1.2916666666666667,20.403968811035156,6937.349395751953,726659680.494839,6.278845401609404
303,332,1825,425,1.2801204819277108,20.938905715942383,8878.09602355957,1240655512.4336917,7.018293208616668
304,145,1074,389,2.682758620689655,12.015753746032715,4662.112453460693,165339.091827249,6.262575900069293
305,144,1028,410,2.8472222222222223,11.468361854553223,4690.559998512268,95641.47602168885,6.582731175920032
306,127,910,361,2.84251968503937,12.87002944946289,4633.210601806641,388492.6188315993,7.345395558923747
307,157,1162,476,3.031847133757962,10.739095687866211,5101.07045173645,46124.32226837015,6.333295218541653
308,126,988,405,3.2142857142857144,13.953794479370117,5637.332969665527,1148301.531380603,8.231733116575212
309,212,1463,629,2.9669811320754715,9.283916473388672,5830.299545288086,10763.504453443935,5.749380889189542
310,251,1693,764,3.043824701195219,9.69727611541748,7399.021676063538,16273.220399047996,6.305098570281638
311,133,943,361,2.7142857142857144,12.417522430419922,4470.308074951172,247093.58498259206,6.839121199340344
312,160,1069,356,2.225,12.41781997680664,4408.326091766357,247167.1177251434,5.949364070358044
313,161,1128,385,2.391304347826087,14.784411430358887,5677.2139892578125,2635046.614619706,7.261071337205403
314,130,889,317,2.4384615384615387,13.788756370544434,4357.247013092041,973600.5353720572,7.071067106542335
315,154,1080,377,2.448051948051948,12.877776145935059,4842.043830871582,391513.8403655255,6.468141317190213
316,136,1024,354,2.6029411764705883,17.43514633178711,6154.60665512085,37323970.97877464,8.67111376949713
317,175,1214,422,2.4114285714285715,13.678380012512207,5758.597985267639,871856.4018145351,6.843410836753542
318,153,1029,346,2.261437908496732,15.476061820983887,5339.241328239441,5262210.907299351,7.48580853873707
319,123,1041,350,2.845528455284553,12.195891380310059,4256.36609172821,197974.07768244384,5.898787946920488
320,175,1029,221,1.262857142857143,11.742364883422852,2583.3202743530273,125789.46597100132,3.621908016362516
321,177,1036,230,1.2994350282485876,13.08105182647705,2995.5608682632446,479765.0704349579,4.17150657270697
322,160,933,209,1.30625,14.448174476623535,3005.2202911376953,1882619.0492377116,4.646962926905938
323,185,1061,248,1.3405405405405406,11.431907653808594,2823.6811904907227,92217.72662499876,3.839501272924043
324,169,978,214,1.2662721893491125,14.259967803955078,3037.3731422424316,1559643.4633270847,4.48057583808025
325,215,1248,248,1.1534883720930234,18.132251739501953,4478.666179656982,74944001.01642253,5.17736337114443
326,172,1015,195,1.1337209302325582,24.009946823120117,4657.929683685303,26753919505.369625,6.620662123608161
327,175,1129,217,1.24,25.221837997436523,5447.917007446289,89888693000.34483,6.961632285046416
328,173,985,238,1.3757225433526012,12.26856803894043,2907.650625228882,212897.9110479794,4.258734149903962
329,168,1004,252,1.5,13.331027030944824,3346.087784767151,616015.2698616242,4.8081516468752055
330,153,892,213,1.392156862745098,15.503593444824219,3286.7618103027344,5409100.900268364,5.3159136371154565
331,176,999,269,1.5284090909090908,12.719409942626953,3408.8018646240234,334171.6100749082,4.922784329795927
332,163,920,216,1.3251533742331287,15.16585922241211,3260.6597328186035,3858770.7123345793,5.113193072351883
333,205,1132,267,1.302439024390244,17.854469299316406,4749.288833618164,56767202.68002306,6.052805166086798
334,163,942,197,1.2085889570552146,20.911407470703125,4098.6358642578125,1207004455.819297,6.277156725875156
335,162,1002,218,1.345679012345679,23.654956817626953,5133.125629425049,18759325348.173504,7.390753383065427
336,319,1995,464,1.4545454545454546,11.206957817077637,5188.821469306946,73641.04435004837,3.75232431169289
337,230,1344,324,1.4086956521739131,15.455674171447754,4992.1827573776245,5156013.036480595,5.358777758392924
338,318,2243,524,1.6477987421383649,10.424091339111328,5451.799770355225,33660.87084146232,3.5065913921583025
339,308,2019,503,1.6331168831168832,9.104517936706543,4570.468004226685,8995.84368350963,3.2658699971468628
340,296,2149,471,1.5912162162162162,10.76070499420166,5057.53134727478,47131.884025655476,3.3952886895550507
341,84,565,125,1.4880952380952381,15.718358993530273,1949.076515197754,6704965.930857512,4.976854907591048
342,312,1930,496,1.5897435897435896,11.934673309326172,5907.663288116455,152462.4033654375,4.4160396523354395
343,298,1728,393,1.3187919463087248,20.90322494506836,8194.064178466797,1197168407.6563432,6.841166524884228
344,298,1812,391,1.3120805369127517,22.624374389648438,8823.50601196289,6693310218.25854,7.025181217832681
345,300,1813,390,1.3,12.85643482208252,5001.1531457901,383246.94372698327,3.979668418178498
346,303,1825,410,1.353135313531353,12.95942211151123,5300.403643608093,424820.5449298587,4.19006358977709
347,309,1821,415,1.343042071197411,20.052677154541016,8301.80834197998,511407432.59824324,6.5771431770374225
348,277,1831,678,2.4476534296028882,9.408503532409668,6369.556891441345,12191.612964803016,5.018748301443227
349,278,1730,614,2.20863309352518,9.211020469665527,5646.355547904968,10006.803290082149,4.70865268673895
350,272,1781,676,2.485294117647059,11.044049263000488,7454.73325252533,62570.503941314884,6.038689890268583
351,260,1650,642,2.4692307692307693,11.21882152557373,7191.264597892761,74519.90318801638,6.287758650363789
352,171,1074,387,2.263157894736842,12.985885620117188,5012.551849365234,436212.86257935385,6.733318152027958
353,252,1656,576,2.2857142857142856,14.154755592346191,8138.98446559906,1403887.3037279246,7.090623506275407
354,279,1823,626,2.2437275985663083,17.664749145507812,11040.468215942383,46957295.74649982,8.737262064855894
355,264,1604,558,2.1136363636363638,16.65797233581543,9278.490591049194,17157952.656002473,8.345406709876297
356,284,1844,629,2.214788732394366,13.154043197631836,8260.739128112793,516093.48350191885,6.462975799460817
357,230,1806,586,2.5478260869565217,14.373104095458984,8408.265895843506,1746464.6376276321,6.716812574977421
358,224,1799,578,2.580357142857143,9.922021865844727,5725.006616592407,20374.142795646527,4.5911276569284984
359,260,1838,626,2.4076923076923076,11.515206336975098,7197.003960609436,100228.34751722081,5.649119653552482
360,244,1771,607,2.487704918032787,9.785778999328613,5930.18207359314,17779.101959515647,4.830855036217647
361,255,1838,629,2.466666666666667,13.087522506713867,8218.964134216309,482879.5423034935,6.451283350205725
362,267,1728,621,2.3258426966292136,11.084710121154785,6872.520275115967,65167.10663538468,5.73781881905015
363,242,1593,559,2.309917355371901,10.678586959838867,5958.651523590088,43416.15821234399,5.396432519440607
364,224,1554,526,2.3482142857142856,17.304027557373047,9084.61446762085,32737362.161499858,8.43393065690137
365,273,1805,656,2.402930402930403,13.906688690185547,9108.881092071533,1095464.125337334,7.2805194346697215
366,259,1946,703,2.7142857142857144,10.434622764587402,7325.105180740356,34017.24104352851,5.4305719004337965
367,160,1184,428,2.675,13.79008960723877,5888.368262290955,974899.4410133696,7.174932171397908
368,193,1587,544,2.8186528497409324,10.088726043701172,5478.178241729736,24070.108626327095,4.980050776590618
369,255,2066,675,2.6470588235294117,8.018836975097656,5404.69612121582,3037.6424239648113,3.7741182437511522
370,147,1195,398,2.707482993197279,11.855913162231445,4706.797525405884,140915.1425397915,5.682404559306706
371,258,1974,659,2.554263565891473,11.339102745056152,7461.129606246948,84044.58787699518,5.452955766140981
372,220,1789,609,2.768181818181818,12.145400047302246,7384.403228759766,188226.26348034953,5.954970328706632
373,269,2010,714,2.654275092936803,9.399327278137207,6701.720349311829,12080.25134692752,4.8102182653616055
374,239,1949,714,2.98744769874477,11.284926414489746,8046.152533531189,79612.50157713357,5.955948875506216
375,171,1216,418,2.4444444444444446,13.374382019042969,5577.117301940918,643310.0108833988,6.616841672669571
376,151,1172,415,2.748344370860927,11.226607322692871,4647.815431594849,75102.3645562662,5.7213142270725985
377,88,604,207,2.352272727272727,15.112016677856445,3113.0754356384277,3656498.9548382647,7.435792206802664
378,288,1814,615,2.1354166666666665,18.656110763549805,11454.85200881958,126545282.12606604,9.110175406417305
379,283,1799,617,2.1802120141342756,17.762670516967773,10941.805038452148,51788077.51670403,8.774701427097714
380,260,1729,599,2.3038461538461537,15.24072265625,9113.9521484375,4158739.810805397,7.60477360754777
381,89,517,181,2.033707865168539,21.996383666992188,3959.3490600585938,3571972020.7461834,11.048613644284162
382,269,1811,624,2.319702602230483,9.872437477111816,6150.528548240662,19388.54054781655,4.899689141575261
383,270,1895,630,2.3333333333333335,16.551809310913086,10411.088056564331,15429769.887548732,7.926134622408273
384,272,1824,633,2.327205882352941,17.350080490112305,10965.250869750977,34280268.70203762,8.672978646871233
385,281,1792,409,1.4555160142348755,9.319259643554688,3802.2579345703125,11150.723286788962,3.0611041665096557
386,260,1609,400,1.5384615384615385,11.661336898803711,4652.873422622681,115999.00573522534,4.171956129709011
387,273,1617,403,1.4761904761904763,10.489500999450684,4216.779401779175,35936.22071644591,3.762230508020745
388,274,1723,423,1.5437956204379562,12.303373336791992,5192.023548126221,220438.34864491556,4.3473631021824835
389,286,1824,410,1.4335664335664335,8.193249702453613,3351.039128303528,3616.455575780961,2.6505085154760826
390,277,1435,372,1.3429602888086642,14.67187786102295,5443.266686439514,2354591.6209276156,5.47245564791804
391,278,1561,384,1.381294964028777,16.700532913208008,6396.304105758667,17903967.838611122,5.911541456371394
392,262,1455,342,1.3053435114503817,17.63481903076172,6013.473289489746,45572682.671922095,5.962617246230309
393,319,1749,429,1.3448275862068966,22.872034072875977,9789.230583190918,8574290387.03826,8.074828139787371
394,286,1871,482,1.6853146853146854,9.586566925048828,4611.138690948486,14567.771337242277,3.5555675693653703
395,170,1036,259,1.5235294117647058,14.313401222229004,3692.857515335083,1645247.229254311,5.142535930582493
396,217,1502,354,1.631336405529954,9.678412437438965,3416.4795904159546,15969.124807773745,3.281583330486987
397,297,2002,496,1.67003367003367,8.71831226348877,4315.564570426941,6113.851804782325,3.1099118903052236
398,171,1208,272,1.590643274853801,11.538285255432129,3126.875304222107,102568.40854962946,3.734377065297519
399,297,1855,469,1.5791245791245792,11.0028657913208,5149.341190338135,60045.97461187575,4.004813476628625
400,260,1787,454,1.7461538461538462,10.822563171386719,4902.621116638184,50139.43841882109,3.958023039916855
401,308,1921,443,1.4383116883116882,7.814000606536865,3453.7882680892944,2475.0122055769307,2.5938382127292594
402,301,1904,522,1.73421926910299,9.088411331176758,4735.062303543091,8852.111801517522,3.58784186114595
403,199,1209,309,1.5527638190954773,11.690692901611328,3600.733413696289,119454.7480953782,4.296741306453949
404,172,1053,252,1.4651162790697674,12.886822700500488,3234.5924978256226,395071.76088152773,4.431652949581834
405,88,600,128,1.4545454545454546,17.183273315429688,2182.2757110595703,29013544.05868976,5.247263910330131
406,308,1642,451,1.4642857142857142,22.753917694091797,10239.262962341309,7619051273.410261,8.996427465364095
407,303,1659,455,1.5016501650165017,18.387739181518555,8348.033588409424,96759510.18397282,7.25959412849474
408,303,1689,405,1.3366336633663367,19.813140869140625,8004.5089111328125,402473924.60755265,6.837220432707416
409,97,461,124,1.2783505154639174,24.226543426513672,2979.8648414611816,33224168885.95541,9.325458198037795
410,302,1775,499,1.6523178807947019,10.679509162902832,5318.39556312561,43456.215193969685,4.322717129243484
411,295,1780,487,1.6508474576271186,19.565908432006836,9509.031497955322,314315693.4659162,7.707096958290503
412,301,1732,443,1.4717607973421927,20.48740577697754,9055.433353424072,789891203.5984792,7.542857270257174
413,152,1022,217,1.4276315789473684,11.503644943237305,2484.787307739258,99076.24093984811,3.5076226287076966
414,169,971,223,1.319526627218935,11.55988883972168,2566.295322418213,104808.36220535352,3.8129572967140057
415,156,955,201,1.2884615384615385,9.52075481414795,1904.1509628295898,13639.902921062236,2.8765540850033444
416,129,831,210,1.627906976744186,11.537799835205078,2411.4001655578613,102518.63185174846,4.186420048675273
417,123,767,184,1.4959349593495934,11.236899375915527,2056.3525857925415,75879.31343074194,3.867913530432981
418,159,1054,215,1.3522012578616351,12.8165283203125,2742.737060546875,368254.0456121648,3.7542060300885662
419,193,1214,299,1.549222797927461,17.31560516357422,5160.050338745117,33118585.014423445,6.132107936116142
420,197,1250,260,1.3197969543147208,19.844877243041992,5139.823205947876,415451834.201976,5.932157960213612
421,88,436,110,1.25,20.403152465820312,2223.943618774414,726066717.4060673,7.358881720235098
422,174,1155,259,1.4885057471264367,9.901581764221191,2554.6080951690674,19961.92053093034,3.1909267794936924
423,177,972,212,1.1977401129943503,12.062956809997559,2545.283886909485,173330.7347582089,3.7778481906367274
424,181,992,219,1.2099447513812154,10.722065925598145,2337.4103717803955,45345.486541603845,3.399365274082666
425,158,875,186,1.1772151898734178,11.40259075164795,2109.4792890548706,89553.43378527902,3.4780974962027864
426,183,1023,218,1.1912568306010929,12.22599983215332,2653.0419635772705,204025.4116852996,3.741476524069644
427,180,943,211,1.1722222222222223,12.887332916259766,2706.339912414551,395273.3841512859,4.140427540403334
428,214,1127,229,1.0700934579439252,18.27165412902832,4165.937141418457,86154618.4607551,5.332898717461892
429,177,947,185,1.0451977401129944,10.420568466186523,1917.3845977783203,33542.4965022519,2.9210150482488517
430,176,1022,192,1.0909090909090908,16.88498878479004,3225.0328578948975,21530665.619916506,4.552582104490146
431,285,1704,504,1.768421052631579,11.366141319274902,5717.169083595276,86348.0343250754,4.840452749311387
432,291,1647,476,1.6357388316151202,10.721782684326172,5092.846775054932,45332.644647080706,4.461095802294536
433,297,1734,490,1.6498316498316499,11.14850902557373,5451.620913505554,69460.18749194077,4.535770736286635
434,306,1672,503,1.6437908496732025,12.025671005249023,6036.88684463501,166986.96012209548,5.208963345193033
435,185,1016,284,1.5351351351351352,14.902520179748535,4217.413210868835,2965393.1534404075,5.988623154232352
436,281,1542,414,1.4733096085409252,22.232709884643555,9182.109182357788,4524214847.342801,8.5907804035594
437,293,1662,452,1.5426621160409557,16.70435333251953,7533.663352966309,17972499.329254948,6.539578074038155
438,291,1525,423,1.4536082474226804,19.793264389038086,8352.757572174072,394553139.09441274,7.901955362048047
439,320,1817,476,1.4875,13.340052604675293,6336.524987220764,621600.327359335,5.031190520381068
440,268,1898,404,1.507462686567164,10.276206970214844,4141.311408996582,29033.53935582747,3.1478658759411244
441,267,1695,382,1.4307116104868913,11.372736930847168,4333.012770652771,86919.4347156018,3.688033059781298
442,280,1802,377,1.3464285714285715,11.323296546936035,4257.559501647949,82726.60605083624,3.4086348386887804
443,294,1772,427,1.4523809523809523,11.407336235046387,4859.525236129761,89979.41806983887,3.9564407219182707
444,286,1733,392,1.3706293706293706,22.30299186706543,8720.469820022583,4853625881.760287,7.259652950703088
445,287,1636,369,1.2857142857142858,17.710840225219727,6517.589202880859,49172261.17533061,5.747489988721069
446,261,1543,337,1.2911877394636015,21.64095115661621,7271.359588623047,2503488901.71353,6.798674283231939
447,302,1729,429,1.4205298013245033,11.713644981384277,5013.440052032471,122228.18937311399,4.183264951336814
448,223,1417,293,1.3139013452914798,12.352328300476074,3606.8798637390137,231498.4137599451,3.67228489237723
449,301,1808,355,1.1794019933554818,9.396951675415039,3326.520893096924,12051.587529345148,2.6543999977237047
450,270,1577,333,1.2333333333333334,12.385337829589844,4111.932159423828,239267.59037232492,3.7617400982071043
451,291,1622,329,1.1305841924398625,9.891773223876953,3244.5016174316406,19767.08033908299,2.885836247610881
452,290,1701,364,1.2551724137931035,9.18736457824707,3335.0133419036865,9772.861399400002,2.828575667056424
453,291,1743,333,1.1443298969072164,10.321338653564453,3426.6844329833984,30373.89051025704,2.836294112539621
454,283,1466,310,1.0954063604240283,13.493714332580566,4169.557728767395,724845.8804728051,4.103274391536814
455,288,1546,329,1.1423611111111112,17.21579360961914,5646.780303955078,29972582.635950744,5.269457918179472
456,271,1499,286,1.055350553505535,19.873897552490234,5664.060802459717,427685021.905931,5.451309160108203
457,331,1731,351,1.0604229607250755,11.783727645874023,4124.304676055908,131101.57007902637,3.4373852705147443
458,285,1916,452,1.5859649122807018,6.659630298614502,3003.4932646751404,780.2624196998289,2.2615474103811213
459,172,1101,281,1.6337209302325582,10.689750671386719,2993.1301879882812,43903.55921927486,3.9220473014947723
460,217,1527,335,1.543778801843318,8.398771286010742,2805.189609527588,4441.605930154283,2.6503163971307786
461,288,1974,415,1.4409722222222223,7.872409820556641,3259.177665710449,2623.881058068552,2.3819652764420125
462,165,1198,249,1.509090909090909,9.657171249389648,2394.978469848633,15633.498791521195,2.8841599010738403
463,291,1942,442,1.5189003436426116,9.596177101135254,4231.914101600647,14708.44505190017,3.1438524654208684
464,259,1881,478,1.8455598455598456,9.207122802734375,4391.797576904297,9967.876015867854,3.3684341226943086
465,294,1966,450,1.530612244897959,8.959609031677246,4022.8644552230835,7782.314228972986,2.952068463743044
466,286,1881,452,1.5804195804195804,9.852945327758789,4443.678342819214,19014.275682938747,3.4082257886714338
467,191,1257,314,1.643979057591623,9.543304443359375,2987.0542907714844,13950.971736575895,3.4283280924121877
468,166,1074,261,1.572289156626506,11.123347282409668,2892.0702934265137,67734.25291381394,3.884893361479256
469,89,628,143,1.6067415730337078,12.149385452270508,1725.212734222412,188977.91819529337,3.963305503409496
470,305,1672,394,1.2918032786885245,17.972864151000977,7063.335611343384,63902187.440079965,6.094640704915978
471,299,1688,426,1.4247491638795986,15.404363632202148,6546.854543685913,4898127.916407593,5.595447028197301
472,298,1716,395,1.325503355704698,14.569947242736816,5740.559213638306,2126413.344893848,4.8262682455975705
473,96,505,115,1.1979166666666667,19.881797790527344,2266.524948120117,431077217.31621116,6.475058025156452
474,294,1763,458,1.5578231292517006,12.399786949157715,5666.702635765076,242749.893919279,4.637166075332214
475,294,1818,451,1.534013605442177,17.692895889282227,7961.803150177002,48297767.17446167,6.318181474859455
476,295,1753,403,1.3661016949152542,12.425976753234863,4995.242654800415,249191.4494316827,4.11101643246867
477,163,1043,225,1.3803680981595092,11.20362377166748,2509.6117248535156,73395.93060137246,3.471336903166793
478,175,1015,244,1.3942857142857144,12.78786849975586,3107.452045440674,357849.75544149865,4.416852862815296
479,167,1028,210,1.2574850299401197,13.406432151794434,2801.9443197250366,664262.1480295815,3.9322482246248156
480,132,891,245,1.856060606060606,10.583295822143555,2582.3241806030273,39469.98632312092,4.181264073314976
481,134,805,188,1.4029850746268657,14.28060245513916,2670.472659111023,1592160.4972159965,4.7859349840112255
482,169,1148,216,1.2781065088757397,13.201886177062988,2838.4055280685425,541385.1230200161,3.56703273464835
483,207,1185,265,1.2801932367149758,22.761199951171875,6008.956787109375,7674737678.756155,7.31568958453905
484,215,1270,249,1.158139534883721,17.66703224182129,4381.42399597168,47064626.25162783,4.977211551984447
485,90,440,107,1.1888888888888889,23.096628189086914,2448.242588043213,10733421220.998373,8.027426001507056
486,191,1171,234,1.225130890052356,11.046244621276855,2573.7749967575073,62708.01950773654,3.170941438245998
487,315,2195,894,2.8380952380952382,10.668856620788574,9527.288962364197,42995.752932606745,6.261946487070152
488,228,1480,582,2.5526315789473686,13.190770149230957,7663.837456703186,535400.3957477851,7.470662360111333
489,296,2063,865,2.9222972972972974,10.722753524780273,9264.459045410156,45376.67678302646,6.478811983195411
490,245,1812,716,2.9224489795918367,11.358526229858398,8121.346254348755,85692.98362309148,6.4661291205800815
491,178,1276,483,2.7134831460674156,11.503108024597168,5544.498067855835,99023.05933766719,6.268824346954586
492,89,628,250,2.808988764044944,13.962431907653809,3476.6455450057983,1158262.8617136544,7.986845997943588
493,223,1509,632,2.8340807174887894,10.203758239746094,6438.571449279785,27004.4849309614,6.155662756981585
494,169,1319,523,3.094674556213018,9.613934516906738,5018.473817825317,14971.961789744331,5.489103328133198
495,133,889,369,2.774436090225564,10.349991798400879,3808.7969818115234,31256.78646292595,6.181026453782155
496,115,823,358,3.1130434782608694,14.054271697998047,5017.374996185303,1269675.2257793252,8.795312302887993
497,85,675,297,3.4941176470588236,12.488993644714355,3696.742118835449,265400.064713581,7.901142995984091
498,116,800,342,2.9482758620689653,8.061805725097656,2749.075752258301,3171.010941742446,4.957597443513934
499,153,1135,432,2.823529411764706,10.315780639648438,4446.101455688477,30205.54028395041,5.651426010053715
500,168,1114,413,2.4583333333333335,13.12089729309082,5405.809684753418,499267.49493154505,7.0008391599490905
501,152,1106,396,2.6052631578947367,10.554449081420898,4169.007387161255,38347.67125259552,5.438161196100359
502,129,895,383,2.9689922480620154,10.178131103515625,3888.0460815429688,26321.22964849328,6.267334972726041
503,123,824,314,2.5528455284552845,11.730448722839355,3671.6304502487183,124299.43385712004,6.428450294357692
504,156,1089,407,2.608974358974359,12.20424747467041,4954.9244747161865,199635.29875033651,6.564228620433788
505,194,1267,456,2.350515463917526,17.73160171508789,8067.87878036499,50203821.89286116,9.186652491654199
506,202,1308,460,2.277227722772277,18.973005294799805,8708.60943031311,173728673.91176176,9.605403393082252
507,80,495,177,2.2125,21.842382431030273,3844.259307861328,3062147888.5209556,11.204229978470256
508,178,1194,441,2.4775280898876404,10.4404935836792,4593.817176818848,34217.53748850063,5.5506509713124705
509,265,1797,360,1.3584905660377358,10.103813171386719,3627.268928527832,24436.010693612847,2.912099552118936
510,272,1584,356,1.3088235294117647,12.493680953979492,4435.25673866272,266646.9969914759,4.039597791627565
511,272,1721,341,1.2536764705882353,12.421777725219727,4223.404426574707,248147.28133414985,3.540432668150974
512,298,1675,385,1.2919463087248322,12.183775901794434,4678.5699462890625,195589.99829110477,4.029701289530372
513,272,1622,347,1.275735294117647,22.858829498291016,7909.155006408691,8461814760.780957,7.034832740670738
514,274,1548,308,1.1240875912408759,18.47513771057129,5671.867277145386,105596703.36041918,5.286030228241626
515,283,1499,326,1.1519434628975265,19.903987884521484,6468.796062469482,440749781.95187485,6.225817211372099
516,280,1552,346,1.2357142857142858,13.122061729431152,4527.111296653748,499849.1987589996,4.208273851311061
517,223,1355,273,1.2242152466367713,12.488065719604492,3396.753875732422,265153.90755474096,3.616590384973824
518,180,1087,235,1.3055555555555556,11.729100227355957,2744.609453201294,124131.92959672706,3.6427179828063263
519,179,1120,248,1.3854748603351956,13.325926780700684,3291.503914833069,612881.4362920802,4.239853906246677
520,175,1005,234,1.3371428571428572,13.304250717163086,3099.890417098999,599739.5263340255,4.449946798057658
521,183,1103,261,1.4262295081967213,11.546085357666016,3001.982192993164,103371.58096356694,3.9265138918116165
522,165,1031,248,1.503030303030303,13.383069038391113,3305.618052482605,648922.8013072361,4.625605015896884
523,223,1314,280,1.2556053811659194,23.51483726501465,6560.639596939087,16306624365.880867,7.203198030109428
524,186,1079,224,1.2043010752688172,23.445634841918945,5228.376569747925,15216327134.879658,6.990688553359945
525,181,1181,253,1.3977900552486189,22.25385284423828,5607.970916748047,4620888521.585378,6.850628138054142
526,360,1822,624,1.7333333333333334,10.172761917114258,6337.630674362183,26180.284778435464,5.01825924527338
527,375,1687,571,1.5226666666666666,10.192365646362305,5809.648418426514,26698.579650485062,4.968317108815851
528,445,1889,679,1.5258426966292136,10.058680534362793,6819.785402297974,23357.66639231456,5.208507453585088
529,405,1637,584,1.4419753086419753,10.174787521362305,5931.901124954224,26233.369420585215,5.227809612715407
530,251,1052,354,1.4103585657370519,13.766448020935059,4859.556151390076,952121.5849812727,6.664313270467603
531,300,1794,478,1.5933333333333333,11.516532897949219,5493.386192321777,100361.3947596666,4.417659429961279
532,308,1750,441,1.4318181818181819,12.001518249511719,5280.668029785156,163002.08147810947,4.353367759515393
533,325,1848,478,1.4707692307692308,9.967286109924316,4754.395474433899,21317.55327906725,3.7116573449083963
534,320,1743,470,1.46875,11.277181625366211,5288.998182296753,78998.30103771621,4.377746098032282
535,200,1088,275,1.375,14.864034652709961,4072.7454948425293,2853436.606637837,5.4004868825479635
536,292,1664,389,1.332191780821918,23.34926986694336,9059.516708374023,13818441353.005863,7.854639319724705
537,329,1857,451,1.3708206686930091,19.842538833618164,8929.142475128174,414481472.71113294,6.937011076068078
538,315,1656,380,1.2063492063492063,22.808176040649414,8644.298719406128,8043869139.604088,7.53084957394326
539,343,1920,459,1.338192419825073,20.602998733520508,9436.173419952393,886683568.8655223,7.090375311423733
540,285,1994,513,1.8,7.29721212387085,3736.172607421875,1476.178782043304,2.7031884115510167
541,183,1154,282,1.540983606557377,10.630387306213379,2987.1388330459595,41373.14617400187,3.734428406310443
542,226,1624,354,1.5663716814159292,10.826382637023926,3821.713070869446,50331.31047203014,3.3950532604950006
543,305,2109,490,1.6065573770491803,8.487579345703125,4150.426300048828,4854.101738074252,2.8391652160529035
544,174,1285,266,1.528735632183908,11.079194068908691,2935.986428260803,64808.63106438565,3.296290319197791
545,328,2050,489,1.4908536585365855,11.529597282409668,5626.443473815918,101681.1567738111,3.959630291471365
546,273,1879,470,1.7216117216117217,9.373178482055664,4396.020708084106,11768.46154735586,3.375261987864891
547,310,2079,491,1.5838709677419356,6.960427284240723,3410.609369277954,1054.0838544524256,2.366748063235565
548,296,2002,507,1.712837837837838,9.654202461242676,4885.026445388794,15587.155071994135,3.5202814322546723
549,198,1278,317,1.601010101010101,12.233112335205078,3865.6634979248047,205481.715893358,4.363829075275117
550,200,1203,287,1.435,10.088781356811523,2885.3914680480957,24071.44005572413,3.4602992202629372
551,101,675,150,1.4851485148514851,14.594972610473633,2174.6509189605713,2180299.0635558856,4.64793792066525
552,315,1821,449,1.4253968253968254,22.588659286499023,10119.719360351562,6458476470.840473,8.017390959015504
553,324,1875,491,1.5154320987654322,20.23177146911621,9913.568019866943,611711588.7071937,7.6278695572146455
554,345,1927,454,1.3159420289855073,19.376401901245117,8777.510061264038,260054530.90668213,6.5714946739691795
555,107,542,127,1.1869158878504673,24.543649673461914,3092.499858856201,45621716241.13748,8.231612934172807
556,313,1950,473,1.511182108626198,10.12235164642334,4777.749977111816,24893.242160068578,3.5347877941469625
557,315,1981,514,1.6317460317460317,17.374710083007812,8913.226272583008,35135061.148985334,6.491200071568261
558,326,1904,457,1.401840490797546,21.407007217407227,9761.595291137695,1981276592.154105,7.396536301307464
559,220,1823,690,3.1363636363636362,7.614441871643066,5246.350449562073,2027.2629700188406,4.151883585490283
560,213,1703,676,3.1737089201877935,9.274806022644043,6260.494065284729,10665.889409976291,5.303572367293637
561,205,1742,681,3.321951219512195,10.804405212402344,7346.995544433594,49237.224523023324,6.084657885986025
562,225,1655,629,2.7955555555555556,9.378402709960938,5889.636901855469,11830.103548307192,5.134108731687929
563,225,1702,636,2.8266666666666667,9.303323745727539,5907.610578536987,10974.434887480806,5.007567852619561
564,212,1544,569,2.6839622641509435,11.411691665649414,6481.840866088867,90372.17186602375,6.056554192576317
565,193,1506,571,2.9585492227979273,11.33292007446289,6459.764442443848,83526.57088932038,6.188227175580743
566,203,1514,565,2.7832512315270934,12.225768089294434,6895.333202362061,203978.13573125406,6.570583234032206
567,185,1437,544,2.9405405405405407,10.751782417297363,5838.217852592468,46713.216738911666,5.861355562675412
568,171,1231,468,2.736842105263158,11.0867280960083,5177.5020208358765,65298.7449946289,6.067876920919988
569,179,1239,475,2.653631284916201,10.144401550292969,4808.446334838867,25448.23200701237,5.598968266063556
570,166,1115,461,2.7771084337349397,10.454520225524902,4809.079303741455,34700.876518841535,6.222452791703629
571,135,962,402,2.977777777777778,11.476114273071289,4601.921823501587,96385.81023880912,6.901423901584652
572,126,905,349,2.7698412698412698,10.078651428222656,3507.3706970214844,23828.828978008107,5.591233492985816
573,163,1078,427,2.6196319018404908,13.915640830993652,5928.062994003296,1105314.9014174955,7.93356872312239
574,222,1521,531,2.391891891891892,22.337614059448242,11838.935451507568,5024611926.983288,11.229436860811642
575,214,1466,559,2.6121495327102804,24.000965118408203,13392.538536071777,26514699609.891186,13.179637742772913
576,89,564,202,2.269662921348315,22.773000717163086,4577.37314414978,7765841955.021508,11.708782864119168
577,197,1339,506,2.568527918781726,8.742066383361816,4414.743523597717,6260.819608265714,4.756630760486255
578,272,1713,332,1.2205882352941178,10.908462524414062,3610.7010955810547,54636.77798345733,3.040946038953377
579,281,1543,328,1.1672597864768683,11.06964111328125,3619.7726440429688,64192.46487755669,3.384464058785692
580,240,1499,284,1.1833333333333333,10.251179695129395,2901.0838537216187,28315.926385158862,2.7921142688240312
581,294,1600,336,1.1428571428571428,9.524185180664062,3190.602035522461,13686.773132365654,2.876916083811554
582,279,1559,337,1.2078853046594982,14.67017936706543,4929.180267333984,2350595.755724129,4.5614521663441145
583,272,1454,305,1.1213235294117647,14.670509338378906,4459.8348388671875,2351371.5128748617,4.425159288320166
584,269,1378,283,1.0520446096654275,19.528676986694336,5507.086910247803,302828436.42526853,5.765636411581299
585,280,1464,337,1.2035714285714285,11.5706205368042,3887.728500366211,105939.19080219035,3.831152068170095
586,227,1233,253,1.1145374449339207,12.389250755310059,3122.0911903381348,240205.6607837283,3.653062025550647
587,296,1858,383,1.2939189189189189,10.064550399780273,3844.6582527160645,23495.175936936408,2.9852903095297596
588,265,1679,383,1.4452830188679244,11.120933532714844,4248.19660949707,67570.95653908433,3.6502990954393875
589,281,1661,341,1.2135231316725978,10.069645881652832,3423.679599761963,23615.2007123565,2.973705948325885
590,280,1782,386,1.3785714285714286,11.566606521606445,4453.143510818481,105514.8016024457,3.6052346012484238
591,290,1862,386,1.3310344827586207,8.48785400390625,3267.8237915039062,4855.43514004193,2.531940482546539
592,283,1512,349,1.2332155477031803,15.377285957336426,5351.295513153076,4767277.557833558,5.106010250765413
593,288,1631,343,1.1909722222222223,22.770103454589844,7787.375381469727,7743374834.065841,6.888294202567244
594,275,1556,315,1.1454545454545455,22.843568801879883,7172.880603790283,8333661912.589194,6.650565087388737
595,335,1896,418,1.2477611940298508,20.485532760620117,8542.467161178589,788413109.1332309,6.5000923050575805
596,154,998,245,1.5909090909090908,13.42048454284668,3274.59822845459,673662.5136113924,4.733714053201625
597,169,964,265,1.5680473372781065,13.194233894348145,3483.27774810791,537258.101706946,5.212974619537508
598,158,981,223,1.4113924050632911,12.841842651367188,2850.8890686035156,377695.1438164085,4.192623365340314
599,131,866,261,1.9923664122137406,10.699756622314453,2781.936721801758,44345.06121848772,4.634510753591566
600,123,747,195,1.5853658536585367,16.049684524536133,3113.6387977600098,9338764.533571597,6.01342871840407
601,161,1095,231,1.434782608695652,15.103330612182617,3473.766040802002,3624875.903554107,4.576789991117385
602,194,1131,277,1.4278350515463918,22.893169403076172,6318.514755249023,8757439486.236614,8.059849604935021
603,196,1148,259,1.3214285714285714,20.651756286621094,5328.153121948242,930987386.3199989,6.695905998372629
604,87,434,112,1.2873563218390804,22.48261070251465,2495.569787979126,5808630713.613031,8.29572847306407
605,178,1082,247,1.3876404494382022,12.99089527130127,3195.7602367401123,438403.6197457908,4.26109745417292
606,234,1420,502,2.1452991452991452,10.116483688354492,5068.358327865601,24747.597395475863,5.149362975394353
607,336,1542,508,1.5119047619047619,10.634872436523438,5391.880325317383,41559.12688802648,5.044642676006588
608,356,1571,478,1.3426966292134832,10.932422637939453,5214.765598297119,55961.69053013021,4.788871080879454
609,422,1798,576,1.3649289099526067,10.982163429260254,6314.743971824646,58815.66025299781,5.066879762310841
610,425,1848,586,1.3788235294117648,13.602812767028809,7957.645468711853,808400.4062350111,6.212367778605585
611,401,1761,626,1.5610972568578554,10.579882621765137,6612.42663860321,39335.49700093536,5.417214718770545
612,389,1634,531,1.365038560411311,13.99409008026123,7416.867742538452,1195517.949826896,6.548517938243296
613,352,1562,541,1.5369318181818181,13.870101928710938,7489.855041503906,1056108.9694704348,6.917782794721438
614,410,1866,623,1.5195121951219512,16.298303604125977,10137.544841766357,11974663.541531846,7.837827261525089
615,249,1503,353,1.4176706827309238,13.973618507385254,4918.713714599609,1171292.62824435,4.721359869331597
616,288,1630,391,1.3576388888888888,13.037880897521973,5084.773550033569,459493.87800469366,4.500477045813988
617,204,1236,286,1.4019607843137254,12.420124053955078,3539.7353553771973,247737.26641398927,4.131681750211986
618,256,1497,429,1.67578125,9.077445983886719,3885.1468811035156,8755.575565323426,3.7442098453528825
619,146,883,204,1.3972602739726028,13.705257415771484,2782.1672554016113,895607.3905796816,4.545661270998372
620,91,589,214,2.3516483516483517,17.700546264648438,3770.216354370117,48668680.22565877,9.234757958452013
621,303,1853,449,1.481848184818482,11.51109504699707,5156.9705810546875,99817.12562201731,4.01507602984235
622,229,1257,325,1.4192139737991267,14.599841117858887,4730.348522186279,2190939.746753799,5.429157004482563
623,308,2089,508,1.6493506493506493,13.093335151672363,6638.320921897888,485694.5229564041,4.584524975515335
624,301,1902,503,1.6710963455149501,12.628034591674805,6339.273365020752,304990.09866672195,4.808432306285452
625,290,2023,453,1.5620689655172413,12.549726486206055,5672.476371765137,282018.08701260743,4.045305749434198
626,82,532,132,1.6097560975609757,14.586433410644531,1910.8227767944336,2161760.3198340265,5.181831849810166
627,304,1781,460,1.513157894736842,12.636544227600098,5800.173800468445,307596.52751903917,4.698417730617584
628,308,1658,404,1.3116883116883118,20.094036102294922,8097.8965492248535,533002196.0523642,7.046317969359798
629,297,1657,376,1.265993265993266,20.72942543029785,7773.534536361694,1006178602.6563885,6.768159158592701
630,300,1701,403,1.3433333333333333,14.774396896362305,5939.3075523376465,2608789.5463116607,5.03739538628565
631,298,1750,411,1.3791946308724832,12.779659271240234,5239.660301208496,354924.11010066565,4.319561104283583
632,309,1723,427,1.3818770226537216,16.348060607910156,6964.273818969727,12585559.055214923,5.831296170644497
633,224,1790,656,2.9285714285714284,7.963547229766846,5216.123435497284,2874.250517747311,4.204064476567952
634,225,1675,628,2.7911111111111113,11.734143257141113,7357.307822227478,124759.51174263649,6.33692627428129
635,230,1631,607,2.639130434782609,12.955419540405273,7850.984241485596,423123.56889068027,6.944559185339466
636,251,1907,740,2.948207171314741,11.459502220153809,8468.572140693665,94797.87004906198,6.406694824745245
637,329,2451,965,2.933130699088146,11.60733699798584,11189.47286605835,109901.1932560725,6.58629009140106
638,248,1708,688,2.774193548387097,11.619001388549805,7982.253953933716,111190.62932078149,6.742364282468672
639,182,1304,550,3.021978021978022,10.822386741638184,5941.490321159363,50130.59311061986,6.573434525940481
640,193,1485,594,3.077720207253886,13.750737190246582,8154.187153816223,937279.8571820424,7.921889137569802
641,228,1595,659,2.8903508771929824,11.357087135314941,7472.963335037231,85569.75201018545,6.7593775198766535
642,254,1134,350,1.3779527559055118,14.523682594299316,5068.765225410461,2030276.592702654,6.448573592707321
643,273,1114,370,1.3553113553113554,11.297755241394043,4168.871684074402,80640.41594935741,5.398932230445745
644,236,937,311,1.3177966101694916,13.920637130737305,4315.397510528564,1110851.2049752302,6.644399773643691
645,301,1227,406,1.3488372093023255,9.282214164733887,3759.296736717224,10745.197233347597,4.420145688094542
646,263,1050,342,1.3003802281368821,10.165592193603516,3466.466938018799,25993.250667777513,4.762909200843115
647,318,1316,442,1.389937106918239,16.741220474243164,7382.878229141235,18647459.487076797,8.093648790782032
648,277,1141,361,1.3032490974729243,15.180374145507812,5464.9346923828125,3915188.9350233083,6.9099335490646245
649,254,1043,345,1.358267716535433,11.417643547058105,3927.6693801879883,90911.66020832481,5.432817964572042
650,219,1515,542,2.4748858447488584,11.40788745880127,6171.667115211487,90029.03053505794,5.877117848932744
651,255,1682,621,2.4352941176470586,11.092348098754883,6877.255821228027,65666.75726721743,5.898800753989554
652,186,1213,436,2.3440860215053765,11.564506530761719,5030.560340881348,105293.45398043183,5.983152890916912
653,227,1461,542,2.3876651982378854,11.999215126037598,6491.57538318634,162627.09953853415,6.4102420348253295
654,126,845,295,2.3412698412698414,12.47422981262207,3667.4235649108887,261510.52562211835,6.261507443711554
655,85,634,281,3.3058823529411763,18.451221466064453,5166.342010498047,103101187.41750377,11.756239744608596
656,262,1892,801,3.0572519083969465,9.358197212219238,7486.557769775391,11593.469126599335,5.70867852419857
657,168,1199,475,2.8273809523809526,10.62381649017334,5035.689016342163,41102.18204413998,6.059185630805556
658,200,1462,587,2.935,8.564054489135742,5018.535930633545,5239.883211241738,4.952268741209367
659,273,1977,824,3.0183150183150182,9.82231330871582,8083.76385307312,18440.66037782507,5.8990419942063985
660,154,1179,483,3.1363636363636362,8.19628620147705,3950.6099491119385,3627.4536289435005,4.8342030382276455
661,270,1929,750,2.7777777777777777,10.448631286621094,7826.024833679199,34497.12570399633,5.8530675051440415
662,209,1603,650,3.110047846889952,10.167186737060547,6598.504192352295,26034.73109794214,5.938633359695379
663,267,1988,804,3.0112359550561796,8.626128196716309,6926.780941963196,5575.449365272303,5.026776918659198
664,259,1883,790,3.0501930501930503,10.472052574157715,8262.449481010437,35314.62892304294,6.330427451858389
665,172,1311,531,3.0872093023255816,10.069096565246582,5336.6211795806885,23602.232057441877,5.872705500292959
666,169,1136,462,2.7337278106508878,10.99843692779541,5070.279423713684,59780.62721250857,6.439143468761517
667,95,651,250,2.6315789473684212,14.456308364868164,3599.620782852173,1897994.5085552041,7.977196701231457
668,313,1907,698,2.230031948881789,19.581661224365234,13648.417873382568,319306247.7021187,10.325382685846526
669,310,1946,714,2.303225806451613,15.513622283935547,11061.212688446045,5463620.831788598,8.20038884472723
670,290,1814,674,2.3241379310344827,12.831108093261719,8635.335746765137,373662.43673743197,6.867781730027154
671,95,564,210,2.210526315789474,24.589134216308594,5139.129051208496,47744714961.29185,13.145737582742733
672,326,2052,749,2.2975460122699385,9.627954483032227,7201.7099533081055,15183.346527841453,5.063290075808134
673,324,2099,730,2.253086419753086,13.483392715454102,9829.39328956604,717402.7773289274,6.755987114723288
674,332,2071,737,2.2198795180722892,13.064460754394531,9615.443115234375,471870.92085130274,6.698286865426633
675,263,1719,631,2.3992395437262357,11.517373085021973,7255.945043563843,100445.75253934276,6.089654410303904
676,301,1760,647,2.1495016611295683,9.118297576904297,5890.420234680176,9120.661167748593,4.828454580298349
677,306,1824,699,2.284313725490196,9.1698579788208,6400.560869216919,9603.260726745071,5.0625314829644745
678,275,1572,615,2.2363636363636363,11.29384994506836,6934.423866271973,80326.10536670192,6.3640323939520655
679,191,1062,385,2.0157068062827226,12.918994903564453,4960.89404296875,407988.75982752006,6.739225267576852
680,275,1663,580,2.109090909090909,11.90623950958252,6893.712676048279,148188.36938523472,5.980472093234058
681,289,1790,683,2.3633217993079585,11.74081039428711,8007.232688903809,125594.07951516494,6.453628431019846
682,254,1505,575,2.263779527559055,10.260102272033691,5889.298704147339,28569.707924922463,5.645489724111073
683,293,1727,642,2.1911262798634814,10.249176979064941,6569.722443580627,28259.274372390788,5.488191076647768
684,255,1872,646,2.533333333333333,9.312692642211914,6006.686754226685,11077.736386826316,4.629175850692448
685,202,1328,467,2.3118811881188117,15.390711784362793,7172.0716915130615,4831713.788658175,7.791500197474408
686,256,2130,747,2.91796875,11.38362979888916,8492.187829971313,87871.41211733059,5.751942379623109
687,291,2018,739,2.5395189003436425,9.317174911499023,6876.075084686279,11127.501230801872,4.915797534914298
688,255,2042,660,2.588235294117647,10.851822853088379,7151.351260185242,51628.176213546765,5.052506855398769
689,80,565,208,2.6,16.591686248779297,3434.4790534973145,16057494.551132571,8.76974495312849
690,286,2200,880,3.076923076923077,9.087629318237305,7988.026170730591,8845.192041570803,5.238311701365582
691,263,1849,686,2.6083650190114067,13.160435676574707,9014.898438453674,519403.1674998793,7.03393686926705
692,253,1799,644,2.5454545454545454,8.878904342651367,5709.135492324829,7178.9207878886045,4.578399923590996
693,256,1858,681,2.66015625,11.568129539489746,7866.328086853027,105675.62496958433,6.108026114590113
694,257,1984,744,2.894941634241245,14.024168014526367,10419.95683479309,1232022.9048802594,7.577026235802949
695,276,1955,733,2.6557971014492754,10.90668773651123,7983.695423126221,54539.89528938996,5.891579434737653
696,157,883,213,1.356687898089172,10.538115501403809,2234.0804862976074,37726.40406641665,3.6501662950491074
697,171,995,208,1.2163742690058479,10.861817359924316,2248.3961935043335,52146.76155924045,3.26005028977118
698,163,921,201,1.2331288343558282,11.671655654907227,2334.3311309814453,117202.1680773245,3.6565992904013647
699,168,931,204,1.2142857142857142,10.510749816894531,2133.68221282959,36707.993501055746,3.3063939283375285
700,175,966,200,1.1428571428571428,11.386439323425293,2265.9014253616333,88118.63613404891,3.38406288769406
701,213,1128,262,1.2300469483568075,10.029366493225098,2617.6646547317505,22682.897223530763,3.3479537376700508
702,152,895,194,1.2763157894736843,10.163065910339355,1961.4717206954956,25927.667229685456,3.161793881889758
703,158,976,213,1.3481012658227849,11.236223220825195,2382.0793228149414,75828.02458827484,3.521120928308664
704,274,2018,721,2.6313868613138687,10.0386962890625,7227.861328125,22895.514318399804,5.16729419936524
705,227,1464,521,2.2951541850220263,13.93185043334961,7244.562225341797,1123377.6156569647,7.139135243109374
706,274,2249,787,2.872262773722628,15.44088077545166,12136.532289505005,5080299.504785437,7.785377922480056
707,313,2227,792,2.5303514376996805,14.108184814453125,11159.574188232422,1340006.220999322,7.229394853971889
708,273,2078,697,2.553113553113553,13.014484405517578,9058.081146240234,448868.12058961665,6.288762632170647
709,82,593,212,2.5853658536585367,15.455328941345215,3261.0744066238403,5154233.332792638,7.933787309285218
710,348,2493,1136,3.264367816091954,10.668603897094727,12108.865423202515,42984.88826004377,7.007380704711635
711,296,1959,762,2.574324324324324,10.029423713684082,7632.391446113586,22684.19518645565,5.620833736310065
712,257,1844,629,2.4474708171206228,14.692903518676758,9227.143409729004,2404622.5820744922,7.219064012357546
713,273,1910,662,2.4249084249084247,14.633138656616211,9672.504652023315,2265120.81768103,7.306007588716998
714,245,1875,699,2.853061224489796,11.591081619262695,8090.574970245361,108129.14937957394,6.22519060667379
715,269,1969,782,2.907063197026022,13.97156047821045,10911.78873348236,1168884.552638063,7.995116045212324
716,344,2151,509,1.4796511627906976,8.816338539123535,4478.699977874756,6743.528202499595,3.003904345750544
717,262,1467,387,1.4770992366412214,13.16914176940918,5083.288722991943,523944.8812986705,4.9990698241767335
718,355,2355,532,1.4985915492957746,9.922962188720703,5269.092922210693,20393.310078500635,3.227895638580257
719,371,2239,564,1.5202156334231807,9.337909698486328,5257.243160247803,11360.636248375835,3.3874938079664703
720,355,2214,515,1.4507042253521127,9.757542610168457,5015.376901626587,17284.105659430843,3.268138836569888
721,95,632,147,1.5473684210526315,14.241774559020996,2079.2990856170654,1531525.0459974713,4.746510252127685
722,427,2638,764,1.7892271662763466,8.14943790435791,6218.021121025085,3461.432862227268,3.4005717344373476
723,370,2120,561,1.5162162162162163,7.695335865020752,4309.388084411621,2198.071941843017,2.9326098201163378
724,331,1996,459,1.3867069486404835,8.09424114227295,3707.1624431610107,3275.5502272329786,2.679511459177457
725,367,2110,519,1.4141689373297002,9.991272926330566,5175.479375839233,21835.075558202843,3.5386911989319287
726,272,1738,461,1.6948529411764706,9.259105682373047,4259.188613891602,10499.739038630989,3.53550649681942
727,330,1999,512,1.5515151515151515,8.249149322509766,4215.31530380249,3824.3711308548486,3.0422283564678376
728,258,1756,357,1.3837209302325582,9.984084129333496,3554.3339500427246,21678.670488315907,2.9201708219760363
729,260,1611,344,1.323076923076923,13.197074890136719,4526.5966873168945,538786.619940116,4.053692484727805
730,286,1830,364,1.2727272727272727,11.430368423461914,4149.223737716675,92075.89148815251,3.271073502700883
731,279,1663,364,1.3046594982078854,12.979177474975586,4711.441423416138,433296.4760927082,4.087295957306855
732,253,1587,384,1.517786561264822,12.402494430541992,4750.155366897583,243408.02527526463,4.318226585554655
733,236,1428,316,1.3389830508474576,9.72014331817627,3061.845145225525,16649.630753176316,3.0933535062932864
734,241,1426,331,1.3734439834024896,13.047292709350586,4305.606594085693,463838.9634092551,4.356014923777174
735,281,1713,420,1.4946619217081851,12.157074928283691,5093.814394950867,190436.6606591618,4.290029636196399
736,198,1299,292,1.4747474747474747,10.76236343383789,3131.847759246826,47210.114262386,3.478291940788767
737,260,1944,759,2.919230769230769,10.601908683776855,8036.246782302856,40211.51529758836,5.963916347833447
738,263,1801,697,2.650190114068441,10.572062492370605,7358.155494689941,39029.08796526389,5.894266764174934
739,274,1996,782,2.854014598540146,10.024381637573242,7829.042058944702,22570.107608637212,5.658777631939199
740,258,1734,707,2.74031007751938,9.975250244140625,7042.526672363281,21488.006991715138,5.859410787512549
741,171,1158,449,2.625730994152047,12.15858268737793,5447.0450439453125,190724.0098383793,6.786204553021337
742,235,1739,651,2.7702127659574467,12.541759490966797,8152.143669128418,279780.17680321494,6.763115148974082
743,266,1972,756,2.8421052631578947,9.24641227722168,6981.041269302368,10367.3039016407,5.107258427719939
744,245,1614,623,2.5428571428571427,11.31577205657959,7038.410219192505,82106.46654417051,6.291375166648841
745,292,2141,832,2.8493150684931505,13.49872875213623,11217.443593025208,728489.6899904268,7.558781057033697
746,250,1687,397,1.588,10.573206901550293,4186.989933013916,39073.778779217515,3.5806458877363307
747,247,1567,373,1.5101214574898785,12.991264343261719,4832.750335693359,438565.4520912519,4.449384137306498
748,270,1716,363,1.3444444444444446,10.891109466552734,3942.58162689209,53696.84178406977,3.314652075417925
749,275,1645,394,1.4327272727272726,11.500570297241211,4519.724126815796,98772.08439879058,3.9638805981418535
750,234,1480,378,1.6153846153846154,12.471055030822754,4701.587746620178,260681.60328506006,4.583079274563005
751,227,1364,343,1.5110132158590308,10.93741512298584,3740.595972061157,56241.777015306325,3.956407081277026
752,227,1369,362,1.5947136563876652,14.1981840133667,5125.544428825378,1466199.172469734,5.401459115648231
753,268,1639,454,1.6940298507462686,10.388771057128906,4706.1132888793945,32492.710703925914,4.142456561151893
754,194,1247,311,1.6030927835051547,11.60905647277832,3598.8075065612793,110090.32814727917,4.163577981419353
755,152,985,245,1.611842105263158,13.702399253845215,3343.3854179382324,893051.2543008451,4.896939657096409
756,162,931,259,1.5987654320987654,14.793770790100098,3816.792863845825,2659824.736624467,5.914573723706505
757,153,957,223,1.457516339869281,14.276288032531738,3169.335943222046,1585306.041114885,4.777832025284839
758,128,863,257,2.0078125,10.357049942016602,2651.40478515625,31478.18175150804,4.432408499344368
759,123,744,196,1.5934959349593496,14.869804382324219,2899.6118545532227,2869947.75094436,5.622655434229549
760,139,940,198,1.4244604316546763,14.702813148498535,2896.4541902542114,2428569.960581457,4.445425634512564
761,194,1187,314,1.6185567010309279,15.97164249420166,4999.12410068512,8637661.929970684,6.075999619921585
762,192,1196,297,1.546875,13.777511596679688,4078.1434326171875,962713.9408764893,4.919328851396916
763,82,413,119,1.451219512195122,15.583508491516113,1838.8540019989014,5859111.280980426,6.423500120103243
764,175,1081,249,1.4228571428571428,11.547571182250977,2863.797653198242,103525.28716189529,3.822004322274334
765,361,2462,956,2.6481994459833795,7.99354362487793,7633.834161758423,2961.773800846169,4.473312221014473
766,265,1748,688,2.5962264150943395,11.34520149230957,7794.153425216675,84558.72076616283,6.432829802338573
767,361,2628,1082,2.9972299168975067,6.83550500869751,7389.180914402008,930.2980407186271,4.056443935098613
768,372,2631,1069,2.8736559139784945,7.9451003074646,8485.367128372192,2821.7154863395717,4.652906528401667
769,371,2808,1040,2.803234501347709,7.863748073577881,8170.434248447418,2601.2518101325627,4.197808038512975
770,96,755,312,3.25,11.351089477539062,3530.1888275146484,85058.06990259438,6.745676708419878
771,364,2745,1172,3.21978021978022,10.107583999633789,11835.980863571167,24528.328641154014,6.220659707078614
772,329,2342,950,2.8875379939209727,9.328421592712402,8852.67209148407,11253.355082341044,5.453333102049614
773,315,2102,835,2.6507936507936507,9.016921043395996,7520.112150192261,8241.363177603671,5.1613836850671815
774,365,2567,1043,2.8575342465753426,8.838430404663086,9209.644481658936,6894.1630973290185,5.175967441386738
775,296,2120,876,2.9594594594594597,9.593274116516113,8394.1148519516,14665.808578598728,5.712333900737249
776,347,2412,1013,2.919308357348703,6.666001319885254,6745.993335723877,785.2493572468306,4.034996323100677
777,340,2046,566,1.6647058823529413,8.474287986755371,4787.972712516785,4790.010999531094,3.37614100110442
778,306,1683,472,1.542483660130719,12.008774757385254,5656.132910728455,164189.20935795928,4.848529352891741
779,356,1960,561,1.5758426966292134,10.12081241607666,5667.65495300293,24854.95520009311,4.171784537840356
780,380,1915,522,1.3736842105263158,10.072110176086426,5247.569401741028,23673.467283527152,3.953338043139658
781,208,1182,312,1.5,12.780755043029785,3974.814818382263,355313.2390872923,4.851476841736089
782,313,1778,472,1.5079872204472844,21.841726303100586,10287.453088760376,3060139386.755572,8.347388950805648
783,330,1904,528,1.6,20.501815795898438,10804.456924438477,801355956.0516651,8.186731315328684
784,326,1741,433,1.3282208588957056,20.321102142333984,8778.716125488281,668871246.1089503,7.27456072350024
785,374,2120,556,1.4866310160427807,20.01270294189453,11107.050132751465,491367531.2492548,7.558531200672473
786,297,1742,510,1.7171717171717171,11.583600997924805,5896.052907943726,107323.29406465715,4.883011648168407
787,282,1657,475,1.6843971631205674,10.771811485290527,5105.83864402771,47658.27162417755,4.44548466585275
788,293,1697,482,1.6450511945392492,12.248034477233887,5891.3045835494995,208570.93480098934,5.008459579878187
789,294,1627,485,1.6496598639455782,11.863069534301758,5741.725654602051,141927.20074341487,5.091308622027853
790,183,1039,295,1.6120218579234973,14.184657096862793,4170.289186477661,1446499.5565964181,5.790621297790367
791,276,1513,411,1.4891304347826086,17.05466079711914,6992.410926818848,25512033.406636544,6.667492774606313
792,292,1631,441,1.5102739726027397,20.589004516601562,9059.161987304688,874361546.2855939,8.013248359101336
793,291,1511,411,1.4123711340206186,21.92250633239746,8988.227596282959,3317596236.1883035,8.58191355363253
794,315,1817,475,1.507936507936508,16.13273811340332,7646.917865753174,10147501.884473428,6.071640331869742
795,293,1769,482,1.6450511945392492,12.884385108947754,6197.38923740387,394109.9100704497,5.0542355676999415
796,285,1665,439,1.5403508771929824,10.587059020996094,4637.131851196289,39618.79956164581,4.017998273675163
797,315,1753,476,1.511111111111111,12.339892387390137,5861.448884010315,228637.34647133196,4.823892320242915
798,308,1737,498,1.6168831168831168,11.11514949798584,5524.229300498962,67181.2518988422,4.588243072287485
799,194,1107,282,1.4536082474226804,11.956401824951172,3359.7489128112793,155811.43809239042,4.378584548459728
800,283,1553,383,1.353356890459364,21.136478424072266,8074.1347579956055,1511666352.5829756,7.500653042388585
801,319,1757,453,1.4200626959247649,20.073856353759766,9073.383071899414,522354144.6087726,7.45027021167624
802,300,1564,385,1.2833333333333334,20.142141342163086,7734.582275390625,559269117.6328845,7.134682539676298
803,324,1908,478,1.4753086419753085,16.79298973083496,8010.256101608276,19638249.56371677,6.056790751593722
804,248,1608,300,1.2096774193548387,8.041360855102539,2404.366895675659,3106.8382715287576,2.1571941522816322
805,275,1604,344,1.250909090909091,10.135825157165527,3476.588028907776,25230.911211286937,3.1269677733910126
806,266,1511,309,1.1616541353383458,7.655789375305176,2357.983127593994,2112.842286683225,2.2513901817866997
807,321,1851,394,1.2274143302180685,9.43869686126709,3709.4078664779663,12565.331862233712,2.8911638755279703
808,300,1708,360,1.2,8.377840995788574,3007.644917488098,4349.607959587655,2.5404651096106408
809,314,1632,383,1.2197452229299364,9.97249984741211,3809.494941711426,21428.987648092825,3.367609963663398
810,297,1584,372,1.2525252525252526,15.447731971740723,5731.108561515808,5115225.138471801,5.219849684656021
811,266,1522,298,1.1203007518796992,18.25819206237793,5422.683042526245,85002571.11236903,5.140130048466025
812,313,1747,370,1.182108626198083,16.985687255859375,6267.718597412109,23811691.460484367,5.175962529006285
813,322,1377,440,1.3664596273291925,12.245586395263672,5375.812427520752,208060.96054008298,5.632286078383042
814,381,1586,527,1.3832020997375327,10.554600715637207,5551.719976425171,38353.48651255822,5.050087565190913
815,305,1277,438,1.4360655737704917,8.513178825378418,3720.2591466903687,4979.968403791636,4.202975271536415
816,330,1417,528,1.6,12.540501594543457,6608.844340324402,279428.463575275,6.728685219331763
817,207,873,292,1.4106280193236715,13.766146659851074,4005.9486780166626,951834.6958191235,6.620117172772438
818,145,619,249,1.717241379310345,18.608407974243164,4614.885177612305,120650437.26146936,10.755851308583612
819,161,937,232,1.4409937888198758,13.349459648132324,3083.725178718567,627475.3385701389,4.747998957098942
820,157,995,235,1.4968152866242037,13.464482307434082,3150.688859939575,703963.8662222474,4.568324817707464
821,156,896,225,1.4423076923076923,12.593706130981445,2820.9901733398438,294697.92598404095,4.542219345394966
822,160,962,253,1.58125,13.160468101501465,3316.437961578369,519420.0093825902,4.973605613913738
823,156,919,222,1.4230769230769231,14.910350799560547,3295.187526702881,2988705.174483462,5.172960504432443
824,185,1074,295,1.5945945945945945,13.6846284866333,4023.2807750701904,877321.2296156726,5.404438754467104
825,155,927,215,1.3870967741935485,14.948440551757812,3198.966278076172,3104740.0553387813,4.978568268987614
826,151,994,242,1.6026490066225165,11.942416191101074,2878.122302055359,153647.4837778999,4.177316672280879
827,164,990,220,1.3414634146341464,12.951240539550781,2836.321678161621,421359.0247185382,4.133280019646094
828,165,1004,209,1.2666666666666666,12.996973037719727,2703.370391845703,441076.2481220411,3.8846006553803285
829,162,921,211,1.3024691358024691,13.805212020874023,2899.094524383545,989754.3112670032,4.541269591092822
830,167,992,225,1.347305389221557,13.746642112731934,3079.247833251953,933449.4717294865,4.478241510786974
831,164,987,208,1.2682926829268293,12.995037078857422,2689.9726753234863,440223.1686803305,3.931925267290792
832,200,1176,269,1.345,11.26434326171875,3018.843994140625,77990.57474117189,3.703461955411659
833,161,945,204,1.2670807453416149,13.909841537475586,2823.697832107544,1098923.4068638657,4.310830538995207
834,163,1078,239,1.4662576687116564,12.29146671295166,2925.369077682495,217829.23583393407,3.9150421717462494
835,287,1877,487,1.6968641114982579,7.821277141571045,3801.140690803528,2493.0874012444347,2.921623241525572
836,167,1029,264,1.5808383233532934,14.062117576599121,3698.336922645569,1279676.125081759,5.185201494496902
837,218,1510,362,1.6605504587155964,9.958251953125,3594.928955078125,21125.834472985694,3.4346928316816916
838,298,2032,513,1.721476510067114,8.74608039855957,4477.9931640625,6286.001139036236,3.179320143173055
839,182,1250,283,1.554945054945055,12.580795288085938,3547.7842712402344,290917.58357541123,4.094696619409722
840,301,1862,476,1.5813953488372092,11.359125137329102,5395.584440231323,85744.32116285371,4.180549363383128
841,258,1786,453,1.755813953488372,11.242585182189941,5081.6485023498535,76311.9773631854,4.104853915946787
842,303,1904,447,1.4752475247524752,8.118979454040527,3621.064836502075,3357.59241861876,2.743745946617095
843,277,1744,485,1.7509025270758123,9.235193252563477,4469.833534240723,10251.64287861537,3.6975955696377745
844,194,1255,318,1.6391752577319587,11.799105644226074,3740.3164892196655,133133.2312108307,4.29971000028082
845,173,1055,258,1.4913294797687862,13.299944877624512,3418.0858335494995,597162.6958592185,4.674175811748514
846,89,606,133,1.4943820224719102,17.541778564453125,2315.5147705078125,41523851.890710786,5.512511017354401
847,291,1671,499,1.7147766323024054,8.27148151397705,4119.197793960571,3910.7385162370315,3.5564010950255383
848,285,1689,521,1.8280701754385964,10.532876968383789,5477.09602355957,37529.28979855959,4.678377307082329
849,294,1714,458,1.5578231292517006,11.79330062866211,5389.538387298584,132362.6295728119,4.536441250896365
850,95,491,142,1.4947368421052631,14.550573348999023,2051.6308422088623,2085612.946188604,6.02826403623131
851,275,1709,522,1.8981818181818182,10.841614723205566,5648.4812707901,51103.829935923015,4.768306564027541
852,287,1813,552,1.9233449477351916,10.789915084838867,5945.243211746216,48528.91499972307,4.730928239638742
853,280,1752,474,1.6928571428571428,10.729722023010254,5075.15851688385,45693.98838348206,4.179170105042076
854,261,2406,1090,4.176245210727969,7.629265785217285,8308.270440101624,2057.5387897260625,4.981837307688686
855,173,1579,688,3.976878612716763,7.63217830657959,5243.306496620178,2063.5401507085908,4.790685421491333
856,199,1977,881,4.42713567839196,8.084742546081543,7114.573440551758,3244.5843970975925,5.191785442956172
857,276,2681,1198,4.340579710144928,7.079861164093018,8474.593813419342,1187.803597271119,4.560333632289584
858,161,1592,713,4.428571428571429,7.51509952545166,5350.750862121582,1835.5501511609873,4.848933249883889
859,263,2394,1052,4.0,8.26656436920166,8688.159152030945,3891.5560489084583,5.23574107063037
860,225,2070,896,3.982222222222222,8.511202812194824,7617.526516914368,4970.137636633409,5.3090665361316605
861,258,2494,1090,4.224806201550388,8.212449073791504,8943.357041358948,3686.5600770272877,5.173430975327966
862,236,2198,988,4.186440677966102,8.705852508544922,8592.676425933838,6038.147318600549,5.639950713220315
863,205,1896,819,3.995121951219512,9.186692237854004,7514.714250564575,9766.292918300363,5.718059590183089
864,213,1974,864,4.056338028169014,7.138393402099609,6160.433506011963,1259.4034079976427,4.502343905192335
865,120,1162,521,4.341666666666667,7.563745498657227,3933.147659301758,1927.0497755208457,4.883246663647745
866,373,3424,1525,4.088471849865952,6.853539943695068,10444.794874191284,947.2281129014651,4.400891871524016
867,339,2724,1231,3.631268436578171,10.218281745910645,12568.486547470093,27399.546630595672,6.656568727428324
868,322,2855,1238,3.8447204968944098,9.66463565826416,11955.154309272766,15750.630233272497,6.04120554642737
869,110,997,436,3.963636363636364,9.541496276855469,4150.550880432129,13925.768849159955,6.005997163647696
870,318,2872,1292,4.062893081761007,7.558391094207764,9757.882902622223,1916.7591463095926,4.901688465594807
871,415,3746,1667,4.016867469879518,7.784898281097412,12969.640536308289,2404.0216011003704,4.994990946034288
872,342,3089,1352,3.953216374269006,7.025330066680908,9491.220920085907,1124.7657454400496,4.4328058767852125
873,137,914,316,2.3065693430656933,13.607982635498047,4286.514530181885,812590.5519240783,6.766010126249332
874,153,1046,346,2.261437908496732,16.516817092895508,5698.30189704895,14899185.319772076,7.859380390402192
875,127,834,284,2.236220472440945,15.322941780090332,4336.392523765564,4515117.550716073,7.5013093397896355
876,144,1002,350,2.4305555555555554,11.155261993408203,3893.186435699463,69930.83725664273,5.605469824391013
877,132,1018,345,2.6136363636363638,15.917439460754395,5475.599174499512,8181936.862064408,7.759940839829222
878,162,1078,380,2.345679012345679,15.038493156433105,5699.588906288147,3397305.435589979,7.627800232103581
879,139,933,318,2.287769784172662,11.76714038848877,3730.18350315094,128944.89073849033,5.767971320044675
880,129,1032,363,2.813953488372093,14.286025047302246,5171.541067123413,1600817.5849655627,7.229609158229231
881,243,1318,333,1.3703703703703705,10.297606468200684,3418.805347442627,29661.53798528369,3.7422560853718876
882,299,1583,383,1.2809364548494984,11.338536262512207,4331.320852279663,83996.99156756182,3.9474258459146103
883,206,1154,270,1.3106796116504855,11.36136245727539,3056.20650100708,85936.37340391582,3.820774664588843
884,237,1354,378,1.5949367088607596,8.867889404296875,3343.194305419922,7100.279328493557,3.562193386379279
885,141,801,180,1.2765957446808511,11.545961380004883,2066.727087020874,103358.76599113304,3.722418126486777
886,102,557,147,1.4411764705882353,17.903919219970703,2613.9722061157227,59644900.9459917,6.770493247369365
887,224,984,328,1.4642857142857142,12.692950248718262,4150.594731330872,325445.4859479403,6.085408979299703
888,229,942,301,1.314410480349345,9.331414222717285,2799.4242668151855,11287.082652313464,4.287383765476105
889,226,922,303,1.3407079646017699,16.306337356567383,4924.51388168335,12071252.490348844,7.705609279710876
890,253,1055,346,1.3675889328063242,9.929744720458984,3425.7619285583496,20532.09848769834,4.684672744642031
891,266,1054,344,1.2932330827067668,11.444132804870605,3925.3375520706177,93352.02160022348,5.3729269641247654
892,284,1162,389,1.369718309859155,13.305195808410645,5162.41597366333,600306.60283849,6.4094594872719926
893,244,975,305,1.25,10.085638999938965,3066.0342559814453,23995.91772183994,4.536771709025758
894,277,1152,386,1.3935018050541517,13.095000267028809,5041.575102806091,486503.9340595339,6.313763367263554
895,281,1883,412,1.4661921708185053,9.725831985473633,3997.316946029663,16744.61487353694,3.0626178092928367
896,283,1847,469,1.657243816254417,10.383946418762207,4859.686923980713,32336.32268639573,3.795910246616089
897,285,1742,398,1.3964912280701753,9.557690620422363,3794.403176307678,14153.123495208474,3.1424607609600566
898,310,1987,455,1.467741935483871,10.88764476776123,4942.990724563599,53511.12032148189,3.5889422272209606
899,304,1983,436,1.4342105263157894,8.733004570007324,3798.856987953186,6204.341512989718,2.763788269070321
900,311,1741,464,1.4919614147909968,13.16911792755127,6097.301600456238,523932.3896281707,5.052582872936561
901,316,1718,404,1.2784810126582278,21.795438766479492,8783.561822891235,2921721301.8416185,7.37601925682585
902,258,1561,343,1.3294573643410852,23.697235107421875,8104.454406738281,19569442049.00445,7.49023458149393
903,316,1812,449,1.4208860759493671,20.420373916625977,9148.327514648438,738678928.2381692,7.283800627931212
904,201,1111,275,1.3681592039800996,11.53054141998291,3159.3683490753174,101777.2031077537,4.102614806077868
905,179,1121,251,1.4022346368715084,13.636935234069824,3409.233808517456,836461.0490006566,4.387586716127679
906,171,977,233,1.3625730994152048,11.946907997131348,2771.6826553344727,154339.190815984,4.092827862609005
907,176,1063,254,1.4431818181818181,12.582347869873047,3183.334011077881,291369.6077286534,4.3203952881234535
908,174,1054,249,1.4310344827586208,13.240547180175781,3283.6557006835938,562725.4766810279,4.494605118940223
909,219,1255,324,1.4794520547945205,10.740033149719238,3469.030707359314,46167.58233515647,3.987851313305829
910,167,973,227,1.3592814371257484,13.925758361816406,3147.221389770508,1116554.7227411165,4.6664755309368795
911,174,1179,274,1.5747126436781609,13.669548988342285,3731.786873817444,864190.9137299801,4.56643801230785
912,328,1971,426,1.298780487804878,10.524802207946777,4473.04093837738,37227.46997537879,3.274091313795212
913,251,1378,342,1.3625498007968126,12.657822608947754,4316.317509651184,314211.8154442284,4.518962166963689
914,353,2226,495,1.4022662889518414,9.476261138916016,4681.273002624512,13046.316846308962,3.0339844321355662
915,342,2022,505,1.476608187134503,10.923998832702637,5505.695411682129,55492.26011947178,3.9283083417798847
916,333,2040,452,1.3573573573573574,11.63313102722168,5246.5420932769775,112772.86461939858,3.710372676365636
917,91,581,133,1.4615384615384615,12.84773063659668,1695.9004440307617,379925.56715051574,4.211131085102532
918,343,2182,663,1.9329446064139941,9.858416557312012,6526.271760940552,19118.59225973666,4.315041203025947
919,340,1861,483,1.4205882352941177,9.469802856445312,4564.444976806641,12962.331539246023,3.5384750846047717
920,300,1734,375,1.25,11.32968521118164,4237.302268981934,83256.81040652082,3.5254526933147567
921,327,1862,424,1.2966360856269112,11.101572036743164,4695.964971542358,66275.2654707397,3.6384776458820856
922,268,1661,394,1.4701492537313432,13.85972785949707,5446.873048782349,1045209.4558297037,4.730991412299846
923,281,1752,467,1.6619217081850535,9.259763717651367,4315.049892425537,10506.650511078517,3.553254041661403
924,165,1119,264,1.6,10.06953239440918,2648.2870197296143,23612.520840387875,3.414361528341847
925,198,1145,285,1.4393939393939394,13.392303466796875,3803.4141845703125,654942.9861590647,4.792285399586315
926,161,980,214,1.329192546583851,13.8032865524292,2940.1000356674194,987850.4041173159,4.328232388953929
927,136,883,243,1.786764705882353,10.516045570373535,2544.8830280303955,36902.9056331212,4.157972960568449
928,134,840,211,1.5746268656716418,16.894174575805664,3547.7766609191895,21729352.967875615,6.09328547010681
929,141,963,186,1.3191489361702127,10.787772178649902,1995.737853050232,48425.033431406664,2.9898661511006814
930,223,1383,345,1.547085201793722,16.37616729736328,5633.401550292969,12944315.566695284,5.876558553827812
931,213,1350,328,1.539906103286385,10.446676254272461,3416.0631351470947,34429.74859098837,3.6506202551409763
932,98,512,133,1.3571428571428572,18.961368560791016,2502.900650024414,171718756.66075516,7.052582725835909
933,176,1180,276,1.5681818181818181,9.63160514831543,2648.691415786743,15238.877144066877,3.2383508223734765
934,223,1743,615,2.757847533632287,12.084797859191895,7420.065885543823,177158.1046027166,6.141647880747819
935,227,1671,601,2.647577092511013,12.621658325195312,7572.9949951171875,303051.5873242599,6.5383137786550005
936,209,1770,603,2.8851674641148324,14.413979530334473,8677.215677261353,1819331.2206376593,7.072641822773402
937,250,1738,628,2.512,14.396406173706055,9026.546670913696,1787638.7514132955,7.492838963452228
938,228,1760,677,2.969298245614035,8.326610565185547,5628.78874206543,4132.387330949884,4.613991820675809
939,229,1482,532,2.3231441048034935,8.407248497009277,4464.248951911926,4479.418406523597,4.345850083817199
940,204,1406,498,2.4411764705882355,13.003826141357422,6462.901592254639,444109.37064315734,6.631576157111772
941,262,1774,655,2.5,10.675621032714844,6981.856155395508,43287.579822403946,5.677953354898074
942,191,1453,520,2.722513089005236,10.178773880004883,5282.783643722534,26338.153754705774,5.2453171127927245
943,271,1746,400,1.4760147601476015,11.281759262084961,4501.421945571899,79360.75552081208,3.719461121320349
944,252,1588,396,1.5714285714285714,10.823416709899902,4275.249600410461,50182.25262973063,3.8840562953870874
945,275,1601,387,1.4072727272727272,11.528997421264648,4450.193004608154,101620.18048916226,4.010163259679538
946,272,1712,439,1.6139705882352942,11.944494247436523,5231.688480377197,153967.10388426544,4.408721393759404
947,271,1733,391,1.4428044280442804,9.685317993164062,3777.2740173339844,16079.782124408233,3.1445207691208723
948,268,1446,419,1.5634328358208955,12.134933471679688,5072.402191162109,186266.45320199514,5.060808773571153
949,269,1509,388,1.4423791821561338,13.576639175415039,5254.15936088562,787516.1641807174,5.02329334260438
950,264,1509,373,1.4128787878787878,10.848094940185547,4035.4913177490234,51436.069170933304,3.858173168765397
951,289,1642,437,1.5121107266435987,12.16480827331543,5303.856407165527,191915.08226689848,4.660077549454848
952,328,2155,589,1.795731707317073,7.522533893585205,4423.249929428101,1849.2471579217179,2.961206838885558
953,221,1370,350,1.583710407239819,8.533650398254395,2978.2439889907837,5082.966863052495,3.136275790857203
954,249,1718,406,1.6305220883534137,7.522365093231201,3046.5578627586365,1848.9350306911547,2.558355017685195
955,346,2346,586,1.69364161849711,7.582365036010742,4435.683546066284,1963.2666754368106,2.72776583753734
956,223,1557,377,1.6905829596412556,7.980345249176025,3000.6098136901855,2922.940032536497,2.780324276078091
957,358,2289,582,1.6256983240223464,9.248044967651367,5373.114126205444,10384.244324972951,3.3865290974255267
958,301,2038,542,1.8006644518272426,9.568767547607422,5176.703243255615,14310.76811067861,3.664575121294744
959,394,2476,628,1.5939086294416243,6.657288074493408,4174.119622707367,778.4370088348235,2.4321412276887036
960,306,2073,555,1.8137254901960784,8.924328804016113,4944.078157424927,7512.53925421209,3.4408089915505964
961,276,1825,470,1.7028985507246377,9.404738426208496,4410.822321891785,12145.796553179245,3.4868336931702033
962,271,1748,424,1.5645756457564575,9.263870239257812,3918.6171112060547,10549.88500935716,3.234193062631357
963,174,1144,271,1.5574712643678161,11.22458267211914,3030.637321472168,74950.46233712633,3.8219278272910033
964,512,2928,898,1.75390625,7.437772750854492,6671.6821575164795,1698.9619924063018,3.2872960256271875
965,498,2966,1048,2.104417670682731,6.66607141494751,6979.376771450043,785.3044012785481,3.3948456698134195
966,441,2545,736,1.6689342403628118,9.560229301452637,7026.768536567688,14189.099407706415,3.9832943501692744
967,146,812,228,1.5616438356164384,14.083992958068848,3197.0664014816284,1307977.956552742,5.680285520702301
968,415,2593,772,1.8602409638554216,7.344460487365723,5662.579035758972,1547.599790361135,3.150549438307473
969,508,3179,967,1.9035433070866141,7.547750473022461,7291.126956939697,1896.4717649162205,3.308862127483089
970,443,2776,810,1.8284424379232507,8.223236083984375,6652.597991943359,3726.5422947577927,3.4573739668604326
971,189,1120,406,2.1481481481481484,14.760661125183105,5978.067755699158,2573200.789108243,7.700472058254813
972,246,1419,550,2.2357723577235773,12.335065841674805,6771.951147079468,227536.47670260104,6.885031949988637
973,176,1067,384,2.1818181818181817,13.328208923339844,5104.70401763916,614281.7163622776,6.9020910697788045
974,143,827,319,2.230769230769231,13.45504093170166,4278.703016281128,697348.7558693093,7.464163993984804
975,120,775,278,2.316666666666667,14.923776626586914,4133.886125564575,3029101.583996748,7.695402597357036
976,93,542,238,2.5591397849462365,17.3193359375,4104.6826171875,33242373.7381442,10.925839956161509
977,194,1298,457,2.3556701030927836,12.235437393188477,5579.359451293945,205960.02863429103,6.201320656177769
978,238,1522,565,2.3739495798319328,11.985895156860352,6760.044868469238,160475.2745216676,6.407807626759169
979,166,1129,404,2.433734939759036,13.62282657623291,5489.999110221863,824742.5666789302,7.015406989195663
980,199,1405,545,2.7386934673366836,9.402056694030762,5114.718841552734,12113.268415109987,5.251942710497846
981,125,861,302,2.416,12.291549682617188,3699.7564544677734,217847.30980255848,6.199326700763753
982,93,616,265,2.849462365591398,15.309713363647461,4041.7643280029297,4455783.011710732,9.465963234499577
983,274,1891,404,1.4744525547445255,9.564606666564941,3854.5364866256714,14251.346415975337,2.94073012912767
984,284,1802,397,1.397887323943662,11.15718936920166,4418.246990203857,70065.75023182435,3.537282476242893
985,285,1834,376,1.3192982456140352,12.010497093200684,4503.936409950256,164472.24198238994,3.5429698599315578
986,291,1816,429,1.4742268041237114,10.026190757751465,4291.209644317627,22610.97660305115,3.409089687925073
987,308,1902,471,1.5292207792207793,10.564825057983398,4965.467777252197,38747.63722111191,3.766380514161771
988,263,1579,386,1.467680608365019,10.90321159362793,4197.736463546753,54350.63595734119,3.8353727542227203
989,260,1574,386,1.4846153846153847,10.966073989868164,4221.938486099243,57876.92139390202,3.8697393372513575
990,314,1888,513,1.6337579617834395,9.520365715026855,4874.42724609375,13634.596679217811,3.724741533428761
991,223,1432,344,1.5426008968609866,9.40857219696045,3227.140263557434,12192.450125171836,3.251242496150428
992,450,1893,651,1.4466666666666668,11.805689811706543,7673.698377609253,134012.69479294526,5.848286632147149
993,412,1709,564,1.3689320388349515,11.589722633361816,6525.013842582703,107982.30319364136,5.508253430325281
994,467,1916,675,1.4453961456102784,9.8545560836792,6641.97080039978,19044.927719915053,5.001220425608592
995,421,1706,612,1.4536817102137767,8.341139793395996,5096.436413764954,4192.866019962999,4.309849671948788
996,278,1130,384,1.381294964028777,14.85669994354248,5690.11607837677,2832584.04621869,7.264692255182941
997,419,1695,579,1.3818615751789975,15.908382415771484,9195.045036315918,8108167.263420389,7.826339749052303
998,449,1837,651,1.4498886414253898,14.75777816772461,9592.555809020996,2565793.043938922,7.53355073224018
999,415,1650,508,1.2240963855421687,15.786576271057129,8003.794169425964,7178322.445639613,6.998202519107175
1000,505,2135,755,1.495049504950495,10.13598346710205,7642.531534194946,25234.905831424912,5.164328966848043
1001,229,1329,369,1.611353711790393,12.921954154968262,4755.27912902832,409197.88931446447,5.162090005637282
1002,266,1493,401,1.5075187969924813,12.758532524108887,5103.413009643555,347504.37161985895,4.931459236852629
1003,179,1116,294,1.6424581005586592,10.28011703491211,3012.074291229248,29147.284603821543,3.893821364467362
1004,252,1454,436,1.7301587301587302,9.565340995788574,4160.92333316803,14261.815439509222,4.128571842008729
1005,136,838,216,1.588235294117647,13.595907211303711,2923.120050430298,802837.1828636939,5.032423389831608
1006,93,557,205,2.204301075268817,19.468713760375977,3971.617607116699,285203568.9785002,10.286953368212842
1007,209,1844,701,3.354066985645933,9.954115867614746,6967.881107330322,21038.63666822753,5.451479131805507
1008,216,1879,716,3.314814814814815,9.566768646240234,6840.239582061768,14282.190867796888,5.2519317315236345
1009,223,1977,794,3.5605381165919283,8.28839111328125,6572.694152832031,3977.429809952494,4.796354708938117
1010,230,1891,734,3.1913043478260867,9.044171333312988,6629.37758731842,8469.030627274056,5.057731448654007
1011,217,1984,802,3.695852534562212,7.251852035522461,5808.733480453491,1410.7151248193152,4.223906747024163
1012,206,1633,638,3.0970873786407767,9.055645942687988,5768.4464654922485,8566.769128662952,5.096208885118883
1013,182,1551,608,3.340659340659341,10.448417663574219,6342.189521789551,34489.75710997378,5.8993200331810005
1014,233,1952,761,3.2660944206008584,8.88705062866211,6754.158477783203,7237.6411817034605,4.991901096965152
1015,180,1528,607,3.3722222222222222,8.677435874938965,5258.526140213013,5868.97848651935,4.964953916799932
1016,271,1518,421,1.5535055350553506,11.094308853149414,4659.609718322754,65795.63996246787,4.428455753031789
1017,309,1694,461,1.4919093851132685,9.413615226745605,4330.2630043029785,12254.092315366635,3.6878683365128997
1018,222,1246,317,1.427927927927928,10.594740867614746,3347.9381141662598,39924.31707001239,3.876447603941261
1019,255,1510,440,1.7254901960784315,6.075867652893066,2667.305899620056,435.2269646746216,2.548416552262073
1020,136,872,208,1.5294117647058822,13.43614387512207,2781.2817821502686,684294.6475505206,4.601538342228223
1021,114,691,246,2.1578947368421053,18.588939666748047,4554.2902183532715,118324293.95582113,9.508613477261042
1022,307,1967,482,1.5700325732899023,6.842555999755859,3291.2694358825684,936.8807439036057,2.4139797119355353
1023,195,1158,263,1.3487179487179488,9.749567985534668,2554.386812210083,17146.819534875856,3.1823844442898572
1024,231,1617,338,1.4632034632034632,7.7344255447387695,2606.5014085769653,2285.695297386677,2.325532873360597
1025,323,2182,472,1.4613003095975232,10.011088371276855,4715.222622871399,22272.062543042237,3.1176115007809435
1026,210,1361,274,1.3047619047619048,10.672626495361328,2913.6270332336426,43158.14743945629,3.088519670717266
1027,332,2053,473,1.4246987951807228,9.431262016296387,4451.5556716918945,12472.256995176787,3.1282207948324574
1028,285,1882,456,1.6,9.810599327087402,4463.822693824768,18225.907084659866,3.42185699457418
1029,342,2105,465,1.3596491228070176,7.851344585418701,3643.0238876342773,2569.186486133627,2.4968040363562967
1030,299,1887,459,1.5351170568561874,8.663482666015625,3967.8750610351562,5787.656077211827,3.033616149137474
1031,225,1455,323,1.4355555555555555,10.478256225585938,3373.998504638672,35534.389525490704,3.3454645433738768
1032,223,1408,309,1.3856502242152466,11.463529586791992,3530.7671127319336,95180.42565703746,3.6177700313012813
1033,143,890,190,1.3286713286713288,13.477575302124023,2547.2617321014404,713241.464622755,4.129125695223572
1034,397,2203,626,1.5768261964735517,9.326858520507812,5829.286575317383,11235.779015712544,3.8174683768184283
1035,377,2058,642,1.702917771883289,9.485363960266113,6080.118298530579,13165.617299411495,4.262272360208119
1036,377,2094,534,1.4164456233421752,10.588997840881348,5643.935849189758,39695.68779019366,3.888480544757166
1037,120,672,166,1.3833333333333333,13.895410537719727,2292.742738723755,1083178.7224559826,4.922215147605567
1038,354,2061,617,1.7429378531073447,8.542535781860352,5262.202041625977,5128.332219317497,3.683528767399115
1039,424,2434,741,1.7476415094339623,8.872249603271484,6565.464706420898,7131.305550237068,3.8915215172904456
1040,369,2223,582,1.5772357723577235,10.045863151550293,5836.64649105072,23060.192729995615,3.7878996617457688
1041,166,1018,200,1.2048192771084338,10.520023345947266,2093.484645843506,37049.989449014865,2.9668564997402886
1042,194,1069,239,1.231958762886598,11.040769577026367,2627.7031593322754,62365.62848436863,3.5462809325509217
1043,147,852,178,1.2108843537414966,10.754525184631348,1903.5509576797485,46841.516091053934,3.223290524323956
1044,120,748,182,1.5166666666666666,11.090087890625,2007.305908203125,65518.50433293571,3.8715645445344453
1045,115,713,156,1.3565217391304347,12.703763961791992,1969.0834140777588,328983.85703868925,3.9842733191959216
1046,130,827,156,1.2,12.32207202911377,1909.9211645126343,224599.03598007813,3.331842554451332
1047,205,1184,273,1.3317073170731708,13.836816787719727,3763.6141662597656,1021534.8281049506,4.585935383008796
1048,188,1200,245,1.303191489361702,9.487549781799316,2314.962146759033,13194.426463577749,2.7831536741457716
1049,76,422,112,1.4736842105263157,13.478569984436035,1496.1212682724,713951.2662468461,5.1148026879267725
1050,167,1023,206,1.2335329341317365,8.776702880859375,1799.2240905761719,6481.471720105842,2.537372114293449
1051,184,1124,403,2.1902173913043477,12.870649337768555,5174.001033782959,388733.5155196558,6.641019246435094
1052,170,1030,380,2.235294117647059,14.141215324401855,5359.520607948303,1385006.4081304418,7.506945439445844
1053,151,923,330,2.185430463576159,14.13509464263916,4650.446137428284,1376555.1148892252,7.268879285361885
1054,184,1054,381,2.0706521739130435,12.446258544921875,4729.5782470703125,254297.09934655932,6.473756245298535
1055,182,1074,388,2.131868131868132,11.320347785949707,4380.974593162537,82483.02437095858,5.88492580988467
1056,208,1186,459,2.206730769230769,11.061739921569824,5066.2768840789795,63687.26636950563,6.162809895810399
1057,159,981,363,2.2830188679245285,10.914566040039062,3951.0729064941406,54971.27417453118,5.810594585514618
1058,199,1235,463,2.3266331658291457,10.8312406539917,5004.033182144165,50576.415712976406,5.845582069897333
1059,250,1587,311,1.244,9.895197868347168,3067.511339187622,19834.891609930113,2.788584371087993
1060,269,1522,324,1.204460966542751,9.525768280029297,3076.823154449463,13708.457814197778,2.9165029609832964
1061,243,1561,288,1.1851851851851851,10.441054344177246,2996.5825967788696,34236.73071276267,2.7694778039635155
1062,285,1609,326,1.143859649122807,9.041291236877441,2938.4196519851685,8444.67409377093,2.6347069359662374
1063,292,1554,349,1.1952054794520548,8.5958251953125,2991.34716796875,5409.030741820124,2.777092487004994
1064,232,1326,323,1.3922413793103448,9.424126625061035,3034.5687732696533,12383.579313148795,3.3016269384861494
1065,231,1299,298,1.29004329004329,9.71065616607666,2884.064881324768,16492.420093695193,3.203099385596043
1066,299,1590,389,1.3010033444816054,8.897799491882324,3452.346202850342,7315.857210423852,3.1325048718767494
1067,212,1192,262,1.2358490566037736,9.070015907287598,2367.274151802063,8690.76205106598,2.865146542977738
1068,308,1711,428,1.3896103896103895,9.683026313781738,4134.652235984802,16042.974610860208,3.4862900506462524
1069,310,1579,420,1.3548387096774193,10.531485557556152,4412.692448616028,37477.10745034138,4.031772965539278
1070,339,1870,491,1.448377581120944,8.334209442138672,4083.762626647949,4163.908444656019,3.150601117450633
1071,326,1721,466,1.4294478527607362,9.006438255310059,4187.993788719177,8155.421952694947,3.5107483267047868
1072,201,1044,256,1.2736318407960199,10.669689178466797,2720.770740509033,43031.56428228026,3.759810780390972
1073,300,1590,349,1.1633333333333333,21.582565307617188,7510.732727050781,2361505810.0451326,6.814903684753839
1074,334,1775,425,1.2724550898203593,19.694059371948242,8350.281173706055,357290370.52124286,6.786991120751661
1075,321,1623,367,1.1433021806853583,21.080368041992188,7715.414703369141,1429181931.994388,6.858281288325602
1076,354,1934,445,1.2570621468926553,16.35847282409668,7263.161933898926,12717287.21788121,5.418059825858053
1077,268,2213,799,2.9813432835820897,9.755821228027344,7785.14533996582,17254.378701691134,5.0752781629319985
1078,182,1347,489,2.6868131868131866,11.266290664672852,5497.949844360352,78142.60179773912,5.8885411844951205
1079,206,1805,627,3.0436893203883497,11.982210159301758,7500.8635597229,159885.0117532125,5.995267955676989
1080,288,2494,848,2.9444444444444446,7.797396183013916,6604.394567012787,2434.2553630360894,3.820419923778412
1081,185,1653,551,2.9783783783783786,11.545987129211426,6350.292921066284,103361.42743161142,5.542369089785008
1082,274,2248,792,2.8905109489051095,10.739429473876953,8494.88871383667,46139.720491611086,5.451749920087095
1083,237,2021,701,2.957805907172996,10.928443908691406,7649.910736083984,55739.47647317431,5.460904642351116
1084,288,2281,805,2.795138888888889,9.386012077331543,7546.353710174561,11920.466518738396,4.772944793714542
1085,237,1906,704,2.970464135021097,8.934757232666016,6281.134334564209,7591.293159827119,4.754334394351093
1086,209,1670,574,2.7464114832535884,9.718825340270996,5568.886919975281,16627.70136211352,4.810901522586677
1087,208,1717,584,2.8076923076923075,11.17452621459961,6514.748783111572,71291.06012496717,5.47396375191175
1088,125,984,339,2.712,15.71605110168457,5312.025272369385,6689509.437478062,7.788244428378207
1089,396,2761,1040,2.6262626262626263,9.448101043701172,9816.576984405518,12684.055911739804,5.129419389317848
1090,334,2232,889,2.661676646706587,9.91648006439209,8805.834297180176,20261.545625256047,5.691816071430014
1091,335,2306,865,2.582089552238806,11.54501724243164,9974.894897460938,103261.22714892523,6.240560018194068
1092,109,766,273,2.5045871559633026,15.403546333312988,4189.764602661133,4894126.317376518,7.891060854766756
1093,319,2269,887,2.780564263322884,8.397371292114258,7440.070964813232,4435.3920596667795,4.730609733273696
1094,402,2989,1148,2.855721393034826,8.85979175567627,10162.181143760681,7043.015923754043,4.90496097046466
1095,319,2430,892,2.7962382445141065,11.663543701171875,10392.21743774414,116255.27527990333,6.169876774186536
1096,282,2156,884,3.1347517730496453,8.492136001586914,7498.556089401245,4876.270679079288,5.017685382192447
1097,211,1595,641,3.037914691943128,8.5836181640625,5493.515625,5343.403903881345,4.968945297325099
1098,244,1784,754,3.0901639344262297,8.606675148010254,6480.826386451721,5468.038003642016,5.240950722307309
1099,329,2447,1037,3.1519756838905777,7.583196640014648,7856.191719055176,1964.9000149165352,4.6318303364748035
1100,217,1619,670,3.087557603686636,7.1698760986328125,4796.647109985352,1299.6835602575102,4.274304508011269
1101,303,2293,910,3.0033003300330035,8.143107414245605,7402.084639549255,3439.58950823461,4.657196162982155
1102,263,2038,815,3.098859315589354,9.052118301391602,7368.424297332764,8536.601881006452,5.216088907226557
1103,365,2633,1077,2.9506849315068493,7.585082530975342,8161.548803329468,1968.609098457588,4.471943024890496
1104,289,2240,951,3.290657439446367,8.37503433227539,7956.282615661621,4337.417189328459,5.124325657824149
1105,254,1998,822,3.236220472440945,7.803094863891602,6406.340883255005,2448.1670088916044,4.625823935193302
1106,271,2018,849,3.132841328413284,8.948408126831055,7588.250091552734,7695.631635816543,5.424940919776191
1107,150,1120,461,3.0733333333333333,12.33069133758545,5672.118015289307,226543.29138522682,7.3063719035668155
1108,513,3586,1519,2.9610136452241713,8.855475425720215,13442.611696243286,7012.681457021128,5.408139774335239
1109,512,3385,1468,2.8671875,10.214853286743164,14985.189771652222,27305.769251580114,6.386723477206108
1110,460,3185,1340,2.9130434782608696,8.42513656616211,11281.257862091064,4560.2675141073705,5.110020336775011
1111,151,1081,439,2.9072847682119205,10.271148681640625,4498.763122558594,28887.050140140484,6.004017804856088
1112,483,3293,1414,2.927536231884058,7.052984714508057,9965.867401599884,1156.3048372444805,4.366142568613767
1113,587,4184,1763,3.0034071550255534,9.638165473937988,16982.447565078735,15339.177782952827,5.855758337546831
1114,509,3573,1456,2.8605108055009825,9.607010841369629,13978.20077419281,14868.658814969487,5.6440752693753815
1115,426,1795,573,1.3450704225352113,10.510510444641113,6012.011974334717,36699.20767751609,4.832033348823265
1116,385,1602,524,1.361038961038961,9.276617050170898,4851.67071723938,10685.223130962344,4.36921428451152
1117,407,1719,539,1.3243243243243243,11.34185791015625,6101.9195556640625,84276.46387401363,5.121122212251269
1118,459,1900,625,1.3616557734204793,11.24067211151123,7014.179397583008,76166.12671264145,5.325958859367654
1119,427,1728,561,1.3138173302107727,10.585220336914062,5927.723388671875,39546.02003532507,4.949014546642613
1120,410,1712,631,1.5390243902439025,11.721580505371094,7384.595718383789,123201.9928117881,6.222967068856405
1121,440,1760,590,1.3409090909090908,10.830809593200684,6379.346850395203,50554.61890142536,5.229234127940789
1122,383,1597,564,1.4725848563968669,11.327228546142578,6377.2296714782715,83052.52734140414,5.761050483188263
1123,375,1595,568,1.5146666666666666,9.709432601928711,5505.248285293579,16472.25290019913,4.9795576175896645
1124,286,1830,371,1.2972027972027973,9.762347221374512,3612.0684719085693,17367.348882696286,2.8476028807507485
1125,257,1653,383,1.490272373540856,10.72628116607666,4097.439405441284,45537.03209365519,3.576137634950492
1126,289,1674,350,1.2110726643598615,9.5894193649292,3346.7073583602905,14609.384350266648,2.8842760509038197
1127,277,1787,379,1.3682310469314078,10.048052787780762,3798.163953781128,23110.741484975097,3.066363906325267
1128,275,1721,361,1.3127272727272727,10.12411117553711,3644.6800231933594,24937.08110102156,3.0552944770994372
1129,278,1543,419,1.5071942446043165,14.374635696411133,6008.5977210998535,1749141.574005372,5.618000087444903
1130,279,1530,340,1.2186379928315412,15.484482765197754,5249.239657402039,5306710.794359076,4.949707204033727
1131,259,1531,328,1.2664092664092663,23.82101821899414,7789.472957611084,22148114795.308567,7.340192035979228
1132,316,1789,413,1.3069620253164558,16.905582427978516,6965.099960327148,21978657.525430974,5.616833522671825
1133,286,1937,704,2.4615384615384617,10.3643798828125,7286.1590576171875,31709.762660420405,5.42679687121968
1134,267,1689,612,2.292134831460674,10.426508903503418,6370.596940040588,33742.3466109921,5.441579995795715
1135,281,1850,719,2.5587188612099645,11.660136222839355,8371.977807998657,115859.81209709983,6.528762630287631
1136,254,1625,637,2.5078740157480315,12.30323600769043,7824.858100891113,220408.0781231056,6.947005524809502
1137,168,1097,405,2.4107142857142856,13.80134105682373,5575.741786956787,985930.4137692269,7.33281223821324
1138,236,1688,622,2.635593220338983,13.9235200881958,8646.505974769592,1114058.362570005,7.389971143848864
1139,265,1830,689,2.6,11.276254653930664,7758.063201904297,78925.10579938634,6.116130769557641
1140,262,1660,586,2.236641221374046,12.805025100708008,7490.939683914185,364042.2097355918,6.510326225048996
1141,279,2050,767,2.74910394265233,12.777519226074219,9787.579727172852,354165.36863461894,6.8880452364378675
1142,247,1915,776,3.1417004048582995,10.024179458618164,7768.739080429077,22565.54486912539,5.8527004414074755
1143,203,1460,585,2.8817733990147785,12.256993293762207,7158.084083557129,210447.87858282897,7.073241376448007
1144,269,2316,1015,3.7732342007434942,8.687700271606445,8809.328075408936,5929.530241722479,5.487553509480305
1145,275,2278,941,3.421818181818182,8.287968635559082,7790.690517425537,3975.749789376924,4.933973035377742
1146,242,2015,798,3.2975206611570247,9.404704093933105,7495.549162864685,12145.379567505217,5.36664595831479
1147,80,643,264,3.3,13.287850379943848,3494.704649925232,589983.8130186014,7.8410467617709685
1148,355,2744,1268,3.571830985915493,8.958639144897461,11350.595796585083,7774.769924438185,5.967728960229014
1149,265,2090,915,3.452830188679245,9.007436752319336,8232.797191619873,8163.569183940227,5.6829740100452515
1150,232,1885,734,3.163793103448276,12.987338066101074,9519.718802452087,436846.89853975567,7.28596875700533
1151,254,2012,807,3.177165354330709,9.912826538085938,7989.738189697266,20187.654598908142,5.729003809283007
1152,236,1935,843,3.5720338983050848,9.537308692932129,8030.4139194488525,13867.575453310757,5.987306634560498
1153,245,1951,858,3.5020408163265304,8.403401374816895,7201.714978218079,4462.218642573227,5.325411832378776
1154,246,1417,363,1.475609756097561,12.417418479919434,4495.105489730835,247067.90081572978,4.576617077140036
1155,275,1534,372,1.3527272727272728,10.808725357055664,4010.0371074676514,49450.39659082798,3.7713563551005893
1156,193,1212,281,1.455958549222798,10.291882514953613,2881.7271041870117,29492.241712823892,3.4302420811929992
1157,259,1481,408,1.5752895752895753,9.340237617492676,3801.476710319519,11387.113696142349,3.7031543538371783
1158,133,827,186,1.3984962406015038,12.917546272277832,2389.746060371399,407398.1624276621,4.168893337704661
1159,96,553,203,2.1145833333333335,18.57738494873047,3752.6317596435547,116964958.59679091,9.790060090271574
1160,162,1049,221,1.3641975308641976,11.696423530578613,2573.213176727295,120141.26414069047,3.5389531832360386
1161,175,1014,241,1.3771428571428572,13.428282737731934,3222.787857055664,678936.4018573848,4.585305778314967
1162,161,1007,201,1.2484472049689441,12.683886528015137,2536.7773056030273,322509.0665045299,3.634355549784661
1163,128,872,234,1.828125,10.978438377380371,2557.9761419296265,58596.97642438083,4.232086576461187
1164,131,793,187,1.4274809160305344,14.75108528137207,2743.701862335205,2548677.8216996393,4.991582686593713
1165,140,950,179,1.2785714285714285,12.429180145263672,2212.3940658569336,249990.9872672847,3.3597999445304936
1166,201,1252,320,1.592039800995025,13.583032608032227,4332.98740196228,792567.2253152793,4.992954821921194
1167,207,1284,277,1.3381642512077294,12.426680564880371,3429.7638359069824,249366.8950088316,3.8536629886941682
1168,79,398,111,1.4050632911392404,18.345470428466797,2018.0017471313477,92754838.80235592,7.314977671084571
1169,177,1132,232,1.310734463276836,11.502836227416992,2657.155168533325,98996.14880663573,3.386452813176242
1170,252,1899,761,3.0198412698412698,7.895065784454346,6000.249996185303,2684.006136604699,4.558468095624306
1171,236,1756,720,3.0508474576271185,8.799406051635742,6326.772951126099,6630.30477786721,5.197952142038756
1172,213,1756,721,3.384976525821596,8.482211112976074,6107.192001342773,4828.1136078394065,5.017548755178795
1173,263,1835,751,2.8555133079847907,7.805567741394043,5854.175806045532,2454.2285176054706,4.602610574318278
1174,252,1813,812,3.2222222222222223,7.928642272949219,6430.128883361816,2775.6556622290896,5.116776090624921
1175,205,1513,621,3.029268292682927,9.864391326904297,6115.922622680664,19233.163370583523,5.831732477331141
1176,222,1578,626,2.81981981981982,10.126304626464844,6328.940391540527,24991.83939756121,5.786268008211263
1177,294,2014,835,2.8401360544217686,9.144283294677734,7626.3322677612305,9360.77433995734,5.4629949070857045
1178,204,1454,618,3.0294117647058822,10.3182373046875,6366.3524169921875,30279.83640172351,6.316853549206392
1179,132,1058,345,2.6136363636363638,14.336402893066406,4931.722595214844,1683529.2518799982,6.724926021887056
1180,143,961,349,2.4405594405594404,12.937870025634766,4502.378768920898,415762.73402697674,6.7591670365514425
1181,117,925,316,2.700854700854701,11.981977462768555,3774.3229007720947,159847.8113936316,5.886699385575728
1182,110,765,285,2.590909090909091,13.917048454284668,3952.4417610168457,1106871.8639679311,7.453814546433261
1183,94,690,245,2.606382978723404,14.717496871948242,3591.069236755371,2464493.510538092,7.508431564283897
1184,107,889,290,2.710280373831776,13.734956741333008,3969.4024982452393,922605.2507411108,6.441661754230224
1185,178,1314,480,2.696629213483146,12.013258934020996,5754.351029396057,164927.11598976675,6.317940406121761
1186,174,1190,410,2.3563218390804597,14.069626808166504,5754.4773645401,1289321.6794621015,6.976433577083861
1187,68,439,162,2.3823529411764706,14.691357612609863,2365.308575630188,2400908.1332704825,7.773163900304807
1188,146,1074,362,2.4794520547945207,11.029962539672852,3981.8164768218994,61695.2696287289,5.348740116239217
1189,220,1873,641,2.9136363636363636,12.571144104003906,8045.5322265625,288123.38975191506,6.197143323317704
1190,207,1647,551,2.6618357487922704,12.782721519470215,7030.496835708618,356012.6416548818,6.158386715156268
1191,212,1574,574,2.707547169811321,11.267971992492676,6456.547951698303,78274.09563920574,5.917935013454217
1192,230,1790,635,2.760869565217391,12.137577056884766,7695.223854064941,186759.51588133536,6.202157146810026
1193,238,1751,636,2.672268907563025,12.486932754516602,7929.202299118042,264853.6675474027,6.533078717957149
1194,241,1627,636,2.6390041493775933,9.672121047973633,6141.796865463257,15868.972204055179,5.446060159773339
1195,227,1549,588,2.590308370044053,11.972171783447266,7027.664836883545,158288.0547493375,6.545369405553026
1196,210,1473,528,2.5142857142857142,11.530738830566406,6076.699363708496,101797.29698811287,5.95167959062822
1197,232,1660,627,2.7025862068965516,12.31782054901123,7710.95566368103,223646.18459714553,6.701540660546559
1198,269,1778,406,1.5092936802973977,7.992001056671143,3236.7604279518127,2957.2085847291587,2.6263544532911807
1199,193,1103,247,1.2797927461139897,10.940102577209473,2691.2652339935303,56393.127499146314,3.5201042672704825
1200,203,1451,303,1.4926108374384237,10.44548225402832,3154.5356407165527,34388.66399515473,3.1364803068016953
1201,293,2013,402,1.372013651877133,7.595150470733643,3045.6553387641907,1988.5290444139189,2.1827878060070014
1202,188,1254,234,1.2446808510638299,9.232379913330078,2151.144519805908,10222.842061728465,2.4748369465386397
1203,297,1974,404,1.3602693602693603,9.682998657226562,3902.2484588623047,16042.53092358316,2.851952634203266
1204,277,1849,424,1.5306859205776173,8.222500801086426,3478.117838859558,3723.8032390537846,2.713825504461938
1205,345,2031,415,1.2028985507246377,8.178338050842285,3385.831953048706,3562.9283318182647,2.405082702090971
1206,268,1681,394,1.4701492537313432,8.233508110046387,3235.76868724823,3765.0187113901547,2.777053800450216
1207,220,1420,289,1.3136363636363637,11.366093635559082,3273.4349670410156,86343.91702810979,3.325752389875071
1208,227,1364,275,1.2114537444933922,10.278728485107422,2816.3716049194336,29106.8402334873,2.9788602255995293
1209,131,798,155,1.183206106870229,11.834125518798828,1822.4553298950195,137878.13837997516,3.294796073535344
1210,435,2296,569,1.3080459770114943,9.761331558227539,5544.436325073242,17349.718461275752,3.483854874001653
1211,420,2092,585,1.3928571428571428,7.438830375671387,4344.27693939209,1700.7598073116794,2.9959210309317648
1212,410,2151,527,1.2853658536585366,9.158099174499512,4817.160165786743,9490.999187276399,3.230912637075031
1213,132,693,165,1.25,11.698022842407227,1918.4757461547852,120333.56121604075,3.9939039611013887
1214,372,2021,531,1.4274193548387097,8.004881858825684,4242.587385177612,2995.5461828832613,3.0285798026391966
1215,456,2501,650,1.4254385964912282,8.43923282623291,5477.062104225159,4625.005440327728,3.1594283632173163
1216,377,2201,526,1.3952254641909814,8.343810081481934,4380.500292778015,4204.077141943081,2.8712976142678306
1217,217,2181,914,4.211981566820277,7.787194728851318,7109.708787441254,2409.5486549727957,4.702953512061524
1218,239,2067,884,3.698744769874477,8.023144721984863,7084.436789512634,3050.7560434591046,4.944693673788683
1219,247,2111,854,3.45748987854251,8.532647132873535,7278.3480043411255,5077.86985561982,4.9741528051762325
1220,265,2441,1012,3.818867924528302,8.66122817993164,8756.501689910889,5774.622584561222,5.175322230057463
1221,259,2262,900,3.474903474903475,9.975666999816895,8968.124632835388,21496.964106935317,5.719835956616167
1222,294,2469,1045,3.554421768707483,8.488487243652344,8861.980682373047,4858.510768259425,5.178264715639282
1223,250,2053,815,3.26,9.02135181427002,7343.380376815796,8277.95978525367,5.160379178272517
1224,240,2132,902,3.7583333333333333,7.586477279663086,6835.41602897644,1971.3567290960373,4.625431898413341
1225,294,2670,1137,3.86734693877551,7.304335117340088,8297.72469329834,1486.731131408828,4.48355290849566
1226,309,1847,453,1.4660194174757282,11.932760238647461,5393.607627868652,152171.0108280837,4.21295667418895
1227,244,1303,365,1.4959016393442623,12.525479316711426,4559.274471282959,275262.183419949,5.048075725074118
1228,328,2147,531,1.6189024390243902,11.547343254089355,6120.091924667358,103501.69352244075,4.112448192595338
1229,321,1916,542,1.6884735202492211,10.574073791503906,5720.573921203613,39107.66613167143,4.307434043402497
1230,319,1999,489,1.5329153605015673,10.170330047607422,4963.121063232422,26116.695094448278,3.5819260356463105
1231,87,563,149,1.7126436781609196,12.93496322631836,1914.3745574951172,414555.94998515875,4.9056104449417575
1232,324,2021,629,1.941358024691358,9.95496940612793,6251.72078704834,21056.60162068748,4.46280384784616
1233,308,1753,482,1.5649350649350648,9.976638793945312,4798.763259887695,21517.864884414805,3.9493165758357867
1234,282,1631,407,1.4432624113475176,13.206917762756348,5362.008611679077,544116.0132522524,4.74294496215409
1235,310,1785,458,1.4774193548387098,11.581732749938965,5292.851866722107,107122.97471806045,4.277854980548951
1236,257,1577,423,1.6459143968871595,14.480440139770508,6110.745738983154,1944353.5986475036,5.590325030922233
1237,273,1696,481,1.7619047619047619,9.411303520202637,4517.425689697266,12225.797167622886,3.842728561385997
1238,319,1887,380,1.1912225705329154,10.288667678833008,3899.40505027771,29397.581229386233,2.981267794622698
1239,250,1315,313,1.252,9.90238094329834,3089.542854309082,19977.880056568418,3.389557531958666
1240,320,2052,414,1.29375,8.944635391235352,3694.1344165802,7666.652751619299,2.597226804667397
1241,364,2077,463,1.271978021978022,8.945096969604492,4132.634799957275,7670.192329526614,2.8705497023127178
1242,333,1973,401,1.2042042042042043,9.84251594543457,3937.006378173828,18816.999057078756,2.8788137748300056
1243,91,531,112,1.2307692307692308,10.878719329833984,1207.5378456115723,53035.635251434716,3.2808076488692244
1244,336,2331,675,2.0089285714285716,7.760214805603027,5230.38477897644,2345.408358026191,3.237172965495679
1245,322,1853,468,1.453416149068323,8.847349166870117,4131.712060928345,6955.925511349019,3.2168378309133523
1246,319,1777,374,1.1724137931034482,7.170917510986328,2674.7522315979004,1301.0377717967451,2.1715541812791104
1247,344,1909,433,1.2587209302325582,10.095281600952148,4361.161651611328,24228.41994396096,3.2958754778914536
1248,264,1641,370,1.4015151515151516,12.600250244140625,4649.492340087891,296632.78662786004,4.087629214927496
1249,283,1782,454,1.6042402826855124,7.651196002960205,3465.991789340973,2103.1594707685726,2.806043303167276
1250,176,1079,387,2.1988636363636362,11.494307518005371,4436.802701950073,98155.42964139787,5.9323014416182795
1251,184,1109,409,2.222826086956522,9.680156707763672,3949.503936767578,15997.003585281254,5.137898776867469
1252,138,887,319,2.3115942028985508,12.134875297546387,3858.890344619751,186255.61762769523,6.276439643198667
1253,139,807,330,2.3741007194244603,9.68116283416748,3185.102572441101,16013.106692492482,5.6940913085296865
1254,134,792,295,2.201492537313433,14.206937789916992,4176.839710235596,1479090.2930794659,7.608467091597208
1255,134,795,280,2.08955223880597,13.064638137817383,3645.03404045105,471954.63035450707,6.614682432742379
1256,237,1363,506,2.1350210970464136,9.136933326721191,4614.151329994202,9292.225174192938,4.883942216943397
1257,196,1208,439,2.239795918367347,11.99835205078125,5255.2781982421875,162486.80066586265,6.276294532364148
1258,68,402,153,2.25,15.190648078918457,2308.9785079956055,3955620.6662463252,8.286447370657855
1259,198,1115,399,2.015151515151515,11.955880165100098,4758.440305709839,155730.17871751892,6.156931149249998
1260,216,1089,366,1.6944444444444444,11.627829551696777,4244.157786369324,112176.58401782346,5.622612847700005
1261,240,1046,356,1.4833333333333334,12.876903533935547,4571.300754547119,391172.34970654006,6.304964559270655
1262,225,883,290,1.288888888888889,13.540483474731445,3913.1997241973877,759551.5518348761,6.39360570340615
1263,176,762,287,1.6306818181818181,11.231644630432129,3212.250364303589,75481.63272173761,6.0817554733261865
1264,187,783,256,1.3689839572192513,12.9883451461792,3312.028012275696,437287.0599501582,6.102485809189625
1265,188,792,275,1.4627659574468086,13.08946704864502,3586.5139713287354,483819.4353557601,6.533138788528976
1266,346,1401,503,1.453757225433526,9.923453330993652,4981.5735721588135,20403.32855521287,5.129829756157773
1267,301,1281,410,1.3621262458471761,10.66110610961914,4360.3923988342285,42663.8019259582,4.910785706579292
1268,116,485,164,1.4137931034482758,15.472123146057129,2521.956072807312,5241525.53236455,7.501883545523535
1269,269,1117,380,1.412639405204461,12.701642036437988,4813.922331809998,328286.5179637639,6.217566584894287
1270,257,1731,365,1.4202334630350195,9.33838939666748,3399.173740386963,11366.087232229907,2.8330277864680884
1271,259,1562,355,1.3706563706563706,12.37237548828125,4379.8209228515625,236186.13677441928,4.045291885646397
1272,258,1630,339,1.313953488372093,13.483912467956543,4557.5624141693115,717775.7461350415,4.0338482781987715
1273,281,1572,377,1.3416370106761566,12.72900104522705,4786.104393005371,337392.10362769285,4.392423074405682
1274,264,1598,375,1.4204545454545454,16.901660919189453,6321.2211837768555,21892636.802520856,5.706880134040759
1275,266,1451,303,1.1390977443609023,18.46578025817871,5576.665637969971,104613195.97415528,5.54474697491052
1276,266,1446,332,1.2481203007518797,21.565425872802734,7138.155963897705,2321375820.2005315,7.121841085897094
1277,261,1448,350,1.3409961685823755,12.960917472839355,4523.360198020935,425456.28035275865,4.506788208452571
1278,221,1332,292,1.3212669683257918,13.917305946350098,4049.9360303878784,1107156.9113874997,4.386503473692287
1279,154,1006,231,1.5,13.138082504272461,3021.758975982666,507921.66111857176,4.333475834405472
1280,170,970,244,1.4352941176470588,10.980452537536621,2668.249966621399,58715.11905872447,3.9685267986565305
1281,158,988,207,1.3101265822784811,12.106109619140625,2493.8585815429688,180974.1747521323,3.64157632416035
1282,130,865,246,1.8923076923076922,9.75690746307373,2390.442328453064,17273.131195504684,3.986912477214222
1283,123,748,183,1.4878048780487805,15.497856140136719,2820.609817504883,5378156.095089267,5.440213631012057
1284,161,1101,214,1.329192546583851,14.605325698852539,3110.934373855591,2202989.1459956723,4.07641198337191
1285,194,1132,263,1.3556701030927836,23.541501998901367,6167.873523712158,16747285106.748041,7.860742531351473
1286,196,1154,239,1.219387755102041,21.367168426513672,5085.386085510254,1903896526.5009103,6.357592102748164
1287,87,436,104,1.1954022988505748,22.81645393371582,2350.0947551727295,8110731787.300921,7.7763074516212365
1288,177,1095,227,1.2824858757062148,12.61185073852539,2850.2782669067383,300093.9101615798,3.7553263203835074
1289,230,1355,350,1.5217391304347827,13.11086654663086,4575.69242477417,494284.5026210336,4.871829350446414
1290,269,1498,381,1.41635687732342,12.631643295288086,4800.024452209473,306092.70583244663,4.622811397428818
1291,190,1126,280,1.4736842105263157,12.626112937927246,3522.6855096817017,304404.57606668264,4.5134644009140334
1292,229,1405,399,1.74235807860262,11.070197105407715,4405.9384479522705,64228.16530626595,4.524146298450361
1293,129,806,184,1.426356589147287,13.073880195617676,2392.5200757980347,476336.6807174727,4.28247747962917
1294,92,571,204,2.217391304347826,17.51470184326172,3555.484474182129,40414607.25345015,8.98332717838925
1295,286,1866,473,1.6538461538461537,7.950799465179443,3752.7773475646973,2837.842800323819,2.901454056212233
1296,173,1054,258,1.4913294797687862,14.120566368103027,3628.985556602478,1356700.7185487058,4.967286020842571
1297,217,1541,364,1.6774193548387097,9.397053718566895,3411.1304998397827,12052.817374069054,3.1935243711511654
1298,300,2026,471,1.57,8.805503845214844,4138.586807250977,6670.858526303202,2.9470477113077354
1299,167,1204,249,1.4910179640718564,9.72378158569336,2411.497833251953,16710.31689318129,2.8895813664012238
1300,297,1867,447,1.505050505050505,11.107704162597656,4954.036056518555,66682.92236390841,3.8281538570564733
1301,261,1786,440,1.685823754789272,10.950260162353516,4807.164211273193,56968.86459232531,3.883131001311725
1302,306,1944,438,1.4313725490196079,7.839479446411133,3425.852518081665,2538.882865191733,2.542417921117997
1303,299,1892,480,1.605351170568562,7.149121284484863,3424.4290952682495,1272.9868702533631,2.6112087069869894
1304,199,1233,313,1.5728643216080402,12.319320678710938,3843.6280517578125,223981.93465223652,4.497309918323361
1305,172,1079,246,1.430232558139535,13.066609382629395,3201.3192987442017,472885.88603600714,4.280377642817788
1306,88,603,135,1.5340909090909092,15.91397476196289,2132.4726181030273,8153637.967188339,5.102002771092441
1307,308,1700,479,1.5551948051948052,18.32499122619629,8759.345806121826,90874612.18070841,7.433567503484411
1308,303,1687,500,1.6501650165016502,15.858184814453125,7913.234222412109,7711203.385227025,6.7672695732464625
1309,303,1659,388,1.2805280528052805,20.560726165771484,7957.001026153564,849982369.757262,6.919545461591405
1310,97,466,108,1.1134020618556701,23.677221298217773,2533.4626789093018,19181676248.27635,7.8433777749779345
1311,300,1831,517,1.7233333333333334,11.19095230102539,5774.531387329102,72471.76386314712,4.549911412319695
1312,296,1832,526,1.777027027027027,16.995849609375,8922.821044921875,24054908.02009353,7.0266974193496
1313,302,1774,453,1.5,22.618396759033203,10223.515335083008,6653419427.169291,8.314213570674479
1314,294,1760,492,1.6734693877551021,10.318134307861328,5066.203945159912,30276.71783528111,4.152833697621766
1315,304,1740,471,1.549342105263158,11.9375,5610.625,152893.97709449488,4.651966013671057
1316,309,1756,469,1.5177993527508091,11.228275299072266,5254.83283996582,75227.73805733465,4.3172672431202495
1317,311,1683,466,1.4983922829581993,10.958596229553223,5095.7472467422485,57445.745771097325,4.36815762477637
1318,197,1046,295,1.49746192893401,13.871613502502441,4078.254369735718,1057706.5632459095,5.624930549427787
1319,288,1601,418,1.4513888888888888,20.174745559692383,8412.868898391724,577804168.0885674,7.581014515527006
1320,309,1744,477,1.5436893203883495,19.89974021911621,9472.276344299316,438881594.87642294,7.835783318721595
1321,314,1637,399,1.2707006369426752,18.987525939941406,7557.03532409668,176269730.57949066,6.660047272997557
1322,330,1899,495,1.5,18.473711013793945,9126.013240814209,105446156.30207433,6.933151156192563
1323,307,1876,434,1.4136807817589576,11.062408447265625,4790.022857666016,63729.85717850782,3.683657901119159
1324,228,1255,317,1.3903508771929824,13.707992553710938,4331.725646972656,898060.353399133,4.979569011457361
1325,307,2097,484,1.5765472312703583,12.440300941467285,6008.665354728699,252786.60200875477,4.133844401348792
1326,300,1889,478,1.5933333333333333,12.346860885620117,5889.452642440796,230236.16964385385,4.497979947485303
1327,295,2024,435,1.4745762711864407,12.453361511230469,5404.758895874023,256109.79320611464,3.8524796720740926
1328,80,537,117,1.4625,15.74985408782959,1826.9830741882324,6919500.118887168,4.908341565957982
1329,300,1812,508,1.6933333333333334,11.066166877746582,5610.546607017517,63969.83209831479,4.467057266346894
1330,307,1666,390,1.270358306188925,22.058006286621094,8580.564445495605,3799009784.220068,7.430454846065227
1331,300,1685,354,1.18,19.751644134521484,6972.330379486084,378468776.4307015,5.969701164346611
1332,300,1718,359,1.1966666666666668,22.862646102905273,8184.827304840088,8494171869.910556,6.873230362762151
1333,298,1758,413,1.3859060402684564,14.42403507232666,5942.702449798584,1837717.8710636012,4.876852874745797
1334,304,1751,416,1.368421052631579,21.987014770507812,9124.611129760742,3538662863.308378,7.518007553938358
1335,163,961,228,1.3987730061349692,13.473785400390625,3058.549285888672,710543.4653650406,4.591627353866875
1336,165,1025,255,1.5454545454545454,13.11974811553955,3332.416021347046,498694.0774766295,4.690400066513477
1337,151,899,228,1.509933774834437,13.763348579406738,3124.2801275253296,949175.1083755348,5.013774690020836
1338,172,999,244,1.4186046511627908,10.745732307434082,2611.212950706482,46431.44986532286,3.7709549296188976
1339,159,919,208,1.3081761006289307,15.364578247070312,3180.4676971435547,4707079.674590177,4.992867219125732
1340,210,1158,270,1.2857142857142858,16.59393310546875,4463.768005371094,16093614.00260087,5.5611882254125184
1341,166,980,201,1.2108433734939759,24.29387664794922,4858.775329589844,35538293704.30121,7.152786808972353
1342,159,1038,232,1.4591194968553458,17.662866592407227,4080.1221828460693,46868979.30007997,5.670878650686972
1343,279,1771,383,1.3727598566308243,11.162955284118652,4264.248918533325,70470.91032307543,3.4737497277719673
1344,261,1637,427,1.6360153256704981,9.575053215026855,4078.9726696014404,14401.004139272432,3.594815908586203
1345,267,1597,349,1.307116104868914,10.701220512390137,3724.0247383117676,44410.02505186521,3.3642028942455897
1346,268,1701,397,1.4813432835820894,13.756659507751465,5447.63716506958,942847.1955877328,4.6203874912453236
1347,282,1837,383,1.3581560283687943,11.977367401123047,4575.354347229004,159112.59911826486,3.5932721976358435
1348,281,1484,390,1.387900355871886,12.834650039672852,4992.678865432739,374988.27570339653,4.8537149864629034
1349,278,1586,331,1.1906474820143884,17.695514678955078,5839.519844055176,48424414.62750136,5.31188292571948
1350,263,1491,329,1.2509505703422052,21.436819076538086,7031.276657104492,2041231372.227697,6.803479520001999
1351,323,1809,431,1.3343653250773995,18.69839859008789,8040.311393737793,132011366.94831073,6.41222629903181
1352,255,1730,369,1.4470588235294117,12.887801170349121,4742.710830688477,395458.5158707878,3.955078263470891
1353,259,1562,354,1.3667953667953667,12.645400047302246,4463.826216697693,310332.644304459,4.122880887464728
1354,258,1631,344,1.3333333333333333,12.229650497436523,4194.7701206207275,204771.60138832423,3.710468455357893
1355,281,1568,373,1.3274021352313168,12.377092361450195,4604.278358459473,237302.82840180644,4.236332624121083
1356,256,1573,339,1.32421875,21.605165481567383,7302.545932769775,2415483911.8782644,6.697613987966196
1357,256,1440,306,1.1953125,20.02901840209961,6108.850612640381,499450175.3854826,6.120283669713738
1358,264,1438,324,1.2272727272727273,17.5921573638916,5682.266828536987,43669364.10086175,5.700819314699701
1359,261,1446,345,1.3218390804597702,15.116902351379395,5200.214408874512,3674407.1260856297,5.188328865312995
1360,221,1325,276,1.248868778280543,19.82811164855957,5452.730703353882,408544600.951244,5.937077392476706
1361,270,1740,495,1.8333333333333333,12.383583068847656,6117.490036010742,238848.1011571055,5.072225596345025
1362,247,1686,475,1.9230769230769231,14.018516540527344,6644.776840209961,1225079.7973427288,5.685875797855721
1363,326,1804,498,1.5276073619631902,12.011687278747559,5969.808577537537,164668.1110047779,4.774175848043127
1364,305,1699,488,1.6,11.124028205871582,5417.40173625946,67780.39046208505,4.600152218601991
1365,187,1044,304,1.625668449197861,14.520538330078125,4399.723114013672,2023902.892203392,6.079941300643747
1366,287,1581,380,1.32404181184669,20.711156845092773,7849.528444290161,987964026.9629682,7.162856268117822
1367,307,1719,431,1.4039087947882736,22.10712242126465,9506.062641143799,3990260768.6526647,7.978097400091915
1368,306,1610,385,1.2581699346405228,19.20180320739746,7373.492431640625,218392226.31318703,6.607267680223748
1369,326,1873,451,1.383435582822086,20.17661476135254,9079.476642608643,578885210.6273018,6.993548278781988
1370,270,1852,473,1.7518518518518518,9.726876258850098,4591.085594177246,16762.109962286355,3.5764235523845964
1371,173,1056,267,1.5433526011560694,14.378405570983887,3824.655881881714,1755748.0633431878,5.225200827554502
1372,212,1528,351,1.6556603773584906,11.149836540222168,3902.442789077759,69552.45814008737,3.684577787405352
1373,286,1985,478,1.6713286713286712,13.418601036071777,6400.672694206238,672394.8598949495,4.651999372435637
1374,168,1208,250,1.4880952380952381,12.908576965332031,3214.235664367676,403760.4216540103,3.838710143403716
1375,291,1869,453,1.556701030927835,14.43327808380127,6523.841693878174,1854782.6619704636,5.035802064902459
1376,264,1796,446,1.6893939393939394,11.727187156677246,5218.5982847213745,123894.68344860544,4.19200772035589
1377,306,1951,448,1.4640522875816993,11.870320320129395,5306.033183097839,142960.02434553037,3.92362263457075
1378,293,1884,478,1.6313993174061434,10.63366413116455,5072.257790565491,41508.94109828232,3.8841407433966264
1379,198,1236,313,1.5808080808080809,15.011533737182617,4683.598526000977,3306939.6319892034,5.466832012116884
1380,172,1077,248,1.441860465116279,14.105363845825195,3484.0248699188232,1336231.4322722114,4.667024514545684
1381,88,605,140,1.5909090909090908,16.632081985473633,2311.859395980835,16719428.517705599,5.5129059269654626
1382,304,1673,434,1.4276315789473684,21.747108459472656,9416.49796295166,2783871605.0313435,8.120224096647572
1383,301,1650,429,1.4252491694352158,19.099327087402344,8174.511993408203,197120758.73465556,7.147471463380223
1384,303,1658,387,1.2772277227722773,20.101030349731445,7758.997714996338,536743212.8436066,6.7514279407080915
1385,97,466,108,1.1134020618556701,24.39169692993164,2609.9115715026855,39190371553.28219,8.080056826964904
1386,300,1807,469,1.5633333333333332,13.1876802444458,6171.834354400635,533748.6127432955,4.927545554112857
1387,283,1786,462,1.6325088339222615,20.036304473876953,9236.736362457275,503102494.5849754,7.461250696593434
1388,300,1753,415,1.3833333333333333,22.27545166015625,9222.036987304688,4721779886.959031,7.589610398447843
1389,228,1353,351,1.5394736842105263,13.540552139282227,4739.193248748779,759603.7078915936,5.0533707300697115
1390,272,1501,381,1.400735294117647,13.269927978515625,5042.5726318359375,579504.0778131058,4.846698553812202
1391,190,1126,280,1.4736842105263157,15.110873222351074,4215.93362903595,3652320.300485929,5.401693196560547
1392,219,1395,395,1.8036529680365296,10.75105094909668,4235.914073944092,46679.06000012259,4.3807399484666005
1393,131,808,182,1.3893129770992367,14.616039276123047,2645.5031089782715,2226717.9235163564,4.7235819504694145
1394,93,572,204,2.193548387096774,18.960378646850586,3848.956865310669,171548853.97809485,9.707816402411245
1395,162,965,232,1.4320987654320987,15.531038284301758,3587.669843673706,5559608.690267687,5.363640924160558
1396,161,1025,260,1.6149068322981366,12.038745880126953,3118.035182952881,169184.6295503624,4.388657459281398
1397,145,895,231,1.5931034482758621,16.139535903930664,3712.0932579040527,10216717.46663708,5.9837078597715445
1398,172,1001,245,1.4244186046511629,12.31917953491211,3005.8798065185547,223950.32322204197,4.332235654717878
1399,159,920,209,1.3144654088050314,16.60390853881836,3453.6129760742188,16254958.177535314,5.415772080143532
1400,210,1158,270,1.2857142857142858,20.531972885131836,5523.100706100464,825890606.5566194,6.880958548377782
1401,162,976,203,1.2530864197530864,17.891016006469727,3613.9852333068848,58880233.994579844,5.342088702805109
1402,157,1036,232,1.4777070063694266,23.4736328125,5422.4091796875,15648373401.1172,7.551045205797247
1403,279,1771,383,1.3727598566308243,12.106307029724121,4624.609285354614,181009.9044961666,3.767307104477784
1404,259,1642,431,1.664092664092664,12.288076400756836,5283.872852325439,217091.97719396005,4.642519586320179
1405,263,1597,351,1.3346007604562737,12.069755554199219,4224.414443969727,174513.18110656945,3.8162440632278223
1406,268,1701,397,1.4813432835820894,12.971038818359375,5136.5313720703125,429784.3362969945,4.356524596035523
1407,282,1838,385,1.3652482269503545,15.174405097961426,5826.9715576171875,3891888.5957152895,4.573744814785286
1408,270,1454,357,1.3222222222222222,16.65660858154297,5929.752655029297,17134569.37291135,5.883648383156074
1409,277,1585,330,1.1913357400722022,16.423416137695312,5403.303909301758,13570598.530048668,4.918182810325297
1410,252,1469,312,1.2380952380952381,24.26137924194336,7545.288944244385,34401955372.81706,7.410177632359222
1411,322,1796,408,1.2670807453416149,19.875457763671875,8089.311309814453,428352821.6781983,6.4980007298865905
1412,303,1872,436,1.438943894389439,13.006524085998535,5657.837977409363,445309.1709093322,4.360328414616309
1413,226,1254,319,1.4115044247787611,15.711005210876465,4996.099657058716,6655839.921086699,5.747885326176763
1414,309,2089,482,1.5598705501618122,12.640628814697266,6080.142459869385,308855.50177109207,4.199038475228332
1415,297,1896,492,1.6565656565656566,12.399219512939453,6088.0167808532715,242612.18791087327,4.632463933853273
1416,285,1884,432,1.5157894736842106,14.492024421691895,6246.0625257492065,1967008.505957205,4.7829954516883095
1417,79,543,128,1.620253164556962,15.43945598602295,1960.8109102249146,5073066.301875486,5.20967251621079
1418,289,1763,433,1.4982698961937717,14.492554664611816,6260.783615112305,1968051.7748594459,5.123313371299716
1419,304,1653,370,1.2171052631578947,24.48121452331543,9033.568159103394,42860415586.44379,7.884261333739206
1420,296,1675,349,1.179054054054054,22.26801300048828,7749.268524169922,4686786486.709677,6.6745261315444075
1421,293,1707,355,1.21160409556314,16.95376205444336,6001.631767272949,23063504.962914508,5.072363437543262
1422,298,1763,407,1.3657718120805369,17.302404403686523,7024.7761878967285,32684267.49348049,5.74850242180005
1423,293,1711,395,1.348122866894198,20.678050994873047,8147.1520919799805,955792115.4134355,6.86958265369238
1424,154,1009,236,1.5324675324675325,13.86281967163086,3257.762622833252,1048446.0479967596,4.6580356594201735
1425,170,971,249,1.464705882352941,11.663261413574219,2892.4888305664062,116222.46248906956,4.29760998113787
1426,158,997,215,1.360759493670886,14.461453437805176,3094.7510356903076,1907784.9935177618,4.478216621841916
1427,124,869,256,2.064516129032258,11.52622127532959,2939.1864252090454,101338.45926872293,4.879573854887514
1428,123,750,185,1.5040650406504066,16.38214111328125,3014.31396484375,13021873.954191053,5.798314411683236
1429,157,1101,219,1.394904458598726,16.90728759765625,3685.7886962890625,22016166.836582135,4.829672183379499
1430,194,1132,263,1.3556701030927836,24.104293823242188,6315.324981689453,29400979387.676094,8.048664339828232
1431,196,1154,240,1.2244897959183674,24.1333065032959,5767.86025428772,30266475061.426395,7.210800160659835
1432,87,436,104,1.1954022988505748,23.28113555908203,2397.956962585449,12908289761.338,7.934680316943094
1433,178,1096,227,1.2752808988764044,14.25125503540039,3220.7836380004883,1546113.6773399313,4.239606370729579
1434,163,1000,243,1.49079754601227,14.93310832977295,3613.8122158050537,3057500.560224201,5.213628962445908
1435,165,1053,268,1.6242424242424243,12.451443672180176,3324.535460472107,255619.08654214864,4.5548820722531955
1436,151,915,243,1.609271523178808,15.1106538772583,3656.778238296509,3651519.2698050668,5.765700360678747
1437,172,1037,257,1.494186046511628,11.980281829833984,3066.9521484375,159576.99784518578,4.266804874825972
1438,159,956,232,1.4591194968553458,14.68999195098877,3393.3881406784058,2397631.5430431096,5.120945860217737
1439,210,1208,290,1.380952380952381,17.679384231567383,5109.342042922974,47649573.22482428,6.102005320803361
1440,166,1004,224,1.3493975903614457,23.156185150146484,5163.829288482666,11392090663.9397,7.420150305270047
1441,159,1074,249,1.5660377358490567,22.092355728149414,5478.904220581055,3931770727.51053,7.359765315212197
1442,286,1892,491,1.7167832167832169,8.76591968536377,4295.300645828247,6411.956216668783,3.275268996228105
1443,173,1094,276,1.5953757225433527,15.595953941345215,4288.887333869934,5932486.201336415,5.655901725325084
1444,217,1542,370,1.705069124423963,10.690390586853027,3944.754126548767,43931.66277683683,3.690711553760169
1445,300,2039,487,1.6233333333333333,10.427334785461426,5067.684705734253,33770.22531695447,3.5856417821244007
1446,167,1227,262,1.5688622754491017,11.623653411865234,3033.773540496826,111709.09574476087,3.567082348863019
1447,297,1913,464,1.5622895622895623,12.373708724975586,5729.027139663696,236501.23880478003,4.320564058291217
1448,261,1854,462,1.7701149425287357,10.641631126403809,4905.791949272156,41840.963488597175,3.817455079206009
1449,306,1997,456,1.4901960784313726,10.030330657958984,4563.800449371338,22704.777819650593,3.2970316854856545
1450,299,1933,503,1.6822742474916388,9.278874397277832,4657.994947433472,10709.37063287689,3.476495711923496
1451,199,1265,327,1.64321608040201,12.691099166870117,4137.298328399658,324843.6169425958,4.7184662300872615
1452,172,1106,264,1.5348837209302326,14.363160133361816,3777.5111150741577,1729183.921257615,4.927483320633296
1453,88,627,143,1.625,17.493812561035156,2484.121383666992,39579131.738965586,5.715836684501754
1454,308,1802,514,1.6688311688311688,17.89710807800293,9181.216444015503,59240031.43506611,7.350552404611192
1455,303,1782,525,1.7326732673267327,15.412484169006348,8076.141704559326,4938065.281379558,6.53838921811688
1456,303,1761,444,1.4653465346534653,19.578142166137695,8673.116979598999,318184565.21458584,7.105430355205758
1457,97,498,123,1.268041237113402,18.021358489990234,2198.6057357788086,67077450.67780318,6.369312433490197
1458,300,1877,545,1.8166666666666667,11.346309661865234,6172.3924560546875,84652.47810610186,4.74420883685165
1459,296,1887,549,1.8547297297297298,18.54196548461914,10160.997085571289,112894632.35346739,7.76853211756275
1460,302,1797,474,1.5695364238410596,18.49053382873535,8746.022500991821,107235062.50560032,7.021615631432494
1461,154,1033,242,1.5714285714285714,14.21313190460205,3425.3647890090942,1488280.3808300707,4.783888474674822
1462,170,1010,263,1.5470588235294118,12.32449722290039,3229.0182723999023,225144.3931977899,4.61236499854573
1463,158,1012,225,1.4240506329113924,13.11237907409668,2937.1729125976562,495032.6871893942,4.18719841426683
1464,130,879,248,1.9076923076923078,11.22290325164795,2772.0571031570435,74824.6946343396,4.5497531692669995
1465,123,789,200,1.6260162601626016,16.080121994018555,3199.9442768096924,9627383.020302339,5.851132749397166
1466,161,1135,233,1.4472049689440993,14.777192115783691,3428.3085708618164,2616091.886584914,4.357712576052398
1467,194,1193,278,1.4329896907216495,22.96428871154785,6361.107973098755,9402944403.10739,7.692488623092053
1468,196,1219,260,1.3265306122448979,21.02492904663086,5445.456623077393,1352105773.8874905,6.444736066849644
1469,87,469,114,1.3103448275862069,21.9221134185791,2477.1988162994385,3316292962.837189,7.6201331504716645
1470,177,1139,245,1.384180790960452,15.5291109085083,3789.1030616760254,5548903.554780407,4.799403157591914
1471,257,1771,389,1.5136186770428015,10.553112030029297,4094.607467651367,38296.432707299995,3.3355561196880545
1472,259,1652,394,1.5212355212355213,12.90886116027832,5073.18243598938,403875.18463211274,4.430420788091325
1473,258,1709,365,1.4147286821705427,13.916253089904785,5065.516124725342,1105991.8475274937,4.2761819734841024
1474,281,1574,378,1.3451957295373667,13.130252838134766,4950.105319976807,503960.33226607775,4.537161624528981
1475,264,1644,397,1.503787878787879,20.693470001220703,8194.614120483398,970643684.0835468,7.191197782007345
1476,266,1512,333,1.2518796992481203,19.98736000061035,6635.803520202637,479071302.1740055,6.3316407611837775
1477,266,1499,356,1.3383458646616542,21.16730499267578,7514.393272399902,1558991527.8771863,7.232140032942448
1478,261,1499,373,1.4291187739463602,14.714452743530273,5473.776420593262,2457002.683111699,5.2681721794028284
1479,221,1401,329,1.48868778280543,12.096359252929688,3967.6058349609375,179218.18495711347,4.085685412062998
1480,279,1813,407,1.4587813620071686,10.793631553649902,4382.21441078186,48709.60675841744,3.487147820489322
1481,261,1695,449,1.7203065134099618,10.59546947479248,4746.770324707031,39953.41681384951,4.040201774450577
1482,267,1657,376,1.408239700374532,12.370034217834473,4638.762831687927,235633.80798029347,4.038817219756318
1483,268,1734,426,1.5895522388059702,14.179597854614258,6026.32908821106,1439199.8459995599,5.013930271238181
1484,282,1922,410,1.4539007092198581,13.567614555358887,5549.154353141785,780441.1028991167,4.1653160595239624
1485,281,1579,432,1.5373665480427046,13.178638458251953,5679.993175506592,528944.324310749,5.189675735646938
1486,278,1658,368,1.3237410071942446,13.31535816192627,4886.736445426941,606438.2338860087,4.252153459558992
1487,263,1532,350,1.3307984790874525,21.569162368774414,7527.6376667022705,2330065856.634107,7.088828675822673
1488,323,1926,481,1.4891640866873066,19.286893844604492,9257.709045410156,237788895.56608233,6.9346058825577
1489,307,1906,448,1.4592833876221498,12.05896282196045,5390.356381416321,172639.834519199,4.080084165841293
1490,228,1308,334,1.4649122807017543,14.631243705749512,4872.204154014587,2260832.5892986264,5.373933311311508
1491,307,2161,513,1.6710097719869708,13.297176361083984,6808.154296875,595511.7274794923,4.545159852710991
1492,300,1930,502,1.6733333333333333,12.67062759399414,6347.984424591064,318261.16363387613,4.745184274092181
1493,295,2047,455,1.5423728813559323,14.320026397705078,6501.2919845581055,1656183.4680983878,4.582013534681557
1494,80,541,126,1.575,15.948932647705078,1993.6165809631348,8443712.569061076,5.316415443233873
1495,300,1892,539,1.7966666666666666,12.05954647064209,6488.036001205444,172740.6249412521,4.947281904888031
1496,307,1730,427,1.3908794788273615,19.49127960205078,8303.285110473633,291712592.1477649,6.924340030039006
1497,300,1748,389,1.2966666666666666,21.803632736206055,8459.80950164795,2945760150.036056,6.982222662982169
1498,300,1766,391,1.3033333333333332,23.581584930419922,9196.81812286377,17432200396.481197,7.513139239984884
1499,298,1791,432,1.4496644295302012,14.777670860290527,6369.176140785217,2617344.6260521365,5.1305297782574755
1500,304,1841,451,1.4835526315789473,18.761566162109375,8442.704772949219,140619210.7547588,6.616104458241945
1501,230,1440,372,1.617391304347826,14.09018611907959,5227.459050178528,1316103.6104057198,5.2372425334324255
1502,269,1587,411,1.5278810408921932,14.291952133178711,5859.7003746032715,1610333.9425390977,5.326881330520063
1503,190,1186,297,1.563157894736842,13.599088668823242,4025.3302459716797,805395.4425955835,4.896563224117786
1504,229,1462,430,1.8777292576419213,11.338955879211426,4864.412072181702,84032.24550396064,4.800180009149758
1505,129,821,196,1.5193798449612403,14.258866310119629,2780.4789304733276,1557926.4714683057,4.885972185493445
1506,92,584,192,2.0869565217391304,18.10521125793457,3458.095350265503,72944632.9013041,8.542768857447301
1507,294,1812,520,1.7687074829931972,11.86174201965332,6156.244108200073,141738.91530890367,4.901535786645775
1508,304,1781,500,1.644736842105263,13.080915451049805,6527.3768100738525,479699.6467296939,5.287486891581791
1509,309,1824,512,1.656957928802589,12.727624893188477,6503.8163204193115,336928.120125632,5.144201508948271
1510,311,1792,510,1.639871382636656,11.384603500366211,5794.763181686401,87957.01430982715,4.665221040929087
1511,197,1107,317,1.6091370558375635,14.817532539367676,4682.340282440186,2723783.7042361535,6.102248514210555
1512,288,1673,443,1.5381944444444444,18.27055549621582,8075.585529327393,86060018.14498635,6.963901491593129
1513,309,1829,511,1.6537216828478964,17.80107879638672,9078.550186157227,53815861.03107635,7.161060323690873
1514,314,1690,423,1.3471337579617835,17.94798469543457,7574.049541473389,62331950.12737196,6.465706339012418
1515,330,1983,527,1.596969696969697,17.58320426940918,9248.765445709229,43280133.16872596,6.728768554145188
1516,160,1052,234,1.4625,14.919848442077637,3476.3246870040894,3017226.053984557,4.767372990932203
1517,180,1122,241,1.3388888888888888,13.726883888244629,3294.452133178711,915187.1768903792,4.236087125653292
1518,167,991,212,1.2694610778443114,15.196807861328125,3206.5264587402344,3980061.6270657857,4.6680522911239
1519,174,1042,239,1.3735632183908046,15.228612899780273,3624.409870147705,4108682.189008806,5.018155610183403
1520,170,1065,226,1.3294117647058823,15.633503913879395,3517.5383806228638,6159486.144190946,4.7650095566771835
1521,217,1263,301,1.3870967741935485,11.853533744812012,3556.0601234436035,140580.24518327758,4.062003408705528
1522,159,949,210,1.320754716981132,10.554389953613281,2205.867500305176,38345.40390589942,3.3534184442027515
1523,161,1084,239,1.484472049689441,15.275154113769531,3635.4866790771484,4304424.9675774155,4.838467346053957
1524,258,1755,351,1.3604651162790697,11.62982177734375,4070.4376220703125,112400.28784575587,3.346096963879604
1525,309,1837,450,1.4563106796116505,12.073826789855957,5421.148228645325,175225.11363124702,4.257519687202286
1526,268,1658,345,1.287313432835821,10.834778785705566,3727.163902282715,50755.678674361894,3.243160964055265
1527,309,1938,443,1.4336569579288025,11.495933532714844,5081.202621459961,98315.16164190733,3.7825726644645443
1528,309,1943,414,1.3398058252427185,11.649483680725098,4811.236760139465,114632.16098111586,3.572386728973695
1529,324,1777,371,1.1450617283950617,15.110763549804688,5590.982513427734,3651919.7631827295,4.539157425897077
1530,321,1850,389,1.2118380062305296,19.22087860107422,7457.700897216797,222598131.11801347,5.815777351809647
1531,266,1725,304,1.1428571428571428,20.72980308532715,6281.130334854126,1006558662.827353,5.2531916436355255
1532,332,2019,432,1.3012048192771084,14.728094100952148,6347.808557510376,2490749.185637081,4.535885055192048
1533,247,1460,348,1.408906882591093,13.904129028320312,4824.732772827148,1092663.6931996553,4.767546606145332
1534,320,1815,444,1.3875,11.008012771606445,4876.549657821655,60355.82677689313,3.8762391228584425
1535,225,1301,304,1.3511111111111112,14.539449691772461,4405.453256607056,2062541.8579990624,4.88526177261732
1536,242,1487,413,1.7066115702479339,11.624483108520508,4789.287040710449,111801.81886857757,4.6465908964537626
1537,142,882,197,1.3873239436619718,13.795748710632324,2703.9667472839355,980432.138035043,4.4229018333732375
1538,100,599,219,2.19,17.326519012451172,3777.1811447143555,33482015.853506584,9.097363115223203
1539,168,1052,239,1.4226190476190477,11.979781150817871,2851.1879138946533,159497.12098891186,3.9100709734014876
1540,200,1149,286,1.43,10.709829330444336,3052.3013591766357,44793.993262173026,3.8324978539449743
1541,151,973,193,1.2781456953642385,14.06131649017334,2699.7727661132812,1278651.404408271,4.003030607604019
1542,119,815,227,1.9075630252100841,11.55578899383545,2611.6083126068115,104379.54371823643,4.6230114863094975
1543,125,754,196,1.568,15.643815040588379,3050.543932914734,6223325.950837495,5.836876132665785
1544,134,954,181,1.3507462686567164,13.047237396240234,2348.502731323242,463813.3077430406,3.551544280916381
1545,216,1329,294,1.3611111111111112,15.543421745300293,4554.222571372986,5628883.936024468,4.943833197008571
1546,192,1219,267,1.390625,13.049593925476074,3471.1919841766357,464907.5862059053,4.10818003408134
1547,82,455,112,1.3658536585365855,18.658851623535156,2071.1325302124023,126892600.78465661,6.567060726068668
1548,173,1111,240,1.3872832369942196,11.990910530090332,2865.8276166915894,161282.13959099096,3.7214359051697508
1549,259,1787,356,1.3745173745173744,11.161942481994629,3962.4895811080933,70399.57336662679,3.1990285776378466
1550,260,1683,360,1.3846153846153846,12.228796005249023,4390.137765884399,204596.70039112598,3.7632976730010554
1551,247,1657,326,1.319838056680162,13.826385498046875,4493.575286865234,1010934.2871804418,3.912407231274397
1552,293,1766,388,1.3242320819112627,12.27760124206543,4751.431680679321,214829.77343961401,3.881578099002701
1553,291,1714,392,1.3470790378006874,11.005237579345703,4303.04789352417,60188.55995967263,3.621928737861739
1554,244,1473,338,1.3852459016393444,12.119711875915527,4084.3429021835327,183452.65016207585,4.00031313663966
1555,230,1368,326,1.4173913043478261,14.242022514343262,4628.65731716156,1531904.8428681912,4.881389588774413
1556,324,1815,454,1.4012345679012346,10.67635726928711,4836.389842987061,43319.46145656649,3.8443171582827462
1557,211,1286,313,1.4834123222748816,12.595757484436035,3929.876335144043,295303.0760687187,4.408719362378853
1558,318,1886,477,1.5,10.912421226501465,5194.312503814697,54853.4973912722,3.9733875345074225
1559,311,1847,476,1.5305466237942122,12.57380199432373,5972.555947303772,288890.20872939524,4.665174253712527
1560,401,2187,532,1.3266832917705735,12.060431480407715,6404.089116096497,172893.56975008728,4.224575952996525
1561,338,1891,479,1.4171597633136095,12.548501014709473,5998.183485031128,281672.69356359175,4.576176397777096
1562,211,1155,289,1.3696682464454977,12.583236694335938,3623.97216796875,291628.6992901474,4.526655129911811
1563,305,1778,382,1.2524590163934426,24.333789825439453,9271.173923492432,36985427676.78971,7.522765265827674
1564,336,1882,433,1.2886904761904763,21.983154296875,9496.72265625,3525028283.5303264,7.27995466571187
1565,344,1830,385,1.119186046511628,15.66468334197998,6015.2384033203125,6354560.753604274,4.74216099138528
1566,359,2072,440,1.2256267409470751,18.47484588623047,8110.457344055176,105565892.16801484,5.647160516220982
1567,269,1800,467,1.7360594795539033,11.799211502075195,5498.432559967041,133147.32515429734,4.406978548292699
1568,199,1209,284,1.4271356783919598,12.81832504272461,3627.5859870910645,368916.2906663761,4.328784378804445
1569,218,1533,347,1.591743119266055,11.711592674255371,4052.2110652923584,121977.5968231059,3.8135060721021974
1570,292,2031,468,1.6027397260273972,8.029831886291504,3749.9314908981323,3071.2253147925476,2.663716181975427
1571,193,1366,276,1.4300518134715026,13.64700984954834,3752.9277086257935,844930.6648563781,3.9636385022322207
1572,301,1994,469,1.558139534883721,12.233304977416992,5725.186729431152,205521.30415867866,4.1422760795956
1573,282,1905,465,1.648936170212766,11.334176063537598,5259.057693481445,83631.54525933621,3.982790789571985
1574,353,2174,492,1.3937677053824362,10.137210845947266,4977.370525360107,25265.89763645567,3.303048653911648
1575,271,1799,463,1.7084870848708487,9.011204719543457,4163.176580429077,8194.387269363215,3.338629353490885
1576,220,1512,331,1.5045454545454546,13.344005584716797,4403.521842956543,624062.3640321015,4.201679315661134
1577,237,1505,312,1.3164556962025316,14.75961685180664,4590.240840911865,2570515.066590206,4.400211094797032
1578,132,885,179,1.356060606060606,15.971013069152832,2842.840326309204,8632226.879846431,4.634295639328194
1579,426,2460,631,1.4812206572769953,8.998839378356934,5669.268808364868,8093.684768482281,3.3248073151603568
1580,433,2427,625,1.443418013856813,10.12194538116455,6316.09391784668,24883.130954655135,3.7545106605135348
1581,391,2329,540,1.381074168797954,10.362092971801758,5585.1681118011475,31637.328112296258,3.459722772617729
1582,130,741,177,1.3615384615384616,14.099810600280762,2481.566665649414,1328831.5766489645,4.831503268782416
1583,373,2223,596,1.5978552278820375,8.172367095947266,4862.558422088623,3541.7176345306675,3.1557305090328924
1584,450,2656,684,1.52,9.82784366607666,6712.417223930359,18542.92634270114,3.6460734342402077
1585,381,2380,598,1.5695538057742782,11.613619804382324,6933.331023216248,110593.8548268278,4.202807682367935
1586,312,1938,441,1.4134615384615385,10.947454452514648,4816.879959106445,56809.25050853911,3.585804349618319
1587,248,1419,354,1.4274193548387097,12.807625770568848,4521.091897010803,364990.19550322474,4.596586933911742
1588,325,2191,483,1.4861538461538462,12.911096572875977,6223.148548126221,404779.0221562357,4.097720469692858
1589,360,2222,534,1.4833333333333334,8.642884254455566,4606.657307624817,5669.659003604719,2.9909998437377263
1590,329,2094,472,1.4346504559270516,12.452895164489746,5865.31362247467,255990.38508374424,4.04100232875009
1591,90,591,129,1.4333333333333333,16.499691009521484,2111.96044921875,14646193.195464104,5.155524309038102
1592,341,2463,698,2.0469208211143695,7.725521564483643,5384.688530445099,2265.4338492186403,3.154065545921569
1593,314,1949,470,1.4968152866242037,9.68481159210205,4542.176636695862,16071.641367081564,3.3622245811199747
1594,309,1816,393,1.2718446601941749,12.548079490661621,4918.8471603393555,281553.9867702733,3.9077072715376366
1595,342,1995,448,1.3099415204678362,11.819855690002441,5283.475493431091,135924.6123408652,3.8207738812187495
1596,267,1741,430,1.6104868913857677,12.891114234924316,5530.288006782532,396770.8682243168,4.582722045992457
1597,274,1818,475,1.7335766423357664,8.908662796020508,4222.706165313721,7395.764836924489,3.3509775818643326
1598,159,1035,228,1.4339622641509433,15.136213302612305,3435.920419692993,3746052.9711600193,4.789357826454307
1599,177,1128,241,1.3615819209039548,13.432093620300293,3223.7024688720703,681528.6850624145,4.123066990375216
1600,157,953,202,1.286624203821656,16.167213439941406,3249.6099014282227,10503440.624129515,4.919408278713714
1601,171,1008,233,1.3625730994152048,15.137972831726074,3512.009696960449,3752650.062609716,5.026546600554357
1602,178,1084,230,1.2921348314606742,12.27343463897705,2810.6165323257446,213936.52523975418,3.740648093198235
1603,214,1264,298,1.3925233644859814,14.106672286987305,4189.6816692352295,1337980.956805656,4.781988106890079
1604,214,1189,266,1.2429906542056075,14.489273071289062,3839.6573638916016,1961604.014546077,4.65891895508764
1605,159,1063,226,1.421383647798742,15.120314598083496,3402.0707845687866,3686966.5253893803,4.617263075870756
1606,253,1721,348,1.3754940711462451,12.235620498657227,4245.760313034058,205997.74449476265,3.5591733575929156
1607,292,1794,438,1.5,11.897648811340332,5199.272530555725,146920.78035394894,4.181139741395182
1608,336,1980,418,1.244047619047619,8.308059692382812,3464.460891723633,4056.434611968727,2.5243235090118388
1609,321,2016,454,1.4143302180685358,11.552448272705078,5233.2590675354,104031.42258254011,3.74503814703399
1610,436,2779,559,1.2821100917431192,8.891321182250977,4961.357219696045,7268.616008981215,2.5756478794293414
1611,324,1776,372,1.1481481481481481,14.720505714416504,5461.307620048523,2471919.950166113,4.436374673543419
1612,325,1869,389,1.196923076923077,21.364233016967773,8289.322410583496,1898316005.0277247,6.398589798864932
1613,262,1698,302,1.1526717557251909,14.35049819946289,4319.49995803833,1707427.1408831384,3.6700360238998733
1614,335,2029,435,1.2985074626865671,16.167152404785156,7016.544143676758,10502799.564553645,4.989025845372576
1615,246,1462,362,1.4715447154471544,14.68723201751709,5302.090758323669,2391023.362758357,5.23207937303472
1616,319,1811,446,1.3981191222570533,12.329951286315918,5486.8283224105835,226375.69975568133,4.370966322998818
1617,219,1279,296,1.3515981735159817,15.542473793029785,4585.029768943787,5623550.551013492,5.1718527834116275
1618,249,1514,420,1.6867469879518073,11.994117736816406,5025.535331726074,161800.2351295291,4.788847358582219
1619,136,860,190,1.3970588235294117,14.278585433959961,2698.6526470184326,1588952.3123485143,4.527131152250426
1620,102,582,184,1.803921568627451,16.523563385009766,3023.812099456787,15000039.389200939,7.495599176059024
1621,166,1046,237,1.427710843373494,13.729511260986328,3240.1646575927734,917594.876309359,4.468995681809542
1622,201,1170,289,1.4378109452736318,11.612529754638672,3344.4085693359375,110473.36770413321,4.123898852724367
1623,149,954,194,1.3020134228187918,13.829678535461426,2669.127957344055,1014268.8189674153,4.036412649432241
1624,120,832,229,1.9083333333333334,11.691224098205566,2665.599094390869,119518.21890697908,4.622171387591129
1625,120,725,192,1.6,15.512946128845215,2962.972710609436,5459927.825414768,5.896091083980087
1626,134,950,187,1.3955223880597014,13.497419357299805,2510.5200004577637,727536.4335826706,3.8125418470662886
1627,214,1337,298,1.3925233644859814,15.422392845153809,4580.450675010681,4987238.18792757,4.942553084423646
1628,183,1206,262,1.4316939890710383,15.639617919921875,4081.9402770996094,6197260.638768307,4.883080427012046
1629,88,476,111,1.2613636363636365,16.15719985961914,1777.2919845581055,10398788.423856813,5.386744395658998
1630,171,1090,235,1.3742690058479532,12.157658576965332,2844.8921070098877,190547.8412071256,3.765423609768183
1631,272,1900,374,1.375,10.326172828674316,3851.66246509552,30521.078695843382,2.9246180724060356
1632,303,1908,423,1.396039603960396,12.578744888305664,5308.23034286499,290321.6973372422,4.013709429532308
1633,248,1671,322,1.2983870967741935,13.542986869812012,4347.298785209656,761455.3914903118,3.7533371625880223
1634,341,2079,450,1.3196480938416422,9.17387580871582,4119.070238113403,9641.922611210508,2.8583752792686528
1635,284,1693,406,1.4295774647887325,10.874961853027344,4404.359550476074,52836.72900887217,3.7531882349461174
1636,236,1442,330,1.3983050847457628,13.086210250854492,4305.363172531128,482246.29637594445,4.307438348291702
1637,228,1361,322,1.412280701754386,15.798441886901855,5071.299845695496,7264004.9950084295,5.375708404295266
1638,312,1770,453,1.4519230769230769,11.668703079223633,5274.253791809082,116856.63017023077,4.298949033803827
1639,208,1282,308,1.4807692307692308,13.224114418029785,4059.803126335144,553553.9062734123,4.568687860646819
1640,316,1875,477,1.509493670886076,12.041152954101562,5731.588806152344,169592.359990857,4.410098531760363
1641,294,1744,448,1.5238095238095237,12.207015991210938,5456.536148071289,200188.75815424952,4.513828922737279
1642,387,2105,514,1.3281653746770026,11.753068923950195,6029.32435798645,127143.15355098773,4.132292803410016
1643,323,1832,468,1.4489164086687307,11.338479042053223,5295.069712638855,83992.18535865907,4.169853065275887
1644,228,1255,304,1.3333333333333333,13.32817554473877,4038.437190055847,614261.2128401113,4.642416977717236
1645,302,1752,378,1.2516556291390728,23.156002044677734,8729.812770843506,11390004900.801783,7.188617347251752
1646,331,1849,425,1.283987915407855,21.62363624572754,9168.421768188477,2460514338.500298,7.1537245093260875
1647,348,1843,391,1.1235632183908046,16.26510238647461,6343.389930725098,11583617.651681181,4.96558719233971
1648,371,2178,452,1.2183288409703503,23.179611206054688,10454.004653930664,11662112845.6535,6.924674321237793
1649,278,1847,468,1.683453237410072,11.711193084716797,5469.127170562744,121928.86558836917,4.2719451255885
1650,224,1335,312,1.3928571428571428,12.14957332611084,3778.517304420471,189013.42553786864,4.083331967790673
1651,291,1989,447,1.5360824742268042,10.10037612915039,4504.767753601074,24352.167262018018,3.2674741571024564
1652,299,2076,477,1.5953177257525084,8.604320526123047,4095.6565704345703,5455.177987857467,2.8462347896677525
1653,196,1387,280,1.4285714285714286,13.575896263122559,3787.675057411194,786931.326010452,3.939769301965357
1654,306,2013,471,1.5392156862745099,11.164619445800781,5247.371139526367,70588.28294816446,3.7607333932928757
1655,290,1916,470,1.6206896551724137,11.273837089538574,5287.429594993591,78734.52973174173,3.98128833807244
1656,350,2147,478,1.3657142857142857,11.173490524291992,5329.75498008728,71217.26288711456,3.5813745127737193
1657,271,1811,463,1.7084870848708487,7.381136417388916,3410.085024833679,1605.4131509953013,2.7165724761663537
1658,227,1529,339,1.4933920704845816,12.893219947814941,4357.90834236145,397607.23402024107,4.11192462666678
1659,235,1491,312,1.327659574468085,14.234408378601074,4426.901005744934,1520285.0050998616,4.283479629439692
1660,134,887,180,1.3432835820895523,16.308128356933594,2919.1549758911133,12092891.479914552,4.747971146904679
1661,428,2447,644,1.5046728971962617,11.953899383544922,7686.357303619385,155422.0165536522,4.531699862865693
1662,408,2243,640,1.5686274509803921,10.09459400177002,6450.4455671310425,24211.76622841995,4.148919229257313
1663,400,2368,563,1.4075,12.146885871887207,6826.54986000061,188506.14256428566,4.159049674579446
1664,128,740,178,1.390625,15.442009925842285,2733.2357568740845,5086039.16681674,5.328683340571127
1665,370,2176,625,1.6891891891891893,10.095112800598145,6299.350387573242,24224.330523255,4.176489689785793
1666,446,2598,727,1.6300448430493273,10.325335502624512,7496.1935749053955,30495.533297989274,4.1627102756196015
1667,372,2335,596,1.6021505376344085,11.692752838134766,6957.187938690186,119701.07091145802,4.2985441274864415
1668,312,1958,455,1.4583333333333333,12.358521461486816,5610.768743515015,232936.56947832162,4.134130869174624
1669,245,1405,349,1.4244897959183673,12.734986305236816,4431.775234222412,339417.538423607,4.550676265300497
1670,326,2184,480,1.4723926380368098,12.840950965881348,6150.8155126571655,377358.5086472474,4.063072819383425
1671,352,2173,520,1.4772727272727273,9.901809692382812,5139.03923034668,19966.47093334211,3.4119035492659875
1672,320,2033,460,1.4375,12.366734504699707,5676.3311376571655,234857.56540233872,4.028143031353468
1673,91,592,129,1.4175824175824177,15.919792175292969,2037.7333984375,8201209.286239928,4.965925453681749
1674,340,2416,708,2.0823529411764707,9.873567581176758,6980.612279891968,19410.464001861917,4.168416688149314
1675,314,1968,472,1.5031847133757963,10.162129402160645,4786.362948417664,25903.39712362021,3.508771386980102
1676,1040,6081,1324,1.273076923076923,4.81103515625,6364.99951171875,122.85872969734405,1.5100728878173515
1677,342,1990,444,1.2982456140350878,12.110589981079102,5364.991361618042,181786.8236777953,3.8894705687530036
1678,422,2707,614,1.4549763033175356,10.111446380615234,6198.316631317139,24623.2495836233,3.303391453956713
1679,276,1828,478,1.7318840579710144,9.65982437133789,4607.736225128174,15675.03144152289,3.6365198040026523
