text_id,num_words,num_bytes,num_tokens,tokens_per_word,average_nll,total_nll,ppl,bpb
0,153,999,237,1.5490196078431373,2.933446168899536,692.2932958602905,18.79228040772669,0.9997678726509681
1,173,1103,243,1.4046242774566473,3.023587465286255,731.7081665992737,20.564935500114682,0.9570550710160722
2,156,945,211,1.3525641025641026,3.487565279006958,732.3887085914612,32.70622016761526,1.1181095850666383
3,169,1018,235,1.3905325443786982,3.511539936065674,821.7003450393677,33.499815657868076,1.1645019772937584
4,173,1070,231,1.3352601156069364,3.321916103363037,764.0407037734985,27.71340145851751,1.0301661068891028
5,203,1254,293,1.4433497536945812,3.2909560203552246,960.9591579437256,26.86853825070825,1.105559020464312
6,157,1009,224,1.4267515923566878,3.300959348678589,736.1139347553253,27.13866187552731,1.052515285630099
7,148,1038,230,1.554054054054054,3.0003058910369873,687.0700490474701,20.091681848696453,0.9549446555916397
8,189,1236,258,1.3650793650793651,4.522400379180908,1162.2568974494934,92.05630301752873,1.356619953227651
9,178,1149,278,1.5617977528089888,4.020114898681641,1113.5718269348145,55.70750617810996,1.398211098688007
10,162,1014,214,1.3209876543209877,4.217369079589844,898.2996139526367,67.85472885579621,1.2780792882464884
11,126,844,232,1.8412698412698412,2.949492931365967,681.3328671455383,19.096268154205696,1.1646392756226625
12,131,826,198,1.5114503816793894,4.395728588104248,865.9585318565369,81.10370043273078,1.5124867790858514
13,135,898,180,1.3333333333333333,4.424132823944092,791.9197754859924,83.44041830675994,1.2722703038703147
14,236,1472,343,1.4533898305084745,4.2245564460754395,1444.7983045578003,68.34418249417773,1.416034883879294
15,202,1331,288,1.4257425742574257,4.728950500488281,1357.2087936401367,113.17672108412773,1.4711032276750697
16,89,515,129,1.449438202247191,5.192948818206787,664.6974487304688,179.99855412279095,1.862049928106783
17,172,1193,237,1.377906976744186,4.799817085266113,1132.7568321228027,121.48819350566166,1.3698429708605695
18,173,1266,294,1.699421965317919,4.485366344451904,1314.212338924408,88.70944307321896,1.4976363539031035
19,180,1215,250,1.3888888888888888,4.3359198570251465,1079.6440443992615,76.39519923998353,1.2819729290371344
20,164,1100,246,1.5,5.257795333862305,1288.1598567962646,192.057601310894,1.6894743975201894
21,180,1241,239,1.3277777777777777,5.0139336585998535,1193.3162107467651,150.49557151399966,1.3872613855413112
22,190,1257,264,1.3894736842105264,5.032911777496338,1323.6557974815369,153.37896854745142,1.519197816126125
23,212,1428,301,1.419811320754717,4.827042579650879,1448.1127738952637,124.8412062409053,1.4630147881979396
24,167,1072,209,1.251497005988024,5.034278869628906,1047.1300048828125,153.58879512210433,1.409225060830662
25,172,1252,254,1.4767441860465116,3.938342332839966,996.4006102085114,51.333436980286216,1.1481647117304765
26,237,1485,355,1.4978902953586497,4.872399806976318,1724.8295316696167,130.63403750622533,1.6756922637835618
27,283,1798,442,1.5618374558303887,3.958549737930298,1745.7204344272614,52.38130421803804,1.4007465036299982
28,218,1360,314,1.4403669724770642,4.655646324157715,1457.2172994613647,105.17717658560967,1.5458236554636167
29,255,1621,425,1.6666666666666667,4.052799701690674,1718.3870735168457,57.5583779631468,1.5293698391674595
30,149,958,206,1.3825503355704698,4.909881114959717,1006.525628566742,135.62328986972148,1.515771954969609
31,107,652,237,2.2149532710280373,2.6673035621643066,629.4836406707764,14.401085161271832,1.3928725869884346
32,182,1268,367,2.0164835164835164,3.9513139724731445,1446.180913925171,52.00365333069814,1.6454243160474078
33,228,1575,454,1.9912280701754386,3.6306211948394775,1644.6714012622833,37.73625090212137,1.5065138250749197
34,157,1145,327,2.082802547770701,3.7106966972351074,1209.687123298645,40.88227917829827,1.5242005360787698
35,132,936,289,2.1893939393939394,3.908525228500366,1125.6552658081055,49.82541665839726,1.7350184505682713
36,112,844,222,1.9821428571428572,4.212313175201416,930.9212117195129,67.51252763168412,1.591274189106737
37,91,628,244,2.681318681318681,2.30602765083313,560.3647191524506,10.03448490246921,1.2873175181693906
38,164,966,238,1.451219512195122,2.6223108768463135,621.4876778125763,13.767501854369673,0.9281751457078693
39,164,1017,223,1.3597560975609757,3.1373214721679688,696.4853668212891,23.042065313842215,0.9880196507028557
40,162,911,219,1.3518518518518519,3.315573215484619,722.794960975647,27.538174769437216,1.144646219296485
41,167,974,235,1.407185628742515,3.2994978427886963,772.0824952125549,27.099027531321084,1.1436135390147124
42,164,960,214,1.3048780487804879,3.5714328289031982,760.7151925563812,35.567518828017256,1.1432083706562335
43,200,1129,272,1.36,3.5482163429260254,961.5666289329529,34.75127781279707,1.2287399530964473
44,161,934,208,1.2919254658385093,3.5818090438842773,741.4344720840454,35.938496392741165,1.1452503597642174
45,163,1040,244,1.4969325153374233,2.8361616134643555,689.1872720718384,17.050194537088654,0.9560452496748404
46,250,1538,413,1.652,3.452484369277954,1422.423560142517,31.57874820783587,1.334280504721218
47,300,1731,471,1.57,3.3298215866088867,1565.0161457061768,27.933357573582107,1.304356460035506
48,202,1253,326,1.613861386138614,3.863067626953125,1255.4969787597656,47.61118092102585,1.4455700439806785
49,234,1487,425,1.8162393162393162,3.7337684631347656,1583.1178283691406,41.83647066780299,1.5359490518702519
50,125,872,214,1.712,3.6137139797210693,769.7210776805878,37.1035992495739,1.2734779605934547
51,116,656,237,2.043103448275862,2.344180107116699,553.226505279541,10.42472206728181,1.2166724628889112
52,184,1107,291,1.5815217391304348,2.8918755054473877,838.6438965797424,18.02708781743721,1.0929606058422685
53,179,1091,255,1.4245810055865922,3.3860175609588623,860.048460483551,29.548044360220278,1.1372939036331868
54,166,938,227,1.3674698795180722,3.78837513923645,856.1727814674377,44.18454817827463,1.3168403261910264
55,175,1013,245,1.4,3.3993213176727295,829.434401512146,29.943770841558962,1.1812644598265334
56,176,1045,241,1.3693181818181819,3.459319591522217,830.236701965332,31.795335337364843,1.1461993997027684
57,226,1294,327,1.4469026548672566,3.574462890625,1165.27490234375,35.6754540479648,1.2991779929549452
58,171,1007,224,1.3099415204678362,3.33890438079834,744.5756769180298,28.188226219010236,1.0667285368978994
59,173,1150,269,1.5549132947976878,2.67149019241333,715.9593715667725,14.461503566537832,0.8981835085542272
60,161,961,228,1.4161490683229814,2.5600359439849854,581.1281592845917,12.936282288722884,0.8724148944025099
61,158,1002,217,1.3734177215189873,3.2416350841522217,700.1931781768799,25.575505681943376,1.0081489279641387
62,156,899,207,1.3269230769230769,3.175812005996704,654.217273235321,23.94625647984488,1.049873209967183
63,160,959,230,1.4375,3.2726776599884033,749.4431841373444,26.381886572461955,1.127443133663171
64,156,928,215,1.3782051282051282,3.376342296600342,722.5372514724731,29.263537777360835,1.1232768421949126
65,185,1075,264,1.427027027027027,3.1010262966156006,815.569916009903,22.220744658097043,1.094528998442526
66,155,929,203,1.3096774193548386,3.203291893005371,647.064962387085,24.613421731759008,1.0048626613227676
67,151,985,233,1.5430463576158941,2.668732166290283,619.1458625793457,14.421673313609904,0.9068412848021743
68,156,1089,268,1.7179487179487178,3.5627944469451904,951.2661173343658,35.26159625546589,1.2602267309862154
69,149,1086,320,2.1476510067114094,3.0219054222106934,963.9878296852112,20.530373468319247,1.2806081596355146
70,128,945,230,1.796875,3.5860307216644287,821.2010352611542,36.090537853629016,1.2536959377186772
71,110,861,295,2.6818181818181817,2.0987765789031982,617.0403141975403,8.15618535691993,1.033915216401114
72,108,784,221,2.0462962962962963,3.1281776428222656,688.1990814208984,22.832332940655785,1.2664048493753446
73,111,905,216,1.945945945945946,3.175861358642578,682.8101921081543,23.94743832012417,1.0884937878705798
74,195,1311,404,2.071794871794872,2.8934154510498047,1166.0464267730713,18.05486993803299,1.2831803183461523
75,171,1248,312,1.8245614035087718,3.798389196395874,1181.2990400791168,44.629237625903606,1.3655883549110857
76,64,405,119,1.859375,4.378032684326172,516.6078567504883,79.68112118913852,1.8402656617733466
77,161,1179,319,1.9813664596273293,3.0818893909454346,980.0408263206482,21.799551385694528,1.199236675149721
78,125,1023,252,2.016,3.520519971847534,883.6505129337311,33.801999983487654,1.2461761611813125
79,134,984,259,1.9328358208955223,3.1746044158935547,819.0479393005371,23.917356670586152,1.2008500002837497
80,114,949,222,1.9473684210526316,2.919896125793457,645.297043800354,18.5393615982491,0.9809977291792191
81,106,822,248,2.339622641509434,2.214606523513794,547.0078113079071,9.157805021651699,0.9600553001234106
82,85,703,196,2.3058823529411763,3.1904385089874268,622.1355092525482,24.29908047237265,1.2767451123180387
83,102,884,199,1.9509803921568627,2.9916701316833496,592.3506860733032,19.918921949348366,0.9667210376302373
84,170,1257,342,2.011764705882353,3.364737033843994,1147.375328540802,28.925889768790956,1.3168756535593955
85,163,1224,318,1.950920245398773,3.829047918319702,1213.8081901073456,46.01870380570301,1.4306822356685258
86,67,451,136,2.029850746268657,4.677000999450684,631.3951349258423,107.447354222689,2.0197574944543915
87,135,1139,312,2.311111111111111,3.3524765968322754,1042.6202216148376,28.57341090703869,1.3206172284936595
88,224,1438,375,1.6741071428571428,3.3725996017456055,1261.3522510528564,29.15421798800715,1.2654705406175848
89,276,1679,439,1.5905797101449275,2.8979151248931885,1269.2868247032166,18.136294017556107,1.0906455077218757
90,183,1207,297,1.6229508196721312,3.29681134223938,975.8561573028564,27.026323682164627,1.1664149451216166
91,239,1501,423,1.7698744769874477,3.2396109104156494,1367.115804195404,25.523788774703338,1.314011453053722
92,130,873,200,1.5384615384615385,3.5998024940490723,716.3606963157654,36.59100678835787,1.1838373700601597
93,97,571,209,2.154639175257732,1.990869402885437,414.1008358001709,7.3218966740371485,1.0462718427966402
94,188,1312,349,1.8563829787234043,3.902975082397461,1358.2353286743164,49.54964431262017,1.493536107498954
95,227,1539,421,1.854625550660793,3.7468762397766113,1573.6880207061768,42.3884635773719,1.4752124128519621
96,158,1151,306,1.9367088607594938,4.129423141479492,1259.4740581512451,62.14206541348109,1.5786594073180706
97,197,1365,403,2.045685279187817,3.738243818283081,1502.7740149497986,42.024123325131775,1.588311076150089
98,118,882,221,1.8728813559322033,4.534994125366211,997.6987075805664,93.22296765201953,1.6319444191925299
99,96,615,237,2.46875,2.4810941219329834,585.5382127761841,11.95433676722423,1.373582237110874
100,162,1033,233,1.4382716049382716,3.102376937866211,719.7514495849609,22.250777189473894,1.0052099196407223
101,193,1114,269,1.3937823834196892,2.958733320236206,792.9405298233032,19.273542880245067,1.0269042819532734
102,140,898,189,1.35,2.8007616996765137,526.5431995391846,16.45717742491461,0.8459256823930841
103,120,840,244,2.033333333333333,2.1548445224761963,523.6272189617157,8.626548840244789,0.8993266572268412
104,110,702,184,1.6727272727272726,2.98626971244812,546.487357378006,19.81164136091692,1.123097721364336
105,126,930,183,1.4523809523809523,2.76653790473938,503.50989866256714,15.903479229265782,0.7810873482139679
106,199,1265,311,1.5628140703517588,3.0387070178985596,941.9991755485535,20.87823059695565,1.0743221652848935
107,184,1182,252,1.3695652173913044,3.7149829864501953,932.460729598999,41.057888538018865,1.1381188412996452
108,77,439,109,1.4155844155844155,4.174997806549072,450.8997631072998,65.03969699947679,1.4818014855874941
109,164,1044,220,1.3414634146341464,2.8829877376556396,631.3743145465851,17.867577143877572,0.872490989023972
110,180,1103,292,1.6222222222222222,3.324296236038208,967.3702046871185,27.779441591832025,1.2652948295610584
111,168,1116,262,1.5595238095238095,4.082457065582275,1065.5212941169739,59.29097283017823,1.3774393252546138
112,159,1015,232,1.4591194968553458,4.489437580108643,1037.0600810050964,89.07133629738347,1.4740506758324723
113,186,1153,256,1.3763440860215055,4.08780574798584,1042.3904657363892,59.60895103739567,1.3042944974742634
114,183,1113,273,1.4918032786885247,4.118903636932373,1120.3417892456055,61.49178796869473,1.4522116293309104
115,215,1314,318,1.4790697674418605,4.032973766326904,1278.4526839256287,56.42846706295834,1.4036661697950457
116,165,1051,244,1.4787878787878788,4.142705917358398,1006.6775379180908,62.97299082221611,1.3818541310454244
117,205,1303,300,1.4634146341463414,3.6586525440216064,1093.9371106624603,38.80901418576968,1.2112184532595032
118,138,955,246,1.7826086956521738,3.524704933166504,863.5527086257935,33.94375646171907,1.3045478641682346
119,156,1074,247,1.5833333333333333,3.3180832862854004,816.2484884262085,27.607384361983822,1.0964596335061485
120,131,860,213,1.6259541984732824,4.137157917022705,877.0774784088135,62.624584022188515,1.4713434053206884
121,145,1082,263,1.813793103448276,3.7918055057525635,993.4530425071716,44.336377639338025,1.324630108855036
122,133,972,243,1.8270676691729324,3.9401352405548096,953.5127282142639,51.42555565093884,1.4152552308839759
123,161,1147,285,1.7701863354037266,3.7907159328460693,1076.5633249282837,44.28809623132366,1.3540998867279588
124,137,938,229,1.6715328467153285,3.8865303993225098,886.1289310455322,48.74147933630406,1.3629145142938461
125,129,1005,247,1.9147286821705427,3.1994192600250244,787.057137966156,24.51828731224319,1.1298342585472976
126,230,1355,323,1.4043478260869566,4.430902004241943,1426.7504453659058,84.00715755841188,1.5190891454727027
127,267,1510,355,1.3295880149812733,4.111391067504883,1455.4324378967285,61.03155756336085,1.3905597089420825
128,185,1130,254,1.372972972972973,4.432823657989502,1121.504385471344,84.16874543580548,1.4318485090749846
129,229,1354,377,1.6462882096069869,3.9592084884643555,1488.6623916625977,52.41582179815523,1.5861786189139833
130,130,811,184,1.4153846153846155,4.2860541343688965,784.347906589508,72.67911991164708,1.3952833972482408
131,91,547,155,1.7032967032967032,3.1199944019317627,480.47913789749146,22.646252867551674,1.2672483903022218
132,308,1973,485,1.5746753246753247,1.9170219898223877,927.8386430740356,6.800675801533446,0.6784532230654111
133,186,1094,258,1.3870967741935485,3.263326644897461,838.6749477386475,26.136339001765936,1.1059892029436538
134,225,1567,334,1.4844444444444445,2.4431869983673096,813.5812704563141,11.509663632456883,0.7490425425957031
135,311,2053,467,1.5016077170418007,2.3342201709747314,1087.7465996742249,10.321407856729301,0.7643870555742021
136,179,1229,248,1.3854748603351956,3.523751735687256,870.3666787147522,33.91141677412651,1.02170357293472
137,320,1968,462,1.44375,2.5058224201202393,1155.1841356754303,12.253632456790886,0.8468386300063754
138,283,1863,464,1.6395759717314489,1.9983983039855957,925.2584147453308,7.377230550222035,0.7165140775597814
139,333,2045,456,1.3693693693693694,2.4741785526275635,1125.7512414455414,11.871950923657977,0.7941886226445363
140,312,1957,488,1.564102564102564,2.009605646133423,978.6779496669769,7.460374739518303,0.7214787044516741
141,201,1240,298,1.4825870646766168,3.0130715370178223,894.8822464942932,20.34980922227385,1.041163047739429
142,179,1105,253,1.4134078212290502,3.29351806640625,829.966552734375,26.937464942005573,1.0836096196684084
143,96,630,136,1.4166666666666667,4.274720668792725,577.0872902870178,71.86006374756259,1.321525352154175
144,317,1721,454,1.4321766561514195,3.2812259197235107,1486.3953416347504,26.60837244204494,1.2460285811603202
145,311,1749,469,1.5080385852090032,3.493299722671509,1634.864270210266,32.89431092715038,1.3485480704167554
146,329,1820,428,1.3009118541033435,3.998573064804077,1707.390698671341,54.5202975696497,1.35343082078741
147,102,494,116,1.1372549019607843,5.333635330200195,613.3680629730225,207.18981011621275,1.7913017463377507
148,310,1849,501,1.6161290322580646,2.9435877799987793,1471.7938899993896,18.9838340969921,1.1483773641497004
149,302,1821,518,1.7152317880794703,2.735649585723877,1414.3308358192444,15.419756637138086,1.120509655690701
150,304,1782,425,1.3980263157894737,3.346719741821289,1419.0091705322266,28.409390497125194,1.1488201421452326
151,156,1212,435,2.7884615384615383,2.6315813064575195,1142.1062870025635,13.895725939102663,1.359497587810813
152,168,1101,416,2.4761904761904763,3.2962801456451416,1367.9562604427338,27.011971203401284,1.7925011018108479
153,158,1134,402,2.5443037974683542,2.557739019393921,1025.6533467769623,12.906602722728232,1.3048544947674532
154,123,865,331,2.6910569105691056,2.308715343475342,761.8760633468628,10.061490789214664,1.2706992119797975
155,129,910,327,2.5348837209302326,2.7701938152313232,903.0831837654114,15.961727335893414,1.4317292645368962
156,149,1145,378,2.5369127516778525,2.286634683609009,862.0612757205963,9.84176124744406,1.0861934737332033
157,209,1266,443,2.1196172248803826,2.969444751739502,1312.4945802688599,19.48109974571117,1.4956788484577612
158,199,1271,428,2.150753768844221,3.462502956390381,1478.4887623786926,31.8967127659099,1.6782127501918183
159,85,486,175,2.0588235294117645,3.3531382083892822,583.4460482597351,28.592321661014765,1.7319644453715692
160,179,1242,417,2.329608938547486,2.896084785461426,1204.7712707519531,18.103128804527334,1.3994505134616244
161,317,1779,453,1.4290220820189274,3.394648551940918,1534.381145477295,29.804177013915883,1.2443193195129965
162,312,1641,410,1.314102564102564,2.76155161857605,1129.4746119976044,15.824377307138834,0.9929844128817367
163,326,1795,448,1.3742331288343559,3.198655605316162,1429.7990555763245,24.49957095401107,1.1491721487173743
164,338,1760,462,1.3668639053254439,3.1778206825256348,1464.9753346443176,23.994405104508733,1.2008594604068221
165,213,1095,268,1.2582159624413145,2.9470977783203125,786.8751068115234,19.050584401005544,1.0367313373479072
166,296,1566,377,1.2736486486486487,3.745234489440918,1408.2081680297852,42.318929397563956,1.2973275482477031
167,326,1755,446,1.3680981595092025,3.5702691078186035,1588.7697529792786,35.526152230689505,1.306045722927401
168,310,1571,342,1.103225806451613,3.9254283905029297,1338.571081161499,50.67478200497347,1.229248797370511
169,336,1879,465,1.3839285714285714,3.071763753890991,1425.29838180542,21.579930815947336,1.0943432183170536
170,257,1736,408,1.5875486381322956,2.7027597427368164,1100.0232152938843,14.920852671945127,0.9141693764788129
171,261,1525,373,1.4291187739463602,2.9739973545074463,1106.32701587677,19.569991645558243,1.0466180323979681
172,262,1640,353,1.3473282442748091,2.374830484390259,835.9403305053711,10.74919087598015,0.7353701032312073
173,284,1582,412,1.4507042253521127,2.7480580806732178,1129.4518711566925,15.612284630506498,1.029996595095146
174,263,1517,397,1.5095057034220531,3.4346730709075928,1360.1305360794067,31.02126915216072,1.2935092810569593
175,265,1434,345,1.3018867924528301,3.9424960613250732,1356.2186450958252,51.54710559320146,1.3644420597216849
176,269,1419,357,1.3271375464684014,3.7008135318756104,1317.4896173477173,40.48022291978008,1.3394895964554263
177,264,1453,382,1.446969696969697,3.7112934589385986,1414.002807855606,40.906683437902835,1.4039744244296992
178,217,1294,314,1.4470046082949308,3.54559063911438,1109.769870042801,34.6601509386297,1.2372948130129353
179,217,1416,538,2.47926267281106,4.412692546844482,2369.615897655487,82.49127637532189,2.4142889155079246
180,260,1619,644,2.476923076923077,3.574205160140991,2298.2139179706573,35.66626058069506,2.047944300406586
181,176,1219,465,2.6420454545454546,3.9702210426330566,1842.1825637817383,52.99624397438761,2.180235971435628
182,214,1380,569,2.6588785046728973,3.8245491981506348,2172.3439445495605,45.81214351159072,2.2710361129759566
183,121,826,314,2.5950413223140494,4.026628494262695,1260.3347187042236,56.07154666333887,2.2013058698968164
184,83,570,266,3.2048192771084336,3.1626412868499756,838.0999410152435,23.632934925485607,2.1212677696000433
185,244,1421,357,1.4631147540983607,3.8140017986297607,1357.7846403121948,45.331483841864205,1.378514544105284
186,283,1583,406,1.4346289752650176,3.3220510482788086,1345.4306745529175,27.717141493486746,1.2261820353994863
187,199,1221,289,1.4522613065326633,3.479355573654175,1002.0544052124023,32.43881091435532,1.1839958403774553
188,240,1434,405,1.6875,3.6537296772003174,1476.1067895889282,38.61843206755112,1.4850571444647667
189,142,854,192,1.352112676056338,3.735684871673584,713.5158104896545,41.91672331128895,1.2053696971771592
190,93,570,204,2.193548387096774,2.0293169021606445,411.95133113861084,7.6088869688878065,1.042666916704002
191,224,1790,655,2.924107142857143,2.452991485595703,1604.2564315795898,11.623064995232143,1.2929903900302229
192,221,1584,566,2.5610859728506785,2.4835503101348877,1403.2059252262115,11.983734957117468,1.278029185397642
193,212,1610,582,2.7452830188679247,2.064633369445801,1199.5519876480103,7.882407436414739,1.0748991949492446
194,244,1631,595,2.4385245901639343,2.450854778289795,1455.8077383041382,11.59825642110924,1.287729371268644
195,228,1575,589,2.5833333333333335,2.69970965385437,1587.4292764663696,14.875412079245086,1.454080218996817
196,231,1408,518,2.242424242424242,2.9722988605499268,1536.6785109043121,19.536780345579945,1.5745443658538978
197,221,1437,533,2.411764705882353,2.775210380554199,1476.411922454834,16.042001565851137,1.4822631585490116
198,242,1484,545,2.2520661157024793,3.2505624294281006,1768.3059616088867,25.804849243176694,1.7190877638729989
199,206,1383,518,2.5145631067961167,2.605973243713379,1347.288166999817,13.544400893198151,1.4054417622407935
200,233,1373,377,1.6180257510729614,3.822220802307129,1437.1550216674805,45.70559879433001,1.5101066443906372
201,272,1501,408,1.5,3.581047534942627,1457.4863467216492,35.91113932403686,1.4008716352955999
202,195,1155,306,1.5692307692307692,3.6839492321014404,1123.6045157909393,39.8032764633368,1.4034793617766521
203,230,1375,419,1.8217391304347825,3.6283111572265625,1516.6340637207031,37.64917935116573,1.5913021400531888
204,131,821,205,1.5648854961832062,3.6880950927734375,752.3713989257812,39.968637847617885,1.3220980342715183
205,96,578,206,2.1458333333333335,2.6634912490844727,546.0157060623169,14.346288233836278,1.3628618536048278
206,454,1834,685,1.5088105726872247,2.89376163482666,1979.3329582214355,18.061121323100387,1.557019543671836
207,323,1333,489,1.5139318885448916,3.239349842071533,1580.8027229309082,25.51712619116502,1.7108899092244498
208,487,2119,810,1.6632443531827514,2.439918279647827,1973.8938882350922,11.472103200173517,1.343901332608684
209,463,2041,710,1.5334773218142548,2.9437122344970703,2087.091974258423,18.986196867565944,1.4752754733668707
210,494,2220,710,1.437246963562753,3.2384321689605713,2296.048407793045,25.493720551595942,1.492116059263075
211,137,579,215,1.5693430656934306,2.5159623622894287,538.4159455299377,12.378515665499593,1.3415717004345138
212,500,2390,970,1.94,2.0108742713928223,1948.5371689796448,7.469845165297973,1.1762112596965497
213,414,1844,669,1.6159420289855073,2.382512331008911,1591.5182371139526,10.832082484250012,1.2451602321955775
214,419,1767,626,1.494033412887828,2.5441734790802,1590.1084244251251,12.732699892951887,1.2982691218980709
215,454,1883,691,1.5220264317180616,2.841540813446045,1960.663161277771,17.142158066585427,1.5021980985815817
216,406,1759,691,1.7019704433497538,2.3269710540771484,1605.6100273132324,10.246857303931366,1.3168877907938565
217,433,1883,700,1.6166281755196306,2.3308258056640625,1629.2472381591797,10.28643262088801,1.248277700942267
218,348,2029,546,1.5689655172413792,2.921186923980713,1592.0468735694885,18.5633076240115,1.1320049922924986
219,347,1899,499,1.4380403458213256,2.3802666664123535,1185.372799873352,10.807784552821554,0.9005431595481573
220,362,2125,555,1.5331491712707181,2.780233144760132,1540.249162197113,16.122779451420694,1.045698742604779
221,381,1971,536,1.4068241469816274,2.7857465744018555,1490.3744173049927,16.21191676190117,1.090895880727393
222,215,1202,314,1.4604651162790698,2.7708256244659424,867.26842045784,15.971815289120128,1.0409349827904577
223,315,1793,449,1.4253968253968254,3.461738109588623,1550.8586730957031,31.87232599442523,1.2478617494672668
224,349,1972,518,1.484240687679083,3.2273781299591064,1668.554493188858,25.213463808560128,1.220697410130103
225,341,1859,448,1.313782991202346,3.2904014587402344,1470.8094520568848,26.853642121536,1.1414359884750302
226,381,2167,566,1.4855643044619422,2.757071018218994,1557.7451252937317,15.753633202909167,1.037079449575553
227,153,1098,266,1.738562091503268,2.659970283508301,704.8921251296997,14.295864269433519,0.926178846344536
228,183,1097,272,1.4863387978142077,3.048597574234009,826.1699426174164,21.085752474569926,1.0865189417918562
229,166,1075,227,1.3674698795180722,2.6969010829925537,609.4996447563171,14.83369204458287,0.8179740603846731
230,133,891,252,1.894736842105263,2.0309746265411377,509.77463126182556,7.621510866905383,0.8254201262541365
231,124,832,213,1.717741935483871,2.460761308670044,521.6813974380493,11.713725907349499,0.9045999579421853
232,163,1159,243,1.49079754601227,2.2532808780670166,545.293972492218,9.518915060417687,0.6787686884738273
233,218,1282,310,1.4220183486238531,3.02290940284729,934.0790054798126,20.55099591628051,1.051163142749002
234,210,1330,300,1.4285714285714286,3.393160343170166,1014.5549426078796,29.759855164541424,1.100521341661485
235,98,507,132,1.346938775510204,3.585667848587036,469.72248816490173,36.07744394495047,1.3366199295256973
236,190,1198,262,1.3789473684210527,2.9142560958862305,760.6208410263062,18.435093358765656,0.9159798959477834
237,323,1972,445,1.3777089783281733,2.873034715652466,1275.6274137496948,17.690622831298953,0.9332359755774333
238,231,1293,319,1.380952380952381,3.789335012435913,1205.0085339546204,44.226980103277235,1.3445165012878662
239,334,2165,486,1.4550898203592815,2.3456482887268066,1137.6394200325012,10.440038693554662,0.7580908774137118
240,316,1981,477,1.509493670886076,3.3829941749572754,1610.305227279663,29.45884412784152,1.1727306237829103
241,306,2064,439,1.434640522875817,3.319579839706421,1453.9759697914124,27.648731218669138,1.0163003494136589
242,85,538,112,1.3176470588235294,3.4845762252807617,386.78796100616455,32.60860547880583,1.0372064557976717
243,313,1841,498,1.5910543130990416,3.2849645614624023,1632.627387046814,26.708037804313516,1.2794043644279982
244,323,1720,393,1.21671826625387,3.6917319297790527,1447.1589164733887,40.114261913793484,1.2138424373106997
245,312,1772,363,1.1634615384615385,3.190258026123047,1154.873405456543,24.294695300463296,0.9402540264710518
246,313,1774,373,1.1916932907348243,4.256897926330566,1583.5660285949707,70.59066601436956,1.2878257364003352
247,312,1807,406,1.3012820512820513,2.946577310562134,1193.3638107776642,19.040671765877615,0.9527725798479754
248,317,1755,419,1.3217665615141956,3.097857713699341,1294.9045243263245,22.15044781568832,1.0644742653391854
249,261,1938,830,3.1800766283524906,2.9211931228637695,2421.669098854065,18.563422696141266,1.8027502577867929
250,162,1217,487,3.006172839506173,3.729403495788574,1812.490098953247,41.65425381408016,2.148619948578633
251,192,1563,650,3.3854166666666665,3.116752862930298,2022.7726080417633,22.57296300579201,1.8670787015149628
252,262,2126,891,3.400763358778626,3.0350899696350098,2701.2300729751587,20.802849440054803,1.8330438525782664
253,132,1165,490,3.712121212121212,3.458662271499634,1691.285850763321,31.774442494217183,2.0944289352977807
254,232,1886,762,3.2844827586206895,3.1673591136932373,2410.3602855205536,23.744694443996153,1.8438042580467702
255,218,1682,674,3.091743119266055,3.121501922607422,2100.770793914795,22.680418308059277,1.8018856161862336
256,252,1953,792,3.142857142857143,3.21274733543396,2541.2831423282623,24.84725628632861,1.8772639974048673
257,257,1980,834,3.245136186770428,2.813333749771118,2343.5070135593414,16.66538393288274,1.7075585589649325
258,164,1361,550,3.3536585365853657,3.7226943969726562,2043.7592239379883,41.37572668690237,2.16643739687466
259,152,1145,469,3.085526315789474,3.6666457653045654,1715.9902181625366,39.12046631857584,2.1621402427572596
260,90,666,266,2.9555555555555557,4.069777011871338,1078.4909081459045,58.54390654011024,2.3362364637025994
261,274,1931,767,2.7992700729927007,3.493481397628784,2676.0067505836487,32.90028754256691,1.9993069230722005
262,273,1841,747,2.7362637362637363,3.3415422439575195,2492.7905139923096,28.26268106014382,1.9534690453621701
263,268,1897,739,2.7574626865671643,3.713092088699341,2740.2619614601135,40.980325623807985,2.084007560640574
264,82,546,216,2.6341463414634148,4.5326337814331055,974.5162630081177,93.00318886469604,2.574962966863473
265,262,1885,768,2.931297709923664,3.1071712970733643,2383.2003848552704,22.3577115439805,1.8239954252919721
266,264,1885,737,2.7916666666666665,3.21785044670105,2368.3379287719727,24.974378683835187,1.8126203633891587
267,259,1901,766,2.9575289575289574,3.168764352798462,2424.1047298908234,23.778084872443696,1.8396864136817315
268,251,1529,588,2.3426294820717133,3.2926652431488037,1932.7944977283478,26.91450183853251,1.8236972118575292
269,290,1510,582,2.0068965517241377,3.3493597507476807,1945.9780151844025,28.484490630523773,1.8592402862155533
270,214,1246,499,2.3317757009345796,3.3027431964874268,1644.7661118507385,27.18711632287967,1.9044108450957324
271,309,1451,561,1.8155339805825244,3.0803723335266113,1725.0085067749023,21.76650528729008,1.715135229645367
272,335,1516,585,1.7462686567164178,2.906773090362549,1697.5554847717285,18.297658308263415,1.6154715564076736
273,322,1384,524,1.6273291925465838,3.0670952796936035,1604.0908312797546,21.4794202637607,1.6721198608545933
274,309,1340,507,1.6407766990291262,2.955313205718994,1495.388482093811,19.207737751125478,1.609992199491952
275,345,1480,553,1.6028985507246376,2.9486985206604004,1627.681583404541,19.081103898468676,1.5866541544081263
276,267,1135,435,1.6292134831460674,3.020153522491455,1310.7466287612915,20.49443779983901,1.666086045088848
277,255,1692,808,3.168627450980392,2.642718553543091,2132.6738727092743,14.051351081532319,1.8184385460940486
278,286,1835,894,3.125874125874126,2.1932408809661865,1958.5641067028046,8.964218052198616,1.5398423564050456
279,223,1372,620,2.780269058295964,2.602661371231079,1611.047388792038,13.499617763531775,1.6940598239412443
280,259,1554,730,2.8185328185328187,2.6699914932250977,1946.4237985610962,14.439846355757835,1.807011558334847
281,138,912,413,2.9927536231884058,2.7956013679504395,1151.787763595581,16.372471672985927,1.8220158933069457
282,93,638,379,4.075268817204301,2.6557443141937256,1003.8713507652283,14.235577859684705,2.270031691911442
283,332,1914,405,1.2198795180722892,3.390817165374756,1369.8901348114014,29.690204166928893,1.032567243497974
284,234,1247,287,1.2264957264957266,4.331859588623047,1238.9118423461914,76.08564309223276,1.433337587050088
285,335,2079,446,1.3313432835820895,2.539548635482788,1130.0991427898407,12.673949108687635,0.7842176185742049
286,335,1910,423,1.2626865671641792,3.89275860786438,1642.7441325187683,49.045998755099326,1.2408266038922875
287,310,1991,383,1.235483870967742,3.9122183322906494,1494.467402935028,50.00976729700185,1.082903420886275
288,88,508,105,1.1931818181818181,4.223621845245361,439.2566719055176,68.28033780378523,1.247467366605277
289,316,1815,427,1.3512658227848102,3.860097885131836,1644.401699066162,47.469997748431936,1.307091006320737
290,306,1598,335,1.0947712418300655,4.365496635437012,1458.075876235962,78.68846972180332,1.3163697345966536
291,309,1648,321,1.0388349514563107,3.7219672203063965,1191.0295104980469,41.345650160705475,1.04265313613346
292,315,1703,351,1.1142857142857143,4.570767879486084,1599.7687578201294,96.61827248460986,1.3552427794927762
293,311,1703,361,1.1607717041800643,3.511936664581299,1264.2971992492676,33.51310862668327,1.0710483262282584
294,310,1671,356,1.1483870967741936,3.8480653762817383,1366.063208580017,46.90223722226202,1.1794210751401892
295,278,1890,406,1.460431654676259,2.7607972621917725,1118.1228911876678,15.812444588417119,0.8534975397994066
296,255,1737,433,1.6980392156862745,2.5677952766418457,1109.2875595092773,13.037049644484739,0.9213377438249023
297,284,1769,396,1.3943661971830985,2.654094696044922,1048.3674049377441,14.21211395065466,0.8549883867344913
298,270,1790,431,1.5962962962962963,3.541518211364746,1522.8528308868408,34.51928700192485,1.2273811324716002
299,298,1997,409,1.3724832214765101,3.2414307594299316,1322.503749847412,25.570280507681804,0.9554179276223934
300,283,1562,381,1.3462897526501767,4.0413103103637695,1535.6979179382324,56.90085175564651,1.418401901736872
301,292,1675,360,1.2328767123287672,4.491465091705322,1612.4359679222107,89.25211266582187,1.3888079848790262
302,264,1594,345,1.3068181818181819,3.570408582687378,1228.220552444458,35.53110758167537,1.1116359473836404
303,332,1825,438,1.319277108433735,3.0874931812286377,1349.2345201969147,21.922054420009943,1.0665939459091993
304,145,1074,401,2.7655172413793103,3.2857983112335205,1314.3193244934082,26.730314910195368,1.7655139400290245
305,144,1028,406,2.8194444444444446,3.523831367492676,1427.1517038345337,33.914117308991386,2.002864480270736
306,127,910,373,2.937007874015748,4.258661270141602,1584.2219924926758,70.71525143959015,2.5115925409191386
307,157,1162,486,3.0955414012738856,4.595007419586182,2228.578598499298,98.98887000139523,2.766918495943385
308,126,988,413,3.2777777777777777,4.328388690948486,1783.2961406707764,75.822015387613,2.60400050463781
309,212,1463,631,2.9764150943396226,3.805013418197632,2397.158453464508,44.925852932942476,2.363888320600344
310,251,1693,763,3.039840637450199,2.8983471393585205,2208.5405201911926,18.144130851610157,1.8820144454117929
311,133,943,368,2.7669172932330826,4.012129306793213,1472.4514555931091,55.26442027486486,2.2527024527401
312,160,1069,371,2.31875,2.8773505687713623,1064.619710445404,17.767137956273075,1.4367835142116263
313,161,1128,407,2.527950310559006,2.7694501876831055,1124.3967761993408,15.94986216790896,1.4380865718212117
314,130,889,326,2.5076923076923077,3.0521795749664307,991.95836186409,21.161417089828475,1.609778863250464
315,154,1080,390,2.5324675324675323,3.087749481201172,1201.1345481872559,21.927673762043526,1.6045100519538515
316,136,1024,376,2.764705882352941,2.8676939010620117,1075.3852128982544,17.596392352513412,1.5150907360289392
317,175,1214,439,2.5085714285714285,2.973705530166626,1302.4830222129822,19.56428147886976,1.5478466202543155
318,153,1029,354,2.3137254901960786,2.7398226261138916,967.1573870182037,15.484238353216746,1.3559894713413903
319,123,1041,369,3.0,2.4923717975616455,917.1928215026855,12.089916977468537,1.2711138665906636
320,175,1029,228,1.302857142857143,2.9235711097717285,663.6506419181824,18.607618800331416,0.9304620893859465
321,177,1036,234,1.3220338983050848,3.1620938777923584,736.7678735256195,23.62000158308667,1.0259955187468324
322,160,933,214,1.3375,3.1449928283691406,669.883472442627,23.219508950940302,1.0358387606285708
323,185,1061,253,1.3675675675675676,3.3079092502593994,833.5931310653687,27.327929839637807,1.133478488508116
324,169,978,220,1.301775147928994,3.783799648284912,828.6521229743958,43.9828439776512,1.2223847734532436
325,215,1248,253,1.1767441860465115,3.866631031036377,974.391019821167,47.781141436681644,1.1264015161720653
326,172,1015,199,1.1569767441860466,3.5184319019317627,696.649516582489,33.73149268193469,0.99019980572537
327,175,1129,228,1.302857142857143,2.909604787826538,660.4802868366241,18.349545170168227,0.8439961332365967
328,173,985,237,1.369942196531792,3.33027720451355,785.9454202651978,27.94608741118074,1.1511467616507545
329,168,1004,249,1.4821428571428572,3.4290378093719482,850.4013767242432,30.846947821779253,1.2219819212800924
330,153,892,215,1.4052287581699345,3.4194159507751465,731.7550134658813,30.551566190708076,1.1835194272117306
331,176,999,268,1.5227272727272727,3.4412147998809814,918.804351568222,31.224867102602957,1.3268813629175913
332,163,920,215,1.3190184049079754,4.128226280212402,883.4404239654541,62.06773447311558,1.385364259321526
333,205,1132,267,1.302439024390244,4.025879859924316,1070.8840427398682,56.029585286924096,1.3648048567384563
334,163,942,196,1.2024539877300613,3.9400506019592285,768.3098673820496,51.42120324832479,1.1766845387878346
335,162,1002,226,1.3950617283950617,3.3051536083221436,743.6595618724823,27.252727513043578,1.0707324970290315
336,319,1995,472,1.4796238244514106,3.2295451164245605,1521.115749835968,25.268160285239052,1.1000030821586206
337,230,1344,337,1.4652173913043478,3.979079008102417,1336.970546722412,53.46776816289053,1.4351493880736832
338,318,2243,535,1.6823899371069182,2.2937405109405518,1224.8574328422546,9.911944162032377,0.7878269033247915
339,308,2019,492,1.5974025974025974,3.8116183280944824,1871.5045990943909,45.223566246100916,1.3373008440388139
340,296,2149,463,1.5641891891891893,3.4388482570648193,1588.7478947639465,31.151059486564215,1.0665792038151356
341,84,565,120,1.4285714285714286,3.8056254386901855,452.8694272041321,44.953356891217425,1.156376065128543
342,312,1930,509,1.6314102564102564,3.223148822784424,1637.3596019744873,25.107053504720454,1.2239433046220312
343,298,1728,391,1.3120805369127517,3.9426329135894775,1537.6268362998962,51.55416041404847,1.2837538260808137
344,298,1812,389,1.3053691275167785,3.3631012439727783,1304.883282661438,28.87861177026906,1.0389341284958986
345,300,1813,397,1.3233333333333333,4.318135738372803,1709.9817523956299,75.04858759430512,1.3607182538288995
346,303,1825,409,1.3498349834983498,3.10795521736145,1268.0457286834717,22.37524507920408,1.002412758571001
347,309,1821,415,1.343042071197411,3.348442316055298,1386.2551188468933,28.458369954463798,1.0982665488014023
348,277,1831,695,2.509025270758123,2.9511866569519043,2048.1235399246216,19.128639398438068,1.6137726237996726
349,278,1730,645,2.320143884892086,2.602224111557007,1675.8323278427124,13.493716215416924,1.397523114878664
350,272,1781,703,2.5845588235294117,2.9451746940612793,2067.512635231018,19.01398372638908,1.6747839561050322
351,260,1650,650,2.5,3.1160478591918945,2022.3150606155396,22.557054590890985,1.768232672160668
352,171,1074,401,2.345029239766082,2.990175724029541,1196.0702896118164,19.889177190864647,1.6066710199046499
353,252,1656,611,2.4246031746031744,3.060291051864624,1866.7775416374207,21.333765490735782,1.6263228875381628
354,279,1823,662,2.3727598566308243,3.1933000087738037,2110.7713057994843,24.36871186354612,1.6704329650727578
355,264,1604,569,2.1553030303030303,3.263599157333374,1853.7243213653564,26.14346244974315,1.6673060384096376
356,284,1844,667,2.3485915492957745,2.881649971008301,1919.1788806915283,17.843690476061838,1.5015129358744574
357,230,1806,626,2.7217391304347824,2.4062066078186035,1503.8791298866272,11.091805670584103,1.2013504777319193
358,224,1799,614,2.7410714285714284,2.275545358657837,1394.909304857254,9.733225664298832,1.1186374300208068
359,260,1838,655,2.519230769230769,2.2090587615966797,1444.7244300842285,9.1071403673729,1.1340025956113442
360,244,1771,622,2.5491803278688523,2.769273281097412,1719.718707561493,15.947040781818803,1.4009201869694767
361,255,1838,648,2.541176470588235,2.502333402633667,1619.0097115039825,12.210953815432893,1.270803744253464
362,267,1728,637,2.385767790262172,2.723841905593872,1732.3634519577026,15.238755786103471,1.446338056224921
363,242,1593,559,2.309917355371901,3.13533091545105,1749.5146508216858,22.996244395658042,1.5844420029523119
364,224,1554,545,2.4330357142857144,2.5612802505493164,1393.3364562988281,12.952389008463165,1.2935389934312234
365,273,1805,673,2.4652014652014653,2.4009287357330322,1613.4241104125977,11.03341875393064,1.2895728326553697
366,259,1946,735,2.8378378378378377,2.3636860847473145,1734.9455862045288,10.630062636326997,1.286226820878453
367,160,1184,442,2.7625,3.1432955265045166,1386.1933271884918,23.18013186195873,1.689066080108285
368,193,1587,558,2.8911917098445596,2.63090443611145,1465.4137709140778,13.886323516746794,1.3321645747625301
369,255,2066,714,2.8,2.4022183418273926,1712.781677722931,11.047656696692975,1.1960414484880695
370,147,1195,416,2.8299319727891157,3.1739614009857178,1317.1939814090729,23.901982397164147,1.5902169245754467
371,258,1974,680,2.635658914728682,2.6870663166046143,1824.518028974533,14.688521179532913,1.3334463588723733
372,220,1789,625,2.840909090909091,2.3504271507263184,1466.6665420532227,10.490049600174263,1.1827571530787864
373,269,2010,750,2.7881040892193307,2.436269998550415,1824.7662289142609,11.430325996749255,1.3097418851921687
374,239,1949,745,3.1171548117154813,2.2500195503234863,1674.0145454406738,9.487921326476469,1.2391444243628797
375,171,1216,434,2.538011695906433,3.3579251766204834,1453.9816014766693,28.729520317273856,1.725042800982059
376,151,1172,434,2.8741721854304636,2.85489821434021,1236.170926809311,17.372668829100913,1.5216874281560635
377,88,604,218,2.477272727272727,3.947861433029175,856.6859309673309,51.824418252472604,2.0462525566323064
378,288,1814,651,2.2604166666666665,3.3076062202453613,2149.944043159485,27.319649911271636,1.7098751980457314
379,283,1799,673,2.3780918727915195,3.1846840381622314,2140.1076736450195,24.159653671192412,1.7162438731162233
380,260,1729,628,2.4153846153846152,3.570493459701538,2238.6993992328644,35.53412348398529,1.8679933610840689
381,89,517,190,2.134831460674157,4.333217144012451,818.9780402183533,76.18900371007672,2.285368582630523
382,269,1811,683,2.5390334572490705,3.074747085571289,2096.977512359619,21.64440703636339,1.6705130082478727
383,270,1895,689,2.551851851851852,3.0856330394744873,2122.9155311584473,21.88131419429119,1.6162109282472041
384,272,1824,659,2.422794117647059,3.057032346725464,2011.5272841453552,21.26435818987807,1.591019976671792
385,281,1792,414,1.4733096085409252,2.5035240650177,1033.9554388523102,12.225501597844069,0.832412044716741
386,260,1609,407,1.5653846153846154,2.652567148208618,1076.942262172699,14.1904208395907,0.9656303672842105
387,273,1617,403,1.4761904761904763,2.4129631519317627,970.0111870765686,11.167001691444487,0.8654485647508856
388,274,1723,435,1.5875912408759123,3.2772915363311768,1422.3445267677307,26.503890574051148,1.1909514771928988
389,286,1824,410,1.4335664335664335,2.897228717803955,1184.9665455818176,18.123849408292656,0.9372507450275297
390,277,1435,390,1.407942238267148,3.581141233444214,1393.0639398097992,35.914504301626025,1.4005341028605147
391,278,1561,383,1.3776978417266188,3.9235360622406006,1498.7907757759094,50.578979356416184,1.3852005250109078
392,262,1455,359,1.3702290076335877,3.2354512214660645,1158.291537284851,25.41783826593779,1.1484958465597996
393,319,1749,444,1.3918495297805642,2.939847230911255,1302.352323293686,18.912956776372575,1.0742694329937226
394,286,1871,487,1.7027972027972027,2.101956367492676,1021.5507946014404,8.182161579612538,0.7876997677112123
395,170,1036,256,1.5058823529411764,3.348104953765869,853.7667632102966,28.448770792911155,1.1889238179143984
396,217,1502,353,1.6267281105990783,2.4251480102539062,853.652099609375,11.303902388930913,0.819946505160384
397,297,2002,504,1.696969696969697,2.2652041912078857,1139.3977081775665,9.633091392869842,0.8210806309630497
398,171,1208,269,1.5730994152046784,3.512153387069702,941.2571077346802,33.52037245806835,1.1241282794125098
399,297,1855,473,1.5925925925925926,2.5961949825286865,1225.40403175354,13.41260561811105,0.9530373691084497
400,260,1787,464,1.7846153846153847,2.0971384048461914,970.9750814437866,8.142835043718046,0.7838953188728083
401,308,1921,442,1.4350649350649352,2.7111339569091797,1195.6100749969482,15.046327732098002,0.8979181291176361
402,301,1904,527,1.7508305647840532,2.0087997913360596,1056.6286902427673,7.454365182484736,0.8006265606482359
403,199,1209,305,1.5326633165829147,2.999201536178589,911.757266998291,20.06950574962865,1.0879964330793293
404,172,1053,256,1.4883720930232558,3.387406349182129,863.7886190414429,29.58910884458425,1.1834601681551906
405,88,600,132,1.5,4.485204219818115,587.5617527961731,88.69506225302119,1.4127873782917766
406,308,1642,494,1.603896103896104,3.1529369354248047,1554.3979091644287,23.404701837945396,1.3657260384407397
407,303,1659,488,1.6105610561056105,3.5538628101348877,1730.7311885356903,34.94805478798898,1.5050737208030753
408,303,1689,422,1.3927392739273927,4.18133020401001,1760.340015888214,65.45286099028975,1.5036316229723659
409,97,461,127,1.309278350515464,4.8024115562438965,605.103856086731,121.80380033720135,1.8936666646401643
410,302,1775,540,1.7880794701986755,2.859163761138916,1541.0892672538757,17.44693103286328,1.2525756864419002
411,295,1780,533,1.806779661016949,2.876818895339966,1530.4676523208618,17.757694151802195,1.2404483664293717
412,301,1732,468,1.5548172757475083,3.30855655670166,1545.0959119796753,27.345625111190422,1.2870105138053625
413,152,1022,210,1.381578947368421,3.8254175186157227,799.512261390686,45.85194040908114,1.128622675771295
414,169,971,229,1.3550295857988166,3.5508882999420166,809.6025323867798,34.84425589476591,1.202893469171528
415,156,955,197,1.2628205128205128,3.455630302429199,677.303539276123,31.67824926847773,1.0231858191520482
416,129,831,220,1.7054263565891472,2.705127716064453,592.4229698181152,14.956226718968413,1.028502624145977
417,123,767,172,1.3983739837398375,3.1333889961242676,535.8095183372498,22.951630876170555,1.007835378052483
418,159,1054,200,1.2578616352201257,2.8591930866241455,568.979424238205,17.447442680083697,0.7788081534310398
419,193,1214,294,1.5233160621761659,3.4442121982574463,1009.1541740894318,31.31860087711496,1.1992600679169858
420,197,1250,238,1.2081218274111676,4.45259952545166,1055.2660875320435,85.84982298676937,1.2179417210406225
421,88,436,108,1.2272727272727273,4.611440658569336,493.42415046691895,100.62901731502075,1.6327077406731045
422,174,1155,237,1.3620689655172413,3.5132641792297363,829.1303462982178,33.55762731236564,1.0356556180562664
423,177,972,214,1.2090395480225988,3.5444695949554443,754.9720237255096,34.621317150135,1.1205703648546272
424,181,992,218,1.2044198895027625,3.633516788482666,788.4731431007385,37.84567810224651,1.1466998925660983
425,158,875,186,1.1772151898734178,3.3698842525482178,623.4285867214203,29.075161487170423,1.0279055204701808
426,183,1023,221,1.2076502732240437,3.734607458114624,821.6136407852173,41.87158598539602,1.1586880988148183
427,180,943,213,1.1833333333333333,3.701361894607544,784.6887216567993,40.50242685275793,1.200494726803568
428,214,1127,231,1.0794392523364487,4.169956684112549,959.0900373458862,64.71264896087403,1.2277501691614203
429,177,947,185,1.0451977401129944,4.220703601837158,776.6094627380371,68.0813696180811,1.1831157556490057
430,176,1022,202,1.1477272727272727,3.362517833709717,675.8660845756531,28.86176860549465,0.9540789124484691
431,285,1704,509,1.7859649122807018,3.1979095935821533,1624.538073539734,24.481300802322295,1.3754184403938288
432,291,1647,483,1.6597938144329898,2.6916229724884033,1297.3622727394104,14.755604437579635,1.1364287292760062
433,297,1734,501,1.6868686868686869,3.348459482192993,1674.2297410964966,28.45885847895405,1.392965942784734
434,306,1672,514,1.6797385620915033,3.2683727741241455,1676.6752331256866,26.268559666596126,1.4467290933084778
435,185,1016,284,1.5351351351351352,3.2324440479278564,914.7816655635834,25.341517228123514,1.2989674925243386
436,281,1542,435,1.5480427046263345,3.8159122467041016,1656.10591506958,45.41817006627646,1.5494525232540608
437,293,1662,482,1.6450511945392492,3.8356144428253174,1844.9305469989777,46.32188107304047,1.6014874554392224
438,291,1525,417,1.4329896907216495,3.5974650382995605,1496.5454559326172,36.50557681245116,1.4157762017959996
439,320,1817,503,1.571875,3.0660135746002197,1539.1388144493103,21.456198427312138,1.222073712078007
440,268,1898,401,1.4962686567164178,2.9521636962890625,1180.865478515625,19.14733796472658,0.8975915541683166
441,267,1695,386,1.445692883895131,2.773603677749634,1067.837415933609,16.016247532023954,0.9088871648631877
442,280,1802,374,1.3357142857142856,2.272448778152466,847.6233942508698,9.703132564352122,0.6786137999041068
443,294,1772,419,1.4251700680272108,2.3575384616851807,985.4510769844055,10.564913479524577,0.802316806887184
444,286,1733,410,1.4335664335664335,3.0125210285186768,1232.1211006641388,20.338609562377826,1.025721293538837
445,287,1636,366,1.2752613240418118,3.510312795639038,1281.264170408249,33.458731892719584,1.1298737559392986
446,261,1543,335,1.2835249042145593,3.350315570831299,1119.0054006576538,28.511729694488476,1.0462628271268728
447,302,1729,424,1.403973509933775,3.136847972869873,1326.8866925239563,23.031157494715583,1.107167640905651
448,223,1417,296,1.3273542600896862,3.5288474559783936,1041.009999513626,34.08466089559969,1.0598870598547145
449,301,1808,361,1.1993355481727574,2.9673149585723877,1068.2333850860596,19.439653184553123,0.8523976809600047
450,270,1577,338,1.2518518518518518,3.2171032428741455,1084.163792848587,24.955724702539072,0.991831152475603
451,291,1622,332,1.140893470790378,3.126798152923584,1034.9701886177063,22.800857682892318,0.9205587907439458
452,290,1701,366,1.2620689655172415,3.932609796524048,1435.4025757312775,51.040008038163315,1.2174298516677007
453,291,1743,332,1.140893470790378,3.7910938262939453,1254.852056503296,44.30483557535339,1.0386510837444765
454,283,1466,329,1.1625441696113075,4.18899393081665,1373.9900093078613,65.95640086713925,1.3521477303270342
455,288,1546,322,1.1180555555555556,4.672545909881592,1499.887237071991,106.96973135198054,1.399663569738946
456,271,1499,299,1.103321033210332,3.69631290435791,1101.5012454986572,40.298445876799754,1.0601270076143625
457,331,1731,372,1.1238670694864048,3.4124581813812256,1266.0219852924347,30.339733235534638,1.0551609704435563
458,285,1916,429,1.5052631578947369,2.366107940673828,1012.6941986083984,10.655838316415094,0.7625307402240916
459,172,1101,257,1.494186046511628,3.8174948692321777,977.2786865234375,45.490106794735915,1.2805768525103027
460,217,1527,316,1.456221198156682,2.9524264335632324,930.0143265724182,19.152369345047674,0.8786686685669396
461,288,1974,405,1.40625,2.976024627685547,1202.313949584961,19.609705606639494,0.8787094086412596
462,165,1198,237,1.4363636363636363,4.132501602172852,975.270378112793,62.333662079350916,1.17447223541672
463,291,1942,433,1.4879725085910653,3.069382905960083,1325.9734153747559,21.52861339604234,0.9850542073695994
464,259,1881,455,1.7567567567567568,2.4077861309051514,1093.1349034309387,11.109339277435325,0.8384158980342643
465,294,1966,421,1.4319727891156462,3.1485610008239746,1322.3956203460693,23.30250815286573,0.9704036640725121
466,286,1881,436,1.5244755244755244,2.50317120552063,1088.879474401474,12.221188474506839,0.8351520562704877
467,191,1257,301,1.5759162303664922,3.030025005340576,909.0075016021729,20.697750137210086,1.0432940451012898
468,166,1074,243,1.463855421686747,3.8606607913970947,934.2799115180969,47.496726429741656,1.255010237569216
469,89,628,129,1.449438202247191,4.817784786224365,616.6764526367188,123.69078553757822,1.4166816242866114
470,305,1672,411,1.3475409836065573,3.6496622562408447,1496.3615250587463,38.46167366486032,1.2911443490306818
471,299,1688,448,1.4983277591973243,3.682366132736206,1646.017661333084,39.74031377288087,1.4068136950360721
472,298,1716,388,1.3020134228187918,4.442692279815674,1719.3219122886658,85.00348705418017,1.4454878767777315
473,96,505,111,1.15625,5.699439525604248,626.9383478164673,298.69994037416427,1.791051178887005
474,294,1763,479,1.629251700680272,3.135573625564575,1498.804193019867,23.001826494134445,1.2264987955379165
475,294,1818,480,1.6326530612244898,3.084247589111328,1477.3545951843262,21.85101971019209,1.1723719186506874
476,295,1753,417,1.4135593220338982,3.5858569145202637,1491.7164764404297,36.08426560540987,1.2276622720895414
477,163,1043,232,1.4233128834355828,3.025874137878418,698.9769258499146,20.612014581190373,0.9668365720225163
478,175,1015,256,1.4628571428571429,3.105653762817383,791.9417095184326,22.32380868171086,1.1256456916210549
479,167,1028,216,1.2934131736526946,2.4034767150878906,516.7474937438965,11.06156752314162,0.7252033527394165
480,132,891,258,1.9545454545454546,1.8990720510482788,488.06151711940765,6.679693151225993,0.7902625481446839
481,134,805,199,1.4850746268656716,2.2145750522613525,438.4858603477478,9.157516818593132,0.785840218911337
482,169,1148,228,1.349112426035503,2.0051980018615723,455.1799464225769,7.427564422752231,0.5720260029755713
483,207,1185,283,1.3671497584541064,3.187199115753174,898.790150642395,24.220493551184358,1.0942448043304875
484,215,1270,258,1.2,3.7795655727386475,971.3483521938324,43.79701098659686,1.1034326383352033
485,90,440,108,1.2,4.115694522857666,440.37931394577026,61.294770101931014,1.443938755317379
486,191,1171,237,1.2408376963350785,2.8785347938537598,679.3342113494873,17.788190709822366,0.8369531151324683
487,315,2195,924,2.933333333333333,4.331615924835205,3998.0814986228943,76.06710603473307,2.6277960597417604
488,228,1480,613,2.68859649122807,4.6323561668396,2835.001974105835,102.75588912711103,2.76354276280602
489,296,2063,887,2.9966216216216215,4.09498405456543,3628.1558723449707,60.03838181172908,2.537238237811081
490,245,1812,730,2.979591836734694,4.539815902709961,3309.5257930755615,93.67355348464847,2.6350090780155773
491,178,1276,506,2.842696629213483,4.399703502655029,2221.85026884079,81.42672227851003,2.512110003490923
492,89,628,261,2.932584269662921,4.2995381355285645,1117.8799152374268,73.66576224289916,2.568088869462437
493,223,1509,639,2.8654708520179373,3.9683213233947754,2531.7890043258667,52.895661559576645,2.4205430358635747
494,169,1319,549,3.2485207100591715,4.149099349975586,2273.706443786621,63.37689418437774,2.486933291044912
495,133,889,395,2.969924812030075,3.987374782562256,1571.0256643295288,53.913169629125,2.5495061136529813
496,115,823,366,3.1826086956521737,3.6975619792938232,1349.6101224422455,40.34881310517346,2.365827254897903
497,85,675,312,3.6705882352941175,2.6705570220947266,830.54323387146,14.448014815277157,1.775141636667019
498,116,800,356,3.0689655172413794,1.8885315656661987,670.4287058115005,6.609655705982116,1.209030211429822
499,153,1135,431,2.816993464052288,3.583894729614258,1541.0747337341309,36.01353102395367,1.9588553973546345
500,168,1114,428,2.5476190476190474,3.845137596130371,1641.8737535476685,46.765118607594374,2.1263223716418036
501,152,1106,416,2.736842105263158,3.7100908756256104,1539.6877133846283,40.857519310915194,2.0084085249707693
502,129,895,402,3.116279069767442,2.85935115814209,1146.599814414978,17.45020084182005,1.8482613029504966
503,123,824,324,2.6341463414634148,4.071754455566406,1315.1766891479492,58.65978835610496,2.3026685525807187
504,156,1089,421,2.698717948717949,3.4606380462646484,1453.4679794311523,31.83728369545678,1.9255381506117775
505,194,1267,481,2.479381443298969,3.4183313846588135,1640.7990646362305,30.518448959376485,1.8683288663346012
506,202,1308,495,2.4504950495049505,3.7535359859466553,1854.2467770576477,42.67170208677051,2.045193142083648
507,80,495,193,2.4125,3.9162113666534424,751.9125823974609,50.20985723343182,2.191475866276426
508,178,1194,461,2.5898876404494384,3.5823538303375244,1647.8827619552612,35.958080532828745,1.991115819630874
509,265,1797,367,1.3849056603773584,2.7255308628082275,997.5442957878113,15.264515139725903,0.8008637777407617
510,272,1584,363,1.3345588235294117,2.6388726234436035,955.2718896865845,13.997414352396715,0.8700543042622881
511,272,1721,344,1.2647058823529411,2.302987813949585,789.9248201847076,10.004028020585102,0.662185136987556
512,298,1675,398,1.3355704697986577,2.551939010620117,1013.1197872161865,12.831960984311454,0.872610682294492
513,272,1622,369,1.3566176470588236,3.4064579010009766,1253.5765075683594,30.158231404952037,1.1149991435535007
514,274,1548,313,1.1423357664233578,4.243555545806885,1323.989330291748,69.65507387952414,1.2339230239029748
515,283,1499,334,1.1802120141342756,3.605396270751953,1200.5969581604004,36.79626225106916,1.1555005187754397
516,280,1552,360,1.2857142857142858,3.6404876708984375,1306.935073852539,38.11041753593006,1.214889658383318
517,223,1355,285,1.2780269058295963,3.693009614944458,1048.814730644226,40.16554806796414,1.116693587241121
518,180,1087,237,1.3166666666666667,3.376708507537842,796.9032077789307,29.274256367477527,1.057670934619292
519,179,1120,252,1.4078212290502794,3.2051494121551514,804.492502450943,24.65918412306834,1.03628334260565
520,175,1005,234,1.3371428571428572,3.1315219402313232,729.6446120738983,22.90881887712459,1.0474175755725021
521,183,1103,259,1.4153005464480874,3.2046680450439453,826.8043556213379,24.647316859326704,1.0814383895197635
522,165,1031,243,1.4727272727272727,3.4888267517089844,844.2960739135742,32.74750420541187,1.181437205506436
523,223,1314,279,1.251121076233184,3.678762435913086,1022.6959571838379,39.59735946708443,1.12286026314027
524,186,1079,223,1.1989247311827957,3.504598617553711,778.0208930969238,33.26808794564682,1.0402658796839057
525,181,1181,254,1.4033149171270718,2.646247625350952,669.5006492137909,14.10102691172579,0.8178537396212342
526,360,1822,676,1.8777777777777778,3.119401693344116,2105.5961430072784,22.632834216066883,1.6672519833323434
527,375,1687,599,1.5973333333333333,2.74592924118042,1642.065686225891,15.579083934427453,1.4042679444766009
528,445,1889,737,1.6561797752808989,2.7768023014068604,2043.7264938354492,16.067559500369256,1.5608650490152414
529,405,1637,635,1.5679012345679013,3.16084361076355,2003.9748492240906,23.590488727206708,1.7661115314855245
530,251,1052,393,1.5657370517928286,2.9112331867218018,1141.2034091949463,18.379449891050992,1.5650270903908055
531,300,1794,490,1.6333333333333333,3.260923147201538,1594.5914189815521,26.073595802966786,1.282335079380591
532,308,1750,458,1.4870129870129871,2.8351047039031982,1295.6428496837616,17.03218354313528,1.068124293715433
533,325,1848,487,1.4984615384615385,3.3056459426879883,1606.5439281463623,27.2661482708403,1.2541953236509913
534,320,1743,480,1.5,3.3564810752868652,1607.7544350624084,28.688061920937066,1.3307512050669958
535,200,1088,285,1.425,3.151536226272583,895.0362882614136,23.371941607009877,1.1868239103772116
536,292,1664,419,1.4349315068493151,3.7613956928253174,1572.2633996009827,43.00841063910299,1.3631590201776205
537,329,1857,483,1.4680851063829787,3.866975784301758,1863.8823280334473,47.79761698105124,1.448041890928611
538,315,1656,375,1.1904761904761905,3.8819286823272705,1451.8413271903992,48.51770012166851,1.2648335041637924
539,343,1920,494,1.4402332361516035,3.139507532119751,1547.7772133350372,23.09249174755305,1.1630054739996862
540,285,1994,511,1.792982456140351,2.0501716136932373,1045.587522983551,7.769234298898107,0.7565014715264514
541,183,1154,280,1.530054644808743,3.2989346981048584,920.4027807712555,27.083771154206666,1.1506590359091007
542,226,1624,347,1.5353982300884956,2.656520366668701,919.1560468673706,14.246629702965915,0.8165405607257753
543,305,2109,488,1.6,2.5378923416137695,1235.9535703659058,12.652974699170548,0.8454737253370795
544,174,1285,267,1.5344827586206897,3.5559492111206055,945.882490158081,35.021046562524546,1.0619610722293908
545,328,2050,489,1.4908536585365855,2.4438469409942627,1192.5973072052002,11.51726185703021,0.8392947418938899
546,273,1879,477,1.7472527472527473,2.202683448791504,1048.4773216247559,9.049264184185606,0.8050202407624152
547,310,2079,480,1.5483870967741935,2.4562342166900635,1176.5361897945404,11.66081664564845,0.8164420040610774
548,296,2002,517,1.7466216216216217,2.080000638961792,1073.2803297042847,8.004474028847788,0.7734346699041175
549,198,1278,315,1.5909090909090908,2.8610525131225586,898.3704891204834,17.47991509801375,1.0141429182590875
550,200,1203,285,1.425,3.1218647956848145,886.6096019744873,22.68864991467116,1.063264568556218
551,101,675,151,1.495049504950495,4.005975723266602,600.8963584899902,54.925390243287666,1.2843114021951787
552,315,1821,473,1.5015873015873016,3.2241382598876953,1521.7932586669922,25.13190764879035,1.2056472199544894
553,324,1875,509,1.5709876543209877,3.343006134033203,1698.2471160888672,28.304084816339937,1.306694769378876
554,345,1927,465,1.3478260869565217,3.812488317489624,1768.9945793151855,45.26292738855112,1.324400470647367
555,107,542,129,1.205607476635514,4.971952438354492,636.409912109375,144.30836568501226,1.693995247551248
556,313,1950,510,1.6293929712460065,2.911761522293091,1482.0866148471832,18.389162973866796,1.0965123125168936
557,315,1981,541,1.7174603174603174,2.832559108734131,1529.5819187164307,16.98888163693405,1.1139425788821908
558,326,1904,468,1.4355828220858895,3.1341042518615723,1463.6266856193542,22.968053034156476,1.1090162610587144
559,220,1823,722,3.2818181818181817,2.8706419467926025,2069.7328436374664,17.648343861949073,1.6379557375100302
560,213,1703,683,3.2065727699530515,3.1082022190093994,2119.7939133644104,22.380772484222884,1.7957816597283873
561,205,1742,719,3.5073170731707317,2.579239845275879,1851.894208908081,13.187110104660984,1.5337075725847753
562,225,1655,687,3.0533333333333332,2.8973965644836426,1987.6140432357788,18.126891691550426,1.732641041315722
563,225,1702,734,3.2622222222222224,2.860752820968628,2096.9318177700043,17.474677289511757,1.7774577758983932
564,212,1544,616,2.9056603773584904,3.1816632747650146,1956.722913980484,24.08678319134416,1.828338370721144
565,193,1506,635,3.290155440414508,3.1060118675231934,1969.2115240097046,22.331804374213508,1.886435391866002
566,203,1514,623,3.0689655172413794,3.448362350463867,2144.8813819885254,31.448847923234744,2.043863760297168
567,185,1437,598,3.2324324324324323,3.2105259895324707,1916.684015750885,24.792123192919885,1.9242801144571646
568,171,1231,548,3.2046783625730995,2.537170886993408,1387.8324751853943,12.64384944423699,1.6264979931231713
569,179,1239,600,3.35195530726257,2.306349754333496,1381.5035028457642,10.0377175657788,1.6086265153561872
570,166,1115,540,3.253012048192771,2.1036932468414307,1133.8906600475311,8.196385356004283,1.4671376073191809
571,135,962,460,3.4074074074074074,1.988104224205017,912.5398389101028,7.301678288061629,1.3685204783879614
572,126,905,421,3.3412698412698414,2.359511137008667,990.9946775436401,10.585775193569466,1.5797824384967594
573,163,1078,486,2.98159509202454,2.111088752746582,1023.8780450820923,8.257226470415048,1.370263245004658
574,222,1521,662,2.981981981981982,2.2111802101135254,1461.5901188850403,9.126481204839758,1.3863437319709127
575,214,1466,697,3.2570093457943927,2.3506219387054443,1636.0328693389893,10.492093134758337,1.6100249026785138
576,89,564,268,3.0112359550561796,2.3544442653656006,628.6366188526154,10.532274085506902,1.6080335683331093
577,197,1339,607,3.081218274111675,2.2278504371643066,1350.0773649215698,9.279896903170997,1.4546302607832624
578,272,1713,337,1.2389705882352942,2.95086407661438,991.4903297424316,19.12246987062222,0.8350368837179039
579,281,1543,332,1.1814946619217082,2.756549835205078,912.4179954528809,15.74542481609804,0.8531049366543876
580,240,1499,282,1.175,2.3318567276000977,655.2517404556274,10.29704259800982,0.6306393839154076
581,294,1600,338,1.1496598639455782,2.6579766273498535,895.7381234169006,14.267391623356305,0.807673092867968
582,279,1559,358,1.2831541218637992,3.12827467918396,1116.7940604686737,22.834548614672077,1.0334786739784507
583,272,1454,303,1.1139705882352942,3.9628703594207764,1196.7868485450745,52.60811363272206,1.1874817409883838
584,269,1378,289,1.0743494423791822,3.5040781497955322,1009.1745071411133,33.25077748365429,1.0565537422670885
585,280,1464,336,1.2,3.3956117630004883,1137.5299406051636,29.83289855707049,1.1209759591351
586,227,1233,259,1.1409691629955947,3.6807985305786133,949.6460208892822,39.678065574219616,1.111151342203491
587,296,1858,391,1.320945945945946,2.487748622894287,970.221962928772,12.034152184083059,0.7533554437453687
588,265,1679,385,1.4528301886792452,2.6559784412384033,1019.8957214355469,14.238911183653691,0.8763540795348035
589,281,1661,345,1.2277580071174377,2.581287384033203,887.9628601074219,13.21413888549255,0.771258046219481
590,280,1782,406,1.45,3.504641056060791,1419.3796277046204,33.269499823591424,1.1491200617442643
591,290,1862,391,1.3482758620689654,2.9901652336120605,1166.1644411087036,19.88896854618696,0.9035551321420926
592,283,1512,371,1.3109540636042403,3.694270610809326,1366.8801259994507,40.21622860524634,1.3042269704160643
593,288,1631,350,1.2152777777777777,4.312980651855469,1505.2302474975586,74.66270112589272,1.3314458696877958
594,275,1556,330,1.2,3.2213709354400635,1059.8310377597809,25.06245564876946,0.9826561583266322
595,335,1896,430,1.2835820895522387,2.94203519821167,1262.1331000328064,18.954383010449906,0.9603761415396329
596,154,998,247,1.603896103896104,2.9079768657684326,715.3623089790344,18.31969784198308,1.0341178913857028
597,169,964,268,1.5857988165680474,3.2420520782470703,865.6279048919678,25.5861727406812,1.2954741552310636
598,158,981,226,1.4303797468354431,2.4370508193969727,548.3364343643188,11.439254518904951,0.806403929251926
599,131,866,272,2.0763358778625953,1.9221383333206177,520.8994883298874,6.835559557497313,0.8677818806179295
600,123,747,195,1.5853658536585367,2.6568069458007812,515.4205474853516,14.250713074817892,0.9954413223954367
601,161,1095,230,1.4285714285714286,2.0199429988861084,462.5669467449188,7.537895252990081,0.6094456987653367
602,194,1131,292,1.5051546391752577,3.3391642570495605,971.6967988014221,28.19555262150637,1.2394890830048564
603,196,1148,260,1.3265306122448979,3.908379316329956,1012.2702429294586,49.818147054085806,1.2721230483569654
604,87,434,117,1.3448275862068966,4.419692039489746,512.6842765808105,83.07069892391253,1.7042559063706937
605,178,1082,249,1.398876404494382,2.8134572505950928,697.737398147583,16.667442248629534,0.930334828235015
606,234,1420,549,2.3461538461538463,2.692709445953369,1475.6047763824463,14.771644722354624,1.4991885163373404
607,336,1542,549,1.6339285714285714,2.9131295680999756,1596.3950033187866,18.41433740712798,1.49358700038128
608,356,1571,540,1.5168539325842696,2.6803221702575684,1444.6936497688293,14.58979293614609,1.3267042419638873
609,422,1798,630,1.4928909952606635,2.8614909648895264,1799.877816915512,17.48758087808952,1.4442017801279547
610,425,1848,662,1.5576470588235294,2.5760936737060547,1702.7979183197021,13.14568639098572,1.3293388054090283
611,401,1761,662,1.6508728179551122,2.2252044677734375,1470.8601531982422,9.255375036376037,1.2049986648837507
612,389,1634,584,1.5012853470437018,2.925978183746338,1705.845281124115,18.652462664872644,1.5061288418614445
613,352,1562,573,1.6278409090909092,2.439316511154175,1395.289044380188,11.465201726664649,1.2887174039270153
614,410,1866,682,1.6634146341463414,2.377405881881714,1619.0134055614471,10.77690999374952,1.2517377338350761
615,249,1503,366,1.4698795180722892,4.082858085632324,1490.2432012557983,59.314754467207955,1.430450083945598
616,288,1630,400,1.3888888888888888,3.771958589553833,1505.0114772319794,43.465111836580114,1.3320690764929752
617,204,1236,281,1.3774509803921569,3.9317538738250732,1100.8910846710205,50.996340427443144,1.284991997098506
618,256,1497,428,1.671875,3.579651117324829,1528.511027097702,35.86102737315824,1.473062978448865
619,146,883,210,1.4383561643835616,3.7988474369049072,793.9591143131256,44.64969323690792,1.2972150361134087
620,91,589,221,2.4285714285714284,2.280329704284668,501.67253494262695,9.77990435439477,1.228795379137391
621,303,1853,467,1.5412541254125414,2.9333760738372803,1366.9532504081726,18.790963207826724,1.064272355904436
622,229,1257,338,1.4759825327510918,3.6490843296051025,1229.7414190769196,38.43945206104104,1.4114095838329581
623,308,2089,509,1.6525974025974026,2.3011209964752197,1168.9694662094116,9.98536974747606,0.8073080190765615
624,301,1902,498,1.654485049833887,3.358215808868408,1669.0332570075989,28.737871255812706,1.2659863317369178
625,290,2023,457,1.5758620689655172,3.212728977203369,1465.0044136047363,24.8468001388552,1.0447625320751344
626,82,532,128,1.5609756097560976,3.157475471496582,400.9993848800659,23.511166335217727,1.0874432781315713
627,304,1781,518,1.7039473684210527,3.159970760345459,1633.7048830986023,23.56990674306166,1.3233789630109138
628,308,1658,412,1.3376623376623376,3.5776588916778564,1470.417804479599,35.7896552330088,1.279471938816378
629,297,1657,393,1.3232323232323233,3.0945067405700684,1213.0466423034668,22.076346485380387,1.0561595505239711
630,300,1701,420,1.4,3.967487096786499,1662.377093553543,52.85155299206965,1.4099372069118783
631,298,1750,428,1.436241610738255,2.9924259185791016,1277.7658672332764,19.933982099950544,1.0533865600426477
632,309,1723,447,1.4466019417475728,3.1655099391937256,1411.8174328804016,23.700826932373758,1.1821369756570763
633,224,1790,679,3.03125,3.3585846424102783,2277.1203875541687,28.748472701618013,1.83530183834165
634,225,1675,661,2.937777777777778,3.587430477142334,2367.7041149139404,36.141091154565984,2.039328349181334
635,230,1631,640,2.782608695652174,4.351855754852295,2780.8358273506165,77.62237745252253,2.4597780856193086
636,251,1907,784,3.1235059760956174,4.602337837219238,3603.6305265426636,99.71716585466567,2.7262401100362794
637,329,2451,999,3.0364741641337387,4.47003698348999,4461.09690952301,87.35995382967522,2.625867967480183
638,248,1708,713,2.875,4.37901496887207,3117.858657836914,79.75942917714919,2.633559264551543
639,182,1304,570,3.131868131868132,4.511900901794434,2567.2716131210327,91.0948163323314,2.8403297736692665
640,193,1485,619,3.2072538860103625,4.284275054931641,2647.681983947754,72.54993293491574,2.5722543219477956
641,228,1595,675,2.960526315789474,4.476524829864502,3017.1777353286743,87.92857435618026,2.729070442783242
642,254,1134,377,1.484251968503937,2.509127140045166,943.4318046569824,12.29419426591777,1.2002507813011938
643,273,1114,425,1.5567765567765568,2.5122318267822266,1065.186294555664,12.332423201525046,1.3794784423504014
644,236,937,342,1.4491525423728813,2.903543710708618,990.1084053516388,18.238663532343498,1.5244658338775763
645,301,1227,456,1.5149501661129567,2.8111491203308105,1279.0728497505188,16.62901598421876,1.5039218070666567
646,263,1050,376,1.429657794676806,3.1451969146728516,1179.4488430023193,23.22424821828941,1.6205571397920682
647,318,1316,477,1.5,2.751732110977173,1309.8244848251343,15.669750137718925,1.4359249914074184
648,277,1141,416,1.5018050541516246,2.5529558658599854,1059.476684331894,12.84501586741439,1.339615914481249
649,254,1043,389,1.531496062992126,2.478229522705078,961.5530548095703,11.920141384767549,1.3300362643580066
650,219,1515,559,2.5525114155251143,3.544179916381836,1977.6523933410645,34.61128954882725,1.8832668650002267
651,255,1682,618,2.4235294117647057,3.315077781677246,2045.4029912948608,27.52453480579165,1.7543952153154263
652,186,1213,447,2.403225806451613,3.37764835357666,1506.4311656951904,29.301782594545404,1.7916906613264896
653,227,1461,549,2.4185022026431717,3.5600576400756836,1950.9115867614746,35.165224012865174,1.9264684951633115
654,126,845,308,2.4444444444444446,3.45440936088562,1060.5036737918854,31.63959557966698,1.81063123198116
655,85,634,292,3.4352941176470586,2.5307557582855225,736.449925661087,12.56299713894343,1.67582437794053
656,262,1892,888,3.3893129770992365,2.1002674102783203,1862.9371929168701,8.168353922337097,1.4205339586198598
657,168,1199,579,3.4464285714285716,2.474200963973999,1430.0881571769714,11.872216993044468,1.7207515366082178
658,200,1462,685,3.425,2.1966712474823,1502.523133277893,8.995021408843309,1.482683087004763
659,273,1977,938,3.4358974358974357,2.197258949279785,2058.8316354751587,9.000309352808591,1.5024108196890873
660,154,1179,593,3.8506493506493507,2.286245346069336,1353.4572448730469,9.837930226162525,1.6561713784848042
661,270,1929,880,3.259259259259259,2.4544668197631836,2157.4763345718384,11.640225555818484,1.6135720107423999
662,209,1603,772,3.6937799043062203,2.1306698322296143,1642.7464406490326,8.420505248631002,1.4784667145117627
663,267,1988,973,3.644194756554307,1.9962037801742554,1940.3100743293762,7.361058793260864,1.4080863792866636
664,259,1883,921,3.555984555984556,1.9693498611450195,1811.801872253418,7.166016068069351,1.3881452873995461
665,172,1311,618,3.5930232558139537,2.175990104675293,1342.5858945846558,8.810904522677166,1.4774538612393253
666,169,1136,553,3.272189349112426,2.3492860794067383,1296.8059158325195,10.478086532089511,1.6469150209216958
667,95,651,313,3.294736842105263,2.6972291469573975,841.535493850708,14.838559242740796,1.8649448290483277
668,313,1907,856,2.7348242811501597,2.4278979301452637,2075.8527302742004,11.335029994555404,1.5704365178722621
669,310,1946,926,2.9870967741935486,2.1531050205230713,1991.622143983841,8.611555985519027,1.4765176723793076
670,290,1814,827,2.8517241379310345,2.4625024795532227,2034.027048110962,11.734139272253985,1.6176850801233198
671,95,564,260,2.736842105263158,2.953148603439331,764.8654882907867,19.16620560470821,1.9565029200429673
672,326,2052,962,2.950920245398773,2.043210983276367,1963.5257549285889,7.715343305551546,1.3804916517023553
673,324,2099,932,2.876543209876543,2.1352319717407227,1987.9009656906128,8.459008530219313,1.366333904230695
674,332,2071,988,2.9759036144578315,1.960602045059204,1935.1142184734344,7.103602466802965,1.3480346144593656
675,263,1719,676,2.570342205323194,3.734539270401001,2520.8140075206757,41.868730955022,2.1156287769944813
676,301,1760,654,2.1727574750830563,3.767732620239258,2460.3294010162354,43.28181717928816,2.0167642192042257
677,306,1824,717,2.343137254901961,4.066216468811035,2911.410991668701,58.33582909413351,2.302784100696302
678,275,1572,636,2.3127272727272725,4.463557243347168,2834.3588495254517,86.79571406771589,2.6012184836578354
679,191,1062,409,2.141361256544503,4.490781307220459,1832.2387733459473,89.19110431659813,2.489041235433781
680,275,1663,621,2.2581818181818183,4.257750988006592,2639.805612564087,70.65090989845254,2.2900988972682264
681,289,1790,710,2.4567474048442905,4.066511154174805,2883.1564083099365,58.35302234232579,2.3237516493720562
682,254,1505,568,2.236220472440945,4.60714864730835,2612.2532830238342,100.1980419766213,2.5041095395112287
683,293,1727,680,2.3208191126279862,3.786863327026367,2571.2801990509033,44.11779990698068,2.1479867932291405
684,255,1872,683,2.6784313725490194,2.7116105556488037,1849.3183989524841,15.053500502061878,1.4252150017059118
685,202,1328,486,2.405940594059406,3.3895792961120605,1643.9459586143494,29.65347431385573,1.7859282243843184
686,256,2130,789,3.08203125,2.005721092224121,1580.5082206726074,7.431450726474379,1.070512381243479
687,291,2018,758,2.604810996563574,2.7533090114593506,2084.2549216747284,15.69447926683019,1.4900615656335705
688,255,2042,676,2.6509803921568627,2.7689311504364014,1869.028526544571,15.941585743436109,1.3204888278775018
689,80,565,214,2.675,2.3082687854766846,491.6612513065338,10.056998753076307,1.2554287593932723
690,286,2200,905,3.164335664335664,2.212857723236084,2000.42338180542,9.141803845195572,1.3118185875495494
691,263,1849,690,2.623574144486692,2.5463125705718994,1754.4093611240387,12.759965454327824,1.3688900405531774
692,253,1799,670,2.6482213438735176,2.567899703979492,1717.9249019622803,13.038411139957313,1.3776774522960757
693,256,1858,716,2.796875,2.751741647720337,1967.495278120041,15.669899576814014,1.5277156516233772
694,257,1984,784,3.0505836575875485,2.1645419597625732,1694.8363544940948,8.710611192546093,1.232425405114395
695,276,1955,748,2.710144927536232,2.3533055782318115,1757.9192669391632,10.520287946042702,1.2972590325812239
696,157,883,208,1.3248407643312101,2.2689907550811768,469.6810863018036,9.669636855925335,0.7673913635412835
697,171,995,206,1.2046783625730995,2.4760923385620117,507.5989294052124,11.894693051190798,0.7359904102647709
698,163,921,192,1.177914110429448,2.662898302078247,508.6135756969452,14.337784166657322,0.7967147485198548
699,168,931,205,1.2202380952380953,2.9168126583099365,595.029782295227,18.482284123088316,0.9220692976354067
700,175,966,201,1.1485714285714286,2.961160898208618,592.2321796417236,19.320387745167334,0.8844828453664352
701,213,1128,261,1.2253521126760563,2.773635149002075,721.1451387405396,16.016751591324844,0.9223337902678723
702,152,895,185,1.2171052631578947,3.0527360439300537,561.7034320831299,21.173196038671023,0.9054377161079801
703,158,976,218,1.379746835443038,2.320756435394287,503.6041464805603,10.183374458245844,0.7444131195682617
704,274,2018,763,2.7846715328467155,2.3459601402282715,1787.6216268539429,10.443294943003348,1.2779944777245016
705,227,1464,535,2.356828193832599,2.9172203540802,1557.795669078827,18.489820808383076,1.5351257421436668
706,274,2249,832,3.0364963503649633,1.817994236946106,1510.753210902214,6.159491570891484,0.9691223501003567
707,313,2227,823,2.6293929712460065,2.38946795463562,1964.1426587104797,10.907689013560235,1.2724108097530638
708,273,2078,733,2.6849816849816848,2.6583709716796875,1945.9275512695312,14.27301899783318,1.3510009760085453
709,82,593,218,2.658536585365854,2.324180841445923,504.34724259376526,10.21830624353942,1.227013938914078
710,348,2493,1156,3.32183908045977,1.6072444915771484,1856.3673877716064,4.989044914663737,1.0742767847597656
711,296,1959,773,2.6114864864864864,2.2838995456695557,1763.170449256897,9.814879452332491,1.298477418777382
712,257,1844,652,2.536964980544747,2.4407224655151367,1588.910325050354,11.481332614020102,1.243119873301202
713,273,1910,700,2.5641025641025643,2.625641345977783,1835.3233008384705,13.813430533884295,1.3862889133757195
714,245,1875,715,2.9183673469387754,1.9266771078109741,1375.6474549770355,6.866655135370048,1.058474539363676
715,269,1969,802,2.9814126394052045,1.8662384748458862,1494.8570183515549,6.463936353358867,1.0952883733945407
716,344,2151,504,1.4651162790697674,2.313837766647339,1163.8603966236115,10.113162231289472,0.7806116329595287
717,262,1467,387,1.4770992366412214,2.609466791152954,1007.2541813850403,13.591801650446211,0.9905661979542401
718,355,2355,539,1.5183098591549296,1.6830589771270752,905.4857296943665,5.381994213397058,0.5547090326224149
719,371,2239,552,1.4878706199460916,2.5736148357391357,1418.0617744922638,13.113140718847523,0.913725185231886
720,355,2214,511,1.43943661971831,2.533508062362671,1292.0891118049622,12.59762195434302,0.8419559864442838
721,95,632,143,1.5052631578947369,2.3642144203186035,335.7184476852417,10.63568036043386,0.7663597145734796
722,427,2638,768,1.7985948477751756,1.888929843902588,1448.809190273285,6.612288712299586,0.7923388301749896
723,370,2120,547,1.4783783783783784,2.2389779090881348,1222.4819383621216,9.383735353695467,0.8319191651185662
724,331,1996,449,1.3564954682779455,2.0639755725860596,924.6610565185547,7.877224118527879,0.6683386376465273
725,367,2110,506,1.3787465940054495,2.5706398487091064,1298.1731235980988,13.074187267022925,0.8876151315783471
726,272,1738,456,1.6764705882352942,1.9146150350570679,871.1498409509659,6.784326566333517,0.7231320802135602
727,330,1999,504,1.5272727272727273,2.0712335109710693,1041.8304560184479,7.934604505593447,0.7518977650549785
728,258,1756,366,1.4186046511627908,2.7604081630706787,1007.5489795207977,15.806293176957427,0.8277824124187875
729,260,1611,349,1.3423076923076922,2.4202702045440674,842.2540311813354,11.24889840774053,0.7542617715419312
730,286,1830,371,1.2972027972027973,1.929722785949707,713.9974308013916,6.887600637239496,0.5628855478823107
731,279,1663,376,1.3476702508960574,2.7275800704956055,1022.842526435852,15.29582737317174,0.8873420568246195
732,253,1587,394,1.5573122529644268,2.7971277236938477,1099.2711954116821,16.397480970845017,0.9993151242674961
733,236,1428,325,1.3771186440677967,3.218371629714966,1042.752408027649,24.987398298294547,1.0534830027566626
734,241,1426,333,1.3817427385892116,2.9911398887634277,993.058443069458,19.908362881695076,1.0046847763879538
735,281,1713,428,1.5231316725978647,3.0492231845855713,1302.018299818039,21.09894806680767,1.0965647077023726
736,198,1299,302,1.5252525252525253,2.9548699855804443,889.4158656597137,19.19922638128279,0.9878028165321274
737,260,1944,783,3.0115384615384615,3.4255080223083496,2678.7472734451294,30.73825660568291,1.9879708884743417
738,263,1801,705,2.6806083650190113,3.2390222549438477,2280.2716674804688,25.508768478103615,1.8266166721564019
739,274,1996,814,2.9708029197080292,3.6266372203826904,2948.4560601711273,37.586209721003996,2.131123715575099
740,258,1734,720,2.7906976744186047,3.5548465251922607,2555.9346516132355,34.98245063079033,2.1265480084882786
741,171,1158,466,2.7251461988304095,3.3119096755981445,1540.0379991531372,27.437472144442214,1.918657326561997
742,235,1739,668,2.842553191489362,3.520916223526001,2348.4511210918427,33.81539673678434,1.9483029247667212
743,266,1972,764,2.8721804511278197,3.4155566692352295,2606.06973862648,30.4338863212275,1.9065739797805374
744,245,1614,635,2.5918367346938775,3.5229318141937256,2233.538770198822,33.88362347035796,1.9964778856252012
745,292,2141,850,2.910958904109589,3.042889356613159,2583.413063764572,20.96573328446303,1.7408114038584364
746,250,1687,396,1.584,2.717437267303467,1073.3877205848694,15.141468943370416,0.9179437708588615
747,247,1567,372,1.5060728744939271,2.637894630432129,978.6589078903198,13.98373167085541,0.901025113679115
748,270,1716,363,1.3444444444444446,2.084871292114258,754.7234077453613,8.043556145965788,0.6345196489493309
749,275,1645,405,1.4727272727272727,2.8378713130950928,1146.5000104904175,17.07937018208057,1.005501446512869
750,234,1480,408,1.7435897435897436,2.8570785522460938,1162.8309707641602,17.41058844123714,1.1335205911578061
751,227,1364,343,1.5110132158590308,3.2313497066497803,1105.1215996742249,25.313800128520928,1.1688808294936088
752,227,1369,370,1.6299559471365639,2.9807541370391846,1099.898276567459,19.70266955637635,1.1591072235837772
753,268,1639,470,1.7537313432835822,3.118659734725952,1462.6514155864716,22.616047817843288,1.287467933993792
754,194,1247,324,1.6701030927835052,2.954401969909668,954.2718362808228,19.190242944828064,1.1040282645247377
755,152,985,248,1.631578947368421,2.4412662982940674,602.9927756786346,11.48757823717478,0.8831824235161801
756,162,931,266,1.6419753086419753,2.6272644996643066,696.2250924110413,13.835870061052878,1.0788834459332648
757,153,957,228,1.4901960784313726,2.143637180328369,486.6056399345398,8.53040790432806,0.7335669212143794
758,128,863,268,2.09375,1.8297089338302612,488.53228533267975,6.232072449052744,0.8166895774781103
759,123,744,197,1.6016260162601625,2.4200477600097656,474.32936096191406,11.246396430058759,0.9197750225911081
760,139,940,200,1.4388489208633093,2.013593912124634,400.7051885128021,7.49018811068249,0.6149950939637201
761,194,1187,332,1.711340206185567,2.674032688140869,885.1048197746277,14.498318658845061,1.075767762557519
762,192,1196,300,1.5625,2.998140573501587,896.4440314769745,20.04822404462607,1.081350634319683
763,82,413,123,1.5,3.554959774017334,433.70509243011475,34.98641257656107,1.5150222422692883
764,175,1081,253,1.4457142857142857,2.575458526611328,649.0155487060547,13.137339597467724,0.8661716129306702
765,361,2462,1167,3.2326869806094183,1.7972184419631958,2095.5567033290863,6.032843400462553,1.2279647700221354
766,265,1748,816,3.079245283018868,2.330721378326416,1899.537923336029,10.285358492200707,1.5677654130305545
767,361,2628,1273,3.526315789473684,1.5833922624588013,2014.0749578475952,4.871453061255893,1.1056681711055456
768,372,2631,1283,3.4489247311827955,1.841359257698059,2360.6225683689117,6.305102698449204,1.2944349953616103
769,371,2808,1267,3.4150943396226414,2.160764455795288,2735.5278010368347,8.677768894218572,1.4054602538353749
770,96,755,361,3.7604166666666665,1.6738301515579224,602.578854560852,5.332553219653029,1.1514404307542956
771,364,2745,1419,3.8983516483516483,1.4303797483444214,2028.2784831523895,4.180286347363966,1.0660063057142957
772,329,2342,1122,3.4103343465045595,1.5501008033752441,1737.6630005836487,4.711945138625692,1.0704175037054935
773,315,2102,1018,3.231746031746032,1.6260051727294922,1653.6472606658936,5.083526291911759,1.134970838412133
774,365,2567,1239,3.3945205479452056,1.7292728424072266,2140.8397789001465,5.636553755020107,1.2031861832322035
775,296,2120,1098,3.7094594594594597,1.5044974088668823,1650.43365752697,4.501890451386165,1.1231473835049026
776,347,2412,1191,3.4322766570605188,1.482525110244751,1764.2048811912537,4.404052369967909,1.0552278744638162
777,340,2046,544,1.6,2.3740346431732178,1289.1008112430573,10.740639629999544,0.9089830633364117
778,306,1683,462,1.5098039215686274,1.9637893438339233,905.3068875074387,7.126279890906441,0.7760438247710068
779,356,1960,542,1.5224719101123596,2.3987481594085693,1297.722754240036,11.009385754635469,0.9552133581586055
780,380,1915,521,1.3710526315789473,2.5886566638946533,1346.1014652252197,13.311877261473773,1.0141064795894474
781,208,1182,306,1.4711538461538463,2.318948268890381,707.2792220115662,10.164977858723486,0.8632726109305336
782,313,1778,458,1.463258785942492,2.9935266971588135,1368.0417006015778,19.955937082024594,1.110048918552981
783,330,1904,509,1.5424242424242425,2.8538658618927,1449.7638578414917,17.35474336620517,1.0985121471470443
784,326,1741,442,1.3558282208588956,2.74538254737854,1210.7137033939362,15.570569273469788,1.003268613338738
785,374,2120,538,1.4385026737967914,2.4942684173583984,1339.42214012146,12.112868711825877,0.911498905287789
786,297,1742,524,1.7643097643097643,2.8868606090545654,1509.8280985355377,17.93691014460273,1.2504141850470916
787,282,1657,483,1.7127659574468086,2.361355781555176,1138.1734867095947,10.605320207310182,0.9909699728106416
788,293,1697,495,1.689419795221843,3.1877787113189697,1574.762683391571,24.234535710841648,1.338775671129061
789,294,1627,495,1.683673469387755,3.1670799255371094,1564.537483215332,23.738066131852687,1.3873082165455806
790,183,1039,293,1.6010928961748634,3.05328369140625,891.558837890625,21.184794661733047,1.237966808552004
791,276,1513,435,1.576086956521739,3.4634995460510254,1503.158802986145,31.928516545087433,1.4333111373011909
792,292,1631,472,1.6164383561643836,3.6133172512054443,1701.8724253177643,37.088882113266116,1.5053849835877446
793,291,1511,405,1.3917525773195876,3.6486051082611084,1474.0364637374878,38.42103546832656,1.4074024462763588
794,315,1817,504,1.6,3.0046885013580322,1511.3583161830902,20.17992909633381,1.2000160416971042
795,293,1769,500,1.7064846416382253,2.554739475250244,1274.8149981498718,12.867946802169701,1.0396660688986394
796,285,1665,445,1.5614035087719298,2.1158227920532227,939.4253196716309,8.296409178151746,0.8139965465320067
797,315,1753,491,1.5587301587301587,2.6728546619415283,1309.6987843513489,14.481249315659282,1.077864199225325
798,308,1737,510,1.655844155844156,2.689793109893799,1369.1046929359436,14.72862839770889,1.1371333050987293
799,194,1107,291,1.5,2.4653098583221436,714.9398589134216,11.76712772959966,0.9317436214889327
800,283,1553,393,1.3886925795053005,3.4571170806884766,1355.1898956298828,31.72538283067742,1.2589347983825268
801,319,1757,461,1.445141065830721,3.153167486190796,1450.457043647766,23.410098431952466,1.1909887216238468
802,300,1564,400,1.3333333333333333,3.0867326259613037,1231.6063177585602,21.905387824786803,1.1360820504845215
803,324,1908,498,1.537037037037037,2.6767919063568115,1330.3655774593353,14.538377924501628,1.005928627447571
804,248,1608,299,1.2056451612903225,2.4555532932281494,731.7548813819885,11.652879224704112,0.6565293149975662
805,275,1604,347,1.2618181818181817,2.2070493698120117,763.639081954956,9.08885892777533,0.6868443370108577
806,266,1511,306,1.150375939849624,2.625666379928589,800.8282458782196,13.813776342953203,0.7646266968446823
807,321,1851,395,1.2305295950155763,2.8373143672943115,1117.9018607139587,17.06986054699915,0.8713081959225139
808,300,1708,347,1.1566666666666667,2.3403780460357666,809.7708039283752,10.385161889991195,0.6839884795574567
809,314,1632,381,1.213375796178344,2.5267555713653564,960.1671171188354,12.512843181590421,0.8487918739534293
810,297,1584,344,1.1582491582491583,3.296126127243042,1130.5712616443634,27.00781118312704,1.0297156266072613
811,266,1522,303,1.1390977443609023,2.8176116943359375,850.9187316894531,16.73683023419684,0.8065809687305522
812,313,1747,375,1.1980830670926517,2.296429395675659,858.8645939826965,9.938632101701991,0.7092614141579562
813,322,1377,487,1.5124223602484472,3.153801679611206,1532.7476162910461,23.424949671130488,1.6058731916902484
814,381,1586,572,1.5013123359580052,2.753641366958618,1572.329220533371,15.699696280226185,1.4302595013293216
815,305,1277,466,1.5278688524590165,2.8623015880584717,1330.9702384471893,17.501762463502388,1.5036680991218179
816,330,1417,578,1.7515151515151515,2.8605616092681885,1650.5440485477448,17.471336246186066,1.6804740392439124
817,207,873,309,1.4927536231884058,3.2379443645477295,997.2868642807007,25.481287634873475,1.6480879879054657
818,145,619,257,1.7724137931034483,2.531167984008789,647.97900390625,12.568176997087463,1.5102360186360537
819,161,937,238,1.4782608695652173,2.373931646347046,562.6218001842499,10.739533435174854,0.8662664685398491
820,157,995,237,1.5095541401273886,2.947059154510498,695.5059604644775,19.04984860906642,1.0084452262018264
821,156,896,228,1.4615384615384615,2.8801236152648926,653.7880606651306,17.816475431823356,1.0526973135200857
822,160,962,257,1.60625,2.625335216522217,672.0858154296875,13.809202483113912,1.0079156683702966
823,156,919,223,1.4294871794871795,3.1431522369384766,697.7797966003418,23.176810628878187,1.0954118086918636
824,185,1074,298,1.6108108108108108,2.867971658706665,851.7875826358795,17.601280563845247,1.1441989956793124
825,155,927,216,1.3935483870967742,2.8797056674957275,619.1367185115814,17.80903063153945,0.9635657750042337
826,151,994,250,1.6556291390728477,2.379528045654297,592.5024833679199,10.799804646227358,0.8599601554017039
827,164,990,230,1.4024390243902438,2.129152297973633,487.5758762359619,8.407736534394596,0.7105285845481951
828,165,1004,214,1.2969696969696969,2.6171367168426514,557.4501206874847,13.696450570794232,0.801026418982857
829,162,921,213,1.3148148148148149,2.454824686050415,520.422833442688,11.644391945581432,0.8152132909589023
830,167,992,228,1.3652694610778444,2.608372926712036,592.1006543636322,13.576942190531845,0.8611095541910507
831,164,987,217,1.3231707317073171,2.973440647125244,642.2631797790527,19.559099918773178,0.9387942293949505
832,200,1176,271,1.355,2.7457289695739746,741.3468217849731,15.575964198668633,0.9094705640884141
833,161,945,208,1.2919254658385093,2.6392884254455566,546.3327040672302,14.00323571548995,0.8340650611992071
834,163,1078,247,1.5153374233128833,1.9512664079666138,480.011536359787,7.037594405182613,0.6424028414431884
835,287,1877,491,1.710801393728223,1.9721955060958862,966.3757979869843,7.186437047159065,0.7427733465055604
836,167,1029,263,1.5748502994011977,3.093519449234009,810.5020956993103,22.05456145561866,1.1363531137954395
837,218,1510,360,1.651376146788991,2.2966976165771484,824.5144443511963,9.941298208100626,0.7877635099382716
838,298,2032,520,1.74496644295302,2.2503750324249268,1167.944641828537,9.491294712241514,0.829226349802592
839,182,1250,276,1.5164835164835164,3.2510488033294678,894.0384209156036,25.81740310106423,1.031859836975313
840,301,1862,483,1.6046511627906976,2.523327112197876,1216.2436680793762,12.470016865760364,0.9423569862785814
841,258,1786,463,1.7945736434108528,2.131387710571289,984.7011222839355,8.42655231724505,0.795421850994866
842,303,1904,446,1.471947194719472,2.502769947052002,1113.7326264381409,12.216285602859914,0.8438952400412534
843,277,1744,487,1.7581227436823104,1.9975619316101074,970.8150987625122,7.371063017918568,0.8030906700715628
844,194,1255,313,1.6134020618556701,2.699376106262207,842.2053451538086,14.870451248746146,0.9681637249908983
845,173,1055,260,1.5028901734104045,3.1968295574188232,827.9788553714752,24.454874385442192,1.1322473825643105
846,89,606,138,1.550561797752809,4.063138961791992,556.6500377655029,58.15657613822573,1.325208331674827
847,291,1671,545,1.872852233676976,2.68774151802063,1462.1313858032227,14.69844223881223,1.262363674103182
848,285,1689,558,1.9578947368421054,2.8745076656341553,1601.1007697582245,17.71669943392546,1.367614055946532
849,294,1714,470,1.598639455782313,3.6210365295410156,1698.2661323547363,37.376289378642674,1.4294516495086689
850,95,491,145,1.5263157894736843,4.304441928863525,619.8396377563477,74.02789109364159,1.8212618564918417
851,275,1709,565,2.0545454545454547,2.544548749923706,1435.1254949569702,12.737479000654625,1.2114970360607022
852,287,1813,597,2.0801393728222997,2.410442590713501,1436.6237840652466,11.13889002353005,1.1431936066707493
853,280,1752,503,1.7964285714285715,2.813605546951294,1412.4299845695496,16.669914152864866,1.1630740492816007
854,261,2406,1205,4.616858237547893,1.8267093896865845,2199.3581051826477,6.213407080428563,1.3187876273840202
855,173,1579,767,4.433526011560693,2.5758988857269287,1973.1385464668274,13.143126018672366,1.8028101304461996
856,199,1977,969,4.869346733668341,1.9656496047973633,1902.7488174438477,7.139548969349817,1.388511018201102
857,276,2681,1344,4.869565217391305,2.1050209999084473,2827.0432028770447,8.20727535981729,1.521283554334041
858,161,1592,786,4.881987577639752,2.0585386753082275,1615.9528601169586,7.834512674240517,1.4644014934680107
859,263,2394,1162,4.418250950570342,2.1481056213378906,2493.950626373291,8.568610819004684,1.5029282376318591
860,225,2070,993,4.413333333333333,2.0342769622802734,2018.0027465820312,7.64672125830481,1.4064553405769102
861,258,2494,1229,4.763565891472868,2.1780714988708496,2674.6718006134033,8.829262586764719,1.547207595328994
862,236,2198,1099,4.656779661016949,1.961939811706543,2154.209913253784,7.113111788467516,1.413952665552811
863,205,1896,895,4.365853658536586,2.617870807647705,2340.3765020370483,13.706508700558727,1.7808278340199941
864,213,1974,978,4.591549295774648,2.2291789054870605,2177.907790660858,9.292233144583973,1.5917207543565648
865,120,1162,589,4.908333333333333,2.4741928577423096,1454.825400352478,11.872120754492922,1.8062559298174017
866,373,3424,1761,4.721179624664879,2.086777925491333,3672.729148864746,8.05890688805236,1.5474965331762596
867,339,2724,1324,3.905604719764012,2.1023614406585693,2781.4241859912872,8.185476625080096,1.473108252473661
868,322,2855,1404,4.3602484472049685,2.529075860977173,3548.2934329509735,12.541910310676954,1.7930316424999109
869,110,997,489,4.445454545454545,2.8015990257263184,1367.1803245544434,16.470963219075582,1.9783593522925367
870,318,2872,1466,4.610062893081761,1.997757077217102,2926.7141181230545,7.372501588846229,1.470179646349529
871,415,3746,1830,4.409638554216867,2.0609068870544434,3769.398696422577,7.853088446180444,1.4517065687298918
872,342,3089,1490,4.356725146198831,2.2773873805999756,3391.0298097133636,9.751171002319342,1.5837558724441938
873,137,914,325,2.372262773722628,2.5123794078826904,814.0109281539917,12.334243368420326,1.284868193957534
874,153,1046,364,2.3790849673202614,2.084446907043457,756.6542272567749,8.04014330505188,1.043615010832715
875,127,834,295,2.322834645669291,2.9677929878234863,872.531138420105,19.448948128857186,1.5093481371941093
876,144,1002,358,2.486111111111111,2.8728229999542236,1025.5978109836578,17.686877845184046,1.4766715327871256
877,132,1018,367,2.7803030303030303,2.8156864643096924,1030.5412459373474,16.70463898380981,1.4604683152704763
878,162,1078,394,2.432098765432099,2.85178279876709,1120.7506399154663,17.318629966548638,1.4999085253053577
879,139,933,327,2.352517985611511,2.7211129665374756,887.082827091217,15.197226841020532,1.3716934571299686
880,129,1032,381,2.953488372093023,1.8915784358978271,718.7998056411743,6.629825180476228,1.0048535997969699
881,243,1318,325,1.337448559670782,3.014369010925293,976.6555595397949,20.3762297049988,1.0690562461340651
882,299,1583,377,1.2608695652173914,2.673525333404541,1005.2455253601074,14.490964733886777,0.9161482844680022
883,206,1154,263,1.2766990291262137,2.9403798580169678,770.3795228004456,18.92303301300101,0.9631046075793839
884,237,1354,374,1.5780590717299579,3.0620346069335938,1142.1389083862305,21.37099453170761,1.21695578961237
885,141,801,179,1.2695035460992907,3.0883536338806152,549.7269468307495,21.940925427512354,0.9901227715802163
886,102,557,157,1.5392156862745099,2.1691734790802,338.39106273651123,8.751048126488792,0.8764723664113301
887,224,984,352,1.5714285714285714,2.437922716140747,855.7108733654022,11.44923271701829,1.2546034892673064
888,229,942,350,1.5283842794759825,2.5439724922180176,887.8463997840881,12.730141044709343,1.3597575350739108
889,226,922,335,1.4823008849557522,2.93730092048645,981.0585074424744,18.86485977830001,1.5351065547821974
890,253,1055,373,1.4743083003952568,3.004253387451172,1117.582260131836,20.171150438541087,1.5282752459504068
891,266,1054,377,1.4172932330827068,3.2588822841644287,1225.3397388458252,26.020437427980216,1.6772215983273715
892,284,1162,421,1.482394366197183,2.9202206134796143,1226.492657661438,18.545378368928155,1.5227666737477468
893,244,975,344,1.4098360655737705,2.819185733795166,966.980706691742,16.76319540987778,1.4308289950558783
894,277,1152,435,1.5703971119133573,2.361527442932129,1024.902910232544,10.607140887445757,1.2835263420010048
895,281,1883,413,1.4697508896797153,1.9938914775848389,821.4832887649536,7.344057461639071,0.629394512413359
896,283,1847,476,1.6819787985865724,1.666054129600525,791.3757115602493,5.291247972115749,0.6181449997552498
897,285,1742,386,1.3543859649122807,2.10138201713562,809.0320765972137,8.177463501488374,0.6700267306698624
898,310,1987,450,1.4516129032258065,2.6074085235595703,1170.726427078247,13.56385485642993,0.8500257728150186
899,304,1983,428,1.4078947368421053,2.0609307289123535,880.017421245575,7.8532756806313335,0.640240428404884
900,311,1741,439,1.4115755627009647,2.5134809017181396,1100.9046349525452,12.3478369467025,0.9122743580342972
901,316,1718,389,1.231012658227848,3.070162534713745,1191.223063468933,21.545404266544605,1.0003327160996442
902,258,1561,343,1.3294573643410852,2.5809953212738037,882.7003998756409,13.210280091159056,0.8158023635434287
903,316,1812,448,1.4177215189873418,1.9659603834152222,878.7842913866043,7.141768133327143,0.6996786640146666
904,201,1111,271,1.3482587064676617,1.7224453687667847,465.06024956703186,5.598201406639431,0.6039064948379304
905,179,1121,252,1.4078212290502794,2.181166410446167,547.4727690219879,8.856630702850243,0.7045818455751748
906,171,977,229,1.3391812865497077,2.270157814025879,517.5959815979004,9.680928479823775,0.7643123396472324
907,176,1063,248,1.4090909090909092,2.515637159347534,621.3623783588409,12.37449079027499,0.8433080167951755
908,174,1054,246,1.4137931034482758,2.5075361728668213,614.3463623523712,12.274650157496481,0.8409055506204365
909,219,1255,309,1.4109589041095891,2.639732837677002,813.0377140045166,14.00946030776175,0.9346338470518051
910,167,973,224,1.341317365269461,2.5410540103912354,566.6550443172455,12.693042521433306,0.8401957064041171
911,174,1179,277,1.5919540229885059,1.8874706029891968,520.9418864250183,6.602646826707352,0.6374557049505645
912,328,1971,442,1.3475609756097562,2.5456244945526123,1122.620402097702,12.751188647993033,0.8217143008153875
913,251,1378,352,1.402390438247012,2.8652021884918213,1005.6859681606293,17.552601779915378,1.0529014215943076
914,353,2226,503,1.424929178470255,1.8324203491210938,919.8750152587891,6.248993114694051,0.596181097372648
915,342,2022,518,1.5146198830409356,2.7127397060394287,1402.4864280223846,15.07050776810761,1.0006727075281754
916,333,2040,464,1.3933933933933933,2.6436429023742676,1224.006663799286,14.06434543621405,0.8656217371952326
917,91,581,132,1.4505494505494505,2.437999725341797,319.3779640197754,11.450114447232696,0.7930550858184918
918,343,2182,677,1.9737609329446064,2.041840076446533,1380.2838916778564,7.704773535459845,0.912616281183576
919,340,1861,488,1.4352941176470588,2.493368625640869,1214.2705206871033,12.101974554854579,0.9413337229945961
920,300,1734,388,1.2933333333333332,2.4004015922546387,928.9554162025452,11.027604091905351,0.7728946782943223
921,327,1862,431,1.3180428134556574,3.011848211288452,1295.0947308540344,20.324929997864842,1.0034515282945984
922,268,1661,401,1.4962686567164178,2.1780381202697754,871.2152481079102,8.828967883249478,0.7567115701337327
923,281,1752,483,1.7188612099644127,2.1285343170166016,1025.953540802002,8.402542318453179,0.8448276743707313
924,165,1119,271,1.6424242424242423,2.02455997467041,546.6311931610107,7.572777997265833,0.704756131875431
925,198,1145,290,1.4646464646464648,2.092280626296997,604.6691009998322,8.103374876288918,0.7618804483766338
926,161,980,209,1.2981366459627328,2.0004944801330566,416.1028518676758,7.3927107438738044,0.6125607356012763
927,136,883,253,1.8602941176470589,1.7366689443588257,437.6405739784241,5.678396828323359,0.7150417732394926
928,134,840,221,1.6492537313432836,1.7963296175003052,395.19251585006714,6.027483643961634,0.6787408128730059
929,141,963,180,1.2765957446808511,1.988211989402771,355.889946103096,7.302465197266228,0.533167871594161
930,223,1383,337,1.5112107623318385,2.2336032390594482,750.4906883239746,9.333436164388443,0.7828844499481872
931,213,1350,324,1.5211267605633803,2.3807132244110107,768.9703714847565,10.812611933233827,0.8217701789122979
932,98,512,128,1.3061224489795917,3.2037596702575684,406.8774781227112,24.624938023863603,1.1464846092520373
933,176,1180,272,1.5454545454545454,1.8757578134536743,508.33036744594574,6.525762557653554,0.6214963561419751
934,223,1743,640,2.8699551569506725,2.2492029666900635,1437.2406957149506,9.480176807660065,1.1896156192035359
935,227,1671,611,2.6916299559471364,2.080070972442627,1268.8432931900024,8.005037031167214,1.0954840973970303
936,209,1770,632,3.0239234449760763,1.829150676727295,1154.194077014923,6.228594321276958,0.9407627520524542
937,250,1738,642,2.568,2.327890157699585,1492.177591085434,10.25627955694815,1.2386405125342894
938,228,1760,689,3.0219298245614037,2.202186346054077,1515.104206085205,9.04476688808966,1.2419507525847362
939,229,1482,543,2.37117903930131,2.5406785011291504,1377.0477476119995,12.688277061195695,1.3405262864690612
940,204,1406,518,2.5392156862745097,2.6426448822021484,1366.2474040985107,14.050315937786772,1.401904946316032
941,262,1774,676,2.5801526717557253,2.549722671508789,1721.0628032684326,12.803552500352847,1.399644177753002
942,191,1453,549,2.8743455497382198,2.277331590652466,1247.9777116775513,9.750627000176031,1.239126810583042
943,271,1746,408,1.5055350553505535,2.3197150230407715,944.124014377594,10.172774886504998,0.7801162849523111
944,252,1588,398,1.5793650793650793,2.2076451778411865,876.435135602951,9.094275756435298,0.7962396875284784
945,275,1601,385,1.4,2.2766590118408203,874.237060546875,9.744071139968923,0.787793548914629
946,272,1712,436,1.6029411764705883,2.903956651687622,1263.2211434841156,18.246196579163087,1.0645110275996608
947,271,1733,397,1.4649446494464944,2.4011800289154053,950.8672914505005,11.036191725241569,0.7915819537906277
948,268,1446,437,1.6305970149253732,3.0766170024871826,1341.4050130844116,21.68491814361331,1.3383391149380883
949,269,1509,386,1.4349442379182156,3.805419683456421,1465.086578130722,44.94410845425155,1.4007111602002476
950,264,1509,391,1.481060606060606,2.4850714206695557,969.1778540611267,12.001977413484273,0.9265925008571206
951,289,1642,456,1.5778546712802768,2.508725643157959,1141.4701676368713,12.289259175967207,1.002919214477715
952,328,2155,581,1.771341463414634,1.6069697141647339,932.0424342155457,4.987674226137412,0.6239689084644295
953,221,1370,342,1.5475113122171946,2.29256010055542,781.7629942893982,9.900250902986626,0.8232449598626437
954,249,1718,402,1.6144578313253013,1.8605817556381226,746.0932840108871,6.4274749037480765,0.6265338072660465
955,346,2346,579,1.6734104046242775,2.05363130569458,1186.9988946914673,7.796160007130067,0.7299562740460618
956,223,1557,371,1.663677130044843,2.3071446418762207,853.6435174942017,10.045699594416506,0.7909744825792524
957,358,2289,592,1.6536312849162011,2.0018820762634277,1183.1123070716858,7.402975961035689,0.7456838174866849
958,301,2038,533,1.7707641196013288,1.8277140855789185,972.3438935279846,6.219652801999695,0.6883197807809076
959,394,2476,626,1.5888324873096447,1.6851308345794678,1053.2067716121674,5.393156497554699,0.6136737425022412
960,306,2073,562,1.8366013071895424,1.7628840208053589,988.9779356718063,5.829224780727745,0.6882747531800865
961,276,1825,463,1.6775362318840579,1.9113110303878784,883.0256960391998,6.761948109302072,0.698047557618235
962,271,1748,422,1.5571955719557196,2.1419169902801514,901.7470529079437,8.515746595278058,0.7442482845346272
963,174,1144,267,1.5344827586206897,2.433126926422119,647.2117624282837,11.394456058123337,0.8161968531995549
964,512,2928,888,1.734375,1.7318090200424194,1536.114600777626,5.650867199639975,0.7568800945283507
965,498,2966,1028,2.0642570281124497,1.529586672782898,1570.8855129480362,4.6162683985546415,0.7640960011242237
966,441,2545,726,1.6462585034013606,2.39821720123291,1738.7074708938599,11.003541782849652,0.9856285445246221
967,146,812,222,1.5205479452054795,3.0846054553985596,681.6978056430817,21.858840852866173,1.2111847827415791
968,415,2593,772,1.8602409638554216,1.7050249576568604,1314.5742423534393,5.501522970620614,0.7314036792609615
969,508,3179,937,1.844488188976378,2.3982982635498047,2244.807174682617,11.004433791594273,1.018739282373884
970,443,2776,800,1.8058690744920993,1.922795057296753,1536.3132507801056,6.840050107713625,0.7984263357897914
971,189,1120,429,2.2698412698412698,4.777466773986816,2044.7557792663574,118.80301364474619,2.6338919844434123
972,246,1419,555,2.2560975609756095,4.237804412841797,2347.7436447143555,69.25562802205899,2.3869472258689086
973,176,1067,405,2.3011363636363638,4.6866631507873535,1893.4119129180908,108.49055850285791,2.5600899504470624
974,143,827,330,2.3076923076923075,4.55548620223999,1498.7549605369568,95.15300759610123,2.6145663229436535
975,120,775,289,2.408333333333333,4.790032386779785,1379.5293273925781,120.30526490024316,2.5680517669550444
976,93,542,252,2.7096774193548385,3.4771437644958496,872.7630848884583,32.36714174377143,2.3231198790397274
977,194,1298,469,2.417525773195876,3.002636432647705,1405.233850479126,20.138560954909636,1.561882825404883
978,238,1522,569,2.3907563025210083,2.967280864715576,1685.4155311584473,19.438990423099096,1.5975956824175626
979,166,1129,415,2.5,3.0197701454162598,1250.1848402023315,20.486582208140636,1.5975513455752568
980,199,1405,562,2.8241206030150754,3.028454303741455,1698.9628643989563,20.66526566635507,1.744544696884614
981,125,861,322,2.576,3.1697850227355957,1017.5009922981262,23.80236683866407,1.7049287290221906
982,93,616,275,2.956989247311828,2.5420122146606445,696.5113468170166,12.705210877923669,1.6312556265840954
983,274,1891,401,1.4635036496350364,2.553476095199585,1021.390438079834,12.851699960016033,0.7792463880640838
984,284,1802,394,1.3873239436619718,2.219086170196533,872.1008648872375,9.19892077580737,0.698210650903326
985,285,1834,374,1.312280701754386,1.8279376029968262,681.8207259178162,6.221043158112896,0.5363464449601671
986,291,1816,414,1.422680412371134,2.386960744857788,985.8147876262665,10.88037540379463,0.7831663575679633
987,308,1902,466,1.5129870129870129,2.351242780685425,1093.3278930187225,10.498609089113966,0.829305325617082
988,263,1579,371,1.4106463878326996,2.7742764949798584,1026.4823031425476,16.02702716528189,0.9378726588372609
989,260,1574,375,1.4423076923076923,2.576352596282959,963.5558710098267,13.149090546668612,0.8831748899144364
990,314,1888,503,1.6019108280254777,2.613297939300537,1311.8755655288696,13.643973731834302,1.002455705853763
991,223,1432,337,1.5112107623318385,2.6115524768829346,877.481632232666,13.620179460502857,0.8840351950371652
992,450,1893,704,1.5644444444444445,2.737205982208252,1924.2558054924011,15.443774578029066,1.4665157464266692
993,412,1709,605,1.4684466019417475,2.7761952877044678,1676.8219537734985,16.057809231161418,1.415531139357969
994,467,1916,732,1.5674518201284797,2.797020196914673,2044.6217639446259,16.395717897320147,1.5395436739752384
995,421,1706,656,1.5581947743467934,3.051262855529785,1998.5771703720093,21.14202689651673,1.6901156931591999
996,278,1130,414,1.4892086330935252,2.923224687576294,1207.2917959690094,18.601173824580574,1.5413751211950621
997,419,1695,626,1.494033412887828,2.752087116241455,1720.0544476509094,15.675313969044074,1.464020071790544
998,449,1837,698,1.55456570155902,2.7369887828826904,1907.6811816692352,15.440420564864478,1.498204779744912
999,415,1650,563,1.3566265060240963,3.2693517208099365,1837.3756670951843,26.294287777191858,1.606528947374711
1000,505,2135,817,1.617821782178218,2.364570379257202,1929.489429473877,10.639466899812522,1.303824276978753
1001,229,1329,374,1.6331877729257642,3.1565451622009277,1177.391345500946,23.489303849637967,1.278116369706395
1002,266,1493,414,1.556390977443609,2.932680368423462,1211.1969921588898,18.77789477940748,1.1703870690738507
1003,179,1116,293,1.6368715083798884,3.1975529193878174,933.6854524612427,24.472570511109677,1.2070101899784973
1004,252,1454,439,1.742063492063492,3.1049742698669434,1359.9787302017212,22.308644963487936,1.3494047935189084
1005,136,838,219,1.6102941176470589,3.3287856578826904,725.6752734184265,27.904435589196208,1.2493175635519171
1006,93,557,209,2.247311827956989,2.353099822998047,489.44476318359375,10.518123564411153,1.2677190891095937
1007,209,1844,722,3.4545454545454546,2.975146532058716,2145.080649614334,19.592493967741206,1.6782522860658762
1008,216,1879,721,3.337962962962963,3.3083271980285645,2381.9955825805664,27.33935387410875,1.828894738908143
1009,223,1977,791,3.5470852017937218,2.5395116806030273,2006.2142276763916,12.673480753076296,1.4640138175162427
1010,230,1891,746,3.243478260869565,3.0460736751556396,2269.3248879909515,21.032601265690918,1.7313293294925691
1011,217,1984,809,3.728110599078341,2.6213834285736084,2118.0778102874756,13.754739127854538,1.540191710241278
1012,206,1633,646,3.1359223300970873,2.9988903999328613,1934.2843079566956,20.063262370277275,1.7088685724179211
1013,182,1551,612,3.3626373626373627,2.9820914268493652,1822.0578618049622,19.729035361039145,1.6948251717851497
1014,233,1952,766,3.2875536480686693,3.1220545768737793,2388.371751308441,22.692956202241234,1.7652111072807257
1015,180,1528,618,3.433333333333333,2.962495803833008,1827.8599109649658,19.34619586130099,1.7258144168775515
1016,271,1518,413,1.5239852398523985,2.5632457733154297,1056.057258605957,12.977872259685995,1.0036683596084373
1017,309,1694,451,1.4595469255663431,2.5848262310028076,1163.1718039512634,13.26098454175872,0.9906152262469643
1018,222,1246,306,1.3783783783783783,2.770463705062866,844.9914300441742,15.966035825177803,0.9783827814754443
1019,255,1510,425,1.6666666666666667,2.863417387008667,1214.0889720916748,17.52130181065003,1.1599736021421447
1020,136,872,207,1.5220588235294117,2.8214821815490723,581.2253293991089,16.80173544797976,0.9616180050036107
1021,114,691,247,2.1666666666666665,1.6673604249954224,410.1706645488739,5.298164421454421,0.8563692961834891
1022,307,1967,480,1.5635179153094463,1.8014779090881348,862.9079184532166,6.058594903502792,0.6328993262309475
1023,195,1158,267,1.3692307692307693,2.7780797481536865,738.9692130088806,16.088098067652396,0.9206452668199759
1024,231,1617,343,1.4848484848484849,2.0905396938323975,714.9645752906799,8.089279720810868,0.6378947725313221
1025,323,2182,485,1.501547987616099,2.191563844680786,1060.7169008255005,8.949197331921726,0.7013249370339414
1026,210,1361,272,1.2952380952380953,2.818089008331299,763.702121257782,16.744820864373708,0.8095439111351829
1027,332,2053,483,1.4548192771084338,2.330883502960205,1123.4858484268188,10.287026137359172,0.7895019298754512
1028,285,1882,462,1.6210526315789473,1.9195576906204224,884.9160953760147,6.81794216250164,0.6783549747087149
1029,342,2105,469,1.371345029239766,2.050189971923828,959.4889068603516,7.7693769296021005,0.6576008967769129
1030,299,1887,465,1.5551839464882944,1.942374348640442,901.261697769165,6.975293102165932,0.6890544684232868
1031,225,1455,326,1.448888888888889,2.4251246452331543,788.1655097007751,11.30363827610253,0.7814999809244196
1032,223,1408,318,1.4260089686098654,2.5631749629974365,812.5264632701874,12.976953324959826,0.8325482238287981
1033,143,890,193,1.3496503496503496,2.956338882446289,567.6170654296875,19.227448787568445,0.9201104779992769
1034,397,2203,645,1.6246851385390428,2.0525119304656982,1321.8176832199097,7.787438061213507,0.8656286048754892
1035,377,2058,649,1.7214854111405835,2.1114566326141357,1368.22389793396,8.260264696612207,0.9591495784135528
1036,377,2094,531,1.4084880636604775,3.0103724002838135,1595.4973721504211,20.294956365653878,1.0992436229955995
1037,120,672,170,1.4166666666666667,3.475461721420288,587.3530309200287,32.312744579138,1.2609692038086717
1038,354,2061,628,1.7740112994350283,1.8239796161651611,1143.635219335556,6.196469015361409,0.800541901757093
1039,424,2434,752,1.7735849056603774,1.8388868570327759,1381.0040296316147,6.289533213276679,0.818556970007069
1040,369,2223,588,1.5934959349593496,2.2329108715057373,1310.7186815738678,9.326976232605231,0.8506375807049661
1041,166,1018,205,1.2349397590361446,2.585132598876953,527.3670501708984,13.26504790381187,0.7473770412669906
1042,194,1069,247,1.2731958762886597,2.151212453842163,529.1982636451721,8.59527345433813,0.7141924327483069
1043,147,852,177,1.2040816326530612,2.1901400089263916,385.4646415710449,8.93646421187436,0.6527088343105496
1044,120,748,190,1.5833333333333333,2.1108386516571045,398.94850516319275,8.255161587304256,0.7694666176056192
1045,115,713,155,1.3478260869565217,2.0809829235076904,320.4713702201843,8.012340562939281,0.6484466431466354
1046,130,827,154,1.1846153846153846,2.271883487701416,347.59817361831665,9.697649026210122,0.6063822990341068
1047,205,1184,282,1.3756097560975609,2.5659661293029785,721.036482334137,13.013224756079198,0.8785774977732113
1048,188,1200,241,1.2819148936170213,3.122400999069214,749.3762397766113,22.70081890777894,0.90093448740478
1049,76,422,105,1.381578947368421,3.4632720947265625,360.1802978515625,31.921255187545118,1.2313514917923198
1050,167,1023,205,1.2275449101796407,2.6061153411865234,531.6475296020508,13.546325655088994,0.749760757045696
1051,184,1124,435,2.364130434782609,2.7449655532836914,1191.315050125122,15.564077791578192,1.52909636561557
1052,170,1030,400,2.3529411764705883,3.274766445159912,1306.631811618805,26.437050258418854,1.8301662474662255
1053,151,923,347,2.2980132450331126,4.050830841064453,1401.5874710083008,57.445165025884975,2.1907511308730006
1054,184,1054,394,2.141304347826087,3.5346291065216064,1389.1092388629913,34.28229727548326,1.901386157647704
1055,182,1074,403,2.2142857142857144,3.740691661834717,1503.7580480575562,42.12711781019136,2.0199853618524246
1056,208,1186,473,2.2740384615384617,3.2345762252807617,1526.7199783325195,25.395607481760482,1.8571596471892342
1057,159,981,384,2.4150943396226414,3.5668015480041504,1366.0849928855896,35.40317650890908,2.009015336053899
1058,199,1235,492,2.472361809045226,3.1037468910217285,1523.9397234916687,22.28128060124928,1.7802269487409947
1059,250,1587,307,1.228,2.8924388885498047,885.0862998962402,18.037246835540202,0.8046059329672763
1060,269,1522,326,1.211895910780669,2.487311840057373,808.3763480186462,12.028897020718368,0.7662552880804414
1061,243,1561,281,1.1563786008230452,2.227915048599243,623.8162136077881,9.280496509996494,0.5765384739257439
1062,285,1609,328,1.1508771929824562,2.78114914894104,909.4357717037201,16.137554750890985,0.8154372143219294
1063,292,1554,376,1.2876712328767124,2.7312841415405273,1024.2315530776978,15.352589264593645,0.9508711598115802
1064,232,1326,305,1.3146551724137931,3.2675094604492188,993.3228759765625,26.245891446115593,1.0807405634788458
1065,231,1299,297,1.2857142857142858,3.0131020545959473,891.8782081604004,20.350430258642835,0.9905375427174321
1066,299,1590,391,1.3076923076923077,3.062429189682007,1194.3473839759827,21.379428821369416,1.0836975144407905
1067,212,1192,269,1.2688679245283019,2.994213581085205,802.449239730835,19.969649203221017,0.9712160559771766
1068,308,1711,426,1.3831168831168832,2.8111143112182617,1194.7235822677612,16.628437153004146,1.007376848258794
1069,310,1579,416,1.3419354838709678,2.012111186981201,835.0261425971985,7.4790904498652635,0.7629436826710694
1070,339,1870,476,1.4041297935103245,2.50689435005188,1190.774816274643,12.26677453462755,0.9186764290133123
1071,326,1721,451,1.383435582822086,2.777672529220581,1249.9526381492615,16.08154802326315,1.0478213087763024
1072,201,1044,254,1.263681592039801,2.758458137512207,697.8899087905884,15.775500534255478,0.964408343389495
1073,300,1590,362,1.2066666666666668,3.559429407119751,1284.95401597023,35.143138998230924,1.1659099286859176
1074,334,1775,432,1.2934131736526946,3.1768062114715576,1369.2034771442413,23.9700758178355,1.1128693332078434
1075,321,1623,365,1.1370716510903427,3.058738946914673,1113.380976676941,21.300678931265086,0.9896914440369275
1076,354,1934,446,1.2598870056497176,2.8102424144744873,1250.5578744411469,16.613945191461497,0.9328715841783277
1077,268,2213,836,3.1194029850746268,1.635860562324524,1365.9435695409775,5.133874115224565,0.8904835128382003
1078,182,1347,503,2.7637362637362637,2.3784186840057373,1193.9661793708801,10.787830400253567,1.2787892249202015
1079,206,1805,648,3.145631067961165,1.8988761901855469,1228.5728950500488,6.6783849888756945,0.9819700958777299
1080,288,2494,891,3.09375,2.0222091674804688,1799.7661590576172,7.554996764615503,1.0411041348966326
1081,185,1653,573,3.097297297297297,1.9584264755249023,1120.2199440002441,7.0881648845481875,0.9776985831301055
1082,274,2248,834,3.0437956204379564,2.1275055408477783,1772.2121155261993,8.393902428177059,1.13734947974777
1083,237,2021,726,3.0632911392405062,2.0336930751800537,1474.427479505539,7.64225773962541,1.0525231137224418
1084,288,2281,851,2.954861111111111,1.9443066120147705,1652.660620212555,6.9887842355663405,1.0452807019084314
1085,237,1906,722,3.0464135021097047,1.9235726594924927,1386.8958874940872,6.845371014202525,1.0497732524223595
1086,209,1670,596,2.851674641148325,2.278073787689209,1355.4539036750793,9.757866572904332,1.170962050889595
1087,208,1717,621,2.985576923076923,2.300424098968506,1426.2629413604736,9.978413392410218,1.1984056333747592
1088,125,984,356,2.848,2.5525472164154053,906.1542618274689,12.839767831191125,1.3285612396533422
1089,396,2761,1068,2.696969696969697,2.3100249767303467,2464.79665017128,10.074676284344019,1.2879210083309798
1090,334,2232,907,2.715568862275449,2.3825650215148926,2158.6039094924927,10.832653247193702,1.3952541019123423
1091,335,2306,897,2.6776119402985072,2.7965023517608643,2505.6661071777344,16.38722965225178,1.5676114774279581
1092,109,766,285,2.614678899082569,3.299323797225952,937.0079584121704,27.094311476240712,1.7647738053194915
1093,319,2269,912,2.8589341692789967,1.9525830745697021,1778.8031809329987,7.04686667360554,1.1310138950416708
1094,402,2989,1180,2.9353233830845773,2.2080910205841064,2603.3393132686615,9.098331277278508,1.2565489183686775
1095,319,2430,915,2.8683385579937304,2.311159610748291,2112.399884223938,10.08611384227011,1.2541353240099984
1096,282,2156,1007,3.5709219858156027,1.986704707145691,1998.624935388565,7.291466612109881,1.3373869586651705
1097,211,1595,777,3.6824644549763033,2.2654190063476562,1757.9651489257812,9.635160949021863,1.5900988102889357
1098,244,1784,858,3.5163934426229506,1.9102898836135864,1637.1184302568436,6.755046692081993,1.32391403625531
1099,329,2447,1190,3.617021276595745,2.20188570022583,2618.042097568512,9.042048025385133,1.5435375361669932
1100,217,1619,799,3.6820276497695854,2.0169825553894043,1609.5520792007446,7.515612739344915,1.4342759744999596
1101,303,2293,1044,3.4455445544554455,2.272130012512207,2369.831603050232,9.700040032010444,1.4910354563726613
1102,263,2038,978,3.7186311787072244,1.9930543899536133,1947.2141389846802,7.337912414305309,1.3784279596967963
1103,365,2633,1246,3.4136986301369863,2.055809497833252,2559.4828248023987,7.813160049527358,1.4024129048928584
1104,289,2240,1115,3.858131487889273,2.142768144607544,2387.043713092804,8.522997895393567,1.53740005681436
1105,254,1998,965,3.7992125984251968,2.2881903648376465,2205.815511703491,9.85708380609164,1.5927523022275165
1106,271,2018,983,3.6273062730627306,2.2032277584075928,2163.569658756256,9.054191126468975,1.5467647261176796
1107,150,1120,534,3.56,2.8202502727508545,1503.1933953762054,16.781049986173283,1.9362943366127632
1108,513,3586,1750,3.4113060428849904,2.148555278778076,3757.823182582855,8.572464624992838,1.5118217707891433
1109,512,3385,1731,3.380859375,1.8559209108352661,3210.7431757450104,6.397587145953221,1.3684263684535916
1110,460,3185,1575,3.4239130434782608,2.3911666870117188,3763.6963653564453,10.926234005065133,1.7048245154510393
1111,151,1081,515,3.410596026490066,2.783634901046753,1430.788339138031,16.177718609611347,1.9095201123369043
1112,483,3293,1663,3.443064182194617,1.981938123703003,3293.981161594391,7.256793928850494,1.4431248972407822
1113,587,4184,2061,3.5110732538330494,2.006483554840088,4133.356122970581,7.437119090518946,1.4252324045979181
1114,509,3573,1732,3.4027504911591357,2.1527483463287354,3726.407387495041,8.608485013426717,1.5046374078564495
1115,426,1795,678,1.591549295774648,2.21185302734375,1497.4244995117188,9.132623724810614,1.2035247351260137
1116,385,1602,571,1.483116883116883,2.7546401023864746,1570.1448583602905,15.71538395572248,1.4140076158762143
1117,407,1719,600,1.4742014742014742,2.7638187408447266,1655.5274257659912,15.860293803480364,1.3894247860432039
1118,459,1900,693,1.5098039215686274,3.0324809551239014,2098.4768209457397,20.748645244506804,1.5934011068415033
1119,427,1728,639,1.4964871194379392,2.9652926921844482,1891.856737613678,19.40038075037053,1.5794978781409872
1120,410,1712,674,1.6439024390243901,2.3405098915100098,1575.1631569862366,10.386531216853465,1.327383221480752
1121,440,1760,635,1.4431818181818181,2.866403818130493,1817.3000206947327,17.573706183749092,1.4896646179907396
1122,383,1597,605,1.5796344647519582,2.4042062759399414,1452.1405906677246,11.069640554294486,1.3118322034000605
1123,375,1595,608,1.6213333333333333,2.4194252490997314,1468.591126203537,11.239397604231211,1.3283568243682635
1124,286,1830,383,1.3391608391608392,2.1399941444396973,817.4777631759644,8.49938786006226,0.6444650901480691
1125,257,1653,389,1.5136186770428015,2.0651490688323975,801.2778387069702,7.886473437421604,0.6993342796592695
1126,289,1674,356,1.231833910034602,2.1805176734924316,774.0837740898132,8.85088694252395,0.6671247443918675
1127,277,1787,388,1.4007220216606497,3.026765823364258,1171.3583736419678,20.630402212199847,0.9456703507314093
1128,275,1721,371,1.3490909090909091,2.272975206375122,841.0008263587952,9.708241911916557,0.7050015813895143
1129,278,1543,424,1.525179856115108,2.6981658935546875,1141.3241729736328,14.852465725028196,1.0671307351884365
1130,279,1530,348,1.2473118279569892,3.641541004180908,1263.6147284507751,38.150581656518455,1.191510262960907
1131,259,1531,330,1.274131274131274,2.601783275604248,855.9866976737976,13.48776901113989,0.8066151298503647
1132,316,1789,418,1.3227848101265822,2.2332282066345215,931.2561621665955,9.32993647947949,0.7509886232280804
1133,286,1937,751,2.625874125874126,2.433371067047119,1825.0283002853394,11.39723824735579,1.3592975107401515
1134,267,1689,636,2.3820224719101124,2.4240496158599854,1539.2715060710907,11.29149306233249,1.3148012838309346
1135,281,1850,743,2.6441281138790034,2.6896297931671143,1995.7053065299988,14.72622316274332,1.5563211615170909
1136,254,1625,651,2.562992125984252,2.8237221240997314,1835.4193806648254,16.83941255165522,1.629507962114853
1137,168,1097,415,2.4702380952380953,2.7440102100372314,1136.0202269554138,15.54921585522824,1.494011620581705
1138,236,1688,650,2.7542372881355934,2.63668155670166,1711.2063302993774,13.966778658017764,1.462528961291892
1139,265,1830,701,2.6452830188679246,2.7209670543670654,1904.6769380569458,15.195009542437303,1.5015671983772303
1140,262,1660,602,2.2977099236641223,2.907275915145874,1747.2728250026703,18.306861137849125,1.5185432769345797
1141,279,2050,788,2.824372759856631,2.331660270690918,1835.0166330337524,10.295019871543124,1.2913997055739306
1142,247,1915,771,3.1214574898785425,3.602696418762207,2774.0762424468994,36.69705177627802,2.089893492441792
1143,203,1460,580,2.857142857142857,3.5530574321746826,2057.2202532291412,34.91991972611085,2.0328366146233012
1144,269,2316,988,3.6728624535315983,2.8034706115722656,2767.025493621826,16.501818906232337,1.7236502407865046
1145,275,2278,937,3.4072727272727272,3.201589822769165,2996.6880741119385,24.571563592070447,1.8978520735787499
1146,242,2015,791,3.268595041322314,3.632021427154541,2869.2969274520874,37.78912743115683,2.054352579688867
1147,80,643,259,3.2375,3.634793996810913,937.7768511772156,37.894045798744216,2.1040840010168527
1148,355,2744,1244,3.5042253521126763,2.099795341491699,2610.045609474182,8.16449880742359,1.3722667118376148
1149,265,2090,905,3.4150943396226414,2.952538251876831,2669.0945796966553,19.154511050427967,1.8424351740631468
1150,232,1885,745,3.211206896551724,3.6284639835357666,2699.5772037506104,37.6549335759778,2.0661361508476923
1151,254,2012,801,3.1535433070866143,3.7315375804901123,2985.23006439209,41.743242440758635,2.1405450346973702
1152,236,1935,815,3.4533898305084745,2.8134994506835938,2290.1885528564453,16.66814563100881,1.7075161074453051
1153,245,1951,849,3.4653061224489794,2.825984477996826,2396.4348373413086,16.87755238890354,1.7720782448210433
1154,246,1417,372,1.5121951219512195,2.8638744354248047,1062.4974155426025,17.529311724210977,1.0817641159919922
1155,275,1534,398,1.4472727272727273,2.6868813037872314,1066.6918776035309,14.685803866222948,1.003201487597882
1156,193,1212,289,1.4974093264248705,2.9319827556610107,844.4110336303711,18.76479964855368,1.0051382926488945
1157,259,1481,412,1.5907335907335907,3.093951940536499,1271.614247560501,22.06410192456466,1.2387248945842577
1158,133,827,190,1.4285714285714286,3.335340738296509,630.3793995380402,28.08795223444106,1.0996919390472708
1159,96,553,202,2.1041666666666665,1.8659062385559082,375.04715394973755,6.461789155834394,0.9784424396072441
1160,162,1049,227,1.4012345679012346,2.4671313762664795,557.5716910362244,11.78858129700964,0.7668311855081356
1161,175,1014,254,1.4514285714285715,2.2688069343566895,574.0081543922424,9.667859539631738,0.8166851260074109
1162,161,1007,206,1.279503105590062,1.9493809938430786,399.6231037378311,7.024338126010295,0.5725265838999253
1163,128,872,247,1.9296875,1.8616749048233032,457.9720265865326,6.434504934437979,0.7576995087411228
1164,131,793,195,1.4885496183206106,1.9554580450057983,379.3588607311249,7.067155357668103,0.6901628588828258
1165,140,950,186,1.3285714285714285,1.8933883905410767,350.2768522500992,6.641835729341091,0.531939660715173
1166,201,1252,324,1.6119402985074627,2.445539712905884,789.9093272686005,11.536774464938459,0.9102222597462837
1167,207,1284,284,1.3719806763285025,2.8309075832366943,801.1468460559845,16.960847221885423,0.9001640045395659
1168,79,398,110,1.3924050632911393,3.4735867977142334,378.62096095085144,32.25221740796406,1.3724487003527819
1169,177,1132,237,1.3389830508474576,2.338676929473877,551.927755355835,10.367510536863419,0.7034129289583394
1170,252,1899,889,3.5277777777777777,1.8980355262756348,1685.4555473327637,6.67277307083803,1.2804625380599115
1171,236,1756,866,3.669491525423729,2.223161220550537,1923.0344557762146,9.23648332382818,1.5799272624185374
1172,213,1756,885,4.154929577464789,1.828491449356079,1616.386441230774,6.224489614532343,1.3279912886809782
1173,263,1835,891,3.387832699619772,2.0572476387023926,1830.9503984451294,7.824404557967253,1.4395112043326757
1174,252,1813,1005,3.988095238095238,1.6345545053482056,1641.0927233695984,5.127173359857486,1.305899797928452
1175,205,1513,741,3.6146341463414635,2.0161798000335693,1491.9730520248413,7.509581961909328,1.4226451574991472
1176,222,1578,777,3.5,1.9917514324188232,1545.5991115570068,7.328357652111916,1.4130723532608882
1177,294,2014,1008,3.4285714285714284,1.964537501335144,1978.28926384449,7.131613465590791,1.4171142554083038
1178,204,1454,770,3.7745098039215685,1.8041033744812012,1387.3554949760437,6.074522434193732,1.376568701892704
1179,132,1058,366,2.772727272727273,2.242903709411621,818.6598539352417,9.420646430334989,1.1163294059047792
1180,143,961,363,2.5384615384615383,2.6873717308044434,972.8285665512085,14.693007947602096,1.4604525999984883
1181,117,925,332,2.8376068376068377,2.0540006160736084,679.8742039203644,7.799039741662461,1.0603796134316126
1182,110,765,300,2.727272727272727,2.0703423023223877,619.0323483943939,7.927536267539467,1.1674181688607075
1183,94,690,258,2.74468085106383,2.684086322784424,689.8101849555969,14.644814632154876,1.4422981637538237
1184,107,889,301,2.8130841121495327,1.8444938659667969,553.3481597900391,6.324897734135824,0.8979894780811283
1185,178,1314,498,2.797752808988764,2.2715909481048584,1128.9807012081146,9.694812494795546,1.239554687132642
1186,174,1190,427,2.454022988505747,2.6421971321105957,1125.5759782791138,14.044026315733788,1.3645906571487572
1187,68,439,161,2.3676470588235294,3.477492570877075,556.398811340332,32.37843357857122,1.8285052525676788
1188,146,1074,376,2.5753424657534247,2.286099672317505,857.2873771190643,9.83649720233574,1.1515868227061274
1189,220,1873,677,3.077272727272727,1.8873423337936401,1275.8434176445007,6.601799964824654,0.9827298299981568
1190,207,1647,575,2.7777777777777777,2.2416224479675293,1286.6912851333618,9.40858384859602,1.1270814427546743
1191,212,1574,600,2.830188679245283,2.157252550125122,1292.1942775249481,8.647346839395473,1.1843978882149553
1192,230,1790,648,2.8173913043478263,2.6717171669006348,1728.6010069847107,14.464786331433348,1.393208994666207
1193,238,1751,642,2.697478991596639,2.53190279006958,1622.9496884346008,12.577415563579653,1.3371910149154123
1194,241,1627,645,2.676348547717842,2.341115951538086,1507.6786727905273,10.39282798617172,1.3368903162193904
1195,227,1549,583,2.5682819383259914,2.9738986492156982,1730.8090138435364,19.568060079152843,1.612026843768875
1196,210,1473,540,2.5714285714285716,2.538318395614624,1368.1536152362823,12.658366698223661,1.340005727003185
1197,232,1660,653,2.814655172413793,2.371537208557129,1546.242259979248,10.713849052571177,1.3438289400512076
1198,269,1778,403,1.4981412639405205,1.9700270891189575,791.9508898258209,7.17087073828603,0.6426004619681179
1199,193,1103,244,1.2642487046632125,2.911456823348999,707.4840080738068,18.38356066887748,0.9253705076666622
1200,203,1451,293,1.4433497536945812,2.3700997829437256,692.0691366195679,10.69845975466014,0.6881080023110663
1201,293,2013,404,1.378839590443686,2.4307804107666016,979.6045055389404,11.367750133785488,0.7020718142938472
1202,188,1254,233,1.2393617021276595,3.152059316635132,731.2777614593506,23.38417044253272,0.841316427408124
1203,297,1974,416,1.4006734006734007,2.558574676513672,1061.8084907531738,12.91739272492845,0.7760211975599791
1204,277,1849,433,1.5631768953068592,2.0220463275909424,873.5240135192871,7.553766609938826,0.6815731543546237
1205,345,2031,414,1.2,2.251375913619995,929.818252325058,9.500799126237036,0.6604845797919271
1206,268,1681,396,1.4776119402985075,2.224728584289551,878.7677907943726,9.250971604102496,0.7541903235407444
1207,220,1420,293,1.3318181818181818,2.667698860168457,778.9680671691895,14.406779006802426,0.7914178644477822
1208,227,1364,276,1.2158590308370043,2.930121660232544,805.7834565639496,18.729909043155576,0.8522725783102475
1209,131,798,157,1.1984732824427482,3.3066182136535645,515.832441329956,27.29267124681749,0.9325675501708957
1210,435,2296,586,1.3471264367816091,2.1296629905700684,1245.85284948349,8.412031399780124,0.7828335050641181
1211,420,2092,605,1.4404761904761905,2.0885872840881348,1261.5067195892334,8.073501540008937,0.8699662946460283
1212,410,2151,515,1.2560975609756098,3.09550404548645,1591.0890793800354,22.098374316672455,1.0671577519452178
1213,132,693,161,1.2196969696969697,3.5475268363952637,567.6042938232422,34.72732483860788,1.1816448771804815
1214,372,2021,554,1.489247311827957,1.9738539457321167,1091.5412319898605,7.198365207534369,0.7791989719532912
1215,456,2501,672,1.4736842105263157,1.981286644935608,1329.443338751793,7.252067821332993,0.7668857704758409
1216,377,2201,535,1.4190981432360743,2.343536376953125,1251.4484252929688,10.418013518719416,0.8202900668325618
1217,217,2181,1034,4.764976958525345,1.8174223899841309,1877.3973288536072,6.155970291261845,1.2418669491587737
1218,239,2067,1031,4.313807531380753,2.0762925148010254,2138.581290245056,7.974847408847518,1.492656324128913
1219,247,2111,982,3.9757085020242915,1.9456062316894531,1908.6397132873535,6.997872901686409,1.3043984126970147
1220,265,2441,1157,4.366037735849057,2.1766746044158936,2516.235842704773,8.816937649138582,1.487161397778467
1221,259,2262,1018,3.9305019305019306,2.3599400520324707,2400.0590329170227,10.590316565450287,1.530748569686185
1222,294,2469,1186,4.034013605442177,1.7910691499710083,2122.416942715645,5.995859513750841,1.2401783709820073
1223,250,2053,930,3.72,2.4903724193573,2313.5559775829315,12.065768809676001,1.6257943184013217
1224,240,2132,1044,4.35,1.9619709253311157,2046.3356751203537,7.113333106600233,1.3847271718997671
1225,294,2670,1318,4.482993197278912,1.5836763381958008,2085.7017374038696,4.872837119453896,1.1269781098599467
1226,309,1847,471,1.5242718446601942,2.617738723754883,1230.337200164795,13.704698411090227,0.9610186125062056
1227,244,1303,368,1.5081967213114753,3.0729854106903076,1127.785645723343,21.606310195150584,1.2486959004380846
1228,328,2147,540,1.646341463414634,1.947456955909729,1049.679299235344,7.010836026440363,0.7053409965210214
1229,321,1916,538,1.67601246105919,2.837216854095459,1523.5854506492615,17.068196091447756,1.1472177317443977
1230,319,1999,503,1.5768025078369905,2.7631354331970215,1387.0939874649048,15.849460045246056,1.0010773471548355
1231,87,563,147,1.6896551724137931,2.4903454780578613,363.59043979644775,12.065443746564375,0.9317053719519937
1232,324,2021,687,2.1203703703703702,2.2701423168182373,1557.3176293373108,9.680778453627457,1.1116944190667468
1233,308,1753,488,1.5844155844155845,2.85857892036438,1392.127934217453,17.43673033938623,1.1457022629654972
1234,282,1631,419,1.4858156028368794,2.4793076515197754,1036.350598335266,11.932999762918222,0.9167001035196803
1235,310,1785,464,1.4967741935483871,3.2179384231567383,1489.9054899215698,24.976575937806704,1.2041900625787623
1236,257,1577,424,1.649805447470817,2.2551448345184326,953.926265001297,9.536674449777381,0.8726852833805342
1237,273,1696,506,1.8534798534798536,2.3811862468719482,1202.4990546703339,10.817727751392706,1.0229006030934888
1238,319,1887,385,1.206896551724138,2.8023111820220947,1076.0874938964844,16.482697296982348,0.8227165294155224
1239,250,1315,315,1.26,2.9608476161956787,929.7061514854431,19.31433596321047,1.0199866572106557
1240,320,2052,425,1.328125,1.958192229270935,830.2735052108765,7.086504702929734,0.5837385324313978
1241,364,2077,461,1.2664835164835164,2.733553409576416,1257.4345684051514,15.387467964271524,0.8734206143863582
1242,333,1973,403,1.2102102102102101,3.061326265335083,1230.6531586647034,21.355861927438532,0.8998769432640173
1243,91,531,109,1.1978021978021978,2.8564703464508057,308.498797416687,17.40000244000778,0.838172665072059
1244,336,2331,681,2.0267857142857144,1.9898014068603516,1353.064956665039,7.3140810917414845,0.8374346216135959
1245,322,1853,458,1.4223602484472049,2.5268049240112305,1154.7498502731323,12.513460738747753,0.8990566014335246
1246,319,1777,370,1.1598746081504703,2.510134220123291,926.2395272254944,12.306581740582093,0.7519871539693634
1247,344,1909,428,1.244186046511628,3.004930257797241,1283.105220079422,20.184808313902998,0.9696854572798975
1248,264,1641,374,1.4166666666666667,2.3027966022491455,858.9431326389313,10.002115316247595,0.755145032214392
1249,283,1782,453,1.6007067137809188,2.162642002105713,977.5141849517822,8.694077112115018,0.7913888142696707
1250,176,1079,402,2.284090909090909,3.240385055541992,1299.3944072723389,25.543555541575007,1.7373770783416655
1251,184,1109,420,2.282608695652174,3.281200647354126,1374.8230712413788,26.60769999392507,1.7885035410096224
1252,138,887,328,2.3768115942028984,3.335791826248169,1090.8039271831512,28.1006252293836,1.7741797252867397
1253,139,807,336,2.41726618705036,2.689607620239258,901.0185527801514,14.7258966428795,1.6107744706875777
1254,134,792,301,2.246268656716418,3.6571412086486816,1097.1423625946045,38.75040505002833,1.9985376839197435
1255,134,795,295,2.201492537313433,3.305326223373413,971.7659096717834,27.257432150034372,1.7634740362118673
1256,237,1363,520,2.1940928270042193,3.0650899410247803,1590.781679391861,21.43638991135681,1.6837951870841195
1257,196,1208,462,2.357142857142857,3.4266951084136963,1579.706444978714,30.774767229341634,1.8866180912509312
1258,68,402,162,2.3823529411764706,3.8529610633850098,620.3267312049866,47.13241888910995,2.2262246239808334
1259,198,1115,417,2.106060606060606,3.0280725955963135,1259.6781997680664,20.657379071413224,1.629893714727647
1260,216,1089,413,1.912037037037037,2.834808826446533,1167.9412364959717,17.027144849441783,1.547275509589038
1261,240,1046,390,1.625,2.8663878440856934,1115.0248713493347,17.573425462821344,1.5378975644010895
1262,225,883,318,1.4133333333333333,2.6445648670196533,838.3270628452301,14.077318244783228,1.3697058847223373
1263,176,762,303,1.7215909090909092,2.4131453037261963,728.7698817253113,11.169035966108792,1.3797804387327337
1264,187,783,286,1.5294117647058822,2.8930063247680664,824.5068025588989,18.047484727072938,1.5191722544456439
1265,188,792,308,1.6382978723404256,2.2282705307006836,684.0790529251099,9.283796146844452,1.2461079005442863
1266,346,1401,550,1.5895953757225434,2.273810625076294,1248.3220331668854,9.716355747518369,1.285473238174371
1267,301,1281,466,1.548172757475083,2.837196111679077,1319.2961919307709,17.06784205948929,1.4858251940376404
1268,116,485,178,1.5344827586206897,3.573837995529175,632.5693252086639,35.65316759576146,1.8816590278289018
1269,269,1117,413,1.5353159851301115,2.752685546875,1134.1064453125,15.684697364489194,1.4647893862959303
1270,257,1731,362,1.4085603112840468,2.5856781005859375,933.4297943115234,13.272285984126263,0.7779633363785328
1271,259,1562,354,1.3667953667953667,2.566865921020508,906.1036701202393,13.024939217430354,0.8368958203673229
1272,258,1630,336,1.302325581395349,2.224788188934326,745.3040432929993,9.25152302141214,0.6596603970633763
1273,281,1572,378,1.3451957295373667,2.5286357402801514,953.2956740856171,12.536391570913919,0.8748822783105733
1274,264,1598,377,1.428030303030303,3.8535449504852295,1448.9329013824463,47.15994693635521,1.3081153388018227
1275,266,1451,303,1.1390977443609023,3.7652595043182373,1137.1083703041077,43.174908481423245,1.130600004680267
1276,266,1446,325,1.2218045112781954,3.5722768306732178,1157.4176931381226,35.597550548493196,1.1547723140577548
1277,261,1448,352,1.3486590038314177,3.6056301593780518,1265.5761859416962,36.80486948482042,1.2609395630699267
1278,221,1332,291,1.3167420814479638,3.5472517013549805,1028.7029933929443,34.717771448985864,1.1141927230597846
1279,154,1006,226,1.4675324675324675,2.6919898986816406,605.6977272033691,14.761019648775491,0.8686253551829194
1280,170,970,254,1.4941176470588236,3.114633560180664,788.002290725708,22.525174720035686,1.172007213442394
1281,158,988,204,1.2911392405063291,2.343820571899414,475.79557609558105,10.420974686266302,0.6947650993016217
1282,130,865,252,1.9384615384615385,1.799341082572937,451.6346117258072,6.045662559276955,0.7532612885903289
1283,123,748,181,1.4715447154471544,2.2532076835632324,405.57738304138184,9.51821835365114,0.782251977554178
1284,161,1101,209,1.2981366459627328,1.6796194314956665,349.36084175109863,5.3635143980149795,0.4577848809038183
1285,194,1132,273,1.407216494845361,2.9793858528137207,810.392951965332,19.675729139699577,1.0328179266534916
1286,196,1154,235,1.1989795918367347,3.8269736766815186,895.5118403434753,45.92334882296035,1.119541153484299
1287,87,436,106,1.2183908045977012,3.831827163696289,402.34185218811035,46.146778969204654,1.331322465352906
1288,177,1095,224,1.265536723163842,2.6569325923919678,592.4959681034088,14.252503740830905,0.7806310455977109
1289,230,1355,357,1.5521739130434782,3.6241722106933594,1290.205307006836,37.493673448117434,1.373706862101391
1290,269,1498,391,1.453531598513011,3.1530723571777344,1229.6982192993164,23.40787155831479,1.1842987468445345
1291,190,1126,275,1.4473684210526316,3.3290555477142334,912.1612200737,27.911967728994927,1.1687126720173653
1292,229,1405,401,1.7510917030567685,3.453341007232666,1381.3364028930664,31.605811352116298,1.4183965681517623
1293,129,806,182,1.4108527131782946,3.5498998165130615,642.5318667888641,34.80982994276434,1.150096200780921
1294,92,571,210,2.282608695652174,1.850440502166748,386.74206495285034,6.362621654008832,0.9771468637664353
1295,286,1866,456,1.5944055944055944,1.9514814615249634,887.9240649938583,7.0391080276507845,0.686497130360455
1296,173,1054,253,1.4624277456647399,2.8637990951538086,721.6773719787598,17.527991110863606,0.9878181837528809
1297,217,1541,342,1.576036866359447,2.2892847061157227,780.6460847854614,9.867876724272923,0.7308463563980342
1298,300,2026,459,1.53,2.190551996231079,1003.2728142738342,8.940146680191459,0.714420885395644
1299,167,1204,242,1.4491017964071857,3.572525978088379,860.9787607192993,35.60642069113909,1.0316692594688195
1300,297,1867,440,1.4814814814814814,2.443289279937744,1072.6039938926697,11.510840919134724,0.8288379554508037
1301,261,1786,443,1.6973180076628354,2.1157066822052,935.1423535346985,8.295445939264782,0.7553892698598786
1302,306,1944,424,1.3856209150326797,2.5020151138305664,1058.3523931503296,12.207067824024847,0.7854319697072772
1303,299,1892,481,1.608695652173913,1.9276725053787231,925.2828025817871,6.87349359011634,0.7055501642201829
1304,199,1233,306,1.5376884422110553,2.7823033332824707,848.6025166511536,16.15619121678313,0.9929234732023627
1305,172,1079,248,1.441860465116279,3.026395559310913,747.5197031497955,20.62276492984744,0.9994837522715477
1306,88,603,133,1.5113636363636365,4.009665489196777,529.2758445739746,55.12842642455026,1.2663078544431028
1307,308,1700,485,1.5746753246753247,3.3981854915618896,1644.7217779159546,29.90977923271294,1.3957835015537805
1308,303,1687,503,1.66006600660066,3.4617676734924316,1737.8073720932007,31.873268278733818,1.4861446815288335
1309,303,1659,407,1.3432343234323432,3.791985034942627,1539.5459241867065,44.34433802784563,1.3388157143128256
1310,97,466,112,1.1546391752577319,4.423331260681152,490.9897699356079,83.37356233102757,1.5200611721315762
1311,300,1831,532,1.7733333333333334,2.7815678119659424,1477.0125081539154,16.144312362859946,1.1637786023181995
1312,296,1832,542,1.8310810810810811,3.2730116844177246,1770.699321269989,26.390700238976756,1.3944209223262372
1313,302,1774,455,1.5066225165562914,3.1315503120422363,1421.7238416671753,22.90946885102244,1.1562085320669897
1314,294,1760,494,1.6802721088435375,2.9454023838043213,1452.0833752155304,19.01831350836271,1.1902917524890646
1315,304,1740,473,1.555921052631579,2.2749032974243164,1073.7543563842773,9.726978343218637,0.890287405223286
1316,309,1756,474,1.5339805825242718,2.929974317550659,1385.8778522014618,18.72714953142762,1.1386099684788706
1317,311,1683,465,1.495176848874598,3.159618854522705,1466.0631484985352,23.56161381488745,1.2567332346814597
1318,197,1046,295,1.49746192893401,2.812997341156006,827.0212182998657,16.65977849706488,1.14066865234337
1319,288,1601,429,1.4895833333333333,3.5771028995513916,1531.0000410079956,35.769761997244046,1.379616593855737
1320,309,1744,486,1.5728155339805825,3.8236100673675537,1854.4508826732635,45.769140113448174,1.5340636995440815
1321,314,1637,399,1.2707006369426752,3.204847812652588,1275.52942943573,24.651748046818017,1.1241294944134739
1322,330,1899,500,1.5151515151515151,3.0206801891326904,1507.3194143772125,20.505234379408645,1.1451301970287842
1323,307,1876,426,1.3876221498371335,2.827667236328125,1201.7585754394531,16.90597714008386,0.9241850411152902
1324,228,1255,324,1.4210526315789473,3.5866949558258057,1158.5024707317352,36.11451838523632,1.331765553292658
1325,307,2097,471,1.5342019543973942,2.1404364109039307,1006.0051131248474,8.503147685640375,0.6921118682947821
1326,300,1889,468,1.56,3.280223846435547,1531.8645362854004,26.581722257733546,1.1699382582385487
1327,295,2024,430,1.4576271186440677,2.983551025390625,1279.9433898925781,19.757852858144815,0.9123359590991262
1328,80,537,110,1.375,3.2109620571136475,349.9948642253876,24.802936591627816,0.9402902326900796
1329,300,1812,523,1.7433333333333334,3.7305965423583984,1947.371395111084,41.70397893500604,1.5504762993906087
1330,307,1666,387,1.260586319218241,3.681210517883301,1420.947259902954,39.694415801322485,1.2304883344698396
1331,300,1685,355,1.1833333333333333,3.0044503211975098,1063.5754137039185,20.17512320993843,0.9106320326184397
1332,300,1718,363,1.21,4.042354583740234,1463.3323593139648,56.96030283642087,1.2288372165044261
1333,298,1758,404,1.3557046979865772,2.961533546447754,1193.4980192184448,19.327588795285983,0.9794389497367754
1334,304,1751,406,1.3355263157894737,3.237959861755371,1311.3737440109253,25.481682526738783,1.080475383915794
1335,163,961,228,1.3987730061349692,2.7535130977630615,625.047473192215,15.69768262196176,0.9383484806395274
1336,165,1025,258,1.5636363636363637,2.744760513305664,705.4034519195557,15.560886860555184,0.9928605482051701
1337,151,899,233,1.5430463576158941,2.6461122035980225,613.8980312347412,14.099117455237185,0.9851697945204216
1338,172,999,242,1.4069767441860466,2.9802327156066895,718.2360844612122,19.692398840110783,1.0372328701098072
1339,159,919,206,1.2955974842767295,3.7893471717834473,776.8161702156067,44.227517877768186,1.2194873084357047
1340,210,1158,270,1.2857142857142858,3.373706340789795,907.5270056724548,29.186501961028704,1.1306431006532476
1341,166,980,197,1.1867469879518073,3.4361276626586914,673.4810218811035,31.066425268273154,0.9914568677558158
1342,159,1038,236,1.4842767295597483,2.895460367202759,680.4331862926483,18.091828408816657,0.9457202153378419
1343,279,1771,373,1.3369175627240144,2.4325292110443115,904.9008665084839,11.387647451522781,0.7371518874127135
1344,261,1637,422,1.6168582375478928,2.447631597518921,1030.4529025554657,11.560933325890598,0.908142512148081
1345,267,1597,338,1.2659176029962547,2.516296148300171,847.9918019771576,12.382648130503627,0.7660573371489926
1346,268,1701,395,1.4738805970149254,3.31172513961792,1304.8197050094604,27.432409410767782,1.1066766123876242
1347,282,1837,379,1.3439716312056738,2.5461599826812744,962.4484734535217,12.758018586652694,0.7558626237139624
1348,281,1484,389,1.3843416370106763,3.3484559059143066,1299.200891494751,28.45875670232702,1.2630395439878688
1349,278,1586,326,1.1726618705035972,3.818509578704834,1241.015613079071,45.53628946404608,1.12888213786567
1350,263,1491,332,1.2623574144486691,3.061777114868164,1013.4482250213623,21.365492378596137,0.9806148413387269
1351,323,1809,429,1.328173374613003,2.8579514026641846,1223.203200340271,17.425791914851178,0.9755164130074175
1352,255,1730,366,1.4352941176470588,5.1445417404174805,1877.7577352523804,171.49287840653716,1.565914319444798
1353,259,1562,352,1.359073359073359,5.33021879196167,1870.9067959785461,206.48314606708234,1.728007654624653
1354,258,1631,338,1.310077519379845,5.0186357498168945,1691.2802476882935,151.2048817328106,1.4960157118904713
1355,281,1568,374,1.3309608540925266,2.464559555053711,919.2807140350342,11.758302126557515,0.8458174281398018
1356,256,1573,360,1.40625,5.1870951652526855,1862.167164325714,178.94798289424284,1.7079080313280175
1357,256,1440,306,1.1953125,6.244661808013916,1904.6218514442444,515.2549403660695,1.9081864582273385
1358,264,1438,321,1.2159090909090908,5.915098667144775,1892.8315734863281,370.5908660431385,1.8990116302550621
1359,261,1446,350,1.3409961685823755,5.748587131500244,2006.2569088935852,313.7470636445117,2.001671433755184
1360,221,1325,283,1.2805429864253393,5.750856876373291,1621.741639137268,314.45999821737695,1.76579518519734
1361,270,1740,497,1.8407407407407408,4.550894260406494,2257.243553161621,94.7170721809808,1.8715598162211804
1362,247,1686,481,1.9473684210526316,3.9871833324432373,1913.847999572754,53.90284893436348,1.6376625255034845
1363,326,1804,495,1.51840490797546,5.049308776855469,2494.3585357666016,155.91465541223133,1.994788630681559
1364,305,1699,485,1.5901639344262295,4.887820243835449,2365.7049980163574,132.66408330288948,2.0088233483486957
1365,187,1044,308,1.6470588235294117,4.825871467590332,1481.542540550232,124.69508877528652,2.0473314905343445
1366,287,1581,411,1.4320557491289199,5.029055118560791,2061.9125986099243,152.78857737834755,1.8815376854908372
1367,307,1719,462,1.504885993485342,4.8221564292907715,2223.0141139030457,124.2327011703538,1.8656960081175669
1368,306,1610,384,1.2549019607843137,5.500129222869873,2106.5494923591614,244.7235541010306,1.887645034791134
1369,326,1873,480,1.4723926380368098,4.78553581237793,2292.2716541290283,119.76551774174929,1.7656427911277577
1370,270,1852,453,1.6777777777777778,4.1633381843566895,1881.8288593292236,64.28576254165193,1.4659315135831563
1371,173,1056,257,1.4855491329479769,5.373356819152832,1375.579345703125,215.58533541218605,1.879300663253015
1372,212,1528,333,1.570754716981132,4.500080585479736,1494.0267543792725,90.02438566652651,1.4106184486246138
1373,286,1985,463,1.618881118881119,4.411798477172852,2038.2508964538574,82.4175563872541,1.4813977130485965
1374,168,1208,242,1.4404761904761905,5.487696647644043,1322.5348920822144,241.6998452962437,1.5794822269947277
1375,291,1869,446,1.5326460481099657,4.846428871154785,2156.6608476638794,127.2850260205332,1.6647425948657395
1376,264,1796,451,1.7083333333333333,4.481008529663086,2016.4538383483887,88.32370484860479,1.619781710894619
1377,306,1951,431,1.408496732026144,5.215770244598389,2242.781205177307,184.15360968977987,1.6584568541815856
1378,293,1884,476,1.6245733788395904,4.1377177238464355,1965.4159188270569,62.65965150625006,1.5050402332144484
1379,198,1236,304,1.5353535353535352,4.944016456604004,1498.0369863510132,140.33275959426527,1.748552209770918
1380,172,1077,248,1.441860465116279,5.652370452880859,1396.1355018615723,284.9661647031075,1.8701929108121769
1381,88,605,137,1.5568181818181819,6.194606781005859,842.4665222167969,490.0986909889324,2.0089624358961067
1382,304,1673,464,1.5263157894736843,4.638453960418701,2147.6041836738586,103.38438760758632,1.851965275301056
1383,301,1650,468,1.5548172757475083,4.370285511016846,2040.923333644867,79.06620274921451,1.7845030135054671
1384,303,1658,408,1.3465346534653466,5.157801151275635,2099.2250685691833,173.78191504261756,1.8266233993573915
1385,97,466,113,1.1649484536082475,5.963904857635498,667.9573440551758,389.126645563968,2.067937227025247
1386,300,1807,509,1.6966666666666668,4.1101555824279785,2087.959035873413,60.9562005455921,1.66701059581288
1387,283,1786,511,1.8056537102473498,3.8721225261688232,1974.7824883460999,48.04425311935555,1.5951897551910892
1388,300,1753,437,1.4566666666666668,4.72733211517334,2061.116802215576,112.99370567540262,1.696270957928882
1389,228,1353,358,1.5701754385964912,5.611496925354004,2003.3044023513794,273.5534207215102,2.136110367083048
1390,272,1501,391,1.4375,5.241333961486816,2044.1202449798584,188.92194899546874,1.964718281421169
1391,190,1126,275,1.4473684210526316,5.640360355377197,1545.458737373352,281.56416335636965,1.9801293572886804
1392,219,1395,399,1.821917808219178,4.9977593421936035,1989.1082181930542,148.08098827860962,2.057115815181793
1393,131,808,180,1.3740458015267176,5.886788368225098,1053.7351179122925,360.24644555523946,1.8814584517606576
1394,93,572,210,2.2580645161290325,3.4236342906951904,715.5395667552948,30.68071528787557,1.8047296932127643
1395,162,965,230,1.4197530864197532,5.6138410568237305,1285.5696020126343,274.1954180727934,1.921953253410597
1396,161,1025,263,1.6335403726708075,4.937915802001953,1293.7339401245117,139.4792440475778,1.8209400386803634
1397,145,895,233,1.606896551724138,5.343010425567627,1239.5784187316895,209.14136807228167,1.9981381424549622
1398,172,1001,243,1.4127906976744187,5.25756311416626,1272.3302736282349,192.01300693114152,1.8337508253110413
1399,159,920,206,1.2955974842767295,6.487271785736084,1329.8907160758972,656.7292189004711,2.085463848920619
1400,210,1158,270,1.2857142857142858,5.851461410522461,1574.043119430542,347.7422034346514,1.9610226274160945
1401,162,976,200,1.2345679012345678,6.233041286468506,1240.3752160072327,509.30206398213056,1.833486857556569
1402,157,1036,236,1.5031847133757963,5.3501434326171875,1257.283706665039,210.6385081325558,1.7508464947839246
1403,279,1771,373,1.3369175627240144,5.202436447143555,1935.3063583374023,181.71444058921946,1.576542566783879
1404,259,1642,431,1.664092664092664,4.403717041015625,1893.5983276367188,81.75418826101192,1.6637545168801027
1405,263,1597,339,1.2889733840304183,5.39189338684082,1822.4599647521973,219.61881552033475,1.6463706658526425
1406,268,1701,394,1.4701492537313432,5.496368885040283,2160.0729718208313,243.8050389087926,1.8320555934181064
1407,282,1838,380,1.3475177304964538,5.3942036628723145,2044.4031882286072,220.12678215152891,1.6047063880495092
1408,270,1454,374,1.385185185185185,5.031363010406494,1876.6984028816223,153.14160410725435,1.8621069319680568
1409,277,1585,325,1.1732851985559567,6.1481781005859375,1992.0097045898438,467.8642082887734,1.8131624745832535
1410,252,1469,329,1.3055555555555556,5.643794059753418,1851.164451599121,282.53263322433753,1.8180161839291964
1411,322,1796,419,1.3012422360248448,5.078062534332275,2122.630139350891,160.46286327487167,1.705071255948207
1412,303,1872,429,1.4158415841584158,5.3879923820495605,2306.060739517212,218.76375035973663,1.7772128167148598
1413,226,1254,325,1.4380530973451326,5.784618854522705,1874.2165088653564,325.25804585107716,2.156238327665292
1414,309,2089,473,1.5307443365695792,4.43269157409668,2092.230422973633,84.1576288344325,1.4449260199239247
1415,297,1896,476,1.6026936026936027,5.010460376739502,2379.9686789512634,149.97376469105927,1.8109541195116274
1416,285,1884,428,1.5017543859649123,5.517158508300781,2355.8266830444336,248.9267081358403,1.8040018433238325
1417,79,543,115,1.4556962025316456,5.9108500480651855,673.8369054794312,369.0197066113004,1.790315215291235
1418,289,1763,484,1.6747404844290656,4.22443962097168,2040.4043369293213,68.3361986443326,1.6697000670994133
1419,304,1653,378,1.243421052631579,5.5842390060424805,2105.258105278015,266.19763085222974,1.8374140521935194
1420,296,1675,349,1.179054054054054,5.837590217590332,2031.4813957214355,342.9519046278421,1.7497362001585104
1421,293,1707,360,1.2286689419795223,6.400304794311523,2297.709421157837,602.0285047744578,1.9419414102567438
1422,298,1763,399,1.3389261744966443,5.504240989685059,2190.6879138946533,245.73187185280906,1.7926798579190046
1423,293,1711,399,1.3617747440273038,5.134733200073242,2043.6238136291504,169.81900613170217,1.7231595215460938
1424,154,1009,230,1.4935064935064934,5.24229621887207,1200.485834121704,189.1038280293139,1.7164865803219358
1425,170,971,259,1.5235294117647058,4.894604206085205,1262.807885169983,133.56713109362883,1.8762581601752977
1426,158,997,213,1.3481012658227849,5.365105628967285,1137.4023933410645,213.81381842100163,1.6458623795069125
1427,124,869,261,2.1048387096774195,3.312736988067627,861.311616897583,27.4601808996013,1.4299309532315279
1428,123,750,183,1.4878048780487805,4.996326923370361,909.3315000534058,147.86902612916379,1.7491840608682274
1429,157,1101,213,1.356687898089172,5.190685272216797,1100.425277709961,179.59157989361032,1.4419419536975668
1430,194,1132,273,1.407216494845361,4.714674949645996,1282.391586303711,111.57253858565424,1.634363941729766
1431,196,1154,236,1.2040816326530612,6.454352855682373,1516.7729210853577,635.4623573059878,1.8962225055498376
1432,87,436,106,1.2183908045977012,5.749309539794922,603.6775016784668,313.9737990136144,1.9975287568067956
1433,178,1096,225,1.2640449438202248,5.924355506896973,1327.0556335449219,374.037293205645,1.7468399466231936
1434,163,1000,240,1.4723926380368098,3.99702525138855,955.2890350818634,54.43597559582837,1.3781907535282074
1435,165,1053,269,1.6303030303030304,3.988028049468994,1068.7915172576904,53.94840082511536,1.4643306948640655
1436,151,915,250,1.6556291390728477,4.014782428741455,999.6808247566223,55.41123819805858,1.5762126430034624
1437,172,1037,256,1.4883720930232558,4.2298150062561035,1078.6028265953064,68.70452109156801,1.5005737213287051
1438,159,956,226,1.421383647798742,4.758394241333008,1070.6387042999268,116.5586105485141,1.6156957628423532
1439,210,1208,294,1.4,4.311405181884766,1263.2417182922363,74.54516489405061,1.508669339755184
1440,166,1004,220,1.3253012048192772,4.96691370010376,1087.7541003227234,143.58306244407885,1.5630452651815032
1441,159,1074,254,1.5974842767295598,3.864947557449341,977.8317320346832,47.70077081700367,1.313513026657638
1442,286,1892,475,1.6608391608391608,2.9183766841888428,1383.3105483055115,18.511213511016614,1.0548072241277773
1443,173,1094,277,1.6011560693641618,4.295217514038086,1185.4800338745117,73.34816696599549,1.5633328756340388
1444,217,1542,352,1.6221198156682028,3.5222465991973877,1236.308556318283,33.86041385612178,1.1566901577230744
1445,300,2039,472,1.5733333333333333,3.0399980545043945,1431.8390836715698,20.905202564073473,1.0130981585894907
1446,167,1227,259,1.5508982035928143,4.623113632202148,1192.7633171081543,101.81053970469523,1.4024398716757982
1447,297,1913,457,1.5387205387205387,3.662015438079834,1669.8790397644043,38.93974448184562,1.2593445946432464
1448,261,1854,466,1.78544061302682,2.9687423706054688,1380.465202331543,19.467421393050326,1.0742126761183908
1449,306,1997,447,1.4607843137254901,3.669741153717041,1636.7045545578003,39.24174696522634,1.1824063817030137
1450,299,1933,507,1.6956521739130435,2.901750326156616,1468.2856650352478,18.205983907241603,1.0958553789729466
1451,199,1265,317,1.592964824120603,3.855785608291626,1218.4282522201538,47.26573471245119,1.3895813416261054
1452,172,1106,262,1.5232558139534884,4.432847499847412,1156.9731974601746,84.17075219899702,1.509185799653925
1453,88,627,143,1.625,5.2295145988464355,742.5910730361938,186.70215607982774,1.7086642080984544
1454,308,1802,516,1.6753246753246753,3.984227180480957,2051.876997947693,53.74373921383938,1.6427484847132465
1455,303,1782,533,1.7590759075907592,4.129612922668457,2196.954074859619,62.153859927693055,1.7786390285413989
1456,303,1761,458,1.5115511551155116,4.698318958282471,2147.131763935089,109.76250193142013,1.7590325655674761
1457,97,498,127,1.309278350515464,5.4513959884643555,686.8758945465088,233.08332052549684,1.9898643509406002
1458,300,1877,561,1.87,3.4708526134490967,1943.6774635314941,32.16415434778971,1.493944505980035
1459,296,1887,566,1.912162162162162,3.8083884716033936,2151.7394864559174,45.07773624886687,1.6451000987784403
1460,302,1797,473,1.5662251655629138,3.67651629447937,1735.3156909942627,39.50851800991021,1.39317269993001
1461,154,1033,238,1.5454545454545454,3.8514578342437744,912.7955067157745,47.061621289378216,1.2748166029860373
1462,170,1010,271,1.5941176470588236,3.9725170135498047,1072.5795936584473,53.118061600599866,1.5320844165641005
1463,158,1012,227,1.4367088607594938,3.6483495235443115,824.5269923210144,38.41121689364961,1.1754357736172134
1464,130,879,256,1.9692307692307693,2.2034215927124023,561.8725061416626,9.055946309413425,0.9221964484896817
1465,123,789,201,1.6341463414634145,3.810487985610962,762.0975971221924,45.17247700752467,1.3935037060096098
1466,161,1135,231,1.434782608695652,3.0609030723571777,704.0077066421509,21.34682618869917,0.8948620503262055
1467,194,1193,292,1.5051546391752577,3.9552693367004395,1150.9833769798279,52.20975405378255,1.3918843337086588
1468,196,1219,255,1.3010204081632653,5.133116245269775,1303.811526298523,169.5446383539445,1.5430700764928216
1469,87,469,117,1.3448275862068966,4.834123611450195,560.7583389282227,125.72834802490792,1.7249536774176535
1470,177,1139,243,1.3728813559322033,4.371866703033447,1057.9917421340942,79.1913204893025,1.3400873043707926
1471,257,1771,389,1.5136186770428015,3.638554811477661,1411.7592668533325,38.03682659974414,1.1500497420769857
1472,259,1652,391,1.5096525096525097,3.6604955196380615,1427.593252658844,38.880604201676256,1.2467201610275178
1473,258,1709,361,1.3992248062015504,3.425647735595703,1233.2331848144531,30.74255144857713,1.041064599175842
1474,281,1574,379,1.3487544483985765,2.550555944442749,964.1101469993591,12.814225800378363,0.8836829275392027
1475,264,1644,399,1.5113636363636365,4.588442802429199,1826.2002353668213,98.34117423041162,1.6025851722834374
1476,266,1512,333,1.2518796992481203,5.102682590484619,1694.0906200408936,164.46250161052578,1.6164392436173987
1477,266,1499,347,1.3045112781954886,4.717704772949219,1632.3258514404297,111.91109628907864,1.571012949291503
1478,261,1499,382,1.4636015325670497,4.748392105102539,1809.1373920440674,115.39858647735062,1.7411831512933746
1479,221,1401,332,1.502262443438914,4.53006649017334,1499.4520082473755,92.76472881996155,1.544077070913266
1480,279,1813,396,1.4193548387096775,3.362833261489868,1328.319138288498,28.87087384504438,1.0570101674168324
1481,261,1695,436,1.6704980842911878,3.476632595062256,1512.3351788520813,32.35060087821183,1.2872203319715758
1482,267,1657,371,1.3895131086142323,3.8423848152160645,1421.6823816299438,46.63656150758344,1.237811781349868
1483,268,1734,423,1.578358208955224,4.18350076675415,1765.4373235702515,65.59508482889663,1.468851021750338
1484,282,1922,413,1.4645390070921986,3.8871779441833496,1601.51731300354,48.773051851964915,1.202133759296579
1485,281,1579,430,1.5302491103202847,4.2675628662109375,1830.7844696044922,71.3475400576622,1.6727445694964738
1486,278,1658,365,1.3129496402877698,4.999006748199463,1819.6384563446045,148.26582064927965,1.5833434120501866
1487,263,1532,354,1.3460076045627376,4.180371284484863,1475.6710634231567,65.39012704711809,1.3896496900678403
1488,323,1926,477,1.4767801857585139,4.056911468505859,1931.089859008789,57.795531818144575,1.4465076651624857
1489,307,1906,440,1.4332247557003257,4.003200054168701,1757.4048237800598,54.77314692118601,1.3302199496861673
1490,228,1308,347,1.5219298245614035,4.383701324462891,1516.7606582641602,80.13408742920667,1.6729534249947888
1491,307,2161,500,1.6286644951140066,3.0557923316955566,1524.8403735160828,21.238006407800835,1.0179915062558664
1492,300,1930,497,1.6566666666666667,4.245650768280029,2105.8427810668945,69.80116975391847,1.574139345666856
1493,295,2047,447,1.5152542372881357,4.0955891609191895,1826.6327657699585,60.07472241188799,1.287383504006649
1494,80,541,119,1.4875,4.959770202636719,585.2528839111328,142.56103198334637,1.560705052281988
1495,300,1892,557,1.8566666666666667,4.141263961791992,2302.5427627563477,62.882252003961085,1.7557436708580105
1496,307,1730,430,1.4006514657980456,4.516825199127197,1937.7180104255676,91.54450057419372,1.6159168579665868
1497,300,1748,389,1.2966666666666666,4.090935230255127,1587.2828693389893,59.795788392367726,1.310048697988195
1498,300,1766,395,1.3166666666666667,5.123952865600586,2018.8374290466309,167.9981328915263,1.649245043740996
1499,298,1791,424,1.4228187919463087,3.588615655899048,1517.9844224452972,36.1839502008456,1.2227742034665146
1500,304,1841,443,1.457236842105263,4.1461181640625,1832.584228515625,63.18823723067009,1.4361000426348827
1501,230,1440,380,1.6521739130434783,4.718220233917236,1788.2054686546326,111.96879696104824,1.791552195637891
1502,269,1587,421,1.5650557620817844,4.418376922607422,1855.7183074951172,82.96152305058357,1.686978953692543
1503,190,1186,300,1.5789473684210527,4.485934734344482,1341.2944855690002,88.75987895630325,1.6316010983997555
1504,229,1462,429,1.8733624454148472,4.14531135559082,1774.193260192871,63.13727698590481,1.7507659494246768
1505,129,821,195,1.5116279069767442,4.650587558746338,902.2139863967896,104.64645345635232,1.5854076053536066
1506,92,584,196,2.130434782608696,2.746267080307007,535.5220806598663,15.584348047698532,1.3229367295454257
1507,294,1812,523,1.7789115646258504,3.843920946121216,2006.5267338752747,46.708256423314936,1.5975751481087128
1508,304,1781,492,1.618421052631579,3.332051992416382,1636.0375282764435,27.99572982839976,1.325268516986335
1509,309,1824,512,1.656957928802589,3.9685146808624268,2027.9110019207,52.90589031961725,1.6039786983745412
1510,311,1792,507,1.630225080385852,4.331043720245361,2191.508122444153,76.02359253802238,1.7643291854453476
1511,197,1107,321,1.6294416243654823,3.9467124938964844,1262.947998046875,51.76490934291717,1.6459338876990703
1512,288,1673,451,1.5659722222222223,4.267684459686279,1920.4580068588257,71.35621598047202,1.6560880111958942
1513,309,1829,526,1.7022653721682848,4.370908737182617,2294.727087020874,79.11549423387207,1.810055433919405
1514,314,1690,423,1.3471337579617835,4.147699356079102,1750.3291282653809,63.28822899918238,1.4941959486816376
1515,330,1983,532,1.612121212121212,4.111037731170654,2182.9610352516174,61.009996705880646,1.5881730005100083
1516,160,1052,231,1.44375,3.0529048442840576,702.1681141853333,21.176770383324577,0.9629414982942354
1517,180,1122,240,1.3333333333333333,2.90617299079895,694.5753448009491,18.28668118551046,0.8931019656578175
1518,167,991,210,1.2574850299401197,3.52763295173645,737.2752869129181,34.043290057970914,1.073323309989157
1519,174,1042,237,1.3620689655172413,3.5234220027923584,831.5275926589966,33.90023690778964,1.1512866931779966
1520,170,1065,223,1.311764705882353,3.5944933891296387,797.9775323867798,36.397256070752306,1.0809748626433986
1521,217,1263,296,1.3640552995391706,3.293304681777954,971.5248811244965,26.93171751428986,1.1097499034826213
1522,159,949,206,1.2955974842767295,3.3071370124816895,677.9630875587463,27.30683432625358,1.0306575177310573
1523,161,1084,233,1.4472049689440993,3.0545663833618164,708.6594009399414,21.211985662536865,0.9431544311950157
1524,258,1755,345,1.3372093023255813,3.207555055618286,1103.3989391326904,24.718576738245783,0.907047394648932
1525,309,1837,455,1.4724919093851132,2.280541181564331,1035.3656964302063,9.781972800669989,0.8131284462419197
1526,268,1658,340,1.2686567164179106,2.9123129844665527,987.2741017341614,18.399306698331614,0.8590684261580099
1527,309,1938,436,1.4110032362459546,3.3499321937561035,1457.220504283905,28.50080104597995,1.0847909158989186
1528,309,1943,411,1.3300970873786409,2.6944704055786133,1104.7328662872314,14.797679909037555,0.8202741264537514
1529,324,1777,392,1.2098765432098766,3.2955894470214844,1288.5754737854004,26.993320513813106,1.046157257085731
1530,321,1850,385,1.1993769470404985,3.800302505493164,1459.316162109375,44.714708892660404,1.138026048737465
1531,266,1725,321,1.2067669172932332,3.68395733833313,1178.8663482666016,39.80359911922557,0.9859389185594828
1532,332,2019,438,1.319277108433735,2.6666643619537354,1165.3323261737823,14.391882925952986,0.832698944011152
1533,247,1460,352,1.4251012145748987,3.5600531101226807,1249.578641653061,35.165064716413866,1.234767746242218
1534,320,1815,455,1.421875,2.7059085369110107,1228.4824757575989,14.967909413028398,0.9764879204377322
1535,225,1301,308,1.3688888888888888,3.5443644523620605,1088.1198868751526,34.61767716642549,1.2066296423423848
1536,242,1487,413,1.7066115702479339,3.3605329990386963,1384.5395956039429,28.804539580364263,1.3432874300552922
1537,142,882,193,1.3591549295774648,3.7805263996124268,725.8610687255859,43.83911255466403,1.1872972383500748
1538,100,599,225,2.25,2.1067562103271484,471.91339111328125,8.221529072549774,1.136606192133931
1539,168,1052,238,1.4166666666666667,3.1787450313568115,753.3625724315643,24.016594558639934,1.0331487141049147
1540,200,1149,286,1.43,2.8906567096710205,823.8371622562408,18.005129862794448,1.0344175704848695
1541,151,973,193,1.2781456953642385,2.8555033206939697,548.2566375732422,17.383184322566265,0.8129158603919572
1542,119,815,234,1.9663865546218486,1.9929580688476562,464.3592300415039,7.337205652504733,0.8219984765299326
1543,125,754,196,1.568,2.6789889335632324,522.4028420448303,14.570354249905138,0.9995596678572642
1544,134,954,182,1.3582089552238805,2.733842134475708,494.82542634010315,15.39191135083717,0.7483041810132431
1545,216,1329,309,1.4305555555555556,3.3068668842315674,1018.5150003433228,27.29945897507086,1.1056482619009276
1546,192,1219,263,1.3697916666666667,3.7758843898773193,989.2817101478577,43.63608256557809,1.1708218353342636
1547,82,455,115,1.4024390243902438,4.073505401611328,464.3796157836914,58.76258845297074,1.4724355357825358
1548,173,1111,234,1.3526011560693643,3.2214627265930176,750.6008152961731,25.064756266055863,0.9746967361971213
1549,259,1787,352,1.359073359073359,3.0774295330047607,1080.177766084671,21.70254496157016,0.8720576980463759
1550,260,1683,356,1.3692307692307693,2.6466259956359863,939.5522284507751,14.106363330805193,0.80539948938925
1551,247,1657,324,1.311740890688259,2.9113550186157227,940.3676710128784,18.381689230649165,0.8187469979375884
1552,293,1766,392,1.3378839590443685,3.0145890712738037,1178.7043268680573,20.380714198620534,0.9629166970820555
1553,291,1714,420,1.443298969072165,2.9585747718811035,1239.6428294181824,19.270487333956723,1.0434227318991687
1554,244,1473,334,1.3688524590163935,3.4103033542633057,1135.6310169696808,30.274426742978513,1.1122669629747786
1555,230,1368,320,1.391304347826087,3.538978338241577,1128.934089899063,34.43172363962522,1.1905757404882118
1556,324,1815,465,1.4351851851851851,3.229628562927246,1498.5476531982422,25.270268912821727,1.1911555194517345
1557,211,1286,311,1.4739336492890995,3.3441240787506104,1036.6784644126892,28.335744912262506,1.1629944631450797
1558,318,1886,478,1.5031446540880504,3.093818426132202,1475.7513892650604,22.06115624578951,1.1288755094791627
1559,311,1847,469,1.5080385852090032,2.5017189979553223,1170.8044910430908,12.20345365258515,0.9145175057273385
1560,401,2187,529,1.319201995012469,3.0470306873321533,1608.832202911377,21.052739355867704,1.0612959491370415
1561,338,1891,475,1.4053254437869822,3.186168670654297,1510.2439498901367,24.195548516763644,1.152205952955611
1562,211,1155,284,1.3459715639810426,3.0395123958587646,860.1820080280304,20.895052236706217,1.074441833111645
1563,305,1778,406,1.3311475409836067,3.785212278366089,1533.010972738266,44.045019371185965,1.2439073835758505
1564,336,1882,458,1.3630952380952381,3.685331106185913,1684.1963155269623,39.85831760076051,1.2910635878290182
1565,344,1830,408,1.186046511627907,3.504366397857666,1426.27712392807,33.2603633373139,1.124416903619891
1566,359,2072,459,1.2785515320334262,3.243246078491211,1485.4067039489746,25.616740882733144,1.0342610451208525
1567,269,1800,457,1.6988847583643123,2.4438283443450928,1114.3857250213623,11.517047676543582,0.8931770884032064
1568,199,1209,281,1.4120603015075377,3.4401302337646484,963.2364654541016,31.19102002776954,1.149426362211783
1569,218,1533,340,1.5596330275229358,2.7862918376922607,944.5529329776764,16.22075893541578,0.8889118279608735
1570,292,2031,454,1.5547945205479452,2.5883843898773193,1172.5381286144257,13.308253276554389,0.8328975595299151
1571,193,1366,276,1.4300518134715026,3.4646949768066406,952.7911186218262,31.96670769863827,1.0062862531762495
1572,301,1994,465,1.5448504983388704,2.854477882385254,1324.4777374267578,17.365368075726632,0.9582835825242819
1573,282,1905,468,1.6595744680851063,2.445011854171753,1141.8205358982086,11.530686284764348,0.864723792506837
1574,353,2174,471,1.3342776203966005,2.679330587387085,1259.28537607193,14.575333117625672,0.8356783657419351
1575,271,1799,447,1.6494464944649447,2.571317434310913,1146.8075757026672,13.083049150073505,0.9196740424236423
1576,220,1512,326,1.481818181818182,3.1433537006378174,1021.5899527072906,23.181480385263804,0.9747637292280417
1577,237,1505,314,1.3248945147679325,3.5505056381225586,1111.3082647323608,34.83092487920557,1.065301609586908
1578,132,885,178,1.3484848484848484,3.8954010009765625,689.4859771728516,49.175768940805135,1.1239751412765582
1579,426,2460,666,1.5633802816901408,2.197441339492798,1461.2984907627106,9.00195107086073,0.8569951568625566
1580,433,2427,658,1.5196304849884525,2.5614283084869385,1682.8583986759186,12.954306854439693,1.0003508307738318
1581,391,2329,544,1.391304347826087,3.253870964050293,1766.851933479309,25.890366871325792,1.0944733887572675
1582,130,741,177,1.3615384615384616,3.7536962032318115,660.6505317687988,42.6785393787434,1.2862580916916366
1583,373,2223,626,1.67828418230563,2.2706379890441895,1419.1487431526184,9.685578136068886,0.9210071318174035
1584,450,2656,729,1.62,2.3324475288391113,1698.021800994873,10.303127900960158,0.9223372106990398
1585,381,2380,612,1.6062992125984252,2.7138288021087646,1658.1493980884552,15.086929939918901,1.0051276948215269
1586,312,1938,432,1.3846153846153846,3.081176996231079,1327.987285375595,21.784027030902745,0.9885865175309432
1587,248,1419,356,1.435483870967742,3.290703296661377,1168.1996703147888,26.86174879243787,1.1877067449832754
1588,325,2191,478,1.4707692307692308,2.383010149002075,1136.6958410739899,10.837476232255122,0.7484735065798971
1589,360,2222,525,1.4583333333333333,2.873418092727661,1505.6710805892944,17.69740631077057,0.9775986503942853
1590,329,2094,471,1.43161094224924,3.4254555702209473,1609.9641180038452,30.736644362243972,1.1092107206558364
1591,90,591,124,1.3777777777777778,2.869884967803955,352.9958510398865,17.634989491587728,0.8617011230958096
1592,341,2463,716,2.099706744868035,2.3131754398345947,1653.9204394817352,10.10646623049727,0.9687790564617111
1593,314,1949,468,1.4904458598726114,2.7017288208007812,1261.7073593139648,14.905478363838661,0.9339450745691978
1594,309,1816,400,1.2944983818770226,2.5847418308258057,1031.3119904994965,13.25986535954643,0.8193109550126373
1595,342,1995,450,1.3157894736842106,3.37270188331604,1514.343145608902,29.157200079711668,1.0951054367790258
1596,267,1741,412,1.5430711610486891,2.306506872177124,947.974324464798,10.039294794219803,0.7855473043052437
1597,274,1818,454,1.6569343065693432,2.3483572006225586,1063.805811882019,10.46835817874105,0.8441954726463402
1598,159,1035,225,1.4150943396226414,3.206010103225708,718.1462631225586,24.68041719889889,1.0010300023573488
1599,177,1128,239,1.3502824858757063,3.110595941543579,740.3218340873718,22.43441001472193,0.9468604953011288
1600,157,953,200,1.2738853503184713,3.3262996673583984,661.9336338043213,27.83515158211042,1.0020654468909815
1601,171,1008,231,1.3508771929824561,3.583857774734497,824.2872881889343,36.01220017283579,1.179757125930543
1602,178,1084,232,1.303370786516854,3.716242551803589,858.452029466629,41.10963621485378,1.14251336324038
1603,214,1264,292,1.3644859813084111,3.402243137359619,990.0527529716492,30.03138908071831,1.1300191431413482
1604,214,1189,266,1.2429906542056075,2.928168773651123,775.9647250175476,18.693367347620853,0.94153108552362
1605,159,1063,232,1.4591194968553458,3.1868345737457275,736.1587865352631,24.211665772989623,0.9991087776493519
1606,253,1721,340,1.3438735177865613,3.297745943069458,1117.9358747005463,27.051594313849165,0.9371531333308214
1607,292,1794,438,1.5,2.4874191284179688,1087.0021591186523,12.03018765059304,0.8741430459286932
1608,336,1980,414,1.2321428571428572,2.8242788314819336,1166.4271574020386,16.848789786880523,0.8498983209808744
1609,321,2016,447,1.3925233644859814,3.168849468231201,1413.3068628311157,23.780108840561564,1.0113942471531692
1610,436,2779,553,1.268348623853211,2.1853654384613037,1206.3217220306396,8.893898132023054,0.6262520209032884
1611,324,1776,393,1.212962962962963,3.3136870861053467,1298.965337753296,27.48628316147982,1.0551862900131406
1612,325,1869,385,1.1846153846153846,3.694260597229004,1418.5960693359375,40.21582589882721,1.0950248872421258
1613,262,1698,319,1.217557251908397,3.369455099105835,1071.4867215156555,29.062686458572564,0.9103819667308658
1614,335,2029,441,1.3164179104477611,2.8045661449432373,1234.0091037750244,16.519907105829876,0.8774267197772607
1615,246,1462,365,1.483739837398374,3.6532797813415527,1329.7938404083252,38.601061702612554,1.3122345957330919
1616,319,1811,453,1.4200626959247649,2.92065691947937,1320.1369276046753,18.55347159421125,1.051659303561379
1617,219,1279,301,1.3744292237442923,3.673825740814209,1102.1477222442627,39.40236109644971,1.2432080165823804
1618,249,1514,420,1.6867469879518073,3.279303789138794,1374.0282876491547,26.557276797546503,1.3093155856225822
1619,136,860,186,1.3676470588235294,3.958456516265869,732.3144555091858,52.37642137327088,1.228495852714423
1620,102,582,189,1.8529411764705883,2.4403274059295654,458.7815523147583,11.476797699355537,1.1372540728107257
1621,166,1046,237,1.427710843373494,3.2608649730682373,769.564133644104,26.072079038247576,1.0614209935510137
1622,201,1170,288,1.4328358208955223,2.9348740577697754,842.3088545799255,18.819132862365475,1.0386280405122406
1623,149,954,193,1.2953020134228188,2.78349232673645,534.4305267333984,16.17541224695625,0.8081973486561327
1624,120,832,236,1.9666666666666666,2.2809503078460693,536.0233223438263,9.785975681616055,0.9294689770988757
1625,120,725,191,1.5916666666666666,2.721057653427124,517.0009541511536,15.196386258383072,1.0287927071568712
1626,134,950,186,1.3880597014925373,2.7882208824157715,515.8208632469177,16.25207970472126,0.7833391593614657
1627,214,1337,312,1.4579439252336448,3.30950665473938,1029.2565696239471,27.37161848211882,1.110623297530931
1628,183,1206,255,1.3934426229508197,3.8822338581085205,986.0873999595642,48.53250880821891,1.179621394531306
1629,88,476,115,1.3068181818181819,3.903189182281494,444.96356678009033,49.56025402144957,1.3486275864913897
1630,171,1090,229,1.3391812865497077,2.982708215713501,680.0574731826782,19.741207763865336,0.9001060037432377
1631,272,1900,369,1.3566176470588236,3.045626401901245,1120.7905158996582,21.023196049182122,0.851031010086221
1632,303,1908,420,1.386138613861386,2.94234037399292,1232.8406167030334,18.960168311815263,0.9321871299391813
1633,248,1671,318,1.282258064516129,2.875936985015869,911.6720242500305,17.742040361631734,0.7871123329160513
1634,341,2079,454,1.3313782991202345,2.9510443210601807,1336.8230774402618,19.12591690025103,0.927671007392491
1635,284,1693,417,1.4683098591549295,3.1277616024017334,1301.148826599121,22.822835743003466,1.1087778851701393
1636,236,1442,326,1.38135593220339,3.658787488937378,1189.1059339046478,38.814251618294655,1.1896790803993584
1637,228,1361,316,1.3859649122807018,3.5500357151031494,1118.261250257492,34.814560871030714,1.1853857165060808
1638,312,1770,456,1.4615384615384615,3.228199005126953,1468.8305473327637,25.234169412091184,1.1972172579340112
1639,208,1282,307,1.4759615384615385,3.2614052295684814,997.9900002479553,26.0861684540294,1.1230851982952421
1640,316,1875,479,1.5158227848101267,3.2531280517578125,1554.9952087402344,25.87113974243977,1.196471400669672
1641,294,1744,444,1.510204081632653,2.536989450454712,1123.8863265514374,12.641555596058259,0.9297163015130004
1642,387,2105,513,1.3255813953488371,3.276780605316162,1677.711669921875,26.490352373176183,1.1498462262412497
1643,323,1832,461,1.4272445820433437,3.342144727706909,1537.3865747451782,28.279713996715255,1.2106877660011672
1644,228,1255,299,1.3114035087719298,3.2822184562683105,978.1010999679565,26.63479533476547,1.124383750128933
1645,302,1752,401,1.3278145695364238,3.7776236534118652,1511.049461364746,43.712043251451675,1.2442828564205815
1646,331,1849,449,1.3564954682779455,3.646449565887451,1633.6094055175781,38.338306493272825,1.274635039529355
1647,348,1843,412,1.1839080459770115,3.380450963973999,1389.3653461933136,29.38401925994401,1.0875911529767073
1648,371,2178,476,1.2830188679245282,3.5897536277770996,1705.1329731941223,36.22514995624643,1.1294705622054244
1649,278,1847,458,1.6474820143884892,2.3811638355255127,1088.1918728351593,10.817485314265106,0.8499886402138376
1650,224,1335,307,1.3705357142857142,3.2086572647094727,981.8491230010986,24.745836798631288,1.0610553263332307
1651,291,1989,436,1.4982817869415808,2.5869405269622803,1125.319129228592,13.289051848635102,0.8162354586000885
1652,299,2076,462,1.5451505016722409,2.629171133041382,1212.047892332077,13.862275157131815,0.8423003292810249
1653,196,1387,278,1.4183673469387754,3.4413843154907227,953.2634553909302,31.230160653646035,0.9915417878537655
1654,306,2013,468,1.5294117647058822,2.777169704437256,1296.9382519721985,16.07346385499323,0.9295014329157931
1655,290,1916,472,1.6275862068965516,2.5274221897125244,1190.415851354599,12.521187253277148,0.8963502324347044
1656,350,2147,457,1.3057142857142856,2.7571463584899902,1257.2587394714355,15.754820130615014,0.8448257794828827
1657,271,1811,450,1.6605166051660516,2.4889512062072754,1117.5390915870667,12.04863296011022,0.8902640007908438
1658,227,1529,335,1.475770925110132,3.2360036373138428,1080.8252148628235,25.431883361621708,1.019817643917818
1659,235,1491,315,1.3404255319148937,3.4550070762634277,1084.8722219467163,31.65851270545786,1.0497248655940434
1660,134,887,179,1.335820895522388,3.7753336429595947,672.0093884468079,43.61205674428433,1.0930153462717416
1661,428,2447,656,1.5327102803738317,2.547785520553589,1668.7995159626007,12.77877409390222,0.9838858953482414
1662,408,2243,635,1.5563725490196079,2.6779816150665283,1697.840343952179,14.555684652284613,1.092048972109238
1663,400,2368,562,1.405,3.5981123447418213,2018.5410254001617,36.529214757171886,1.2297884827600238
1664,128,740,178,1.390625,3.732382297515869,660.6316666603088,41.7785185654326,1.2879594991149166
1665,370,2176,619,1.672972972972973,2.234436273574829,1380.8816170692444,9.341214478212615,0.9155289802392148
1666,446,2598,733,1.6434977578475336,2.4295268058776855,1778.4136219024658,11.353508395263423,0.9875706362463693
1667,372,2335,593,1.5940860215053763,2.7514853477478027,1628.8793258666992,15.665883896614208,1.0064137583016894
1668,312,1958,449,1.439102564102564,3.216587543487549,1441.0312194824219,24.942858368483332,1.0617817130303706
1669,245,1405,349,1.4244897959183673,3.340940237045288,1162.6472024917603,28.245671851131814,1.1938401091375723
1670,326,2184,475,1.4570552147239264,2.4914157390594482,1180.9310603141785,12.078363833172295,0.7800931247010122
1671,352,2173,512,1.4545454545454546,3.136050224304199,1602.5216646194458,23.012791748456234,1.0639438833242527
1672,320,2033,458,1.43125,3.3703818321228027,1540.2644972801208,29.089632293544476,1.09303096501887
1673,91,592,124,1.3626373626373627,3.2361345291137695,398.04454708099365,25.435212404477888,0.9700285373760863
1674,340,2416,681,2.0029411764705882,2.6174399852752686,1779.8591899871826,13.70060490179814,1.0628286535079288
1675,314,1968,465,1.480891719745223,3.1685237884521484,1470.1950378417969,23.77236540097781,1.0777657978830906
1676,1040,6081,1312,1.2615384615384615,1.4133198261260986,1852.8622920513153,4.109575860096298,0.4395848117402715
1677,342,1990,448,1.3099415204678362,3.529425859451294,1577.6533591747284,34.10438128445525,1.143755114333264
1678,422,2707,587,1.3909952606635072,2.3973734378814697,1404.8608345985413,10.994261313367847,0.7487202656869028
1679,276,1828,460,1.6666666666666667,2.683911085128784,1231.915188074112,14.642248534016538,0.9722526983754464
