text_id,num_words,num_bytes,num_tokens,tokens_per_word,average_nll,total_nll,ppl,bpb
0,153,999,321,2.0980392156862746,2.3485324382781982,751.5303802490234,10.470192790028486,1.085314467129793
1,173,1103,312,1.8034682080924855,2.4915246963500977,774.8641805648804,12.079679930668942,1.013502004227963
2,156,945,303,1.9423076923076923,2.558507204055786,772.6691756248474,12.916521186094586,1.1796042200229957
3,169,1018,318,1.8816568047337279,2.5967342853546143,823.1647684574127,13.4198410250863,1.1665773372180954
4,173,1070,315,1.8208092485549132,2.4158811569213867,758.5866832733154,11.199634646506984,1.02281237947927
5,203,1254,414,2.039408866995074,2.360172986984253,974.7514436244965,10.59278370765949,1.121426693633508
6,157,1009,298,1.8980891719745223,2.6399118900299072,784.0538313388824,14.011968959176054,1.1210610250372621
7,148,1038,332,2.2432432432432434,2.080641269683838,688.6922602653503,8.009603583724275,0.9571993338954068
8,189,1236,356,1.8835978835978835,3.3211164474487305,1178.9963388442993,27.691249131435775,1.3761587146253356
9,178,1149,358,2.0112359550561796,3.194629430770874,1140.482706785202,24.40112970886161,1.432000648649811
10,162,1014,283,1.7469135802469136,3.459350347518921,975.5367980003357,31.796313249631943,1.3879705134909102
11,126,844,307,2.4365079365079363,2.2682442665100098,694.082745552063,9.662421276034085,1.1864333352779117
12,131,826,264,2.015267175572519,3.383751630783081,889.9266788959503,29.481166353930494,1.5543496445496037
13,135,898,246,1.8222222222222222,3.438793897628784,842.5045049190521,31.149366178562676,1.3535379411729709
14,236,1472,492,2.0847457627118646,2.9869728088378906,1466.6036491394043,19.825575752469373,1.4374061219857852
15,202,1331,395,1.9554455445544554,3.691105604171753,1454.2956080436707,40.08914519078341,1.5763373867101453
16,89,515,180,2.0224719101123596,3.8686351776123047,692.4856967926025,47.8769978707732,1.9398945255324778
17,172,1193,340,1.9767441860465116,3.598405599594116,1219.8594982624054,36.53992869753067,1.4751762353096993
18,173,1266,422,2.439306358381503,3.2336490154266357,1361.3662354946136,25.372071337410567,1.5513714982478324
19,180,1215,343,1.9055555555555554,3.265288829803467,1116.7287797927856,26.187673679247506,1.3260074671810989
20,164,1100,346,2.1097560975609757,3.7160558700561523,1282.0392751693726,41.10196251242109,1.6814470041015772
21,180,1241,352,1.9555555555555555,3.5447237491607666,1244.198035955429,34.63011742174815,1.4464128415444688
22,190,1257,363,1.9105263157894736,3.802152633666992,1376.3792533874512,44.797513411233794,1.5797100423584167
23,212,1428,431,2.0330188679245285,3.404231548309326,1463.8195657730103,30.091163231695,1.4788832130931078
24,167,1072,288,1.7245508982035929,3.775472402572632,1083.5605795383453,43.61810875627963,1.4582532412339013
25,172,1252,377,2.191860465116279,2.8542590141296387,1073.2013893127441,17.361567763806775,1.236663196674634
26,237,1485,457,1.9282700421940928,3.708404064178467,1691.0322532653809,40.78865847359165,1.6428578085988246
27,283,1798,574,2.0282685512367493,3.2784712314605713,1878.5640156269073,26.535175534400814,1.5073387037471615
28,218,1360,418,1.9174311926605505,3.515575885772705,1465.995144367218,33.63529243388815,1.5551352387837394
29,255,1621,553,2.168627450980392,3.174809217453003,1752.4946880340576,23.92225548415537,1.5597257221536003
30,149,958,295,1.9798657718120805,3.4580607414245605,1016.6698579788208,31.755334958892956,1.5310486036819746
31,107,652,336,3.1401869158878504,1.9695879220962524,659.8119539022446,7.167722219747054,1.4599807267086282
32,182,1268,466,2.5604395604395602,3.084270477294922,1434.1857719421387,21.85151984606651,1.6317765779924553
33,228,1575,585,2.5657894736842106,2.8079512119293213,1639.8435077667236,16.575922853026402,1.502091489834295
34,157,1145,423,2.694267515923567,2.930189371109009,1236.5399146080017,18.731177304650057,1.5580349368263988
35,132,936,356,2.696969696969697,3.03541898727417,1077.5737404823303,20.809695070570218,1.6609084311816549
36,112,844,299,2.669642857142857,2.9318151473999023,873.6809139251709,18.761654776675154,1.4934302391459495
37,91,628,337,3.7032967032967035,1.6989842653274536,570.8587131500244,5.468390136391984,1.3114252141875726
38,164,966,314,1.9146341463414633,2.07766056060791,650.3077554702759,7.985764831470151,0.9712171572138714
39,164,1017,296,1.8048780487804879,2.4740383625030518,729.8413169384003,11.870286710035675,1.0353377075544743
40,162,911,292,1.8024691358024691,2.5788373947143555,750.4416818618774,13.181804012585978,1.18842864204007
41,167,974,310,1.8562874251497006,2.5322864055633545,782.4764993190765,12.582241380631396,1.1590092044967024
42,164,960,292,1.7804878048780488,2.8856449127197266,839.7226696014404,17.915117557949436,1.2619413866208746
43,200,1129,361,1.805,2.761669158935547,994.2008972167969,15.826237419453326,1.270441721932711
44,161,934,264,1.639751552795031,2.9184083938598633,767.541407585144,18.51180050481388,1.1855762124197238
45,163,1040,332,2.03680981595092,2.241530656814575,741.9466474056244,9.407720263472235,1.0292334123233524
46,250,1538,520,2.08,2.729952573776245,1416.8453857898712,15.33215985622003,1.3290479920581648
47,300,1731,594,1.98,2.6651358604431152,1580.4255652427673,14.36990171459697,1.3171993792431413
48,202,1253,423,2.094059405940594,3.0447306632995605,1284.8763399124146,21.00437319238834,1.4793972256561871
49,234,1487,560,2.393162393162393,2.8299403190612793,1581.9366383552551,16.944449533709648,1.5348030552492833
50,125,872,290,2.32,2.5655040740966797,741.4306774139404,13.007213316745288,1.2266724328761887
51,116,656,319,2.75,1.8270833492279053,581.0125050544739,6.215731077803811,1.2777802739886637
52,184,1107,371,2.016304347826087,2.441957950592041,903.5244417190552,11.495526395424777,1.1775160175158539
53,179,1091,325,1.8156424581005586,2.7154133319854736,879.7939195632935,15.110854580804952,1.1634045139855427
54,166,938,299,1.8012048192771084,2.874519109725952,856.6066946983337,17.716902186620278,1.3175077083513567
55,175,1013,314,1.7942857142857143,2.7009875774383545,845.409111738205,14.89443387077195,1.2040153336890935
56,176,1045,321,1.8238636363636365,2.729177713394165,873.3368682861328,15.320284174567528,1.205702171197992
57,226,1294,434,1.920353982300885,2.665666103363037,1154.233422756195,14.377523273701414,1.2868677241411568
58,171,1007,297,1.736842105263158,2.6977949142456055,798.5472946166992,14.846956789469097,1.1440518588468818
59,173,1150,373,2.1560693641618496,2.019231081008911,751.1539621353149,7.532530800354475,0.9423357357536652
60,161,961,307,1.906832298136646,1.9804240465164185,606.009758234024,7.2458148963637745,0.9097682340630032
61,158,1002,290,1.8354430379746836,2.451366662979126,708.4449656009674,11.604194910775439,1.020029978657952
62,156,899,288,1.8461538461538463,2.34562349319458,673.1939425468445,10.439779830448128,1.0803265433468545
63,160,959,304,1.9,2.5197842121124268,763.4946162700653,12.425915012302347,1.1485817483193381
64,156,928,286,1.8333333333333333,2.592506170272827,738.8642585277557,13.363220176934634,1.1486592690388946
65,185,1075,362,1.9567567567567568,2.269702911376953,819.3627510070801,9.676525601330713,1.0996191419228398
66,155,929,270,1.7419354838709677,2.4494218826293945,658.8944864273071,11.58164923084213,1.023233377866261
67,151,985,317,2.0993377483443707,2.038071393966675,644.0305604934692,7.675791337079873,0.9432890312739773
68,156,1089,348,2.230769230769231,2.711472272872925,940.8808786869049,15.051419006146592,1.2464684827813115
69,149,1086,394,2.6442953020134228,2.490402936935425,978.728354215622,12.066137033336906,1.300190186928448
70,128,945,302,2.359375,2.9643006324768066,892.2544903755188,19.38114395791624,1.3621705063234606
71,110,861,362,3.290909090909091,1.8016022443771362,650.3784102201462,6.059348247483713,1.0897766633285166
72,108,784,281,2.6018518518518516,2.6176364421844482,732.9382038116455,13.703296744697951,1.348732540710619
73,111,905,288,2.5945945945945947,2.360039472579956,677.3313286304474,10.591369512862705,1.0797597224904745
74,195,1311,519,2.6615384615384614,2.3303048610687256,1207.0979180335999,10.281075354949387,1.3283555913153828
75,171,1248,416,2.4327485380116958,2.7901108264923096,1157.8959929943085,16.282824270093883,1.3385343004471881
76,64,405,151,2.359375,3.464961051940918,519.7441577911377,31.97521437633911,1.851437824632803
77,161,1179,407,2.527950310559006,2.5972602367401123,1054.4876561164856,13.426901065522882,1.2903342766394237
78,125,1023,340,2.72,2.535276174545288,859.4586231708527,12.619915666276412,1.2120593289324002
79,134,984,321,2.3955223880597014,2.556468963623047,818.070068359375,12.890221022496341,1.1994162913839082
80,114,949,288,2.526315789473684,2.4815456867218018,712.2036120891571,11.959736143774403,1.0827108738295406
81,106,822,320,3.018867924528302,1.9948521852493286,636.3578470945358,7.351116344149265,1.116873856732438
82,85,703,252,2.9647058823529413,2.6447696685791016,663.8371868133545,14.080201596760022,1.362325202522485
83,102,884,262,2.5686274509803924,2.297788381576538,599.7227675914764,9.952147744305991,0.9787523333850989
84,170,1257,454,2.6705882352941175,2.7180962562561035,1231.297604084015,15.151450292569002,1.4131956621085684
85,163,1224,420,2.576687116564417,3.0749988555908203,1288.4245204925537,21.649857135202634,1.5186304463025717
86,67,451,167,2.4925373134328357,3.90000319480896,647.4005303382874,49.40260693716934,2.070956839441091
87,135,1139,405,3.0,2.988767623901367,1207.4621200561523,19.861190946254364,1.5294114246411634
88,224,1438,478,2.1339285714285716,2.578519105911255,1229.9536135196686,13.177609059602801,1.2339693871684887
89,276,1679,574,2.079710144927536,2.1856889724731445,1252.3997812271118,8.896776076097904,1.076135171880153
90,183,1207,401,2.191256830601093,2.375793933868408,950.3175735473633,10.75955216880975,1.135889354288661
91,239,1501,547,2.288702928870293,2.5058515071868896,1368.1949229240417,12.253988884198554,1.3150486544117073
92,130,873,277,2.1307692307692307,2.5152640342712402,694.2128734588623,12.369874418750317,1.1472365061401812
93,97,571,286,2.948453608247423,1.370182752609253,390.5020844936371,3.936069956799836,0.9866469715512666
94,188,1312,443,2.356382978723404,3.1144745349884033,1376.5977444648743,22.52159293459973,1.513727697590249
95,227,1539,544,2.39647577092511,2.9928793907165527,1625.1335091590881,19.9430236553131,1.523438631868938
96,158,1151,402,2.5443037974683542,3.088336706161499,1238.423019170761,21.94055402083311,1.5522734563687184
97,197,1365,527,2.6751269035532994,2.8885915279388428,1519.3991436958313,17.96798436681823,1.6058824979786912
98,118,882,299,2.5338983050847457,3.1892614364624023,950.3999080657959,24.270495518947286,1.5545773630701254
99,96,615,322,3.3541666666666665,1.8526049852371216,594.686200261116,6.376408356021134,1.3950420032549806
100,162,1033,307,1.8950617283950617,2.367466449737549,724.4447336196899,10.670324206728266,1.011764593021542
101,193,1114,361,1.8704663212435233,2.2474167346954346,809.0700244903564,9.46325812737393,1.0477929192676385
102,140,898,252,1.8,2.421884298324585,607.8929588794708,11.267069845955671,0.9766193286934646
103,120,840,322,2.683333333333333,1.8917862176895142,607.263375878334,6.631202880556338,1.0429712629680514
104,110,702,230,2.090909090909091,2.3580541610717773,539.994402885437,10.570363204014425,1.1097539133199672
105,126,930,250,1.9841269841269842,1.9631062746047974,488.81346237659454,7.121413810518916,0.7582889871940611
106,199,1265,435,2.185929648241206,2.3134872913360596,1004.0534844398499,10.109618438650632,1.1450932670266052
107,184,1182,347,1.8858695652173914,2.813142776489258,973.3474006652832,16.662201593700168,1.1880232385803444
108,77,439,147,1.9090909090909092,3.0673234462738037,447.82922315597534,21.484321708778676,1.4717107048115778
109,164,1044,300,1.829268292682927,2.2707877159118652,678.9655270576477,9.687028435916545,0.938256895422059
110,180,1103,389,2.161111111111111,2.5653021335601807,995.3372278213501,13.004586898308846,1.3018749615503447
111,168,1116,337,2.005952380952381,3.268458843231201,1098.2021713256836,26.270820675370373,1.4196871204884012
112,159,1015,313,1.9685534591194969,3.2978968620300293,1028.9438209533691,27.05567722043107,1.4625144313721843
113,186,1153,348,1.8709677419354838,3.1747307777404785,1101.631579875946,23.920379102904626,1.378420136317174
114,183,1113,361,1.9726775956284153,3.2433111667633057,1167.59202003479,25.61840828639752,1.5134584160698283
115,215,1314,441,2.0511627906976746,2.9644148349761963,1304.3425273895264,19.38335745938856,1.432091701587098
116,165,1051,326,1.9757575757575758,3.055812358856201,993.1390166282654,21.23843174902611,1.3632699659400003
117,205,1303,427,2.0829268292682928,2.680464029312134,1141.877676486969,14.591862777187693,1.2642987422636702
118,138,955,323,2.3405797101449277,2.716454029083252,874.6981973648071,15.12658858906045,1.3213850802227465
119,156,1074,314,2.0128205128205128,2.678582191467285,838.3962259292603,14.564429078568828,1.1262105004172875
120,131,860,280,2.1374045801526718,3.215878963470459,897.230230808258,24.925190617721118,1.5051507029334115
121,145,1082,351,2.420689655172414,2.8309807777404785,990.8432722091675,16.96208870811602,1.3211503466860992
122,133,972,321,2.4135338345864663,3.0581016540527344,978.592529296875,21.28710848526123,1.4524800299049272
123,161,1147,396,2.459627329192547,2.8117830753326416,1110.6543147563934,16.63956137437572,1.396979487394053
124,137,938,289,2.1094890510948905,3.072577953338623,884.9024505615234,21.59750833853116,1.3610281205710033
125,129,1005,336,2.604651162790698,2.38311767578125,798.3444213867188,10.838641613822501,1.1460373509014807
126,230,1355,378,1.6434782608695653,3.7873942852020264,1427.847645521164,44.141230833403895,1.5202573559692736
127,267,1510,404,1.5131086142322097,3.5315561294555664,1423.2171201705933,34.17711026359717,1.3597803187936337
128,185,1130,299,1.6162162162162161,3.8153083324432373,1136.9618830680847,45.39074966628975,1.4515834251169057
129,229,1354,422,1.8427947598253276,3.4810538291931152,1465.5236620903015,32.49394710908992,1.5615241651426226
130,130,811,222,1.7076923076923076,3.4975531101226807,772.9592373371124,33.03452114928044,1.3750239932374444
131,91,547,236,2.5934065934065935,2.0220906734466553,475.191308259964,7.5541015956105575,1.2533019084098516
132,308,1973,625,2.029220779220779,1.4709194898605347,917.8537616729736,4.353236057795328,0.6711520883055649
133,186,1094,332,1.7849462365591398,2.4765665531158447,819.7435290813446,11.900335025396458,1.081023696715241
134,225,1567,438,1.9466666666666668,1.8622983694076538,813.8243874311447,6.4385178712144215,0.7492663739000708
135,311,2053,595,1.9131832797427653,1.8779100179672241,1115.4785506725311,6.539822457747609,0.7838749991589231
136,179,1229,328,1.8324022346368716,2.748917579650879,898.8960485458374,15.625709141535692,1.0551935488297515
137,320,1968,584,1.825,1.9215478897094727,1120.2624197006226,6.831524736312402,0.8212383320103449
138,283,1863,570,2.0141342756183747,1.6128135919570923,917.6909338235855,5.0169069177281225,0.7106538697241271
139,333,2045,565,1.6966966966966968,2.065142869949341,1164.7405786514282,7.886424550246559,0.8216945998741111
140,312,1957,615,1.9711538461538463,1.6486732959747314,1012.2854037284851,5.200076286573794,0.746254027554097
141,201,1240,378,1.8805970149253732,2.4148011207580566,910.3800225257874,11.187545165786036,1.0591941482438196
142,179,1105,311,1.7374301675977655,2.742141008377075,850.0637125968933,15.520178382038605,1.1098485996409042
143,96,630,178,1.8541666666666667,3.2106292247772217,568.2813727855682,24.79468274594137,1.3013598703925582
144,317,1721,588,1.8548895899053628,2.6453707218170166,1552.8326137065887,14.088667091371867,1.3017222028617914
145,311,1749,609,1.9581993569131833,2.734367847442627,1662.4956512451172,15.400005205555749,1.3713403267871915
146,329,1820,557,1.6930091185410334,3.079996109008789,1712.4778366088867,21.7583177346093,1.3574633420373086
147,102,494,157,1.5392156862745099,3.9757440090179443,620.2160654067993,53.28975021486153,1.811300894417114
148,310,1849,644,2.07741935483871,2.251195192337036,1447.5185086727142,9.499082284769376,1.129436329938947
149,302,1821,643,2.129139072847682,2.368420362472534,1520.525872707367,10.680507621147637,1.2046431280056462
150,304,1782,581,1.9111842105263157,2.720731496810913,1578.0242681503296,15.191430664656174,1.2775576801699866
151,156,1212,475,3.0448717948717947,3.334665298461914,1580.6313514709473,28.068986918315748,1.8814925843570591
152,168,1101,468,2.7857142857142856,3.9095215797424316,1825.7465777397156,49.87508501362611,2.392366515554118
153,158,1134,457,2.892405063291139,3.2606725692749023,1486.8666915893555,26.06706315389355,1.8916183442847823
154,123,865,393,3.1951219512195124,2.8443520069122314,1114.9859867095947,17.190415788453794,1.8596355533949365
155,129,910,374,2.89922480620155,3.5411999225616455,1320.8675711154938,34.508301647731486,2.0940759280432673
156,149,1145,434,2.912751677852349,2.821125030517578,1221.5471382141113,16.795735762294363,1.5391441035053308
157,209,1266,517,2.473684210526316,3.2632412910461426,1683.8325061798096,26.134108259775335,1.9188442388256288
158,199,1271,492,2.472361809045226,3.752176284790039,1842.3185558319092,42.613720751665475,2.0911910654889163
159,85,486,202,2.376470588235294,3.562504291534424,716.0633625984192,35.25136639671631,2.125640045644064
160,179,1242,480,2.6815642458100557,3.468647003173828,1661.4819145202637,32.09329093572733,1.929961126091051
161,317,1779,498,1.5709779179810726,3.0106546878814697,1496.2953798770905,20.300686188821835,1.2134333469666927
162,312,1641,467,1.4967948717948718,2.512349843978882,1170.755027294159,12.333878725425992,1.0292763388014052
163,326,1795,499,1.530674846625767,2.9226574897766113,1455.4834299087524,18.590626271273045,1.169815446476555
164,338,1760,514,1.5207100591715976,2.9294018745422363,1502.7831616401672,18.71643237338442,1.2318510311532427
165,213,1095,289,1.3568075117370892,2.779808759689331,800.5849227905273,16.115938636194297,1.0547944273245367
166,296,1566,434,1.4662162162162162,3.3091394901275635,1432.857399225235,27.361570437200182,1.3200359285844854
167,326,1755,523,1.6042944785276074,3.04215145111084,1588.0030574798584,20.950268261076925,1.3054154620756144
168,310,1571,427,1.3774193548387097,3.1033952236175537,1322.0463652610779,22.27344637873963,1.2140736696291765
169,336,1879,527,1.568452380952381,2.818849563598633,1482.7148704528809,16.757561070283902,1.1384275628816887
170,257,1736,530,2.062256809338521,2.8230769634246826,1493.407713651657,16.828551928686103,1.2410898055936468
171,261,1525,476,1.8237547892720307,3.2212719917297363,1530.1041960716248,25.059975999092554,1.447523761125198
172,262,1640,475,1.8129770992366412,2.5665855407714844,1216.5615463256836,13.021287793646533,1.070199579158703
173,284,1582,507,1.7852112676056338,3.1608800888061523,1599.405324935913,23.591349277755018,1.458567718493327
174,263,1517,513,1.950570342205323,3.509883165359497,1797.0601806640625,33.444360095884036,1.7090374494548897
175,265,1434,440,1.6603773584905661,3.8510634899139404,1690.6168720722198,47.043066464605374,1.7008679061239909
176,269,1419,452,1.6802973977695168,3.548408269882202,1600.3321297168732,34.75794815986016,1.6270551284833026
177,264,1453,467,1.768939393939394,3.8470849990844727,1792.7416095733643,46.85627787081976,1.780027136769987
178,217,1294,392,1.8064516129032258,3.786252021789551,1480.4245405197144,44.09083870646186,1.6505418415905055
179,217,1416,615,2.834101382488479,4.394302845001221,2698.1019468307495,80.98814978355311,2.7489677249333195
180,260,1619,724,2.7846153846153845,3.774106740951538,2728.679173707962,43.558581835233866,2.4315329907878143
181,176,1219,537,3.0511363636363638,4.125175952911377,2211.094310760498,61.87869602927814,2.6168456087546934
182,214,1380,649,3.032710280373832,3.838048219680786,2487.0552463531494,46.434755494960164,2.600045123427948
183,121,826,362,2.9917355371900825,4.095218181610107,1478.3737635612488,60.05244006627447,2.5821337739348267
184,83,570,324,3.9036144578313254,3.284655809402466,1060.9438264369965,26.69979291550327,2.685295433442835
185,244,1421,452,1.8524590163934427,3.0380425453186035,1370.1571879386902,20.864362193303222,1.39107598893562
186,283,1583,517,1.8268551236749118,2.7149815559387207,1400.9304828643799,15.104331484110787,1.2767627670616688
187,199,1221,380,1.9095477386934674,2.6762917041778564,1014.3145558834076,14.531107614649322,1.1984820472354494
188,240,1434,497,2.0708333333333333,2.9284157752990723,1452.4942245483398,18.697985210447822,1.4613014049342752
189,142,854,260,1.8309859154929577,2.606940746307373,675.1976532936096,13.557511477435854,1.140637360686834
190,93,570,298,3.204301075268817,1.5316338539123535,454.895254611969,4.625728415989381,1.1513598736010702
191,224,1790,730,3.2589285714285716,3.1076087951660156,2265.4468116760254,22.367495140133315,1.8258932293869916
192,221,1584,662,2.995475113122172,3.348156690597534,2213.13157248497,28.450242680251808,2.015703247764432
193,212,1610,674,3.1792452830188678,2.866398572921753,1929.0862395763397,17.573614006233566,1.72862307533163
194,244,1631,668,2.737704918032787,3.3818511962890625,2255.6947479248047,29.42519253260448,1.9952664785961964
195,228,1575,674,2.956140350877193,3.117741823196411,2098.2402470111847,22.59529781159056,1.9219814596550284
196,231,1408,587,2.5411255411255413,3.4565911293029785,2025.5624017715454,31.70870120886777,2.0754750227606156
197,221,1437,615,2.7828054298642533,3.328509569168091,2043.7048754692078,27.89673255285239,2.0518043763952836
198,242,1484,629,2.5991735537190084,3.6784493923187256,2310.0662183761597,39.58496570734443,2.245768920064964
199,206,1383,583,2.8300970873786406,3.3809823989868164,1967.7317562103271,29.399639106695158,2.052665832598966
200,233,1373,465,1.9957081545064377,3.7363996505737305,1733.689437866211,41.94669521103983,1.8216934846694517
201,272,1501,504,1.8529411764705883,3.5254321098327637,1773.2923512458801,33.96844854604895,1.7044104471610666
202,195,1155,390,2.0,3.6748225688934326,1429.5059792995453,39.44165805928235,1.7855767855035285
203,230,1375,507,2.2043478260869565,3.4855589866638184,1763.692847251892,32.64066770920615,1.8505243086411933
204,131,821,267,2.0381679389312977,3.35514760017395,892.4692616462708,28.64983259891729,1.5682837733531176
205,96,578,286,2.9791666666666665,2.6463208198547363,754.2014336585999,14.102059067167032,1.8824959656930944
206,454,1834,800,1.7621145374449338,3.4020161628723145,2718.2109141349792,30.02457349508995,2.1382494034420887
207,323,1333,565,1.7492260061919505,3.7928431034088135,2139.163510322571,44.382404835589256,2.3151992408049513
208,487,2119,895,1.837782340862423,3.608670949935913,3226.1518292427063,36.91695571343978,2.196485722134644
209,463,2041,820,1.7710583153347732,3.9385993480682373,3225.7128660678864,51.346632150916925,2.2801175674707816
210,494,2220,845,1.7105263157894737,3.829341173171997,3231.9639501571655,46.03220099285144,2.100332596046688
211,137,579,244,1.781021897810219,3.7826662063598633,919.1878881454468,43.93302021980606,2.2903416370857257
212,500,2390,1104,2.208,2.68977952003479,2966.8268105983734,14.72842823908564,1.7908896764965243
213,414,1844,772,1.8647342995169083,3.539437770843506,2728.906521320343,34.447546330457556,2.1350216406498976
214,419,1767,745,1.7780429594272076,3.399012327194214,2528.865171432495,29.934519930773344,2.064731885626757
215,454,1883,814,1.7929515418502202,3.295088291168213,2678.906780719757,26.979796042455433,2.0524936418206114
216,406,1759,787,1.938423645320197,3.383394241333008,2659.347873687744,29.470631978649166,2.1811415516588504
217,433,1883,807,1.863741339491917,3.3080217838287354,2666.2655577659607,27.331005322169492,2.0428083366340934
218,348,2029,646,1.8563218390804597,2.602693557739258,1678.7373447418213,13.500052276082014,1.1936451661972065
219,347,1899,613,1.7665706051873198,2.1682448387145996,1326.965841293335,8.74292532212297,1.0081132378425202
220,362,2125,671,1.8535911602209945,2.4594080448150635,1647.8033900260925,11.69788486644348,1.118718954894431
221,381,1971,654,1.7165354330708662,2.5592846870422363,1671.2129006385803,12.926567466460865,1.2232625895590765
222,215,1202,391,1.8186046511627907,2.4023096561431885,936.9007658958435,11.048665551966145,1.1245108891539144
223,315,1793,567,1.8,2.8436741828918457,1609.5195875167847,17.178767659848617,1.2950618667730704
224,349,1972,659,1.8882521489971347,2.5828518867492676,1699.516541481018,13.23482862202372,1.243348928145754
225,341,1859,588,1.7243401759530792,2.515596389770508,1476.655080795288,12.373986297803595,1.1459725455443002
226,381,2167,677,1.7769028871391077,2.47697114944458,1674.4324970245361,11.905150831421478,1.1147648637566323
227,153,1098,310,2.026143790849673,2.4028477668762207,742.4799599647522,11.05461255741557,0.9755666267764882
228,183,1097,337,1.8415300546448088,2.7091197967529297,910.2642517089844,15.01605251808217,1.1971136935634048
229,166,1075,288,1.7349397590361446,2.5173966884613037,722.4928495883942,12.396283233685526,0.969615675515267
230,133,891,321,2.4135338345864663,2.015699863433838,645.0239562988281,7.505978703414105,1.0444139876620637
231,124,832,248,2.0,2.280120372772217,563.1897320747375,9.777857326485835,0.976575761470923
232,163,1159,305,1.8711656441717792,1.850817084312439,562.6483936309814,6.365018154934926,0.7003710502636397
233,218,1282,398,1.8256880733944953,2.555294990539551,1014.4521112442017,12.875097129234414,1.1416107879183688
234,210,1330,349,1.661904761904762,3.0168731212615967,1049.8718461990356,20.42731797104949,1.1388307564513453
235,98,507,168,1.7142857142857142,3.0648233890533447,511.82550597190857,21.430676760825072,1.456426270741927
236,190,1198,320,1.6842105263157894,2.5401833057403564,810.3184745311737,12.681995440346455,0.9758284179856712
237,323,1972,564,1.7461300309597523,2.3499627113342285,1323.0290064811707,10.485178739112397,0.9679144962488018
238,231,1293,407,1.7619047619047619,2.8856191635131836,1171.5613803863525,17.9146562638262,1.3071970561333484
239,334,2165,638,1.910179640718563,1.7630962133407593,1123.0922878980637,5.83046182995505,0.7483970781575873
240,316,1981,606,1.9177215189873418,2.6127994060516357,1580.7436406612396,13.637173452505362,1.1512019239266713
241,306,2064,570,1.8627450980392157,2.467339277267456,1403.9160487651825,11.791032409646938,0.9813094580319559
242,85,538,149,1.7529411764705882,2.778215169906616,411.1758451461792,16.09027689362091,1.1026047448433478
243,313,1841,620,1.9808306709265175,2.742238759994507,1697.4457924365997,15.521695578731284,1.3301991455329274
244,323,1720,515,1.5944272445820433,2.996196985244751,1540.045250415802,20.00929639371932,1.291753282278767
245,312,1772,485,1.5544871794871795,2.5607919692993164,1239.4233131408691,12.946066143561438,1.009091347308409
246,313,1774,488,1.5591054313099042,3.328272819519043,1620.868863105774,27.890128792960684,1.3181620466369968
247,312,1807,522,1.6730769230769231,2.455421209335327,1279.2744500637054,11.651340168698017,1.0213629801011974
248,317,1755,531,1.6750788643533123,2.6101889610290527,1383.400149345398,13.601620785275015,1.1372219572795768
249,261,1938,934,3.578544061302682,3.2013721466064453,2986.8802127838135,24.566215530489583,2.2235073636287823
250,162,1217,585,3.611111111111111,3.5382769107818604,2066.3537158966064,34.407580751411246,2.4495630720185013
251,192,1563,745,3.8802083333333335,3.4703924655914307,2581.9719944000244,32.14935748570622,2.383236207316124
252,262,2126,1010,3.854961832061069,3.1737961769104004,3202.360342502594,23.898033540456403,2.1731088359680033
253,132,1165,557,4.21969696969697,3.710059404373169,2062.793028831482,40.85623349384408,2.554490363154939
254,232,1886,897,3.8663793103448274,3.2315773963928223,2895.4933471679688,25.319564477384258,2.2149066240117783
255,218,1682,780,3.5779816513761467,3.1362364292144775,2443.128178358078,23.01707724225662,2.0955344275703247
256,252,1953,893,3.5436507936507935,3.5037779808044434,3125.3699588775635,33.24079812914542,2.3087330981136738
257,257,1980,965,3.754863813229572,3.011646270751953,2903.227005004883,20.320825984994,2.1153894963108395
258,164,1361,631,3.847560975609756,3.875770330429077,2441.7353081703186,48.21982918944177,2.588302292623662
259,152,1145,537,3.5328947368421053,3.8468847274780273,2061.9302139282227,46.84689482838838,2.598023139120844
260,90,666,302,3.3555555555555556,4.277092933654785,1287.4049730300903,72.03073721306818,2.788787943252704
261,274,1931,913,3.332116788321168,3.1819145679473877,2901.9060859680176,24.09283679632842,2.1680815739780224
262,273,1841,857,3.139194139194139,3.285553216934204,2812.4335536956787,26.723764265187615,2.203956513170277
263,268,1897,862,3.216417910447761,3.5246315002441406,3034.707721710205,33.94126396400291,2.307937680895497
264,82,546,241,2.9390243902439024,4.720815181732178,1132.9956436157227,112.2597274575375,2.993712813906964
265,262,1885,903,3.446564885496183,3.07527756690979,2773.9003653526306,21.65589203639886,2.1230197883365114
266,264,1885,875,3.3143939393939394,2.8920798301696777,2527.6777715682983,18.030771573477605,1.9345719819664986
267,259,1901,899,3.471042471042471,3.059561252593994,2747.4860048294067,21.318201804115205,2.085104910089014
268,251,1529,661,2.633466135458167,3.548062324523926,2341.721134185791,34.74592588867541,2.2095418361247345
269,290,1510,649,2.2379310344827585,3.711411476135254,2404.9946365356445,40.91151141489319,2.297797242049357
270,214,1246,543,2.5373831775700935,3.7263901233673096,2019.7034468650818,41.528922963510745,2.338536233433868
271,309,1451,625,2.0226537216828477,3.4508111476898193,2153.3061561584473,31.525954145008235,2.140981470024444
272,335,1516,679,2.026865671641791,2.989490032196045,2026.8742418289185,19.875544019101348,1.9288663701795241
273,322,1384,602,1.8695652173913044,3.3710732460021973,2026.0150208473206,29.109752223856717,2.11193773362932
274,309,1340,596,1.9288025889967637,3.0804195404052734,1832.8496265411377,21.76753284031767,1.9733157215717074
275,345,1480,642,1.8608695652173912,3.2501020431518555,2083.3154096603394,25.792971779045093,2.0308032500841424
276,267,1135,494,1.850187265917603,3.318354368209839,1635.9487035274506,27.614869239327025,2.0794494112139046
277,255,1692,851,3.3372549019607844,2.997896194458008,2548.2117652893066,20.04332527741099,2.17274969084976
278,286,1835,945,3.304195804195804,2.5846686363220215,2439.9271926879883,13.25889484579976,1.9182947471504581
279,223,1372,668,2.995515695067265,2.920952320098877,1948.275197505951,18.55895311079602,2.0486639691900885
280,259,1554,790,3.0501930501930503,2.825674295425415,2229.4570190906525,16.872318078142378,2.0697725774241795
281,138,912,441,3.1956521739130435,3.1418473720550537,1382.4128437042236,23.146587745256884,2.186842274203172
282,93,638,388,4.172043010752688,2.7748544216156006,1073.8686611652374,16.03629228819525,2.428315034528462
283,332,1914,464,1.3975903614457832,2.9820849895477295,1380.7053501605988,19.72890835969632,1.0407193111836759
284,234,1247,332,1.4188034188034189,3.5641562938690186,1179.7357332706451,35.30964986525921,1.3648748131107173
285,335,2079,525,1.5671641791044777,2.106337785720825,1103.7209997177124,8.218089702093012,0.765912848878188
286,335,1910,475,1.4179104477611941,3.4990336894989014,1658.5419688224792,33.083467605612924,1.2527593055112087
287,310,1991,445,1.435483870967742,3.3242297172546387,1475.9579944610596,27.777593798626263,1.0694913506626775
288,88,508,120,1.3636363636363635,3.683868408203125,438.3803405761719,39.800059537371304,1.244978628685941
289,316,1815,529,1.6740506329113924,3.1224372386932373,1648.6468620300293,22.701641591827972,1.3104653730181126
290,306,1598,372,1.2156862745098038,3.820615291595459,1417.4482731819153,45.63227684122293,1.2796906097848397
291,309,1648,353,1.1423948220064726,3.4695916175842285,1221.2962493896484,32.12362104369563,1.0691492976036023
292,315,1703,385,1.2222222222222223,4.212251663208008,1617.504638671875,67.50837492925129,1.3702677162811558
293,311,1703,404,1.2990353697749195,3.0850517749786377,1243.275865316391,21.868599059013867,1.0532401205806765
294,310,1671,412,1.3290322580645162,3.332782745361328,1369.7737083435059,28.016195267096872,1.1826246176943513
295,278,1890,486,1.7482014388489209,2.30393385887146,1117.407921552658,10.013496758711872,0.8529517815206686
296,255,1737,518,2.0313725490196077,2.422041177749634,1252.1952888965607,11.268837556050137,1.0400322012179568
297,284,1769,478,1.6830985915492958,2.2903876304626465,1092.5148997306824,9.878766249822121,0.8909925539506831
298,270,1790,521,1.9296296296296296,3.31391978263855,1723.238286972046,27.49267986849905,1.388886777030482
299,298,1997,517,1.7348993288590604,2.7497718334198,1418.8822660446167,15.639063165512477,1.0250447715712885
300,283,1562,455,1.607773851590106,3.482661485671997,1581.1283144950867,32.54622822746333,1.4603623420814256
301,292,1675,444,1.5205479452054795,3.67427396774292,1627.7033677101135,39.42002625445193,1.4019579561991915
302,264,1594,418,1.5833333333333333,3.0116310119628906,1255.8501319885254,20.32051591616236,1.136642884265744
303,332,1825,531,1.5993975903614457,2.7770779132843018,1471.85129404068,16.071988520926354,1.1635246919662974
304,145,1074,460,3.1724137931034484,3.8831288814544678,1782.3561565876007,48.57596598133089,2.3942238251460375
305,144,1028,475,3.298611111111111,3.666799783706665,1738.0630974769592,39.126492054312806,2.4391974819864983
306,127,910,420,3.3070866141732282,4.301846504211426,1802.4736852645874,73.83600639900256,2.857604227542939
307,157,1162,548,3.4904458598726116,4.489347457885742,2455.673059463501,89.06330935226813,3.0488703484790203
308,126,988,470,3.7301587301587302,4.3712334632873535,2050.108494281769,79.14118927183793,2.993604613344785
309,212,1463,707,3.3349056603773586,3.792262554168701,2677.337363243103,44.356646142006056,2.640178630716034
310,251,1693,849,3.3824701195219125,2.872741937637329,2436.085163116455,17.68544416399683,2.075917297112399
311,133,943,419,3.1503759398496243,3.939941883087158,1646.8957071304321,51.415613096990114,2.5195845912390213
312,160,1069,435,2.71875,3.550163984298706,1540.7711691856384,34.8190267931613,2.0793853366967356
313,161,1128,467,2.900621118012422,3.397400140762329,1583.1884655952454,29.886298785078857,2.0248742447755923
314,130,889,370,2.8461538461538463,3.7508544921875,1384.0653076171875,42.55743146038908,2.246101412334954
315,154,1080,456,2.961038961038961,3.420787811279297,1556.45845413208,30.593507439898886,2.0791619380796798
316,136,1024,426,3.1323529411764706,3.6251630783081055,1540.6943082809448,37.530843126969394,2.170656287190206
317,175,1214,502,2.8685714285714288,3.4013235569000244,1704.0631020069122,30.003785495948975,2.025076924734132
318,153,1029,407,2.6601307189542482,3.400484323501587,1380.5966353416443,29.978615880149597,1.9356461800538183
319,123,1041,438,3.5609756097560976,3.0126142501831055,1316.512427330017,20.340505649790238,1.8245206053580285
320,175,1029,297,1.697142857142857,2.3900442123413086,707.4530868530273,10.913976464827684,0.9918746939401863
321,177,1036,291,1.6440677966101696,2.7413668632507324,794.9963903427124,15.508168161011028,1.107082384046388
322,160,933,268,1.675,2.715545654296875,725.0506896972656,15.112854216305612,1.1211436596134703
323,185,1061,322,1.7405405405405405,2.689262866973877,863.2533802986145,14.7208207169475,1.1738090205348215
324,169,978,284,1.680473372781065,2.953835964202881,835.9355778694153,19.179384231143512,1.2331289495857416
325,215,1248,353,1.6418604651162791,2.9307007789611816,1031.606674194336,18.74075902567895,1.1925431354231772
326,172,1015,260,1.5116279069767442,2.8375158309936523,734.916600227356,17.073299850687967,1.0445916597191953
327,175,1129,310,1.7714285714285714,2.317622184753418,716.1452550888062,10.151507176435516,0.9151277307996301
328,173,985,303,1.7514450867052023,2.907264471054077,877.9938702583313,18.306651633648546,1.2859669061447743
329,168,1004,297,1.7678571428571428,3.8549907207489014,1141.0772533416748,47.22817869711238,1.6396678233737387
330,153,892,282,1.8431372549019607,3.2939326763153076,925.5950820446014,26.94863579750909,1.4970307564315692
331,176,999,316,1.7954545454545454,3.5117838382720947,1106.2119090557098,33.50798733332605,1.597523959326312
332,163,920,289,1.7730061349693251,3.3060219287872314,952.1343154907227,27.27640189105858,1.4930863643681231
333,205,1132,354,1.726829268292683,3.6324057579040527,1282.2392325401306,37.80365374610179,1.6341697721015167
334,163,942,253,1.5521472392638036,3.746392250061035,944.0908470153809,42.36795296080549,1.4458972220145978
335,162,1002,289,1.7839506172839505,3.1422338485717773,904.9633483886719,23.155535086720022,1.3029801745574934
336,319,1995,583,1.8275862068965518,2.708744525909424,1576.4893140792847,15.010418488597198,1.1400467746549512
337,230,1344,406,1.7652173913043478,3.205993890762329,1298.4275257587433,24.68001707178241,1.3937760062246025
338,318,2243,675,2.1226415094339623,1.947411298751831,1312.5552153587341,7.010515938900106,0.8442340169821628
339,308,2019,622,2.0194805194805197,2.9779489040374756,1849.3062694072723,19.647476428501346,1.3214388231593568
340,296,2149,579,1.9560810810810811,2.7205400466918945,1572.472146987915,15.188522541836477,1.0556527540230276
341,84,565,152,1.8095238095238095,3.1873815059661865,481.29460740089417,24.224911535048694,1.2289581297413639
342,312,1930,617,1.9775641025641026,2.887300491333008,1778.5771026611328,17.944802009123777,1.329504852770921
343,298,1728,481,1.6140939597315436,3.42653226852417,1644.7354888916016,30.769756277648295,1.373178086457175
344,298,1812,487,1.6342281879194631,2.7963249683380127,1359.0139346122742,16.384323087160862,1.0820323752561403
345,300,1813,492,1.64,3.6266911029815674,1780.7053315639496,37.58823501822935,1.4169965532994195
346,303,1825,520,1.716171617161716,2.7198634147644043,1411.6091122627258,15.178248978655656,1.1159021731151268
347,309,1821,511,1.6537216828478964,2.9987988471984863,1529.387412071228,20.06142560782839,1.2116637204794982
348,277,1831,780,2.815884476534296,3.4714438915252686,2704.254791498184,32.18317793065367,2.130756404693964
349,278,1730,730,2.6258992805755397,3.493694305419922,2546.903148651123,32.90729301584885,2.1239332613777235
350,272,1781,790,2.9044117647058822,3.3740556240081787,2662.129887342453,29.196698096932938,2.156452322667744
351,260,1650,750,2.8846153846153846,3.4779562950134277,2604.9892649650574,32.39345172158747,2.277700057050954
352,171,1074,453,2.6491228070175437,3.7551820278167725,1697.3422765731812,42.741999335309465,2.2800254051241264
353,252,1656,697,2.765873015873016,3.4752449989318848,2418.770519256592,32.30574243951364,2.107215116654534
354,279,1823,790,2.8315412186379927,3.2851431369781494,2591.97793507576,26.71280763181354,2.0512527224505837
355,264,1604,689,2.609848484848485,3.5449588298797607,2438.9316749572754,34.63825925160662,2.1936624891071537
356,284,1844,790,2.7816901408450705,3.277329921722412,2585.813308238983,26.504907955786265,2.023069434089515
357,230,1806,717,3.117391304347826,2.874567747116089,2058.1905069351196,17.717763911459794,1.6441535091694566
358,224,1799,720,3.2142857142857144,2.744075059890747,1972.9899680614471,15.550224252295584,1.5822250376019589
359,260,1838,765,2.9423076923076925,2.963099718093872,2263.8081846237183,19.35788283348449,1.7769231999349757
360,244,1771,713,2.9221311475409837,3.450613021850586,2456.836471557617,31.51970865760227,2.0013923172170034
361,255,1838,745,2.9215686274509802,3.4825360774993896,2591.006841659546,32.54214692037604,2.033750120441568
362,267,1728,704,2.636704119850187,3.2975168228149414,2318.154326438904,27.04539695567215,1.9354107353985541
363,242,1593,666,2.7520661157024793,3.4421944618225098,2289.059317111969,31.255471905265143,2.0730787979272534
364,224,1554,629,2.8080357142857144,3.2375876903533936,2033.2050695419312,25.47220073776285,1.8875771370260257
365,273,1805,759,2.78021978021978,3.094027519226074,2345.2728595733643,22.065769563492964,1.874522727998876
366,259,1946,835,3.223938223938224,2.6833834648132324,2237.941809654236,14.634525023944217,1.6591302932097836
367,160,1184,502,3.1375,3.492452621459961,1749.7187633514404,32.86645791533655,2.132019073342477
368,193,1587,639,3.3108808290155443,3.0821449756622314,1966.4084944725037,21.80512372993442,1.7876041482907457
369,255,2066,836,3.2784313725490195,2.700145959854126,2254.621876478195,14.88190372685352,1.5744103583130986
370,147,1195,486,3.306122448979592,3.426872491836548,1662.0331585407257,30.780226647081026,2.0065330507278034
371,258,1974,786,3.046511627906977,3.016627788543701,2368.0528140068054,20.42230709630323,1.7306879692658426
372,220,1789,732,3.327272727272727,2.6453006267547607,1933.71475815773,14.087679579985236,1.559396697645589
373,269,2010,853,3.171003717472119,3.1412875652313232,2676.3770055770874,23.133633753695744,1.9209929519877202
374,239,1949,837,3.502092050209205,2.65644907951355,2220.7914304733276,14.245614137462713,1.6438813666457552
375,171,1216,479,2.801169590643275,3.6435372829437256,1741.6108212471008,38.22681692057052,2.0662938281017658
376,151,1172,499,3.3046357615894038,3.333050012588501,1659.8589062690735,28.02368407863421,2.0432339698376887
377,88,604,246,2.7954545454545454,4.344085216522217,1064.3008780479431,77.02154720373284,2.542154964856849
378,288,1814,758,2.6319444444444446,3.4820353984832764,2635.90079665184,32.52585782841728,2.0963621872132734
379,283,1799,777,2.745583038869258,3.211408853530884,2492.053270339966,24.81402093087103,1.998484099361085
380,260,1729,714,2.746153846153846,3.6074845790863037,2572.1365048885345,36.87318448291492,2.1462166455131055
381,89,517,207,2.3258426966292136,4.604183673858643,948.4618368148804,99.90139743136682,2.6466947552132787
382,269,1811,785,2.9182156133828996,3.2170522212982178,2522.1689414978027,24.954451454618162,2.0092328129116765
383,270,1895,791,2.9296296296296296,3.069831609725952,2425.166971683502,21.538275533503707,1.846319980673084
384,272,1824,763,2.8051470588235294,3.2938592433929443,2509.9207434654236,26.946656953085828,1.9852248956260454
385,281,1792,513,1.8256227758007118,2.5988051891326904,1330.5882568359375,13.44766102089104,1.0712238167423536
386,260,1609,504,1.9384615384615385,2.909724235534668,1463.591290473938,18.351737112192648,1.3123156598228891
387,273,1617,513,1.879120879120879,2.960789918899536,1515.9244384765625,19.313221610396486,1.352514947280472
388,274,1723,549,2.0036496350364965,3.44132924079895,1885.8484239578247,31.22844070953716,1.5790505914754622
389,286,1824,535,1.8706293706293706,3.0746634006500244,1641.870255947113,21.642595801652305,1.2986392960734612
390,277,1435,495,1.7870036101083033,3.6100478172302246,1783.363621711731,36.96782047134233,1.7929267269305196
391,278,1561,479,1.723021582733813,3.9737441539764404,1899.4497056007385,53.183284932283186,1.755494343810498
392,262,1455,447,1.7061068702290076,3.5492632389068604,1582.9714045524597,34.78767783606269,1.5695841891524887
393,319,1749,565,1.7711598746081505,3.134258985519409,1767.7220678329468,22.971607239986387,1.458138285267339
394,286,1871,633,2.2132867132867133,2.018439531326294,1275.6537837982178,7.526570787124627,0.983634092879172
395,170,1036,336,1.9764705882352942,3.1852056980133057,1067.0439088344574,24.17226008037142,1.4859256329017827
396,217,1502,451,2.078341013824885,2.332672595977783,1049.7026681900024,10.305447057449365,1.0082562142514178
397,297,2002,638,2.1481481481481484,2.424680471420288,1544.5214602947235,11.298618610874623,1.1130237019549338
398,171,1208,349,2.0409356725146197,3.4346556663513184,1195.2601718902588,31.020729245434488,1.427480068342853
399,297,1855,592,1.9932659932659933,2.5076420307159424,1482.016440153122,12.27594959433745,1.1526133524123043
400,260,1787,568,2.1846153846153844,2.144324541091919,1215.832014799118,8.536273387639177,0.9815751641324703
401,308,1921,568,1.844155844155844,2.7667970657348633,1568.7739362716675,15.90760132489462,1.1781688589979145
402,301,1904,652,2.166112956810631,2.133014440536499,1388.5924007892609,8.440271197834695,1.0521614340518732
403,199,1209,389,1.9547738693467336,2.996129274368286,1162.498158454895,20.00794159259096,1.387204572576865
404,172,1053,315,1.8313953488372092,3.435244083404541,1078.6666421890259,31.038987742804704,1.4778604135407956
405,88,600,175,1.9886363636363635,3.8277385234832764,666.0265030860901,45.958486585223206,1.6014552218382
406,308,1642,597,1.9383116883116882,3.2573273181915283,1941.3670816421509,25.98000797453819,1.7057251286420283
407,303,1659,607,2.0033003300330035,3.313136577606201,2007.760766029358,27.47115589321642,1.7459834240156606
408,303,1689,553,1.825082508250825,3.6685922145843506,2025.0629024505615,39.19668647733867,1.729750270487647
409,97,461,155,1.597938144329897,5.383781909942627,829.1024141311646,217.8445881022766,2.5946679853711467
410,302,1775,671,2.2218543046357615,2.69213604927063,1803.731153011322,14.763177138146572,1.466047318054291
411,295,1780,655,2.2203389830508473,2.7934587001800537,1826.9219899177551,16.337428461997067,1.480725446598507
412,301,1732,611,2.0299003322259135,2.9735238552093506,1813.8495516777039,19.560727461715693,1.510872836676728
413,152,1022,260,1.7105263157894737,3.0494673252105713,789.812037229538,21.10409980602437,1.1149294611990839
414,169,971,272,1.6094674556213018,2.925527572631836,792.8179721832275,18.644059551293395,1.177955259316567
415,156,955,209,1.3397435897435896,3.4482645988464355,717.2390365600586,31.44577389773182,1.0835153939028004
416,129,831,285,2.2093023255813953,2.364750862121582,671.5892448425293,10.641387314569839,1.1659428075194715
417,123,767,198,1.6097560975609757,2.7663955688476562,544.9799270629883,15.90121575445885,1.025084534755935
418,159,1054,242,1.5220125786163523,2.409567356109619,580.7057328224182,11.129145146681415,0.7948589003403169
419,193,1214,360,1.8652849740932642,2.9600303173065186,1062.6508839130402,19.298556826896505,1.262834563770689
420,197,1250,295,1.49746192893401,3.6877658367156982,1084.2031559944153,39.95548009774026,1.251339613175445
421,88,436,129,1.4659090909090908,3.9473700523376465,505.26336669921875,51.798958989601026,1.671882920825286
422,174,1155,283,1.6264367816091954,2.952538251876831,832.6157870292664,19.154511050427967,1.040009235422497
423,177,972,241,1.3615819209039548,3.0663681030273438,735.9283447265625,21.46380660817114,1.0923047051302832
424,181,992,231,1.276243093922652,3.5147392749786377,808.3900332450867,33.607164552861384,1.1756656170027728
425,158,875,199,1.259493670886076,3.189207077026367,631.4630012512207,24.26917622435696,1.0411526176114256
426,183,1023,239,1.3060109289617485,3.4697682857513428,825.8048520088196,32.12929676629148,1.1645987925074959
427,180,943,227,1.261111111111111,3.530384063720703,797.8667984008789,34.13707590977079,1.220655857203502
428,214,1127,251,1.1728971962616823,3.9011428356170654,975.2857089042664,49.458940257840226,1.248482569375388
429,177,947,194,1.0960451977401129,4.012163162231445,774.347490310669,55.266291307704066,1.1796697826779479
430,176,1022,251,1.4261363636363635,2.7917592525482178,697.9398131370544,16.30968743677347,0.9852390481915835
431,285,1704,588,2.0631578947368423,3.694702386856079,2168.7903010845184,40.233596758755326,1.836210687853707
432,291,1647,578,1.986254295532646,3.084768772125244,1779.9115815162659,21.862411058732615,1.5591193757585604
433,297,1734,599,2.016835016835017,3.7729434967041016,2256.2202110290527,43.50794202443206,1.8771843769348702
434,306,1672,619,2.022875816993464,3.586850881576538,2216.6738448143005,36.12015000767395,1.9126700736733633
435,185,1016,351,1.8972972972972972,3.7719433307647705,1320.1801657676697,43.464448616667,1.8746234037726248
436,281,1542,547,1.9466192170818506,3.6431844234466553,1989.1786952018738,38.21333060470457,1.8610753819777706
437,293,1662,605,2.0648464163822524,3.4972453117370605,2112.3361682891846,33.02435474168314,1.8336082519140802
438,291,1525,551,1.8934707903780068,3.458847999572754,1902.3663997650146,31.780344448258408,1.7996948005867395
439,320,1817,616,1.925,3.3487110137939453,2059.4572734832764,28.46601768153363,1.6352057211761302
440,268,1898,505,1.8843283582089552,2.8289783000946045,1425.8050632476807,16.928156490243346,1.0837733898955761
441,267,1695,466,1.7453183520599251,2.7649896144866943,1285.7201707363129,15.878875079489054,1.0943375305558642
442,280,1802,468,1.6714285714285715,2.250781297683716,1051.1148660182953,9.495151478926136,0.8415306351882695
443,294,1772,480,1.6326530612244898,2.6656391620635986,1276.8411586284637,14.377135929759511,1.0395555347382637
444,286,1733,520,1.8181818181818181,2.791313886642456,1448.6919071674347,16.302425275335093,1.2060130584226385
445,287,1636,449,1.5644599303135889,3.5156877040863037,1575.028091430664,33.63905368585001,1.3889273941123643
446,261,1543,409,1.5670498084291187,3.4562551975250244,1410.15212059021,31.69805103745972,1.3184831310917378
447,302,1729,516,1.7086092715231789,3.1751601696014404,1635.2074873447418,23.930652524506495,1.3644336222190638
448,223,1417,393,1.7623318385650224,3.2293832302093506,1265.9182262420654,25.26407004949048,1.28887363949921
449,301,1808,391,1.2990033222591362,2.7194783687591553,1060.5965638160706,15.172405779542181,0.8463038733414381
450,270,1577,402,1.488888888888889,2.881091833114624,1155.3178250789642,17.833734015041667,1.056925362645558
451,291,1622,369,1.268041237113402,2.9459991455078125,1084.127685546875,19.02966629664721,0.9642821428045044
452,290,1701,389,1.3413793103448275,3.8046793937683105,1476.2156047821045,44.91084910651656,1.252045227690796
453,291,1743,366,1.2577319587628866,3.310537576675415,1208.3462154865265,27.39985103431504,1.0001578271711753
454,283,1466,379,1.3392226148409894,3.5984067916870117,1360.1977672576904,36.53997225654603,1.3385747431452322
455,288,1546,355,1.2326388888888888,4.25514554977417,1506.3215246200562,70.46707290860382,1.405667913036001
456,271,1499,346,1.2767527675276753,3.253244638442993,1122.3694002628326,25.874156148697175,1.0802113194160832
457,331,1731,441,1.3323262839879153,3.10040283203125,1364.17724609375,22.20689512855903,1.1369680807816385
458,285,1916,522,1.831578947368421,1.9193319082260132,999.9719241857529,6.816402964963639,0.7529512192332882
459,172,1101,312,1.813953488372093,3.132131576538086,974.0929203033447,22.922789182827245,1.2764023846382233
460,217,1527,377,1.737327188940092,2.499417781829834,939.7810859680176,12.175403155759657,0.8878962097231851
461,288,1974,479,1.6631944444444444,2.4978890419006348,1193.9909620285034,12.15680435079143,0.8726265652405089
462,165,1198,277,1.6787878787878787,3.5643718242645264,983.7666234970093,35.31726098824462,1.184703864032734
463,291,1942,523,1.7972508591065293,2.419466257095337,1262.9613862037659,11.239858518849301,0.9382431146809599
464,259,1881,545,2.1042471042471043,1.9595624208450317,1066.0019569396973,7.096221227193151,0.8176053890775287
465,294,1966,505,1.717687074829932,2.6049931049346924,1312.916524887085,13.531132004387143,0.9634476905166678
466,286,1881,506,1.7692307692307692,2.207390308380127,1114.732105731964,9.091958198624429,0.8549805852521085
467,191,1257,350,1.8324607329842932,2.6167633533477783,913.2504103183746,13.69133777066762,1.04816375342572
468,166,1074,283,1.7048192771084338,3.3197011947631836,936.1557369232178,27.652086735615953,1.2575300178388076
469,89,628,156,1.752808988764045,3.816699266433716,591.588386297226,45.45392913190091,1.3590471833734272
470,305,1672,495,1.6229508196721312,3.147956132888794,1555.0903296470642,23.288417474804056,1.3418188437297864
471,299,1688,522,1.745819397993311,3.1628270149230957,1647.8328747749329,23.637324632584793,1.408365116499763
472,298,1716,452,1.516778523489933,3.834718942642212,1729.4582431316376,46.28041838774972,1.4540098081530026
473,96,505,125,1.3020833333333333,4.995666980743408,619.4627056121826,147.77147324880772,1.769694600796744
474,294,1763,577,1.9625850340136055,2.583068370819092,1487.8473815917969,13.237694061737075,1.2175326369949602
475,294,1818,569,1.935374149659864,2.68595290184021,1525.6212482452393,14.672175864430535,1.2106744824632767
476,295,1753,511,1.7322033898305085,2.9822375774383545,1520.9411644935608,19.731918981893664,1.2517137909291187
477,163,1043,287,1.7607361963190185,2.416623830795288,691.1544156074524,11.207955411981297,0.9560163450483041
478,175,1015,323,1.8457142857142856,2.4783313274383545,798.0226874351501,11.921354973355324,1.1342890381079551
479,167,1028,278,1.6646706586826348,2.2129998207092285,613.0009503364563,9.143102964720573,0.8602854388235673
480,132,891,323,2.446969696969697,1.9053014516830444,613.5070674419403,6.721433509710799,0.9933822713230281
481,134,805,248,1.8507462686567164,2.005664825439453,495.3992118835449,7.4310325944001665,0.88783849222943
482,169,1148,304,1.7988165680473374,1.2794519662857056,387.6739457845688,3.594669185751946,0.48719100963872325
483,207,1185,376,1.816425120772947,2.560216188430786,960.0810706615448,12.938614191904723,1.16886430337112
484,215,1270,349,1.6232558139534883,2.945575475692749,1025.0602655410767,19.021605709080983,1.1644483163058545
485,90,440,143,1.5888888888888888,3.504979133605957,497.7070369720459,33.28074939592744,1.631907895579797
486,191,1171,298,1.5602094240837696,2.4601473808288574,730.6637721061707,11.706536731934225,0.9001921439579813
487,315,2195,1030,3.2698412698412698,4.427082538604736,4555.467932224274,83.68690708899591,2.9941462390654485
488,228,1480,697,3.057017543859649,4.552006244659424,3168.196346282959,94.82245465469643,3.0883386198276743
489,296,2063,979,3.3074324324324325,4.130967617034912,4040.086329460144,62.23811646963628,2.8253090219464103
490,245,1812,843,3.440816326530612,4.372661590576172,3681.7810592651367,79.2542937084493,2.931394743841461
491,178,1276,566,3.1797752808988764,4.346670150756836,2455.8686351776123,77.22090038432917,2.776700235929066
492,89,628,298,3.348314606741573,4.267305374145508,1267.3896961212158,71.32917099725458,2.9115554609360643
493,223,1509,715,3.2062780269058297,3.8303298950195312,2734.8555450439453,46.07773654295025,2.614686900187265
494,169,1319,611,3.6153846153846154,4.180709362030029,2550.232710838318,65.41223771809837,2.7893920280813185
495,133,889,433,3.255639097744361,3.8711163997650146,1672.3222846984863,47.99593883695418,2.7138932136137317
496,115,823,401,3.4869565217391303,3.727773427963257,1491.1093711853027,41.586409865291714,2.6138713186295224
497,85,675,345,4.0588235294117645,2.7836129665374756,957.5628604888916,16.177363763184122,2.046623985432258
498,116,800,430,3.706896551724138,1.759092092514038,754.6505076885223,5.807162633840156,1.360913181308212
499,153,1135,498,3.2549019607843137,3.8734350204467773,1925.0972051620483,48.1073523262792,2.446985190411005
500,168,1114,494,2.9404761904761907,3.9649269580841064,1954.7089903354645,52.71641874079576,2.531462268167008
501,152,1106,475,3.125,3.94810152053833,1871.4001207351685,51.83686214171568,2.4411027791172106
502,129,895,459,3.558139534883721,3.156757354736328,1445.7948684692383,23.494288633424866,2.3305487004282472
503,123,824,369,3.0,4.234654426574707,1558.3528289794922,69.03781697587388,2.7284319154417482
504,156,1089,471,3.019230769230769,3.588930368423462,1686.797273159027,36.19533953524567,2.234650193729619
505,194,1267,565,2.9123711340206184,3.276362419128418,1847.8684043884277,26.47927678969467,2.1041125360904394
506,202,1308,564,2.792079207920792,3.813079357147217,2146.763678073883,45.28968748101544,2.367832807582372
507,80,495,236,2.95,3.4452526569366455,809.6343743801117,31.351203545141207,2.359708074447324
508,178,1194,523,2.938202247191011,3.710259437561035,1936.7554264068604,40.86440691392444,2.340156992539336
509,265,1797,493,1.860377358490566,2.163801431655884,1064.5903043746948,8.704163127912782,0.8546906804117109
510,272,1584,462,1.6985294117647058,2.089895009994507,963.4415996074677,8.084066373575599,0.8774952133458483
511,272,1721,454,1.6691176470588236,1.9378775358200073,877.8585237264633,6.943996933960515,0.7358989766311883
512,298,1675,488,1.6375838926174497,2.1885857582092285,1065.8412642478943,8.92258549426145,0.9180202425703047
513,272,1622,506,1.8602941176470589,2.6482205390930176,1337.3513722419739,14.12887448289229,1.189513065758043
514,274,1548,419,1.5291970802919708,3.1191418170928955,1303.8012795448303,22.626953244151878,1.2151082947700336
515,283,1499,420,1.4840989399293287,2.923567295074463,1224.9746966362,18.607547818034245,1.1789625884266233
516,280,1552,453,1.6178571428571429,2.864320993423462,1294.6730890274048,17.53714132662806,1.2034912661805621
517,223,1355,380,1.704035874439462,2.907608985900879,1101.983805656433,18.312959633468967,1.1733037428490651
518,180,1087,300,1.6666666666666667,2.926501512527466,875.0239522457123,18.662226590072784,1.1613548450450326
519,179,1120,299,1.670391061452514,2.979562759399414,887.9097023010254,19.67921021366608,1.143734753809719
520,175,1005,285,1.6285714285714286,2.8033087253570557,796.1396780014038,16.499147705446653,1.142872403291106
521,183,1103,315,1.721311475409836,2.7617909908294678,867.2023711204529,15.828165677391054,1.1342779331483481
522,165,1031,303,1.8363636363636364,2.8224167823791504,852.3698682785034,16.81744570414187,1.1927349970597245
523,223,1314,348,1.5605381165919283,3.2090048789978027,1113.5246930122375,24.754440300342605,1.2225848953699852
524,186,1079,276,1.4838709677419355,3.040250778198242,836.0689640045166,20.91048647174231,1.117880026145032
525,181,1181,330,1.8232044198895028,2.401519536972046,790.0999276638031,11.039939237366202,0.9651763314541045
526,360,1822,763,2.1194444444444445,3.4945759773254395,2662.866894721985,32.936319245512884,2.108509804370363
527,375,1687,703,1.8746666666666667,3.4522957801818848,2423.511637687683,31.572793361783518,2.0725478489796743
528,445,1889,845,1.898876404494382,3.227001905441284,2723.589608192444,25.203979669490817,2.0801001700137394
529,405,1637,737,1.819753086419753,3.428309917449951,2523.236099243164,30.82450274742667,2.2237386727978774
530,251,1052,454,1.8087649402390438,3.5974907875061035,1629.663326740265,36.506516814190576,2.23489277548174
531,300,1794,583,1.9433333333333334,2.72981595993042,1588.7528886795044,15.33006541396543,1.2776398627067649
532,308,1750,571,1.853896103896104,2.3688156604766846,1350.2249264717102,10.68473043907435,1.1131216031459439
533,325,1848,599,1.843076923076923,2.779208183288574,1661.9664936065674,16.106262689636768,1.2974625640962196
534,320,1743,601,1.878125,2.7685022354125977,1661.1013412475586,15.934749623969468,1.3749068659964765
535,200,1088,345,1.725,2.653547525405884,912.820348739624,14.204339626317173,1.2104056896591817
536,292,1664,553,1.893835616438356,2.8754069805145264,1587.2246532440186,17.732639491848776,1.3761304903917368
537,329,1857,633,1.9240121580547112,2.801295042037964,1770.4184665679932,16.465957075856988,1.3754302326418346
538,315,1656,534,1.6952380952380952,2.7913312911987305,1487.7795782089233,16.302709014282375,1.2961426445760191
539,343,1920,615,1.793002915451895,2.6403329372406006,1621.1644234657288,14.01786990182318,1.2181488928123034
540,285,1994,617,2.1649122807017545,1.7927260398864746,1104.3192405700684,6.0058022276302765,0.7989949307566218
541,183,1154,341,1.8633879781420766,2.7985756397247314,951.5157175064087,16.421240343045877,1.189555465315771
542,226,1624,443,1.9601769911504425,2.1699061393737793,959.0985136032104,8.757462021294385,0.8520238111449062
543,305,2109,595,1.9508196721311475,2.2919983863830566,1361.4470415115356,9.894691353329563,0.9313195330591006
544,174,1285,341,1.9597701149425288,2.892094612121582,983.3121681213379,18.031038105445727,1.103984115637688
545,328,2050,590,1.798780487804878,2.1160547733306885,1246.3562614917755,8.298334013005466,0.8771278037244356
546,273,1879,574,2.1025641025641026,1.8750898838043213,1074.426503419876,6.521405262701897,0.8249440065372667
547,310,2079,575,1.8548387096774193,2.1775059700012207,1249.8884267807007,8.824270795508443,0.8673438359697091
548,296,2002,618,2.0878378378378377,1.9092624187469482,1178.014912366867,6.748109683310049,0.8489092268556073
549,198,1278,370,1.8686868686868687,2.5989749431610107,959.021754026413,13.44994400928858,1.0826102728001106
550,200,1203,352,1.76,2.743077516555786,962.8202083110809,15.534719964120907,1.154659966581941
551,101,675,192,1.900990099009901,3.1717259883880615,605.7996637821198,23.848611280063256,1.2947913640158009
552,315,1821,610,1.9365079365079365,2.7579433917999268,1679.5875256061554,15.767382252600985,1.330660403037323
553,324,1875,634,1.9567901234567902,2.724806785583496,1724.802695274353,15.253466452500776,1.327127623991588
554,345,1927,574,1.663768115942029,3.170677900314331,1816.7984368801117,23.823628929144515,1.3601899819313739
555,107,542,152,1.4205607476635513,4.539289474487305,685.432710647583,93.62425405982046,1.824484082129793
556,313,1950,649,2.073482428115016,2.3887996673583984,1547.9421844482422,10.900401978956044,1.1452351349160554
557,315,1981,661,2.0984126984126985,2.4205563068389893,1597.567162513733,11.252117203820843,1.163453923697938
558,326,1904,605,1.8558282208588956,2.708465814590454,1635.9133520126343,15.006235498012444,1.239560966529763
559,220,1823,797,3.6227272727272726,4.3502655029296875,3462.8113403320312,77.49903641519528,2.7404173056670795
560,213,1703,763,3.5821596244131455,4.205875873565674,3204.8774156570435,67.0793249512401,2.715009250866385
561,205,1742,787,3.8390243902439023,3.899167537689209,3064.7456846237183,49.361340541628095,2.5381707237614752
562,225,1655,712,3.1644444444444444,4.310476303100586,3064.7486515045166,74.47595362133515,2.6715998073091867
563,225,1702,761,3.382222222222222,3.8397254943847656,2918.191375732422,46.51270468856844,2.473595902546479
564,212,1544,654,3.0849056603773586,4.249278545379639,2774.778890132904,70.0548527134715,2.592720041682722
565,193,1506,664,3.4404145077720205,4.023433685302734,2667.536533355713,55.8926946348172,2.5554061939325523
566,203,1514,664,3.270935960591133,4.369083404541016,2896.7022972106934,78.97121385968872,2.760276115665479
567,185,1437,621,3.3567567567567567,4.311904430389404,2673.3807468414307,74.58239074785472,2.683975745216538
568,171,1231,592,3.461988304093567,2.9769325256347656,1759.3671226501465,19.627517302522143,2.0619254451262803
569,179,1239,613,3.4245810055865924,2.7588791847229004,1688.434061050415,15.782144163295307,1.9660173097219105
570,166,1115,567,3.4156626506024095,2.571362018585205,1455.390902519226,13.083632461328547,1.8831257736496863
571,135,962,503,3.725925925925926,2.4087424278259277,1209.1886987686157,11.119968185764336,1.8133997289110817
572,126,905,438,3.4761904761904763,2.9573988914489746,1292.383315563202,19.24784086236397,2.0602375693819535
573,163,1078,521,3.196319018404908,2.470053195953369,1284.427661895752,11.823075774705723,1.7189586439680962
574,222,1521,728,3.279279279279279,2.3583950996398926,1714.553237438202,10.573967662924275,1.626283664031697
575,214,1466,716,3.3457943925233646,2.6371405124664307,1885.555466413498,13.97319026280708,1.8555808463273056
576,89,564,279,3.134831460674157,2.681770086288452,745.5320839881897,14.610933032074223,1.907048653179744
577,197,1339,643,3.263959390862944,2.54992413520813,1637.0512948036194,12.8061322112546,1.7638280692263169
578,272,1713,378,1.3897058823529411,2.6970677375793457,1016.7945370674133,14.83616435340624,0.8563481822709553
579,281,1543,355,1.2633451957295374,2.550201177597046,902.7712168693542,12.809680544211803,0.8440852609427818
580,240,1499,315,1.3125,2.24482798576355,704.8759875297546,9.438791810244373,0.6783996608745083
581,294,1600,366,1.2448979591836735,2.4410715103149414,890.9911012649536,11.485340812943656,0.8033927770444654
582,279,1559,420,1.5053763440860215,2.7902159690856934,1169.1004910469055,16.284536378471433,1.0818829254228497
583,272,1454,328,1.2058823529411764,3.939188003540039,1288.1144771575928,51.37686652483292,1.2780992904350337
584,269,1378,310,1.1524163568773234,3.270293951034546,1010.5208308696747,26.319074725542247,1.0579632738829279
585,280,1464,375,1.3392857142857142,3.2489993572235107,1215.125759601593,25.764545907298825,1.1974425597224405
586,227,1233,290,1.277533039647577,3.4441921710968018,995.3715374469757,31.317973660744734,1.1646533502974656
587,296,1858,475,1.6047297297297298,2.0915331840515137,991.3867292404175,8.097320334567394,0.7697894068236167
588,265,1679,504,1.9018867924528302,2.1276535987854004,1070.2097601890564,8.395145304065725,0.9195868455841086
589,281,1661,459,1.6334519572953736,1.9555572271347046,895.6452100276947,7.067856327943074,0.7779307061426306
590,280,1782,523,1.8678571428571429,2.7418785095214844,1431.2605819702148,15.516104887641953,1.158738801250438
591,290,1862,521,1.796551724137931,2.2914323806762695,1191.5448379516602,9.889092486201527,0.9232201013478537
592,283,1512,470,1.6607773851590106,2.9419057369232178,1379.7537906169891,18.951929310436565,1.3165105498484653
593,288,1631,464,1.6111111111111112,3.16328763961792,1464.602177143097,23.64821507604118,1.2955084597421982
594,275,1556,433,1.5745454545454545,2.666102409362793,1151.7562408447266,14.3837976420401,1.0678875430460164
595,335,1896,559,1.6686567164179105,2.4981181621551514,1393.9499344825745,12.159590040015118,1.0606775620915114
596,154,998,306,1.9870129870129871,3.341186046600342,1019.0617442131042,28.252615760566414,1.4731416079518065
597,169,964,329,1.9467455621301775,3.117356777191162,1022.4930229187012,22.58659925721007,1.5302340389091031
598,158,981,277,1.7531645569620253,3.479369640350342,960.3060207366943,32.43926722446185,1.4122617062718075
599,131,866,327,2.49618320610687,2.284005880355835,744.5859169960022,9.815923169950635,1.2404277251338265
600,123,747,248,2.016260162601626,3.1755282878875732,784.3554871082306,23.939463456933034,1.5148403902879406
601,161,1095,299,1.8571428571428572,1.9286795854568481,574.7465164661407,6.88041923533239,0.7572456155926103
602,194,1131,379,1.9536082474226804,3.3491156101226807,1265.9657006263733,28.477537258013324,1.6148562672229805
603,196,1148,345,1.760204081632653,3.726822853088379,1282.0270614624023,41.54689765157144,1.6111272507467407
604,87,434,140,1.6091954022988506,4.199632167816162,583.7488713264465,66.66180617294062,1.940487561721645
605,178,1082,316,1.7752808988764044,3.2399439811706543,1020.5823540687561,25.532291418213454,1.3608032357058952
606,234,1420,629,2.6880341880341883,3.1101653575897217,1953.1838445663452,22.424752197155186,1.984400455281906
607,336,1542,619,1.8422619047619047,3.7457141876220703,2314.8513679504395,42.33923458081465,2.165774700996843
608,356,1571,631,1.7724719101123596,3.7294185161590576,2349.5336651802063,41.654879481103514,2.157645173238163
609,422,1798,748,1.7725118483412323,3.560089349746704,2659.386744260788,35.16633910822955,2.133862106646766
610,425,1848,774,1.8211764705882354,3.5052783489227295,2709.58016371727,33.29070899585848,2.115312697557365
611,401,1761,771,1.9226932668329177,3.22419810295105,2482.6325392723083,25.13341166413399,2.033890773854477
612,389,1634,671,1.724935732647815,3.6085634231567383,2417.7374935150146,36.9129863655044,2.134674352549219
613,352,1562,668,1.8977272727272727,3.4397969245910645,2294.34454870224,31.180625507051626,2.119103394688443
614,410,1866,778,1.897560975609756,3.547990083694458,2756.788295030594,34.74341590483133,2.1314066463137076
615,249,1503,447,1.7951807228915662,3.4783639907836914,1551.3503398895264,32.40666108735691,1.4891054171923006
616,288,1630,489,1.6979166666666667,3.200834274291992,1562.0071258544922,24.553005596232275,1.382515297118711
617,204,1236,356,1.7450980392156863,3.2227532863616943,1144.0774166584015,25.097124714320486,1.3354003360891038
618,256,1497,494,1.9296875,3.32344388961792,1638.4578375816345,27.75577397217194,1.5790213740712618
619,146,883,259,1.773972602739726,3.1055917739868164,801.2426776885986,22.32242489780691,1.3091153314268804
620,91,589,272,2.989010989010989,2.381222724914551,645.3113584518433,10.818122368123865,1.5806239332220622
621,303,1853,588,1.9405940594059405,3.2430150508880615,1903.6498348712921,25.61082339206467,1.4821296148720493
622,229,1257,421,1.8384279475982532,3.5760951042175293,1501.9599437713623,35.73373155671431,1.7238426113705734
623,308,2089,648,2.103896103896104,2.4899871349334717,1611.0216763019562,12.061120952323138,1.1125959708786295
624,301,1902,629,2.089700996677741,3.274163007736206,2056.1743688583374,26.421101965302928,1.5596385726366548
625,290,2023,587,2.024137931034483,3.255890130996704,1907.9516167640686,25.942696657851265,1.3606487077417706
626,82,532,168,2.048780487804878,3.3538825511932373,560.0983860492706,28.613612072590843,1.5188931653443514
627,304,1781,623,2.049342105263158,3.0959575176239014,1925.6855759620667,22.108397586172995,1.5598972660033021
628,308,1658,530,1.7207792207792207,3.4482874870300293,1824.1440806388855,31.446493642614833,1.5872639439111444
629,297,1657,494,1.6632996632996633,3.462231397628784,1706.8800790309906,31.88805211008389,1.4861239742970263
630,300,1701,528,1.76,4.073129653930664,2146.53932762146,58.740512694367,1.8205770976088245
631,298,1750,544,1.825503355704698,3.309911012649536,1797.2816798686981,27.382688650570095,1.4816739237869465
632,309,1723,562,1.8187702265372168,3.5068118572235107,1967.3214519023895,33.34179973846918,1.6472692411457068
633,224,1790,762,3.4017857142857144,3.8168134689331055,2904.5950498580933,45.459120380636,2.341030655989331
634,225,1675,758,3.368888888888889,3.75732684135437,2844.296418905258,42.8337713358414,2.4498222915658827
635,230,1631,730,3.1739130434782608,4.410038471221924,3214.9180455207825,82.27262857187132,2.8437439124078923
636,251,1907,871,3.4701195219123506,4.62630033493042,4024.8812913894653,102.13549712569181,3.0449272570814623
637,329,2451,1139,3.4620060790273555,4.252087116241455,4838.875138282776,70.25188328918242,2.848233849645638
638,248,1708,810,3.2661290322580645,4.20424222946167,3401.231963634491,66.96983066922853,2.8729159759066225
639,182,1304,631,3.467032967032967,4.510526180267334,2841.6314935684204,90.96967236607307,3.1438709078259652
640,193,1485,699,3.621761658031088,4.060168266296387,2833.997449874878,57.98406702234533,2.753261997862933
641,228,1595,759,3.3289473684210527,4.254591464996338,3224.980330467224,70.42803899121516,2.917030175379006
642,254,1134,459,1.8070866141732282,3.2855117321014404,1504.7643733024597,26.72265565729162,1.914388094417855
643,273,1114,476,1.7435897435897436,3.2607226371765137,1548.843252658844,26.06836830971977,2.005842441405068
644,236,937,395,1.673728813559322,3.478710889816284,1370.612090587616,32.41790487685477,2.110325790899902
645,301,1227,541,1.7973421926910298,3.160127878189087,1706.469054222107,23.573610286922438,2.0064502379435316
646,263,1050,434,1.650190114068441,3.592531204223633,1555.566011428833,36.32590794626858,2.1373403528226684
647,318,1316,565,1.7767295597484276,3.186453342437744,1797.1596851348877,24.202437287184157,1.9701773293538554
648,277,1141,476,1.7184115523465704,3.03166127204895,1440.0391042232513,20.73164489957107,1.820803921427756
649,254,1043,459,1.8070866141732282,2.972203254699707,1361.2690906524658,19.534912604369364,1.8829301691272688
650,219,1515,646,2.949771689497717,3.927443027496338,2533.200752735138,50.77697620297433,2.412301098050939
651,255,1682,720,2.823529411764706,3.5241172313690186,2533.8402893543243,33.923813515859685,2.1733405587729724
652,186,1213,514,2.763440860215054,3.9537675380706787,2028.2827470302582,52.131404364138525,2.4123606435788933
653,227,1461,629,2.7709251101321586,3.5818710327148438,2249.415008544922,35.9407242471552,2.2212319491642467
654,126,845,348,2.761904761904762,3.779287099838257,1311.4126236438751,43.78481640392818,2.2390159629469863
655,85,634,367,4.317647058823529,2.8319132328033447,1036.4802432060242,16.97791246993557,2.358556635414381
656,262,1892,973,3.713740458015267,2.5851213932037354,2512.7379941940308,13.264899260852665,1.9160225387299203
657,168,1199,608,3.619047619047619,3.0096261501312256,1826.843073129654,20.279816900985736,2.1981463236751506
658,200,1462,723,3.615,2.787306070327759,2012.4349827766418,16.2372189042084,1.9858618124236167
659,273,1977,991,3.63003663003663,2.6512553691864014,2624.7428154945374,14.171818347064168,1.9153785753783028
660,154,1179,607,3.9415584415584415,2.991133451461792,1812.626871585846,19.908234725970622,2.218038845308716
661,270,1929,944,3.4962962962962965,2.830998659133911,2669.631735563278,16.962392016609428,1.9966119574375003
662,209,1603,803,3.8421052631578947,2.712346315383911,2175.3017449378967,15.06458033715215,1.9577648408353168
663,267,1988,1033,3.8689138576779025,2.565016746520996,2647.097282409668,13.000876087291989,1.9210030795186521
664,259,1883,1010,3.8996138996139,2.3567917346954346,2378.0028603076935,10.55702731825626,1.8219505755632925
665,172,1311,652,3.7906976744186047,2.9671471118927,1931.6127698421478,19.436390577128392,2.1256507734317784
666,169,1136,583,3.4497041420118344,2.8620052337646484,1665.6870460510254,17.496576509524672,2.115385951594015
667,95,651,323,3.4,3.3072900772094727,1064.9474048614502,27.311014359316,2.3600527493105767
668,313,1907,952,3.0415335463258786,2.575021266937256,2448.8452248573303,13.131596424357665,1.8526150297883004
669,310,1946,990,3.193548387096774,2.2582054138183594,2233.3651542663574,9.565906909500345,1.6557373240258422
670,290,1814,907,3.127586206896552,2.531806707382202,2293.816876888275,12.57620714974679,1.82429891565277
671,95,564,273,2.873684210526316,3.318704128265381,902.6875228881836,27.624529506815325,2.30904754032469
672,326,2052,1051,3.223926380368098,2.231441020965576,2343.013072013855,9.313277041899475,1.6472969491873315
673,324,2099,1055,3.256172839506173,2.108492851257324,2222.3514652252197,8.235819321369773,1.5274775788436143
674,332,2071,1018,3.066265060240964,2.327989339828491,2367.5651586055756,10.25729684703693,1.649287548672987
675,263,1719,732,2.783269961977186,4.019533634185791,2938.2790865898132,55.67513479169654,2.4659922437294224
676,301,1760,752,2.4983388704318936,3.9687747955322266,2980.549871444702,52.919653707760176,2.443195749236085
677,306,1824,804,2.627450980392157,4.050720691680908,3252.7287154197693,57.43883782484478,2.572749773625674
678,275,1572,698,2.538181818181818,4.475521087646484,3119.4381980895996,87.84036101306344,2.8628486124322325
679,191,1062,457,2.392670157068063,4.550257682800293,2074.9175033569336,94.65679660098311,2.818712987143839
680,275,1663,708,2.5745454545454547,3.9127917289733887,2766.343752384186,50.038450954445636,2.3998739705104217
681,289,1790,813,2.8131487889273354,3.8786275386810303,3149.4455614089966,48.357800295538865,2.5383740184326906
682,254,1505,698,2.748031496062992,4.029728412628174,2808.720703601837,56.24563356881184,2.6924434753013493
683,293,1727,774,2.641638225255973,3.6311757564544678,2806.8988597393036,37.757183782114716,2.3448170615071104
684,255,1872,788,3.0901960784313727,3.357433557510376,2642.300209760666,28.715399807302337,2.036342633099135
685,202,1328,574,2.8415841584158414,3.768779993057251,2159.510936021805,43.32717312626184,2.346020872096492
686,256,2130,911,3.55859375,2.797234296798706,2545.4832100868225,16.399228594427118,1.724110799933511
687,291,2018,869,2.986254295532646,3.3655989170074463,2921.3398599624634,28.950831252949218,2.0885047218627872
688,255,2042,817,3.203921568627451,3.230581521987915,2636.1545219421387,25.2943619225504,1.8624716238114296
689,80,565,241,3.0125,3.4449663162231445,826.7919158935547,31.342227704284642,2.1111656582419758
690,286,2200,1027,3.590909090909091,2.369751214981079,2431.364746570587,10.694731264193916,1.5944172102134715
691,263,1849,821,3.1216730038022815,2.9093403816223145,2385.659112930298,18.344694077938257,1.8614270262174712
692,253,1799,755,2.984189723320158,3.2944977283477783,2484.051287174225,26.963867481880623,1.9920669668260704
693,256,1858,796,3.109375,3.219189167022705,2559.2553877830505,25.007834781282128,1.987204013090941
694,257,1984,881,3.4280155642023344,2.679436683654785,2357.904281616211,14.57687958810586,1.714585087690807
695,276,1955,865,3.1340579710144927,2.8544368743896484,2466.2334594726562,17.364655971389983,1.8199605021256438
696,157,883,226,1.4394904458598725,2.196202278137207,494.1455125808716,8.990804008537133,0.8073627185480842
697,171,995,226,1.3216374269005848,2.214743137359619,498.3172059059143,9.159056190076543,0.7225324238694544
698,163,921,212,1.3006134969325154,2.3719403743743896,500.4794189929962,10.71816938112634,0.7839730465235455
699,168,931,229,1.3630952380952381,2.576758861541748,587.5010204315186,13.154433650627661,0.9104025872113398
700,175,966,229,1.3085714285714285,2.6473453044891357,603.594729423523,14.116513813063,0.9014525081221866
701,213,1128,280,1.3145539906103287,2.7164735794067383,757.89612865448,15.126884321651435,0.9693377538286898
702,152,895,209,1.375,2.819972038269043,586.5541839599609,16.77638156891357,0.9454958797896184
703,158,976,261,1.6518987341772151,2.010749578475952,522.7948904037476,7.468913786585115,0.772780323552844
704,274,2018,860,3.1386861313868613,3.2857553958892822,2822.4638850688934,26.729167794144015,2.017816972287953
705,227,1464,618,2.7224669603524227,3.692720651626587,2278.408642053604,40.1539433746764,2.2452519460445983
706,274,2249,962,3.510948905109489,2.7639379501342773,2656.1443700790405,15.862184610535387,1.7038711919067013
707,313,2227,932,2.977635782747604,3.2599496841430664,3035.013155937195,26.048226470708357,1.9661420876081515
708,273,2078,846,3.098901098901099,3.402339220046997,2874.9766409397125,30.03427471591445,1.996012773125762
709,82,593,255,3.1097560975609757,3.3084959983825684,840.3579835891724,27.343969156240604,2.0444861644107046
710,348,2493,1251,3.5948275862068964,2.083861827850342,2604.8272848129272,8.035440560367615,1.5074093085326408
711,296,1959,887,2.9966216216216215,2.930999755859375,2596.8657836914062,18.746362917357573,1.91244787543942
712,257,1844,752,2.9260700389105057,3.3617465496063232,2524.6716587543488,28.83951656459922,1.975233883925061
713,273,1910,784,2.871794871794872,3.419227123260498,2677.25483751297,30.545797759032116,2.0222315587832194
714,245,1875,805,3.2857142857142856,2.5851807594299316,2078.485330581665,13.265686771238185,1.5992642554616672
715,269,1969,897,3.3345724907063197,2.723456859588623,2440.2173461914062,15.232889293570304,1.787958082296378
716,344,2151,636,1.8488372093023255,2.045973300933838,1299.193046092987,7.736684997293422,0.8713804578130074
717,262,1467,465,1.7748091603053435,2.3170669078826904,1075.1190452575684,10.145871844027086,1.0573066904965038
718,355,2355,694,1.9549295774647888,1.5463181734085083,1071.5984941720963,4.694155261216296,0.6564712668221504
719,371,2239,691,1.862533692722372,2.180615186691284,1504.624478816986,8.851750062904527,0.9695016855691858
720,355,2214,611,1.7211267605633802,2.284801721572876,1393.7290501594543,9.823738195539848,0.9081869869051176
721,95,632,179,1.8842105263157896,2.2616922855377197,402.5812268257141,9.599320219882618,0.918990410595653
722,427,2638,927,2.17096018735363,1.667720913887024,1544.3095662593842,5.300074695169774,0.8445670025927974
723,370,2120,667,1.8027027027027027,2.057657241821289,1370.3997230529785,7.827610114935953,0.9325796624925194
724,331,1996,560,1.6918429003021147,1.9180574417114258,1072.194109916687,6.807721221105897,0.774974511646874
725,367,2110,616,1.6784741144414168,2.3357903957366943,1436.511093378067,10.337627517848409,0.9822025737433744
726,272,1738,558,2.051470588235294,1.7529062032699585,976.3687552213669,5.7713510464163935,0.8104731652685825
727,330,1999,614,1.8606060606060606,1.8989923000335693,1164.082279920578,6.679160460160843,0.8401279301791577
728,258,1756,490,1.8992248062015504,2.215860366821289,1083.5557193756104,9.169294675797158,0.8902280540262337
729,260,1611,449,1.726923076923077,2.0775675773620605,930.7502746582031,7.985022323656457,0.8335126043174614
730,286,1830,494,1.7272727272727273,1.6953139305114746,835.789767742157,5.448356101984489,0.658901504452103
731,279,1663,478,1.7132616487455197,2.3037314414978027,1098.879897594452,10.011470058123473,0.9533064214023378
732,253,1587,540,2.1343873517786562,2.2262463569641113,1199.946786403656,9.265023136835081,1.0908363440927553
733,236,1428,421,1.7838983050847457,2.6388306617736816,1108.3088779449463,13.996827009838924,1.1197140910254801
734,241,1426,420,1.7427385892116183,2.5059850215911865,1050.0077240467072,12.255625077449942,1.0623007968985214
735,281,1713,554,1.9715302491103204,2.5342628955841064,1401.4473812580109,12.60713464770206,1.1803042539449835
736,198,1299,387,1.9545454545454546,2.474918842315674,955.3186731338501,11.880742860393045,1.0609957753647654
737,260,1944,901,3.4653846153846155,3.605652093887329,3245.086884498596,36.80567679042549,2.408266849547295
738,263,1801,802,3.049429657794677,3.735417366027832,2992.0693101882935,41.9055118507831,2.3968037511408733
739,274,1996,927,3.383211678832117,3.7525994777679443,3474.9071164131165,42.6317583954829,2.5116389100195247
740,258,1734,798,3.0930232558139537,3.8719942569732666,3085.9794228076935,48.038090916875646,2.567547410363348
741,171,1158,522,3.0526315789473686,3.790992259979248,1975.1069674491882,44.300335924991046,2.46068827907097
742,235,1739,800,3.404255319148936,3.3248283863067627,2656.5378806591034,27.794228363178643,2.2038953573091233
743,266,1972,921,3.462406015037594,3.2839138507843018,3021.2007427215576,26.679990121381756,2.2102795786280143
744,245,1614,753,3.073469387755102,3.637153148651123,2735.1391677856445,37.98354914109911,2.4448399711930087
745,292,2141,1007,3.4486301369863015,3.061723470687866,3080.0938115119934,21.364346275011997,2.0754955942742357
746,250,1687,518,2.072,2.8714332580566406,1484.5309944152832,17.662314722159163,1.2695468308766393
747,247,1567,470,1.902834008097166,3.3664474487304688,1578.8638534545898,28.975407377011084,1.453617773846698
748,270,1716,482,1.7851851851851852,2.591914176940918,1246.7107191085815,13.355311580846097,1.0481488181125083
749,275,1645,517,1.88,3.491198778152466,1801.4585695266724,32.82527435130187,1.5799120636006418
750,234,1480,528,2.2564102564102564,3.2646095752716064,1720.4492461681366,26.169891623176785,1.6770835105053554
751,227,1364,434,1.9118942731277533,3.6983141899108887,1601.3700442314148,40.379175328738995,1.69375998639355
752,227,1369,450,1.9823788546255507,3.529259443283081,1584.6374900341034,34.0987062362256,1.6699405759524728
753,268,1639,565,2.1082089552238807,3.7527427673339844,2116.546920776367,42.63786751931931,1.863045604888878
754,194,1247,393,2.0257731958762886,3.5317142009735107,1384.4319667816162,34.18251311830296,1.6016945733151497
755,152,985,308,2.026315789473684,3.262770891189575,1001.6706635951996,26.121817669970895,1.4671119786525397
756,162,931,322,1.9876543209876543,3.5434134006500244,1137.4357016086578,34.58476961616106,1.7625916713650585
757,153,957,279,1.8235294117647058,3.4368722438812256,955.4504837989807,31.089565358948597,1.440359116814786
758,128,863,319,2.4921875,2.294191598892212,729.5529284477234,9.91641632921593,1.2196087971466412
759,123,744,251,2.040650406504065,3.1826894283294678,795.672357082367,24.111512615695652,1.5428932308268324
760,139,940,255,1.8345323741007193,2.1194732189178467,538.346197605133,8.326749957801692,0.8262440314535696
761,194,1187,426,2.195876288659794,2.976189136505127,1264.880383014679,19.612931841525928,1.537351858376588
762,192,1196,385,2.0052083333333335,3.4303722381591797,1317.262939453125,30.888138353754343,1.5889704935583966
763,82,413,150,1.829268292682927,4.104423522949219,611.5591049194336,60.607795471715896,2.136303360478838
764,175,1081,319,1.822857142857143,3.0024232864379883,954.7706050872803,20.134268954401016,1.2742301731230103
765,361,2462,1235,3.4210526315789473,2.713233709335327,3348.1303973197937,15.077954487816518,1.9619541512846714
766,265,1748,874,3.29811320754717,3.141653060913086,2742.663122177124,23.142090542301915,2.2636307123535344
767,361,2628,1363,3.775623268698061,2.6500370502471924,3609.350462436676,14.154563065721277,1.9814277066163164
768,372,2631,1377,3.7016129032258065,2.5303127765655518,3481.710380554199,12.557433193316921,1.909177613012987
769,371,2808,1346,3.628032345013477,3.057199001312256,4111.932656764984,21.267902288017506,2.1126299331852647
770,96,755,389,4.052083333333333,2.6583309173583984,1031.4323959350586,14.272447313193773,1.9709170895731536
771,364,2745,1530,4.2032967032967035,2.0478811264038086,3131.2102422714233,7.751459330928105,1.6456763163955237
772,329,2342,1208,3.6717325227963524,2.372089147567749,2863.111601114273,10.719764076033124,1.763704913936474
773,315,2102,1063,3.3746031746031746,2.484786033630371,2638.842767715454,11.998552693394485,1.8111538414218804
774,365,2567,1291,3.536986301369863,2.7610514163970947,3561.756327152252,15.816463898446328,2.001764000793706
775,296,2120,1111,3.7533783783783785,2.610478162765503,2897.6307606697083,13.605554966483252,1.9718856267667468
776,347,2412,1250,3.602305475504323,2.463686943054199,3077.144991874695,11.748046166415726,1.8405397263158922
777,340,2046,676,1.988235294117647,2.187346935272217,1476.4591813087463,8.911538834534195,1.0410949848236106
778,306,1683,556,1.8169934640522876,1.9633582830429077,1089.6638470888138,7.123208693043714,0.9340776164177191
779,356,1960,647,1.8174157303370786,2.3202104568481445,1498.8559551239014,10.177816071782262,1.10326125176742
780,380,1915,627,1.65,2.4198648929595947,1514.8354229927063,11.24434002274884,1.1412248316002678
781,208,1182,381,1.8317307692307692,2.2309696674346924,847.7684736251831,9.308888230303856,1.0347473542479337
782,313,1778,574,1.8338658146964857,2.585965633392334,1481.7583079338074,13.276102750459046,1.2023202264635127
783,330,1904,650,1.9696969696969697,2.3442935943603516,1521.4465427398682,10.425905207389452,1.1528274066115893
784,326,1741,546,1.6748466257668713,2.4422380924224854,1331.0197603702545,11.498747224354505,1.102961290988732
785,374,2120,652,1.7433155080213905,2.358511209487915,1535.3907973766327,10.575195475981825,1.0448588156612355
786,297,1742,600,2.0202020202020203,3.550729990005493,2126.8872640132904,34.83874013943796,1.7614521861778816
787,282,1657,574,2.0354609929078014,2.9850597381591797,1710.43922996521,19.78768428089677,1.4892228091808968
788,293,1697,590,2.013651877133106,3.815300703048706,2247.212114095688,45.39040336367352,1.91045478658306
789,294,1627,597,2.0306122448979593,3.5780725479125977,2132.531238555908,35.80446290946787,1.8909601981594395
790,183,1039,362,1.9781420765027322,3.6226646900177,1307.7819530963898,37.437193543196635,1.8159100464833924
791,276,1513,534,1.934782608695652,3.6135730743408203,1926.0344486236572,37.09837152112921,1.8365369118378447
792,292,1631,594,2.0342465753424657,3.4946446418762207,2072.324272632599,32.93858088072446,1.8330668002703119
793,291,1511,534,1.8350515463917525,3.564021110534668,1899.623251914978,35.30487691167483,1.81375052620457
794,315,1817,626,1.9873015873015873,3.4496374130249023,2156.023383140564,31.48897274720356,1.711879054979382
795,293,1769,598,2.0409556313993176,2.247424364089966,1341.7123453617096,9.463330326579152,1.0942237122401575
796,285,1665,547,1.919298245614035,2.125140905380249,1160.326934337616,8.374077357554638,1.0054041525398034
797,315,1753,594,1.8857142857142857,2.477627992630005,1469.233399629593,11.912973217375763,1.209159007161464
798,308,1737,623,2.022727272727273,2.445439577102661,1521.0634169578552,11.535619278599535,1.2633452207960387
799,194,1107,351,1.809278350515464,2.2621331214904785,791.7465925216675,9.603552878243029,1.0318418090982335
800,283,1553,525,1.8551236749116609,2.6718053817749023,1400.0260200500488,14.466062397024038,1.3005863465819176
801,319,1757,620,1.9435736677115987,2.508401393890381,1552.7004628181458,12.285275038642034,1.274942093166612
802,300,1564,502,1.6733333333333333,2.60858416557312,1306.9006669521332,13.579810471272689,1.2055365160782106
803,324,1908,650,2.006172839506173,2.2052102088928223,1431.1814255714417,9.072158415807285,1.0821584618890545
804,248,1608,333,1.342741935483871,2.19994854927063,730.3829183578491,9.024549167852202,0.6552983919557696
805,275,1604,413,1.5018181818181817,1.9917042255401611,820.5821409225464,7.328011711386895,0.7380609634357894
806,266,1511,340,1.2781954887218046,2.3054563999176025,781.5497195720673,10.02875433073484,0.7462196589244087
807,321,1851,419,1.3052959501557633,2.6355745792388916,1101.6701741218567,13.951326303098124,0.8586569945439674
808,300,1708,394,1.3133333333333332,2.1419503688812256,841.7864949703217,8.516030843730393,0.7110311485837151
809,314,1632,456,1.4522292993630572,2.149664878845215,978.0975198745728,8.581981911530681,0.8646424273461033
810,297,1584,392,1.3198653198653199,2.9752891063690186,1163.3380405902863,19.595287553197796,1.0595593573466475
811,266,1522,353,1.3270676691729324,2.571481466293335,905.1614761352539,13.085195364580812,0.8579973540236956
812,313,1747,464,1.4824281150159744,1.9879844188690186,920.4367859363556,7.300803560440539,0.760108521191847
813,322,1377,577,1.7919254658385093,3.597938060760498,2072.412322998047,36.5228488549429,2.1712846630838483
814,381,1586,666,1.7480314960629921,3.3238542079925537,2210.363048315048,27.767165013051777,2.01064300653741
815,305,1277,561,1.839344262295082,3.302741527557373,1849.535255432129,27.187070949522028,2.089518669507623
816,330,1417,653,1.9787878787878788,3.1883018016815186,2078.77277469635,24.247215879060597,2.1164680121308503
817,207,873,354,1.710144927536232,3.7993180751800537,1341.159280538559,44.670712037256756,2.216361790464134
818,145,619,331,2.282758620689655,2.6069631576538086,860.2978420257568,13.55781532292716,2.0050847017415774
819,161,937,297,1.84472049689441,3.133176565170288,927.4202632904053,22.94675575715957,1.4279451597321287
820,157,995,302,1.9235668789808917,3.836012125015259,1154.639649629593,46.34030612356219,1.6741637151099336
821,156,896,282,1.8076923076923077,3.7079734802246094,1041.9405479431152,40.771099312371376,1.6776813185476134
822,160,962,309,1.93125,3.3217039108276367,1023.0848045349121,27.707521505460594,1.5343028834837549
823,156,919,286,1.8333333333333333,3.407336950302124,971.0910308361053,30.184753632657397,1.52447030950925
824,185,1074,359,1.9405405405405405,3.4131412506103516,1221.9045677185059,30.360464453350136,1.6413739853697031
825,155,927,273,1.761290322580645,3.1286463737487793,850.991813659668,22.843037669852354,1.3244030953655963
826,151,994,324,2.1456953642384105,2.4755969047546387,799.6178002357483,11.888801477687768,1.1605680432662535
827,164,990,298,1.8170731707317074,1.857337236404419,551.6291592121124,6.406654631949285,0.8038713660657202
828,165,1004,278,1.6848484848484848,2.2404463291168213,620.6036331653595,9.397524740460792,0.8917746851845992
829,162,921,265,1.6358024691358024,2.2909367084503174,604.8072910308838,9.88419195234584,0.9473968289508623
830,167,992,299,1.7904191616766467,2.203033447265625,656.5039672851562,9.052431967169257,0.9547732035546624
831,164,987,286,1.7439024390243902,2.405182123184204,685.4769051074982,11.080448104925974,1.001959606527358
832,200,1176,359,1.795,2.240662097930908,802.1570310592651,9.39955265200156,0.9840714036763742
833,161,945,261,1.6211180124223603,2.3866829872131348,620.537576675415,10.877353716017394,0.9473507773067472
834,163,1078,334,2.049079754601227,1.5946747064590454,531.0266772508621,4.926726179223753,0.7106767660942143
835,287,1877,638,2.2229965156794425,1.9748443365097046,1257.9758423566818,7.2054979335596325,0.9669022425818333
836,167,1029,341,2.0419161676646707,3.3900375366210938,1152.6127624511719,29.667065850878505,1.616004583531229
837,218,1510,460,2.110091743119266,2.4832968711853027,1139.833263874054,11.980698196750765,1.0890276802856813
838,298,2032,652,2.1879194630872485,2.5498218536376953,1659.9340267181396,12.804822446924357,1.17853276995527
839,182,1250,365,2.0054945054945055,3.2959163188934326,1199.7135400772095,27.002145313230333,1.3846566198053862
840,301,1862,601,1.9966777408637875,2.6311657428741455,1578.6994457244873,13.889952581119577,1.2231911178307588
841,258,1786,570,2.2093023255813953,2.3031153678894043,1310.472644329071,10.005304155159457,1.0585735639385203
842,303,1904,564,1.8613861386138615,2.821385145187378,1588.4398367404938,16.800105147802213,1.2035894302604964
843,277,1744,597,2.155234657039711,2.239243984222412,1334.5894145965576,9.386232464534542,1.104016932374632
844,194,1255,415,2.1391752577319587,2.837404727935791,1174.6855573654175,17.071403060238335,1.3503689467848412
845,173,1055,314,1.8150289017341041,3.516594171524048,1100.693975687027,33.6695602171525,1.505180796455006
846,89,606,179,2.0112359550561796,3.887540340423584,691.982180595398,48.790730225675425,1.6473915186939136
847,291,1671,628,2.1580756013745703,3.314180850982666,2077.9913935661316,27.499858273894066,1.7940801187958135
848,285,1689,663,2.3263157894736843,3.107442617416382,2057.127012729645,22.363778468948563,1.7571385078411996
849,294,1714,594,2.020408163265306,3.5226082801818848,2088.9067101478577,33.872662738901205,1.7582586648833103
850,95,491,174,1.831578947368421,4.832066059112549,835.947428226471,125.46992132292446,2.456246861804913
851,275,1709,674,2.4509090909090907,2.7212090492248535,1831.3736901283264,15.198687101567865,1.5459998483105077
852,287,1813,702,2.445993031358885,2.685328245162964,1882.4150998592377,14.663013653723059,1.497932117739341
853,280,1752,634,2.2642857142857142,2.949646472930908,1867.126217365265,19.09920045021153,1.537496423805158
854,261,2406,1229,4.708812260536399,2.569812774658203,3155.7300872802734,13.063378416473775,1.89225110029233
855,173,1579,781,4.514450867052023,3.318554162979126,2588.4722471237183,27.62038709695678,2.365026012922166
856,199,1977,999,5.0201005025125625,2.864912509918213,2859.1826848983765,17.54751790364922,2.086458614313849
857,276,2681,1348,4.884057971014493,2.7983129024505615,3769.3274796009064,16.41692643785632,2.028343924769386
858,161,1592,805,5.0,6.015830039978027,4836.727352142334,409.8659028487734,4.38311718911291
859,263,2394,1191,4.52851711026616,2.850940227508545,3392.6188707351685,17.30404393245092,2.044492239112758
860,225,2070,1040,4.622222222222222,2.837902307510376,2948.5804975032806,17.07989955537653,2.055025343676278
861,258,2494,1262,4.891472868217054,2.9505698680877686,3720.668603658676,19.116844704462913,2.1522815329950427
862,236,2198,1133,4.8008474576271185,2.8013501167297363,3171.1283321380615,16.466863958340586,2.0814245308453465
863,205,1896,949,4.6292682926829265,3.4259192943573,3247.77149105072,30.750900991421275,2.471278388227547
864,213,1974,991,4.652582159624413,3.052949905395508,3022.4204063415527,21.177724653635053,2.2089315763478035
865,120,1162,581,4.841666666666667,3.2287893295288086,1872.697811126709,25.24907015575927,2.3250704347643025
866,373,3424,1749,4.689008042895442,2.7084336280822754,4734.341981887817,15.005752507463786,1.9948048186746439
867,339,2724,1434,4.230088495575221,2.5464484691619873,3649.060656309128,12.76169963347622,1.9326291162849505
868,322,2855,1400,4.3478260869565215,3.218431234359741,4502.585296869278,24.988887707681396,2.2752565600605497
869,110,997,491,4.463636363636364,3.6062164306640625,1767.0460510253906,36.826453449395856,2.556979513376888
870,318,2872,1481,4.6572327044025155,2.631559371948242,3894.7078704833984,13.895421146515886,1.9564330537805064
871,415,3746,1928,4.645783132530121,2.4963982105255127,4810.559351682663,12.138694108457079,1.8526882329350252
872,342,3089,1561,4.564327485380117,2.8504137992858887,4446.645526885986,17.29493699264418,2.076773535198933
873,137,914,374,2.72992700729927,3.6833558082580566,1373.8917164802551,39.779663257051425,2.1686069650814987
874,153,1046,420,2.7450980392156863,3.1385157108306885,1315.0380828380585,23.069599477017576,1.813765698556976
875,127,834,335,2.6377952755905514,3.9798314571380615,1329.2637066841125,53.50801507345837,2.299427047562171
876,144,1002,415,2.8819444444444446,3.542153835296631,1466.4516878128052,34.541235261535455,2.111419738234316
877,132,1018,416,3.1515151515151514,3.654020071029663,1516.4183294773102,38.629648250398866,2.1490463692043633
878,162,1078,448,2.765432098765432,3.626793384552002,1621.1766428947449,37.59207979855861,2.1696321921236237
879,139,933,374,2.6906474820143886,3.575977087020874,1333.839453458786,35.72951461073092,2.062511859428763
880,129,1032,439,3.4031007751937983,2.8202128410339355,1235.2532243728638,16.780421854416698,1.7268349816325896
881,243,1318,378,1.5555555555555556,2.4916772842407227,939.3623361587524,12.081523284182124,1.0282347374613836
882,299,1583,435,1.4548494983277591,2.3613715171813965,1024.835238456726,10.605487089977913,0.9340017158874143
883,206,1154,294,1.4271844660194175,2.6749274730682373,783.7537496089935,14.511297341552071,0.9798246515069543
884,237,1354,419,1.7679324894514767,2.7619471549987793,1154.4939107894897,15.830637662748535,1.230120118044684
885,141,801,201,1.425531914893617,2.8082387447357178,561.6477489471436,16.580689659916786,1.0115935357459345
886,102,557,245,2.4019607843137254,1.4120831489562988,344.5482883453369,4.104496782689408,0.8924202997174114
887,224,984,397,1.7723214285714286,3.4543933868408203,1367.9397811889648,31.639090171386464,2.0056096936545256
888,229,942,397,1.7336244541484715,3.3464467525482178,1325.1929140090942,28.401636096747204,2.0295639546306954
889,226,922,386,1.7079646017699115,3.7010183334350586,1424.8920583724976,40.48851418156355,2.2295929570673207
890,253,1055,433,1.7114624505928853,3.465492010116577,1497.0925483703613,31.992196385800103,2.047249284631034
891,266,1054,442,1.6616541353383458,3.578016519546509,1577.9052851200104,35.8024569001096,2.1598065747961335
892,284,1162,497,1.75,3.438452959060669,1705.4726676940918,31.138747968441592,2.1174500516815296
893,244,975,412,1.6885245901639345,3.313662528991699,1361.9152994155884,27.485608185988237,2.015208665207874
894,277,1152,499,1.8014440433212997,3.2421672344207764,1614.5992827415466,25.589119316088716,2.0220263699948844
895,281,1883,494,1.7580071174377223,1.708455204963684,842.2684160470963,5.520426959115529,0.6453194195053362
896,283,1847,574,2.0282685512367493,1.7427456378936768,998.5932505130768,5.713007759123939,0.7800029942503554
897,285,1742,480,1.6842105263157894,1.8207768201828003,872.1520968675613,6.176654736777847,0.7223016676531238
898,310,1987,565,1.8225806451612903,2.225658655166626,1255.271481513977,9.259579665809351,0.9114111431049607
899,304,1983,537,1.7664473684210527,1.9093294143676758,1023.4005661010742,6.74856179225151,0.7445561883797165
900,311,1741,565,1.8167202572347267,2.2290263175964355,1257.1708431243896,9.290815370499574,1.0417657328694738
901,316,1718,480,1.518987341772152,2.7036538124084473,1295.0501761436462,14.934198919142371,1.0875218083962848
902,258,1561,428,1.6589147286821706,2.3770065307617188,1014.9817886352539,10.772607081916947,0.9380584196391358
903,316,1812,559,1.768987341772152,1.9739720821380615,1101.4764218330383,7.199215646761593,0.876983759069892
904,201,1111,337,1.6766169154228856,1.7170264720916748,576.9208946228027,5.567947377412276,0.7491637386656541
905,179,1121,298,1.664804469273743,2.1245298385620117,630.9853620529175,8.36896179988104,0.8120601719065755
906,171,977,281,1.6432748538011697,2.256009817123413,631.6827487945557,9.544927075960299,0.9327794975445387
907,176,1063,313,1.7784090909090908,2.17736554145813,679.3380489349365,8.823031703020803,0.9219921300899501
908,174,1054,310,1.7816091954022988,2.1516737937927246,664.8672022819519,8.599239712194873,0.910057510039745
909,219,1255,388,1.7716894977168949,2.429184675216675,940.0944693088531,11.349624676338905,1.080692931345836
910,167,973,278,1.6646706586826348,2.197768449783325,608.7818605899811,9.004896183352873,0.9026583466149251
911,174,1179,360,2.0689655172413794,1.7677806615829468,634.6332575082779,5.857838398622283,0.7765752785329949
912,328,1971,559,1.704268292682927,2.2172160148620605,1237.2065362930298,9.181733441548891,0.9055868769484351
913,251,1378,443,1.7649402390438247,2.468719244003296,1091.1739058494568,11.807314874199289,1.1424028902151322
914,353,2226,648,1.8356940509915014,1.5938352346420288,1031.2113968133926,4.922592066924299,0.6683394287020946
915,342,2022,642,1.8771929824561404,2.3685712814331055,1518.2541913986206,10.682119633894779,1.0832728945300065
916,333,2040,576,1.7297297297297298,2.2734646797180176,1307.24219083786,9.712995000699053,0.9244861891973553
917,91,581,170,1.8681318681318682,2.312614917755127,390.83192110061646,10.10080292038314,0.9704841211582891
918,343,2182,864,2.5189504373177845,1.7885866165161133,1543.5502500534058,5.980993052795575,1.0205647530316078
919,340,1861,615,1.8088235294117647,2.144515037536621,1316.7322330474854,8.537899672266331,1.0207646764085212
920,300,1734,495,1.65,2.141331195831299,1057.8176107406616,8.510759579020538,0.8801085473936358
921,327,1862,552,1.688073394495413,2.619652271270752,1443.4284014701843,13.730948109703494,1.1183818456924375
922,268,1661,513,1.914179104477612,1.8911590576171875,968.2734375,6.627045358730274,0.8410134175230343
923,281,1752,591,2.1032028469750887,1.933611512184143,1140.8307921886444,6.9144367759096586,0.9394240447397175
924,165,1119,312,1.8909090909090909,2.000230073928833,622.0715529918671,7.390756323678892,0.8020192534222186
925,198,1145,363,1.8333333333333333,2.206590175628662,798.7856435775757,9.084686334710963,1.0064664512861725
926,161,980,265,1.6459627329192548,2.189213275909424,577.9523048400879,8.928186331719134,0.850825432717491
927,136,883,319,2.3455882352941178,1.7636951208114624,560.855048418045,5.833954782976082,0.9163565085053829
928,134,840,260,1.9402985074626866,1.8214772939682007,471.762619137764,6.180982837185897,0.8102495132224297
929,141,963,242,1.7163120567375887,1.6155232191085815,389.34109580516815,5.030519298839022,0.5832818983721608
930,223,1383,440,1.9730941704035874,2.1525521278381348,944.9703841209412,8.606796035200825,0.9857585588996534
931,213,1350,381,1.7887323943661972,2.1924889087677,833.1457853317261,8.957479743270204,0.8903520687671275
932,98,512,167,1.7040816326530612,2.79312801361084,463.6592502593994,16.332026787009102,1.3064822285381452
933,176,1180,338,1.9204545454545454,1.8165031671524048,612.1615673303604,6.150314182828965,0.7484427605172257
934,223,1743,727,3.2600896860986546,2.9655256271362305,2152.9716053009033,19.404900303485682,1.7820318176376158
935,227,1671,693,3.052863436123348,3.252460479736328,2250.702651977539,25.853874656869028,1.943194227722103
936,209,1770,744,3.5598086124401913,2.6743173599243164,1987.017798423767,14.50244650858796,1.6195823299119065
937,250,1738,730,2.92,3.26938796043396,2383.383823156357,26.295240689561357,1.9784211865377759
938,228,1760,803,3.5219298245614037,2.748756170272827,2204.5024485588074,15.62318720907879,1.8070595171382777
939,229,1482,619,2.703056768558952,3.215078830718994,1986.9187173843384,24.905255132952092,1.9342225237650776
940,204,1406,598,2.9313725490196076,3.273049831390381,1954.0107493400574,26.39170698349916,2.0050082630985977
941,262,1774,769,2.935114503816794,3.322359085083008,2551.57177734375,27.725680708302637,2.075050704422811
942,191,1453,616,3.225130890052356,2.9394431114196777,1807.7575135231018,18.9053152260496,1.7949365450031263
943,271,1746,507,1.8708487084870848,2.6472394466400146,1339.5031599998474,14.115019548364879,1.1068124663155072
944,252,1588,496,1.9682539682539681,2.8005034923553467,1386.2492287158966,16.452928609778947,1.2594048411237875
945,275,1601,498,1.8109090909090908,2.9825618267059326,1482.3332278728485,19.738318079566753,1.3357618968126723
946,272,1712,551,2.025735294117647,3.4124579429626465,1876.8518686294556,30.33972600197941,1.5816150019596378
947,271,1733,504,1.8597785977859778,3.2360928058624268,1627.7546813488007,25.43415118685666,1.3550799807072762
948,268,1446,521,1.9440298507462686,3.6259665489196777,1885.5026054382324,37.561010173994404,1.8811931247918103
949,269,1509,481,1.788104089219331,4.282644271850586,2055.6692504882812,72.43171615091879,1.9653438259691025
950,264,1509,473,1.7916666666666667,3.188840627670288,1505.132776260376,24.260284429652703,1.438997741676794
951,289,1642,559,1.934256055363322,2.9473109245300293,1644.5994958877563,19.054645393640726,1.444979011550399
952,328,2155,703,2.143292682926829,1.4074082374572754,988.0005826950073,4.085353405144756,0.6614308775171662
953,221,1370,414,1.8733031674208145,2.0540771484375,848.3338623046875,7.799636643450836,0.8933482161789441
954,249,1718,495,1.9879518072289157,1.6444425582885742,812.3546237945557,5.178122600746285,0.682176942486394
955,346,2346,691,1.9971098265895955,1.8136329650878906,1251.4067459106445,6.132686847472417,0.7695644955073666
956,223,1557,454,2.0358744394618835,2.0428359508514404,925.4046857357025,7.712450344153594,0.8574674058614694
957,358,2289,709,1.9804469273743017,1.790352702140808,1267.5697131156921,5.991565331674428,0.7989150454753409
958,301,2038,652,2.166112956810631,1.6126009225845337,1049.8032006025314,5.0158400887266925,0.7431530281740106
959,394,2476,730,1.8527918781725887,1.6839852333068848,1227.625235080719,5.3869816282522525,0.7153024389018988
960,306,2073,663,2.1666666666666665,1.782962441444397,1180.3211362361908,5.947449317104387,0.8214391943581182
961,276,1825,561,2.032608695652174,1.7774150371551514,995.3524208068848,5.914547754761817,0.7868438364026945
962,271,1748,533,1.966789667896679,2.104809045791626,1119.758412361145,8.205535978357934,0.9241818698553336
963,174,1144,331,1.9022988505747127,2.399444818496704,791.8167901039124,11.017058215510707,0.9985578289995906
964,512,2928,1057,2.064453125,1.6931883096694946,1788.0068550109863,5.436787262538626,0.8809933821037643
965,498,2966,1196,2.4016064257028114,1.4380784034729004,1718.503692150116,4.212593130113443,0.835899108029112
966,441,2545,853,1.9342403628117915,2.324230432510376,1980.2443284988403,10.218812992787958,1.1225495766105196
967,146,812,268,1.8356164383561644,2.975708484649658,794.5141654014587,19.603507114632794,1.4116276432767465
968,415,2593,928,2.236144578313253,1.6421949863433838,1522.3147523403168,5.166497466716417,0.8469864804756982
969,508,3179,1120,2.204724409448819,1.6673253774642944,1865.7370973825455,5.297978737125846,0.846709549542739
970,443,2776,984,2.221218961625282,1.7679834365844727,1737.9277181625366,5.8590263422510676,0.9032059439540936
971,189,1120,487,2.5767195767195767,4.5836029052734375,2227.6310119628906,97.86636300656056,2.869457333829755
972,246,1419,640,2.6016260162601625,4.3488450050354,2778.911958217621,77.38902734947946,2.8253153637685693
973,176,1067,457,2.596590909090909,4.695091724395752,2140.961826324463,109.40884364165156,2.894803195474115
974,143,827,364,2.5454545454545454,4.684385299682617,1700.43186378479,108.24371440809708,2.9663901055041038
975,120,775,341,2.841666666666667,4.560562610626221,1550.591287612915,95.63727124190089,2.8864907884964963
976,93,542,307,3.3010752688172045,3.435554027557373,1051.2795324325562,31.048609586605497,2.7982947749603633
977,194,1298,549,2.829896907216495,3.7431066036224365,2051.222418785095,42.22897528782469,2.2798832136683527
978,238,1522,645,2.7100840336134455,3.6904773712158203,2376.6674270629883,40.06396777806768,2.2528293763903453
979,166,1129,478,2.8795180722891565,3.888472080230713,1854.80118227005,48.836211676394285,2.370161618685551
980,199,1405,638,3.2060301507537687,3.359248638153076,2139.8413825035095,28.767567903968786,2.1972516375991438
981,125,861,373,2.984,3.6830010414123535,1370.0763874053955,39.76555325442314,2.2957054700915567
982,93,616,339,3.6451612903225805,3.1876065731048584,1077.4110217094421,24.230364380177573,2.5233369123690315
983,274,1891,515,1.8795620437956204,2.21197247505188,1136.9538521766663,9.133714660937368,0.8674128420173877
984,284,1802,498,1.7535211267605635,1.8687260150909424,928.7568295001984,6.4800356707275775,0.7435698513383422
985,285,1834,482,1.6912280701754385,1.7066223621368408,820.8853561878204,5.5103181509205825,0.645740039536826
986,291,1816,496,1.70446735395189,2.2292184829711914,1103.4631490707397,9.29260091507146,0.8766304036167815
987,308,1902,602,1.9545454545454546,2.0819222927093506,1251.2352979183197,8.019870645107234,0.9490804202376365
988,263,1579,471,1.790874524714829,2.2886970043182373,1075.6875920295715,9.862079059200669,0.9828303702133333
989,260,1574,458,1.7615384615384615,2.3732969760894775,1084.5967180728912,10.732719535241923,0.9941183650115664
990,314,1888,610,1.9426751592356688,2.3133175373077393,1408.8103802204132,10.107902435849205,1.0765274094792825
991,223,1432,434,1.946188340807175,2.3037264347076416,997.5135462284088,10.011419932919171,1.0049635798626322
992,450,1893,814,1.808888888888889,3.1717631816864014,2578.6434667110443,23.849498305073176,1.965238320995641
993,412,1709,726,1.7621359223300972,3.2445764541625977,2352.3179292678833,25.650843451167596,1.9857679409882802
994,467,1916,840,1.7987152034261242,3.400761127471924,2853.238585948944,29.986915228643742,2.1484097904079227
995,421,1706,760,1.8052256532066508,3.366555690765381,2555.215769290924,28.978543903816938,2.16084239083077
996,278,1130,481,1.7302158273381294,3.526914358139038,1692.9188919067383,34.01883555517729,2.1613855663549475
997,419,1695,745,1.7780429594272076,2.9751298427581787,2213.496603012085,19.592166985449666,1.8840121369853107
998,449,1837,815,1.8151447661469933,2.826014518737793,2300.3758182525635,16.878059410698626,1.8066090284016685
999,415,1650,695,1.6746987951807228,3.1520278453826904,2187.507324695587,23.383434524981773,1.912670284391883
1000,505,2135,960,1.900990099009901,2.5643787384033203,2459.239210128784,12.992584068280395,1.6617949474531561
1001,229,1329,454,1.982532751091703,3.908953905105591,1770.7561190128326,49.84678022756828,1.9222430936972166
1002,266,1493,504,1.894736842105263,3.5591964721679688,1790.2758255004883,35.13495388617925,1.7299544911406226
1003,179,1116,372,2.078212290502793,3.944073438644409,1463.2512457370758,51.628478989844496,1.8915997453400335
1004,252,1454,532,2.111111111111111,3.420874834060669,1816.4845368862152,30.596169887853364,1.8023612332993315
1005,136,838,274,2.014705882352941,3.858231544494629,1053.2972116470337,47.38148518557484,1.8133492408417047
1006,93,557,284,3.053763440860215,2.5473382472991943,720.896723985672,12.773059768053892,1.8672066942320087
1007,209,1844,825,3.9473684210526314,4.33419132232666,3571.373649597168,76.26326154958802,2.794144822904204
1008,216,1879,839,3.884259259259259,4.416619300842285,3701.126974105835,82.81583614074786,2.841723007580023
1009,223,1977,905,4.058295964125561,3.589688539505005,3245.0784397125244,36.222792200561365,2.3680619991244076
1010,230,1891,862,3.747826086956522,4.092365741729736,3523.526903629303,59.88138816492741,2.688193966316679
1011,217,1984,925,4.2626728110599075,3.351374864578247,3096.6703748703003,28.54194799367054,2.2517898150671116
1012,206,1633,726,3.5242718446601944,4.061863422393799,2944.850981235504,58.08244242438506,2.601666813708181
1013,182,1551,705,3.8736263736263736,3.918471574783325,2758.603988647461,50.32347030718113,2.565973110379243
1014,233,1952,872,3.742489270386266,4.03458833694458,3514.1264414787292,56.51964839742252,2.597240158902737
1015,180,1528,698,3.8777777777777778,3.690793514251709,2572.483079433441,40.07663572480685,2.4288668726893947
1016,271,1518,498,1.8376383763837638,2.3685786724090576,1177.1836001873016,10.682198585475874,1.118785864430854
1017,309,1694,568,1.838187702265372,2.4142303466796875,1368.8686065673828,11.181161427014437,1.1657969010173252
1018,222,1246,377,1.6981981981981982,2.706653118133545,1017.7015724182129,14.979058387461354,1.1783571521931429
1019,255,1510,518,2.0313725490196077,2.5761802196502686,1331.8851735591888,13.1468241460601,1.2725192946538928
1020,136,872,265,1.9485294117647058,2.4681506156921387,651.5917625427246,11.800602809199018,1.0780369317712015
1021,114,691,333,2.9210526315789473,1.8658016920089722,619.4461617469788,6.461113633403507,1.2933023236614603
1022,307,1967,628,2.045602605863192,1.3892709016799927,871.0728553533554,4.011923899421934,0.6388878945964795
1023,195,1158,349,1.7897435897435898,2.210275173187256,769.175760269165,9.11822513892827,0.9582781130503649
1024,231,1617,450,1.948051948051948,1.7402431964874268,781.3691952228546,5.6987291650770615,0.6971412882197976
1025,323,2182,619,1.91640866873065,1.8239631652832031,1127.2092361450195,6.196367078819556,0.7452883478600625
1026,210,1361,366,1.7428571428571429,2.27319598197937,829.7165334224701,9.71038549150718,0.8795208876650841
1027,332,2053,606,1.8253012048192772,1.8991047143936157,1148.9583522081375,6.679911335913437,0.8074021027367926
1028,285,1882,576,2.0210526315789474,1.6166539192199707,929.5760035514832,5.036210524498964,0.7125901649591425
1029,342,2105,583,1.7046783625730995,1.757346272468567,1022.7755305767059,5.79703321754847,0.7009753852283097
1030,299,1887,588,1.9665551839464883,1.6362333297729492,960.4689645767212,5.135788213113562,0.7343210451100123
1031,225,1455,423,1.88,2.0762128829956055,876.1618366241455,7.974212382634881,0.8687521214527979
1032,223,1408,389,1.7443946188340806,2.504765510559082,971.8490180969238,12.24068831708585,0.9957967037650856
1033,143,890,250,1.7482517482517483,2.5991623401641846,647.191422700882,13.452464724668653,1.0491009618386915
1034,397,2203,810,2.040302267002519,1.943515658378601,1572.3041676282883,6.983258616805014,1.0296665571522383
1035,377,2058,832,2.206896551724138,1.915247917175293,1591.5710191726685,6.788621604284546,1.1157199303124403
1036,377,2094,675,1.790450928381963,2.576977491378784,1736.8828291893005,13.157309916720337,1.19665341178443
1037,120,672,218,1.8166666666666667,3.015390396118164,654.3397159576416,20.397052316449304,1.4047807489118787
1038,354,2061,819,2.3135593220338984,1.6993404626846313,1390.0604984760284,5.470338309453034,0.9730390042149475
1039,424,2434,936,2.207547169811321,1.7589634656906128,1644.630840420723,5.8064157249947375,0.9748154303894927
1040,369,2223,785,2.127371273712737,2.024655342102051,1587.3297882080078,7.573500228091919,1.0301542121920926
1041,166,1018,237,1.427710843373494,2.4191973209381104,570.930567741394,11.23683612092573,0.8091146353363748
1042,194,1069,290,1.4948453608247423,1.960163950920105,566.4873818159103,7.100491101780921,0.7645168722843654
1043,147,852,187,1.272108843537415,2.508300542831421,466.5439009666443,12.284036118119046,0.7900006716919828
1044,120,748,251,2.091666666666667,1.807561993598938,451.8904983997345,6.095568267397023,0.8715777821739826
1045,115,713,174,1.5130434782608695,2.0283987522125244,350.9129841327667,7.601904075874047,0.7100426675903087
1046,130,827,179,1.376923076923077,2.0314242839813232,361.59352254867554,7.624938706591195,0.6307970759353637
1047,205,1184,351,1.7121951219512195,2.2790474891662598,797.6666212081909,9.767372449191086,0.9719507421450273
1048,188,1200,284,1.5106382978723405,2.776101589202881,785.6367497444153,16.056304708984527,0.9445285356636597
1049,76,422,132,1.736842105263158,2.9267778396606445,383.40789699554443,18.667384182203655,1.310759885386584
1050,167,1023,228,1.3652694610778444,2.392465829849243,543.0897433757782,10.940437968204664,0.7658972429383137
1051,184,1124,480,2.608695652173913,3.761707067489624,1801.85768532753,43.021804453667144,2.312750130791543
1052,170,1030,436,2.5647058823529414,3.837416410446167,1669.2761385440826,46.40542685366,2.3381130164580837
1053,151,923,391,2.589403973509934,4.481147289276123,1747.647442817688,88.33596146205339,2.7316601289007116
1054,184,1054,438,2.380434782608696,4.145171642303467,1811.440007686615,63.12845648556746,2.479464436392168
1055,182,1074,448,2.4615384615384617,4.255424976348877,1902.174964427948,70.48676603267927,2.555175407898828
1056,208,1186,527,2.5336538461538463,3.832278251647949,2015.7783603668213,46.167599920892755,2.452068671190977
1057,159,981,437,2.748427672955975,3.868079423904419,1686.4826288223267,47.85039744401164,2.480204001169575
1058,199,1235,550,2.763819095477387,3.725375175476074,2045.2309713363647,41.486794653359865,2.389185894590681
1059,250,1587,350,1.4,2.614861249923706,912.5865762233734,13.665320182130321,0.8296056256454308
1060,269,1522,350,1.3011152416356877,2.3346762657165527,814.8020167350769,10.326116470286268,0.7723461424770182
1061,243,1561,319,1.3127572016460904,2.098259687423706,667.2465806007385,8.151970583587833,0.616677343294557
1062,285,1609,352,1.2350877192982457,2.625056028366089,921.3946659564972,13.805347655471204,0.8261600467849481
1063,292,1554,457,1.5650684931506849,2.2899389266967773,1044.2121505737305,9.874334604526005,0.9694206507520723
1064,232,1326,343,1.478448275862069,3.013603448867798,1030.6523795127869,20.36063640624237,1.1213552615411067
1065,231,1299,330,1.4285714285714286,2.7579092979431152,907.3521590232849,15.766844690892,1.0077232179852096
1066,299,1590,454,1.5183946488294315,2.621683359146118,1187.6225616931915,13.758865213374543,1.0775957108192544
1067,212,1192,300,1.4150943396226414,2.8141984939575195,841.4453496932983,16.679801459590617,1.0184136184409407
1068,308,1711,495,1.6071428571428572,2.3791661262512207,1175.308066368103,10.795896694600874,0.9910059140070479
1069,310,1579,463,1.4935483870967743,1.923551082611084,888.6806001663208,6.845223314037413,0.8119664944864969
1070,339,1870,533,1.5722713864306785,2.2409400939941406,1192.1801300048828,9.402166053875849,0.9197606210718738
1071,326,1721,507,1.5552147239263803,2.5303139686584473,1280.3388681411743,12.55744816295274,1.073293745336816
1072,201,1044,283,1.407960199004975,2.5573811531066895,721.1814851760864,12.901984711095702,0.9965947818433691
1073,300,1590,431,1.4366666666666668,2.9573700428009033,1271.6691184043884,19.247285596186174,1.1538558055180197
1074,334,1775,542,1.622754491017964,2.5097568035125732,1357.7784307003021,12.301937908596829,1.103583216111169
1075,321,1623,432,1.3457943925233644,2.6742172241210938,1152.5876235961914,14.500994367165015,1.0245424822872586
1076,354,1934,550,1.5536723163841808,2.2923731803894043,1258.512876033783,9.898400519386636,0.9388057317212232
1077,268,2213,955,3.5634328358208953,2.2389378547668457,2135.946713447571,9.38335950207201,1.392462598777176
1078,182,1347,575,3.159340659340659,3.511505365371704,2015.6040797233582,33.49865756601106,2.1587988197568313
1079,206,1805,741,3.5970873786407767,2.7697339057922363,2049.603090286255,15.954388074654629,1.6382006726574374
1080,288,2494,1033,3.5868055555555554,2.6042003631591797,2687.5347747802734,13.520409561403067,1.5546483928597183
1081,185,1653,694,3.7513513513513512,6.311911106109619,4374.154396533966,551.0971481863575,3.817647220787785
1082,274,2248,945,3.448905109489051,2.84010648727417,2681.0605239868164,17.117588245409156,1.720619538380314
1083,237,2021,850,3.586497890295359,2.623546838760376,2227.391266107559,13.784528482277777,1.590027874187415
1084,288,2281,969,3.3645833333333335,2.9717421531677246,2876.6464042663574,19.525907102625233,1.8194316097440344
1085,237,1906,812,3.4261603375527425,2.8222463130950928,2288.8417599201202,16.814579090554734,1.7324767347409888
1086,209,1670,669,3.200956937799043,3.2387442588806152,2163.481164932251,25.501678126479376,1.869008112397866
1087,208,1717,704,3.3846153846153846,3.403249502182007,2392.484400033951,30.061626826806577,2.0102652180158347
1088,125,984,392,3.136,3.7967395782470703,1484.5251750946045,44.55567711560637,2.1765417766095587
1089,396,2761,1243,3.138888888888889,4.675764560699463,5807.299584388733,107.3145842480974,3.034466610414402
1090,334,2232,1056,3.161676646706587,4.083590984344482,4308.188488483429,59.3582421084405,2.784678390479374
1091,335,2306,1023,3.053731343283582,4.937556266784668,5046.182504653931,139.42910536111424,3.1570262250151235
1092,109,766,314,2.8807339449541285,4.217099189758301,1319.9520463943481,67.83641802552052,2.486016020292905
1093,319,2269,1070,3.35423197492163,3.921260118484497,4191.827066659927,50.46399534236827,2.66528343822583
1094,402,2989,1372,3.4129353233830844,4.111917018890381,5637.438232898712,61.06366563852355,2.7210117704653105
1095,319,2430,1071,3.3573667711598745,4.4070916175842285,4715.5880308151245,82.03054005198956,2.799652455527709
1096,282,2156,1083,3.8404255319148937,2.7393205165863037,2963.9447989463806,15.476465521181968,1.9833341664696564
1097,211,1595,811,3.843601895734597,3.024329662322998,2449.7070264816284,20.580204399868844,2.2157869459159207
1098,244,1784,899,3.6844262295081966,2.8094775676727295,2522.910855770111,16.601242926879674,2.040241580843313
1099,329,2447,1240,3.768996960486322,2.7818899154663086,3446.7616052627563,16.14951333996453,2.03213153863468
1100,217,1619,825,3.80184331797235,6.041985034942627,4978.595668792725,420.72736504638715,4.4364393341312764
1101,303,2293,1104,3.6435643564356437,6.306297302246094,6955.845924377441,548.0120645161484,4.376434548751436
1102,263,2038,1029,3.91254752851711,2.612795352935791,2685.953622817993,13.637118179573578,1.9013797702145554
1103,365,2633,1337,3.663013698630137,2.630500078201294,3514.3481044769287,13.880709607080691,1.9256105515709814
1104,289,2240,1188,4.110726643598616,2.624300003051758,3115.0441036224365,13.794914407567237,2.0062761966279
1105,254,1998,996,3.921259842519685,2.9919328689575195,2976.973204612732,19.924156080176264,2.1495818213984554
1106,271,2018,1035,3.819188191881919,2.744358539581299,2837.666729927063,15.554633049927403,2.0286856882861124
1107,150,1120,562,3.7466666666666666,3.201225519180298,1795.887516260147,24.562613713605185,2.313319655091886
1108,513,3586,1877,3.658869395711501,2.50105619430542,4691.981420516968,12.195367838912224,1.8876459362306146
1109,512,3385,1813,3.541015625,2.168808937072754,3929.88179397583,8.747858583234075,1.6749249558194248
1110,460,3185,1655,3.597826086956522,2.7209415435791016,4500.437313079834,15.194621910715172,2.038542729485692
1111,151,1081,540,3.576158940397351,3.120570182800293,1681.987328529358,22.65929590130102,2.244768527018853
1112,483,3293,1754,3.631469979296066,2.291874885559082,4017.656674385071,9.893469426250507,1.7601741148283594
1113,587,4184,2199,3.746166950596252,2.198555931815025,4832.425938129425,9.011990170121544,1.6662803385283265
1114,509,3573,1855,3.644400785854617,2.3241567611694336,4308.98663520813,10.218060186862392,1.7398694793931124
1115,426,1795,775,1.8192488262910798,2.911522626876831,2253.5185132026672,18.384770411825844,1.8112200465453805
1116,385,1602,655,1.7012987012987013,3.410688638687134,2230.5903697013855,30.286093255361337,2.0087775684287568
1117,407,1719,731,1.796068796068796,3.198516368865967,2334.9169492721558,24.496159958193108,1.9596120439805276
1118,459,1900,844,1.8387799564270153,3.203932762145996,2700.9153184890747,24.6292007698013,2.0508405978132758
1119,427,1728,738,1.7283372365339578,3.354984998703003,2472.623944044113,28.64517447271366,2.0643763322081896
1120,410,1712,787,1.9195121951219511,2.8185441493988037,2215.3757014274597,16.75244385465347,1.8668875806981922
1121,440,1760,732,1.6636363636363636,3.334608316421509,2437.598679304123,28.06738753573751,1.9981315490395144
1122,383,1597,715,1.866840731070496,2.9508228302001953,2106.8875007629395,19.12168115357569,1.90331631124711
1123,375,1595,715,1.9066666666666667,2.795233964920044,1995.7970509529114,16.366457482161827,1.8052203812103969
1124,286,1830,474,1.6573426573426573,1.7812232971191406,842.5186195373535,5.9371148335588275,0.6642062482312324
1125,257,1653,497,1.933852140077821,1.891757845878601,938.3118915557861,6.631014743990985,0.8189340065061557
1126,289,1674,476,1.6470588235294117,1.7021842002868652,808.537495136261,5.485916656067287,0.696817822345202
1127,277,1787,521,1.8808664259927799,2.309587240219116,1200.9853649139404,10.070267195775461,0.9695890487641656
1128,275,1721,476,1.730909090909091,2.060072660446167,978.5345137119293,7.846539922697539,0.8202945324060975
1129,278,1543,529,1.9028776978417266,2.3418943881988525,1236.5202369689941,10.400921294140327,1.1561384405923614
1130,279,1530,446,1.5985663082437276,2.980492115020752,1326.3189911842346,19.6975076994203,1.2506364909923844
1131,259,1531,440,1.6988416988416988,2.267617702484131,995.4841713905334,9.65636904671222,0.9380666736437502
1132,316,1789,542,1.7151898734177216,1.9527264833450317,1056.4250274896622,7.0478773285917775,0.8519279755339981
1133,286,1937,839,2.9335664335664338,3.215815305709839,2694.853226184845,24.923603986404597,2.0071509475170366
1134,267,1689,729,2.730337078651685,3.3233165740966797,2419.374465942383,27.75224045628173,2.066559824788905
1135,281,1850,827,2.9430604982206408,3.399031639099121,2807.600133895874,29.935098028957764,2.1894652918760906
1136,254,1625,739,2.909448818897638,3.474266767501831,2564.0088744163513,32.27415539912483,2.2763587002558543
1137,168,1097,466,2.7738095238095237,4.983288288116455,2317.2290539741516,145.95353069234855,3.0474520189355814
1138,236,1688,726,3.0762711864406778,3.211282968521118,2328.1801521778107,24.81089741420991,1.989842393271943
1139,265,1830,815,3.0754716981132075,3.0976810455322266,2521.5123710632324,22.146534882327522,1.9878543132639876
1140,262,1660,713,2.7213740458015265,3.397064208984375,2418.709716796875,29.876260713739494,2.1020846468510848
1141,279,2050,909,3.2580645161290325,2.9229676723480225,2654.0546464920044,18.596393653958568,1.8678007203621103
1142,247,1915,898,3.6356275303643724,3.774677276611328,3385.8855171203613,43.58344065020663,2.550809527189195
1143,203,1460,698,3.438423645320197,3.7587220668792725,2619.829280614853,42.89357581760517,2.5887771993964033
1144,269,2316,1143,4.24907063197026,3.241502523422241,3701.7958817481995,25.572115598941462,2.3059423838434
1145,275,2278,1098,3.9927272727272727,3.5948896408081055,3943.5939359664917,36.41168140240412,2.4975432022382114
1146,242,2015,927,3.830578512396694,3.8754637241363525,3588.6794085502625,48.20504695265739,2.569414385139356
1147,80,643,310,3.875,4.115461349487305,1271.6775569915771,61.28047945996415,2.8532549068142155
1148,355,2744,1464,4.123943661971831,2.1338844299316406,3121.8729209899902,8.447617339338187,1.6413668299554671
1149,265,2090,1055,3.981132075471698,3.233792781829834,3408.417592048645,25.375719251065867,2.352778544175733
1150,232,1885,863,3.7198275862068964,3.9868106842041016,3436.6308097839355,53.88276587481449,2.6302441520644595
1151,254,2012,944,3.716535433070866,3.9767494201660156,3750.0747032165527,53.34335526684835,2.6889732491519247
1152,236,1935,953,4.038135593220339,3.013625144958496,2868.9711380004883,20.36107815724863,2.13904415154877
1153,245,1951,989,4.036734693877551,3.014023542404175,2977.8552598953247,20.369191574852856,2.202017947686366
1154,246,1417,459,1.8658536585365855,2.508622646331787,1148.9491720199585,12.287993486458198,1.1697835375488177
1155,275,1534,489,1.778181818181818,2.435725688934326,1188.6341361999512,11.424106053335267,1.1178856412822726
1156,193,1212,367,1.9015544041450778,2.622288942337036,959.7577528953552,13.767199874284428,1.1424403882482377
1157,259,1481,491,1.8957528957528957,2.6800148487091064,1313.2072758674622,14.58530986729633,1.279242150272311
1158,133,827,249,1.8721804511278195,2.499704122543335,619.9266223907471,12.178889968570848,1.0814571509530542
1159,96,553,282,2.9375,1.5518381595611572,436.0665228366852,4.720138581062989,1.1376329294650627
1160,162,1049,292,1.8024691358024691,2.11029314994812,614.095306634903,8.250659610580076,0.8445684018258931
1161,175,1014,325,1.8571428571428572,2.2093639373779297,715.8339157104492,9.10992007017688,1.0184714401337214
1162,161,1007,268,1.6645962732919255,1.972285509109497,526.6002309322357,7.187083877258327,0.7544424445848256
1163,128,872,316,2.46875,1.8840235471725464,593.4674173593521,6.57992631648897,0.9818721329742178
1164,131,793,239,1.8244274809160306,1.8918904066085815,450.2699167728424,6.63189381440978,0.8191704615254302
1165,140,950,246,1.7571428571428571,1.379759669303894,338.04111897945404,3.9739464514033247,0.513358153650752
1166,201,1252,439,2.18407960199005,2.0315091609954834,889.8010125160217,7.625585916087981,1.0253286806188842
1167,207,1284,375,1.8115942028985508,2.2589635848999023,844.8523807525635,9.573162253536333,0.9492712928309639
1168,79,398,143,1.8101265822784811,3.244832754135132,460.7662510871887,25.657418604209386,1.6702140338002163
1169,177,1132,293,1.655367231638418,2.1841890811920166,637.7832117080688,8.883441881652011,0.8128327532627799
1170,252,1899,958,3.8015873015873014,2.739638090133667,2621.8336522579193,15.48138121774446,1.9918411838590306
1171,236,1756,909,3.8516949152542375,2.9296531677246094,2660.1250762939453,18.721136276242806,2.18550640985971
1172,213,1756,909,4.267605633802817,2.6064672470092773,2366.672260284424,13.551093524835299,1.9444113515500072
1173,263,1835,922,3.505703422053232,2.754406452178955,2536.8083424568176,15.711712481936985,1.9944636595903007
1174,252,1813,998,3.9603174603174605,2.247157096862793,2240.4156255722046,9.460801426484059,1.782811093515259
1175,205,1513,769,3.7512195121951217,2.6778030395507812,2056.552734375,14.553085595461644,1.9609903709249505
1176,222,1578,815,3.671171171171171,2.5993199348449707,2115.846426963806,13.454584928614768,1.9344240478221266
1177,294,2014,1029,3.5,2.672063112258911,2746.8808794021606,14.469791222782717,1.967681937748864
1178,204,1454,770,3.7745098039215685,2.5315089225769043,1946.7303614616394,12.572462703896525,1.9315943868147774
1179,132,1058,414,3.1363636363636362,3.1058056354522705,1282.6977274417877,22.32719931482176,1.7490941874667396
1180,143,961,399,2.7902097902097904,4.02241325378418,1600.9204750061035,55.83568905764528,2.4033715194057326
1181,117,925,384,3.282051282051282,3.087890863418579,1182.6622006893158,21.9307741643483,1.8445631264662745
1182,110,765,346,3.1454545454545455,2.7032790184020996,932.6312613487244,14.928602719674391,1.758826791798462
1183,94,690,293,3.117021276595745,3.845332622528076,1122.8371257781982,46.77423992963504,2.347697903023513
1184,107,889,342,3.196261682242991,2.5336287021636963,863.9673874378204,12.599141820625325,1.4020713895909305
1185,178,1314,574,3.2247191011235956,2.963879108428955,1698.3027291297913,19.372976061266474,1.8646369294092409
1186,174,1190,497,2.8563218390804597,3.3051326274871826,1639.3457832336426,27.252155734063614,1.987458850229756
1187,68,439,191,2.8088235294117645,4.047704219818115,769.0638017654419,57.26583624509328,2.527390735613248
1188,146,1074,436,2.9863013698630136,3.219635248184204,1400.5413329601288,25.018992793772497,1.8813352286979483
1189,220,1873,779,3.540909090909091,2.3846919536590576,1855.2903399467468,10.855718085569688,1.4290540164711003
1190,207,1647,670,3.236714975845411,2.925358772277832,1957.0650186538696,18.640912693043934,1.714297508870191
1191,212,1574,676,3.188679245283019,3.1575984954833984,2131.378984451294,23.51405895056188,1.9535768050335687
1192,230,1790,736,3.2,3.516300678253174,2584.4809985160828,33.65967987777296,2.0830267708552563
1193,238,1751,735,3.088235294117647,3.634897232055664,2668.0145683288574,37.897958001772004,2.1982475081368085
1194,241,1627,705,2.925311203319502,3.1833412647247314,2241.072250366211,24.12723450065516,1.987205790950954
1195,227,1549,668,2.94273127753304,3.616978168487549,2412.524438381195,37.22491028478616,2.2469574198037328
1196,210,1473,618,2.942857142857143,3.38974928855896,2091.4753110408783,29.65851560899232,2.0484460688257826
1197,232,1660,731,3.1508620689655173,3.3452022075653076,2441.9976115226746,28.366310969451096,2.122324002413528
1198,269,1778,469,1.7434944237918215,1.6882612705230713,790.1062746047974,5.410065881567066,0.6411037143687259
1199,193,1103,277,1.4352331606217616,2.607057809829712,719.5479555130005,13.559098660382354,0.9411498341798715
1200,203,1451,343,1.6896551724137931,2.0134871006011963,688.6125884056091,7.489388115004693,0.6846712380334151
1201,293,2013,466,1.5904436860068258,2.093294382095337,973.3818876743317,8.111593884885798,0.6976121322597597
1202,188,1254,267,1.4202127659574468,2.9847209453582764,793.9357714653015,19.78098149140838,0.9134028710345645
1203,297,1974,490,1.6498316498316499,2.197524309158325,1074.589387178421,9.00269799071559,0.7853620972007185
1204,277,1849,492,1.7761732851985559,1.68610680103302,827.8784393072128,5.398422606730016,0.6459578793117419
1205,345,2031,450,1.3043478260869565,2.055448532104492,922.896390914917,7.81034027546768,0.6555677234993958
1206,268,1681,448,1.671641791044776,1.9458504915237427,869.795169711113,6.999582409735332,0.7464896953785825
1207,220,1420,330,1.5,2.3922653198242188,787.055290222168,10.938244520625345,0.7996343409217928
1208,227,1364,298,1.3127753303964758,2.907092571258545,863.4064936637878,18.303504994436906,0.9132201368622251
1209,131,798,164,1.251908396946565,3.4108238220214844,555.964282989502,30.29018770717664,1.005121446090655
1210,435,2296,720,1.6551724137931034,1.8858511447906494,1355.926973104477,6.591962769698627,0.8519987456034024
1211,420,2092,725,1.7261904761904763,1.795395016670227,1299.8659920692444,6.021852984364127,0.8964197995117168
1212,410,2151,584,1.424390243902439,2.8593733310699463,1667.0146520137787,17.450587768154023,1.1180817162015433
1213,132,693,176,1.3333333333333333,3.460059881210327,605.5104792118073,31.81888181077549,1.260558391868938
1214,372,2021,685,1.8413978494623655,1.6559655666351318,1132.6804475784302,5.23813524978497,0.8085662863103874
1215,456,2501,840,1.8421052631578947,1.6548395156860352,1388.4103536605835,5.232240162322779,0.8009007324850124
1216,377,2201,677,1.7957559681697612,1.9147812128067017,1294.3920998573303,6.78545406413502,0.8484384658927862
1217,217,2181,1057,4.870967741935484,3.1041412353515625,3277.97314453125,22.29006883059614,2.1683244382312865
1218,239,2067,1007,4.2133891213389125,3.2621023654937744,3281.674979686737,26.104360399604584,2.2904964775052954
1219,247,2111,974,3.9433198380566803,3.3882431983947754,3296.7606320381165,29.613880830786638,2.253064999923901
1220,265,2441,1178,4.445283018867925,3.4129750728607178,4017.071660757065,30.355419638869012,2.374194741446051
1221,259,2262,1031,3.9806949806949805,3.7256712913513184,3837.441430091858,41.499081370926,2.4475056237380084
1222,294,2469,1182,4.020408163265306,2.808830738067627,3317.2291016578674,16.59050822360928,1.9383353480981598
1223,250,2053,932,3.728,3.73775315284729,3479.848185300827,42.003508598227285,2.4453773599512725
1224,240,2132,1023,4.2625,3.0392253398895264,3106.088297367096,20.889055048039708,2.1018471778493217
1225,294,2670,1301,4.425170068027211,2.7324001789093018,3552.1202325820923,15.369732892605702,1.9193356719803507
1226,309,1847,584,1.889967637540453,3.2843217849731445,1914.7596006393433,26.69087602172476,1.4956221875132176
1227,244,1303,445,1.8237704918032787,3.7575981616973877,1668.3735837936401,42.8453945861138,1.8472404418182902
1228,328,2147,677,2.0640243902439024,2.4631946086883545,1665.1195554733276,11.742263623145659,1.1188913484716372
1229,321,1916,659,2.0529595015576323,3.4947075843811035,2299.517590522766,32.9406541827611,1.7314731859520527
1230,319,1999,623,1.9529780564263324,3.2340245246887207,2011.5632543563843,25.381600574242416,1.4517620467705954
1231,87,563,179,2.057471264367816,3.5788261890411377,637.0310616493225,35.83145679587558,1.6324006279461976
1232,324,2021,808,2.493827160493827,2.545363664627075,2054.1084773540497,12.747863190115785,1.4663295961042393
1233,308,1753,599,1.9448051948051948,3.315176248550415,1982.4753966331482,27.527245194108946,1.631550155965216
1234,282,1631,514,1.822695035460993,3.431647300720215,1760.4350652694702,30.927547781953244,1.557186350994055
1235,310,1785,577,1.8612903225806452,3.8489482402801514,2216.994186401367,46.94366380327824,1.7918467890201204
1236,257,1577,519,2.019455252918288,2.958890914916992,1532.705493927002,19.27658052743513,1.4021728695191853
1237,273,1696,591,2.1648351648351647,3.190047025680542,1882.1277451515198,24.289569649780674,1.6010237996754861
1238,319,1887,432,1.35423197492163,2.4670515060424805,1063.299199104309,11.787639777980985,0.812939311886059
1239,250,1315,363,1.452,2.601609706878662,941.7827138900757,13.48542815941683,1.03323593226172
1240,320,2052,499,1.559375,1.7316721677780151,862.3727395534515,5.650093918581694,0.6063064691771901
1241,364,2077,513,1.4093406593406594,2.491086959838867,1275.4365234375,12.074393370863847,0.8859248663129232
1242,333,1973,451,1.3543543543543544,2.7065553665161133,1217.949914932251,14.977594231839333,0.8905880903821051
1243,91,531,126,1.3846153846153846,2.531548261642456,316.443532705307,12.572957302559441,0.8597580326842391
1244,336,2331,764,2.2738095238095237,1.8367820978164673,1401.4647406339645,6.276309181862637,0.8673900606149113
1245,322,1853,499,1.549689440993789,2.370891809463501,1180.7041211128235,10.706936574996705,0.9192638857456192
1246,319,1777,404,1.2664576802507836,2.345935106277466,945.4118478298187,10.443033509343868,0.7675526080257462
1247,344,1909,471,1.369186046511628,2.8011844158172607,1316.5566754341125,16.464135610008224,0.994965839024649
1248,264,1641,405,1.5340909090909092,2.1507937908172607,868.9206914901733,8.591675684333062,0.763916863216747
1249,283,1782,497,1.756183745583039,2.0342049598693848,1008.9656600952148,7.646170695759972,0.8168517139431122
1250,176,1079,458,2.602272727272727,3.7183399200439453,1699.281343460083,41.195948743160834,2.272052611014826
1251,184,1109,483,2.625,3.850477457046509,1855.9301342964172,47.015505758001076,2.414374392232488
1252,138,887,372,2.6956521739130435,4.1281023025512695,1531.525954246521,62.06003993754891,2.4910089055064186
1253,139,807,387,2.7841726618705036,2.9785521030426025,1149.7211117744446,19.65933134181278,2.055386550634866
1254,134,792,343,2.5597014925373136,4.103973388671875,1403.5588989257812,60.580519964780684,2.5567013422674223
1255,134,795,337,2.514925373134328,3.66929292678833,1232.882423400879,39.22416169889624,2.2373249789177554
1256,237,1363,612,2.5822784810126582,3.1156766414642334,1903.6784279346466,22.54868256636113,2.014987107431117
1257,196,1208,515,2.627551020408163,3.813676595687866,1960.2297701835632,45.31674430675838,2.3410710003698174
1258,68,402,190,2.7941176470588234,4.032448768615723,762.1328172683716,56.39885002202441,2.7351374029149604
1259,198,1115,477,2.409090909090909,3.7849464416503906,1801.634506225586,44.033312144067814,2.3311292983193623
1260,216,1089,469,2.1712962962962963,3.4172985553741455,1599.2957239151,30.486944883535198,2.1187291182802936
1261,240,1046,451,1.8791666666666667,3.50144362449646,1575.649631023407,33.1632927601191,2.1732140620038187
1262,225,883,374,1.6622222222222223,3.495344638824463,1303.7635502815247,32.96164585858564,2.1301621840123945
1263,176,762,341,1.9375,2.76741361618042,940.9206295013428,15.917412187714355,1.7814455722463374
1264,187,783,329,1.7593582887700534,3.5627479553222656,1168.5813293457031,35.259956924736926,2.1531372780619136
1265,188,792,355,1.8882978723404256,3.0561764240264893,1081.8864541053772,21.24616532997578,1.9707477552307737
1266,346,1401,631,1.823699421965318,2.761392116546631,1739.6770334243774,15.821853488126532,1.7914514124695025
1267,301,1281,547,1.8172757475083057,3.237889289855957,1767.8875522613525,25.479884299455506,1.991040284540813
1268,116,485,210,1.8103448275862069,3.7068140506744385,774.7241365909576,40.72385548827092,2.304516845189193
1269,269,1117,487,1.8104089219330854,3.3214046955108643,1614.20268201828,27.69923223083717,2.084872161448019
1270,257,1731,495,1.9260700389105059,1.8051749467849731,891.7564237117767,6.081035213026363,0.7432308319872083
1271,259,1562,463,1.7876447876447876,1.800338625907898,831.7564451694489,6.0516963786661915,0.7682272078574883
1272,258,1630,470,1.821705426356589,1.6537997722625732,775.6320931911469,5.226802802243568,0.6865034198780331
1273,281,1572,487,1.7330960854092528,1.894887924194336,920.9155311584473,6.651802856690427,0.8451655660813725
1274,264,1598,524,1.9848484848484849,2.291171073913574,1198.2824716567993,9.886508737048228,1.0818248932687324
1275,266,1451,416,1.5639097744360901,2.6594178676605225,1103.6584150791168,14.28796918833813,1.0973415039765784
1276,266,1446,449,1.6879699248120301,2.3752424716949463,1064.108627319336,10.753620318531112,1.0616765142467277
1277,261,1448,448,1.7164750957854407,2.5627360343933105,1145.5430073738098,12.971258618827227,1.1413461435519507
1278,221,1332,402,1.8190045248868778,2.5227677822113037,1011.6298806667328,12.463043961653252,1.0957007597995414
1279,154,1006,295,1.9155844155844155,2.021172285079956,594.2246518135071,7.547167181314389,0.8521719267846101
1280,170,970,309,1.8176470588235294,2.278426170349121,701.7552604675293,9.76130568178794,1.043730756901286
1281,158,988,279,1.7658227848101267,1.9687737226486206,547.3190948963165,7.161888639446154,0.7992050040392225
1282,130,865,322,2.476923076923077,1.6983550786972046,545.1719802618027,5.464950580603909,0.9092681067691545
1283,123,748,243,1.975609756097561,1.7880011796951294,432.6962854862213,5.977492583988062,0.8345571995749286
1284,161,1101,298,1.8509316770186335,0.8051119446754456,239.11824756860733,2.236946899098845,0.3133285285679285
1285,194,1132,378,1.9484536082474226,2.2473278045654297,847.242582321167,9.462416596017695,1.0797815123186458
1286,196,1154,327,1.6683673469387754,2.7266833782196045,888.8987812995911,15.282117870432382,1.1112737119871432
1287,87,436,140,1.6091954022988506,2.9623329639434814,411.7642819881439,19.34304578539015,1.3625006597236238
1288,177,1095,302,1.7062146892655368,2.027451992034912,610.2630496025085,7.594710301747763,0.8040397034696938
1289,230,1355,455,1.9782608695652173,2.731510877609253,1240.1059384346008,15.356070644990595,1.3203650830675666
1290,269,1498,510,1.895910780669145,2.3836309909820557,1213.2681744098663,10.844206681513684,1.1684752860410683
1291,190,1126,376,1.9789473684210526,2.3026020526885986,863.4757697582245,10.000169598383694,1.1063341127513062
1292,229,1405,503,2.1965065502183405,2.8814384937286377,1446.4821238517761,17.839917339921154,1.4852900973775751
1293,129,806,256,1.9844961240310077,2.289212703704834,583.7492394447327,9.867166238937058,1.044878576761315
1294,92,571,294,3.1956521739130435,1.2774091958999634,374.28089439868927,3.587333597005375,0.9456623296820925
1295,286,1866,623,2.1783216783216783,1.2169098854064941,756.9179487228394,3.3767370905330174,0.5852099522949019
1296,173,1054,329,1.9017341040462428,2.118274211883545,694.7939414978027,8.316772108980238,0.9510206582908696
1297,217,1541,456,2.1013824884792625,1.6000158786773682,728.0072247982025,4.953111072623389,0.6815654853651549
1298,300,2026,622,2.0733333333333333,1.5334020853042603,952.2426949739456,4.633915009948138,0.678082830089661
1299,167,1204,337,2.0179640718562872,2.497501850128174,839.1606216430664,12.152098247308455,1.005525637337003
1300,297,1867,586,1.973063973063973,1.7531020641326904,1025.564707517624,5.772481538917478,0.7924890828315031
1301,261,1786,565,2.164750957854406,1.5552372932434082,877.1538333892822,4.7362102625211655,0.7085473043266861
1302,306,1944,574,1.8758169934640523,1.7525405883789062,1004.2057571411133,5.769241340225834,0.7452482849072175
1303,299,1892,635,2.1237458193979935,1.3718749284744263,869.7687046527863,3.942736117952184,0.663219342982554
1304,199,1233,387,1.9447236180904524,2.0959882736206055,809.0514736175537,8.133475098483892,0.9466460249894183
1305,172,1079,324,1.8837209302325582,2.3097143173217773,746.0377244949341,10.071546977467476,0.9975022478636961
1306,88,603,182,2.0681818181818183,2.684727668762207,485.9357080459595,14.654210037645303,1.1626153170626417
1307,308,1700,613,1.9902597402597402,2.1462273597717285,1313.4911441802979,8.552531831626997,1.114686564682639
1308,303,1687,649,2.1419141914191417,2.2424557209014893,1453.111307144165,9.416427034167253,1.2426772238746688
1309,303,1659,557,1.8382838283828382,2.6431045532226562,1469.5661315917969,14.056775945477767,1.2779600785448242
1310,97,466,155,1.597938144329897,3.4086101055145264,524.9259562492371,30.223207983063926,1.6251246221344877
1311,300,1831,686,2.2866666666666666,1.7117501497268677,1172.5488525629044,5.538646460657024,0.9238833505147713
1312,296,1832,673,2.2736486486486487,1.8242038488388062,1225.8649864196777,6.1978586219676615,0.9653653584645664
1313,302,1774,624,2.066225165562914,2.0348687171936035,1267.723210811615,7.651247582285421,1.0309684269773116
1314,294,1760,596,2.0272108843537415,2.3628687858581543,1405.9069275856018,10.621378247296791,1.1524403138518107
1315,304,1740,590,1.9407894736842106,1.836659550666809,1081.7924753427505,6.275540085188291,0.8969520916367715
1316,309,1756,602,1.948220064724919,2.2824809551239014,1371.7710540294647,9.800966028193926,1.1270201007308287
1317,311,1683,608,1.954983922829582,2.3870129585266113,1448.916865825653,10.8809435229443,1.2420351616084666
1318,197,1046,373,1.8934010152284264,2.2336044311523438,830.9008483886719,9.333447290718016,1.1460196304405061
1319,288,1601,570,1.9791666666666667,2.299349069595337,1308.3296205997467,9.967692068817186,1.178963557456211
1320,309,1744,628,2.0323624595469254,2.4186041355133057,1516.4647929668427,11.23017257007389,1.2544703190917272
1321,314,1637,573,1.8248407643312101,2.1001474857330322,1201.2843618392944,8.16737439494307,1.058697001541242
1322,330,1899,658,1.993939393939394,2.1375410556793213,1404.364473581314,8.478563659481578,1.066913987170301
1323,307,1876,587,1.9120521172638436,2.0193753242492676,1183.3539400100708,7.533617395370311,0.9100313757297149
1324,228,1255,412,1.8070175438596492,2.545555591583252,1046.2233481407166,12.75031008350051,1.2026942119719994
1325,307,2097,648,2.1107491856677525,1.518410086631775,982.4113260507584,4.5649615290119145,0.6758798036273627
1326,300,1889,607,2.0233333333333334,2.3257486820220947,1409.4037013053894,10.23433948418611,1.0764106566881075
1327,295,2024,575,1.9491525423728813,2.0436019897460938,1173.0275421142578,7.7183606445612725,0.8361269850960521
1328,80,537,157,1.9625,2.2763583660125732,355.1119050979614,9.741142065959552,0.9540375874217154
1329,300,1812,659,2.1966666666666668,2.2688887119293213,1492.9287724494934,9.668650186045568,1.1886539384179535
1330,307,1666,524,1.706840390879479,2.5497663021087646,1333.527776002884,12.804111139217042,1.1547862601002694
1331,300,1685,495,1.65,2.1606860160827637,1067.3788919448853,8.677088239216697,0.9138885662661381
1332,300,1718,517,1.7233333333333334,2.8056249618530273,1447.702480316162,16.53740792626899,1.2157119843042954
1333,298,1758,538,1.8053691275167785,2.156123399734497,1157.838265657425,8.637588194859385,0.9501749283364307
1334,304,1751,545,1.792763157894737,2.2194576263427734,1207.3849487304688,9.202338406178926,0.9947962752583797
1335,163,961,306,1.8773006134969326,1.8616294860839844,567.7969932556152,6.434212693972363,0.8524015675354217
1336,165,1025,316,1.915151515151515,2.2309911251068115,702.7622044086456,9.309087979518363,0.9891429729019992
1337,151,899,303,2.006622516556291,1.9399402141571045,585.8619446754456,6.95833494828124,0.940178111489243
1338,172,999,317,1.8430232558139534,2.2642030715942383,715.4881706237793,9.623452341862945,1.0332645000737166
1339,159,919,284,1.7861635220125787,2.6731576919555664,756.5036268234253,14.485638233796072,1.1875995982945275
1340,210,1158,382,1.819047619047619,2.3056323528289795,878.4459264278412,10.030519074508167,1.0944124194702571
1341,166,980,276,1.6626506024096386,2.4547743797302246,675.0629544258118,11.643806173805931,0.9937856904469091
1342,159,1038,321,2.018867924528302,2.184924364089966,699.1757965087891,8.889976126507372,0.9717701872185174
1343,279,1771,496,1.7777777777777777,1.6965972185134888,839.8156231641769,5.455352400173487,0.6841320354602104
1344,261,1637,525,2.0114942528735633,1.9231988191604614,1007.7561812400818,6.842812416712964,0.8881397954186104
1345,267,1597,476,1.7827715355805243,1.6725910902023315,794.4807678461075,5.325949950804369,0.7177166335962649
1346,268,1701,530,1.9776119402985075,2.3603622913360596,1248.6316521167755,10.594789157527302,1.0590209831898092
1347,282,1837,531,1.8829787234042554,1.6931970119476318,897.3944163322449,5.436834575179422,0.7047721688426649
1348,281,1484,501,1.782918149466192,2.278724193572998,1139.362096786499,9.764215211108596,1.1076496272309524
1349,278,1586,460,1.6546762589928057,2.5703697204589844,1179.7997016906738,13.070656036658727,1.073197464609971
1350,263,1491,457,1.7376425855513309,2.046065330505371,933.0057907104492,7.737397033862519,0.9027785562566407
1351,323,1809,578,1.7894736842105263,2.056748867034912,1186.7440962791443,7.820502939748032,0.9464399239945694
1352,255,1730,499,1.9568627450980391,4.044527530670166,2014.1747102737427,57.08420912373656,1.6796762231190134
1353,259,1562,463,1.7876447876447876,4.141843795776367,1913.5318336486816,62.918723843471184,1.7673770083150562
1354,258,1631,472,1.8294573643410852,3.8509700298309326,1813.8068840503693,47.038670021157834,1.604396196658327
1355,281,1568,483,1.7188612099644127,1.9252043962478638,927.9485189914703,6.856549975771397,0.8537925551972273
1356,256,1573,507,1.98046875,3.6356916427612305,1839.6599712371826,37.928076506975245,1.6872653003342764
1357,256,1440,417,1.62890625,4.573930740356445,1902.7551879882812,96.92434641749055,1.9063163012058617
1358,264,1438,445,1.6856060606060606,4.205912113189697,1867.4249782562256,67.0817559248046,1.8735220830058672
1359,261,1446,446,1.7088122605363985,4.389276504516602,1953.2280445098877,80.58209710191716,1.94876377146588
1360,221,1325,395,1.7873303167420815,4.198734760284424,1654.301495552063,66.60201020069267,1.8012472179382315
1361,270,1740,597,2.2111111111111112,3.84332275390625,2290.620361328125,46.68032426318117,1.899233698762857
1362,247,1686,598,2.4210526315789473,3.329416513442993,1987.661658525467,27.922044811398624,1.7008242097982345
1363,326,1804,625,1.9171779141104295,3.9533305168151855,2466.878242492676,52.10862680985289,1.9728120880937168
1364,305,1699,628,2.059016393442623,3.8361079692840576,2405.239696741104,46.34474778916922,2.0423939862493614
1365,187,1044,383,2.0481283422459895,3.8762106895446777,1480.712483406067,48.24106790676622,2.0461844413719485
1366,287,1581,552,1.9233449477351916,3.787501573562622,2086.9133670330048,44.145966927754046,1.9043514012545257
1367,307,1719,604,1.9674267100977199,3.686967134475708,2223.241182088852,39.9235803071992,1.8658865783011658
1368,306,1610,556,1.8169934640522876,3.7294297218322754,2069.833495616913,41.65534625468616,1.8547444221070735
1369,326,1873,634,1.9447852760736197,3.6028668880462646,2280.6147401332855,36.703308029655716,1.7566639486217634
1370,270,1852,624,2.311111111111111,3.121811866760254,1944.8887929916382,22.68744906061168,1.515054760653109
1371,173,1056,332,1.9190751445086704,4.147409915924072,1372.792682170868,63.26991349511836,1.8754935556217522
1372,212,1528,447,2.108490566037736,3.5606610774993896,1588.0548405647278,35.18645042881031,1.4993971486534334
1373,286,1985,625,2.1853146853146854,3.411534309387207,2128.797409057617,30.31171614978558,1.5472067834280596
1374,168,1208,337,2.005952380952381,4.056886196136475,1363.1137619018555,57.79407120657231,1.627944920913333
1375,291,1869,595,2.0446735395189,3.8062703609466553,2260.9245944023132,44.982357662195746,1.7452245586774255
1376,264,1796,571,2.162878787878788,3.5756046772003174,2038.094666004181,35.71621106594528,1.6371654050704232
1377,306,1951,581,1.8986928104575163,3.9507203102111816,2291.4177799224854,51.972789886369036,1.6944218696560571
1378,293,1884,632,2.156996587030717,3.301032066345215,2082.9512338638306,27.1406354074487,1.5950442757478218
1379,198,1236,385,1.9444444444444444,3.9178314208984375,1504.447265625,50.29126585116655,1.7560344736214797
1380,172,1077,322,1.872093023255814,4.325397491455078,1388.45259475708,75.59555547583298,1.8599012748054344
1381,88,605,185,2.102272727272727,4.545401096343994,836.3538017272949,94.19820218770585,1.994385920959669
1382,304,1673,591,1.944078947368421,3.4615466594696045,2042.3125290870667,31.866224617893465,1.76116805598285
1383,301,1650,614,2.0398671096345513,3.2689294815063477,2003.853772163391,26.283187639054667,1.7520908483434952
1384,303,1658,556,1.834983498349835,3.7415857315063477,2076.580080986023,42.164799230976335,1.8069190499682373
1385,97,466,155,1.597938144329897,4.436230182647705,683.1794481277466,84.45595726192288,2.115063523285748
1386,300,1807,662,2.2066666666666666,3.061459541320801,2023.6247568130493,21.358708340662815,1.6156465972741123
1387,283,1786,641,2.265017667844523,2.990262746810913,1913.7681579589844,19.890908077695197,1.545903600727118
1388,300,1753,604,2.013333333333333,3.317680835723877,2000.5615439414978,27.596275990080336,1.6464348080077393
1389,228,1353,457,2.004385964912281,4.379623889923096,1997.1084938049316,79.80801116238855,2.129503710369255
1390,272,1501,510,1.875,4.12444543838501,2099.34272813797,61.83350924976501,2.0177956982084986
1391,190,1126,375,1.9736842105263157,4.071089267730713,1522.5873861312866,58.6207815533098,1.9508252853389845
1392,219,1395,499,2.278538812785388,4.294638633728027,2138.7300395965576,73.30571944356282,2.211853205681871
1393,131,808,254,1.9389312977099236,4.160696506500244,1052.6562161445618,64.11616437674716,1.8795320579117574
1394,93,572,294,3.161290322580645,2.468543767929077,723.2833240032196,11.805243154712016,1.8242609522677102
1395,162,965,309,1.9074074074074074,4.2083563804626465,1296.1737651824951,67.24592221683754,1.9378066975742607
1396,161,1025,320,1.9875776397515528,3.9466710090637207,1258.988051891327,51.76276192885292,1.7720349453678774
1397,145,895,305,2.103448275862069,4.043704509735107,1229.2861709594727,57.03724695264231,1.9815475560632554
1398,172,1001,319,1.8546511627906976,4.089731216430664,1300.5345268249512,59.7238367605704,1.8744003120431885
1399,159,920,285,1.7924528301886793,4.630919933319092,1315.181261062622,102.6084136047121,2.062397264353411
1400,210,1158,382,1.819047619047619,4.228618621826172,1611.1036949157715,68.62237322228248,2.007194569095742
1401,162,976,276,1.7037037037037037,4.663041591644287,1282.336437702179,105.95787311174104,1.8955127248198287
1402,157,1036,322,2.050955414012739,3.974020004272461,1275.66042137146,53.19795758080928,1.7764372237171147
1403,279,1771,496,1.7777777777777777,3.958580493927002,1959.497344493866,52.38291528203274,1.59624906919051
1404,259,1642,534,2.0617760617760617,3.6401467323303223,1940.1982083320618,38.09742643945384,1.7046981324618256
1405,263,1597,476,1.8098859315589353,4.009721755981445,1904.6178340911865,55.131528411117564,1.7205902968265707
1406,268,1701,530,1.9776119402985075,4.098027229309082,2167.8564043045044,60.221367386229915,1.8386570745734794
1407,282,1838,531,1.8829787234042554,4.08137845993042,2163.1305837631226,59.22705572864977,1.6978986757292196
1408,270,1454,481,1.7814814814814814,3.848172187805176,1847.1226501464844,46.9072471892287,1.8327611329298574
1409,277,1585,460,1.660649819494585,4.419622898101807,2028.6069102287292,83.0649554990483,1.8464738986120317
1410,252,1469,451,1.7896825396825398,4.041422367095947,1818.6400651931763,56.907228236409495,1.7860742023255116
1411,322,1796,568,1.763975155279503,3.6342110633850098,2060.5976729393005,37.87196252996853,1.6552416726151822
1412,303,1872,588,1.9405940594059405,3.961775541305542,2325.562242746353,52.55054883415068,1.7922420485516986
1413,226,1254,413,1.8274336283185841,4.5897040367126465,1890.9580631256104,98.46528373995777,2.175499059170907
1414,309,2089,647,2.0938511326860842,3.369615316390991,2176.7714943885803,29.06734317632968,1.5033113643383738
1415,297,1896,611,2.057239057239057,3.879126787185669,2366.267340183258,48.38194888259544,1.8005285638712576
1416,285,1884,565,1.9824561403508771,4.190405368804932,2363.3886280059814,66.04955996557304,1.8097924911452234
1417,79,543,162,2.050632911392405,4.235292434692383,681.8820819854736,69.08187771759195,1.8116904201684796
1418,289,1763,618,2.13840830449827,3.2886059284210205,2029.0698578357697,26.805468854148813,1.660424856220612
1419,304,1653,515,1.694078947368421,4.103642463684082,2109.272226333618,60.56047567371216,1.8409174717582177
1420,296,1675,489,1.652027027027027,4.2580461502075195,2077.9265213012695,70.67176645439777,1.789739873201789
1421,293,1707,513,1.7508532423208192,4.557919502258301,2333.65478515625,95.38482533790308,1.9723211398311196
1422,298,1763,533,1.7885906040268456,4.135754108428955,2200.221185684204,62.53673277055637,1.8004811080235035
1423,293,1711,538,1.8361774744027304,3.8225412368774414,2052.704644203186,45.72024679497811,1.730816370895196
1424,154,1009,297,1.9285714285714286,4.143215656280518,1226.3918342590332,63.005098789325494,1.7535276684561216
1425,170,971,311,1.8294117647058823,4.086618900299072,1266.8518590927124,59.53824625794787,1.8822666268321526
1426,158,997,286,1.8101265822784811,4.150527477264404,1182.9003310203552,63.46746911731538,1.711699540049127
1427,124,869,333,2.685483870967742,2.786011219024658,924.9557247161865,16.216207726262812,1.5355915271460294
1428,123,750,245,1.991869918699187,4.137657165527344,1009.5883483886719,62.655857057973826,1.9420374714128212
1429,157,1101,301,1.9171974522292994,3.6915624141693115,1107.4687242507935,40.107462496545814,1.4511713318948654
1430,194,1132,378,1.9484536082474226,3.4319825172424316,1293.8574090003967,30.937916944821662,1.648976738146922
1431,196,1154,327,1.6683673469387754,4.516429424285889,1472.3559923171997,91.50827673272168,1.840693837555609
1432,87,436,140,1.6091954022988506,4.317924499511719,600.1915054321289,75.0327360904215,1.9859938267674626
1433,178,1096,302,1.696629213483146,4.369511127471924,1315.222849369049,79.00499888353781,1.7312641263216964
1434,163,1000,318,1.950920245398773,2.8543808460235596,904.8387281894684,17.363683085343073,1.3054063459632228
1435,165,1053,332,2.012121212121212,3.1719155311584473,1049.904040813446,23.85313204034031,1.4384533267719302
1436,151,915,310,2.052980132450331,3.2225148677825928,995.7570941448212,25.091141806753065,1.5700260345931567
1437,172,1037,330,1.9186046511627908,3.274169445037842,1077.20174741745,26.421272046453257,1.4986245120887955
1438,159,956,299,1.880503144654088,3.68422794342041,1097.8999271392822,39.81437163312209,1.656835544221963
1439,210,1208,401,1.9095238095238096,3.1343841552734375,1253.753662109375,22.97448277037521,1.4973379063092487
1440,166,1004,290,1.7469879518072289,3.729085922241211,1077.70583152771,41.64102762518867,1.5486064329503426
1441,159,1074,339,2.1320754716981134,2.96358060836792,1001.6902456283569,19.367194089732116,1.345561964501749
1442,286,1892,639,2.234265734265734,1.9871010780334473,1267.7704877853394,7.294357310060378,0.9667051774383147
1443,173,1094,356,2.0578034682080926,3.2334437370300293,1147.8725266456604,25.366863533830912,1.513738575652997
1444,217,1542,467,2.152073732718894,2.5762174129486084,1200.5173144340515,13.147313128906172,1.1232038755093012
1445,300,2039,636,2.12,2.19773268699646,1395.560256242752,9.004574148928382,0.987429063728862
1446,167,1227,356,2.1317365269461077,3.376607894897461,1198.6958026885986,29.271311155414473,1.4094152323335425
1447,297,1913,611,2.057239057239057,2.7103419303894043,1653.3085775375366,15.034415359589143,1.246847927795395
1448,261,1854,601,2.3026819923371646,2.2711658477783203,1362.6995086669922,9.690692102690347,1.0603882542479486
1449,306,1997,600,1.9607843137254901,2.6457297801971436,1584.792138338089,14.093726653640601,1.1449032342614807
1450,299,1933,652,2.180602006688963,2.1599972248077393,1406.1581933498383,8.671113594422724,1.0494865247031537
1451,199,1265,398,2.0,2.9567973613739014,1173.8485524654388,19.23626618881117,1.3387395141474916
1452,172,1106,337,1.9593023255813953,3.38252592086792,1136.528709411621,29.445053132707894,1.4825174800145384
1453,88,627,196,2.227272727272727,3.779698133468628,737.0411360263824,43.80281713516935,1.6958940859273204
1454,308,1802,640,2.0779220779220777,2.8005897998809814,1789.5768821239471,16.454348682617308,1.4327489972973093
1455,303,1782,683,2.254125412541254,2.7648181915283203,1885.6060066223145,15.876153309040912,1.5265737569160802
1456,303,1761,591,1.9504950495049505,3.6295204162597656,2141.4170455932617,37.69473449982502,1.7543507962251526
1457,97,498,171,1.7628865979381443,4.154833793640137,706.3217449188232,63.741369446362306,2.0461985515390078
1458,300,1877,713,2.3766666666666665,2.3013031482696533,1638.5278415679932,9.987188766157375,1.25940116749528
1459,296,1887,691,2.3344594594594597,2.3629865646362305,1630.460729598999,10.622629293920168,1.2465594112118055
1460,302,1797,633,2.096026490066225,2.54231858253479,1606.7453441619873,12.709103942695448,1.2899518864740847
1461,154,1033,308,2.0,2.809591293334961,862.544527053833,16.603131021585774,1.2046357325522568
1462,170,1010,326,1.9176470588235295,3.185248613357544,1035.2057993412018,24.173297463493455,1.4786992802069774
1463,158,1012,299,1.8924050632911393,2.960113048553467,882.1136884689331,19.30015348661301,1.2575306757454563
1464,130,879,327,2.5153846153846153,1.9981895685195923,651.4097993373871,7.375690821268931,1.0691532276342697
1465,123,789,267,2.1707317073170733,3.0792529582977295,819.081286907196,21.742154032090774,1.4976989996273284
1466,161,1135,322,2.0,1.9648152589797974,630.705698132515,7.133594600874569,0.8016880907103003
1467,194,1193,402,2.0721649484536084,3.011557102203369,1207.634397983551,20.319014087218235,1.4603924200987408
1468,196,1219,353,1.8010204081632653,3.586318016052246,1262.3839416503906,36.10090795217191,1.4940402398005588
1469,87,469,153,1.7586206896551724,3.787325382232666,575.6734580993652,44.138189476308725,1.7708342071883898
1470,177,1139,330,1.8644067796610169,3.2281694412231445,1062.0677461624146,25.233423402561524,1.345250105774042
1471,257,1771,521,2.027237354085603,2.6788668632507324,1393.0107688903809,14.568575750761799,1.1347768086860952
1472,259,1652,503,1.942084942084942,2.79080867767334,1400.9859561920166,16.294191224001075,1.2234839536036957
1473,258,1709,498,1.930232558139535,2.5616555213928223,1273.1427941322327,12.957250574556737,1.074755292825097
1474,281,1574,488,1.7366548042704626,1.9108645915985107,930.5910561084747,6.75892998712792,0.8529600392270138
1475,264,1644,548,2.0757575757575757,2.9742050170898438,1626.8901443481445,19.574056022555762,1.4276802574952543
1476,266,1512,452,1.699248120300752,3.774238348007202,1702.1814949512482,43.56431482918106,1.6241592602242911
1477,266,1499,466,1.7518796992481203,3.3214707374572754,1544.483892917633,27.701061602454754,1.486470482351668
1478,261,1499,468,1.793103448275862,3.7177515029907227,1736.1899518966675,41.17171547473007,1.6709757395881057
1479,221,1401,434,1.9638009049773755,3.495800018310547,1513.6814079284668,32.97665933409213,1.5587299505383463
1480,279,1813,525,1.881720430107527,2.5418663024902344,1331.9379425048828,12.70335716827164,1.0598898314526441
1481,261,1695,549,2.103448275862069,2.7437450885772705,1503.5723085403442,15.545093970843602,1.2797618366661505
1482,267,1657,504,1.8876404494382022,2.7076520919799805,1361.9490022659302,14.99402955169038,1.185803905559885
1483,268,1734,543,2.0261194029850746,3.129746913909912,1696.3228273391724,22.868191188900443,1.411347480247387
1484,282,1922,566,2.00709219858156,2.8460676670074463,1608.0282318592072,17.219934013221806,1.2070209967287857
1485,281,1579,543,1.9323843416370108,3.039947748184204,1647.6516795158386,20.904150926711864,1.5054204605129018
1486,278,1658,495,1.7805755395683454,3.6347172260284424,1795.5503096580505,37.89113675486348,1.5623833096564006
1487,263,1532,473,1.7984790874524714,2.836353302001953,1338.7587585449219,17.053463177215637,1.2607184216053682
1488,323,1926,624,1.931888544891641,3.0365240573883057,1891.7544877529144,20.832703953549952,1.417043000031449
1489,307,1906,612,1.993485342019544,2.8518624305725098,1742.4879450798035,17.32000913523239,1.3189290226523782
1490,228,1308,431,1.8903508771929824,3.3930563926696777,1459.0142488479614,29.75676177348517,1.6092604139138302
1491,307,2161,673,2.192182410423453,2.362839460372925,1587.8281173706055,10.621066774792947,1.0600424575264376
1492,300,1930,637,2.1233333333333335,3.2016122341156006,2036.225380897522,24.57211428006538,1.5220996161415004
1493,295,2047,587,1.9898305084745762,2.9551877975463867,1731.7400493621826,19.205329094869935,1.2205045341102245
1494,80,541,162,2.025,3.6837589740753174,593.0851948261261,39.79570429087979,1.5815916255089035
1495,300,1892,690,2.3,2.8203678131103516,1943.2334232330322,16.783022552747216,1.4817617457653172
1496,307,1730,553,1.8013029315960911,3.3302128314971924,1838.2774829864502,27.944288495140142,1.5329906407412703
1497,300,1748,522,1.74,3.0685558319091797,1598.7175884246826,21.510814999860944,1.319486233754149
1498,300,1766,538,1.7933333333333332,3.7284789085388184,2002.1931738853455,41.61575862093028,1.6356478838426511
1499,298,1791,559,1.8758389261744965,2.7476181983947754,1533.1709547042847,15.605418573410672,1.2350073328793238
1500,304,1841,579,1.9046052631578947,2.9938929080963135,1730.4701008796692,19.963246502765315,1.3560785621649771
1501,230,1440,487,2.117391304347826,3.5772669315338135,1738.5517287254333,35.77562986346092,1.7418055259452203
1502,269,1587,541,2.0111524163568775,3.3824915885925293,1826.5454578399658,29.44404223438817,1.6604587737769247
1503,190,1186,398,2.094736842105263,3.242784261703491,1287.385351896286,25.60491337302831,1.56602399906734
1504,229,1462,527,2.3013100436681224,3.555248498916626,1870.0607104301453,34.996515483419024,1.845367519219468
1505,129,821,265,2.054263565891473,3.397307872772217,896.8892784118652,29.883541363570888,1.5760508090027756
1506,92,584,287,3.119565217391304,1.8839149475097656,538.799674987793,6.579211777509926,1.3310335944134832
1507,294,1812,615,2.0918367346938775,3.249328374862671,1995.08762216568,25.773024292059862,1.5884674495791282
1508,304,1781,603,1.9835526315789473,2.797624349594116,1684.169858455658,16.405626407044178,1.3642580026999693
1509,309,1824,629,2.0355987055016183,3.249532699584961,2040.7065353393555,25.778290896121295,1.6140993412520759
1510,311,1792,644,2.0707395498392285,3.4430952072143555,2213.9102182388306,31.283637810804233,1.7823645607291092
1511,197,1107,391,1.984771573604061,3.3923678398132324,1323.0234575271606,29.73627972246406,1.7242270832467976
1512,288,1673,589,2.045138888888889,3.0269763469696045,1779.8620920181274,20.63474585605705,1.5348465114290548
1513,309,1829,664,2.1488673139158574,3.0570685863494873,2026.83647274971,21.26512881618749,1.5987462700540653
1514,314,1690,593,1.8885350318471337,2.805685520172119,1660.9658279418945,16.538409434219655,1.4179095639395283
1515,330,1983,677,2.0515151515151517,3.0202343463897705,2041.6784181594849,20.49609430713756,1.485385440730566
1516,160,1052,318,1.9875,2.279292583465576,722.5357489585876,9.769766669890618,0.9908733287904442
1517,180,1122,319,1.7722222222222221,2.292574882507324,729.0388126373291,9.900397249100951,0.9374159354790134
1518,167,991,306,1.8323353293413174,2.4411702156066895,744.5569157600403,11.486474532810577,1.0839238849915154
1519,174,1042,315,1.8103448275862069,2.6966123580932617,846.7362804412842,14.829409806565288,1.1723437934101797
1520,170,1065,313,1.8411764705882352,2.6786277294158936,835.7318515777588,14.565092327893112,1.1321184955720036
1521,217,1263,408,1.880184331797235,2.342588186264038,953.4333918094635,10.408139937061032,1.0890844229465217
1522,159,949,275,1.729559748427673,2.474513292312622,678.0166420936584,11.875925601975364,1.0307389327594396
1523,161,1084,335,2.080745341614907,2.2568821907043457,753.7986516952515,9.553257451244644,1.0032302367431054
1524,258,1755,485,1.87984496124031,2.180962562561035,1055.585880279541,8.854825481413611,0.8677427434254729
1525,309,1837,585,1.8932038834951457,1.8673580884933472,1090.5371236801147,6.471177517613147,0.8564575395964158
1526,268,1658,493,1.8395522388059702,1.950783371925354,959.7854189872742,7.034195814328159,0.8351493753259809
1527,309,1938,579,1.8737864077669903,2.4323766231536865,1405.9136881828308,11.385909966981895,1.0465968554485463
1528,309,1943,578,1.8705501618122977,1.9785454273223877,1141.6207115650177,7.232215547421626,0.8476636845861969
1529,324,1777,560,1.728395061728395,2.3168089389801025,1295.0961968898773,10.143254862166167,1.0514512440783246
1530,321,1850,530,1.6510903426791277,2.85823392868042,1512.0057482719421,17.43071584995776,1.1791152404473175
1531,266,1725,478,1.7969924812030076,2.595912456512451,1238.2502417564392,13.40881674333148,1.035604338064681
1532,332,2019,615,1.8524096385542168,1.9453229904174805,1194.428316116333,6.995891095942472,0.8534897515395685
1533,247,1460,463,1.874493927125506,2.5957834720611572,1199.2519640922546,13.407087325997711,1.1850375762823595
1534,320,1815,591,1.846875,2.12838077545166,1255.7446575164795,8.401252277996067,0.9981579008384764
1535,225,1301,409,1.8177777777777777,2.5772130489349365,1051.502923965454,13.160409585550733,1.166024637882556
1536,242,1487,538,2.2231404958677685,2.595515489578247,1393.7918179035187,13.403494942816879,1.3522639836725083
1537,142,882,270,1.9014084507042253,2.6984269618988037,725.8768527507782,14.856343739852502,1.187323056416821
1538,100,599,306,3.06,1.49868905544281,457.10016191005707,4.47581767382281,1.1009284420320227
1539,168,1052,313,1.8630952380952381,2.4154558181762695,753.6222152709961,11.19487202089707,1.033504783911807
1540,200,1149,360,1.8,2.29201602935791,822.8337545394897,9.894865926660284,1.033157682463158
1541,151,973,266,1.7615894039735098,2.3988683223724365,635.7001054286957,11.010708754544307,0.942570801227719
1542,119,815,302,2.53781512605042,1.804848313331604,543.2593423128128,6.079049267850395,0.9616657166518955
1543,125,754,247,1.976,2.1632919311523438,532.1698150634766,8.699729481984544,1.0182476831603111
1544,134,954,255,1.9029850746268657,1.909966230392456,485.13142251968384,6.752860753223373,0.7336443369481722
1545,216,1329,453,2.0972222222222223,2.393366813659668,1081.80179977417,10.950299567596558,1.1743492037313397
1546,192,1219,363,1.890625,2.80888032913208,1016.814679145813,16.591330984972544,1.2034072970523109
1547,82,455,154,1.8780487804878048,3.1730971336364746,485.4838614463806,23.881333618514002,1.5393519985501494
1548,173,1111,323,1.8670520231213872,2.5682263374328613,826.9688806533813,13.042670616820352,1.0738648992692443
1549,259,1787,509,1.9652509652509653,2.201526403427124,1118.375412940979,9.038799830043903,0.9028957258545591
1550,260,1683,483,1.8576923076923078,1.9574373960494995,943.4848248958588,7.081157592098437,0.8087705751819652
1551,247,1657,471,1.9068825910931173,2.140394687652588,1005.9855031967163,8.502792914073446,0.875878271978329
1552,293,1766,529,1.8054607508532423,2.2737860679626465,1200.5590438842773,9.716117144795748,0.980770429731734
1553,291,1714,603,2.0721649484536084,2.0787618160247803,1251.4146132469177,7.994564042448755,1.053331188230635
1554,244,1473,442,1.8114754098360655,2.5642001628875732,1130.8122718334198,12.990264118028836,1.107547356924954
1555,230,1368,425,1.8478260869565217,2.593151807785034,1099.4963665008545,13.371850758978702,1.1595306691712113
1556,324,1815,602,1.8580246913580247,2.4374840259552,1464.9278995990753,11.444211152529354,1.1644320749374497
1557,211,1286,418,1.981042654028436,2.5784952640533447,1075.2325251102448,13.17729488466528,1.2062462144471757
1558,318,1886,626,1.9685534591194969,2.3496525287628174,1468.5328304767609,10.48192692376369,1.1233536754567635
1559,311,1847,603,1.9389067524115755,2.0402941703796387,1228.2570905685425,7.692871881097411,0.9593938351380308
1560,401,2187,704,1.7556109725685785,2.3424930572509766,1646.7726192474365,10.407149868073903,1.0863240472153661
1561,338,1891,630,1.863905325443787,2.4297890663146973,1528.3373227119446,11.356486361821117,1.1660098764050968
1562,211,1155,377,1.7867298578199051,2.2514138221740723,846.5315971374512,9.501159294621177,1.057391287572307
1563,305,1778,589,1.9311475409836065,2.575410842895508,1514.3415756225586,13.136713175234911,1.22875876342106
1564,336,1882,656,1.9523809523809523,2.506122589111328,1641.51029586792,12.257311169372715,1.2583415321024565
1565,344,1830,572,1.6627906976744187,2.5014123916625977,1428.3064756393433,12.199712570451263,1.126016759166379
1566,359,2072,653,1.818941504178273,2.3351283073425293,1522.503656387329,10.330785359952252,1.0600909627438775
1567,269,1800,602,2.2379182156133828,1.8800859451293945,1129.931653022766,6.554068128219156,0.9056371068663409
1568,199,1209,378,1.899497487437186,2.667065382003784,1005.4836490154266,14.397655516949253,1.1998397635479696
1569,218,1533,461,2.114678899082569,2.27290415763855,1045.535912513733,9.707552178097027,0.9839461683332547
1570,292,2031,615,2.106164383561644,1.9885202646255493,1220.9514424800873,7.304716713377231,0.8672873418179461
1571,193,1366,381,1.9740932642487046,2.5899012088775635,984.1624593734741,13.328454805142322,1.0394189601516817
1572,301,1994,619,2.0564784053156147,2.1757116317749023,1344.5897884368896,8.808451266138258,0.9728350149487669
1573,282,1905,593,2.102836879432624,1.909236192703247,1130.2678260803223,6.747932709411267,0.8559746916338218
1574,353,2174,647,1.8328611898016998,1.9835495948791504,1281.3730382919312,7.2684974705254275,0.8503360293802176
1575,271,1799,607,2.2398523985239853,1.9253063201904297,1166.7356300354004,6.857248857993139,0.9356552014900125
1576,220,1512,445,2.022727272727273,2.2833516597747803,1013.8081369400024,9.809503491162765,0.9673386055398286
1577,237,1505,432,1.8227848101265822,2.742488384246826,1182.012493610382,15.525570654021116,1.1330787792694323
1578,132,885,248,1.878787878787879,2.785287618637085,687.96604180336,16.2044779164264,1.1214973975251037
1579,426,2460,873,2.0492957746478875,1.7767729759216309,1549.346035003662,5.910751471788159,0.9086316428133178
1580,433,2427,919,2.1224018475750577,1.8903706073760986,1735.3602175712585,6.6218223225421236,1.031559777522063
1581,391,2329,747,1.9104859335038362,2.349553346633911,1752.7667965888977,10.4808873554905,1.085748374956478
1582,130,741,242,1.8615384615384616,2.9123172760009766,701.8684635162354,18.399385659759115,1.366507627086679
1583,373,2223,849,2.2761394101876675,1.685791015625,1429.55078125,5.39671813278265,0.9277579049969944
1584,450,2656,963,2.14,1.780709147453308,1713.0421998500824,5.934063052554464,0.9304960416254648
1585,381,2380,837,2.1968503937007875,1.9928309917449951,1666.006709098816,7.336273320909037,1.0098905955061361
1586,312,1938,604,1.935897435897436,2.220423936843872,1338.9156339168549,9.21123502016897,0.9967218499590038
1587,248,1419,470,1.8951612903225807,2.436513900756836,1142.725019454956,11.433114218492868,1.1618067080108594
1588,325,2191,659,2.0276923076923077,1.8617684841156006,1225.0436625480652,6.435107099030656,0.8066473833092407
1589,360,2222,705,1.9583333333333333,2.0654263496398926,1454.0601501464844,7.888660508347004,0.9440888243792055
1590,329,2094,613,1.8632218844984803,2.6514861583709717,1622.7095289230347,14.175089426914772,1.1179918768770432
1591,90,591,175,1.9444444444444444,2.1629555225372314,376.35426092147827,8.696803310259943,0.9187215327391671
1592,341,2463,886,2.598240469208211,1.8551721572875977,1641.827359199524,6.392798722779302,0.9616955700824101
1593,314,1949,635,2.022292993630573,2.017695188522339,1279.2187495231628,7.520970522837551,0.9469074120827338
1594,309,1816,549,1.7766990291262137,1.917955994606018,1051.039885044098,6.807030632523292,0.8349834966572832
1595,342,1995,621,1.8157894736842106,2.471968412399292,1532.620415687561,11.845741221560944,1.1083227434975569
1596,267,1741,544,2.0374531835205993,1.8011839389801025,978.0428788661957,6.056814119465948,0.8104638777237367
1597,274,1818,609,2.2226277372262775,1.7831388711929321,1084.1484336853027,5.948498716661757,0.8603385967356015
1598,159,1035,314,1.9748427672955975,2.3170931339263916,725.2501509189606,10.146137933594677,1.010932170178509
1599,177,1128,321,1.8135593220338984,2.3902652263641357,764.8848724365234,10.91638887324944,0.9782762520524466
1600,157,953,292,1.8598726114649682,2.274545669555664,661.8927898406982,9.72350032664022,1.0020036154284746
1601,171,1008,307,1.7953216374269005,2.6920111179351807,823.7554020881653,14.761332869917075,1.1789958665655658
1602,178,1084,315,1.7696629213483146,2.831197738647461,888.9960899353027,16.96576921751534,1.183164437563967
1603,214,1264,409,1.911214953271028,2.4234540462493896,988.769250869751,11.284770194372957,1.128554188934561
1604,214,1189,339,1.5841121495327102,2.3161070346832275,782.8441777229309,10.136137766046486,0.9498783961225153
1605,159,1063,334,2.10062893081761,2.203011989593506,733.6029925346375,9.052237725136223,0.9956400746105595
1606,253,1721,475,1.8774703557312253,2.201852560043335,1043.6781134605408,9.0417483752287,0.8749036830760436
1607,292,1794,565,1.9349315068493151,1.9958374500274658,1125.6523218154907,7.358362709371156,0.9052246501941783
1608,336,1980,595,1.7708333333333333,1.9718679189682007,1171.2895438671112,7.184083248446623,0.853441220395039
1609,321,2016,600,1.8691588785046729,2.334160566329956,1398.1621792316437,10.320792671214559,1.0005563702063485
1610,436,2779,810,1.8577981651376148,1.5892317295074463,1285.688469171524,4.899982969544836,0.6674546162655202
1611,324,1776,552,1.7037037037037037,2.3841683864593506,1313.6767809391022,10.85003587529008,1.0671368114818807
1612,325,1869,527,1.6215384615384616,2.7832822799682617,1464.0064792633057,16.172015010691396,1.1300775213817453
1613,262,1698,475,1.8129770992366412,2.367920160293579,1122.3941559791565,10.675166543883797,0.9536351488538769
1614,335,2029,619,1.8477611940298508,2.0212888717651367,1249.1565227508545,7.548047131812822,0.8881971023493147
1615,246,1462,476,1.934959349593496,2.8045120239257812,1332.143211364746,16.519013055842695,1.3145529444526796
1616,319,1811,588,1.8432601880877744,2.359590768814087,1385.079781293869,10.586618191524177,1.103394661351869
1617,219,1279,396,1.8082191780821917,2.671635866165161,1055.2961671352386,14.463610381469579,1.1903600836553085
1618,249,1514,553,2.2208835341365463,2.496713399887085,1378.185796737671,12.142520698722036,1.3132772882279014
1619,136,860,261,1.9191176470588236,2.798961877822876,727.7300882339478,16.427584076702097,1.220805336512563
1620,102,582,262,2.5686274509803924,1.6931431293487549,441.910356760025,5.436541632295179,1.0954327838748465
1621,166,1046,310,1.8674698795180722,2.531751871109009,782.3113281726837,12.575517536323877,1.07900255600955
1622,201,1170,368,1.8308457711442787,2.282235622406006,837.5804734230042,9.798561825487079,1.0327976028656396
1623,149,954,267,1.7919463087248322,2.3033978939056396,612.7038397789001,10.008131313237687,0.9265668670677624
1624,120,832,308,2.566666666666667,1.9761037826538086,606.6638612747192,7.214578587245224,1.0519602694081582
1625,120,725,239,1.9916666666666667,2.303572654724121,548.2502918243408,10.00988049529725,1.090976520249522
1626,134,950,253,1.8880597014925373,1.998948335647583,503.7349805831909,7.381289376741658,0.7649852193785978
1627,214,1337,449,2.0981308411214954,2.420537233352661,1084.4006805419922,11.25190258876393,1.1701267645134998
1628,183,1206,363,1.9836065573770492,2.7271223068237305,987.2182750701904,15.288827101426321,1.180974220330614
1629,88,476,157,1.7840909090909092,2.9924979209899902,466.8296756744385,19.935417446393934,1.4149009622590665
1630,171,1090,319,1.8654970760233918,2.3222334384918213,738.4702334403992,10.198426447044689,0.977419581310623
1631,272,1900,532,1.9558823529411764,2.192922353744507,1164.4417698383331,8.961363159432587,0.8841759824998584
1632,303,1908,560,1.8481848184818481,2.35428786277771,1316.0469152927399,10.530626939395871,0.9951018649214117
1633,248,1671,469,1.8911290322580645,2.09531569480896,980.6077451705933,8.12800653469382,0.8466295218521384
1634,341,2079,615,1.8035190615835777,2.348379611968994,1441.9050817489624,10.468592791371789,1.0005912991206463
1635,284,1693,589,2.073943661971831,2.2804181575775146,1340.8858766555786,9.780769457398682,1.1426399318659501
1636,236,1442,439,1.8601694915254237,2.729085922241211,1195.3396339416504,15.318877972559,1.19591578506633
1637,228,1361,419,1.837719298245614,2.6278676986694336,1098.4486980438232,13.844218361698966,1.1643839010571362
1638,312,1770,582,1.8653846153846154,2.498474597930908,1451.6137413978577,12.163924925432145,1.1831841502830303
1639,208,1282,414,1.9903846153846154,2.512697696685791,1037.7441487312317,12.3381698448228,1.1678224158237807
1640,316,1875,623,1.9715189873417722,2.5001630783081055,1555.1014347076416,12.184480823209775,1.196553134897081
1641,294,1744,569,1.935374149659864,2.057966470718384,1168.924955368042,7.830031012465128,0.9669737593353366
1642,387,2105,680,1.7571059431524547,2.553562879562378,1733.8691952228546,12.852815335005722,1.1883346743459147
1643,323,1832,612,1.894736842105263,2.588608503341675,1581.6397955417633,13.311236169541473,1.245537057587738
1644,228,1255,406,1.780701754385965,2.4938101768493652,1009.9931216239929,12.107319376263801,1.161045472429401
1645,302,1752,581,1.923841059602649,2.5754008293151855,1493.7324810028076,13.13658163036098,1.230023083765707
1646,331,1849,647,1.9546827794561934,2.4658496379852295,1592.9388661384583,11.773481100396944,1.2429015698308503
1647,348,1843,575,1.6522988505747127,2.451631784439087,1407.236644268036,11.607271839733782,1.101580753143094
1648,371,2178,687,1.8517520215633423,2.571751832962036,1764.2217574119568,13.088733643555635,1.1686106429966217
1649,278,1847,616,2.2158273381294964,1.8097628355026245,1113.004143834114,6.108998422870186,0.869369549972032
1650,224,1335,414,1.8482142857142858,2.530102014541626,1044.9321320056915,12.554786842166743,1.1292272695956127
1651,291,1989,589,2.0240549828178693,2.1805379390716553,1282.1563081741333,8.851066312691996,0.9299952475853814
1652,299,2076,631,2.1103678929765888,2.0146965980529785,1269.2588567733765,7.498451991107775,0.8820585059110526
1653,196,1387,387,1.9744897959183674,2.520292043685913,972.8327288627625,12.432226886823988,1.0118968662904002
1654,306,2013,622,2.0326797385620914,2.1353542804718018,1326.055008172989,8.460043204092365,0.9503690930139815
1655,290,1916,598,2.0620689655172413,1.9858547449111938,1185.5552827119827,7.285271773917694,0.8926903585951412
1656,350,2147,643,1.8371428571428572,1.9711517095565796,1265.479397535324,7.1789397825294285,0.850349721085871
1657,271,1811,608,2.243542435424354,1.8649952411651611,1132.0521113872528,6.455905163331715,0.9018254926152789
1658,227,1529,457,2.013215859030837,2.369995594024658,1080.7179908752441,10.697345151768259,1.0197164722270757
1659,235,1491,430,1.8297872340425532,2.698025703430176,1157.4530267715454,14.850383701951847,1.1199542198425414
1660,134,887,249,1.8582089552238805,2.7193117141723633,674.3893051147461,15.169877439211959,1.09688625266922
1661,428,2447,855,1.9976635514018692,2.1074888706207275,1799.7954955101013,8.227554867614579,1.0611181185070364
1662,408,2243,835,2.0465686274509802,2.151686668395996,1794.5066814422607,8.599350424707293,1.1542246500931166
1663,400,2368,764,1.91,2.725975275039673,2079.9191348552704,15.271300384572307,1.2671828637270954
1664,128,740,242,1.890625,2.865391492843628,690.5593497753143,17.555924878346417,1.3463061477842608
1665,370,2176,811,2.191891891891892,1.8138283491134644,1469.2009627819061,6.133885193581291,0.9740849922218504
1666,446,2598,930,2.085201793721973,1.940700650215149,1802.9109040498734,6.963628329463743,1.0011742187980717
1667,372,2335,802,2.1559139784946235,2.1136434078216553,1693.0283696651459,8.278347803296898,1.0460486650964596
1668,312,1958,621,1.9903846153846154,2.379899740219116,1475.537838935852,10.803819621041406,1.0872069064743473
1669,245,1405,465,1.8979591836734695,2.4899487495422363,1155.3362197875977,12.060657990362191,1.1863329785387677
1670,326,2184,657,2.0153374233128836,1.9264742136001587,1263.767084121704,6.8652620721224284,0.834812502335663
1671,352,2173,687,1.9517045454545454,2.2686328887939453,1556.2821617126465,9.666177037997851,1.033244618926273
1672,320,2033,596,1.8625,2.622847080230713,1560.5940127372742,13.774886014987748,1.107457571577508
1673,91,592,175,1.9230769230769231,2.3777248859405518,413.724130153656,10.780348420186094,1.0082394440351008
1674,340,2416,893,2.626470588235294,2.031461000442505,1812.0632123947144,7.6252186724968745,1.082059027441713
1675,314,1968,643,2.0477707006369426,2.3174996376037598,1487.8347673416138,10.150263214389867,1.0906970734278103
1676,1040,6081,1765,1.6971153846153846,1.151845932006836,2031.8562240600586,3.164028103093727,0.48205046838526905
1677,342,1990,621,1.8157894736842106,2.643873453140259,1639.2015409469604,14.067588355641947,1.1883758463023755
1678,422,2707,796,1.886255924170616,1.8484526872634888,1469.5198863744736,6.349986502193287,0.7831802927817385
1679,276,1828,609,2.2065217391304346,2.110948085784912,1283.4564361572266,8.256065033145477,1.0129301070246461
