text_id,num_words,num_bytes,num_tokens,tokens_per_word,average_nll,total_nll,ppl,bpb
0,153,999,228,1.4901960784313726,3.7707536220550537,855.9610722064972,43.412769331328256,1.2361269209873007
1,173,1103,217,1.254335260115607,3.7365431785583496,807.0933265686035,41.95271616774246,1.0556568810291034
2,156,945,197,1.2628205128205128,3.8379809856414795,752.24427318573,46.43163360373388,1.1484223094837833
3,169,1018,209,1.2366863905325445,4.140140056610107,861.1491317749023,62.81161801547328,1.2204082336714028
4,173,1070,211,1.2196531791907514,3.8348400592803955,805.316412448883,46.286024055901564,1.0858186865294344
5,203,1254,268,1.3201970443349753,3.7394967079162598,998.4456210136414,42.076807910683065,1.1486862408562057
6,157,1009,196,1.2484076433121019,3.8577260971069336,752.256588935852,47.35754238908437,1.0755964819958386
7,148,1038,201,1.3581081081081081,3.492053270339966,698.4106540679932,32.853335279001946,0.9707067313371013
8,189,1236,239,1.2645502645502646,5.356833457946777,1274.926362991333,212.0524093313384,1.4881310205389957
9,178,1149,244,1.3707865168539326,4.943203449249268,1201.198438167572,140.2187143946795,1.5082358832619012
10,162,1014,196,1.2098765432098766,5.637533664703369,1099.319064617157,280.7693923767808,1.5640849732523336
11,126,844,193,1.5317460317460319,4.0509772300720215,777.7876281738281,57.45357498213027,1.3295146374776905
12,131,826,176,1.3435114503816794,5.68526554107666,994.9214696884155,294.4960354632734,1.7377339835271626
13,135,898,164,1.2148148148148148,5.602481365203857,913.2044625282288,271.09826732390036,1.4671219926582928
14,236,1472,300,1.271186440677966,5.360936164855957,1602.9199132919312,212.92418531405846,1.5710085664731224
15,202,1331,268,1.3267326732673268,5.710934638977051,1524.8195486068726,302.1533406400767,1.6527795650080261
16,89,515,127,1.4269662921348314,5.624133110046387,708.6407718658447,277.0320241199766,1.9851505385292845
17,172,1193,210,1.2209302325581395,6.422308921813965,1342.2625646591187,615.422437232091,1.6231982779586018
18,173,1266,293,1.69364161849711,5.190765857696533,1515.7036304473877,179.6060529503839,1.727249692815043
19,180,1215,227,1.261111111111111,5.570415019989014,1258.913794517517,262.54303724142284,1.4948384265490777
20,164,1100,237,1.4451219512195121,5.702571392059326,1345.806848526001,299.6368951403069,1.7650807876026053
21,180,1241,225,1.25,6.027091979980469,1350.068603515625,414.50787781528214,1.5694901524189204
22,190,1257,249,1.3105263157894738,6.066697597503662,1504.5410041809082,431.2541525944204,1.726804968612488
23,212,1428,288,1.3584905660377358,5.509157180786133,1581.1281108856201,246.94291110553436,1.5973989387848875
24,167,1072,187,1.1197604790419162,6.471882343292236,1203.770115852356,646.6998931908358,1.620030948237432
25,172,1252,227,1.319767441860465,5.178749084472656,1170.3972930908203,177.46068376631465,1.3486632353130936
26,237,1485,333,1.4050632911392404,5.458954811096191,1812.3729972839355,234.85183151379718,1.760741774695354
27,283,1798,400,1.4134275618374559,4.995356559753418,1993.1472673416138,147.72560900077045,1.5992790202197635
28,218,1360,289,1.3256880733944953,5.407009601593018,1557.218765258789,222.96383905182375,1.6519057281015368
29,255,1621,357,1.4,5.1542582511901855,1834.915937423706,173.1673124616133,1.633080890419065
30,149,958,201,1.348993288590604,5.230224609375,1046.044921875,186.8347636471638,1.5752858260293796
31,107,652,278,2.5981308411214954,2.392087936401367,662.6083583831787,10.936304429447382,1.4661683936978358
32,182,1268,345,1.8956043956043955,4.2366766929626465,1457.4167823791504,69.17757109504204,1.6582081738539036
33,228,1575,420,1.8421052631578947,4.210000514984131,1763.9902157783508,67.35657449767463,1.6158094834794154
34,157,1145,312,1.9872611464968153,4.202414512634277,1306.9509134292603,66.8475405726634,1.646752490384013
35,132,936,254,1.9242424242424243,4.433160305023193,1121.589557170868,84.19708536429475,1.7287518077385255
36,112,844,218,1.9464285714285714,4.136132717132568,897.5407996177673,62.56041420459448,1.5342152376825449
37,91,628,265,2.912087912087912,2.2643420696258545,597.7863063812256,9.624790075764853,1.3732855728145297
38,164,966,220,1.3414634146341464,3.1323442459106445,685.9833898544312,22.927664676435757,1.0244977584629278
39,164,1017,209,1.274390243902439,3.5186269283294678,731.8744010925293,33.73807185497702,1.0382217984363542
40,162,911,211,1.3024691358024691,3.580608367919922,751.9277572631836,35.89537179844004,1.1907820488587875
41,167,974,218,1.3053892215568863,3.725827217102051,808.504506111145,41.50555265084995,1.1975620549311392
42,164,960,215,1.3109756097560976,3.877906322479248,829.8719530105591,48.32293644018306,1.247137657480388
43,200,1129,289,1.445,3.4149863719940186,983.5160751342773,30.416534908021,1.2567880994072622
44,161,934,248,1.5403726708074534,3.1265506744384766,772.2580165863037,22.795215659342322,1.1928616818156395
45,163,1040,260,1.5950920245398772,2.738903284072876,709.3759505748749,15.4700095834808,0.984051121173333
46,250,1538,376,1.504,3.90682315826416,1465.05868434906,49.7406824319554,1.3742736661389454
47,300,1731,428,1.4266666666666667,3.9179797172546387,1672.9773392677307,50.29872441566632,1.3943362858932224
48,202,1253,314,1.5544554455445545,4.220117568969727,1320.8967990875244,68.04148338628806,1.5208709190500214
49,234,1487,374,1.5982905982905984,4.189741134643555,1562.773443222046,66.0057021590392,1.5162108248617456
50,125,872,204,1.632,3.8787319660186768,787.3825891017914,48.36285043555992,1.3026983447012233
51,116,656,264,2.2758620689655173,2.1003408432006836,552.3896417617798,8.168953770460542,1.2148320073294983
52,184,1107,269,1.4619565217391304,3.6198925971984863,970.1312160491943,37.33355787801133,1.2643211331578612
53,179,1091,229,1.2793296089385475,3.9680113792419434,904.7065944671631,52.87926939902445,1.1963480451854434
54,166,938,212,1.2771084337349397,4.116092681884766,868.4955558776855,61.31918002715466,1.3357934237727513
55,175,1013,221,1.262857142857143,3.9932403564453125,878.5128784179688,54.230330564980264,1.2511610790233882
56,176,1045,221,1.2556818181818181,3.937229871749878,866.1905717849731,51.27636228160208,1.1958362128028293
57,226,1294,309,1.3672566371681416,3.8533079624176025,1186.8188524246216,47.14877191588693,1.3231975833280774
58,171,1007,201,1.1754385964912282,4.011934757232666,802.3869514465332,55.2536696519849,1.1495528060833435
59,173,1150,248,1.4335260115606936,3.0673820972442627,757.6433780193329,21.48558182204962,0.9504768210703077
60,161,961,209,1.2981366459627328,3.19132399559021,663.7953910827637,24.32060651169408,0.9965185420187858
61,158,1002,203,1.2848101265822784,3.5411152839660645,715.305287361145,34.50538103714407,1.0299075756462863
62,156,899,198,1.2692307692307692,3.472297191619873,684.042546749115,32.21065155938456,1.0977361401023416
63,160,959,204,1.275,3.8747589588165283,786.5760686397552,48.17108567609533,1.1833048941694595
64,156,928,196,1.2564102564102564,3.868669271469116,754.3905079364777,47.878630210109385,1.1727968154026536
65,185,1075,240,1.2972972972972974,3.3778843879699707,807.314368724823,29.308699639321144,1.0834497080908894
66,155,929,199,1.2838709677419355,3.1871042251586914,631.0466365814209,24.218195363192564,0.9799869248284994
67,151,985,214,1.4172185430463575,3.1315958499908447,667.0299160480499,22.910512124991723,0.9769753827483282
68,156,1089,255,1.6346153846153846,3.948272943496704,1002.8613276481628,51.84574893165498,1.3285794895292256
69,149,1086,321,2.1543624161073827,3.286611557006836,1051.7156982421875,26.752062067508785,1.3971501125958357
70,128,945,216,1.6875,4.3697638511657715,939.4992280006409,79.02496784189626,1.4342972245032106
71,110,861,255,2.3181818181818183,2.7493748664855957,698.3412160873413,15.63285620661407,1.1701433325175092
72,108,784,205,1.8981481481481481,3.90769624710083,797.1700344085693,49.78412943029979,1.466930172686897
73,111,905,204,1.837837837837838,3.476426362991333,705.7145516872406,32.34392983471231,1.1250065016600665
74,195,1311,365,1.8717948717948718,3.575493097305298,1301.4794874191284,35.71222607719049,1.4322181558491889
75,171,1248,299,1.7485380116959064,4.151425838470459,1237.1248998641968,63.524511447888955,1.43012336377751
76,64,405,113,1.765625,4.751486778259277,532.1665191650391,115.75626054195719,1.89568888426307
77,161,1179,293,1.8198757763975155,3.7638421058654785,1099.0418949127197,43.11375578205248,1.3448535127394317
78,125,1023,258,2.064,3.74955415725708,963.6354184150696,42.50212850968398,1.3589756005595133
79,134,984,233,1.7388059701492538,3.925302505493164,910.6701812744141,50.6684032110516,1.3351822707419212
80,114,949,212,1.8596491228070176,4.033351421356201,851.0371499061584,56.44978158185448,1.293769310623701
81,106,822,213,2.009433962264151,3.0253028869628906,641.3642120361328,20.600243311484412,1.1256605451437791
82,85,703,184,2.164705882352941,3.8960113525390625,712.9700775146484,49.20579260977987,1.4631556118529205
83,102,884,181,1.7745098039215685,3.822648763656616,688.0767774581909,45.725163210177456,1.1229467812101708
84,170,1257,313,1.8411764705882352,4.535067558288574,1414.9410781860352,93.22981353831925,1.6239685573978329
85,163,1224,320,1.9631901840490797,4.535167694091797,1446.7184944152832,93.23914964801382,1.7052071874634613
86,67,451,140,2.08955223880597,4.778428554534912,664.2015690803528,118.91733103763507,2.124701352245883
87,135,1139,306,2.2666666666666666,4.613606929779053,1407.150113582611,100.84724334113149,1.7823428363933052
88,224,1438,344,1.5357142857142858,3.644439458847046,1250.0427343845367,38.2613197951477,1.254124098606294
89,276,1679,395,1.431159420289855,3.3967812061309814,1338.3317952156067,29.86780684299997,1.1499729863142225
90,183,1207,269,1.469945355191257,3.61225962638855,968.0855798721313,37.04967672706145,1.1571269803128754
91,239,1501,361,1.5104602510460252,3.753627300262451,1351.3058280944824,42.67559880196064,1.2988156008769247
92,130,873,198,1.523076923076923,3.4776828289031982,685.10351729393,32.384594421489155,1.1321826424920265
93,97,571,236,2.4329896907216493,1.6480834484100342,387.29961037635803,5.197009938667745,0.978555564322591
94,188,1312,325,1.7287234042553192,4.4321441650390625,1436.0147094726562,84.11157279303815,1.5790634908535113
95,227,1539,377,1.6607929515418502,4.597449779510498,1728.6411170959473,99.230931931291,1.6204691144321515
96,158,1151,286,1.8101265822784811,4.6475396156311035,1324.5487904548645,104.32798260607244,1.660225865686106
97,197,1365,345,1.751269035532995,4.486390590667725,1543.3183631896973,88.80034993214998,1.6311631861440647
98,118,882,208,1.7627118644067796,4.903646945953369,1015.0549178123474,134.7804213816082,1.660334122627923
99,96,615,257,2.6770833333333335,2.231565475463867,571.28076171875,9.314436193250474,1.3401364583526996
100,162,1033,214,1.3209876543209877,3.61026668548584,768.9868040084839,36.97591243922793,1.0739723607474279
101,193,1114,247,1.2797927461139897,3.322650671005249,817.3720650672913,27.733766305247567,1.0585445465294006
102,140,898,170,1.2142857142857142,3.761981725692749,635.7749116420746,43.033622368042856,1.0214134879149666
103,120,840,205,1.7083333333333333,2.971451759338379,606.1761589050293,19.520237722906536,1.0411039742350072
104,110,702,162,1.4727272727272727,3.478296995162964,560.0058162212372,32.40449005570727,1.1508797919250073
105,126,930,159,1.2619047619047619,3.550790548324585,561.0249066352844,34.8408499788636,0.8703095167934608
106,199,1265,276,1.3869346733668342,3.8027734756469727,1045.7627058029175,44.82533422342867,1.1926613988999946
107,184,1182,236,1.2826086956521738,4.134287357330322,971.5575289726257,62.44507418565784,1.1858386032040125
108,77,439,110,1.4285714285714286,4.570755481719971,498.2123475074768,96.61707464129063,1.6372858384024733
109,164,1044,191,1.1646341463414633,3.5864646434783936,681.4282822608948,36.10620172348307,0.9416601566468177
110,180,1103,276,1.5333333333333334,4.111114025115967,1130.5563569068909,61.014651576799814,1.4787380322348727
111,168,1116,245,1.4583333333333333,4.646592140197754,1133.768482208252,104.22918121887709,1.4656650240125917
112,159,1015,218,1.371069182389937,4.9033026695251465,1064.0166792869568,134.7340276461336,1.5123660952023992
113,186,1153,240,1.2903225806451613,4.925926685333252,1177.2964777946472,137.8169954746358,1.4730960886126465
114,183,1113,253,1.3825136612021858,4.771475791931152,1202.4118995666504,118.09339470148049,1.5585927085450897
115,215,1314,292,1.3581395348837209,4.69879150390625,1367.3483276367188,109.81438197824203,1.5012683800984108
116,165,1051,228,1.3818181818181818,4.5806965827941895,1039.818124294281,97.58234472007594,1.4273458147914586
117,205,1303,267,1.302439024390244,4.5378594398498535,1207.070611000061,93.4904638187489,1.336481031843898
118,138,955,230,1.6666666666666667,4.461870193481445,1021.768274307251,86.64940881678002,1.5435602327547069
119,156,1074,222,1.4230769230769231,4.122600555419922,911.0947227478027,61.71953882525161,1.2238657712182124
120,131,860,192,1.465648854961832,4.945378303527832,944.5672559738159,140.52400152279017,1.5845610418366516
121,145,1082,238,1.6413793103448275,4.517274379730225,1070.5940279960632,91.58562982470471,1.4274867791083738
122,133,972,225,1.6917293233082706,4.694007873535156,1051.457763671875,109.29032501217536,1.5606305569481622
123,161,1147,258,1.6024844720496894,4.465932846069336,1147.7447414398193,87.00215131168152,1.4436317756596453
124,137,938,205,1.4963503649635037,4.709625720977783,960.7636470794678,111.01060318926334,1.4777067687717937
125,129,1005,218,1.689922480620155,4.136495113372803,897.6194396018982,62.58308997204799,1.2885483722578994
126,230,1355,453,1.9695652173913043,3.766037702560425,1702.249041557312,43.2085201959024,1.8124178971311624
127,267,1510,508,1.902621722846442,3.330584764480591,1688.6064755916595,27.954683830793353,1.613340522085482
128,185,1130,377,2.037837837837838,3.4663021564483643,1303.329610824585,32.018125248016005,1.6639886426374968
129,229,1354,459,2.004366812227074,3.4854719638824463,1596.3461594581604,32.637827351105976,1.7009163129929323
130,130,811,269,2.0692307692307694,3.2437820434570312,869.3335876464844,25.630474238354772,1.5464651735829766
131,91,547,266,2.923076923076923,2.1587820053100586,572.0772314071655,8.660582688093495,1.5088354383118934
132,308,1973,533,1.7305194805194806,1.8694818019866943,994.5643186569214,6.484935047980866,0.7272443032800057
133,186,1094,307,1.6505376344086022,2.848987340927124,871.7901263237,17.270284072568945,1.149659316218615
134,225,1567,391,1.7377777777777779,2.3366191387176514,911.281464099884,10.346198305092914,0.8389925010280387
135,311,2053,516,1.6591639871382637,2.211042642593384,1138.6869609355927,9.125225783807348,0.8001841362234313
136,179,1229,318,1.776536312849162,2.982835054397583,945.5587122440338,19.743711871485797,1.109969784396926
137,320,1968,539,1.684375,2.112588882446289,1136.5728187561035,8.269622676714452,0.8331951063153563
138,283,1863,495,1.7491166077738516,1.9331437349319458,954.9730050563812,6.911203116049358,0.7395248623605326
139,333,2045,593,1.7807807807807807,2.1953508853912354,1299.6477241516113,8.98315256087952,0.9168681303355293
140,312,1957,553,1.7724358974358974,1.8932057619094849,1045.0495805740356,6.640622850727136,0.7704076890021729
141,201,1240,355,1.7661691542288558,2.6203460693359375,927.6025085449219,13.740477920435024,1.0792318862854204
142,179,1105,289,1.6145251396648044,3.29551100730896,949.1071701049805,26.991203248551848,1.2391603688530437
143,96,630,166,1.7291666666666667,3.594710350036621,593.1272077560425,36.4051537091495,1.35825663689835
144,317,1721,566,1.7854889589905363,3.0498743057250977,1723.1789827346802,21.11269051142832,1.4445216577312097
145,311,1749,564,1.8135048231511255,3.235368251800537,1821.5123257637024,25.415729443883773,1.5025081756989225
146,329,1820,553,1.6808510638297873,3.2579236030578613,1798.3738288879395,25.995504079707974,1.4255522003302898
147,102,494,154,1.5098039215686274,4.014854907989502,614.2728009223938,55.41525450848434,1.7939439749872692
148,310,1849,593,1.9129032258064516,2.781959295272827,1646.9199028015137,16.150633828944628,1.2850206471136167
149,302,1821,579,1.9172185430463575,2.9603774547576904,1711.098168849945,19.305257241639854,1.3556248449610115
150,304,1782,571,1.8782894736842106,2.905127763748169,1655.9228253364563,18.267577437282796,1.3406238205430676
151,156,1212,496,3.1794871794871793,4.844567775726318,2398.0610489845276,127.04835674086347,2.854513847457891
152,168,1101,487,2.8988095238095237,4.8698930740356445,2366.7680339813232,130.3069829517075,3.1012938288459373
153,158,1134,493,3.1202531645569622,4.114528656005859,2024.3480987548828,61.22335020241653,2.5754117840446837
154,123,865,369,3.0,3.82975435256958,1409.3496017456055,46.05122447971287,2.3505915390950527
155,129,910,381,2.953488372093023,4.866997241973877,1849.4589519500732,129.9301816525616,2.9320936904462314
156,149,1145,456,3.0604026845637584,3.9800162315368652,1810.9073853492737,53.51790289825505,2.281735462316678
157,209,1266,514,2.45933014354067,4.251059532165527,2180.7935400009155,70.17973065041085,2.485165896810433
158,199,1271,514,2.5829145728643215,4.434349536895752,2274.8213124275208,84.2972747842043,2.582119139533995
159,85,486,207,2.4352941176470586,4.353445053100586,896.8096809387207,77.7458406449661,2.662186994468119
160,179,1242,512,2.8603351955307263,4.397347450256348,2247.0445470809937,81.23510247595652,2.610144947447936
161,317,1779,608,1.9179810725552051,2.9131503105163574,1768.282238483429,18.414719368943267,1.4340033818730065
162,312,1641,582,1.8653846153846154,2.6458871364593506,1537.2604262828827,14.095944564283874,1.3514917693803588
163,326,1795,634,1.9447852760736197,2.5919642448425293,1640.713366985321,13.355980270012108,1.3186902719052682
164,338,1760,620,1.834319526627219,2.867405891418457,1774.924246788025,17.591325151560515,1.4549286413606037
165,213,1095,368,1.727699530516432,2.7764499187469482,1018.95712018013,16.06189856847992,1.342506286906277
166,296,1566,524,1.7702702702702702,3.116997003555298,1630.1894328594208,22.57847465586981,1.5018302749015824
167,326,1755,593,1.8190184049079754,3.097468137741089,1833.7011375427246,22.14182021441695,1.5073911895187122
168,310,1571,527,1.7,2.9516494274139404,1552.5675988197327,19.137493616307836,1.4257680302114029
169,336,1879,628,1.869047619047619,2.82769775390625,1772.9664916992188,16.90649307743455,1.3612825786252083
170,257,1736,463,1.801556420233463,2.9867804050445557,1379.8925471305847,19.821761603429685,1.1467535338162067
171,261,1525,388,1.4865900383141764,3.4845690727233887,1348.5282311439514,32.608372244718396,1.2757475354558323
172,262,1640,361,1.3778625954198473,3.061876058578491,1102.2753810882568,21.367606464271056,0.9696629426768418
173,284,1582,447,1.573943661971831,3.146090269088745,1403.1562600135803,23.24500497317988,1.2795996067723752
174,263,1517,433,1.6463878326996197,3.8612399101257324,1668.0556411743164,47.5242406397943,1.5863517478240252
175,265,1434,390,1.471698113207547,3.921809196472168,1525.5837774276733,50.49171161988329,1.5348341353943908
176,269,1419,395,1.4684014869888475,3.8192718029022217,1504.7930903434753,45.57101155706348,1.5299207392547638
177,264,1453,420,1.5909090909090908,3.9263434410095215,1645.1379017829895,50.721173211830205,1.6334702632352331
178,217,1294,349,1.608294930875576,4.026041507720947,1401.0624446868896,56.03864307799813,1.5620601552747628
179,217,1416,625,2.880184331797235,4.774945259094238,2979.5658416748047,118.50382743631764,3.035737898154231
180,260,1619,744,2.8615384615384616,4.012179374694824,2981.0492753982544,55.267187317691224,2.656420633886782
181,176,1219,562,3.1931818181818183,4.506120681762695,2527.933702468872,90.56978710421988,2.9918272487677755
182,214,1380,612,2.8598130841121496,4.432223796844482,2708.0887398719788,84.11827101612862,2.831120431377207
183,121,826,367,3.0330578512396693,4.71109676361084,1724.2614154815674,111.17402468980342,3.0116021710792276
184,83,570,329,3.963855421686747,3.570716619491577,1171.1950511932373,35.54205415639188,2.964346126789788
185,244,1421,436,1.7868852459016393,3.3528058528900146,1458.4705460071564,28.582820424655434,1.480737666437117
186,283,1583,498,1.7597173144876326,2.9886982440948486,1485.3830273151398,19.859813028469674,1.3537300867518558
187,199,1221,398,2.0,2.775222063064575,1101.7631590366364,16.0421889777956,1.3018085550993561
188,240,1434,452,1.8833333333333333,3.197409152984619,1442.0315279960632,24.46905243056723,1.4507752679535948
189,142,854,255,1.795774647887324,2.758805513381958,700.7366003990173,15.780981514399329,1.183781286141749
190,93,570,261,2.806451612903226,1.7851473093032837,464.13830041885376,5.960457913817239,1.1747544285980915
191,224,1790,779,3.4776785714285716,4.186279773712158,3256.925663948059,65.7776275523169,2.6250002815205917
192,221,1584,699,3.16289592760181,4.744930267333984,3311.961326599121,114.9997859818336,3.016508952967541
193,212,1610,714,3.3679245283018866,4.112736701965332,2932.3812685012817,61.11373901108632,2.6276595739518553
194,244,1631,708,2.901639344262295,4.566982269287109,3228.8564643859863,96.253204804828,2.8560730894616397
195,228,1575,692,3.0350877192982457,4.217331886291504,2914.176333427429,67.85220516155465,2.669376345721736
196,231,1408,620,2.683982683982684,4.461841583251953,2761.879940032959,86.6469297927713,2.8299364296990466
197,221,1437,641,2.9004524886877827,4.279323577880859,2738.76708984375,72.19159149877633,2.749621223846539
198,242,1484,633,2.615702479338843,4.755388259887695,3005.4053802490234,116.20876360805222,2.92175433823873
199,206,1383,618,3.0,4.369681358337402,2696.0933980941772,79.0184491176649,2.812466070284847
200,233,1373,385,1.6523605150214593,4.083388805389404,1568.0213012695312,59.34624233416753,1.6476158451200378
201,272,1501,420,1.5441176470588236,3.8945212364196777,1631.804398059845,49.13252486732422,1.5684184628792395
202,195,1155,345,1.7692307692307692,3.82932448387146,1317.2876224517822,46.03143275402539,1.6454063379529
203,230,1375,414,1.8,3.881448268890381,1603.0381350517273,48.49439716457812,1.6819601220327414
204,131,821,221,1.6870229007633588,3.844727039337158,845.8399486541748,46.74592281121655,1.486344822544645
205,96,578,250,2.6041666666666665,2.720322370529175,677.3602702617645,15.185216722344292,1.6906994858163593
206,454,1834,803,1.7687224669603525,3.7003870010375977,2967.7103748321533,40.46296053810594,2.334515289293934
207,323,1333,577,1.7863777089783281,3.919236183166504,2257.4800415039062,50.36196276840261,2.443252258652286
208,487,2119,870,1.786447638603696,3.438281536102295,2987.8666548728943,31.133410529637626,2.0342521971791507
209,463,2041,813,1.755939524838013,3.52764630317688,2864.4487981796265,34.04374458796446,2.0247555492474762
210,494,2220,963,1.9493927125506072,3.302093267440796,3176.6137232780457,27.16945236706806,2.064362551978857
211,137,579,241,1.7591240875912408,3.8646957874298096,927.5269889831543,47.68876270470818,2.3111201853137633
212,500,2390,1162,2.324,2.1587438583374023,2506.301619529724,8.660252319383828,1.512899128647494
213,414,1844,770,1.8599033816425121,3.027071237564087,2327.817781686783,20.63670399226121,1.821220807881057
214,419,1767,721,1.720763723150358,3.3120765686035156,2384.6951293945312,27.442051648761176,1.9470219791791485
215,454,1883,826,1.8193832599118942,3.487494707107544,2877.1831333637238,32.70391210897837,2.204406711754229
216,406,1759,738,1.8177339901477831,3.0581231117248535,2253.836733341217,21.287565261956136,1.8485497886098665
217,433,1883,839,1.9376443418013858,2.9192047119140625,2446.2935485839844,18.526547656703954,1.874272740892607
218,348,2029,712,2.045977011494253,2.726067066192627,1938.2336840629578,15.272702219178738,1.3781567886060007
219,347,1899,691,1.9913544668587897,2.5488016605377197,1758.6731457710266,12.79176571674306,1.3360869014999754
220,362,2125,804,2.2209944751381214,2.41438364982605,1938.750070810318,11.182875665636914,1.3162471118499635
221,381,1971,710,1.863517060367454,2.7300994396209717,1935.640502691269,15.33441179219099,1.4168132694959483
222,215,1202,442,2.055813953488372,2.5524001121520996,1125.608449459076,12.837879185520622,1.3510064292989388
223,315,1793,641,2.034920634920635,2.798854351043701,1791.2667846679688,16.425817766461236,1.4413004501670927
224,349,1972,714,2.0458452722063036,2.795473098754883,1993.1723194122314,16.370371723897428,1.458184493333255
225,341,1859,697,2.0439882697947214,2.459164619445801,1711.5785751342773,11.695037651056563,1.3282872094879077
226,381,2167,754,1.979002624671916,2.5841517448425293,1945.8662638664246,13.252043206955904,1.2954737467066109
227,153,1098,367,2.3986928104575163,2.3531813621520996,861.2643785476685,10.518981238275343,1.1316410271630566
228,183,1097,392,2.1420765027322406,2.8945860862731934,1131.7831597328186,18.07601798064286,1.4884393362882216
229,166,1075,357,2.1506024096385543,2.2628822326660156,805.5860748291016,9.610749702303098,1.081130265269907
230,133,891,324,2.43609022556391,2.165208578109741,699.3623707294464,8.716419781623014,1.1323980067740977
231,124,832,276,2.225806451612903,2.562973737716675,704.8177778720856,12.974342296594847,1.222159991426006
232,163,1159,355,2.1779141104294477,1.6870882511138916,597.2292408943176,5.403723489884566,0.7434164487593721
233,218,1282,440,2.018348623853211,2.6088924407958984,1145.3037815093994,13.583997435706546,1.2888643415717531
234,210,1330,436,2.0761904761904764,2.680250644683838,1165.9090304374695,14.58874943015485,1.2647001325863134
235,98,507,187,1.9081632653061225,2.960642099380493,550.6794304847717,19.310366950259308,1.5669871469032326
236,190,1198,394,2.0736842105263156,2.296534538269043,902.5380735397339,9.93967713019339,1.0868841426621474
237,323,1972,559,1.7306501547987616,2.5178022384643555,1404.9336490631104,12.40131156593994,1.0278350954773756
238,231,1293,410,1.774891774891775,2.9799766540527344,1218.8104515075684,19.68735701939845,1.3599163141327204
239,334,2165,589,1.7634730538922156,2.242764711380005,1318.7456502914429,9.41933707002598,0.8787749699165617
240,316,1981,568,1.7974683544303798,3.063051700592041,1736.7503142356873,21.392741892397076,1.264816287536686
241,306,2064,645,2.107843137254902,2.27420973777771,1464.5910711288452,9.720234442475405,1.0237200945968217
242,85,538,153,1.8,2.721243143081665,413.6289577484131,15.199205292263139,1.1091829853377437
243,313,1841,547,1.7476038338658146,3.4728047847747803,1896.15141248703,32.227005615883634,1.4859143072078445
244,323,1720,501,1.5510835913312693,3.189716100692749,1594.8580503463745,24.28153295408588,1.3377289535793926
245,312,1772,512,1.641025641025641,2.591526508331299,1324.2700457572937,13.350135149209377,1.0781703317222622
246,313,1774,515,1.645367412140575,3.4472570419311523,1771.8901195526123,31.41410644684328,1.440979193054513
247,312,1807,511,1.6378205128205128,2.6602697372436523,1356.7375659942627,14.300145860426293,1.0832089420297097
248,317,1755,543,1.7129337539432177,2.8606650829315186,1550.480474948883,17.473144162885,1.2745700810278737
249,261,1938,876,3.3563218390804597,4.151325702667236,3632.409989833832,63.51815068838599,2.7040556650200203
250,162,1217,572,3.5308641975308643,4.289310932159424,2449.196542263031,72.91620697153935,2.903404852658399
251,192,1563,721,3.7552083333333335,4.284402847290039,3084.770050048828,72.55920485437476,2.8473336234729647
252,262,2126,967,3.6908396946564888,3.944087266921997,3809.988299846649,51.629192927719664,2.5854427215586706
253,132,1165,556,4.212121212121212,4.258445739746094,2363.437385559082,70.70001179584115,2.926797764461515
254,232,1886,853,3.6767241379310347,3.9485695362091064,3364.1812448501587,51.86112828354626,2.5734292675487715
255,218,1682,738,3.385321100917431,3.8249096870422363,2818.958439350128,45.828661257480185,2.417893793651915
256,252,1953,903,3.5833333333333335,4.120593070983887,3716.774950027466,61.595762093160545,2.745608186638479
257,257,1980,934,3.6342412451361867,3.7493014335632324,3498.098237514496,42.49138857194615,2.5488328180831243
258,164,1361,613,3.7378048780487805,4.680925369262695,2864.7263259887695,107.86984584043499,3.036683662019146
259,152,1145,526,3.460526315789474,4.527336120605469,2376.851463317871,92.51179228965725,2.9948225493959555
260,90,666,299,3.3222222222222224,5.073949337005615,1512.0369024276733,159.80420338229783,3.2753875987590297
261,274,1931,887,3.2372262773722627,3.7886717319488525,3356.7631545066833,44.19765493685356,2.5079158759428197
262,273,1841,812,2.9743589743589745,3.8814103603363037,3147.8238022327423,48.492558846944966,2.466784241756338
263,268,1897,870,3.246268656716418,4.0457940101623535,3515.794994831085,57.156550903940534,2.673811282986318
264,82,546,252,3.073170731707317,4.852971076965332,1218.0957403182983,128.1204807358888,3.2185726811083875
265,262,1885,830,3.16793893129771,3.779452323913574,3133.165976524353,43.792051307405124,2.3979856852062125
266,264,1885,815,3.087121212121212,3.5245442390441895,2868.97901058197,33.938302337800955,2.195788748531105
267,259,1901,865,3.33976833976834,3.643577814102173,3148.0512313842773,38.22836632914351,2.389099368744078
268,251,1529,669,2.6653386454183265,4.063107967376709,2714.1561222076416,58.15477363708733,2.5609545962769023
269,290,1510,672,2.317241379310345,4.0624613761901855,2725.9115834236145,58.11718342705822,2.6044100154351195
270,214,1246,560,2.616822429906542,3.9884979724884033,2229.5703666210175,53.97375837810569,2.5815329945723358
271,309,1451,638,2.0647249190938513,3.9058966636657715,2488.0561747550964,49.69461930027838,2.473815509836211
272,335,1516,646,1.9283582089552238,3.632129669189453,2342.7236366271973,37.793218024590615,2.2294431218571344
273,322,1384,597,1.8540372670807452,3.6849634647369385,2196.2382249832153,39.84366672442379,2.2893800547644974
274,309,1340,602,1.948220064724919,3.304356336593628,1985.9181582927704,27.231008343063053,2.138115133268898
275,345,1480,645,1.8695652173913044,3.559583902359009,2292.3720331192017,35.14856886533224,2.2345903811173127
276,267,1135,493,1.8464419475655431,3.6999285221099854,1820.3648328781128,40.44441337541692,2.313860191191119
277,255,1692,871,3.4156862745098038,3.414806365966797,2970.8815383911133,30.411060241161657,2.533141880913377
278,286,1835,963,3.367132867132867,2.901536226272583,2791.277849674225,18.20208642543844,2.1945300879935767
279,223,1372,698,3.1300448430493275,3.2438485622406006,2260.9624478816986,25.632179203028873,2.3774630548069227
280,259,1554,743,2.8687258687258685,3.448819398880005,2559.0239939689636,31.463224854594,2.3757343794175627
281,138,912,450,3.260869565217391,3.511154890060425,1576.5085456371307,33.4869191707022,2.4938827420063165
282,93,638,326,3.5053763440860215,3.6869890689849854,1198.2714474201202,39.924456020945975,2.709624255222332
283,332,1914,578,1.7409638554216869,2.798752546310425,1614.880219221115,16.424145625582046,1.2172307648380276
284,234,1247,409,1.7478632478632479,3.261096715927124,1330.5274600982666,26.078121756532383,1.5393306884124758
285,335,2079,640,1.9104477611940298,2.2087316513061523,1411.3795251846313,9.104161815225543,0.9794084857124039
286,335,1910,573,1.7104477611940299,3.2053563594818115,1833.4638376235962,24.664287803378514,1.3848843906747694
287,310,1991,661,2.132258064516129,2.577650308609009,1701.2492036819458,13.166165360249146,1.2327392212296542
288,88,508,145,1.6477272727272727,3.440581798553467,495.4437789916992,31.20510797471241,1.4070359901390002
289,316,1815,660,2.088607594936709,2.6846978664398193,1769.215893983841,14.653773314661136,1.406302477417312
290,306,1598,506,1.65359477124183,3.093092203140259,1562.0115625858307,22.045140743012013,1.4102042147395486
291,309,1648,521,1.686084142394822,2.6422955989837646,1373.9937114715576,14.045409255177544,1.202823976791649
292,315,1703,519,1.6476190476190475,3.407026767730713,1764.8398656845093,30.17539230009437,1.495082631935517
293,311,1703,519,1.6688102893890675,2.7863283157348633,1443.3180675506592,16.22135064774346,1.222705706682782
294,310,1671,532,1.7161290322580645,3.007627248764038,1597.0500690937042,20.239320035360205,1.3788487221620966
295,278,1890,601,2.161870503597122,2.1497273445129395,1289.8364067077637,8.582518007504808,0.9845717394261009
296,255,1737,593,2.3254901960784315,2.3822004795074463,1410.2626838684082,10.828705009725931,1.1713177779894717
297,284,1769,619,2.1795774647887325,2.084451913833618,1288.191282749176,8.04018356046305,1.0505750001914238
298,270,1790,605,2.240740740740741,2.8767149448394775,1737.5358266830444,17.755848326546488,1.4004102349287897
299,298,1997,652,2.1879194630872485,2.553180694580078,1662.1206321716309,12.847904120560393,1.200767748319099
300,283,1562,552,1.9505300353356891,3.0944583415985107,1705.0465462207794,22.07527803877081,1.574815746938267
301,292,1675,594,2.0342465753424657,2.930727005004883,1737.9211139678955,18.741250528089207,1.4968896552702722
302,264,1594,536,2.0303030303030303,2.635563373565674,1410.0264048576355,13.951169969970529,1.2761845055273555
303,332,1825,633,1.9066265060240963,2.651003360748291,1675.43412399292,14.168247379233252,1.324460549052455
304,145,1074,480,3.310344827586207,4.428760051727295,2121.3760647773743,83.82741078927583,2.8496263766432612
305,144,1028,475,3.298611111111111,4.408568859100342,2089.661639213562,82.15180852069874,2.932630821040183
306,127,910,426,3.354330708661417,4.844618797302246,2058.9629888534546,127.05483911361245,3.2642370257063704
307,157,1162,545,3.4713375796178343,4.932155132293701,2683.0923919677734,138.6780600851818,3.3312255491728173
308,126,988,465,3.6904761904761907,4.872188091278076,2260.6952743530273,130.6063831572937,3.3011071470346427
309,212,1463,706,3.330188679245283,4.260478973388672,3003.6376762390137,70.84390767575456,2.961950225657741
310,251,1693,832,3.314741035856574,3.3235483169555664,2761.8686513900757,27.758672585096754,2.353534676283019
311,133,943,397,2.9849624060150375,4.641550540924072,1838.0540142059326,103.70502186549952,2.81203755162349
312,160,1069,469,2.93125,4.41639518737793,2066.872947692871,82.79727807644058,2.7893988323517855
313,161,1128,505,3.1366459627329193,4.606667995452881,2321.760669708252,100.1498931741635,2.969496989644622
314,130,889,394,3.0307692307692307,4.769262313842773,1874.32008934021,117.83228664501524,3.0417011225305735
315,154,1080,475,3.0844155844155843,4.644612789154053,2201.546462059021,104.02307912173734,2.9408890399066596
316,136,1024,454,3.338235294117647,4.664580345153809,2113.0548963546753,106.12104166675113,2.9770447461885086
317,175,1214,526,3.005714285714286,4.60550594329834,2417.8906202316284,100.03358136830431,2.8733762827183775
318,153,1029,432,2.823529411764706,4.288795471191406,1848.470848083496,72.87863119816387,2.5916226683750017
319,123,1041,463,3.7642276422764227,4.193844318389893,1937.5560750961304,66.2770920839055,2.6852089730888293
320,175,1029,302,1.7257142857142858,2.772240161895752,834.4442887306213,15.99442400633712,1.1699209302719007
321,177,1036,293,1.655367231638418,2.7834079265594482,812.7551145553589,16.17404709690979,1.1318125224190712
322,160,933,263,1.64375,2.777256727218628,727.6412625312805,16.074862673387823,1.1251494544480845
323,185,1061,304,1.6432432432432433,2.948406934738159,893.3673012256622,19.07554092827237,1.2147564327715548
324,169,978,268,1.5857988165680474,3.4222192764282227,913.7325468063354,30.637332339006928,1.3478910163357287
325,215,1248,374,1.7395348837209301,2.8690688610076904,1070.1626851558685,17.620603327933022,1.2371141016176193
326,172,1015,272,1.5813953488372092,2.87705397605896,779.6816275119781,17.761869134020763,1.1082195246145485
327,175,1129,305,1.7428571428571429,2.556325912475586,777.1230773925781,12.88837719347212,0.9930483701635452
328,173,985,249,1.439306358381503,3.617826461791992,897.2209625244141,37.256501324278474,1.3141281555488271
329,168,1004,266,1.5833333333333333,3.8486392498016357,1019.8894011974335,46.92916089888146,1.4655272722736572
330,153,892,226,1.477124183006536,3.9294204711914062,884.1196060180664,50.87748415607941,1.4299495192320275
331,176,999,262,1.4886363636363635,4.070292949676514,1062.34645986557,58.57411934805167,1.5341761454995038
332,163,920,224,1.3742331288343559,4.193441390991211,935.13743019104,66.25039260693657,1.4664327533546333
333,205,1132,298,1.4536585365853658,4.003098964691162,1188.9203925132751,54.7676102122368,1.5152381221648958
334,163,942,223,1.3680981595092025,3.773175001144409,837.6448502540588,43.51801547217831,1.282872687354256
335,162,1002,225,1.3888888888888888,3.961036205291748,887.2721099853516,52.51171067984518,1.2775080568811914
336,319,1995,685,2.147335423197492,2.639530658721924,1805.438970565796,14.006628176023883,1.3056129571242852
337,230,1344,474,2.0608695652173914,3.11592698097229,1473.8334619998932,22.554328099082575,1.5820626686930495
338,318,2243,751,2.361635220125786,2.1268112659454346,1595.108449459076,8.38807677492488,1.0259719347814056
339,308,2019,679,2.2045454545454546,3.0425100326538086,2062.821802139282,20.957781987656915,1.4740083131173736
340,296,2149,781,2.6385135135135136,2.3127388954162598,1803.9363384246826,10.102055271934976,1.2110423497090204
341,84,565,172,2.0476190476190474,3.170048952102661,542.078370809555,23.808649811372494,1.3841659775931217
342,312,1930,692,2.217948717948718,2.736205816268921,1890.7182190418243,15.428335962597046,1.4133315017254162
343,298,1728,596,2.0,2.8275606632232666,1682.3985946178436,16.904175513613545,1.40462274841072
344,298,1812,624,2.0939597315436242,2.466972827911377,1536.9240717887878,11.786712384996385,1.223682525713332
345,300,1813,605,2.0166666666666666,3.1594767570495605,1908.3239612579346,23.558266006964303,1.5185490983543324
346,303,1825,626,2.066006600660066,2.5434694290161133,1589.6683931350708,12.723738589749468,1.2566612095528185
347,309,1821,612,1.9805825242718447,2.77447509765625,1695.2042846679688,16.030210491869642,1.3430328472181225
348,277,1831,784,2.8303249097472922,4.5569586753845215,3568.0986428260803,95.29322104934612,2.811402631025574
349,278,1730,750,2.697841726618705,4.577639102935791,3428.6516880989075,97.2844443108784,2.859247853962929
350,272,1781,832,3.0588235294117645,4.3941826820373535,3651.5658087730408,80.97841859211312,2.9579426635578683
351,260,1650,779,2.996153846153846,4.505605697631836,3505.3612327575684,90.52315710901023,3.064949858802283
352,171,1074,472,2.760233918128655,4.841122150421143,2280.168532848358,126.61134902268068,3.0629309448150743
353,252,1656,732,2.9047619047619047,4.212642192840576,3079.441442966461,67.53474409874359,2.682786774441828
354,279,1823,801,2.870967741935484,4.185479640960693,3348.3837127685547,65.72501776841099,2.6498609859597195
355,264,1604,717,2.715909090909091,4.420090198516846,3164.7845821380615,83.10378085807487,2.846520587364359
356,284,1844,792,2.788732394366197,4.230653762817383,3346.44712638855,68.76217163342842,2.61816847822011
357,230,1806,748,3.252173913043478,4.171722888946533,3116.2769980430603,64.82704574863023,2.4893894635177567
358,224,1799,764,3.4107142857142856,4.089164733886719,3120.0326919555664,59.690013830542306,2.502087655417309
359,260,1838,787,3.026923076923077,4.2613325119018555,3349.4073543548584,70.90440149260887,2.6290388357153307
360,244,1771,756,3.098360655737705,4.417258262634277,3335.0299882888794,82.86876920511558,2.716787817798049
361,255,1838,796,3.1215686274509804,4.6273512840271,3678.744270801544,102.24289275792151,2.8875441328531415
362,267,1728,800,2.9962546816479403,3.574859857559204,2856.313026189804,35.689618834874565,2.384715647054733
363,242,1593,717,2.9628099173553717,4.357840538024902,3120.21382522583,78.08832345305389,2.825811055973941
364,224,1554,699,3.1205357142857144,3.861626386642456,2695.4152178764343,47.54261119244164,2.5023566074433568
365,273,1805,835,3.0586080586080584,3.754760503768921,3131.47026014328,42.72398635145603,2.502912252077553
366,259,1946,808,3.1196911196911197,4.0181708335876465,3242.6638627052307,55.599312361861955,2.40399541315246
367,160,1184,518,3.2375,4.647834777832031,2402.93058013916,104.3587808280487,2.9279527293641947
368,193,1587,656,3.3989637305699483,4.295955657958984,2813.8509559631348,73.40232845657881,2.55798917452343
369,255,2066,828,3.2470588235294118,4.014293670654297,3319.8208656311035,55.384162124633754,2.3182425457336393
370,147,1195,525,3.5714285714285716,4.345180511474609,2276.8745880126953,77.10595473274235,2.7488164659849517
371,258,1974,798,3.0930232558139537,4.138882637023926,3298.689461708069,62.732687091785394,2.4108424153185997
372,220,1789,714,3.2454545454545456,3.9804956912994385,2838.0934278964996,53.54356873164759,2.2887106282872214
373,269,2010,869,3.2304832713754648,4.350283622741699,3776.046184539795,77.50044069588881,2.7102901017926637
374,239,1949,850,3.5564853556485354,3.8915727138519287,3303.9452340602875,48.987869873000015,2.4456569546164713
375,171,1216,498,2.912280701754386,4.59281587600708,2282.629490375519,98.77216912038539,2.7081728996313017
376,151,1172,510,3.377483443708609,4.5765299797058105,2329.4537596702576,97.1766036891019,2.8674841186488327
377,88,604,253,2.875,5.474430084228516,1379.556381225586,238.5144950156334,3.295164155332578
378,288,1814,774,2.6875,4.345964431762695,3359.4305057525635,77.1664233531821,2.671793677431271
379,283,1799,766,2.706713780918728,4.187001705169678,3203.0563044548035,65.82513163613095,2.568667841092315
380,260,1729,763,2.9346153846153844,4.322056770324707,3293.4072589874268,75.34343317592257,2.7480522383856996
381,89,517,229,2.5730337078651684,5.018109321594238,1144.1289253234863,151.12530416344,3.1927062412027327
382,269,1811,757,2.8141263940520447,4.251910209655762,3214.444118499756,70.23945636760574,2.5607192650327404
383,270,1895,757,2.803703703703704,4.018680095672607,3038.122152328491,55.627634194603445,2.3129729618887698
384,272,1824,768,2.823529411764706,4.182561874389648,3208.0249576568604,65.53352700720833,2.537391281501962
385,281,1792,438,1.5587188612099645,2.7254319190979004,1191.0137486457825,15.263004886677887,0.9588558196438867
386,260,1609,460,1.7692307692307692,2.9875428676605225,1371.2821762561798,19.83688071878257,1.2295475421654545
387,273,1617,435,1.5934065934065933,2.9217123985290527,1268.023180961609,18.573064733032634,1.1313362739057278
388,274,1723,450,1.6423357664233578,3.8177003860473633,1714.147473335266,45.499456737359125,1.4352826808665904
389,286,1824,443,1.548951048951049,3.3929941654205322,1499.7034211158752,29.754910149667854,1.186192263403556
390,277,1435,417,1.5054151624548737,3.8828797340393066,1615.2779693603516,48.56386491250529,1.6239397324413758
391,278,1561,453,1.629496402877698,3.685567855834961,1665.8766708374023,39.86775516058953,1.5396233259127077
392,262,1455,398,1.5190839694656488,3.7405319213867188,1484.9911727905273,42.12038894296993,1.4724325778342129
393,319,1749,484,1.5172413793103448,3.6191844940185547,1748.066110610962,37.307131224462665,1.4419247049310995
394,286,1871,486,1.6993006993006994,2.4091269969940186,1168.426593542099,11.12424540506935,0.9009531010935173
395,170,1036,280,1.6470588235294117,3.5466318130493164,989.5102758407593,34.69625697743951,1.3779551813360364
396,217,1502,363,1.672811059907834,2.804530620574951,1015.2400846481323,16.519320256989573,0.9751543511541625
397,297,2002,504,1.696969696969697,2.66882586479187,1342.4194099903107,14.423024666098629,0.9673835292637909
398,171,1208,306,1.7894736842105263,3.4707460403442383,1058.5775423049927,32.160726696646684,1.2642421942713906
399,297,1855,481,1.6195286195286196,2.790788173675537,1339.5783233642578,16.29385713136515,1.0418345035040255
400,260,1787,459,1.7653846153846153,2.3874964714050293,1093.4733839035034,10.886205871371077,0.8827916218811741
401,308,1921,487,1.5811688311688312,3.005009412765503,1460.4345746040344,20.186406105000174,1.096804642542438
402,301,1904,531,1.7641196013289036,2.3053295612335205,1221.8246674537659,10.027482377400696,0.9257985234093251
403,199,1209,340,1.7085427135678393,3.097939968109131,1050.2016491889954,22.152269862634657,1.2532015808257855
404,172,1053,272,1.5813953488372092,3.8765530586242676,1050.5458788871765,48.25758698443324,1.439332696768155
405,88,600,138,1.5681818181818181,4.645700931549072,636.4610276222229,104.13633265099861,1.5303652804494576
406,308,1642,499,1.62012987012987,3.849600315093994,1917.100956916809,46.97428456654311,1.684404411344316
407,303,1659,499,1.646864686468647,4.029452800750732,2006.6674947738647,56.23013374021261,1.7450326964577063
408,303,1689,461,1.5214521452145215,4.203529357910156,1933.6235046386719,66.92210679465205,1.6516453766066013
409,97,461,137,1.4123711340206186,4.914149761199951,668.3243675231934,136.20345509521758,2.091514643668035
410,302,1775,523,1.7317880794701987,3.51808500289917,1836.4403715133667,33.71979328912677,1.4926329109130252
411,295,1780,528,1.7898305084745763,3.5501911640167236,1870.9507434368134,34.81997317735235,1.5164108760133765
412,301,1732,500,1.6611295681063123,3.571207284927368,1782.0324351787567,35.55949769300371,1.4843702984617064
413,152,1022,311,2.0460526315789473,3.113938808441162,965.3210306167603,22.50953075068307,1.3626847981767352
414,169,971,332,1.9644970414201184,2.9065310955047607,962.0617926120758,18.2932309047693,1.429414806622233
415,156,955,282,1.8076923076923077,3.0476648807525635,856.3938314914703,21.066095099263457,1.2937331243357517
416,129,831,277,2.147286821705426,2.771075963973999,764.8169660568237,15.975814166019934,1.3277949989385345
417,123,767,249,2.024390243902439,2.967942953109741,736.0498523712158,19.451865014641022,1.384479102820087
418,159,1054,287,1.8050314465408805,2.6862852573394775,768.2775835990906,14.677053053200659,1.0516036621295672
419,193,1214,402,2.082901554404145,3.125519037246704,1253.3331339359283,22.771711393095867,1.4894378063518836
420,197,1250,400,2.030456852791878,3.09071946144104,1233.197065114975,21.992895325257955,1.4233018322241588
421,88,436,145,1.6477272727272727,3.666125774383545,527.9221115112305,39.100129319249845,1.7468592024148681
422,174,1155,355,2.0402298850574714,2.8966922760009766,1025.4290657043457,18.114129625121254,1.2808497211039505
423,177,972,290,1.6384180790960452,3.1447393894195557,908.8296835422516,23.21362496862854,1.348934236069025
424,181,992,291,1.6077348066298343,3.2229011058807373,934.6413207054138,25.100834833432373,1.3592766112818666
425,158,875,275,1.740506329113924,2.5949058532714844,711.0042037963867,13.395326175903671,1.1722997015637178
426,183,1023,307,1.6775956284153006,3.073026418685913,940.3460841178894,21.607196244791552,1.3261316053531134
427,180,943,289,1.6055555555555556,3.163363218307495,911.0486068725586,23.65000244469006,1.3938126268757571
428,214,1127,370,1.7289719626168225,2.925905704498291,1079.6592049598694,18.651110797396235,1.3820931507060554
429,177,947,265,1.497175141242938,3.309638738632202,873.7446269989014,27.37523407081604,1.3310950795931278
430,176,1022,313,1.7784090909090908,2.6678760051727295,832.3773136138916,14.409331321789388,1.1750162646763591
431,285,1704,522,1.831578947368421,4.009922504425049,2089.1696248054504,55.1425970906125,1.76879968150392
432,291,1647,513,1.7628865979381443,3.41245698928833,1747.177978515625,30.339697067775752,1.5304462690679395
433,297,1734,532,1.7912457912457913,3.9831790924072266,2115.0680980682373,53.687440549864434,1.7597452458047853
434,306,1672,556,1.8169934640522876,3.8586747646331787,2141.564494371414,47.40249026859753,1.8478615285726794
435,185,1016,288,1.5567567567567568,4.23057222366333,1214.1742281913757,68.75656505270364,1.7240975765618922
436,281,1542,471,1.6761565836298933,4.125275135040283,1938.879313468933,61.88483359444762,1.8140152856185652
437,293,1662,525,1.7918088737201365,3.885215997695923,2035.8531827926636,48.67745554228924,1.7672173831486089
438,291,1525,492,1.690721649484536,3.6532838344573975,1793.7623627185822,38.601218157504434,1.6969521739195859
439,320,1817,531,1.659375,3.6365153789520264,1927.353150844574,37.95933210765869,1.530315262941764
440,268,1898,614,2.291044776119403,2.288787364959717,1403.0266547203064,9.862970243254155,1.0664592186512212
441,267,1695,570,2.134831460674157,2.389294385910034,1359.5085055828094,10.905795944172636,1.1571422885254776
442,280,1802,582,2.0785714285714287,1.8767194747924805,1090.3740148544312,6.532041149667212,0.8729618112900537
443,294,1772,590,2.006802721088435,2.1321592330932617,1255.8417882919312,8.43305610072549,1.0224586456602125
444,286,1733,590,2.062937062937063,2.6186275482177734,1542.3716259002686,13.716884897315794,1.283999939927389
445,287,1636,563,1.961672473867596,2.6404812335968018,1483.9504532814026,14.019948854998104,1.308611222416876
446,261,1543,536,2.053639846743295,2.450558662414551,1311.0488843917847,11.594822501701913,1.225822244896329
447,302,1729,588,1.9470198675496688,2.551440477371216,1497.6955602169037,12.825565419445494,1.2496922831037276
448,223,1417,474,2.125560538116592,2.5804409980773926,1220.5485920906067,13.202959355687637,1.2426812992047456
449,301,1808,508,1.6877076411960132,2.3839118480682373,1208.6433069705963,10.847252781543572,0.9644378900277193
450,270,1577,498,1.8444444444444446,2.747443675994873,1365.479506969452,15.602695315951387,1.2491886576666678
451,291,1622,484,1.6632302405498283,2.5132269859313965,1213.8886342048645,12.344702033988359,1.0796985898636466
452,290,1701,507,1.7482758620689656,3.2301344871520996,1634.4480504989624,25.283056988659197,1.3862493221901748
453,291,1743,493,1.6941580756013745,3.0113816261291504,1481.599760055542,20.31544889920596,1.2263319715515828
454,283,1466,517,1.8268551236749118,2.794687271118164,1442.0586318969727,16.3575124866072,1.4191342680142467
455,288,1546,474,1.6458333333333333,3.518129587173462,1664.0752947330475,33.721296695153725,1.552880449791208
456,271,1499,466,1.7195571955719557,2.8340752124786377,1317.8449738025665,17.014658078941498,1.268344501911547
457,331,1731,567,1.7129909365558913,2.750213146209717,1556.6206407546997,15.645966407242133,1.2973592599435044
458,285,1916,555,1.9473684210526316,2.253467321395874,1248.4208960533142,9.520689964082994,0.9400264278070316
459,172,1101,372,2.1627906976744184,3.178091049194336,1179.0717792510986,24.000893268936483,1.5449963749116138
460,217,1527,444,2.046082949308756,2.597172975540161,1150.5476281642914,13.425729469142476,1.0870264292463538
461,288,1974,533,1.8506944444444444,2.6584577560424805,1414.2995262145996,14.274257726442398,1.033638760284404
462,165,1198,350,2.121212121212121,3.1828773021698,1110.8241784572601,24.11604296372059,1.3377133001334276
463,291,1942,574,1.9725085910652922,2.549215793609619,1460.7006497383118,12.797064307059365,1.085141907106462
464,259,1881,582,2.247104247104247,2.230402946472168,1295.8641119003296,9.30361418280374,0.9939057564617683
465,294,1966,605,2.057823129251701,2.7901723384857178,1685.2640924453735,16.28382588987855,1.2366847145265412
466,286,1881,559,1.9545454545454546,2.458162784576416,1371.6548337936401,11.683327021576915,1.0520359524324614
467,191,1257,379,1.9842931937172774,2.891070604324341,1092.8246884346008,18.01258363220824,1.2542663154857798
468,166,1074,331,1.9939759036144578,3.373511552810669,1113.2588124275208,29.180817334960345,1.4954310688222727
469,89,628,192,2.157303370786517,3.629370927810669,693.2098472118378,37.68909999358282,1.592500651063558
470,305,1672,559,1.8327868852459017,3.289302349090576,1835.4307107925415,26.824143238574866,1.583712191600302
471,299,1688,577,1.9297658862876255,3.2684998512268066,1882.6559143066406,26.271898011158722,1.6090630043071492
472,298,1716,550,1.8456375838926173,3.452986240386963,1895.6894459724426,31.594600646827878,1.5937655960198074
473,96,505,157,1.6354166666666667,4.37365198135376,682.2897090911865,79.33282531209124,1.9491801579315413
474,294,1763,604,2.054421768707483,2.9416284561157227,1773.8019590377808,18.946675032662633,1.4515344808978643
475,294,1818,609,2.0714285714285716,2.9221432209014893,1776.6630783081055,18.581068148745818,1.409891645987692
476,295,1753,565,1.9152542372881356,3.0572798252105713,1724.3058214187622,21.2696213122576,1.419080124094021
477,163,1043,286,1.7546012269938651,2.7228317260742188,776.0070419311523,15.223369679776512,1.0733859166720876
478,175,1015,308,1.76,2.9450345039367676,904.1255927085876,19.011318340477768,1.285100994031009
479,167,1028,280,1.6766467065868262,2.523383378982544,704.0239627361298,12.470718533254256,0.9880271203369755
480,132,891,271,2.053030303030303,2.470076322555542,666.9206070899963,11.823349205437374,1.0798687458085237
481,134,805,244,1.8208955223880596,2.456275463104248,596.8749375343323,11.661297622440763,1.0697000154182497
482,169,1148,272,1.6094674556213018,1.5439351797103882,418.4064337015152,4.682982436483505,0.5258126193181296
483,207,1185,332,1.603864734299517,3.2497665882110596,1075.6727406978607,25.78432085030352,1.3095930199360706
484,215,1270,350,1.627906976744186,3.0036466121673584,1048.272667646408,20.158914795527185,1.190817148907809
485,90,440,152,1.6888888888888889,3.3069541454315186,499.3500759601593,27.301841262558163,1.6372951778528388
486,191,1171,314,1.643979057591623,2.451596975326538,767.3498532772064,11.606867807933963,0.9453901178052088
487,315,2195,1030,3.2698412698412698,4.92140531539917,5064.126069545746,137.1952804159103,3.328469051011465
488,228,1480,692,3.0350877192982457,5.019760608673096,3468.654580593109,151.37506157933822,3.3812234878232874
489,296,2063,989,3.3412162162162162,4.618398189544678,4562.977411270142,101.33158806476159,3.1909766761647083
490,245,1812,814,3.3224489795918366,5.063796520233154,4116.866570949554,158.18994906641376,3.2778051798622925
491,178,1276,614,3.449438202247191,4.5886688232421875,2812.853988647461,98.36340389465016,3.180321708594383
492,89,628,293,3.292134831460674,4.878211498260498,1424.4377574920654,131.39545261508033,3.2723396318292974
493,223,1509,710,3.1838565022421523,4.222914695739746,2994.04651927948,68.23207046478787,2.862489109049283
494,169,1319,600,3.5502958579881656,4.689800262451172,2809.190357208252,108.83143991130815,3.0726345695659143
495,133,889,431,3.2406015037593985,4.30601167678833,1851.585021018982,74.14418747618551,3.0048059928103177
496,115,823,393,3.417391304347826,4.186672687530518,1641.175693511963,65.80347756920295,2.8769332129492273
497,85,675,334,3.929411764705882,3.1573984622955322,1051.4136879444122,23.509355828796224,2.2472137978076736
498,116,800,394,3.396551724137931,2.186469793319702,859.282628774643,8.903725577129833,1.5496034840690118
499,153,1135,514,3.3594771241830066,4.494177341461182,2305.512976169586,89.49451526620773,2.930530517555081
500,168,1114,482,2.869047619047619,4.694308757781982,2257.9625124931335,109.32321369689747,2.9241932848177985
501,152,1106,496,3.263157894736842,4.344264984130859,2150.4111671447754,77.03539442769147,2.805052013302003
502,129,895,428,3.317829457364341,3.622762680053711,1546.9196643829346,37.44086219488279,2.493556791574167
503,123,824,363,2.951219512195122,4.953010559082031,1792.9898223876953,141.60061990101042,3.1392445693241644
504,156,1089,479,3.0705128205128207,4.13820219039917,1978.0606470108032,62.690015366154206,2.620512659338935
505,194,1267,552,2.845360824742268,4.051468372344971,2232.359073162079,57.481799792167365,2.541920571692513
506,202,1308,591,2.9257425742574257,4.231754779815674,2496.7353200912476,68.83792164661004,2.753843780357769
507,80,495,239,2.9875,3.811558246612549,907.1508626937866,45.22084922884456,2.643923335245396
508,178,1194,529,2.9719101123595504,4.349726676940918,2296.6556854248047,77.45728916853095,2.7750199061907947
509,265,1797,489,1.8452830188679246,2.3399136066436768,1141.8778400421143,10.380339731603089,0.9167398425875122
510,272,1584,433,1.5919117647058822,2.512871742248535,1085.5605926513672,12.34031743542056,0.9887202547996286
511,272,1721,443,1.6286764705882353,2.1718318462371826,959.9496760368347,8.774342574296595,0.8047150709595052
512,298,1675,486,1.6308724832214765,2.517063856124878,1220.7759702205658,12.392158036311484,1.0514671273275362
513,272,1622,498,1.8308823529411764,2.937553882598877,1459.9642796516418,18.869632476710645,1.2985716560594647
514,274,1548,458,1.6715328467153285,3.094083070755005,1413.9959633350372,22.066995384777055,1.317806824380149
515,283,1499,451,1.5936395759717314,2.9657931327819824,1334.606909751892,19.410091918234286,1.284476831377718
516,280,1552,485,1.7321428571428572,2.8745479583740234,1391.2812118530273,17.717413302668838,1.2932954283649163
517,223,1355,413,1.852017937219731,2.9167020320892334,1201.6812372207642,18.480239610936227,1.2794535510462808
518,180,1087,351,1.95,3.160231590270996,1106.0810565948486,23.576055281908978,1.4680199219600858
519,179,1120,375,2.094972067039106,2.7784998416900635,1039.1589407920837,16.094857993464373,1.3385620094430064
520,175,1005,343,1.96,2.6441943645477295,904.3144726753235,14.072103529667551,1.2981592090873704
521,183,1103,375,2.0491803278688523,2.585789203643799,967.0851621627808,13.27376065760276,1.2649220014229763
522,165,1031,359,2.175757575757576,2.824953556060791,1011.3333730697632,16.860161915569673,1.4151752104881237
523,223,1314,466,2.0896860986547083,2.5969080924987793,1207.5622630119324,13.422173692041238,1.3258326395829292
524,186,1079,358,1.924731182795699,2.461930513381958,878.909193277359,11.727429660559721,1.1751602729684572
525,181,1181,394,2.1767955801104972,2.2107362747192383,868.8193559646606,9.122430535991795,1.061339014630448
526,360,1822,762,2.1166666666666667,3.909362554550171,2975.02490401268,49.86715424925517,2.355682588112107
527,375,1687,707,1.8853333333333333,3.8243844509124756,2700.0154223442078,45.80459670914753,2.3090094013869047
528,445,1889,862,1.9370786516853933,3.5807132720947266,3082.9941272735596,35.899137570317,2.35458990921512
529,405,1637,723,1.7851851851851852,3.8878066539764404,2806.99640417099,48.803725588732135,2.473817832676017
530,251,1052,451,1.796812749003984,3.91806697845459,1763.1301403045654,50.303113734220666,2.4179269105126036
531,300,1794,577,1.9233333333333333,3.149967670440674,1814.3813781738281,23.335310148453704,1.459085293518765
532,308,1750,568,1.844155844155844,2.801347017288208,1588.363758802414,16.466812920337688,1.309442581686855
533,325,1848,616,1.8953846153846154,2.9090850353240967,1789.0872967243195,18.34001042621553,1.3967031226740352
534,320,1743,599,1.871875,3.1431398391723633,1879.5976238250732,23.17652328998194,1.5557579866661577
535,200,1088,346,1.73,3.0142393112182617,1039.9125623703003,20.37358708535286,1.378930787398683
536,292,1664,534,1.8287671232876712,3.271738290786743,1743.836508989334,26.357115876969818,1.5119136319952131
537,329,1857,614,1.8662613981762919,3.1768693923950195,1947.420937538147,23.971590317204353,1.5129426651101887
538,315,1656,549,1.7428571428571429,2.950188398361206,1616.703242301941,19.10955359769743,1.4084599941172213
539,343,1920,599,1.7463556851311954,3.086669445037842,1845.8283281326294,21.904003865875605,1.3869621746506828
540,285,1994,637,2.2350877192982455,1.9660820960998535,1250.4282131195068,7.142637430000808,0.9047074132673824
541,183,1154,393,2.1475409836065573,2.590893268585205,1015.6301612854004,13.34168398910482,1.2697093562077169
542,226,1624,517,2.2876106194690267,2.0807957649230957,1073.6906147003174,8.010841124940955,0.9538227372396371
543,305,2109,620,2.0327868852459017,2.3197648525238037,1435.9344437122345,10.17328180324819,0.9822738269252219
544,174,1285,420,2.413793103448276,2.467902183532715,1034.0510149002075,11.797671524088448,1.160949627410684
545,328,2050,654,1.9939024390243902,2.1148953437805176,1381.026659488678,8.288718254807886,0.9719025916974473
546,273,1879,596,2.183150183150183,2.0247082710266113,1204.7014212608337,7.573901095922809,0.9249690080920122
547,310,2079,712,2.296774193548387,2.0244624614715576,1439.3928101062775,7.572039587462056,0.9988479408521194
548,296,2002,670,2.2635135135135136,1.9100277423858643,1277.8085596561432,6.753276147925258,0.9208232128977957
549,198,1278,423,2.1363636363636362,2.6584606170654297,1121.8703804016113,14.274298565479757,1.2664450972813925
550,200,1203,412,2.06,2.465527057647705,1013.3316206932068,11.769683819386765,1.2152356641313928
551,101,675,229,2.267326732673267,2.9167754650115967,665.024806022644,18.481596718764422,1.4213747995807606
552,315,1821,660,2.0952380952380953,2.9116315841674805,1918.7652139663696,18.38677367573225,1.520149949928354
553,324,1875,706,2.1790123456790123,2.7396597862243652,1931.4601492881775,15.48171710683922,1.4861375888281123
554,345,1927,681,1.9739130434782608,2.7988126277923584,1903.1925868988037,16.42513244223513,1.42487104669203
555,107,542,193,1.8037383177570094,3.491072654724121,670.2859497070312,32.82113457623113,1.7841664494831793
556,313,1950,684,2.1853035143769968,2.6753149032592773,1827.2400789260864,14.516920545482495,1.3518718976308837
557,315,1981,706,2.2412698412698413,2.564011573791504,1807.6281595230103,12.98781452685147,1.316434215807719
558,326,1904,668,2.049079754601227,2.682957649230957,1789.5327520370483,14.62829474171959,1.355961148567347
559,220,1823,798,3.6272727272727274,4.208370685577393,3354.071436405182,67.24688418435157,2.6543621657098617
560,213,1703,748,3.511737089201878,4.4745283126831055,3342.47264957428,87.7531985753774,2.831572939429129
561,205,1742,769,3.7512195121951217,4.0370635986328125,3100.46484375,56.65972260637587,2.567752729350574
562,225,1655,722,3.2088888888888887,4.447388648986816,3206.5672159194946,85.40363369292474,2.795225752679266
563,225,1702,739,3.2844444444444445,3.988985776901245,2943.871503353119,54.00009343827726,2.495363583373609
564,212,1544,669,3.1556603773584904,4.214051246643066,2814.9862327575684,67.62997126105812,2.6302892993329334
565,193,1506,676,3.5025906735751295,4.125103950500488,2784.4451665878296,61.87424077437785,2.6674005534286227
566,203,1514,641,3.1576354679802954,4.6611008644104,2983.1045532226562,105.75243719376864,2.842609078855755
567,185,1437,618,3.3405405405405406,4.494983196258545,2773.404632091522,89.5666639174366,2.784396039733416
568,171,1231,624,3.6491228070175437,3.326677083969116,2072.5198233127594,27.84565901339418,2.428931008316319
569,179,1239,631,3.525139664804469,3.1553823947906494,1987.8909087181091,23.46200712557755,2.3147056947827855
570,166,1115,569,3.427710843373494,3.141951322555542,1784.6283512115479,23.14899396969955,2.309125087105603
571,135,962,468,3.466666666666667,2.9756884574890137,1389.6465096473694,19.603114515977946,2.0840292391444044
572,126,905,460,3.6507936507936507,3.3329336643218994,1529.8165519237518,28.020423761237687,2.438738953514089
573,163,1078,537,3.294478527607362,2.886894464492798,1547.3754329681396,17.937517416835888,2.070863509774163
574,222,1521,731,3.2927927927927927,2.737813711166382,1998.6040091514587,15.453163059600069,1.8957107775829125
575,214,1466,732,3.4205607476635516,2.998657703399658,2192.01878118515,20.058594261826357,2.157172322749854
576,89,564,278,3.1235955056179776,3.010596752166748,833.9353003501892,20.29951008812759,2.1331814224068553
577,197,1339,666,3.3807106598984773,2.9020562171936035,1929.8673844337463,18.211553806386043,2.0793204668378795
578,272,1713,497,1.8272058823529411,2.3403236865997314,1160.8005485534668,10.384597373791252,0.9776305866078663
579,281,1543,475,1.690391459074733,2.307365655899048,1093.6913208961487,10.047920080266199,1.0225943259366
580,240,1499,422,1.7583333333333333,2.0646283626556396,869.2085406780243,7.8823679709535375,0.8365596071611198
581,294,1600,502,1.7074829931972788,2.151458263397217,1077.8805899620056,8.59738651437604,0.9719081136304097
582,279,1559,518,1.8566308243727598,2.6141014099121094,1351.4904289245605,13.65494066896875,1.2506661575486604
583,272,1454,457,1.6801470588235294,2.909888982772827,1326.9093761444092,18.354760759259218,1.3165925561709817
584,269,1378,426,1.58364312267658,2.7013490200042725,1148.0733335018158,14.89981832619517,1.2019736609723735
585,280,1464,454,1.6214285714285714,2.77970814704895,1259.2077906131744,16.114317250623202,1.2408830839934255
586,227,1233,380,1.6740088105726871,2.9031360149383545,1100.2885496616364,18.231229221937525,1.2874134907897428
587,296,1858,473,1.597972972972973,2.1960232257843018,1036.5229625701904,8.989194328037735,0.8048366726951294
588,265,1679,508,1.9169811320754717,2.3469088077545166,1189.88276553154,10.45320685859563,1.0224168940271576
589,281,1661,449,1.597864768683274,2.2012524604797363,986.1611022949219,9.036324053703831,0.8565501094512208
590,280,1782,476,1.7,3.178463935852051,1509.7703695297241,24.009844550612744,1.2222997895632046
591,290,1862,511,1.7620689655172415,2.6252095699310303,1338.8568806648254,13.807467512893734,1.037358851877127
592,283,1512,497,1.756183745583039,3.0327866077423096,1504.2621574401855,20.754988091558733,1.4353118748253235
593,288,1631,498,1.7291666666666667,3.160580635070801,1570.808575630188,23.58428581773434,1.3894529382265657
594,275,1556,462,1.68,2.8027660846710205,1292.0751650333405,16.490197025338006,1.197988710185983
595,335,1896,584,1.7432835820895523,2.649887800216675,1544.8845875263214,14.152450654394404,1.1755260196044388
596,154,998,255,1.655844155844156,3.644505500793457,925.7043972015381,38.26384673062017,1.3381855142001666
597,169,964,275,1.6272189349112427,3.7188808917999268,1018.9733643531799,41.21824061698516,1.5249666177907424
598,158,981,240,1.518987341772152,3.6914291381835938,882.2515640258789,40.10211749113529,1.2974719227692837
599,131,866,261,1.9923664122137406,2.892242908477783,751.9831562042236,18.033712240972665,1.2527510049513442
600,123,747,218,1.7723577235772359,3.3652377128601074,730.2565836906433,28.940375980989216,1.4103581684966633
601,161,1095,233,1.4472049689440993,2.077120780944824,481.8920211791992,7.981455441185187,0.6349070586293973
602,194,1131,316,1.6288659793814433,3.8695693016052246,1218.9143300056458,47.921741818137065,1.554837894931599
603,196,1148,296,1.510204081632653,3.9903101921081543,1177.1415066719055,54.071659364240745,1.4793172596690947
604,87,434,134,1.5402298850574712,4.456120014190674,592.6639618873596,86.15258895122211,1.9701229463790306
605,178,1082,264,1.4831460674157304,3.321587085723877,873.5774035453796,27.70428476045601,1.1647927799700333
606,234,1420,633,2.7051282051282053,3.6665892601013184,2317.284412384033,39.11825587112687,2.3543202324477046
607,336,1542,631,1.8779761904761905,3.810854196548462,2400.838143825531,45.18902269209921,2.2462239196330462
608,356,1571,623,1.75,3.6090712547302246,2244.8423204421997,36.93173670605698,2.0615040631951844
609,422,1798,749,1.7748815165876777,3.2769622802734375,2451.1677856445312,26.49516544400577,1.9667895487965221
610,425,1848,763,1.795294117647059,3.599714994430542,2742.982825756073,36.587805229291895,2.1413894588538325
611,401,1761,785,1.9576059850374066,2.7759642601013184,2176.3559799194336,16.054099862482687,1.7829744346614465
612,389,1634,690,1.7737789203084833,3.412184238433838,2350.9949402809143,30.331423017903862,2.075745863830061
613,352,1562,684,1.9431818181818181,2.9240283966064453,1997.1113948822021,18.61612976526203,1.844572794813952
614,410,1866,773,1.8853658536585365,2.904888153076172,2242.5736541748047,18.263200855136123,1.7338423846228468
615,249,1503,524,2.104417670682731,3.2487633228302,1699.1032178401947,25.758465305980426,1.630929997562561
616,288,1630,547,1.8993055555555556,3.1444525718688965,1716.8711042404175,23.206967848308228,1.519583698118533
617,204,1236,428,2.0980392156862746,3.021317958831787,1290.102768421173,20.518316167709383,1.5058453610342633
618,256,1497,524,2.046875,3.1729063987731934,1659.4300465583801,23.87677904998261,1.599232798177633
619,146,883,298,2.041095890410959,2.842404365539551,844.1940965652466,17.15696760655534,1.3792917742496262
620,91,589,266,2.923076923076923,2.645021677017212,700.9307444095612,14.083750373514762,1.7168579099597343
621,303,1853,506,1.66996699669967,3.3546814918518066,1694.1141533851624,28.636481785219313,1.3189908730645323
622,229,1257,365,1.5938864628820961,3.7742605209350586,1373.8308296203613,43.56528078829991,1.5767851431294078
623,308,2089,523,1.698051948051948,2.862063407897949,1493.9970989227295,17.49759438730564,1.0317770252361513
624,301,1902,509,1.691029900332226,3.850215435028076,1955.9094409942627,47.00318827408121,1.4835861466615812
625,290,2023,616,2.1241379310344826,2.7538223266601562,1693.600730895996,15.702537549649174,1.2077851585316746
626,82,532,142,1.7317073170731707,3.5262372493743896,497.19945216178894,33.9958089001145,1.3483217743731624
627,304,1781,508,1.6710526315789473,3.859572410583496,1956.8032121658325,47.44506002544857,1.5851040371629652
628,308,1658,442,1.4350649350649352,3.8299806118011475,1689.021449804306,46.06164517322099,1.4696880998719901
629,297,1657,446,1.5016835016835017,3.3012797832489014,1469.069503545761,27.1473594344091,1.279070179533302
630,300,1701,473,1.5766666666666667,4.3057122230529785,2032.2961692810059,74.12198804630815,1.7236823074893266
631,298,1750,448,1.5033557046979866,3.6928536891937256,1650.7055990695953,40.15928571297196,1.3608370181402005
632,309,1723,508,1.6440129449838188,3.443669080734253,1745.9402239322662,31.30159581446846,1.4619032517444266
633,224,1790,769,3.4330357142857144,4.824262619018555,3705.03369140625,124.49463455328501,2.986164096602417
634,225,1675,772,3.431111111111111,4.292459964752197,3309.486632823944,73.14618439699255,2.8504954943662195
635,230,1631,727,3.1608695652173915,5.079091548919678,3687.420464515686,160.62806688580318,3.2616941862840334
636,251,1907,867,3.454183266932271,5.227010250091553,4526.590876579285,186.23517375508388,3.4244835919109384
637,329,2451,1123,3.4133738601823707,4.914636135101318,5514.221743583679,136.26971701377963,3.2457529024195297
638,248,1708,822,3.314516129032258,4.5209641456604,3711.7115635871887,91.92418356926206,3.1351685398111577
639,182,1304,622,3.4175824175824174,5.029500484466553,3123.3198008537292,152.85663935661898,3.4555199292959973
640,193,1485,715,3.704663212435233,4.584207534790039,3273.124179840088,97.92555379076117,3.1798788030094616
641,228,1595,763,3.3464912280701755,4.5915608406066895,3498.7693605422974,98.6482843077397,3.164675364055562
642,254,1134,462,1.8188976377952757,3.57895827293396,1649.8997638225555,35.83618986674901,2.099031928774844
643,273,1114,481,1.7619047619047619,3.5781240463256836,1717.4995422363281,35.806306829968186,2.2242621834052203
644,236,937,402,1.7033898305084745,3.7970333099365234,1522.610357284546,44.56876645220263,2.344356896115888
645,301,1227,546,1.813953488372093,3.362659215927124,1832.6492726802826,28.865849434809938,2.1548117501097064
646,263,1050,452,1.7186311787072244,3.853921413421631,1738.1185574531555,47.17770425073504,2.3881666888711868
647,318,1316,578,1.8176100628930818,3.365004539489746,1941.6076192855835,28.933628642662583,2.128531674540682
648,277,1141,484,1.7472924187725631,3.097519636154175,1496.1019842624664,22.14296051238234,1.8916905463274305
649,254,1043,472,1.858267716535433,3.1863818168640137,1500.7858357429504,24.200706255878757,2.0759120639144326
650,219,1515,676,3.08675799086758,4.797730922698975,3238.468372821808,121.23501356310179,3.083909083528563
651,255,1682,751,2.9450980392156865,4.39574670791626,3296.810030937195,81.10517002985046,2.827759502013128
652,186,1213,531,2.8548387096774195,4.889404296875,2591.38427734375,132.87439677715673,3.0820917114274184
653,227,1461,597,2.6299559471365637,4.751180171966553,2831.7033824920654,115.72077438447035,2.7962247961600317
654,126,845,358,2.8412698412698414,4.672213554382324,1667.9802389144897,106.93418528080385,2.84779505205056
655,85,634,373,4.3882352941176475,3.4214835166931152,1272.7918682098389,30.61479891409068,2.896294189826709
656,262,1892,939,3.5839694656488548,3.1254236698150635,2931.6474022865295,22.76953981701671,2.235450934943863
657,168,1199,619,3.6845238095238093,3.4747910499572754,2147.420868873596,32.29108060897248,2.5838810994373698
658,200,1462,733,3.665,3.457235813140869,2530.696615219116,31.72914988681548,2.4972800661909056
659,273,1977,981,3.5934065934065935,3.181439161300659,3117.810378074646,24.081385623774345,2.2751894642794315
660,154,1179,630,4.090909090909091,3.141603946685791,1976.0688824653625,23.140953964318243,2.418036282602014
661,270,1929,925,3.425925925925926,3.3073832988739014,3056.022168159485,27.313560456205664,2.2855925489115743
662,209,1603,763,3.650717703349282,3.297398090362549,2512.617344856262,27.042185979992954,2.261347837227526
663,267,1988,1055,3.951310861423221,2.9060521125793457,3062.9789266586304,18.28447085763922,2.222809108570325
664,259,1883,1012,3.9073359073359075,2.837094306945801,2868.3023443222046,17.066104560825117,2.1976025320891304
665,172,1311,684,3.9767441860465116,3.2452731132507324,2216.5215363502502,25.668719570433655,2.4391797318963326
666,169,1136,598,3.5384615384615383,3.3384814262390137,1993.0734114646912,28.176306401159938,2.5311594426476747
667,95,651,331,3.4842105263157896,3.849341630935669,1270.2827382087708,46.96213463484227,2.815100778710671
668,313,1907,940,3.0031948881789137,3.113994836807251,2924.0411517620087,22.510791958243825,2.2121130933415327
669,310,1946,947,3.054838709677419,2.8886935710906982,2732.7041182518005,17.96981797012725,2.025929434541994
670,290,1814,905,3.1206896551724137,2.978604316711426,2692.658302307129,19.66035785442751,2.141502083542994
671,95,564,280,2.9473684210526314,3.6454198360443115,1017.0721342563629,38.29884871385434,2.6016399367340584
672,326,2052,1004,3.079754601226994,2.7651405334472656,2773.4359550476074,15.881271683653049,1.9499134008627337
673,324,2099,1005,3.1018518518518516,2.588271379470825,2598.6244649887085,13.30674939042087,1.78609939436491
674,332,2071,1008,3.036144578313253,2.7735753059387207,2792.9903330802917,16.015793128523594,1.9456462109057222
675,263,1719,745,2.832699619771863,4.448387145996094,3309.6000366210938,85.48895155347438,2.777628598114709
676,301,1760,784,2.604651162790698,4.39954948425293,3444.847246170044,81.41418203059574,2.8237863856076846
677,306,1824,842,2.7516339869281046,4.34592866897583,3654.926010608673,77.16366371617701,2.8908682183778596
678,275,1572,709,2.578181818181818,4.873111724853516,3450.163101196289,130.72707132518659,3.1663697177824255
679,191,1062,455,2.3821989528795813,5.005037784576416,2272.287154197693,149.16271910206967,3.086833718301984
680,275,1663,709,2.578181818181818,4.407182216644287,3120.2850093841553,82.03797227848565,2.706927065062353
681,289,1790,794,2.7474048442906573,4.410996913909912,3497.9205527305603,82.35151997155097,2.8192361088536093
682,254,1505,680,2.677165354330709,4.507387638092041,3060.516206264496,90.68460779027757,2.9338149856067055
683,293,1727,732,2.4982935153583616,4.335318088531494,3169.117522716522,76.3492408455584,2.6474059837970145
684,255,1872,832,3.2627450980392156,4.500230312347412,3739.6913895606995,90.03786574494657,2.882069563127339
685,202,1328,605,2.995049504950495,4.7682342529296875,2880.0134887695312,117.71121012449899,3.1287508870038594
686,256,2130,947,3.69921875,4.335839748382568,4101.70440196991,76.38907956939545,2.778173051603014
687,291,2018,880,3.0240549828178693,4.440502643585205,3903.2018237113953,84.81756396545984,2.790450899235475
688,255,2042,961,3.768627450980392,3.8833158016204834,3727.983169555664,48.58504665761081,2.6338603483033673
689,80,565,260,3.25,4.639504909515381,1201.6317715644836,103.49309645007752,3.0682976952401777
690,286,2200,1120,3.9160839160839163,2.8647775650024414,3205.686095237732,17.545150115087818,2.1021942873846275
691,263,1849,830,3.155893536121673,3.91681170463562,3247.036903142929,50.24000916757884,2.533523005812743
692,253,1799,790,3.122529644268775,4.253370761871338,3355.9095311164856,70.34211971556424,2.6912473808859145
693,256,1858,817,3.19140625,4.311817646026611,3518.443199157715,74.57591844344957,2.731991687338178
694,257,1984,913,3.5525291828793772,3.6458778381347656,3325.0405883789062,38.31639368413711,2.4178526046415167
695,276,1955,908,3.289855072463768,3.616658926010132,3280.3096458911896,37.21302840890588,2.4207091860396166
696,157,883,300,1.910828025477707,2.223566770553589,664.8464643955231,9.240229939336961,1.086263530165325
697,171,995,299,1.7485380116959064,2.173679828643799,647.756588935852,8.790572396597765,0.9392112749355824
698,163,921,302,1.852760736196319,2.117133617401123,637.257218837738,8.307291452421282,0.9982278277827336
699,168,931,288,1.7142857142857142,2.642534017562866,758.4072630405426,14.048758340921331,1.1752421024304645
700,175,966,302,1.7257142857142858,2.412411689758301,726.1359186172485,11.16084521010998,1.0844644811598927
701,213,1128,371,1.7417840375586855,2.4552035331726074,908.4253072738647,11.648804225696736,1.1618623101259198
702,152,895,285,1.875,2.2246780395507812,631.8085632324219,9.250504027976259,1.0184436658844649
703,158,976,322,2.037974683544304,2.071221351623535,664.8620538711548,7.93450802656628,0.9827799057327519
704,274,2018,911,3.3248175182481754,4.465975761413574,4064.0379428863525,87.00588511907277,2.9054347800727083
705,227,1464,625,2.753303964757709,4.942584037780762,3084.1724395751953,140.13188820822816,3.039289811353518
706,274,2249,990,3.613138686131387,4.328413486480713,4280.800938129425,75.82389545814762,2.7460605978088677
707,313,2227,978,3.1246006389776357,4.397000312805176,4295.869305610657,81.20690762356507,2.7829498623761157
708,273,2078,888,3.2527472527472527,4.629978656768799,4106.791068553925,102.51187615247092,2.8512257500336067
709,82,593,259,3.158536585365854,4.980499744415283,1284.968934059143,145.54709983214653,3.126169154913159
710,348,2493,1223,3.514367816091954,2.945760726928711,3599.7196083068848,19.025129811460655,2.083151876251546
711,296,1959,875,2.956081081081081,4.0565338134765625,3545.4105529785156,57.773709165859124,2.6109985822856063
712,257,1844,791,3.077821011673152,4.670289993286133,3689.529094696045,106.72868854826781,2.8865864035431295
713,273,1910,821,3.0073260073260073,4.683430194854736,3840.412759780884,108.14037966948739,2.900808609163654
714,245,1875,845,3.4489795918367347,3.8885180950164795,3281.9092721939087,48.838458915914956,2.525223590208885
715,269,1969,903,3.356877323420074,3.77628493309021,3406.2090096473694,43.65356420312878,2.4957444623918574
716,344,2151,741,2.1540697674418605,2.1340789794921875,1579.2184448242188,8.44926097945877,1.059196010612869
717,262,1467,514,1.9618320610687023,2.5298898220062256,1297.8334786891937,12.55212309273916,1.276331236267602
718,355,2355,781,2.2,1.7324994802474976,1351.349594593048,5.654770245859494,0.8278494091833128
719,371,2239,746,2.01078167115903,2.456352472305298,1829.982591867447,11.662195684232938,1.179145515944751
720,355,2214,741,2.0873239436619717,2.285088062286377,1690.965166091919,9.826551534511527,1.1018731072433576
721,95,632,209,2.2,2.113222360610962,439.5502510070801,8.274862961738062,1.0033812774516038
722,427,2638,1034,2.421545667447307,1.746947169303894,1804.5964258909225,5.7370616368471286,0.9869152063831621
723,370,2120,741,2.002702702702703,2.159755229949951,1598.2188701629639,8.669015483397857,1.0876143576600332
724,331,1996,679,2.0513595166163143,2.0764553546905518,1407.836730480194,7.976146137858139,1.0175746840907356
725,367,2110,756,2.0599455040871937,2.2344536781311035,1687.0125269889832,9.341377059320495,1.1534808562106942
726,272,1738,625,2.297794117647059,1.9187325239181519,1197.2890949249268,6.812318544181523,0.9938567547517994
727,330,1999,716,2.16969696969697,1.9375470876693726,1385.3461676836014,6.941702682102193,0.9998159309813217
728,258,1756,482,1.8682170542635659,2.451261043548584,1179.056561946869,11.602969347039876,0.9686896667701246
729,260,1611,433,1.6653846153846155,2.4679713249206543,1066.1636123657227,11.798487259672298,0.9547789921392249
730,286,1830,453,1.583916083916084,2.088372230529785,943.9442481994629,8.071765491452817,0.7441659484989214
731,279,1663,457,1.6379928315412187,2.6482479572296143,1207.601068496704,14.129261875613588,1.0476248183357837
732,253,1587,516,2.039525691699605,2.585679054260254,1331.6247129440308,13.272298641570561,1.2105408756707892
733,236,1428,409,1.7330508474576272,2.8266499042510986,1153.2731609344482,16.88878689282336,1.165141085483521
734,241,1426,425,1.7634854771784232,2.769576072692871,1174.3002548217773,15.951870142848048,1.1880484951935655
735,281,1713,531,1.8896797153024911,2.8460886478424072,1508.4269833564758,17.22029530560547,1.2704028770761744
736,198,1299,389,1.9646464646464648,2.6623759269714355,1033.001859664917,14.330296420998062,1.1472722557102792
737,260,1944,912,3.5076923076923077,4.156462669372559,3786.537491798401,63.84528082258924,2.8100920069741187
738,263,1801,818,3.1102661596958177,4.442150115966797,3629.236644744873,84.95741372724561,2.9072080564052913
739,274,1996,947,3.4562043795620436,4.406426429748535,4168.479402542114,81.97599247879403,3.012948177402454
740,258,1734,823,3.189922480620155,4.355027198791504,3579.832357406616,77.86894324917768,2.9784350572343556
741,171,1158,537,3.1403508771929824,4.531785488128662,2429.037021636963,92.92432833544872,3.0262173275054787
742,235,1739,871,3.706382978723404,3.53467059135437,3075.163414478302,34.28371950035267,2.551192069000011
743,266,1972,978,3.6766917293233083,3.5470452308654785,3465.4631905555725,34.71060399367984,2.535297443913676
744,245,1614,787,3.2122448979591836,4.046699047088623,3180.7054510116577,57.20830310838234,2.8431152296796856
745,292,2141,1097,3.756849315068493,3.374391555786133,3698.3331451416016,29.206507843245536,2.4920910266469276
746,250,1687,453,1.812,3.092787504196167,1397.9399518966675,22.038424635152708,1.1954955756146284
747,247,1567,404,1.6356275303643724,3.4226231575012207,1379.317132472992,30.649708676781856,1.2699004383101282
748,270,1716,374,1.385185185185185,3.0580177307128906,1140.6406135559082,21.285322074983338,0.9589723523389588
749,275,1645,451,1.64,3.349871873855591,1507.4423432350159,28.499081932345227,1.3220544638365932
750,234,1480,438,1.8717948717948718,3.6202211380004883,1582.0366373062134,37.34582549015337,1.5421597372610307
751,227,1364,378,1.6651982378854626,3.7844932079315186,1426.7539393901825,44.0133592842465,1.5090695256063116
752,227,1369,392,1.7268722466960353,3.601191520690918,1408.065884590149,36.64186798724139,1.4838638925808176
753,268,1639,488,1.8208955223880596,3.9282236099243164,1913.044898033142,50.81662729180253,1.6839172589324876
754,194,1247,342,1.7628865979381443,3.7219104766845703,1269.1714725494385,41.3433041253305,1.4683459418482903
755,152,985,261,1.7171052631578947,3.2767741680145264,851.9612836837769,26.490181847336384,1.2478378873096247
756,162,931,278,1.7160493827160495,3.806934118270874,1054.520750761032,45.01222494277121,1.6341051102443047
757,153,957,242,1.5816993464052287,3.58378267288208,863.6916241645813,36.00949569145025,1.3020309540643424
758,128,863,258,2.015625,2.848938226699829,732.1771242618561,17.26943587674097,1.2239957198434788
759,123,744,226,1.8373983739837398,3.190078020095825,717.7675545215607,24.290322502456505,1.3918275422301805
760,139,940,202,1.4532374100719425,2.421294689178467,486.6802325248718,11.260428636575835,0.746948040385447
761,194,1187,350,1.8041237113402062,3.5481977462768555,1238.3210134506226,34.750631561484454,1.5050712595904032
762,192,1196,338,1.7604166666666667,3.4075140953063965,1148.3322501182556,30.19010118460069,1.3851950188448765
763,82,413,141,1.7195121951219512,4.0736188888549805,570.3066444396973,58.76925763559056,1.9921999218382
764,175,1081,260,1.4857142857142858,3.217420816421509,833.3119914531708,24.96365123912243,1.1121323566908379
765,361,2462,1292,3.5789473684210527,3.078245162963867,3974.0145053863525,21.720253428225924,2.328712842949512
766,265,1748,898,3.388679245283019,3.571681499481201,3203.7983050346375,35.57636452326884,2.644224214348935
767,361,2628,1403,3.886426592797784,2.993335008621216,4196.655682086945,19.952112124240944,2.3038410733886323
768,372,2631,1400,3.763440860215054,2.917518138885498,4081.6078763008118,18.49532761595361,2.2381282561735136
769,371,2808,1534,4.1347708894878705,3.058297634124756,4688.370273113251,21.291280743141645,2.408792216122408
770,96,755,396,4.125,3.4851598739624023,1376.638150215149,32.627643003476344,2.630555009819803
771,364,2745,1526,4.1923076923076925,2.321593999862671,3540.430849790573,10.191907263748845,1.860751194755249
772,329,2342,1259,3.8267477203647418,2.7126095294952393,3412.462788105011,15.068546069173541,2.102110649708465
773,315,2102,1110,3.5238095238095237,2.874338150024414,3187.641008377075,17.713696431353412,2.1878182088106097
774,365,2567,1348,3.6931506849315068,3.1404430866241455,4230.176837682724,23.114106141370392,2.377427014339004
775,296,2120,1093,3.6925675675675675,3.117643117904663,3404.466284751892,22.593067646194303,2.3167955782477496
776,347,2412,1270,3.6599423631123917,2.827641010284424,3588.276442050934,16.90553376900253,2.1462639420752803
777,340,2046,742,2.1823529411764704,2.3091931343078613,1711.1121125221252,10.06629922589724,1.2065556985047448
778,306,1683,605,1.977124183006536,2.756221055984497,1664.7575178146362,15.740248898512986,1.4270572877206154
779,356,1960,739,2.0758426966292136,2.6030211448669434,1921.0296049118042,13.5044754438776,1.414010145105686
780,380,1915,676,1.7789473684210526,2.8087596893310547,1895.912790298462,16.589329530833712,1.4283153945282236
781,208,1182,439,2.110576923076923,2.523508310317993,1105.296639919281,12.472276614099162,1.349074434114028
782,313,1778,678,2.1661341853035143,2.549483299255371,1726.0001935958862,12.800488051925678,1.4005016422239458
783,330,1904,748,2.2666666666666666,2.4066288471221924,1797.7517488002777,11.096490055782168,1.3621888302224907
784,326,1741,657,2.0153374233128836,2.445357084274292,1604.1542472839355,11.534667711987504,1.3292965981490532
785,374,2120,819,2.1898395721925135,2.242919921875,1834.70849609375,9.420799163458334,1.248549456977029
786,297,1742,538,1.8114478114478114,3.6659085750579834,1968.592904806137,39.09163771975056,1.6303554657250363
787,282,1657,504,1.7872340425531914,3.3800792694091797,1700.1798725128174,29.37309940924284,1.4802903263086735
788,293,1697,520,1.7747440273037542,4.067559719085693,2111.063494205475,58.41424136444836,1.7947088002899032
789,294,1627,541,1.8401360544217686,3.763944387435913,2032.529969215393,43.118165750226595,1.8022869742134267
790,183,1039,307,1.6775956284153006,3.9641025066375732,1213.0153670310974,52.67297452439322,1.6843226703925602
791,276,1513,459,1.6630434782608696,4.006227493286133,1834.8521919250488,54.93922055081732,1.7495916444510988
792,292,1631,514,1.7602739726027397,3.900332450866699,2000.8705472946167,49.41887572292267,1.769862670780337
793,291,1511,492,1.690721649484536,3.6297435760498047,1782.204095840454,37.70314738753579,1.7016393189417751
794,315,1817,552,1.7523809523809524,3.560647487640381,1961.9167656898499,35.18597225315914,1.5577587168396594
795,293,1769,586,2.0,2.7627742290496826,1616.2229239940643,15.843736188347288,1.3180988114286583
796,285,1665,564,1.9789473684210526,2.712096929550171,1526.9105713367462,15.06082391264382,1.323042828317392
797,315,1753,617,1.9587301587301587,2.7720510959625244,1707.583475112915,15.991400291485668,1.4053178616368198
798,308,1737,628,2.038961038961039,2.9454824924468994,1846.817522764206,19.019837100667633,1.5339058615536905
799,194,1107,353,1.8195876288659794,2.7362661361694336,963.1656799316406,15.429266626355876,1.2552433152591007
800,283,1553,520,1.8374558303886925,2.999361753463745,1556.6687500476837,20.072721488955917,1.446103210560602
801,319,1757,626,1.9623824451410659,2.742875337600708,1714.2970860004425,15.531579488150904,1.4076311352209672
802,300,1564,543,1.81,2.7446916103363037,1487.6228528022766,15.559814706182346,1.3722417598791157
803,324,1908,667,2.058641975308642,2.5502192974090576,1698.4460520744324,12.809912655318094,1.284245123975483
804,248,1608,449,1.810483870967742,1.9468332529067993,872.1812973022461,7.006464710300832,0.7825196718744111
805,275,1604,526,1.9127272727272728,2.14235520362854,1124.7364819049835,8.519479126870458,1.0116282697950243
806,266,1511,464,1.744360902255639,2.1595568656921387,999.8748288154602,8.667296031120102,0.9546753521123532
807,321,1851,563,1.7538940809968848,2.452779769897461,1378.462230682373,11.620604470386022,1.0743925576759579
808,300,1708,534,1.78,2.283571720123291,1217.143726825714,9.811662411457412,1.0280838517216446
809,314,1632,604,1.9235668789808917,2.1531972885131836,1298.3779649734497,8.61235059313941,1.14777172258989
810,297,1584,538,1.8114478114478114,2.8343429565429688,1522.0421676635742,17.0192142625671,1.3862643227980598
811,266,1522,501,1.8834586466165413,2.369771957397461,1184.8859786987305,10.694953101063598,1.123146600188912
812,313,1747,609,1.9456869009584665,2.1240053176879883,1291.3952331542969,8.364573255765212,1.066450772008787
813,322,1377,576,1.7888198757763976,3.887279748916626,2235.18585562706,48.778017432255275,2.3418239283793127
814,381,1586,666,1.7480314960629921,3.6110873222351074,2401.3730692863464,37.00626868583543,2.184394084731224
815,305,1277,565,1.8524590163934427,3.5615596771240234,2008.7196578979492,35.21808317041413,2.269357783074038
816,330,1417,607,1.8393939393939394,3.6903796195983887,2236.3700494766235,40.0600516518236,2.2769230627893653
817,207,873,366,1.7681159420289856,3.9944472312927246,1457.9732394218445,54.29581929730895,2.409405225959579
818,145,619,337,2.3241379310344827,2.854543685913086,959.1266784667969,17.36651081580587,2.2354237521944285
819,161,937,258,1.6024844720496894,3.3797755241394043,868.6023097038269,29.364178824099998,1.33738339884142
820,157,995,270,1.7197452229299364,3.644402503967285,980.3442735671997,38.25990587880089,1.4214450470746658
821,156,896,252,1.6153846153846154,3.614885091781616,907.3361580371857,37.14707717593756,1.460947963861041
822,160,962,263,1.64375,3.452152729034424,904.464015007019,31.56827716049616,1.3564093026124193
823,156,919,228,1.4615384615384615,4.034234046936035,915.77112865448,56.49962759750295,1.4376261870501712
824,185,1074,317,1.7135135135135136,3.4059646129608154,1076.2848176956177,30.14335837873213,1.4457642170144784
825,155,927,235,1.5161290322580645,3.3281896114349365,778.7963690757751,27.887808205325506,1.2120449401596027
826,151,994,243,1.609271523178808,3.097738027572632,749.6526026725769,22.147796873028085,1.0880483825605949
827,164,990,286,1.7439024390243902,2.3075835704803467,657.6613175868988,10.050109907152352,0.958388607542546
828,165,1004,275,1.6666666666666667,2.425647497177124,664.627414226532,11.309549950679719,0.9550345363978812
829,162,921,268,1.654320987654321,2.6029183864593506,694.9792091846466,13.50308781678201,1.0886461005555084
830,167,992,275,1.6467065868263473,2.602031707763672,712.9566879272461,13.491120222978298,1.036874070606107
831,164,987,263,1.603658536585366,2.8858394622802734,756.0899391174316,17.91860327525887,1.1051744737900273
832,200,1176,356,1.78,2.4827966690063477,881.3928174972534,11.97470692395612,1.0812764004068358
833,161,945,259,1.608695652173913,2.4295167922973633,626.8153324127197,11.353394706564384,0.9569347847883576
834,163,1078,297,1.822085889570552,2.025398015975952,599.5178127288818,7.579126957999333,0.8023389381712024
835,287,1877,491,1.710801393728223,2.326132297515869,1139.8048257827759,10.238266288524128,0.8760739316665528
836,167,1029,280,1.6766467065868262,3.5605483055114746,993.3929772377014,35.18248260658159,1.3927727132310543
837,218,1510,372,1.7064220183486238,2.8367481231689453,1052.4335536956787,17.060197574802398,1.0055236217098704
838,298,2032,532,1.7852348993288591,2.7457594871520996,1457.998287677765,15.576439546626135,1.0351608756187558
839,182,1250,317,1.7417582417582418,3.307457208633423,1045.1564779281616,27.31557926949474,1.2062736541279473
840,301,1862,494,1.6411960132890366,2.92385196685791,1441.4590196609497,18.61284561588819,1.1168559502199351
841,258,1786,469,1.817829457364341,2.4161837100982666,1130.7739763259888,11.203023644199336,0.9134165778341534
842,303,1904,496,1.636963696369637,2.9463295936584473,1458.4331488609314,19.03595565377812,1.1050810248580574
843,277,1744,486,1.7545126353790614,2.3534858226776123,1141.440623998642,10.522184340415343,0.9442378025871815
844,194,1255,354,1.824742268041237,2.8637092113494873,1010.889351606369,17.526415699143513,1.1620757405975843
845,173,1055,279,1.6127167630057804,3.8680763244628906,1075.3252182006836,47.85024913473249,1.4704894404179798
846,89,606,150,1.6853932584269662,4.383916854858398,653.2036113739014,80.15136062214614,1.555071965049322
847,291,1671,531,1.824742268041237,3.782902479171753,2004.938313961029,43.94340162440173,1.7310081166007518
848,285,1689,521,1.8280701754385964,3.8696951866149902,2012.241497039795,47.92777482679854,1.718798596122141
849,294,1714,479,1.629251700680272,4.1419525146484375,1979.8533020019531,62.92556466801618,1.6664670597933824
850,95,491,148,1.5578947368421052,4.932102203369141,725.0190238952637,138.6707201988492,2.130308249132085
851,275,1709,523,1.9018181818181819,3.595423460006714,1876.8110461235046,36.43112384590344,1.5843569274008238
852,287,1813,578,2.013937282229965,3.296194314956665,1901.9041197299957,27.009652846810283,1.513440508428436
853,280,1752,519,1.8535714285714286,3.4512321949005127,1787.7382769584656,31.539230854930135,1.4721239421092231
854,261,2406,1127,4.318007662835249,3.692802667617798,4158.09580373764,40.157236775197205,2.493293514378014
855,173,1579,771,4.456647398843931,4.255747318267822,3276.925435066223,70.50949053443549,2.9940494455560156
856,199,1977,956,4.8040201005025125,3.9044301509857178,3728.7307941913605,49.62179492293219,2.721002238538109
857,276,2681,1277,4.6268115942028984,3.7951548099517822,4842.617537498474,44.48512261217494,2.605900897527405
858,161,1592,791,4.913043478260869,3.729527473449707,2946.3267040252686,41.65941833118002,2.670006862271344
859,263,2394,1136,4.319391634980988,3.7888357639312744,4300.3285920619965,44.20490536044567,2.591504901403868
860,225,2070,978,4.346666666666667,3.7939722537994385,3706.7108919620514,44.43254754935107,2.5834074501655837
861,258,2494,1233,4.77906976744186,3.9117910861968994,4819.32661819458,49.988405382996966,2.7878182086982757
862,236,2198,1074,4.5508474576271185,3.770190715789795,4045.41463804245,43.38833888814927,2.6552773597104022
863,205,1896,942,4.595121951219512,4.340550422668457,4084.457947731018,76.7497725287754,3.107925752062792
864,213,1974,981,4.605633802816901,3.845496892929077,3768.5869550704956,46.78192418391529,2.7542663177502753
865,120,1162,572,4.766666666666667,4.226704120635986,2413.448052883148,68.49112128815707,2.9964453849721537
866,373,3424,1717,4.603217158176943,3.4166955947875977,5863.049640655518,30.468567998191716,2.4703833647954245
867,339,2724,1386,4.088495575221239,3.202928304672241,4436.055701971054,24.604474205485584,2.349440367966538
868,322,2855,1396,4.3354037267080745,3.902564287185669,5444.077180624008,49.529293736236404,2.7510133627681355
869,110,997,483,4.390909090909091,4.513367176055908,2175.4429788589478,91.22848428986772,3.147944631230209
870,318,2872,1423,4.4748427672955975,3.3580029010772705,4775.080125331879,28.731753390415346,2.3986714542701084
871,415,3746,1872,4.510843373493976,3.1457817554473877,5885.757664442062,23.237834678176018,2.266778802553329
872,342,3089,1537,4.494152046783626,3.4878761768341064,5357.3778076171875,32.716390041213494,2.5021244400187452
873,137,914,380,2.7737226277372264,5.105550765991211,1935.003740310669,164.93488604629565,3.0542891687612665
874,153,1046,448,2.9281045751633985,4.579315185546875,2046.9538879394531,97.44763780099804,2.8232602514900877
875,127,834,356,2.8031496062992125,5.003068447113037,1776.0892987251282,148.86925642956447,3.0723683734372895
876,144,1002,434,3.013888888888889,4.810880661010742,2083.1113262176514,122.83975007467298,2.9992957883770837
877,132,1018,436,3.303030303030303,4.9058451652526855,2134.042646884918,135.07702418462597,3.024334718768594
878,162,1078,447,2.759259259259259,5.071410655975342,2261.8491525650024,159.39902600828054,3.0270487529169143
879,139,933,387,2.7841726618705036,4.908453464508057,1894.6630373001099,135.42980536566625,2.9297116485192816
880,129,1032,465,3.604651162790698,4.05273962020874,1880.4711837768555,57.55491987438567,2.6288240807843684
881,243,1318,437,1.7983539094650205,2.754342555999756,1200.8933544158936,15.710708595613305,1.3145090190078317
882,299,1583,543,1.8160535117056855,2.4750723838806152,1341.4892320632935,11.882567188295994,1.2225899320932767
883,206,1154,375,1.8203883495145632,2.4740562438964844,925.2970352172852,11.870498969200234,1.1567776811587849
884,237,1354,445,1.8776371308016877,2.9634854793548584,1315.7875528335571,19.3653517953018,1.4019794515039865
885,141,801,261,1.851063829787234,2.4639954566955566,640.6388187408447,11.751671158068296,1.1538657263400502
886,102,557,271,2.656862745098039,1.7227848768234253,465.15191674232483,5.600102363796557,1.2047977801510736
887,224,984,403,1.7991071428571428,3.8596179485321045,1551.566415309906,47.447220625348,2.274834525383605
888,229,942,402,1.755458515283843,3.7053067684173584,1485.8280141353607,40.66251938047951,2.2755803690095346
889,226,922,392,1.7345132743362832,3.977813243865967,1555.324978351593,53.400133388016854,2.433687237785876
890,253,1055,448,1.7707509881422925,3.7351419925689697,1669.6084706783295,41.89397377375236,2.283161953434912
891,266,1054,453,1.7030075187969924,3.830989122390747,1731.6070833206177,46.10812226253164,2.370190656427758
892,284,1162,508,1.7887323943661972,3.661329746246338,1856.2941813468933,38.91305296917793,2.3047043114115326
893,244,975,426,1.7459016393442623,3.5407040119171143,1504.7992050647736,34.491192856186224,2.2266321545442085
894,277,1152,501,1.8086642599277978,3.550882339477539,1775.4411697387695,34.844048207435364,2.2234550095244994
895,281,1883,600,2.1352313167259784,1.6946161985397339,1015.0751029253006,5.444555935641653,0.7777184371323342
896,283,1847,641,2.265017667844523,1.8367910385131836,1175.5462646484375,6.276365296690382,0.9182213136674856
897,285,1742,587,2.0596491228070177,1.8852251768112183,1104.741953611374,6.587837703297629,0.9149286670132689
898,310,1987,649,2.0935483870967744,2.2226150035858154,1440.2545223236084,9.231439577557627,1.0457212163936451
899,304,1983,668,2.1973684210526314,2.067582368850708,1379.0774400234222,7.9056869600335595,1.0033223316811086
900,311,1741,700,2.2508038585209005,2.1278469562530518,1487.3650224208832,8.396768725047512,1.2325181745194198
901,316,1718,618,1.9556962025316456,2.4969797134399414,1540.6364831924438,12.145754847179614,1.2937535588558509
902,258,1561,566,2.193798449612403,2.153871536254883,1216.9374179840088,8.618159409148033,1.1247082498384045
903,316,1812,655,2.0727848101265822,2.141723394393921,1400.6870999336243,8.51409814134113,1.1152121042557306
904,201,1111,395,1.9651741293532339,2.0020599365234375,788.8116149902344,7.404292773365785,1.0243155761854414
905,179,1121,375,2.094972067039106,2.05790638923645,769.6569895744324,7.829560586730392,0.9905266030727584
906,171,977,327,1.912280701754386,2.3373513221740723,761.9765310287476,10.353776394265969,1.1251788767542985
907,176,1063,367,2.085227272727273,2.225390672683716,814.49298620224,9.257098593116662,1.1054233227025536
908,174,1054,357,2.0517241379310347,2.409932851791382,857.9360952377319,11.133213544619885,1.1743265180257279
909,219,1255,447,2.041095890410959,2.3726658821105957,1058.2089834213257,10.725948317428337,1.216472392514819
910,167,973,326,1.9520958083832336,2.1686432361602783,704.8090517520905,8.74640917517206,1.0450406204896132
911,174,1179,395,2.2701149425287355,2.0575811862945557,810.6869874000549,7.827014804564207,0.9920051708526487
912,328,1971,574,1.75,2.3604700565338135,1352.5493423938751,10.595930968598665,0.9900133073715233
913,251,1378,452,1.800796812749004,2.703354597091675,1219.2129232883453,14.92973104654333,1.2764531481972656
914,353,2226,598,1.6940509915014164,2.044008255004883,1220.272928237915,7.721496983395578,0.7908722830637439
915,342,2022,619,1.8099415204678362,2.7193503379821777,1680.5585088729858,15.170463368988427,1.1990768677916952
916,333,2040,561,1.6846846846846846,2.665038824081421,1492.4217414855957,14.368507379268388,1.0554458065471273
917,91,581,169,1.8571428571428572,2.4192795753479004,406.43896865844727,11.23776043826283,1.0092383554347104
918,343,2182,774,2.2565597667638486,2.2639882564544678,1750.0629222393036,9.621385300626878,1.1571068282118657
919,340,1861,580,1.7058823529411764,2.6396703720092773,1528.3691453933716,14.008585224800768,1.1848310514275766
920,300,1734,535,1.7833333333333334,2.3957574367523193,1279.3344712257385,10.976508922476437,1.0644114747841276
921,327,1862,556,1.7003058103975535,2.8672094345092773,1591.301236152649,17.58786955364202,1.2329551030923223
922,268,1661,480,1.791044776119403,2.288132429122925,1096.015433549881,9.856512745438826,0.9519663038652503
923,281,1752,577,2.0533807829181496,2.3066067695617676,1328.6054992675781,10.040297743608587,1.0940482677460848
924,165,1119,372,2.2545454545454544,2.192758083343506,813.5132489204407,8.959891193616388,1.048839615652358
925,198,1145,407,2.0555555555555554,2.7026760578155518,1097.286479473114,14.919604073809221,1.38257621167718
926,161,980,321,1.9937888198757765,2.3118183612823486,739.7818756103516,10.092760264076876,1.089060860492439
927,136,883,329,2.4191176470588234,2.0391056537628174,668.8266544342041,7.683734206250483,1.092766588410626
928,134,840,279,2.082089552238806,2.4510841369628906,681.4013900756836,11.600916886900997,1.1703028646631368
929,141,963,311,2.2056737588652484,1.474495530128479,457.0936143398285,4.368831273173581,0.6847836870509687
930,223,1383,483,2.1659192825112106,2.3017375469207764,1109.4374976158142,9.991528129924552,1.1573246391804746
931,213,1350,449,2.107981220657277,2.212641477584839,991.2633819580078,9.139827183599452,1.0593264928634372
932,98,512,178,1.816326530612245,2.7432851791381836,485.5614767074585,15.537946279166341,1.3681975283058052
933,176,1180,383,2.1761363636363638,1.9518202543258667,745.5953371524811,7.041493230797346,0.9115819452710333
934,223,1743,764,3.4260089686098656,4.177613735198975,3187.5192799568176,65.21005893642449,2.6383352024851754
935,227,1671,720,3.171806167400881,4.780716419219971,3437.335105419159,119.18970926320947,2.9676997668831615
936,209,1770,785,3.7559808612440193,3.870532512664795,3034.497489929199,47.96792280729945,2.473364113169979
937,250,1738,762,3.048,4.6878275871276855,3567.4367938041687,108.61696243214325,2.961290777391311
938,228,1760,876,3.8421052631578947,3.417309045791626,2990.1454150676727,30.487264705992263,2.45106134196307
939,229,1482,637,2.7816593886462884,4.521369934082031,2875.591278076172,91.9614929079592,2.7993260975061065
940,204,1406,630,3.088235294117647,4.308888912200928,2710.2911257743835,74.35782495330474,2.781026718719821
941,262,1774,814,3.1068702290076335,4.24641227722168,3452.3331813812256,69.854344212667,2.8075896055665797
942,191,1453,660,3.4554973821989527,3.8978850841522217,2568.706270456314,49.29807749049255,2.550488505084452
943,271,1746,420,1.5498154981549817,2.731529474258423,1144.5108497142792,15.356356219104361,0.9456930854103117
944,252,1588,445,1.7658730158730158,2.9605555534362793,1314.486665725708,19.308695788635656,1.1942086863709998
945,275,1601,427,1.5527272727272727,2.8892667293548584,1230.8276267051697,17.980120472002287,1.1091248677305938
946,272,1712,475,1.7463235294117647,3.435220956802368,1628.2947335243225,31.038269924783705,1.3721569726408622
947,271,1733,433,1.5977859778597785,3.303179979324341,1426.9737510681152,27.198993782421095,1.1879330375907051
948,268,1446,442,1.6492537313432836,3.9955623149871826,1762.0429809093475,54.356397448662065,1.7580156780021592
949,269,1509,466,1.7323420074349443,3.847491979598999,1789.0837705135345,46.8753513438991,1.710472023495563
950,264,1509,418,1.5833333333333333,3.3164174556732178,1382.9460790157318,27.561433419860485,1.3221798873511152
951,289,1642,478,1.6539792387543253,3.47115159034729,1655.7393085956573,32.17377212456452,1.4547666805821413
952,328,2155,719,2.192073170731707,1.6842639446258545,1209.3015122413635,5.388483250256932,0.809583895429299
953,221,1370,479,2.167420814479638,2.1639604568481445,1034.373098373413,8.705547419193344,1.0892590798921715
954,249,1718,569,2.285140562248996,1.7653223276138306,1002.7030820846558,5.843455561653147,0.8420225634502981
955,346,2346,750,2.167630057803468,1.8794749975204468,1407.7267731428146,6.55006515889412,0.8656949848848089
956,223,1557,519,2.327354260089686,1.9955224990844727,1033.6806545257568,7.3560455510117135,0.9577944471080073
957,358,2289,752,2.100558659217877,2.0192556381225586,1516.4609842300415,7.532715779840664,0.9557845092399639
958,301,2038,665,2.2093023255813953,1.8101788759231567,1201.958773612976,6.111540541918538,0.8508635731326893
959,394,2476,880,2.233502538071066,1.8495771884918213,1625.778348684311,6.357131086108731,0.9472949762647429
960,306,2073,710,2.320261437908497,1.9557199478149414,1386.6054430007935,7.069006507909069,0.9650018313009595
961,276,1825,619,2.2427536231884058,2.0662808418273926,1276.9615602493286,7.895404187921653,1.009460882398652
962,271,1748,597,2.2029520295202953,2.136185884475708,1273.166787147522,8.467081536041,1.0507960011683437
963,174,1144,386,2.218390804597701,2.2956349849700928,883.8194692134857,9.930739881208995,1.1145821374785068
964,512,2928,1130,2.20703125,2.102745532989502,2373.9997067451477,8.188621207743202,1.169725957647909
965,498,2966,1200,2.4096385542168677,1.786415457725525,2141.9121338129044,5.968021453948583,1.04184963367221
966,441,2545,938,2.126984126984127,2.4588446617126465,2303.9374480247498,11.691296331884494,1.3060428804651003
967,146,812,291,1.9931506849315068,3.117788076400757,904.1585421562195,22.596342940687588,1.6064347844164686
968,415,2593,966,2.327710843373494,2.0898525714874268,2016.7077314853668,8.083723305147275,1.1220571705115194
969,508,3179,1191,2.344488188976378,1.9716874361038208,2346.3080489635468,7.182786761524355,1.0648024493984172
970,443,2776,1023,2.309255079006772,2.1223015785217285,2168.9922132492065,8.350334337845695,1.1272313796042535
971,189,1120,496,2.624338624338624,4.9240336418151855,2437.396652698517,137.55634869036402,3.139660771006705
972,246,1419,658,2.6747967479674797,4.6354498863220215,3045.490575313568,103.07427927419239,3.096345419365018
973,176,1067,467,2.653409090909091,4.958971977233887,2310.880941390991,142.44728155144526,3.1245515222395523
974,143,827,353,2.4685314685314683,5.192032814025879,1827.5955505371094,179.83375018672768,3.1882261638580682
975,120,775,344,2.8666666666666667,5.048122406005859,1731.5059852600098,155.7297924896971,3.2232710944569996
976,93,542,294,3.161290322580645,3.9020328521728516,1143.2956256866455,49.502979128256186,3.043223117063041
977,194,1298,557,2.8711340206185567,4.9517998695373535,2753.2007274627686,141.42928924602032,3.06011481978615
978,238,1522,642,2.697478991596639,4.815578460693359,3086.7857933044434,123.41818423368711,2.9259464890189393
979,166,1129,478,2.8795180722891565,5.099471569061279,2432.44793844223,163.935255946101,3.108308749345605
980,199,1405,602,3.0251256281407035,4.711620330810547,2831.6838188171387,111.23224700290713,2.9076556603366606
981,125,861,364,2.912,5.0633978843688965,1838.0134320259094,158.12690144670688,3.0797826521150795
982,93,616,347,3.7311827956989245,3.7919921875,1312.029296875,44.34465520440186,3.0728216884782404
983,274,1891,617,2.2518248175182483,2.1558473110198975,1328.0019435882568,8.635203783407118,1.0131685977290763
984,284,1802,602,2.119718309859155,2.168107748031616,1303.0327565670013,8.74172683067217,1.0432180333047107
985,285,1834,600,2.1052631578947367,1.709873914718628,1024.2144749164581,5.528264400906883,0.8056865560352605
986,291,1816,615,2.11340206185567,2.1865780353546143,1342.5589137077332,8.904689386666012,1.0665765897067292
987,308,1902,714,2.3181818181818183,1.9291942119598389,1375.515473127365,6.883960992685513,1.0433487653769116
988,263,1579,548,2.0836501901140685,2.307891845703125,1262.4168395996094,10.05320858462113,1.153440477533296
989,260,1574,561,2.1576923076923076,2.210700035095215,1237.9920196533203,9.12209994852921,1.134717247404039
990,314,1888,671,2.1369426751592355,2.3771955966949463,1592.721049785614,10.77464400747873,1.2170607839222296
991,223,1432,522,2.3408071748878925,2.112298011779785,1100.507264137268,8.267217635849617,1.1087265170622327
992,450,1893,819,1.82,3.5077199935913086,2869.3149547576904,33.372092392227906,2.1867651642775807
993,412,1709,733,1.779126213592233,3.607454776763916,2640.6568965911865,36.872085592758324,2.2291764829732856
994,467,1916,855,1.8308351177730193,3.7446300983428955,3197.9141039848328,42.293359941112506,2.4079409285009348
995,421,1706,759,1.8028503562945368,3.796867847442627,2878.0258283615112,44.561392603020124,2.4338297714698145
996,278,1130,490,1.7625899280575539,3.8247315883636475,1870.2937467098236,45.820499960248426,2.3878438171538954
997,419,1695,819,1.954653937947494,2.9531424045562744,2415.6704869270325,19.16608679600927,2.056091936230948
998,449,1837,895,1.9933184855233852,2.797436475753784,2500.908209323883,16.402544508521153,1.964097915792087
999,415,1650,709,1.7084337349397591,3.4163997173309326,2418.8109998703003,30.459554369314734,2.1149131117336712
1000,505,2135,1018,2.015841584158416,2.7051661014556885,2751.153925180435,14.956800830601104,1.859052048983616
1001,229,1329,398,1.737991266375546,3.910689353942871,1552.5436735153198,49.93336187163271,1.685362722757025
1002,266,1493,434,1.631578947368421,3.779411554336548,1636.4852030277252,43.79026596039037,1.58134567106247
1003,179,1116,339,1.893854748603352,3.914968967437744,1323.2595109939575,50.14751528100011,1.7106271812904457
1004,252,1454,435,1.7261904761904763,3.7492518424987793,1627.1752996444702,42.48928143100489,1.6145238895832807
1005,136,838,242,1.7794117647058822,3.8435075283050537,926.285314321518,46.68895038895192,1.5946864312886977
1006,93,557,250,2.6881720430107525,2.4920003414154053,620.5080850124359,12.085426937477825,1.607188396910141
1007,209,1844,835,3.9952153110047846,4.189877986907959,3494.358241081238,66.01473580696674,2.7338900789031357
1008,216,1879,836,3.8703703703703702,4.453874111175537,3718.9848828315735,85.9593157096532,2.85543429888352
1009,223,1977,906,4.062780269058296,3.673739194869995,3324.7339713573456,39.39895112946589,2.42618978894907
1010,230,1891,877,3.8130434782608695,4.250744819641113,3723.6524620056152,70.15764768529027,2.8408751670700583
1011,217,1984,884,4.073732718894009,3.535902976989746,3122.202328681946,34.325996309107325,2.2703557541539396
1012,206,1633,722,3.504854368932039,4.191834449768066,3022.312638282776,66.14401761207981,2.670101319820331
1013,182,1551,690,3.791208791208791,4.153808116912842,2861.973792552948,63.676024924061764,2.662124692243918
1014,233,1952,852,3.6566523605150216,4.296664237976074,3656.461266517639,73.45435831121169,2.7024377747989634
1015,180,1528,702,3.9,3.8408126831054688,2692.4096908569336,46.56330027496709,2.542098238900972
1016,271,1518,549,2.025830258302583,2.640500783920288,1446.9944295883179,14.020222952212817,1.375211915521094
1017,309,1694,607,1.964401294498382,2.7431721687316895,1662.3623342514038,15.5361904287578,1.4157508239581476
1018,222,1246,437,1.9684684684684686,2.8707330226898193,1251.6395978927612,17.649951273897823,1.4492249124078194
1019,255,1510,552,2.164705882352941,2.6388909816741943,1454.028930902481,13.997671322515822,1.389218760213305
1020,136,872,295,2.1691176470588234,2.507935047149658,737.3329038619995,12.279547176357642,1.2198928026215201
1021,114,691,317,2.780701754385965,2.2389490604400635,707.5079030990601,9.383464649521397,1.4771608439808441
1022,307,1967,530,1.726384364820847,1.7898799180984497,946.8464766740799,5.98873328472292,0.6944640144285118
1023,195,1158,333,1.7076923076923076,2.5478835105895996,845.8973255157471,12.780026347789054,1.053861724199314
1024,231,1617,403,1.7445887445887447,2.1952927112579346,882.5076699256897,8.982629988965213,0.7873775132642342
1025,323,2182,560,1.7337461300309598,2.0664689540863037,1155.1561453342438,7.896889549941482,0.7637662888754007
1026,210,1361,352,1.6761904761904762,2.501788854598999,878.1278879642487,12.204306174675404,0.9308381698988397
1027,332,2053,563,1.6957831325301205,2.128396511077881,1196.158839225769,8.401384478001821,0.84057107913615
1028,285,1882,508,1.7824561403508772,1.8499269485473633,937.9129629135132,6.35935494551642,0.7189810735285864
1029,342,2105,604,1.7660818713450293,1.9418530464172363,1170.9373869895935,6.971657813988494,0.80252045672274
1030,299,1887,514,1.7190635451505016,2.02728009223938,1039.9946873188019,7.593404884803434,0.7951219808933246
1031,225,1455,387,1.72,2.5099189281463623,968.8287062644958,12.303932517458403,0.9606353058410024
1032,223,1408,379,1.6995515695067265,2.8439629077911377,1075.01797914505,17.18372831390888,1.101507888763522
1033,143,890,242,1.6923076923076923,2.98285174369812,718.867270231247,19.74404138297659,1.1652879166516925
1034,397,2203,763,1.9219143576826196,2.4699950218200684,1882.136206626892,11.822387997525194,1.2325685753872824
1035,377,2058,745,1.976127320954907,2.5073139667510986,1865.4415912628174,12.271922958174535,1.3077081306039278
1036,377,2094,658,1.7453580901856764,2.9205446243286133,1918.797818183899,18.551388246298636,1.3219866746716686
1037,120,672,217,1.8083333333333333,3.2926676273345947,711.2162075042725,26.91456600778186,1.5268870469736158
1038,354,2061,712,2.0112994350282487,2.1937177181243896,1559.733297586441,8.968493543735745,1.0918095553310765
1039,424,2434,830,1.9575471698113207,2.263272523880005,1876.252922296524,9.614501425556444,1.1121038563889158
1040,369,2223,715,1.937669376693767,2.528075933456421,1805.0462164878845,12.529375577351324,1.1714490441306602
1041,166,1018,297,1.7891566265060241,2.3826746940612793,705.2717094421387,10.83384135700977,0.9995009800505456
1042,194,1069,373,1.922680412371134,2.149606227874756,799.6535167694092,8.581478584723556,1.079191920554393
1043,147,852,260,1.7687074829931972,2.3845040798187256,617.5865566730499,10.853678771696252,1.0457618106008215
1044,120,748,254,2.1166666666666667,2.319566488265991,586.8503215312958,10.171263987891612,1.1318797441407675
1045,115,713,225,1.9565217391304348,2.2273223400115967,498.92020416259766,9.274997509830692,1.0095227269911484
1046,130,827,230,1.7692307692307692,1.819612741470337,416.69131779670715,6.169468807789468,0.7269147494157152
1047,205,1184,431,2.102439024390244,2.4311141967773438,1045.3791046142578,11.37154516308237,1.2737865287803503
1048,188,1200,380,2.021276595744681,2.539325475692749,962.4043552875519,12.671121108425284,1.1570466589194093
1049,76,422,154,2.026315789473684,3.108175277709961,475.550817489624,22.380169525252008,1.6257696826610737
1050,167,1023,294,1.7604790419161678,2.3848555088043213,698.7626640796661,10.857493739322809,0.9854363931828884
1051,184,1124,502,2.7282608695652173,4.379800319671631,2194.279960155487,79.82209291191226,2.8164384491444427
1052,170,1030,464,2.7294117647058824,4.465138912200928,2067.3593163490295,86.93310476995164,2.8956980907110124
1053,151,923,403,2.6688741721854305,5.080499172210693,2042.3606672286987,160.85432990312913,3.192311599477268
1054,184,1054,454,2.467391304347826,4.7737202644348145,2162.495279788971,118.3587497584193,2.959982178460474
1055,182,1074,458,2.5164835164835164,4.805385112762451,2196.06099653244,122.16652985276419,2.9499500085540284
1056,208,1186,538,2.5865384615384617,4.506797790527344,2420.1504135131836,90.63113346761683,2.943962057150796
1057,159,981,450,2.830188679245283,4.463173866271973,2003.9650659561157,86.76244495843152,2.947105466635691
1058,199,1235,552,2.7738693467336684,4.236307621002197,2334.2054991722107,69.15204430416001,2.72675845997692
1059,250,1587,469,1.876,2.2531607151031494,1054.479214668274,9.517771308090937,0.9585960514949007
1060,269,1522,464,1.724907063197026,2.224623680114746,1030.0007638931274,9.25000118946139,0.9763317964391978
1061,243,1561,442,1.8189300411522633,1.93523108959198,853.4369105100632,6.925644314788411,0.7887566934685882
1062,285,1609,495,1.736842105263158,2.342698574066162,1157.293095588684,10.40928893216924,1.0376762025238233
1063,292,1554,568,1.9452054794520548,2.075883150100708,1177.0257461071014,7.97158345594705,1.0927214973663752
1064,232,1326,436,1.8793103448275863,2.5877268314361572,1125.6611716747284,13.299505198776671,1.2247253318977307
1065,231,1299,414,1.7922077922077921,2.6012747287750244,1074.326462984085,13.480911592782943,1.1931681758606005
1066,299,1590,534,1.785953177257525,2.5453553199768066,1356.674385547638,12.74775681409963,1.230985791277144
1067,212,1192,389,1.8349056603773586,2.5308308601379395,981.9623737335205,12.563940678730825,1.188483428628276
1068,308,1711,615,1.9967532467532467,2.496999979019165,1533.1579871177673,12.14600099043081,1.2927407509725939
1069,310,1579,557,1.7967741935483872,2.4512083530426025,1362.871844291687,11.60235799682041,1.245223844918817
1070,339,1870,677,1.9970501474926254,2.452360153198242,1657.7954635620117,11.615729293619557,1.2789803711706602
1071,326,1721,606,1.8588957055214723,2.7635610103607178,1671.9544112682343,15.856206648996647,1.4015806727072098
1072,201,1044,358,1.7810945273631842,2.6478798389434814,945.2931025028229,14.124061593165871,1.3062927884744877
1073,300,1590,561,1.87,2.7663466930389404,1549.1541481018066,15.900438588671744,1.4056333377604047
1074,334,1775,657,1.967065868263473,2.5633108615875244,1681.531925201416,12.978716994457708,1.3667255039912982
1075,321,1623,567,1.766355140186916,2.5948081016540527,1468.6613855361938,13.394016825100573,1.3055024631288854
1076,354,1934,716,2.022598870056497,2.274055242538452,1625.9494984149933,9.718732828528662,1.2129003506200664
1077,268,2213,956,3.5671641791044775,3.805858850479126,3634.5952022075653,44.9638507593169,2.3694588675389396
1078,182,1347,598,3.2857142857142856,4.973598480224609,2969.238292694092,144.54609890287597,3.1801821529973116
1079,206,1805,768,3.7281553398058254,4.326381206512451,3318.33438539505,75.66995655075408,2.652268455302363
1080,288,2494,1066,3.701388888888889,4.051183223724365,4314.510133266449,57.465411272939576,2.4957988665311492
1081,185,1653,718,3.881081081081081,4.232598781585693,3034.773326396942,68.89604549919115,2.6486705554839514
1082,274,2248,961,3.5072992700729926,4.226681709289551,4057.6144409179688,68.48958632711046,2.604048145797063
1083,237,2021,846,3.569620253164557,4.0591607093811035,3429.9907994270325,57.92567419662829,2.448506044843222
1084,288,2281,995,3.454861111111111,4.54684591293335,4519.5648374557495,94.33439967941919,2.85855053834877
1085,237,1906,817,3.4472573839662446,4.178356647491455,3409.5390243530273,65.25852229058351,2.580758154329227
1086,209,1670,709,3.3923444976076556,4.715476036071777,3338.5570335388184,111.66195364161719,2.8841435185697137
1087,208,1717,747,3.5913461538461537,4.671187400817871,3484.705801010132,106.8245106665381,2.927995211458544
1088,125,984,420,3.36,5.05960750579834,2119.9755449295044,157.5286750964288,3.1082095584102376
1089,396,2761,1290,3.257575757575758,4.1190032958984375,5309.395248413086,61.497916482080726,2.7742985132216536
1090,334,2232,1060,3.1736526946107784,3.8256449699401855,4051.3580231666565,45.862370679800854,2.618671204699037
1091,335,2306,1053,3.1432835820895524,4.615485191345215,4855.490421295166,101.03683884158437,3.0377241768804857
1092,109,766,330,3.0275229357798166,5.333670139312744,1754.7774758338928,207.1970223351568,3.3049722744767758
1093,319,2269,1060,3.322884012539185,3.803987979888916,4028.423270702362,44.879807854521765,2.5613866351890686
1094,402,2989,1404,3.4925373134328357,3.704166889190674,5196.946145534515,40.61619542620545,2.508400278330431
1095,319,2430,1103,3.457680250783699,4.087143421173096,4504.0320501327515,59.569483502490144,2.6740513179964904
1096,282,2156,1084,3.8439716312056738,3.0815248489379883,3337.2914113998413,21.791605981775696,2.233160375337607
1097,211,1595,827,3.919431279620853,3.521012306213379,2908.356164932251,33.81864596707245,2.6306401356028855
1098,244,1784,918,3.762295081967213,3.2354252338409424,2966.884939432144,25.4171777252685,2.399277011775172
1099,329,2447,1229,3.735562310030395,3.2670445442199707,4011.930700302124,26.23369214127835,2.3653422663326773
1100,217,1619,854,3.935483870967742,3.1365373134613037,2675.466328382492,23.024003760194606,2.384114888216692
1101,303,2293,1093,3.607260726072607,3.1690173149108887,3460.5669078826904,23.784100587864454,2.1772973033871836
1102,263,2038,995,3.783269961977186,3.1616692543029785,3142.6992387771606,23.6099741046974,2.224708835519789
1103,365,2633,1373,3.7616438356164386,2.9359779357910156,4028.1617279052734,18.839918359727214,2.2071435430108837
1104,289,2240,1187,4.107266435986159,3.0648581981658936,3634.9218230247498,21.431422756648086,2.3411087893289633
1105,254,1998,1050,4.133858267716535,3.313598155975342,3475.9644656181335,27.48383891143027,2.509888236663432
1106,271,2018,1062,3.918819188191882,3.019737958908081,3203.941974401474,20.48592282720648,2.2905407322918734
1107,150,1120,580,3.8666666666666667,3.5550248622894287,2058.359395265579,34.98868985581375,2.651415082068622
1108,513,3586,1932,3.7660818713450293,2.7772696018218994,5362.907601118088,16.07506963219964,2.1575683772668133
1109,512,3385,1804,3.5234375,2.4544758796691895,4425.420011043549,11.640331015645634,1.8861245210585846
1110,460,3185,1675,3.641304347826087,2.978200674057007,4985.507928371429,19.652423696786272,2.2582629716088136
1111,151,1081,548,3.629139072847682,3.5979793071746826,1968.0946810245514,36.52435532256195,2.6266053989954363
1112,483,3293,1764,3.652173913043478,2.5595388412475586,4512.466977119446,12.929853225469897,1.9769552778820032
1113,587,4184,2206,3.75809199318569,2.4516520500183105,5405.892770290375,11.607507070204353,1.8640188076662103
1114,509,3573,1864,3.662082514734774,2.647096872329712,4931.541473150253,14.113007252642108,1.9912427728105582
1115,426,1795,795,1.8661971830985915,3.0967276096343994,2458.801722049713,22.125429643803045,1.9762122846408716
1116,385,1602,692,1.7974025974025973,3.499560594558716,2418.1963708400726,33.10090404536129,2.177727785334995
1117,407,1719,745,1.8304668304668306,3.4037656784057617,2532.4016647338867,30.07714792928938,2.12535388205383
1118,459,1900,856,1.8649237472766884,3.3679161071777344,2879.568271636963,29.017993618485207,2.186494139679921
1119,427,1728,752,1.7611241217798594,3.62261700630188,2720.585371732712,37.43540844125909,2.2713975833992133
1120,410,1712,812,1.9804878048780488,3.0484421253204346,2472.2865636348724,21.08247497200457,2.083385259937177
1121,440,1760,774,1.759090909090909,3.4999477863311768,2705.4596388339996,33.11372292459081,2.217700684244919
1122,383,1597,752,1.9634464751958225,3.119537830352783,2342.77291059494,22.635915592154618,2.1164100563834207
1123,375,1595,739,1.9706666666666666,3.0032949447631836,2216.4316692352295,20.151826808670076,2.004786819858879
1124,286,1830,465,1.6258741258741258,1.9849640130996704,921.0233020782471,7.2787854398139915,0.7260960384980683
1125,257,1653,491,1.9105058365758756,2.170866012573242,1063.7243461608887,8.765872110047615,0.9283907072469262
1126,289,1674,477,1.6505190311418685,1.9720966815948486,938.718020439148,7.185726886194871,0.8090106528558323
1127,277,1787,489,1.7653429602888087,2.7722761631011963,1352.8707675933838,15.994999835246942,1.092210379054628
1128,275,1721,487,1.770909090909091,2.3491110801696777,1141.6679849624634,10.476253035375484,0.957047495785614
1129,278,1543,551,1.9820143884892085,2.5347626209259033,1394.1194415092468,12.61343632679619,1.3034926796320685
1130,279,1530,488,1.7491039426523298,3.141512632369995,1529.9166519641876,23.13884096041535,1.4426164488641697
1131,259,1531,470,1.8146718146718146,2.426767587661743,1138.1539986133575,11.322224767110283,1.0725075960597226
1132,316,1789,582,1.8417721518987342,2.090177059173584,1214.3928713798523,8.086346799440875,0.9793172572557975
1133,286,1937,834,2.9160839160839163,4.376549243927002,3645.6655201911926,79.56300662453403,2.715324505276054
1134,267,1689,728,2.7265917602996255,4.567631721496582,3320.668261528015,96.31573696498417,2.8364189658637318
1135,281,1850,858,3.0533807829181496,4.614780426025391,3954.8668251037598,100.96565666785419,3.084144192407283
1136,254,1625,755,2.97244094488189,4.644941806793213,3502.2861223220825,104.05731018065045,3.109372812583573
1137,168,1097,479,2.8511904761904763,4.991514205932617,2385.943790435791,147.1590840342804,3.1378206693724087
1138,236,1688,834,3.5338983050847457,3.625596046447754,3020.121506690979,37.54709630459765,2.5812288629059124
1139,265,1830,905,3.4150943396226414,3.567838668823242,3225.326156616211,35.43991292708763,2.5427115034970864
1140,262,1660,758,2.8931297709923665,4.270633697509766,3232.8697090148926,71.56697306520161,2.8096657211059832
1141,279,2050,1007,3.609318996415771,3.2992467880249023,3319.0422687530518,27.092225045299152,2.3357882056736012
1142,247,1915,915,3.7044534412955468,4.443051815032959,4060.9493589401245,85.03405429603889,3.0593793741222624
1143,203,1460,684,3.3694581280788176,4.568497180938721,3120.2835745811462,96.39913041058423,3.083299752887334
1144,269,2316,1132,4.20817843866171,4.070074081420898,4603.253786087036,58.56130073557061,2.867483337280273
1145,275,2278,1075,3.909090909090909,4.340498924255371,4661.695844650269,76.74582013905723,2.952329006676747
1146,242,2015,942,3.8925619834710745,4.567575931549072,4298.088951587677,96.31036366496399,3.0773357894566677
1147,80,643,301,3.7625,5.226871013641357,1568.0613040924072,186.20924483575595,3.5182492491819546
1148,355,2744,1369,3.8563380281690143,2.816091775894165,3852.413549423218,16.71141093978778,2.025458426824463
1149,265,2090,1051,3.9660377358490564,3.8460304737091064,4038.3319973945618,46.80689278030178,2.787598825887252
1150,232,1885,880,3.793103448275862,4.6170244216918945,4058.3644666671753,101.19247756125348,3.106091400626375
1151,254,2012,953,3.751968503937008,4.630813121795654,4408.534091949463,102.59745442903102,3.1611184254698905
1152,236,1935,908,3.847457627118644,3.8636467456817627,3504.3275983333588,47.638761433014466,2.612752479465565
1153,245,1951,938,3.8285714285714287,3.8356378078460693,3593.992625951767,46.322963397397224,2.657629594286067
1154,246,1417,449,1.8252032520325203,2.97176194190979,1331.349349975586,19.52629349958762,1.3554912525762335
1155,275,1534,478,1.7381818181818183,2.7216668128967285,1298.2350697517395,15.205646101050215,1.220963035879382
1156,193,1212,385,1.994818652849741,2.7524611949920654,1056.9450988769531,15.681178867807647,1.2581266110904912
1157,259,1481,471,1.8185328185328185,2.9570767879486084,1389.826090335846,19.241642063828657,1.3538792763170975
1158,133,827,249,1.8721804511278195,2.6668450832366943,661.3775806427002,14.394484080534477,1.1537680238795212
1159,96,553,256,2.6666666666666665,1.8098180294036865,461.50359749794006,6.109335611630022,1.2039944872743116
1160,162,1049,290,1.7901234567901234,2.408205986022949,695.9715299606323,11.114004569691192,0.9571731886311811
1161,175,1014,311,1.7771428571428571,2.831576108932495,877.7885937690735,16.97218977504749,1.2488966974157192
1162,161,1007,265,1.6459627329192548,2.33717679977417,617.0146751403809,10.35196958603043,0.8839761787296347
1163,128,872,269,2.1015625,2.407374382019043,645.1763343811035,11.104765960956037,1.0674228189341028
1164,131,793,240,1.83206106870229,2.4041454792022705,574.5907695293427,11.068967576719222,1.0453458433046103
1165,140,950,227,1.6214285714285714,1.7605847120285034,397.8921449184418,5.8158369902574565,0.604249499244746
1166,201,1252,419,2.084577114427861,2.458953380584717,1027.8425130844116,11.692567465531592,1.1843956041866854
1167,207,1284,352,1.7004830917874396,2.483365058898926,871.661135673523,11.981515161021555,0.9793934562085931
1168,79,398,145,1.8354430379746836,3.313206672668457,477.1017608642578,27.47308155308783,1.7294280010006453
1169,177,1132,303,1.7118644067796611,2.2876272201538086,690.8634204864502,9.851534404452769,0.8804816525330287
1170,252,1899,984,3.9047619047619047,3.21244478225708,3157.8332209587097,24.8397398071271,2.399047039405768
1171,236,1756,932,3.9491525423728815,3.413763999938965,3178.2142839431763,30.37937730057508,2.611158306564515
1172,213,1756,935,4.389671361502347,3.001783847808838,2803.6661138534546,20.12139844045231,2.3034369013467035
1173,263,1835,942,3.581749049429658,3.328854560852051,3132.45214176178,27.906358353907965,2.462764670703941
1174,252,1813,994,3.9444444444444446,2.661663293838501,2643.0316507816315,14.320087814891194,2.1031928601738725
1175,205,1513,793,3.868292682926829,3.234739065170288,2561.913339614868,25.399743236401044,2.4428682552872787
1176,222,1578,846,3.810810810810811,2.997694969177246,2533.052248954773,20.039292459420718,2.315856728694352
1177,294,2014,1062,3.6122448979591835,3.0869035720825195,3275.204689979553,21.909132785953354,2.3461378173434837
1178,204,1454,791,3.877450980392157,2.9818003177642822,2355.622251033783,19.72329289548812,2.3373071112614414
1179,132,1058,437,3.3106060606060606,4.668797016143799,2035.5954990386963,106.56946394475645,2.775750029980172
1180,143,961,430,3.006993006993007,4.889289855957031,2097.5053482055664,132.85919137929147,3.1488663518150353
1181,117,925,400,3.4188034188034186,4.551545143127441,1816.0665121078491,94.77874195435986,2.8324650280459576
1182,110,765,321,2.918181818181818,3.9513137340545654,1264.420394897461,52.00364093206248,2.384539912833244
1183,94,690,306,3.25531914893617,5.033522605895996,1535.2243947982788,153.47268539689316,3.2099429290249812
1184,107,889,366,3.4205607476635516,4.012186527252197,1464.448082447052,55.267582620833075,2.3765489158444475
1185,178,1314,623,3.5,3.576582431793213,2224.6342725753784,35.75114983334251,2.442518137622622
1186,174,1190,499,2.867816091954023,4.594218730926514,2287.920928001404,98.91082938111319,2.7737581317426057
1187,68,439,190,2.7941176470588234,5.006054878234863,946.1443719863892,149.3145087367973,3.1093343813889898
1188,146,1074,460,3.1506849315068495,4.528697490692139,2078.6721482276917,92.6378208426313,2.792262569722625
1189,220,1873,809,3.6772727272727272,3.8543906211853027,3114.3476219177246,47.1998455898796,2.398854174984003
1190,207,1647,716,3.4589371980676327,4.328450679779053,3094.8422360420227,75.8267156513585,2.710937186564382
1191,212,1574,684,3.2264150943396226,4.66500997543335,3186.201813220978,106.1666442749768,2.9204050541329916
1192,230,1790,777,3.378260869565217,4.802589416503906,3726.8093872070312,121.825466319501,3.0037147604815755
1193,238,1751,775,3.2563025210084033,4.801058292388916,3716.019118309021,121.63907913756671,3.0617260730057128
1194,241,1627,775,3.215767634854772,3.7170965671539307,2877.0327429771423,41.14475947099344,2.55112530471315
1195,227,1549,711,3.13215859030837,4.6416826248168945,3295.594663619995,103.71872053315948,3.0694241949546153
1196,210,1473,674,3.2095238095238097,4.148180961608887,2791.7257871627808,63.31871630107601,2.734289849736308
1197,232,1660,775,3.3405172413793105,4.162832260131836,3222.032169342041,64.25324704295173,2.8002468869243806
1198,269,1778,498,1.8513011152416357,1.9149781465530396,951.7441388368607,6.786790480612907,0.7722590266001552
1199,193,1103,356,1.8445595854922279,2.3879027366638184,847.7054715156555,10.890629457130405,1.1087765003536507
1200,203,1451,410,2.019704433497537,2.1053595542907715,861.0920577049255,8.210054439265516,0.8561635019984626
1201,293,2013,547,1.8668941979522184,2.115785598754883,1155.218936920166,8.296100613068347,0.8279327528245125
1202,188,1254,360,1.9148936170212767,2.4413087368011475,876.4298365116119,11.488065763189997,1.0083101904485068
1203,297,1974,566,1.9057239057239057,2.224827527999878,1257.027553319931,9.25188697484148,0.918696766684626
1204,277,1849,548,1.9783393501805053,1.8572964668273926,1015.9411673545837,6.406393440674152,0.7926951238385086
1205,345,2031,606,1.7565217391304349,2.0035293102264404,1212.1352326869965,7.415180443525486,0.8610248592241849
1206,268,1681,507,1.8917910447761195,2.0113916397094727,1017.7641696929932,7.473710826415848,0.8734820466451843
1207,220,1420,401,1.8227272727272728,2.4230427742004395,969.2171096801758,11.280130038061886,0.9847075476622001
1208,227,1364,389,1.7136563876651982,2.7086122035980225,1050.9415349960327,15.008432406732055,1.1115748832866654
1209,131,798,226,1.7251908396946565,2.6781811714172363,602.5907635688782,14.558589621438761,1.08941692517082
1210,435,2296,823,1.8919540229885057,2.099776029586792,1726.015896320343,8.164341136921468,1.0845446751380132
1211,420,2092,788,1.8761904761904762,2.0658657550811768,1625.836349248886,7.892127590370384,1.1212170355441609
1212,410,2151,722,1.7609756097560976,2.7357263565063477,1972.4587030410767,15.420940469361907,1.3229457876502269
1213,132,693,223,1.6893939393939394,3.2129106521606445,713.2661647796631,24.851314590277823,1.4848853661782253
1214,372,2021,728,1.956989247311828,2.034148693084717,1478.826099872589,7.645740482423372,1.0556630779927518
1215,456,2501,924,2.026315789473684,1.9715913534164429,1819.7788192033768,7.182096653223706,1.0497344574088308
1216,377,2201,759,2.013262599469496,2.122879981994629,1609.1430263519287,8.355165597300516,1.054749052339385
1217,217,2181,1039,4.788018433179723,3.585693359375,3721.94970703125,36.07836432071293,2.4620075125044085
1218,239,2067,1011,4.2301255230125525,3.809561014175415,3847.656624317169,45.13062281348399,2.6855322355810105
1219,247,2111,1000,4.048582995951417,3.9124863147735596,3908.573828458786,50.023170834488276,2.6711890474968647
1220,265,2441,1174,4.430188679245283,3.7984585762023926,4455.5919098854065,44.63233410119035,2.6333717134849084
1221,259,2262,1074,4.146718146718147,3.9441475868225098,4232.070360660553,51.63230728942867,2.6991984624306573
1222,294,2469,1153,3.921768707482993,3.3356378078460693,3842.654754638672,28.09629754926751,2.2453539726065648
1223,250,2053,960,3.84,4.1581807136535645,3987.6953043937683,63.95506412145635,2.802254379067265
1224,240,2132,1019,4.245833333333334,3.5764646530151367,3640.841016769409,35.74693935455771,2.4637069791549524
1225,294,2670,1272,4.326530612244898,3.177760124206543,4038.933117866516,23.99295208766457,2.1823778200854766
1226,309,1847,513,1.6601941747572815,3.191136360168457,1633.86181640625,24.316043532535616,1.276212420155458
1227,244,1303,404,1.6557377049180328,3.5998528003692627,1450.7406785488129,36.59284759356314,1.606275044173647
1228,328,2147,560,1.7073170731707317,2.6793205738067627,1497.7402007579803,14.575187167087519,1.0064193573235114
1229,321,1916,556,1.7320872274143302,3.79882550239563,2108.3481538295746,44.648713878538295,1.5875278841322176
1230,319,1999,546,1.7115987460815048,3.3110580444335938,1804.5266342163086,27.41411548512867,1.3023419841600405
1231,87,563,160,1.839080459770115,3.2631514072418213,518.8410737514496,26.131759332269255,1.3295372009071427
1232,324,2021,613,1.8919753086419753,3.294485092163086,2016.2248764038086,26.963526763623793,1.4392863090077872
1233,308,1753,494,1.603896103896104,3.8376362323760986,1891.9546625614166,46.415628905426544,1.5570528290154637
1234,282,1631,462,1.6382978723404256,3.334578514099121,1537.2406949996948,28.06655107486989,1.3597605930893706
1235,310,1785,513,1.6548387096774193,3.8576912879943848,1975.137939453125,47.355893943751944,1.5963707060619996
1236,257,1577,409,1.5914396887159532,3.408867359161377,1390.8178825378418,30.23098401370033,1.2723690944305854
1237,273,1696,505,1.84981684981685,3.326117515563965,1676.3632278442383,27.830081821048463,1.425991105860553
1238,319,1887,581,1.8213166144200628,2.316647529602051,1343.6555671691895,10.14161777783138,1.0272841671530668
1239,250,1315,443,1.772,2.52164363861084,1114.5664882659912,12.449041582358563,1.2227981333554163
1240,320,2052,623,1.946875,1.8387260437011719,1143.687599182129,6.28852185380864,0.8040898770303421
1241,364,2077,641,1.760989010989011,2.339106321334839,1497.0280456542969,10.371963217410364,1.039843494240323
1242,333,1973,575,1.7267267267267268,2.6465799808502197,1519.1369090080261,14.105714244452479,1.11082173596415
1243,91,531,158,1.7362637362637363,2.1832027435302734,342.76283073425293,8.87468412811931,0.9312659813585121
1244,336,2331,852,2.5357142857142856,1.9235941171646118,1636.9785937070847,6.845517901505205,1.0131535389028745
1245,322,1853,615,1.9099378881987579,2.235729217529297,1372.7377395629883,9.353299956238871,1.0687760007062324
1246,319,1777,577,1.8087774294670846,2.1081504821777344,1214.294677734375,8.23300011412128,0.9858508214660917
1247,344,1909,597,1.7354651162790697,2.537841796875,1512.5537109375,12.652335174032173,1.1430873430318125
1248,264,1641,508,1.9242424242424243,2.17482590675354,1102.6367347240448,8.800652854586335,0.9693897313152826
1249,283,1782,587,2.0742049469964665,1.9757933616638184,1157.8149099349976,7.212339378184537,0.9373590509711126
1250,176,1079,504,2.8636363636363638,4.269379138946533,2147.497706890106,71.4772444029976,2.8713478146902474
1251,184,1109,498,2.7065217391304346,4.384941101074219,2179.3157272338867,80.23349740692105,2.835065818044773
1252,138,887,401,2.9057971014492754,4.430093765258789,1772.0375061035156,83.93928713026679,2.8821981085961537
1253,139,807,370,2.661870503597122,3.541466236114502,1306.8010411262512,34.51749289996953,2.3362024553424745
1254,134,792,353,2.6343283582089554,4.615921497344971,1624.8043670654297,101.08093143880022,2.9597186903788213
1255,134,795,333,2.485074626865672,4.479613304138184,1487.231616973877,88.20055928903689,2.6988951930333167
1256,237,1363,647,2.729957805907173,3.45414662361145,2231.378718852997,31.631283770527393,2.3618481379562635
1257,196,1208,541,2.760204081632653,4.409597396850586,2381.1825942993164,82.23634822569929,2.843808212124785
1258,68,402,187,2.75,4.611928462982178,857.8186941146851,100.6781165681695,3.078534268609708
1259,198,1115,493,2.48989898989899,4.502168655395508,2215.06697845459,90.21255926937181,2.8660682915276565
1260,216,1089,478,2.212962962962963,3.8388805389404297,1831.146017074585,46.47342012470137,2.4258817979587524
1261,240,1046,459,1.9125,3.7656478881835938,1724.666732788086,43.191680175982626,2.3787458342060637
1262,225,883,389,1.728888888888889,3.6274571418762207,1407.4533710479736,37.61704009973247,2.2995764424613427
1263,176,762,309,1.7556818181818181,3.407040596008301,1049.3685035705566,30.175809576680518,1.986769994968917
1264,187,783,334,1.786096256684492,3.8025715351104736,1266.2563211917877,44.816283085313444,2.333105638668831
1265,188,792,352,1.872340425531915,3.416546106338501,1199.2076833248138,30.464013639635947,2.1844583052129436
1266,346,1401,650,1.8786127167630058,3.0467774868011475,1977.3585889339447,21.04740946587763,2.036206588375589
1267,301,1281,544,1.8073089700996678,3.665178060531616,1990.1916868686676,39.06309113865238,2.2414049001279217
1268,116,485,215,1.853448275862069,3.7844583988189697,809.8740973472595,44.01182724493414,2.4090749360563235
1269,269,1117,485,1.8029739776951672,3.6046500205993652,1744.6506099700928,36.76881327792367,2.25335611735699
1270,257,1731,332,1.2918287937743191,2.716801404953003,899.261265039444,15.131844113696312,0.7494857120369391
1271,259,1562,313,1.2084942084942085,2.6564342975616455,828.8075008392334,14.245403561036056,0.7655035027607794
1272,258,1630,290,1.124031007751938,2.6164004802703857,756.1397387981415,13.686370454104386,0.6692509517688067
1273,281,1572,346,1.2313167259786477,2.6252663135528564,905.7168781757355,13.808251020837991,0.8312170792579943
1274,264,1598,351,1.3295454545454546,3.3777427673339844,1182.2099685668945,29.304549216537986,1.067314429875442
1275,266,1451,290,1.0902255639097744,3.935912609100342,1137.4787440299988,51.20886231211916,1.1309682585311414
1276,266,1446,312,1.1729323308270676,3.527323007583618,1096.9974553585052,34.032740174296116,1.0944901720010565
1277,261,1448,326,1.2490421455938698,3.4805521965026855,1131.1794638633728,32.47765117060836,1.1270352229772957
1278,221,1332,269,1.2171945701357465,3.7640016078948975,1008.7524309158325,43.12063306205107,1.0925841813565753
1279,154,1006,205,1.3311688311688312,2.9797165393829346,607.8621740341187,19.682236714990136,0.8717293678161104
1280,170,970,232,1.3647058823529412,2.920165538787842,674.5582394599915,18.54435701605629,1.0032802338759996
1281,158,988,187,1.1835443037974684,3.0705041885375977,571.1137790679932,21.55276659391075,0.8339504219076405
1282,130,865,218,1.676923076923077,2.3561208248138428,511.2782189846039,10.549946879741878,0.8527382092989937
1283,123,748,160,1.3008130081300813,2.7253577709198,433.33188557624817,15.261873204629799,0.8357831047859852
1284,161,1101,188,1.1677018633540373,0.9805209636688232,183.35742020606995,2.6658446884623292,0.24026234408854763
1285,194,1132,247,1.2731958762886597,3.6084232330322266,887.6721153259277,36.907811892063236,1.1313075607032967
1286,196,1154,227,1.1581632653061225,3.7774462699890137,853.7028570175171,43.70429014725631,1.0672728580692477
1287,87,436,109,1.2528735632183907,3.769052028656006,407.05761909484863,43.33896126306933,1.3469266248261622
1288,177,1095,195,1.1016949152542372,3.022076368331909,586.2828154563904,20.53388335602307,0.7724450323446154
1289,230,1355,328,1.4260869565217391,3.669691562652588,1199.9891409873962,39.23980097347563,1.2776519430428959
1290,269,1498,367,1.3643122676579926,3.3147783279418945,1213.2088680267334,27.516293715004533,1.168418169202057
1291,190,1126,269,1.4157894736842105,3.0516090393066406,817.8312225341797,21.149347190248506,1.0478517309362516
1292,229,1405,346,1.5109170305676856,3.569031000137329,1231.3156950473785,35.482194246700686,1.2643509231413526
1293,129,806,174,1.3488372093023255,3.344052791595459,578.5211329460144,28.33372500961603,1.0355205577551856
1294,92,571,232,2.5217391304347827,1.4714133739471436,339.89648938179016,4.355386582820856,0.8587863041097669
1295,286,1866,384,1.3426573426573427,1.9696589708328247,754.3793858289719,7.168231495446351,0.5832472662831295
1296,173,1054,225,1.300578034682081,3.014810562133789,675.3175659179688,20.385228840493,0.9243617679080257
1297,217,1541,296,1.3640552995391706,2.626595973968506,774.8458123207092,13.826623517513656,0.7254161005117896
1298,300,2026,396,1.32,2.2164628505706787,875.5028259754181,9.174820691332814,0.6234371102265591
1299,167,1204,215,1.2874251497005988,3.8786985874176025,830.041497707367,48.361236178209396,0.9945986316233109
1300,297,1867,391,1.3164983164983164,2.365567684173584,922.5713968276978,10.650082985316606,0.7129026133204732
1301,261,1786,391,1.4980842911877394,2.1862804889678955,852.6493906974792,8.902040222658291,0.6887531061457164
1302,306,1944,385,1.2581699346405228,2.732060194015503,1049.1111145019531,15.364508303791457,0.7785737665809986
1303,299,1892,407,1.3612040133779264,1.9281114339828491,782.8132421970367,6.876511225278065,0.596913732801203
1304,199,1233,290,1.4572864321608041,2.7726752758026123,801.303154706955,16.00138491693918,0.937579957456939
1305,172,1079,223,1.2965116279069768,3.4834232330322266,773.3199577331543,32.5710296759207,1.0339804152382617
1306,88,603,117,1.3295454545454546,4.462568759918213,517.6579761505127,86.70996033271113,1.238511766283519
1307,308,1700,425,1.37987012987013,3.070902109146118,1302.062494277954,21.561344590476722,1.1049877078954815
1308,303,1687,452,1.4917491749174918,3.2393763065338135,1460.9587142467499,25.51780149712437,1.2493881991625977
1309,303,1659,377,1.2442244224422443,4.079689979553223,1533.9634323120117,59.12713638691558,1.3339610830027442
1310,97,466,110,1.134020618556701,4.598810195922852,501.2703113555908,99.36601918632869,1.55188882475875
1311,300,1831,467,1.5566666666666666,2.5661110877990723,1195.8077669143677,13.015111270298998,0.9422096860643712
1312,296,1832,503,1.6993243243243243,2.5002689361572266,1255.1350059509277,12.185770714413726,0.9884154196132877
1313,302,1774,423,1.400662251655629,2.973680257797241,1254.8930687904358,19.563787049369207,1.020534389622263
1314,294,1760,444,1.510204081632653,3.3010919094085693,1462.3837158679962,27.14225963481175,1.1987350765679166
1315,304,1740,449,1.4769736842105263,2.649691104888916,1187.0616149902344,14.149667207228847,0.9842344282621006
1316,309,1756,426,1.3786407766990292,3.2601840496063232,1385.5782210826874,26.05433199080576,1.138363797448602
1317,311,1683,437,1.405144694533762,3.369452714920044,1469.0813837051392,29.062617167811062,1.2593205151121216
1318,197,1046,258,1.3096446700507614,3.13169527053833,804.8456845283508,22.91279001388296,1.1100830571223086
1319,288,1601,390,1.3541666666666667,3.3128936290740967,1288.7156217098236,27.464482626879903,1.1612889672435351
1320,309,1744,454,1.4692556634304208,3.2829172611236572,1487.1615192890167,26.65341436384285,1.2302296725224546
1321,314,1637,406,1.2929936305732483,3.012606143951416,1220.1054883003235,20.340340765607056,1.0752841400930262
1322,330,1899,471,1.4272727272727272,3.0114734172821045,1415.392506122589,20.317313763270903,1.0752921271692792
1323,307,1876,405,1.3192182410423452,2.765777826309204,1117.3742418289185,15.891395930447997,0.8592911926991718
1324,228,1255,319,1.3991228070175439,3.2807414531707764,1043.2757821083069,26.595484697666684,1.1993058144439912
1325,307,2097,420,1.3680781758957654,2.446678876876831,1025.1584494113922,11.549924231197805,0.7052889895523294
1326,300,1889,416,1.3866666666666667,3.5881199836730957,1489.0697932243347,36.166019266006124,1.137254423622182
1327,295,2024,519,1.759322033898305,1.9956014156341553,1033.7215332984924,7.356626087652581,0.736830498888276
1328,80,537,99,1.2375,3.6340746879577637,356.13931941986084,37.86679807705809,0.956797821215277
1329,300,1812,463,1.5433333333333332,3.323103427886963,1535.2737836837769,27.74632580178281,1.2223685839555298
1330,307,1666,380,1.237785016286645,3.492933511734009,1323.8218009471893,32.88226687617353,1.1463812408446616
1331,300,1685,341,1.1366666666666667,3.206514596939087,1090.2149629592896,24.692871455502235,0.9334407837176927
1332,300,1718,357,1.19,4.144842624664307,1475.5639743804932,63.10768952638603,1.2391087475862324
1333,298,1758,359,1.2046979865771812,3.2485969066619873,1162.9976925849915,25.754179037547235,0.9544089895663677
1334,304,1751,399,1.3125,3.08512544631958,1227.8799276351929,21.87021020737808,1.0116826284445415
1335,163,961,220,1.3496932515337423,2.8698651790618896,628.5004742145538,17.63464052078221,0.9435322761141505
1336,165,1025,236,1.4303030303030304,2.9025182723999023,682.091794013977,18.219970493974493,0.9600492182000206
1337,151,899,213,1.4105960264900663,2.934882164001465,622.1950187683105,18.819285415234965,0.9984846140632448
1338,172,999,207,1.2034883720930232,3.492171287536621,719.387285232544,32.85721276633294,1.0388953642478131
1339,159,919,194,1.220125786163522,3.927220106124878,757.9534804821014,50.76565819136078,1.18987565562139
1340,210,1158,276,1.3142857142857143,3.193845510482788,878.3075153827667,24.382008663897363,1.0942399799811955
1341,166,980,189,1.1385542168674698,3.4075915813446045,640.6272172927856,30.192440586568907,0.943091540251835
1342,159,1038,232,1.4591194968553458,2.991241216659546,690.9767210483551,19.910380256427477,0.9603744593701142
1343,279,1771,324,1.1612903225806452,2.616093873977661,844.9983212947845,13.682174770043035,0.68835397385177
1344,261,1637,385,1.475095785440613,2.5896804332733154,994.4372863769531,13.325512532282008,0.876401796903548
1345,267,1597,312,1.1685393258426966,2.473999500274658,769.4138445854187,11.869825413206023,0.6950717207105167
1346,268,1701,342,1.2761194029850746,3.733107089996338,1272.9895176887512,41.80881029781779,1.0796799907543768
1347,282,1837,351,1.2446808510638299,2.6982476711273193,944.3866848945618,14.853680373287604,0.7416777283500013
1348,281,1484,359,1.2775800711743772,3.10107421875,1110.1845703125,22.221809549124725,1.0792842143270138
1349,278,1586,330,1.1870503597122302,3.5738770961761475,1175.8055646419525,35.65456168493579,1.0695642226725048
1350,263,1491,315,1.1977186311787071,3.1195600032806396,979.5418410301208,22.636417502242395,0.9478069459405774
1351,323,1809,418,1.2941176470588236,2.863924741744995,1194.256617307663,17.530193581560606,0.9524312323596429
1352,255,1730,341,1.3372549019607842,6.060484886169434,2060.5648612976074,428.5832005507446,1.7183622582798341
1353,259,1562,315,1.2162162162162162,6.346209526062012,1992.7097911834717,570.3267978286773,1.8405073839124688
1354,258,1631,302,1.1705426356589148,6.378361225128174,1919.8867287635803,588.961740672358,1.698228732468272
1355,281,1568,342,1.217081850533808,2.7155356407165527,925.9976534843445,15.112702883283713,0.8519975909162504
1356,256,1573,337,1.31640625,5.545383453369141,1863.2488403320312,256.05274370838185,1.7089001029174404
1357,256,1440,293,1.14453125,6.4749884605407715,1890.6966304779053,648.7117417849915,1.894235175427741
1358,264,1438,307,1.1628787878787878,6.305268287658691,1929.4120960235596,547.4484421452431,1.9357115874578372
1359,261,1446,324,1.2413793103448276,6.1963114738464355,2001.4086060523987,490.93487123137993,1.9968342121329796
1360,221,1325,262,1.1855203619909502,6.287726402282715,1641.0965909957886,537.9289037591283,1.7868693686410624
1361,270,1740,456,1.6888888888888889,5.088849067687988,2315.4263257980347,162.2030698273325,1.919801194122171
1362,247,1686,477,1.9311740890688258,4.564497947692871,2172.7010231018066,96.01437767414957,1.8591607303459985
1363,326,1804,465,1.4263803680981595,5.514297008514404,2558.6338119506836,248.21542257077684,2.046190860283856
1364,305,1699,466,1.5278688524590165,5.34468412399292,2485.2781176567078,209.49170074452752,2.1103581021619715
1365,187,1044,276,1.4759358288770053,5.619695663452148,1545.4163074493408,275.8054327875424,2.135598125350668
1366,287,1581,372,1.2961672473867596,5.883599758148193,2182.8155102729797,359.0995895188263,1.9918640808642254
1367,307,1719,431,1.4039087947882736,5.339633464813232,2296.04238986969,208.43629704881323,1.9269860206723943
1368,306,1610,391,1.2777777777777777,5.433303356170654,2118.988308906555,228.90414981427364,1.8987912577398622
1369,326,1873,452,1.3865030674846626,5.27955436706543,2381.079019546509,196.2823859635084,1.8340474604722388
1370,270,1852,391,1.4481481481481482,5.162746429443359,2013.4711074829102,174.64344344604726,1.5684799037466541
1371,173,1056,231,1.3352601156069364,6.180702209472656,1421.561508178711,483.33123698885004,1.9421209641743011
1372,212,1528,291,1.3726415094339623,5.646487236022949,1637.4812984466553,283.2945689605882,1.5460642335192476
1373,286,1985,379,1.3251748251748252,5.7236552238464355,2163.5416746139526,306.02145805191157,1.5724588638398755
1374,168,1208,223,1.3273809523809523,6.247138500213623,1386.8647470474243,516.5326498511694,1.6563103418452365
1375,291,1869,404,1.388316151202749,5.754116535186768,2318.9089636802673,315.4867029665508,1.789983125829046
1376,264,1796,406,1.5378787878787878,5.227092742919922,2116.9725608825684,186.25053745499758,1.700526623208959
1377,306,1951,397,1.2973856209150327,6.036555767059326,2390.476083755493,418.4493131485501,1.7676719586866838
1378,293,1884,406,1.3856655290102389,5.374823570251465,2176.8035459518433,215.90177745387547,1.6669127817060698
1379,198,1236,297,1.5,5.345088005065918,1582.1460494995117,209.57632756584377,1.8467267472289726
1380,172,1077,222,1.2906976744186047,6.545779228210449,1446.6172094345093,696.2990434668516,1.9378156677026903
1381,88,605,123,1.3977272727272727,6.962864398956299,849.4694566726685,1056.655910650501,2.0256617727740514
1382,304,1673,404,1.3289473684210527,5.15995979309082,2079.4637966156006,174.1574531314368,1.7932050849285495
1383,301,1650,417,1.3853820598006645,5.157059192657471,2145.336624145508,173.65302387493986,1.875797884055875
1384,303,1658,376,1.2409240924092408,5.696125030517578,2136.046886444092,297.7115398186684,1.8586636008318467
1385,97,466,110,1.134020618556701,6.371585369110107,694.5028052330017,584.984510503844,2.1501196416161483
1386,300,1807,443,1.4766666666666666,4.652238368988037,2056.2893590927124,104.81934756189177,1.6417257670148317
1387,283,1786,477,1.685512367491166,4.169493198394775,1984.678762435913,64.68266252200127,1.6031837672586433
1388,300,1753,407,1.3566666666666667,5.104370594024658,2072.3744611740112,164.74034933344404,1.705535857387726
1389,228,1353,334,1.4649122807017543,6.035157203674316,2009.7073488235474,417.8644943091304,2.142937786981403
1390,272,1501,361,1.3272058823529411,5.982882976531982,2153.8378715515137,396.58205839883544,2.0701740280920777
1391,190,1126,269,1.4157894736842105,5.897145748138428,1580.4350605010986,363.99704451461264,2.0249430055346216
1392,219,1395,358,1.634703196347032,5.7057204246521,2036.9421916007996,300.58194871038705,2.106585231827936
1393,131,808,173,1.3206106870229009,6.3297905921936035,1088.7239818572998,561.0390955845837,1.9439315464386289
1394,93,572,232,2.4946236559139785,3.0206172466278076,697.7625839710236,20.50394376921114,1.7598926916308821
1395,162,965,228,1.4074074074074074,6.102315425872803,1385.2256016731262,446.89131678759304,2.070941042534974
1396,161,1025,240,1.4906832298136645,5.539653778076172,1323.977252960205,254.58983961394154,1.863507723995591
1397,145,895,216,1.4896551724137932,5.974766254425049,1284.5747447013855,393.37614041170104,2.0706699595887095
1398,172,1001,205,1.191860465116279,6.609128952026367,1348.262306213379,741.8365619760035,1.943188154836722
1399,159,920,195,1.2264150943396226,6.982717514038086,1354.6471977233887,1077.8434454186045,2.124285645988765
1400,210,1158,276,1.3142857142857143,5.844284534454346,1607.178246974945,345.2554350252264,2.0023040472671596
1401,162,976,193,1.191358024691358,6.536029815673828,1254.917724609375,689.5435215381965,1.854983174198368
1402,157,1036,233,1.484076433121019,5.393291473388672,1251.2436218261719,219.92607637055067,1.7424352974445596
1403,279,1771,326,1.168458781362007,6.148303508758545,1998.198640346527,467.9228859634164,1.627775984832865
1404,259,1642,394,1.5212355212355213,5.348420143127441,2101.9291162490845,210.27582959516567,1.8467982413597295
1405,263,1597,325,1.2357414448669202,6.068978786468506,1966.349126815796,432.23904774723724,1.7763570030767015
1406,268,1701,344,1.2835820895522387,6.54181432723999,2243.8423142433167,693.5437525510243,1.9031041618434146
1407,282,1838,350,1.2411347517730495,6.474966049194336,2259.7631511688232,648.6972034443221,1.773748145688182
1408,270,1454,349,1.2925925925925925,5.465128421783447,1901.8646907806396,236.30620002399175,1.8870775500901311
1409,277,1585,330,1.1913357400722022,6.109285831451416,2009.9550385475159,450.0172122383434,1.8294966350298338
1410,252,1469,313,1.242063492063492,6.080075740814209,1896.9836311340332,437.06229691901046,1.8630148926375822
1411,322,1796,407,1.263975155279503,5.284594535827637,2145.5453815460205,197.27417961794245,1.723478664787674
1412,303,1872,397,1.3102310231023102,5.982262134552002,2368.975805282593,396.33592002289873,1.8256995973649228
1413,226,1254,322,1.424778761061947,6.065852642059326,1947.1386981010437,430.88991595383004,2.2401334479053974
1414,309,2089,417,1.3495145631067962,5.580981254577637,2321.688201904297,265.33183616805235,1.6033930375192644
1415,297,1896,426,1.4343434343434343,5.836103916168213,2480.3441643714905,342.44255334281195,1.887331342635353
1416,285,1884,388,1.3614035087719298,6.326164722442627,2448.2257475852966,559.0085244167235,1.8747575079713286
1417,79,543,107,1.3544303797468353,6.37736177444458,676.0003480911255,588.3733965174912,1.796063259355948
1418,289,1763,428,1.480968858131488,5.178366184234619,2211.1623606681824,177.3927470355835,1.8094344709791947
1419,304,1653,371,1.2203947368421053,5.82652473449707,2155.814151763916,339.17789525279073,1.881538043453145
1420,296,1675,337,1.1385135135135136,6.291849613189697,2114.0614700317383,540.1514770026032,1.8208632829547586
1421,293,1707,355,1.21160409556314,6.660270690917969,2357.735824584961,780.7622537759548,1.9926735687492525
1422,298,1763,364,1.221476510067114,6.178802490234375,2242.905303955078,482.41391494252906,1.835410300169906
1423,293,1711,382,1.3037542662116042,5.585314750671387,2128.0049200057983,266.48414560456933,1.7943086762593106
1424,154,1009,210,1.3636363636363635,6.025733470916748,1259.3782954216003,413.9451474299963,1.8006925881149045
1425,170,971,232,1.3647058823529412,5.581874847412109,1289.4130897521973,265.5690407619882,1.9157877139472823
1426,158,997,197,1.2468354430379747,6.403066635131836,1255.0010604858398,603.693509855079,1.816031901979249
1427,124,869,227,1.8306451612903225,4.203208923339844,949.9252166748047,66.9006660734745,1.5770453386790735
1428,123,750,160,1.3008130081300813,6.502713203430176,1033.931399345398,666.9487480313958,1.9888636032733227
1429,157,1101,189,1.2038216560509554,6.053452968597412,1138.0491580963135,425.58001028003895,1.4912423947987388
1430,194,1132,247,1.2731958762886597,5.534422874450684,1361.4680271148682,253.26158172209057,1.7351441440348951
1431,196,1154,228,1.163265306122449,6.5225605964660645,1480.6212553977966,680.3181772568071,1.8510268133424546
1432,87,436,109,1.2528735632183907,5.7530341148376465,621.3276844024658,315.1453984901616,2.0559320391157345
1433,178,1096,196,1.101123595505618,6.793917655944824,1324.8139429092407,892.4028497826154,1.743889147386602
1434,163,1000,232,1.4233128834355828,4.351656913757324,1005.2327470779419,77.60694446840222,1.4502442991485365
1435,165,1053,247,1.496969696969697,4.344628810882568,1068.7786874771118,77.06342706421505,1.4643131170285324
1436,151,915,224,1.4834437086092715,4.733819007873535,1055.6416387557983,113.72906624381913,1.6644469477474195
1437,172,1037,217,1.2616279069767442,4.92282772064209,1063.3307876586914,137.39056655716752,1.4793269567789291
1438,159,956,211,1.3270440251572326,5.383505344390869,1130.5361223220825,217.784348124106,1.7060866707321203
1439,210,1208,299,1.4238095238095239,4.119988441467285,1227.756555557251,61.558530734025034,1.4662899785772856
1440,166,1004,206,1.2409638554216869,5.2583441734313965,1077.9605555534363,192.1630390535942,1.5489724579390982
1441,159,1074,248,1.559748427672956,4.240767478942871,1047.4695672988892,69.46114135018456,1.4070569368940558
1442,286,1892,397,1.3881118881118881,3.4256746768951416,1356.567172050476,30.7433797040183,1.0344147630813887
1443,173,1094,251,1.4508670520231215,4.588143348693848,1147.035837173462,98.31173000726079,1.512635204764236
1444,217,1542,307,1.4147465437788018,4.07192850112915,1246.01012134552,58.66999872048839,1.1657669409615028
1445,300,2039,409,1.3633333333333333,3.357987403869629,1370.0588607788086,28.731308131917288,0.9693855439782099
1446,167,1227,230,1.377245508982036,5.171666622161865,1184.3116564750671,176.20826549971454,1.3925024887233683
1447,297,1913,403,1.3569023569023568,4.07719087600708,1639.0307321548462,58.979556036795586,1.2360802452401483
1448,261,1854,408,1.5632183908045978,3.5220844745635986,1433.4883811473846,33.854924693901644,1.115472804020108
1449,306,1997,411,1.3431372549019607,4.230077743530273,1734.331874847412,68.72257470173707,1.2529354006499849
1450,299,1933,431,1.4414715719063544,3.2686376571655273,1405.5141925811768,26.275518684195518,1.0490058745659179
1451,199,1265,297,1.4924623115577889,4.089199542999268,1210.4030647277832,59.69209162311463,1.380428852932471
1452,172,1106,242,1.4069767441860466,4.8190693855285645,1161.395721912384,123.8497807353114,1.5149546550747324
1453,88,627,126,1.4318181818181819,6.01614236831665,752.0177960395813,409.9939355783524,1.7303546172353301
1454,308,1802,457,1.4837662337662338,3.8777496814727783,1768.253854751587,48.31536767958811,1.4156776178040553
1455,303,1782,475,1.5676567656765676,4.106907367706299,1946.6740922927856,60.75852294106117,1.5760140623893524
1456,303,1761,421,1.3894389438943895,5.1374006271362305,2157.708263397217,170.272590627303,1.7676973374720624
1457,97,498,122,1.2577319587628866,5.668657302856445,685.9075336456299,289.6453671761961,1.9870590307207432
1458,300,1877,490,1.6333333333333333,3.399725914001465,1662.4659719467163,29.955888432511056,1.2778004333373352
1459,296,1887,520,1.7567567567567568,3.248528480529785,1685.9862813949585,25.752416838978558,1.28901115377601
1460,302,1797,436,1.4437086092715232,3.713188409805298,1615.2369582653046,40.98427308420337,1.2967692540622864
1461,154,1033,213,1.3831168831168832,4.330710411071777,918.1106071472168,75.99825739967223,1.2822397095051743
1462,170,1010,247,1.4529411764705882,4.19858980178833,1032.8530912399292,66.59235637317623,1.4753386462363187
1463,158,1012,205,1.2974683544303798,4.707398891448975,960.3093738555908,110.76367653389214,1.3690055053168444
1464,130,879,221,1.7,2.7740941047668457,610.300703048706,16.024104258946114,1.0016812260971741
1465,123,789,175,1.4227642276422765,4.842227458953857,842.5475778579712,126.75137099657977,1.5406073666523485
1466,161,1135,202,1.2546583850931676,3.331519842147827,669.6354882717133,27.980835856520237,0.8511716283108901
1467,194,1193,266,1.3711340206185567,4.7105712890625,1248.3013916015625,111.11562091558474,1.5095710202836263
1468,196,1219,243,1.239795918367347,5.241574287414551,1268.4609775543213,188.96735729430767,1.5012324543714406
1469,87,469,119,1.367816091954023,4.729701995849609,558.1048355102539,113.26180483104913,1.7167912121253603
1470,177,1139,216,1.2203389830508475,5.164278030395508,1110.3197765350342,174.91113245435693,1.4063677220439297
1471,257,1771,355,1.3813229571984436,4.142966270446777,1466.6100597381592,62.98938816931849,1.1947323885387402
1472,259,1652,346,1.335907335907336,4.413181304931641,1522.547550201416,82.53160450831808,1.329643946848198
1473,258,1709,317,1.2286821705426356,4.292204856872559,1356.3367347717285,73.12752660896292,1.1449855360039216
1474,281,1574,346,1.2313167259786477,2.6699414253234863,921.1297917366028,14.439123401049777,0.8442880448243206
1475,264,1644,370,1.4015151515151516,4.3916192054748535,1620.507486820221,80.77109815805306,1.4220791453521717
1476,266,1512,316,1.1879699248120301,5.550060272216797,1748.268985748291,257.25306065076063,1.6681342565337551
1477,266,1499,327,1.2293233082706767,5.014425754547119,1634.7027959823608,150.56964799969745,1.573300611801918
1478,261,1499,344,1.318007662835249,5.15487003326416,1768.120421409607,173.2732855320828,1.7017068470061003
1479,221,1401,300,1.3574660633484164,5.141145706176758,1537.2025661468506,170.9114705187595,1.582951119929943
1480,279,1813,341,1.2222222222222223,3.976978302001953,1352.172622680664,53.35556598928987,1.0759915814490997
1481,261,1695,400,1.5325670498084292,3.935947895050049,1570.4432101249695,51.21066929733966,1.3366788384926476
1482,267,1657,343,1.2846441947565543,4.153542995452881,1420.5117044448853,63.65914528104606,1.2367925114830205
1483,268,1734,365,1.3619402985074627,4.799407482147217,1746.984323501587,121.43844175262484,1.4534980507649944
1484,282,1922,381,1.351063829787234,4.364833354949951,1658.6366748809814,78.6362945005961,1.2450087957790592
1485,281,1579,394,1.402135231316726,4.336862087249756,1704.386800289154,76.46721502812066,1.5572580016046678
1486,278,1658,355,1.276978417266187,5.089485168457031,1801.677749633789,162.30628014739267,1.567715051071565
1487,263,1532,329,1.2509505703422052,4.362987041473389,1431.0597496032715,78.49124119845168,1.3476389059846225
1488,323,1926,465,1.4396284829721362,4.218746185302734,1957.4982299804688,67.94823636063227,1.4662891946738037
1489,307,1906,419,1.3648208469055374,4.261485576629639,1781.300971031189,70.91525528616725,1.348307490680688
1490,228,1308,335,1.469298245614035,4.432010650634766,1480.2915573120117,84.10034343615933,1.6327288140702143
1491,307,2161,445,1.4495114006514658,3.8242650032043457,1697.9736614227295,45.799125781800186,1.133576205874432
1492,300,1930,435,1.45,4.795954704284668,2081.444341659546,121.01986483168689,1.5559012588593888
1493,295,2047,539,1.8271186440677967,3.1357104778289795,1687.012237071991,23.004974561580767,1.1889810397375464
1494,80,541,107,1.3375,5.64851713180542,598.7428159713745,283.87021146079974,1.5966789119589562
1495,300,1892,486,1.62,4.126694202423096,2001.4466881752014,61.97271468313799,1.526150746106767
1496,307,1730,415,1.3517915309446253,4.493207931518555,1860.1880836486816,89.4078004312006,1.5512624990755477
1497,300,1748,370,1.2333333333333334,4.535627365112305,1673.6464977264404,93.28201883519047,1.3813280906585341
1498,300,1766,385,1.2833333333333334,5.406154155731201,2075.9631958007812,222.77318711620327,1.6959126883634152
1499,298,1791,377,1.2651006711409396,4.157238483428955,1563.121669769287,63.89483210769237,1.2591333787170444
1500,304,1841,423,1.3914473684210527,4.183901309967041,1765.6063528060913,65.62136375749574,1.3836129980203138
1501,230,1440,345,1.5,5.101616382598877,1754.9560356140137,164.28724384161012,1.75824053441562
1502,269,1587,385,1.4312267657992566,4.854341506958008,1864.067138671875,128.2961812504945,1.6945686306528
1503,190,1186,283,1.4894736842105263,4.532881736755371,1278.2726497650146,93.02625235960271,1.5549389651939136
1504,229,1462,380,1.6593886462882097,4.525918960571289,1715.3232860565186,92.38078112875093,1.692673323060944
1505,129,821,182,1.4108527131782946,4.882087707519531,883.6578750610352,131.90575726997216,1.5528000416480325
1506,92,584,213,2.3152173913043477,2.499560594558716,529.9068460464478,12.177142082477046,1.3090650324046602
1507,294,1812,466,1.5850340136054422,4.298289775848389,1998.7047457695007,73.5738582520593,1.5913473647477345
1508,304,1781,473,1.555921052631579,3.8425025939941406,1813.6612243652344,46.642054628291646,1.469152192164138
1509,309,1824,465,1.5048543689320388,4.498688220977783,2087.3913345336914,89.89912613131598,1.6510247405297982
1510,311,1792,476,1.5305466237942122,4.71516227722168,2239.702081680298,111.62692421112723,1.803128954413423
1511,197,1107,285,1.4467005076142132,4.553500175476074,1293.194049835205,94.9642187082936,1.6853519806724169
1512,288,1673,418,1.4513888888888888,4.3449602127075195,1811.8484086990356,77.08897025687767,1.5624295959788757
1513,309,1829,488,1.5792880258899675,4.203864574432373,2047.2820477485657,66.94454395099383,1.6148735142634543
1514,314,1690,428,1.3630573248407643,4.029347896575928,1720.5315518379211,56.22423527382572,1.4687587796032908
1515,330,1983,490,1.4848484848484849,4.276106357574463,2091.0160088539124,71.9597084540843,1.5212800939954476
1516,160,1052,222,1.3875,3.513296604156494,776.4385495185852,33.55871543361444,1.0647947195299265
1517,180,1122,214,1.1888888888888889,3.5129311084747314,748.2543261051178,33.54645210927051,0.9621237126520203
1518,167,991,189,1.1317365269461077,4.171995639801025,784.3351802825928,64.84472979231175,1.1418329717340543
1519,174,1042,210,1.206896551724138,4.139603614807129,865.1771554946899,62.77793227388484,1.1978759997337896
1520,170,1065,206,1.2117647058823529,4.327661037445068,887.170512676239,75.76686330071811,1.2017995296346753
1521,217,1263,273,1.2580645161290323,3.6413235664367676,990.4400100708008,38.14228718190402,1.1313562080975132
1522,159,949,184,1.1572327044025157,3.6385223865509033,665.8495967388153,38.03559327842283,1.0122422667997943
1523,161,1084,222,1.3788819875776397,3.5070440769195557,775.0567409992218,33.34954326013436,1.0315226168331542
1524,258,1755,295,1.1434108527131783,3.738797664642334,1099.2065134048462,42.047404679387725,0.9036010175510083
1525,309,1837,423,1.3689320388349515,2.7867228984832764,1175.9970631599426,16.227752575827143,0.9235738329454732
1526,268,1658,307,1.1455223880597014,3.2326157093048096,989.1804070472717,25.345867761263545,0.8607271820214868
1527,309,1938,378,1.2233009708737863,4.0980305671691895,1544.9575238227844,60.221568397065205,1.1501045190935109
1528,309,1943,373,1.2071197411003236,3.508601427078247,1305.199730873108,33.401520639607675,0.9691225831704798
1529,324,1777,414,1.2777777777777777,3.336010217666626,1377.7722198963165,28.106762834962773,1.1185735222954387
1530,321,1850,384,1.1962616822429906,3.9920542240142822,1528.95676779747,54.16604434467411,1.1923342414243399
1531,266,1725,327,1.2293233082706767,3.95331072807312,1288.7792973518372,52.107595655880225,1.0778640586028163
1532,332,2019,452,1.3614457831325302,2.8805830478668213,1299.1429545879364,17.824662782112007,0.9283145606685744
1533,247,1460,327,1.3238866396761133,3.7519419193267822,1223.133065700531,42.60373473749454,1.2086356220777197
1534,320,1815,398,1.24375,3.3529698848724365,1331.1290442943573,28.587509305905627,1.058078937182774
1535,225,1301,283,1.2577777777777779,3.8183088302612305,1076.763090133667,45.527149042302106,1.1940359495373691
1536,242,1487,342,1.4132231404958677,4.088203430175781,1394.0773696899414,59.632661169820544,1.3525410274829919
1537,142,882,186,1.3098591549295775,3.9705450534820557,734.5508348941803,53.013418114545125,1.2015111641527003
1538,100,599,251,2.51,1.9210717678070068,480.2679419517517,6.828272871961558,1.1567281772149263
1539,168,1052,218,1.2976190476190477,3.6946165561676025,801.7317926883698,40.23014362963998,1.0994814462305413
1540,200,1149,262,1.31,3.3024210929870605,861.9319052696228,27.17836066773649,1.0822496826078858
1541,151,973,176,1.1655629139072847,3.9025862216949463,682.9525887966156,49.53038014890428,1.012633415230377
1542,119,815,198,1.6638655462184875,2.719832181930542,535.8069398403168,15.177774926330022,0.9484736380141303
1543,125,754,167,1.336,3.60947585105896,599.1729912757874,36.946682174379,1.1464507999312794
1544,134,954,160,1.1940298507462686,3.3375840187072754,530.6758589744568,28.151032113943025,0.8025193187232073
1545,216,1329,323,1.4953703703703705,3.6598613262176514,1178.4753470420837,38.85595419557201,1.279293106837859
1546,192,1219,247,1.2864583333333333,4.309800624847412,1060.2109537124634,74.42564883592745,1.2547670920567098
1547,82,455,117,1.4268292682926829,4.273478984832764,495.7235622406006,71.77089163229505,1.57181961515676
1548,173,1111,206,1.1907514450867052,4.221781253814697,865.4651570320129,68.15477718748554,1.1238544465457003
1549,259,1787,331,1.277992277992278,3.5091941356658936,1158.0340647697449,33.42132387592559,0.9349132638073865
1550,260,1683,306,1.176923076923077,3.155419111251831,962.4028289318085,23.46286858326616,0.8249873966948482
1551,247,1657,281,1.1376518218623481,3.783278226852417,1059.3179035186768,43.959916358134734,0.9223130272367462
1552,293,1766,353,1.204778156996587,3.5552163124084473,1251.4361419677734,34.995389085914695,1.0223333612718706
1553,291,1714,409,1.4054982817869415,3.0991294384002686,1264.4448108673096,22.178635006686775,1.0642988670455373
1554,244,1473,293,1.2008196721311475,3.8330588340759277,1119.253179550171,46.203651606958715,1.096226077146121
1555,230,1368,280,1.2173913043478262,4.221836566925049,1177.8924021720886,68.15854714446016,1.2422072568088165
1556,324,1815,432,1.3333333333333333,3.540343761444092,1525.8881611824036,34.4787696255164,1.212887759277704
1557,211,1286,271,1.2843601895734598,3.919506788253784,1058.2668328285217,50.375592815830075,1.1872133061111803
1558,318,1886,452,1.421383647798742,3.4357924461364746,1549.54239320755,31.05601303451091,1.1853219121568126
1559,311,1847,440,1.414790996784566,3.0775246620178223,1351.033326625824,21.7046096014553,1.05529457520238
1560,401,2187,474,1.1820448877805487,3.6892952919006348,1745.0366730690002,40.016636970368666,1.1511457496140933
1561,338,1891,445,1.316568047337278,3.6681251525878906,1628.6475677490234,39.17838346935041,1.2425392751704856
1562,211,1155,255,1.2085308056872037,3.476607322692871,883.0582599639893,32.34978331220757,1.103016253217389
1563,305,1778,422,1.383606557377049,3.601245641708374,1516.1244151592255,36.64385113608289,1.2302053853323367
1564,336,1882,496,1.4761904761904763,3.4621529579162598,1713.7657141685486,31.885550918541067,1.3137307635900626
1565,344,1830,420,1.2209302325581395,3.476743221282959,1456.7554097175598,32.35417990088769,1.148444702397647
1566,359,2072,539,1.501392757660167,2.9913907051086426,1609.3681993484497,19.91335685077063,1.1205731274924755
1567,269,1800,372,1.3828996282527881,3.2176055908203125,1193.731674194336,24.96826430894756,0.9567726480623602
1568,199,1209,245,1.2311557788944723,4.073701858520508,993.9832534790039,58.77413390352824,1.186116385873314
1569,218,1533,281,1.2889908256880733,3.7698326110839844,1055.5531311035156,43.372804101522235,0.993373299176686
1570,292,2031,369,1.2636986301369864,3.573493242263794,1315.0455131530762,35.64087816834349,0.9341258692118292
1571,193,1366,248,1.2849740932642486,4.07818078994751,1007.3106551170349,59.037969628961264,1.0638668277979204
1572,301,1994,407,1.3521594684385383,3.4474005699157715,1399.6446313858032,31.41861557381542,1.0126681889203408
1573,282,1905,419,1.4858156028368794,2.8977162837982178,1211.245406627655,18.132688135505596,0.917300651675199
1574,353,2174,425,1.2039660056657224,3.1681532859802246,1343.2969932556152,23.763559312272825,0.8914295816977607
1575,271,1799,375,1.3837638376383763,3.247279167175293,1214.4824085235596,25.720264089322896,0.9739453852272504
1576,220,1512,291,1.3227272727272728,3.824566125869751,1109.1241765022278,45.812919013251914,1.05828568066787
1577,237,1505,280,1.1814345991561181,4.496923446655273,1254.6416416168213,89.74061437178435,1.202701179038788
1578,132,885,159,1.2045454545454546,4.628813743591309,731.3525714874268,102.39252824556287,1.1922245514421488
1579,426,2460,619,1.4530516431924883,2.61687970161438,1617.2316555976868,13.692930826757554,0.9484439388209067
1580,433,2427,633,1.46189376443418,2.823603868484497,1784.5176448822021,16.83742131430356,1.0607806990730966
1581,391,2329,516,1.319693094629156,3.483243465423584,1793.8703846931458,32.565174986062395,1.1112099218524596
1582,130,741,157,1.2076923076923076,4.397065162658691,685.9421653747559,81.21217405039057,1.3354998115017511
1583,373,2223,595,1.5951742627345844,2.6084201335906982,1549.4015593528748,13.57758313072271,1.0055393369428787
1584,450,2656,717,1.5933333333333333,2.654642343521118,1900.7239179611206,14.219899310612936,1.032441630474981
1585,381,2380,583,1.5301837270341208,3.078500747680664,1791.6874351501465,21.725805502529578,1.0860750325689843
1586,312,1938,397,1.2724358974358974,3.406627893447876,1349.024645805359,30.16335851227514,1.0042472479568534
1587,248,1419,336,1.3548387096774193,3.4001107215881348,1139.0370917320251,29.967417903817065,1.1580571977663003
1588,325,2191,416,1.28,3.3050873279571533,1371.6112411022186,27.25092125217751,0.9031568852422305
1589,360,2222,449,1.2472222222222222,3.3893513679504395,1518.4294128417969,29.64671622217866,0.9858823509661571
1590,329,2094,427,1.297872340425532,4.044232368469238,1722.8429889678955,57.06736250929758,1.1869804376381576
1591,90,591,107,1.1888888888888889,3.5252349376678467,373.67490339279175,33.96175157376021,0.9121809306758768
1592,341,2463,704,2.064516129032258,2.4368784427642822,1713.1255452632904,11.437282828672037,1.003458273882075
1593,314,1949,451,1.4363057324840764,2.9606337547302246,1332.285189628601,19.310205812672873,0.9861884228460723
1594,309,1816,368,1.190938511326861,2.9880471229553223,1096.6132941246033,19.84688609333687,0.8711886350255922
1595,342,1995,424,1.239766081871345,3.751569986343384,1586.9141042232513,42.58789194974,1.1475855180349055
1596,267,1741,351,1.3146067415730338,2.932715892791748,1026.4505624771118,18.77856186410607,0.8505773326843288
1597,274,1818,435,1.5875912408759123,2.504019260406494,1086.7443590164185,12.231557109067888,0.8623986234692202
1598,159,1035,212,1.3333333333333333,3.7409827709198,789.3473646640778,42.13938318210825,1.1002778053523066
1599,177,1128,214,1.2090395480225988,3.622183322906494,771.5250477790833,37.41917684615968,0.9867689364827164
1600,157,953,183,1.1656050955414012,3.7201597690582275,677.0690779685974,41.270987408684505,1.024978175366798
1601,171,1008,201,1.1754385964912282,4.179740905761719,835.9481811523438,65.34891949187148,1.1964467216157095
1602,178,1084,210,1.1797752808988764,4.606006622314453,962.6553840637207,100.08367862367783,1.2811975541271128
1603,214,1264,269,1.2570093457943925,3.84495210647583,1030.4471645355225,46.75644496635951,1.1761242200739652
1604,214,1189,244,1.1401869158878504,3.2028348445892334,778.2888672351837,24.60217477673805,0.9443511262735815
1605,159,1063,221,1.389937106918239,3.6222939491271973,796.9046688079834,37.42331661725539,1.0815525999534708
1606,253,1721,292,1.1541501976284585,3.7045810222625732,1078.0330774784088,40.63301941943172,0.9037030649577967
1607,292,1794,409,1.4006849315068493,3.053743362426758,1245.9272918701172,21.194534936403944,1.0019471155458384
1608,336,1980,383,1.1398809523809523,3.156007766723633,1205.5949668884277,23.476684195160693,0.8784373131568831
1609,321,2016,382,1.190031152647975,4.011621952056885,1528.427963733673,55.236388721060074,1.0937775018028704
1610,436,2779,520,1.1926605504587156,2.8394744396209717,1473.6872341632843,17.10677253231333,0.7650526320794324
1611,324,1776,415,1.2808641975308641,3.3634941577911377,1392.486581325531,28.88996080533898,1.1311562417695777
1612,325,1869,386,1.1876923076923076,3.800868034362793,1463.3341932296753,44.74000350317835,1.1295585787777982
1613,262,1698,323,1.2328244274809161,3.5540084838867188,1144.3907318115234,34.953146173080725,0.9723244014274304
1614,335,2029,454,1.355223880597015,2.9888718128204346,1353.9589312076569,19.863260370074087,0.9627155424448536
1615,246,1462,333,1.353658536585366,4.005401611328125,1329.7933349609375,54.89386597111989,1.3122340969598774
1616,319,1811,401,1.2570532915360502,3.6736340522766113,1469.4536209106445,39.394808839336925,1.1706093051927762
1617,219,1279,277,1.264840182648402,3.949265241622925,1089.9972066879272,51.89722090472007,1.2295023961465952
1618,249,1514,346,1.3895582329317269,3.9738857746124268,1370.9905922412872,53.190817316277055,1.3064209567582088
1619,136,860,179,1.3161764705882353,4.168643474578857,742.0185384750366,64.62772346799628,1.2447749601228044
1620,102,582,200,1.9607843137254901,2.3329010009765625,464.24729919433594,10.307801141904037,1.1508028802298338
1621,166,1046,217,1.3072289156626506,3.7594635486602783,812.0441265106201,42.92539241685274,1.1200115050668085
1622,201,1170,262,1.3034825870646767,3.307969808578491,863.3801200389862,27.32958482324416,1.0646104423780882
1623,149,954,174,1.167785234899329,3.7727270126342773,652.68177318573,43.49852426750689,0.9870238547732368
1624,120,832,202,1.6833333333333333,3.0355491638183594,610.1453819274902,20.812404181087636,1.057997255682804
1625,120,725,159,1.325,3.666398048400879,579.2908916473389,39.11077671797711,1.1527449608438092
1626,134,950,164,1.2238805970149254,3.3593854904174805,547.5798349380493,28.771505080177445,0.8315691709009694
1627,214,1337,323,1.5093457943925233,3.601901054382324,1159.8121395111084,36.66787585273169,1.2514997920983506
1628,183,1206,240,1.3114754098360655,4.3287248611450195,1034.5652418136597,75.84750877424572,1.2376137179441609
1629,88,476,115,1.3068181818181819,4.098124027252197,467.1861391067505,60.22719697286593,1.4159813572717865
1630,171,1090,200,1.1695906432748537,3.9214112758636475,780.3608438968658,50.47162392418937,1.0328648803614082
1631,272,1900,342,1.2573529411764706,3.57498836517334,1219.071032524109,35.69420551734595,0.9256567016389053
1632,303,1908,360,1.188118811881188,3.7654366493225098,1351.791757106781,43.18255737823257,1.0221295934447228
1633,248,1671,283,1.1411290322580645,3.5512492656707764,1001.4522929191589,34.856835747299286,0.8646261260810008
1634,341,2079,419,1.2287390029325513,3.727071523666382,1557.9158968925476,41.5572304273001,1.0810954971471671
1635,284,1693,372,1.3098591549295775,3.637467622756958,1349.5004880428314,37.99549586212044,1.1499808988639273
1636,236,1442,289,1.2245762711864407,4.170478820800781,1201.097900390625,64.74644663182336,1.20167682698731
1637,228,1361,281,1.2324561403508771,4.058202266693115,1136.2966346740723,57.870182354870686,1.204503688334388
1638,312,1770,401,1.2852564102564104,3.630293846130371,1452.1175384521484,37.72390001073651,1.1835947861654255
1639,208,1282,267,1.2836538461538463,3.807521104812622,1012.8006138801575,45.03865426909733,1.1397522800734798
1640,316,1875,447,1.4145569620253164,3.613062620162964,1611.4259285926819,37.07943933481246,1.2398913045016293
1641,294,1744,409,1.3911564625850341,3.189152240753174,1301.174114227295,24.26784542966759,1.0763746800050504
1642,387,2105,459,1.186046511627907,3.992983818054199,1828.7865886688232,54.216420187576794,1.2533878110768437
1643,323,1832,432,1.3374613003095974,3.9751343727111816,1713.2829146385193,53.25727274907925,1.3492056575266271
1644,228,1255,272,1.1929824561403508,4.0094828605651855,1086.5698552131653,55.11835931476976,1.2490748539406156
1645,302,1752,417,1.380794701986755,3.5761289596557617,1487.6696472167969,35.73494135833491,1.2250306064615906
1646,331,1849,486,1.4682779456193353,3.459315061569214,1677.7678048610687,31.79519130631628,1.3090899360931454
1647,348,1843,425,1.221264367816092,3.3917832374572754,1438.1160926818848,29.71890090362508,1.1257530955695976
1648,371,2178,552,1.4878706199460916,3.386638879776001,1866.0380227565765,29.56640882069258,1.2360531687516805
1649,278,1847,372,1.3381294964028776,3.138612747192383,1164.425329208374,23.071838175632397,0.9095347308794911
1650,224,1335,270,1.2053571428571428,4.085726737976074,1099.060492515564,59.48515216565521,1.1877221889057572
1651,291,1989,363,1.2474226804123711,3.930713176727295,1422.9181699752808,50.94329629019029,1.0320950162967002
1652,299,2076,380,1.2709030100334449,3.576181650161743,1355.3728454113007,35.73682430008244,0.9419025446196758
1653,196,1387,247,1.260204081632653,4.021605968475342,989.3150682449341,55.79063191559164,1.0290410546746165
1654,306,2013,410,1.3398692810457515,3.2915468215942383,1346.2426500320435,26.88441690650015,0.9648373547115973
1655,290,1916,426,1.4689655172413794,2.915924072265625,1239.2677307128906,18.465868317857396,0.9331343473033438
1656,350,2147,416,1.1885714285714286,3.1518213748931885,1308.0058705806732,23.378607034193507,0.8789257489242611
1657,271,1811,377,1.3911439114391144,3.1045148372650146,1167.2975788116455,22.29839799876193,0.9299030525639177
1658,227,1529,300,1.3215859030837005,3.9595162868499756,1183.8953697681427,52.43195778667387,1.1170699665767854
1659,235,1491,280,1.1914893617021276,4.402350425720215,1228.25576877594,81.64253804569341,1.1884631164026225
1660,134,887,161,1.2014925373134329,4.4424004554748535,710.7840728759766,84.97868458676102,1.1560819132818838
1661,428,2447,568,1.3271028037383177,3.2683191299438477,1853.1369466781616,26.26715054904102,1.0925670139193704
1662,408,2243,543,1.3308823529411764,3.3118157386779785,1795.0041303634644,27.43489487386415,1.1545446086716793
1663,400,2368,509,1.2725,4.067540645599365,2066.3106479644775,58.41312721183975,1.2588919445753433
1664,128,740,160,1.25,4.290720462799072,682.2245535850525,73.01905706754513,1.3300567300403272
1665,370,2176,522,1.4108108108108108,2.940728187561035,1532.1193857192993,18.929625612594748,1.0158001102146499
1666,446,2598,636,1.4260089686098654,2.979875087738037,1892.2206807136536,19.68535754864102,1.0507688192198332
1667,372,2335,524,1.4086021505376345,3.287196636199951,1719.2038407325745,26.767718722142213,1.0622213513071284
1668,312,1958,412,1.3205128205128205,3.621251106262207,1488.334204673767,37.3843103207908,1.0966355343555994
1669,245,1405,331,1.3510204081632653,3.4510083198547363,1138.832745552063,31.532170798493453,1.1693867291173836
1670,326,2184,416,1.2760736196319018,3.383366107940674,1404.0969347953796,29.46980288146009,0.9275108446688134
1671,352,2173,438,1.2443181818181819,3.7606141567230225,1643.3883864879608,42.97481114480532,1.0910760586473522
1672,320,2033,415,1.296875,3.9604060649871826,1639.6081109046936,52.478631357885725,1.1635290165290326
1673,91,592,107,1.1758241758241759,4.213528156280518,446.63398456573486,67.59460392583455,1.0884402611916615
1674,340,2416,668,1.964705882352941,2.775357961654663,1851.1637604236603,16.044369236803313,1.1054076063893128
1675,314,1968,444,1.414012738853503,3.5210132598876953,1559.808874130249,33.81867821906191,1.1434596176027985
1676,1040,6081,1194,1.148076923076923,1.9349137544631958,2308.3521090745926,6.923446913232657,0.5476481072829296
1677,342,1990,422,1.2339181286549707,3.898263931274414,1641.1691150665283,49.31675746348303,1.189802283199301
1678,422,2707,510,1.2085308056872037,3.139505386352539,1598.0082416534424,23.09244219649458,0.8516581328160745
1679,276,1828,442,1.6014492753623188,2.936699390411377,1295.0844311714172,18.853515410112713,1.0221071588531223
