text_id,num_words,num_bytes,num_tokens,tokens_per_word,average_nll,total_nll,ppl,bpb
0,153,999,228,1.4901960784313726,3.7120587825775146,842.6373436450958,40.93800227272116,1.2168856025471761
1,173,1103,217,1.254335260115607,3.7045607566833496,800.1851234436035,40.632195976101386,1.0466211327155122
2,156,945,197,1.2628205128205128,3.8003532886505127,744.8692445755005,44.7169797044169,1.13716313784104
3,169,1018,209,1.2366863905325445,4.124167442321777,857.8268280029297,61.81632216669913,1.2156999122802912
4,173,1070,211,1.2196531791907514,3.800668239593506,798.1403303146362,44.73106557740567,1.0761430808209391
5,203,1254,268,1.3201970443349753,3.7399775981903076,998.5740187168121,42.09704710439596,1.1488339591413939
6,157,1009,196,1.2484076433121019,3.8429181575775146,749.3690407276154,46.661441395587154,1.0714677887546584
7,148,1038,201,1.3581081081081081,3.4409003257751465,688.1800651550293,31.215049234254646,0.9564874443524128
8,189,1236,239,1.2645502645502646,5.263057231903076,1252.6076211929321,193.0708523007758,1.4620799379245668
9,178,1149,244,1.3707865168539326,4.915706157684326,1194.5165963172913,136.41560672708871,1.4998461007541515
10,162,1014,196,1.2098765432098766,5.505577564239502,1073.5876250267029,246.060530409348,1.5274748940688208
11,126,844,193,1.5317460317460319,3.9822299480438232,764.5881500244141,53.636507593468906,1.3069520525624276
12,131,826,176,1.3435114503816794,5.659576416015625,990.4258728027344,287.02703674688735,1.729881955279211
13,135,898,164,1.2148148148148148,5.534173011779785,902.070200920105,253.1983090119189,1.4492340817384703
14,236,1472,300,1.271186440677966,5.322717189788818,1591.4924397468567,204.9399869693509,1.5598085940455622
15,202,1331,268,1.3267326732673268,5.6832051277160645,1517.4157691001892,293.88987658053674,1.6447544741153686
16,89,515,127,1.4269662921348314,5.6019062995910645,705.8401937484741,270.9424128502439,1.9773051401573374
17,172,1193,210,1.2209302325581395,6.367032051086426,1330.709698677063,582.3269449507004,1.6092273957621506
18,173,1266,293,1.69364161849711,5.106793403625488,1491.1836738586426,165.13996773762616,1.6993074971014606
19,180,1215,227,1.261111111111111,5.545505523681641,1253.2842483520508,256.08400205464204,1.4881538847092641
20,164,1100,237,1.4451219512195121,5.639739036560059,1330.9784126281738,281.38927657929327,1.7456326867535734
21,180,1241,225,1.25,5.9632744789123535,1335.7734832763672,388.8814257048071,1.552871700301202
22,190,1257,249,1.3105263157894738,5.985072135925293,1484.2978897094727,397.45119072469146,1.7035713641096337
23,212,1428,288,1.3584905660377358,5.493419170379639,1576.6113018989563,243.0869432205422,1.59283564892095
24,167,1072,187,1.1197604790419162,6.420276165008545,1194.1713666915894,614.1727037170884,1.6071129745312984
25,172,1252,227,1.319767441860465,5.135932922363281,1160.7208404541016,170.0228640406177,1.3375129396003211
26,237,1485,333,1.4050632911392404,5.448306083679199,1808.8376197814941,232.36422679577277,1.757307113691689
27,283,1798,400,1.4134275618374559,4.94577693939209,1973.3649988174438,140.58003059644332,1.5834059497540496
28,218,1360,289,1.3256880733944953,5.374875545501709,1547.9641571044922,215.91299929441323,1.6420883918592024
29,255,1621,357,1.4,5.078484058380127,1807.9403247833252,160.53051648825559,1.6090725112819773
30,149,958,201,1.348993288590604,5.196035861968994,1039.2071723937988,180.55507609838497,1.564988553307699
31,107,652,278,2.5981308411214954,2.3336591720581055,646.4235906600952,10.315619181975572,1.430355994722326
32,182,1268,345,1.8956043956043955,4.198388576507568,1444.2456703186035,66.57895765569401,1.6432224498375443
33,228,1575,420,1.8421052631578947,4.141258716583252,1735.1874022483826,62.881922174288285,1.5894261969757106
34,157,1145,312,1.9872611464968153,4.140944480895996,1287.8337335586548,62.862165534541084,1.6226649265454935
35,132,936,254,1.9242424242424243,4.390219211578369,1110.7254605293274,80.65809823167955,1.7120065317251825
36,112,844,218,1.9464285714285714,4.100177764892578,889.7385749816895,60.35101493554866,1.5208784713432424
37,91,628,265,2.912087912087912,2.208000421524048,582.9121112823486,9.09750701435597,1.3391153060846497
38,164,966,220,1.3414634146341464,3.1288137435913086,685.2102098464966,22.84686122543507,1.0233430348985784
39,164,1017,209,1.274390243902439,3.4430155754089355,716.1472396850586,31.28114673743091,1.0159115744738976
40,162,911,211,1.3024691358024691,3.5415897369384766,743.7338447570801,34.52175610203328,1.1778058502440414
41,167,974,218,1.3053892215568863,3.7006094455718994,803.0322496891022,40.471962303678964,1.1894565136554163
42,164,960,215,1.3109756097560976,3.8423900604248047,822.2714729309082,46.63680612672501,1.2357156002727967
43,200,1129,289,1.445,3.36899995803833,970.2719879150391,29.04946184619364,1.2398641145070886
44,161,934,248,1.5403726708074534,3.085782051086426,762.1881666183472,21.884575007134067,1.1773073749513283
45,163,1040,260,1.5950920245398772,2.693617105484009,697.6468303203583,14.785058433090386,0.9677804061491202
46,250,1538,376,1.504,3.9012110233306885,1462.9541337490082,49.4623128648785,1.3722995278333572
47,300,1731,428,1.4266666666666667,3.889312267303467,1660.7363381385803,48.877260472046046,1.3841340723608473
48,202,1253,314,1.5544554455445545,4.16711950302124,1304.3084044456482,64.52930766608644,1.5017711627163073
49,234,1487,374,1.5982905982905984,4.154739856719971,1549.717966556549,63.73538205965209,1.5035443343158454
50,125,872,204,1.632,3.7800960540771484,767.3594989776611,43.8202506471655,1.269570807057467
51,116,656,264,2.2758620689655173,2.06290340423584,542.5435953140259,7.868782934134405,1.1931782841853869
52,184,1107,269,1.4619565217391304,3.5590412616729736,953.8230581283569,35.1295009957788,1.243067566257747
53,179,1091,229,1.2793296089385475,3.9100074768066406,891.4817047119141,49.89932505961808,1.178859976563811
54,166,938,212,1.2771084337349397,4.073522567749023,859.513261795044,58.763597188313476,1.3219781667057648
55,175,1013,221,1.262857142857143,3.94626522064209,868.1783485412598,51.74176146055217,1.2364428411131743
56,176,1045,221,1.2556818181818181,3.892852783203125,856.4276123046875,49.05061789614735,1.1823577695237786
57,226,1294,309,1.3672566371681416,3.8454949855804443,1184.4124555587769,46.78183495456125,1.3205146646072388
58,171,1007,201,1.1754385964912282,3.949655532836914,789.9311065673828,51.91747988726392,1.1317077359371346
59,173,1150,248,1.4335260115606936,2.992901086807251,739.246568441391,19.94345634565695,0.9273977028561552
60,161,961,209,1.2981366459627328,3.1542510986328125,656.084228515625,23.43547965510318,0.9849422090374127
61,158,1002,203,1.2848101265822784,3.5013058185577393,707.2637753486633,33.15872297630813,1.0183292827304617
62,156,899,198,1.2692307692307692,3.442568778991699,678.1860494613647,31.267173554957964,1.088337764580632
63,160,959,204,1.275,3.836097478866577,778.7277882099152,46.344261615966964,1.1714981420780768
64,156,928,196,1.2564102564102564,3.8270556926727295,746.2758600711823,45.92711542639254,1.1601815543748282
65,185,1075,240,1.2972972972972974,3.3525540828704834,801.2604258060455,28.57562503322879,1.0753250630427544
66,155,929,199,1.2838709677419355,3.1371805667877197,621.1617522239685,23.03881879159904,0.9646361458809671
67,151,985,214,1.4172185430463575,3.060126781463623,651.8070044517517,21.33026127235132,0.9546789166895764
68,156,1089,255,1.6346153846153846,3.8768415451049805,984.717752456665,48.27151065416875,1.3045430836956442
69,149,1086,321,2.1543624161073827,3.2500107288360596,1040.003433227539,25.790616619006297,1.3815909720302642
70,128,945,216,1.6875,4.26461935043335,916.8931603431702,71.13783623248054,1.3997854131768261
71,110,861,255,2.3181818181818183,2.7267134189605713,692.5852084159851,15.282576963472465,1.160498543060152
72,108,784,205,1.8981481481481481,3.8510167598724365,785.607419013977,47.04086819152011,1.4456529687462278
73,111,905,204,1.837837837837838,3.4758734703063965,705.6023144721985,32.32605205520678,1.1248275800318406
74,195,1311,365,1.8717948717948718,3.5408902168273926,1288.884038925171,34.497615883638474,1.4183574456432355
75,171,1248,299,1.7485380116959064,4.122231483459473,1228.4249820709229,61.69676407707835,1.4200662097258288
76,64,405,113,1.765625,4.734744548797607,530.291389465332,113.83437587555366,1.8890092785376602
77,161,1179,293,1.8198757763975155,3.7430126667022705,1092.959698677063,42.225008614255856,1.3374109730049997
78,125,1023,258,2.064,3.6292800903320312,932.724983215332,37.685676566257385,1.3153838785904215
79,134,984,233,1.7388059701492538,3.840851306915283,891.0775032043457,46.56509876175323,1.306456397277062
80,114,949,212,1.8596491228070176,3.963146686553955,836.2239508628845,52.62265269061971,1.2712498914462167
81,106,822,213,2.009433962264151,3.0192577838897705,640.0826501846313,20.476088360159473,1.1234112715090425
82,85,703,184,2.164705882352941,3.8806886672973633,710.1660261154175,48.457574730199916,1.4574011437902346
83,102,884,181,1.7745098039215685,3.722569465637207,670.0625038146973,41.37055788499158,1.093547343143785
84,170,1257,313,1.8411764705882352,4.463613510131836,1392.6474151611328,86.8005979208675,1.5983814793634046
85,163,1224,320,1.9631901840490797,4.49107551574707,1432.6530895233154,89.21734896049566,1.6886286826548524
86,67,451,140,2.08955223880597,4.824826240539551,670.6508474349976,124.56482218634,2.1453318220896938
87,135,1139,306,2.2666666666666666,4.546295642852783,1386.6201710700989,94.28250456118235,1.756338932747531
88,224,1438,344,1.5357142857142858,3.651602029800415,1252.4994962215424,38.53635300958495,1.2565888817209625
89,276,1679,395,1.431159420289855,3.377756118774414,1330.8359107971191,29.304940477093112,1.1435320838260576
90,183,1207,269,1.469945355191257,3.620520830154419,970.2995824813843,37.35701941831727,1.1597733188256214
91,239,1501,361,1.5104602510460252,3.747058868408203,1348.9411926269531,42.39620563140916,1.2965428174908389
92,130,873,198,1.523076923076923,3.4605908393859863,681.7363953590393,31.835780792142405,1.1266182322772094
93,97,571,236,2.4329896907216493,1.618019700050354,380.2346295118332,5.043093583596237,0.9607051039771874
94,188,1312,325,1.7287234042553192,4.40435791015625,1427.011962890625,81.8065987897367,1.5691639345667152
95,227,1539,377,1.6607929515418502,4.552789688110352,1711.8489227294922,94.89677179363322,1.6047277138225813
96,158,1151,286,1.8101265822784811,4.606914520263672,1312.9706382751465,100.17458565115804,1.6457134914616602
97,197,1365,345,1.751269035532995,4.459627151489258,1534.1117401123047,86.45526836819226,1.621432527201143
98,118,882,208,1.7627118644067796,4.849305152893066,1003.8061666488647,127.65166063589322,1.6419344429003149
99,96,615,257,2.6770833333333335,2.21297550201416,566.521728515625,9.142880619091184,1.3289725012769689
100,162,1033,214,1.3209876543209877,3.5709922313690186,760.621345281601,35.55185131871118,1.0622891024511691
101,193,1114,247,1.2797927461139897,3.3095345497131348,814.1454992294312,27.372382023347438,1.0543659553863283
102,140,898,170,1.2142857142857142,3.727780342102051,629.9948778152466,41.586697400495495,1.0121274899883126
103,120,840,205,1.7083333333333333,2.9735724925994873,606.6087884902954,19.561678867585368,1.0418470129935848
104,110,702,162,1.4727272727272727,3.420067548751831,550.6308753490448,30.57148001662224,1.1316131527441822
105,126,930,159,1.2619047619047619,3.4551844596862793,545.9191446304321,31.664128898899023,0.8468761749297518
106,199,1265,276,1.3869346733668342,3.712785482406616,1021.0160076618195,40.967762724124285,1.1644385224679485
107,184,1182,236,1.2826086956521738,4.114947319030762,967.012619972229,61.24898752173128,1.1802912955253626
108,77,439,110,1.4285714285714286,4.567998886108398,497.91187858581543,96.3511071881085,1.6362984009919446
109,164,1044,191,1.1646341463414633,3.566452741622925,677.6260209083557,35.390829808456246,0.9364058428561358
110,180,1103,276,1.5333333333333334,4.0637664794921875,1117.5357818603516,58.193081871934325,1.4617074619273795
111,168,1116,245,1.4583333333333333,4.598093032836914,1121.934700012207,99.29478309237336,1.4503670500975432
112,159,1015,218,1.371069182389937,4.842155933380127,1050.7478375434875,126.74230535626454,1.4935061029052135
113,186,1153,240,1.2903225806451613,4.862746715545654,1162.1964650154114,129.37908204307595,1.4542021479760778
114,183,1113,253,1.3825136612021858,4.693413734436035,1182.7402610778809,109.22541064292197,1.5330938987572118
115,215,1314,292,1.3581395348837209,4.667235374450684,1358.165493965149,106.40317050582647,1.491186166552534
116,165,1051,228,1.3818181818181818,4.485599994659424,1018.2311987876892,88.73017247462214,1.3977137021592994
117,205,1303,267,1.302439024390244,4.510344982147217,1199.7517652511597,90.95319032575512,1.3283775303343268
118,138,955,230,1.6666666666666667,4.429104804992676,1014.2650003433228,83.85631554509204,1.53222522109168
119,156,1074,222,1.4230769230769231,4.105919361114502,907.4081788063049,60.69852276505307,1.2189136681805792
120,131,860,192,1.465648854961832,4.902501106262207,936.3777112960815,134.62607307129534,1.570822651727691
121,145,1082,238,1.6413793103448275,4.459042549133301,1056.7930841445923,86.40474118521344,1.4090851587256528
122,133,972,225,1.6917293233082706,4.584317684173584,1026.8871612548828,97.93634082422615,1.524161538163544
123,161,1147,258,1.6024844720496894,4.447225570678711,1142.9369716644287,85.38970734840926,1.437584569371335
124,137,938,205,1.4963503649635037,4.627490997314453,944.0081634521484,102.25717844650428,1.4519359232101414
125,129,1005,218,1.689922480620155,4.075742244720459,884.4360671043396,58.89417826203818,1.2696234109400688
126,230,1355,453,1.9695652173913043,3.7188076972961426,1680.9010791778564,41.21522377872568,1.789688303435277
127,267,1510,508,1.902621722846442,3.288424015045166,1667.2309756278992,26.80059302432097,1.5929177884469128
128,185,1130,377,2.037837837837838,3.417825222015381,1285.1022834777832,30.503005569341024,1.6407174260252042
129,229,1354,459,2.004366812227074,3.4285147190093994,1570.259741306305,30.830816300149213,1.6731210795348543
130,130,811,269,2.0692307692307694,3.1813573837280273,852.6037788391113,24.07941638703322,1.5167043693888735
131,91,547,266,2.923076923076923,2.1325016021728516,565.1129245758057,8.435943812684261,1.490467301330482
132,308,1973,533,1.7305194805194806,1.8334459066390991,975.3932223320007,6.25540510393268,0.7132260338444417
133,186,1094,307,1.6505376344086022,2.796820640563965,855.8271160125732,16.392446354128786,1.1286083511239882
134,225,1567,391,1.7377777777777779,2.496264696121216,973.5432314872742,12.137073526132195,0.8963152470693724
135,311,2053,516,1.6591639871382637,2.20552659034729,1135.8461940288544,9.07502913257887,0.7981878574466789
136,179,1229,318,1.776536312849162,2.9354641437530518,930.5421335697174,18.830241045954367,1.092342165532357
137,320,1968,539,1.684375,2.0813214778900146,1119.7509551048279,8.015053635184874,0.8208633892075282
138,283,1863,495,1.7491166077738516,1.9048367738723755,940.9893662929535,6.7183109342549,0.7286960237681656
139,333,2045,593,1.7807807807807807,2.147145986557007,1271.110424041748,8.560392026189355,0.8967357971576027
140,312,1957,553,1.7724358974358974,1.8853446245193481,1040.7102327346802,6.588624652411519,0.7672087336580082
141,201,1240,355,1.7661691542288558,2.592801809310913,917.8518404960632,13.36717145054006,1.0678873375439342
142,179,1105,289,1.6145251396648044,3.27742862701416,943.8994445800781,26.507524259578187,1.2323611292249101
143,96,630,166,1.7291666666666667,3.5432167053222656,584.6307563781738,34.57796762254806,1.3387998301237383
144,317,1721,566,1.7854889589905363,2.997746706008911,1693.7268888950348,20.040329255741426,1.4198322970535497
145,311,1749,564,1.8135048231511255,3.192131996154785,1797.170313835144,24.340265516660338,1.482429216353816
146,329,1820,553,1.6808510638297873,3.2063305377960205,1769.8944568634033,24.688326924986313,1.4029768987987348
147,102,494,154,1.5098039215686274,3.9355218410491943,602.1348416805267,51.18885543407093,1.7584958502812895
148,310,1849,593,1.9129032258064516,2.7255260944366455,1613.5114479064941,15.264442353019236,1.2589534690709951
149,302,1821,579,1.9172185430463575,2.9110915660858154,1682.6109251976013,18.37684716597248,1.3330557042988305
150,304,1782,571,1.8782894736842106,2.8804099559783936,1641.8336749076843,17.821577744575652,1.3292173404903584
151,156,1212,496,3.1794871794871793,4.7868332862854,2369.482476711273,119.92101122859127,2.8204955599213304
152,168,1101,487,2.8988095238095237,4.898850440979004,2380.841314315796,134.1354943543084,3.1197347477810724
153,158,1134,493,3.1202531645569622,4.078526020050049,2006.634801864624,59.05835483186034,2.5528766115743395
154,123,865,369,3.0,3.7926278114318848,1395.6870346069336,44.37285068841387,2.3278043508213253
155,129,910,381,2.953488372093023,4.8539323806762695,1844.4943046569824,128.24370264681826,2.92422284206216
156,149,1145,456,3.0604026845637584,3.940441608428955,1792.9009318351746,51.44131320278095,2.2590474088766883
157,209,1266,514,2.45933014354067,4.200425148010254,2154.8181009292603,66.71468862953738,2.4555650775895876
158,199,1271,514,2.5829145728643215,4.411795616149902,2263.2511510849,82.41732058907117,2.568986004686407
159,85,486,207,2.4352941176470586,4.310926914215088,888.0509443283081,74.50952087612112,2.6361866120148374
160,179,1242,512,2.8603351955307263,4.403738498687744,2250.3103728294373,81.75594253439924,2.6139384986650755
161,317,1779,608,1.9179810725552051,2.865753650665283,1739.512465953827,17.562284045299023,1.410672292409285
162,312,1641,582,1.8653846153846154,2.6162898540496826,1520.0644052028656,13.68485646641082,1.3363737838013443
163,326,1795,634,1.9447852760736197,2.5405449867248535,1608.1649765968323,12.686583106528508,1.2925301597033794
164,338,1760,620,1.834319526627219,2.8038690090179443,1735.5949165821075,16.50839449849624,1.422689874514262
165,213,1095,368,1.727699530516432,2.7826216220855713,1021.2221353054047,16.161334370008806,1.3454905116448816
166,296,1566,524,1.7702702702702702,3.0506930351257324,1595.512457370758,21.12998316991452,1.4698837228131265
167,326,1755,593,1.8190184049079754,3.0563342571258545,1809.3498802185059,21.249518942748026,1.4873732760252298
168,310,1571,527,1.7,2.945669412612915,1549.4221110343933,19.023392624065238,1.4228794371947981
169,336,1879,628,1.869047619047619,2.801182985305786,1756.341731786728,16.464112057890162,1.3485180982198224
170,257,1736,463,1.801556420233463,2.939955949783325,1358.2596487998962,18.915013083478488,1.1287756103474627
171,261,1525,388,1.4865900383141764,3.439141273498535,1330.947672843933,31.160188596345712,1.2591158080620648
172,262,1640,361,1.3778625954198473,3.0180752277374268,1086.5070819854736,20.45188854753205,0.9557916945555984
173,284,1582,447,1.573943661971831,3.1112141609191895,1387.6015157699585,22.448283689718895,1.265414554697426
174,263,1517,433,1.6463878326996197,3.828040838241577,1653.7136421203613,45.9723826143686,1.5727122416199546
175,265,1434,390,1.471698113207547,3.909228563308716,1520.6899111270905,49.860472934978276,1.5299105951973027
176,269,1419,395,1.4684014869888475,3.7893011569976807,1492.9846558570862,44.22548280483013,1.5179151227120042
177,264,1453,420,1.5909090909090908,3.904284715652466,1635.8952958583832,49.614578685411686,1.6242932076727277
178,217,1294,349,1.608294930875576,3.962904214859009,1379.090666770935,52.60989473361349,1.5375635748737881
179,217,1416,625,2.880184331797235,4.737418174743652,2956.148941040039,114.13913363903721,3.0118795320392833
180,260,1619,744,2.8615384615384616,3.987771511077881,2962.9142327308655,53.93456276423738,2.640260450982179
181,176,1219,562,3.1931818181818183,4.492986679077148,2520.5655269622803,89.38802092528711,2.983106961430811
182,214,1380,612,2.8598130841121496,4.376862049102783,2674.2627120018005,79.58789823771664,2.795757646840049
183,121,826,367,3.0330578512396693,4.718077182769775,1726.8162488937378,111.95278084175257,3.0160644537596584
184,83,570,329,3.963855421686747,3.526390314102173,1156.6560230255127,34.00101285761057,2.9275472077776454
185,244,1421,436,1.7868852459016393,3.3284337520599365,1447.8686821460724,27.894617583439725,1.469973939191117
186,283,1583,498,1.7597173144876326,2.9557130336761475,1468.9893777370453,19.21541907717417,1.3387894443334172
187,199,1221,398,2.0,2.7548298835754395,1093.6674637794495,15.718366723002244,1.292242937245063
188,240,1434,452,1.8833333333333333,3.148223638534546,1419.8488609790802,23.294648091284582,1.4284580966153155
189,142,854,255,1.795774647887324,2.7099053859710693,688.3159680366516,15.027853601834552,1.1627986342519478
190,93,570,261,2.806451612903226,1.7414171695709229,452.76846408843994,5.705423248294932,1.1459768733531668
191,224,1790,779,3.4776785714285716,4.1688947677612305,3243.4001293182373,64.64396601503127,2.6140990403273987
192,221,1584,699,3.16289592760181,4.701858043670654,3281.8969144821167,110.1516490043597,2.9891265171920076
193,212,1610,714,3.3679245283018866,4.077296257019043,2907.1122312545776,58.98577168959601,2.6050163971047384
194,244,1631,708,2.901639344262295,4.532591819763184,3204.542416572571,92.99928637746123,2.834566188048794
195,228,1575,692,3.0350877192982457,4.176033020019531,2885.638816833496,65.1070618324004,2.6432360703761146
196,231,1408,620,2.683982683982684,4.412631034851074,2731.418610572815,82.48620232853222,2.7987244915235956
197,221,1437,641,2.9004524886877827,4.253109455108643,2721.9900512695312,70.3237412452941,2.7327776954179877
198,242,1484,633,2.615702479338843,4.741968154907227,2996.923873901367,114.65964769931989,2.9135089021558245
199,206,1383,618,3.0,4.37099027633667,2696.9010004997253,79.12194550735647,2.813308531590338
200,233,1373,385,1.6523605150214593,4.051181316375732,1555.6536254882812,57.46530166647048,1.6346203720559942
201,272,1501,420,1.5441176470588236,3.8475799560546875,1612.136001586914,46.87947545257906,1.5495140671072638
202,195,1155,345,1.7692307692307692,3.7985634803771973,1306.7058372497559,44.637016464964304,1.6321887716890768
203,230,1375,414,1.8,3.8284075260162354,1581.1323082447052,45.98924321614455,1.6589758109774226
204,131,821,221,1.6870229007633588,3.8012733459472656,836.2801361083984,44.758140820271606,1.4695459258922459
205,96,578,250,2.6041666666666665,2.689713954925537,669.7387747764587,14.72746259973549,1.6716761402440266
206,454,1834,803,1.7687224669603525,3.6582984924316406,2933.955390930176,38.79527622470919,2.307962318802838
207,323,1333,577,1.7863777089783281,3.9078216552734375,2250.9052734375,49.79037315849558,2.436136440734507
208,487,2119,870,1.786447638603696,3.396103858947754,2951.214253425598,29.847582818282,2.0092978612637733
209,463,2041,813,1.755939524838013,3.5023903846740723,2843.9409923553467,33.19470531279346,2.0102594641116593
210,494,2220,963,1.9493927125506072,3.265612840652466,3141.519552707672,26.196160144408775,2.041556161958141
211,137,579,241,1.7591240875912408,3.842468738555908,922.192497253418,46.64047556782219,2.2978282254447584
212,500,2390,1162,2.324,2.143763303756714,2488.909195661545,8.531483856468093,1.5024003990811086
213,414,1844,770,1.8599033816425121,3.011514186859131,2315.8544096946716,20.318142108444867,1.8118609936482324
214,419,1767,721,1.720763723150358,3.293916940689087,2371.6201972961426,26.94821174718538,1.9363467444885398
215,454,1883,826,1.8193832599118942,3.450688362121582,2846.817898750305,31.522083450451895,2.181141829442913
216,406,1759,738,1.8177339901477831,3.0453498363494873,2244.422829389572,21.017382561309365,1.8408287013179716
217,433,1883,839,1.9376443418013858,2.8956105709075928,2426.5216584205627,18.094546072567354,1.8591241440324
218,348,2029,712,2.045977011494253,2.69120192527771,1913.4445688724518,14.749392939247887,1.3605307986831972
219,347,1899,691,1.9913544668587897,2.4984891414642334,1723.957507610321,12.164101833166093,1.3097129789008466
220,362,2125,804,2.2209944751381214,2.387902021408081,1917.485323190689,10.890621667547988,1.3018101490562721
221,381,1971,710,1.863517060367454,2.689754009246826,1907.0355925559998,14.728052510068384,1.3958755921761983
222,215,1202,442,2.055813953488372,2.503082513809204,1103.859388589859,12.220104604451233,1.324902217768147
223,315,1793,641,2.034920634920635,2.7663087844848633,1770.4376220703125,15.89983583746044,1.424540757146731
224,349,1972,714,2.0458452722063036,2.7523903846740723,1962.4543442726135,15.680068517858091,1.4357115367409239
225,341,1859,697,2.0439882697947214,2.44580078125,1702.27734375,11.539786744732803,1.3210688983570535
226,381,2167,754,1.979002624671916,2.5592944622039795,1927.1487300395966,12.926693826366227,1.2830124208046099
227,153,1098,367,2.3986928104575163,2.3290271759033203,852.4239463806152,10.26794776573283,1.1200253189237825
228,183,1097,392,2.1420765027322406,2.858856201171875,1117.8127746582031,17.44156588042519,1.4700664964828825
229,166,1075,357,2.1506024096385543,2.2356698513031006,795.8984670639038,9.352744702599805,1.0681290897527647
230,133,891,324,2.43609022556391,2.1546595096588135,695.9550216197968,8.624952965772733,1.1268808735944467
231,124,832,276,2.225806451612903,2.5046050548553467,688.7663900852203,12.238724386393882,1.194326749166996
232,163,1159,355,2.1779141104294477,1.6468745470046997,582.9935896396637,5.1907310620853995,0.7256962559475395
233,218,1282,440,2.018348623853211,2.5923898220062256,1138.059131860733,13.361665479875741,1.280711595767456
234,210,1330,436,2.0761904761904764,2.6419615745544434,1149.2532849311829,14.04071852881871,1.2466330939064425
235,98,507,187,1.9081632653061225,2.9070591926574707,540.7130098342896,18.302894059241577,1.538627175211193
236,190,1198,394,2.0736842105263156,2.252983808517456,885.4226367473602,9.51608770059043,1.0662728273174014
237,323,1972,559,1.7306501547987616,2.4902966022491455,1389.5855040550232,12.064854052654747,1.0166065494885257
238,231,1293,410,1.774891774891775,2.944525957107544,1204.3111164569855,19.001652652752092,1.3437383413766
239,334,2165,589,1.7634730538922156,2.2144131660461426,1302.0749416351318,9.156034462844367,0.867666079059026
240,316,1981,568,1.7974683544303798,3.0319104194641113,1719.0932078361511,20.736810778815844,1.2519572164417543
241,306,2064,645,2.107843137254902,2.2457058429718018,1446.2345628738403,9.44708135966019,1.010889259602862
242,85,538,153,1.8,2.7038862705230713,410.99071311950684,14.937670898395776,1.1021082967823999
243,313,1841,547,1.7476038338658146,3.4108338356018066,1862.3152742385864,30.290491021922854,1.4593987021813029
244,323,1720,501,1.5510835913312693,3.14833664894104,1574.16832447052,23.297280777692194,1.3203749042082022
245,312,1772,512,1.641025641025641,2.5634024143218994,1309.8986337184906,12.979905285882065,1.066469674341363
246,313,1774,515,1.645367412140575,3.414113759994507,1754.8544726371765,30.390004651670175,1.4271250536389355
247,312,1807,511,1.6378205128205128,2.6356520652770996,1344.1825532913208,13.952407377984663,1.073185115485807
248,317,1755,543,1.7129337539432177,2.8210673332214355,1529.018494606018,16.794766721709934,1.2569272932168722
249,261,1938,876,3.3563218390804597,4.128995895385742,3612.8714084625244,62.11552112965019,2.689510662723637
250,162,1217,572,3.5308641975308643,4.227583885192871,2413.9503984451294,68.55140386247568,2.86162224222574
251,192,1563,721,3.7552083333333335,4.227296829223633,3043.6537170410156,68.53172859688361,2.809382036953508
252,262,2126,967,3.6908396946564888,3.903862953186035,3771.13161277771,49.59365753052347,2.5590747301476955
253,132,1165,556,4.212121212121212,4.229355335235596,2347.2922110557556,68.67294687167725,2.9068041479892095
254,232,1886,853,3.6767241379310347,3.904106616973877,3326.298837661743,49.60574318132822,2.5444511334089714
255,218,1682,738,3.385321100917431,3.7819430828094482,2787.2920520305634,43.90126270193265,2.3907327116371677
256,252,1953,903,3.5833333333333335,4.087277412414551,3686.724225997925,59.57746582630627,2.7234095022900195
257,257,1980,934,3.6342412451361867,3.705583095550537,3457.309028148651,40.67375709045833,2.5191124190559093
258,164,1361,613,3.7378048780487805,4.639735221862793,2839.5179557800293,103.516934933105,3.0099621405723846
259,152,1145,526,3.460526315789474,4.464595317840576,2343.9125418663025,86.88586126628527,2.953319651028786
260,90,666,299,3.3222222222222224,4.994462013244629,1488.3496799468994,147.59352066136972,3.2240761296817833
261,274,1931,887,3.2372262773722627,3.754932165145874,3326.8698983192444,42.731321039305335,2.4855819285281946
262,273,1841,812,2.9743589743589745,3.849705219268799,3122.110932826996,46.979212623584964,2.4466344160210336
263,268,1897,870,3.246268656716418,3.998701572418213,3474.871666431427,54.527304293211365,2.642688519180911
264,82,546,252,3.073170731707317,4.835799217224121,1213.7856035232544,125.93919577032212,3.207184012647283
265,262,1885,830,3.16793893129771,3.7378058433532715,3098.641044139862,42.00572184265629,2.3715618397217924
266,264,1885,815,3.087121212121212,3.4907419681549072,2841.4639620780945,32.81028286219734,2.1747299559441764
267,259,1901,865,3.33976833976834,3.594958782196045,3106.044387817383,36.41419904362909,2.3572197975197975
268,251,1529,669,2.6653386454183265,4.022937297821045,2687.322114944458,55.86495708573819,2.5356352442783585
269,290,1510,672,2.317241379310345,4.00312614440918,2686.0976428985596,54.76909880066848,2.5663706945386
270,214,1246,560,2.616822429906542,3.935086488723755,2199.713347196579,51.16657509707129,2.5469627105760573
271,309,1451,638,2.0647249190938513,3.8694663047790527,2464.8500361442566,47.916806285001655,2.450742194128395
272,335,1516,646,1.9283582089552238,3.5546834468841553,2292.77082324028,34.976746217073796,2.1819057365327565
273,322,1384,597,1.8540372670807452,3.647153377532959,2173.7034130096436,38.36529893753592,2.2658895479136034
274,309,1340,602,1.948220064724919,3.2689247131347656,1964.6237525939941,26.28306231134845,2.1151887649850902
275,345,1480,645,1.8695652173913044,3.5361270904541016,2277.2658462524414,34.33369008916526,2.219864961604193
276,267,1135,493,1.8464419475655431,3.6768643856048584,1809.0172777175903,39.522272968261234,2.299436348410238
277,255,1692,871,3.4156862745098038,3.3910956382751465,2950.2532052993774,29.698473235498764,2.515552995657317
278,286,1835,963,3.367132867132867,2.86576771736145,2756.868544101715,17.562531090350237,2.1674771536557604
279,223,1372,698,3.1300448430493275,3.213872194290161,2240.0689194202423,24.8752216682196,2.3554929455518097
280,259,1554,743,2.8687258687258685,3.412497043609619,2532.0728063583374,30.34091232808797,2.350713565574629
281,138,912,450,3.260869565217391,3.477576971054077,1561.4320600032806,32.38116643942165,2.4700332123374684
282,93,638,326,3.5053763440860215,3.660405158996582,1189.6316766738892,38.877091084065654,2.690087336084393
283,332,1914,578,1.7409638554216869,2.7587828636169434,1591.8177123069763,15.780624082924213,1.1998471888947175
284,234,1247,409,1.7478632478632479,3.207749366760254,1308.7617416381836,24.723380299797263,1.5141492176155655
285,335,2079,640,1.9104477611940298,2.160456657409668,1380.5318040847778,8.675098301985221,0.9580021104101025
286,335,1910,573,1.7104477611940299,3.185899496078491,1822.334511756897,24.189036566720272,1.3764779910745997
287,310,1991,661,2.132258064516129,2.535068988800049,1673.1455326080322,12.61730127048636,1.2123750691005182
288,88,508,145,1.6477272727272727,3.3982391357421875,489.346435546875,29.911383761339195,1.3897198343310382
289,316,1815,660,2.088607594936709,2.6626338958740234,1754.6757373809814,14.333993668706508,1.3947448951447532
290,306,1598,506,1.65359477124183,3.074089765548706,1552.4153316020966,21.630184409162364,1.4015406134557826
291,309,1648,521,1.686084142394822,2.606724739074707,1355.4968643188477,13.554583273167811,1.186631434522659
292,315,1703,519,1.6476190476190475,3.365736722946167,1743.4516224861145,28.954821124334448,1.4769635994072428
293,311,1703,519,1.6688102893890675,2.775876045227051,1437.9037914276123,16.052683714545413,1.2181190071450703
294,310,1671,532,1.7161290322580645,2.9730098247528076,1578.6682169437408,19.5506752358447,1.3629783409896812
295,278,1890,601,2.161870503597122,2.1082332134246826,1264.9399280548096,8.23368126866284,0.9655674927127598
296,255,1737,593,2.3254901960784315,2.3595938682556152,1396.8795700073242,10.586651004179096,1.1602022040119022
297,284,1769,619,2.1795774647887325,2.0557446479797363,1270.450192451477,7.812653383671433,1.0361063834630724
298,270,1790,605,2.240740740740741,2.8297204971313477,1709.151180267334,16.940725181473663,1.3775329228498332
299,298,1997,652,2.1879194630872485,2.5198276042938232,1640.407770395279,12.42645421155901,1.1850817002428593
300,283,1562,552,1.9505300353356891,3.051246404647827,1681.2367689609528,21.141679094388735,1.552824551306114
301,292,1675,594,2.0342465753424657,2.9009413719177246,1720.2582335472107,18.19126205484194,1.4816764313952053
302,264,1594,536,2.0303030303030303,2.6026811599731445,1392.4344205856323,13.499884906628884,1.2602623797628538
303,332,1825,633,1.9066265060240963,2.638521671295166,1667.545696258545,13.992502791668977,1.318224606272842
304,145,1074,480,3.310344827586207,4.389085292816162,2102.3718552589417,80.56669033512931,2.82409818406574
305,144,1028,475,3.298611111111111,4.3571319580078125,2065.280548095703,78.03301122637056,2.8984144015390187
306,127,910,426,3.354330708661417,4.779390335083008,2031.2408924102783,119.03175843165874,3.2202869915727264
307,157,1162,545,3.4713375796178343,4.878815650939941,2654.075714111328,131.4748595143746,3.2951995446577
308,126,988,465,3.6904761904761907,4.843242645263672,2247.2645874023438,126.88011259046073,3.2814954208610767
309,212,1463,706,3.330188679245283,4.192386150360107,2955.6322360038757,66.1805193738523,2.9146110523406357
310,251,1693,832,3.314741035856574,3.285553216934204,2730.2947232723236,26.723764265187615,2.326628858493967
311,133,943,397,2.9849624060150375,4.593613624572754,1819.0709953308105,98.85099591443014,2.782995444314646
312,160,1069,469,2.93125,4.406948089599609,2062.451705932617,82.0187672187844,2.78343203762579
313,161,1128,505,3.1366459627329193,4.562557220458984,2299.528839111328,95.82822065497993,2.9410628125594576
314,130,889,394,3.0307692307692307,4.737452030181885,1861.8186478614807,114.14299793483937,3.021413419914908
315,154,1080,475,3.0844155844155843,4.6088547706604,2184.59716129303,100.36913810991858,2.918247676794038
316,136,1024,454,3.338235294117647,4.641446113586426,2102.575089454651,103.69419279160105,2.9622799361844665
317,175,1214,526,3.005714285714286,4.5841779708862305,2406.693434715271,97.92265877190273,2.8600697555220327
318,153,1029,432,2.823529411764706,4.2920427322387695,1849.8704175949097,73.11567179649609,2.593584915210274
319,123,1041,463,3.7642276422764227,4.146963596343994,1915.8971815109253,63.241681194678534,2.6551924712958255
320,175,1029,302,1.7257142857142858,2.7617154121398926,831.2763390541077,15.826969450575975,1.1654793507888181
321,177,1036,293,1.655367231638418,2.756049871444702,804.766562461853,15.73755464186316,1.120687962101326
322,160,933,263,1.64375,2.7266738414764404,714.3885464668274,15.281972129494196,1.1046568202096105
323,185,1061,304,1.6432432432432433,2.911513090133667,882.1884663105011,18.384595081828337,1.1995560089308204
324,169,978,268,1.5857988165680474,3.3513641357421875,894.8142242431641,28.541641773432392,1.3199836849003248
325,215,1248,374,1.7395348837209301,2.816472053527832,1050.5440759658813,16.717767124075962,1.214434878710942
326,172,1015,272,1.5813953488372092,2.792653799057007,756.8091795444489,16.324283738291413,1.0757092120473117
327,175,1129,305,1.7428571428571429,2.5191032886505127,765.8073997497559,12.417456795260746,0.9785886075243975
328,173,985,249,1.439306358381503,3.5793542861938477,887.6798629760742,35.85038428352322,1.3001536408249512
329,168,1004,266,1.5833333333333333,3.8149776458740234,1010.9690761566162,45.37574203655612,1.4527092357203657
330,153,892,226,1.477124183006536,3.8599047660827637,868.4785723686218,47.46083127274632,1.4046521630880466
331,176,999,262,1.4886363636363635,4.0187249183654785,1048.88720369339,55.63012763084694,1.5147391063266724
332,163,920,224,1.3742331288343559,4.130104064941406,921.0132064819336,62.18439381335773,1.4442838973747048
333,205,1132,298,1.4536585365853658,3.971125602722168,1179.424304008484,53.0442039496292,1.5031356841845909
334,163,942,223,1.3680981595092025,3.7116825580596924,823.9935278892517,40.92260328947466,1.261965367739305
335,162,1002,225,1.3888888888888888,3.937089443206787,881.9080352783203,51.26916212231765,1.2697847794572474
336,319,1995,685,2.147335423197492,2.6154367923736572,1788.9587659835815,13.673187417734171,1.293695208039776
337,230,1344,474,2.0608695652173914,3.0676355361938477,1450.99160861969,21.49102779541956,1.5575434509874453
338,318,2243,751,2.361635220125786,2.093203067779541,1569.9023008346558,8.110853214057624,1.0097593687446864
339,308,2019,679,2.2045454545454546,3.0113565921783447,2041.6997694969177,20.314940329623404,1.4589153702017548
340,296,2149,781,2.6385135135135136,2.2810027599334717,1779.182152748108,9.786488989929753,1.19442404309346
341,84,565,172,2.0476190476190474,3.086721420288086,527.8293628692627,21.905142361544424,1.3477819544195868
342,312,1930,692,2.217948717948718,2.7124581336975098,1874.3085703849792,15.066264927302779,1.4010651189585972
343,298,1728,596,2.0,2.795980930328369,1663.6086535453796,16.37868722678728,1.3889351588251648
344,298,1812,624,2.0939597315436242,2.4345123767852783,1516.7012107372284,11.41025345213281,1.2075812998018136
345,300,1813,605,2.0166666666666666,3.1349985599517822,1893.5391302108765,22.988602737314572,1.506784066676466
346,303,1825,626,2.066006600660066,2.51882004737854,1574.2625296115875,12.413940157055439,1.2444825997413438
347,309,1821,612,1.9805825242718447,2.742736577987671,1675.812049150467,15.52942448170866,1.327669265662466
348,277,1831,784,2.8303249097472922,4.535687446594238,3551.4432706832886,93.2876235254872,2.7982794072164174
349,278,1730,750,2.697841726618705,4.545467376708984,3404.5550651550293,94.20444588584328,2.839153010943678
350,272,1781,832,3.0588235294117645,4.354229927062988,3618.3650693893433,77.80688528401352,2.9310484793564604
351,260,1650,779,2.996153846153846,4.470428943634033,3477.993718147278,87.39420216131391,3.0410207814630574
352,171,1074,472,2.760233918128655,4.798216342926025,2259.959897518158,121.2938777766962,3.0357848573159933
353,252,1656,732,2.9047619047619047,4.191524982452393,3064.004762172699,66.12355136748174,2.6693384514774885
354,279,1823,801,2.870967741935484,4.158461093902588,3326.7688751220703,63.972998372348414,2.6327553254648195
355,264,1604,717,2.715909090909091,4.401130676269531,3151.2095642089844,81.5430153134978,2.8343107301035992
356,284,1844,792,2.788732394366197,4.19590950012207,3318.9644145965576,66.41410775617337,2.596666758039802
357,230,1806,748,3.252173913043478,4.105944633483887,3067.1406412124634,60.70005677992551,2.450137648275867
358,224,1799,764,3.4107142857142856,4.050601005554199,3090.608567237854,57.431963604205485,2.478491191374651
359,260,1838,787,3.026923076923077,4.241189956665039,3333.5753059387207,69.4904933348046,2.6166118402109366
360,244,1771,756,3.098360655737705,4.375280857086182,3303.337047100067,79.46215392755325,2.6909700599864816
361,255,1838,796,3.1215686274509804,4.5799689292907715,3641.0752987861633,97.51136441273518,2.857976755746517
362,267,1728,800,2.9962546816479403,3.5399022102355957,2828.381865978241,34.46354884374538,2.3613961179323386
363,242,1593,717,2.9628099173553717,4.330071449279785,3100.331157684326,75.94971292761889,2.8078043856275685
364,224,1554,699,3.1205357142857144,3.8371479511260986,2678.329269886017,46.392970556398744,2.4864944372794815
365,273,1805,835,3.0586080586080584,3.7383034229278564,3117.7450547218323,42.02662823272589,2.491942010638935
366,259,1946,808,3.1196911196911197,3.964092254638672,3199.022449493408,52.672434523884306,2.371641224859509
367,160,1184,518,3.2375,4.609362602233887,2383.0404653549194,100.42012167168991,2.903716775004451
368,193,1587,656,3.3989637305699483,4.2616801261901855,2791.4004826545715,70.92905316006087,2.537580109301077
369,255,2066,828,3.2470588235294118,3.9774649143218994,3289.363484144211,53.38153578313633,2.296974049494722
370,147,1195,525,3.5714285714285716,4.299761772155762,2253.075168609619,73.68223844777985,2.720083993726496
371,258,1974,798,3.0930232558139537,4.1395063400268555,3299.186553001404,62.771825861321666,2.411205713770354
372,220,1789,714,3.2454545454545456,3.9465599060058594,2813.8972129821777,51.75701124718435,2.269198185992545
373,269,2010,869,3.2304832713754648,4.325101852416992,3754.188407897949,75.57320978182103,2.6946014918593058
374,239,1949,850,3.5564853556485354,3.8494067192077637,3268.1463046073914,46.965191418518835,2.4191577560578117
375,171,1216,498,2.912280701754386,4.592592716217041,2282.5185799598694,98.75012960312127,2.708041312537025
376,151,1172,510,3.377483443708609,4.514527797698975,2297.894649028778,91.33442751130406,2.828635848668177
377,88,604,253,2.875,5.369257926940918,1353.0529975891113,214.70348290371226,3.2318590226519164
378,288,1814,774,2.6875,4.314812660217285,3335.3501863479614,74.79960918873759,2.652642322752086
379,283,1799,766,2.706713780918728,4.134932041168213,3163.223011493683,62.4853444951553,2.5367238198486874
380,260,1729,763,2.9346153846153844,4.302672863006592,3278.636721611023,73.89704664939065,2.735727553004437
381,89,517,229,2.5730337078651684,5.01965856552124,1144.4821529388428,151.35961557903502,3.1936919273322877
382,269,1811,757,2.8141263940520447,4.210696697235107,3183.286703109741,67.4034832759613,2.5358983657118728
383,270,1895,757,2.803703703703704,3.976882219314575,3006.522957801819,53.35043968940133,2.2889159691501333
384,272,1824,768,2.823529411764706,4.165778636932373,3195.15221452713,64.44284048910671,2.5272095695085963
385,281,1792,438,1.5587188612099645,2.691310405731201,1176.102647304535,14.750993046871287,0.9468512593987914
386,260,1609,460,1.7692307692307692,2.9240682125091553,1342.1473095417023,18.616870998029928,1.2034240320809686
387,273,1617,435,1.5934065934065933,2.8853743076324463,1252.2524495124817,17.91027029187604,1.11726555278461
388,274,1723,450,1.6423357664233578,3.7795774936676025,1697.0302946567535,43.79753309076525,1.4209501975273564
389,286,1824,443,1.548951048951049,3.381395101547241,1494.5766348838806,29.41177491709782,1.182137225534808
390,277,1435,417,1.5054151624548737,3.848480463027954,1600.967872619629,46.921709760417514,1.6095528992689145
391,278,1561,453,1.629496402877698,3.6723811626434326,1659.9162855148315,39.345482398486695,1.5341146658571918
392,262,1455,398,1.5190839694656488,3.689667224884033,1464.7978882789612,40.03152324571942,1.4524100682643872
393,319,1749,484,1.5172413793103448,3.556326150894165,1717.7055308818817,35.03424987615634,1.4168812184738908
394,286,1871,486,1.6993006993006994,2.37333083152771,1151.0654532909393,10.733082902316156,0.8875662326036585
395,170,1036,280,1.6470588235294117,3.4800124168395996,970.9234642982483,32.460125125528556,1.3520718793685476
396,217,1502,363,1.672811059907834,2.7968249320983887,1012.4506254196167,16.39251670302756,0.9724750309173172
397,297,2002,504,1.696969696969697,2.6923985481262207,1354.276469707489,14.767052963927881,0.975928045374429
398,171,1208,306,1.7894736842105263,3.432199001312256,1046.820695400238,30.94461523600427,1.2502011804253805
399,297,1855,481,1.6195286195286196,2.751483201980591,1320.7119369506836,15.665850281310261,1.0271614888849643
400,260,1787,459,1.7653846153846153,2.360091209411621,1080.9217739105225,10.591917490939498,0.8726583563568059
401,308,1921,487,1.5811688311688312,2.9650840759277344,1441.030860900879,19.396333937689697,1.0822322107181945
402,301,1904,531,1.7641196013289036,2.2999966144561768,1218.9982056617737,9.974148686840081,0.9236568624794043
403,199,1209,340,1.7085427135678393,3.094356060028076,1048.9867043495178,22.073020260131766,1.2517517918308576
404,172,1053,272,1.5813953488372092,3.883815288543701,1052.513943195343,48.60932031476271,1.4420291038123547
405,88,600,138,1.5681818181818181,4.582417964935303,627.7912611961365,97.75046588443587,1.5095188987351567
406,308,1642,499,1.62012987012987,3.8478190898895264,1916.2139067649841,46.89068726182731,1.6836250307992138
407,303,1659,499,1.646864686468647,4.007683753967285,1995.826509475708,55.019284660516796,1.7356051884842276
408,303,1689,461,1.5214521452145215,4.180729389190674,1923.13551902771,65.41354775260935,1.6426868420714624
409,97,461,137,1.4123711340206186,4.833038330078125,657.293212890625,125.59197140774218,2.0569927519463738
410,302,1775,523,1.7317880794701987,3.4951722621917725,1824.4799208641052,32.95596453074275,1.4829116248068355
411,295,1780,528,1.7898305084745763,3.5081512928009033,1848.795731306076,33.386488853667245,1.4984541759393037
412,301,1732,500,1.6611295681063123,3.5500259399414062,1771.4629440307617,34.81422055473051,1.475566284337034
413,152,1022,311,2.0460526315789473,3.043694496154785,943.5452938079834,20.982620422688647,1.3319453192083148
414,169,971,332,1.9644970414201184,2.881667137145996,953.8318223953247,17.843996785938614,1.4171868589205125
415,156,955,282,1.8076923076923077,3.016934871673584,847.7586989402771,20.428579405296638,1.2806882417085
416,129,831,277,2.147286821705426,2.6960442066192627,744.1082010269165,14.820986848509744,1.2918426131243566
417,123,767,249,2.024390243902439,2.911858081817627,722.1408042907715,18.390938708430834,1.3583167629385442
418,159,1054,287,1.8050314465408805,2.6086623668670654,746.0774369239807,13.580872471547432,1.0212165259671493
419,193,1214,402,2.082901554404145,3.077860116958618,1234.2219069004059,21.711891741330763,1.466726379276553
420,197,1250,400,2.030456852791878,3.0606117248535156,1221.1840782165527,21.340607750085255,1.4094369709244645
421,88,436,145,1.6477272727272727,3.61255145072937,520.2074089050293,37.060490302305425,1.721331763901337
422,174,1155,355,2.0402298850574714,2.867302179336548,1015.0249714851379,17.589500813210105,1.267854106268459
423,177,972,290,1.6384180790960452,3.07737398147583,889.3610806465149,21.701339385501967,1.3200378812843379
424,181,992,291,1.6077348066298343,3.1942975521087646,926.3462901115417,24.39303283824349,1.3472129021066634
425,158,875,275,1.740506329113924,2.541675329208374,696.4190402030945,12.70093139809859,1.1482517664933212
426,183,1023,307,1.6775956284153006,3.0298969745635986,927.1484742164612,20.69510035780861,1.3075195561288928
427,180,943,289,1.6055555555555556,3.091756820678711,890.4259643554688,22.01572169591299,1.3622620605030835
428,214,1127,370,1.7289719626168225,2.903095006942749,1071.2420575618744,18.230481611098828,1.371318193466021
429,177,947,265,1.497175141242938,3.254307985305786,859.1373081207275,25.901683984690504,1.3088417464292155
430,176,1022,313,1.7784090909090908,2.6359899044036865,822.4288501739502,13.957121843427629,1.1609726258610278
431,285,1704,522,1.831578947368421,3.983527660369873,2075.417911052704,53.706157533517526,1.7571567652863074
432,291,1647,513,1.7628865979381443,3.370549201965332,1725.72119140625,29.09450142818246,1.5116511261680574
433,297,1734,532,1.7912457912457913,3.9524648189544678,2098.7588188648224,52.06353600342204,1.7461758592838856
434,306,1672,556,1.8169934640522876,3.820070505142212,2120.1391303539276,45.607423765393214,1.8293745271269444
435,185,1016,288,1.5567567567567568,4.201657772064209,1205.875780582428,66.7969734622079,1.7123139848173
436,281,1542,471,1.6761565836298933,4.097376823425293,1925.7671070098877,60.18221178944768,1.8017475066084634
437,293,1662,525,1.7918088737201365,3.8639659881591797,2024.7181777954102,47.653972177064034,1.7575516692558224
438,291,1525,492,1.690721649484536,3.601717710494995,1768.4433958530426,36.66115363809006,1.6729996834688672
439,320,1817,531,1.659375,3.5866196155548096,1900.908396244049,36.11179761012754,1.5093181708560717
440,268,1898,614,2.291044776119403,2.260870933532715,1385.9138822555542,9.59143903602948,1.0534515727235294
441,267,1695,570,2.134831460674157,2.343318462371826,1333.348205089569,10.41574352900643,1.1348760137232576
442,280,1802,582,2.0785714285714287,1.8456089496612549,1072.298799753189,6.3319544581560185,0.8584906552470107
443,294,1772,590,2.006802721088435,2.0986716747283936,1236.1176164150238,8.155329783902884,1.0063999746938155
444,286,1733,590,2.062937062937063,2.585432529449463,1522.8197598457336,13.269027093934586,1.2677233212332153
445,287,1636,563,1.961672473867596,2.5925490856170654,1457.0125861167908,13.363793676434536,1.2848562545864903
446,261,1543,536,2.053639846743295,2.4242091178894043,1296.9518780708313,11.293294222031596,1.212641634973698
447,302,1729,588,1.9470198675496688,2.517585277557373,1477.822557926178,12.398621257991202,1.233110049528016
448,223,1417,474,2.125560538116592,2.5420072078704834,1202.3694093227386,12.705147265758097,1.224172465876152
449,301,1808,508,1.6877076411960132,2.3437840938568115,1188.2985355854034,10.420594556440975,0.9482037634871012
450,270,1577,498,1.8444444444444446,2.7141575813293457,1348.9363179206848,15.091891024491579,1.2340543667337922
451,291,1622,484,1.6632302405498283,2.4715518951416016,1193.7595653533936,11.84080829330822,1.0617947009550588
452,290,1701,507,1.7482758620689656,3.18487286567688,1611.5456700325012,24.164216109293278,1.366824777379172
453,291,1743,493,1.6941580756013745,2.952720880508423,1452.738673210144,19.158009532021648,1.2024434191324656
454,283,1466,517,1.8268551236749118,2.755056858062744,1421.609338760376,15.721934796145932,1.3990100566923827
455,288,1546,474,1.6458333333333333,3.481971025466919,1646.9722950458527,32.523764108229514,1.5369202862510778
456,271,1499,466,1.7195571955719557,2.7931814193725586,1298.8293600082397,16.33289903463139,1.250043146527601
457,331,1731,567,1.7129909365558913,2.7289206981658936,1544.5691151618958,15.316347134194555,1.2873149640406247
458,285,1916,555,1.9473684210526316,2.2206594944000244,1230.2453598976135,9.2134050517531,0.9263407514618711
459,172,1101,372,2.1627906976744184,3.1284658908843994,1160.6608455181122,22.83891526500547,1.520871613063553
460,217,1527,444,2.046082949308756,2.5591673851013184,1133.711151599884,12.925051243937304,1.0711194867149108
461,288,1974,533,1.8506944444444444,2.6235718727111816,1395.7402362823486,13.784873567805091,1.0200747301184065
462,165,1198,350,2.121212121212121,3.1541128158569336,1100.7853727340698,23.432239155980188,1.3256240386699096
463,291,1942,574,1.9725085910652922,2.52079439163208,1444.4151864051819,12.4384737593873,1.073043576936902
464,259,1881,582,2.247104247104247,2.21096134185791,1284.5685396194458,9.124483926396946,0.9852422444396344
465,294,1966,605,2.057823129251701,2.7604103088378906,1667.287826538086,15.806327093619457,1.2234933260839445
466,286,1881,559,1.9545454545454546,2.4216573238372803,1351.2847867012024,11.264512798757176,1.036412472409636
467,191,1257,379,1.9842931937172774,2.850515604019165,1077.4948983192444,17.296697788718912,1.2366718746128336
468,166,1074,331,1.9939759036144578,3.326822280883789,1097.8513526916504,27.849702410707263,1.4747343595544549
469,89,628,192,2.157303370786517,3.540100336074829,676.1591641902924,34.47037763974114,1.5533303710652249
470,305,1672,559,1.8327868852459017,3.2477829456329346,1812.2628836631775,25.733224668652174,1.56372169560287
471,299,1688,577,1.9297658862876255,3.248321533203125,1871.033203125,25.747087996572557,1.5991293385586671
472,298,1716,550,1.8456375838926173,3.409820556640625,1871.9914855957031,30.259813849537935,1.573841977188394
473,96,505,157,1.6354166666666667,4.290671348571777,669.3447303771973,73.01547088104657,1.9121986597234513
474,294,1763,604,2.054421768707483,2.9197373390197754,1760.6016154289246,18.53641802654111,1.4407323990699985
475,294,1818,609,2.0714285714285716,2.870150327682495,1745.051399230957,17.639669731203714,1.3848058304548123
476,295,1753,565,1.9152542372881356,3.0229105949401855,1704.9215755462646,20.55102041499134,1.403127154674954
477,163,1043,286,1.7546012269938651,2.6883091926574707,766.1681199073792,14.70678854044001,1.0597765552038318
478,175,1015,308,1.76,2.933682918548584,900.6406559944153,18.796730000216975,1.2801475941144096
479,167,1028,280,1.6766467065868262,2.4974334239959717,696.7839252948761,12.15126675467549,0.9778664529125134
480,132,891,271,2.053030303030303,2.405885696411133,649.5891380310059,11.08824675469386,1.051805867623646
481,134,805,244,1.8208955223880596,2.4383604526519775,592.5215899944305,11.454245561276538,1.0618980863411287
482,169,1148,272,1.6094674556213018,1.4851360321044922,402.4718647003174,4.415566030665669,0.5057875986937994
483,207,1185,332,1.603864734299517,3.223712921142578,1067.0489768981934,25.121220347751343,1.2990938965035153
484,215,1270,350,1.627906976744186,2.9520351886749268,1030.2602808475494,19.14487754410246,1.1703554314989215
485,90,440,152,1.6888888888888889,3.284097671508789,495.89874839782715,26.68489490728202,1.6259787843104299
486,191,1171,314,1.643979057591623,2.420823097229004,757.7176294326782,11.25511956104036,0.9335230285027039
487,315,2195,1030,3.2698412698412698,4.884469509124756,5026.119124889374,132.22030506089092,3.3034884448269137
488,228,1480,692,3.0350877192982457,4.970685958862305,3434.7439975738525,144.12571778364526,3.3481676567722505
489,296,2063,989,3.3412162162162162,4.577254295349121,4522.327243804932,97.24701572050724,3.162549242808739
490,245,1812,814,3.3224489795918366,5.007338047027588,4070.965832233429,149.50622743212705,3.2412595020924835
491,178,1276,614,3.449438202247191,4.555013179779053,2792.2230792045593,95.1080087298588,3.1569956029969664
492,89,628,293,3.292134831460674,4.830411911010742,1410.4802780151367,125.26254705189761,3.2402753222358665
493,223,1509,710,3.1838565022421523,4.20672082901001,2982.565067768097,67.13602794443784,2.8515121487062216
494,169,1319,600,3.5502958579881656,4.644069671630859,2781.7977333068848,103.96659770406202,3.0426730815754373
495,133,889,431,3.2406015037593985,4.2693328857421875,1835.8131408691406,71.47393842786272,2.9792109272561316
496,115,823,393,3.417391304347826,4.180002212524414,1638.5608673095703,65.365997837716,2.872349498739047
497,85,675,334,3.929411764705882,3.1334781646728516,1043.4482288360596,22.953677531030685,2.230189015060971
498,116,800,394,3.396551724137931,2.1631412506103516,850.1145114898682,8.698418700788103,1.5330699873927205
499,153,1135,514,3.3594771241830066,4.427677154541016,2271.398380279541,83.7366834550526,2.887167558689443
500,168,1114,482,2.869047619047619,4.631383419036865,2227.695424556732,102.65598216176312,2.884995638796258
501,152,1106,496,3.263157894736842,4.278258800506592,2117.738106250763,72.11476443465443,2.7624324265728393
502,129,895,428,3.317829457364341,3.573106050491333,1525.7162835597992,35.62708098480377,2.4593780068103483
503,123,824,363,2.951219512195122,4.896764755249023,1772.6288414001465,133.85602141552081,3.1035956781853646
504,156,1089,479,3.0705128205128207,4.073376655578613,1947.0740413665771,58.75502348982531,2.5794619501590392
505,194,1267,552,2.845360824742268,4.001199722290039,2204.6610469818115,54.66369195892715,2.510381656923228
506,202,1308,591,2.9257425742574257,4.189309597015381,2471.6926622390747,65.97722435994642,2.7262222831910954
507,80,495,239,2.9875,3.7955520153045654,903.3413796424866,44.50279585071583,2.6328204618990094
508,178,1194,529,2.9719101123595504,4.289572238922119,2264.894142150879,72.93526295915188,2.736642836699779
509,265,1797,489,1.8452830188679246,2.319736957550049,1132.0316352844238,10.172998023777318,0.9088349617998119
510,272,1584,433,1.5919117647058822,2.4792661666870117,1071.042984008789,11.932504734686841,0.9754977282881296
511,272,1721,443,1.6286764705882353,2.153217315673828,951.722053527832,8.61252307579543,0.7978179470826635
512,298,1675,486,1.6308724832214765,2.4679782390594482,1196.9694459438324,11.798568836332786,1.0309623186619565
513,272,1622,498,1.8308823529411764,2.88916277885437,1435.913901090622,17.97825152662097,1.2771799409660702
514,274,1548,458,1.6715328467153285,3.0504558086395264,1394.0583045482635,21.12497117276627,1.2992254539288477
515,283,1499,451,1.5936395759717314,2.9448819160461426,1325.1968622207642,19.008417664823813,1.2754202410457047
516,280,1552,485,1.7321428571428572,2.8495161533355713,1379.1658182144165,17.27941922826289,1.2820333031581883
517,223,1355,413,1.852017937219731,2.856525421142578,1176.8884735107422,17.40096076616852,1.2530562098991365
518,180,1087,351,1.95,3.121774911880493,1092.6212191581726,22.686610664151083,1.4501556710667425
519,179,1120,375,2.094972067039106,2.7160580158233643,1015.8056979179382,15.120599445370747,1.3084802168687162
520,175,1005,343,1.96,2.5570030212402344,874.4950332641602,12.89710698180648,1.2553528833554557
521,183,1103,375,2.0491803278688523,2.5476462841033936,952.8197102546692,12.776994946623487,1.246263164864615
522,165,1031,359,2.175757575757576,2.750545024871826,984.6951189041138,15.651159831386435,1.3778998688947945
523,223,1314,466,2.0896860986547083,2.5626420974731445,1191.6285753250122,12.970040195970238,1.3083383837161155
524,186,1079,358,1.924731182795699,2.4311625957489014,867.9250466823578,11.372095547492195,1.1604737355995918
525,181,1181,394,2.1767955801104972,2.1946725845336914,862.5063257217407,8.977061346865414,1.0536270947113602
526,360,1822,762,2.1166666666666667,3.8542051315307617,2933.0501050949097,47.19109131876521,2.322446125850318
527,375,1687,707,1.8853333333333333,3.7642006874084473,2657.5256853103638,43.129218351254266,2.2726728673576204
528,445,1889,862,1.9370786516853933,3.5493435859680176,3055.984827518463,34.79047303603285,2.333961967015776
529,405,1637,723,1.7851851851851852,3.833500385284424,2767.787278175354,46.22405738993023,2.439262663689154
530,251,1052,451,1.796812749003984,3.8797309398651123,1745.8789229393005,48.41118779814478,2.394268882240583
531,300,1794,577,1.9233333333333333,3.101762533187866,1786.615219116211,22.237110406769418,1.4367563637657226
532,308,1750,568,1.844155844155844,2.742112159729004,1554.7775945663452,15.519730652332687,1.2817542430663644
533,325,1848,616,1.8953846153846154,2.876051664352417,1768.7717735767365,17.744075123719764,1.380843217642605
534,320,1743,599,1.871875,3.068678140640259,1835.0695281028748,21.513446121249334,1.5189017256916053
535,200,1088,346,1.73,2.980299711227417,1028.2034003734589,19.69371818878949,1.3634043628161383
536,292,1664,534,1.8287671232876712,3.2133331298828125,1712.706558227539,24.86181593519475,1.4849238329644685
537,329,1857,614,1.8662613981762919,3.141976833343506,1926.031798839569,23.149584526309038,1.4963255383846505
538,315,1656,549,1.7428571428571429,2.895057439804077,1586.4914770126343,18.084540183869862,1.382139726025806
539,343,1920,599,1.7463556851311954,3.0230443477630615,1807.7805199623108,20.553769355820027,1.3583729120652592
540,285,1994,637,2.2350877192982455,1.9305357933044434,1227.820764541626,6.893202584117499,0.8883505155991471
541,183,1154,393,2.1475409836065573,2.539344310760498,995.4229698181152,12.671359772097432,1.2444469515975383
542,226,1624,517,2.2876106194690267,2.0517754554748535,1058.7161350250244,7.781704919255642,0.9405200232202788
543,305,2109,620,2.0327868852459017,2.2998344898223877,1423.597549200058,9.972531762712027,0.9738345777395001
544,174,1285,420,2.413793103448276,2.437404155731201,1021.2723412513733,11.443297137322896,1.1466027565139436
545,328,2050,654,1.9939024390243902,2.1059961318969727,1375.2154741287231,8.215282439904765,0.9678129486240359
546,273,1879,596,2.183150183150183,1.9951120615005493,1187.0916765928268,7.353026972959843,0.911448256998955
547,310,2079,712,2.296774193548387,2.006298065185547,1426.4779243469238,7.435739709802447,0.9898858236618033
548,296,2002,670,2.2635135135135136,1.8944073915481567,1267.3585449457169,6.6486072161281395,0.9132926512594596
549,198,1278,423,2.1363636363636362,2.610344886779785,1101.5655422210693,13.603741793562746,1.2435235876185438
550,200,1203,412,2.06,2.4700920581817627,1015.2078359127045,11.823535254704945,1.217485711008209
551,101,675,229,2.267326732673267,2.8839497566223145,657.5405445098877,17.884774362677533,1.4053784929597684
552,315,1821,660,2.0952380952380953,2.871053457260132,1892.0242283344269,17.655607834680723,1.4989642896539515
553,324,1875,706,2.1790123456790123,2.7171359062194824,1915.580813884735,15.136906581370235,1.4739194349938944
554,345,1927,681,1.9739130434782608,2.7639410495758057,1879.4799137115479,15.86223377452529,1.4071179818173674
555,107,542,193,1.8037383177570094,3.4949934482574463,671.0387420654297,32.95007207190807,1.786170231406206
556,313,1950,684,2.1853035143769968,2.633960485458374,1798.9950115680695,13.928825717994622,1.3309749650119167
557,315,1981,706,2.2412698412698413,2.5240118503570557,1779.4283545017242,12.478558486206955,1.2958972552533297
558,326,1904,668,2.049079754601227,2.6391685009002686,1760.3253901004791,14.001556484506727,1.333830205172737
559,220,1823,798,3.6272727272727274,4.163028717041016,3317.9338874816895,64.26587127728897,2.625763447870144
560,213,1703,748,3.511737089201878,4.445035934448242,3320.441843032837,85.20293950293227,2.8129095598964673
561,205,1742,769,3.7512195121951217,3.9765117168426514,3053.9609985351562,53.33067688092895,2.529239028504579
562,225,1655,722,3.2088888888888887,4.397092819213867,3170.3039226531982,81.21442013042241,2.763614348835406
563,225,1702,739,3.2844444444444445,3.943270683288574,2910.133764266968,51.587050582484494,2.46676589308548
564,212,1544,669,3.1556603773584904,4.146755218505859,2770.032485961914,63.22850440279456,2.588285058677837
565,193,1506,676,3.5025906735751295,4.104635238647461,2770.628786087036,60.62062845187685,2.65416494676758
566,203,1514,641,3.1576354679802954,4.639979839324951,2969.5870971679688,103.54226008037908,2.8297282553316254
567,185,1437,618,3.3405405405405406,4.467532634735107,2756.4676356315613,87.14144775997855,2.767391919482658
568,171,1231,624,3.6491228070175437,3.2759389877319336,2040.9099893569946,26.468067006000382,2.3918852319626995
569,179,1239,631,3.525139664804469,3.131077766418457,1972.578992843628,22.898645639205874,2.296876457415051
570,166,1115,569,3.427710843373494,3.1001124382019043,1760.8638648986816,22.200447319492064,2.278376291990943
571,135,962,468,3.466666666666667,2.916776657104492,1362.1346988677979,18.481618750557697,2.0427702443652325
572,126,905,460,3.6507936507936507,3.28363299369812,1507.1875441074371,26.67249790926659,2.4026651884789123
573,163,1078,537,3.294478527607362,2.812441349029541,1507.468563079834,16.650518365910415,2.0174558629418256
574,222,1521,731,3.2927927927927927,2.7219247817993164,1987.005090713501,15.209569190883878,1.884709001047661
575,214,1466,732,3.4205607476635516,2.9704232215881348,2171.3793749809265,19.50017074310697,2.136861020582237
576,89,564,278,3.1235955056179776,3.0375754833221436,841.4084088802338,20.854619518036145,2.1522974093152243
577,197,1339,666,3.3807106598984773,2.851325273513794,1896.131306886673,17.310708068358885,2.0429717948616224
578,272,1713,497,1.8272058823529411,2.304758310317993,1143.1601219177246,10.021755804722842,0.9627737529671478
579,281,1543,475,1.690391459074733,2.2820563316345215,1081.6947011947632,9.796805191256809,1.0113775639465676
580,240,1499,422,1.7583333333333333,2.0253102779388428,852.6556270122528,7.578462009448102,0.8206284487502647
581,294,1600,502,1.7074829931972788,2.118882417678833,1061.5600912570953,8.321831956533337,0.9571921745389043
582,279,1559,518,1.8566308243727598,2.582486867904663,1335.1457107067108,13.229998541760358,1.2355407926239528
583,272,1454,457,1.6801470588235294,2.853306293487549,1301.1076698303223,17.345034916662065,1.290991460059698
584,269,1378,426,1.58364312267658,2.6768195629119873,1137.6483142375946,14.538780011513008,1.1910592026315434
585,280,1464,454,1.6214285714285714,2.7606141567230225,1250.5582129955292,15.809549508399254,1.232359379939627
586,227,1233,380,1.6740088105726871,2.8629887104034424,1085.0727212429047,17.51379244812974,1.2696099220932937
587,296,1858,473,1.597972972972973,2.153207778930664,1016.3140716552734,8.612440940766511,0.78914492527596
588,265,1679,508,1.9169811320754717,2.3037960529327393,1168.0245988368988,10.012116934467333,1.003635078247954
589,281,1661,449,1.597864768683274,2.1725921630859375,973.3212890625,8.781016391578941,0.8453978307779182
590,280,1782,476,1.7,3.1434152126312256,1493.1222259998322,23.18290636818953,1.2088215661565924
591,290,1862,511,1.7620689655172415,2.572477340698242,1311.9634437561035,13.098233066606953,1.0165215650561423
592,283,1512,497,1.756183745583039,2.9915623664855957,1483.8149337768555,19.91677549844388,1.4158018826434229
593,288,1631,498,1.7291666666666667,3.115586996078491,1548.4467370510101,22.546661271615715,1.369672856299319
594,275,1556,462,1.68,2.743837594985962,1264.9091312885284,15.546532058174737,1.1728008553246316
595,335,1896,584,1.7432835820895523,2.5952322483062744,1513.020400762558,13.399699057461472,1.1512800785569486
596,154,998,255,1.655844155844156,3.544710397720337,900.3564410209656,34.62965506288491,1.3015428582098032
597,169,964,275,1.6272189349112427,3.6502492427825928,1000.1682925224304,38.48425677701773,1.496823480992212
598,158,981,240,1.518987341772152,3.622419595718384,865.7582833766937,37.428019024833795,1.2732162915760428
599,131,866,261,1.9923664122137406,2.8735220432281494,747.1157312393188,17.699246060633726,1.2446422175855623
600,123,747,218,1.7723577235772359,3.3254611492156982,721.6250693798065,27.811821085393394,1.3936879638224915
601,161,1095,233,1.4472049689440993,2.0388541221618652,473.01415634155273,7.681801747331725,0.6232102078760137
602,194,1131,316,1.6288659793814433,3.858642101287842,1215.4722619056702,47.4009419699745,1.5504472189119378
603,196,1148,296,1.510204081632653,3.945091485977173,1163.801988363266,51.68106598865984,1.4625534470282222
604,87,434,134,1.5402298850574712,4.399008750915527,585.0681638717651,81.37017056853922,1.9448731304143017
605,178,1082,264,1.4831460674157304,3.2498955726623535,854.722535610199,25.787646841276334,1.1396524616089414
606,234,1420,633,2.7051282051282053,3.598511219024658,2274.259090423584,36.543788227808854,2.310607261585035
607,336,1542,631,1.8779761904761905,3.7710821628570557,2375.781762599945,43.42703454060483,2.222781171943827
608,356,1571,623,1.75,3.5653226375579834,2217.6306805610657,35.35085707875444,2.0365148220042433
609,422,1798,749,1.7748815165876777,3.237057685852051,2421.319149017334,25.458703933712123,1.9428393374286945
610,425,1848,763,1.795294117647059,3.5700721740722656,2720.3949966430664,35.51915662129614,2.1237556119675864
611,401,1761,785,1.9576059850374066,2.7614951133728027,2165.0121688842773,15.823483172744696,1.7736810445846711
612,389,1634,690,1.7737789203084833,3.3787648677825928,2327.9689939022064,29.334516721729834,2.0554157422558035
613,352,1562,684,1.9431818181818181,2.90671443939209,1985.2859621047974,18.296585164317282,1.8336505840429356
614,410,1866,773,1.8853658536585365,2.8742170333862305,2218.89554977417,17.71155113790983,1.7155356944854154
615,249,1503,524,2.104417670682731,3.2286951541900635,1688.6075656414032,25.24669242798777,1.620855463046199
616,288,1630,547,1.8993055555555556,3.1388137340545654,1713.7922987937927,23.076475778025067,1.5168586813395715
617,204,1236,428,2.0980392156862746,2.966844081878662,1266.8424229621887,19.43050165972338,1.4786952113230651
618,256,1497,524,2.046875,3.1265599727630615,1635.1908657550812,22.795427617641934,1.5758729144500911
619,146,883,298,2.041095890410959,2.8290562629699707,840.2297101020813,16.929476309445757,1.3728145367744553
620,91,589,266,2.923076923076923,2.5890262126922607,686.0919463634491,13.316797558798633,1.6805117973045922
621,303,1853,506,1.66996699669967,3.3299295902252197,1681.614443063736,27.936374640140492,1.3092589410120388
622,229,1257,365,1.5938864628820961,3.76037335395813,1368.7759008407593,42.964463937329,1.5709834560312546
623,308,2089,523,1.698051948051948,2.8474934101104736,1486.3915600776672,17.244502725549996,1.0265245249130015
624,301,1902,509,1.691029900332226,3.8242697715759277,1942.7290439605713,45.799344169570716,1.4735886211949911
625,290,2023,616,2.1241379310344826,2.730889081954956,1679.496785402298,15.346525274938816,1.1977269814576623
626,82,532,142,1.7317073170731707,3.511866331100464,495.1731526851654,33.510751615989314,1.3428267890230108
627,304,1781,508,1.6710526315789473,3.8267767429351807,1940.1758086681366,45.91430585629414,1.571635046388689
628,308,1658,442,1.4350649350649352,3.8025295734405518,1676.9155418872833,44.81440255869079,1.4591542438301643
629,297,1657,446,1.5016835016835017,3.2894535064697266,1463.8068103790283,26.82819821222664,1.2744881268275894
630,300,1701,473,1.5766666666666667,4.272468566894531,2016.6051635742188,71.69840966065568,1.7103740558022353
631,298,1750,448,1.5033557046979866,3.6605417728424072,1636.262172460556,38.882402595797906,1.3489298981731692
632,309,1723,508,1.6440129449838188,3.415925979614258,1731.8744716644287,30.44512794701687,1.4501257758052613
633,224,1790,769,3.4330357142857144,4.773452281951904,3666.0113525390625,118.32703593634906,2.9547130715925958
634,225,1675,772,3.431111111111111,4.268149375915527,3290.7431688308716,71.38939835625389,2.834351552544198
635,230,1631,727,3.1608695652173915,5.024158000946045,3647.5387086868286,152.04218282734172,3.2264169261024045
636,251,1907,867,3.454183266932271,5.18724250793457,4492.152011871338,178.9743515125241,3.398429696091326
637,329,2451,1123,3.4133738601823707,4.865215301513672,5458.77156829834,129.69885996681853,3.213114104826473
638,248,1708,822,3.314516129032258,4.490451812744141,3686.6609382629395,89.16172118144527,3.114009047465454
639,182,1304,622,3.4175824175824174,4.989706993103027,3098.60804271698,146.8933764170475,3.428179798225801
640,193,1485,715,3.704663212435233,4.539679527282715,3241.3311824798584,93.66077958481316,3.1489915305336376
641,228,1595,763,3.3464912280701755,4.532989025115967,3454.1376371383667,93.03623352913282,3.1243054794027856
642,254,1134,462,1.8188976377952757,3.534764289855957,1629.5263376235962,34.28693198399878,2.0731124923170343
643,273,1114,481,1.7619047619047619,3.5396037101745605,1699.009780883789,34.45326300754977,2.200316862928983
644,236,937,402,1.7033898305084745,3.743058443069458,1500.9664356708527,42.22694156599609,2.311031839149544
645,301,1227,546,1.813953488372093,3.3335306644439697,1816.7742121219635,28.037156952005084,2.136146003458281
646,263,1050,452,1.7186311787072244,3.792250156402588,1710.3048205375671,44.356096222090514,2.3499507457124156
647,318,1316,578,1.8176100628930818,3.3403728008270264,1927.3951060771942,28.229648780379613,2.1129508825009315
648,277,1141,484,1.7472924187725631,3.079807758331299,1487.5471472740173,21.754219926647504,1.880873700666739
649,254,1043,472,1.858267716535433,3.155764579772949,1486.365117073059,23.470975666067137,2.0559650847091526
650,219,1515,676,3.08675799086758,4.7652363777160645,3216.5345549583435,117.3588550274991,3.0630220800570243
651,255,1682,751,2.9450980392156865,4.373123645782471,3279.842734336853,79.29092202898025,2.8132062114883922
652,186,1213,531,2.8548387096774195,4.8647541999816895,2578.3197259902954,129.6390694096096,3.0665532419722923
653,227,1461,597,2.6299559471365637,4.706316947937012,2804.964900970459,110.64390129940814,2.769821322722576
654,126,845,358,2.8412698412698414,4.660058498382568,1663.640883922577,105.64226187735659,2.840386334976608
655,85,634,373,4.3882352941176475,3.414999008178711,1270.3796310424805,30.416919259402164,2.8908050374626777
656,262,1892,939,3.5839694656488548,3.081981897354126,2890.89901971817,21.801568077181308,2.204379323180851
657,168,1199,619,3.6845238095238093,3.4187145233154297,2112.7655754089355,30.530143997180264,2.5421821669753033
658,200,1462,733,3.665,3.3435089588165283,2447.4485578536987,28.318320390354707,2.415131256666468
659,273,1977,981,3.5934065934065935,3.153517961502075,3090.4476022720337,23.41830453142112,2.2552217652630504
660,154,1179,630,4.090909090909091,3.111929178237915,1957.4034531116486,22.464340341040515,2.3951961448881325
661,270,1929,925,3.425925925925926,3.2773141860961914,3028.238307952881,26.50449088774308,2.264813058327427
662,209,1603,763,3.650717703349282,3.2424707412719727,2470.762704849243,25.59688696782536,2.223678790704557
663,267,1988,1055,3.951310861423221,2.881295919418335,3036.885899066925,17.837374007321813,2.2038733532844437
664,259,1883,1012,3.9073359073359075,2.81442928314209,2845.388005256653,16.68365142161598,2.1800462902754716
665,172,1311,684,3.9767441860465116,3.1973328590393066,2183.7783427238464,24.46718566123175,2.4031473573214432
666,169,1136,598,3.5384615384615383,3.3131706714630127,1977.9628908634186,27.472092506838184,2.5119694134780386
667,95,651,331,3.4842105263157896,3.7989931106567383,1253.6677265167236,44.65619799901489,2.7782798954964956
668,313,1907,940,3.0031948881789137,3.0585861206054688,2872.012367248535,21.29742387585587,2.172751966230327
669,310,1946,947,3.054838709677419,2.8612289428710938,2706.7225799560547,17.48299934710755,2.006667648080566
670,290,1814,905,3.1206896551724137,2.9233827590942383,2642.7380142211914,18.604114372764908,2.1017999048983795
671,95,564,280,2.9473684210526314,3.6387808322906494,1015.2198522090912,38.04542468585231,2.5969018549540466
672,326,2052,1004,3.079754601226994,2.7345080375671387,2742.71156167984,15.402164285540307,1.9283120704796928
673,324,2099,1005,3.1018518518518516,2.565948009490967,2576.2118015289307,13.01298896102924,1.7706946118844265
674,332,2071,1008,3.036144578313253,2.742926836013794,2762.1273238658905,15.53237936044316,1.9241464956278242
675,263,1719,745,2.832699619771863,4.425665855407715,3292.69539642334,83.56843319371526,2.763441139952224
676,301,1760,784,2.604651162790698,4.366636753082275,3419.0765776634216,78.77823499637509,2.802661831258311
677,306,1824,842,2.7516339869281046,4.30290412902832,3618.7423725128174,73.9141385016929,2.8622487253722606
678,275,1572,709,2.578181818181818,4.823541164398193,3415.067144393921,124.4048497157137,3.134160581119557
679,191,1062,455,2.3821989528795813,4.970036506652832,2256.3965740203857,144.03214540647136,3.0652468433315043
680,275,1663,709,2.578181818181818,4.362217426300049,3088.4499378204346,78.43085638776488,2.6793093261138714
681,289,1790,794,2.7474048442906573,4.368525505065918,3464.240725517273,78.92716814861056,2.7920910140499187
682,254,1505,680,2.677165354330709,4.463230609893799,3030.5335841178894,86.76736831348012,2.905073603358362
683,293,1727,732,2.4982935153583616,4.278549671173096,3127.619809627533,72.1357435552078,2.612739773674422
684,255,1872,832,3.2627450980392156,4.446653842926025,3695.169343471527,85.34090163604404,2.8477577388201385
685,202,1328,605,2.995049504950495,4.744715213775635,2865.8079891204834,114.97505752771508,3.1133185045512755
686,256,2130,947,3.69921875,4.302985191345215,4070.6239910125732,73.92013039586624,2.757121617444826
687,291,2018,880,3.0240549828178693,4.411471366882324,3877.683331489563,82.39060116534529,2.7722073897313115
688,255,2042,961,3.768627450980392,3.8635590076446533,3709.016647338867,47.63458188495136,2.620460295636823
689,80,565,260,3.25,4.577450275421143,1185.559621334076,97.26607606531488,3.027258382967909
690,286,2200,1120,3.9160839160839163,2.8424272537231445,3180.6760969161987,17.15736030287387,2.0857934689523017
691,263,1849,830,3.155893536121673,3.880831003189087,3217.208901643753,48.46447247319646,2.5102495013008497
692,253,1799,790,3.122529644268775,4.223316669464111,3332.196852207184,68.25950347757953,2.672231169508126
693,256,1858,817,3.19140625,4.284066200256348,3495.7980194091797,72.53478212444396,2.71440821665828
694,257,1984,913,3.5525291828793772,3.627002477645874,3307.826259613037,37.59994086464745,2.405334950033275
695,276,1955,908,3.289855072463768,3.595231056213379,3260.8745679855347,36.424115033762675,2.4063670425543076
696,157,883,300,1.910828025477707,2.2611913681030273,676.0962190628052,9.594512957144662,1.1046440117844702
697,171,995,299,1.7485380116959064,2.155052661895752,642.2056932449341,8.628344551985883,0.9311627827890706
698,163,921,302,1.852760736196319,2.068779945373535,622.7027635574341,7.91516029652419,0.9754290867884505
699,168,931,288,1.7142857142857142,2.635925531387329,756.5106275081635,13.956223410312635,1.172303040478867
700,175,966,302,1.7257142857142858,2.3726425170898438,714.165397644043,10.72569770835107,1.0665868297676557
701,213,1128,371,1.7417840375586855,2.4337427616119385,900.4848217964172,11.401475326267104,1.1517065485828664
702,152,895,285,1.875,2.2129623889923096,628.4813184738159,9.14276072908391,1.0130803144732194
703,158,976,322,2.037974683544304,2.0490899085998535,657.757860660553,7.760834822282625,0.9722786922958131
704,274,2018,911,3.3248175182481754,4.429464340209961,4030.8125495910645,83.8864702642392,2.881681504483661
705,227,1464,625,2.753303964757709,4.913802146911621,3066.2125396728516,136.1561170562726,3.0215912741103668
706,274,2249,990,3.613138686131387,4.298944473266602,4251.656084060669,73.62204263848048,2.727364672316459
707,313,2227,978,3.1246006389776357,4.375056743621826,4274.430438518524,79.44434738436897,2.7690613364506116
708,273,2078,888,3.2527472527472527,4.603082180023193,4082.9338936805725,99.79141724031444,2.834662406492025
709,82,593,259,3.158536585365854,4.949622631072998,1277.0026388168335,141.12169892773113,3.1067881521469913
710,348,2493,1223,3.514367816091954,2.930359125137329,3580.898850917816,18.734357267350806,2.072260334594513
711,296,1959,875,2.956081081081081,4.039625644683838,3530.6328134536743,56.805073543320816,2.6001155952881394
712,257,1844,791,3.077821011673152,4.639222145080566,3664.9854946136475,103.46383642019548,2.867384163779335
713,273,1910,821,3.0073260073260073,4.662229537963867,3823.028221130371,105.87186455741912,2.8876774114153623
714,245,1875,845,3.4489795918367347,3.8609986305236816,3258.6828441619873,47.51277539314566,2.5073523088546357
715,269,1969,903,3.356877323420074,3.760592222213745,3392.054184436798,42.97386852374958,2.485373159123223
716,344,2151,741,2.1540697674418605,2.110109329223633,1561.4809036254883,8.249143107739558,1.0472992822423568
717,262,1467,514,1.9618320610687023,2.5199029445648193,1292.7102105617523,12.427390459254964,1.2712928494096578
718,355,2355,781,2.2,1.6926047801971436,1320.231728553772,5.433615662387109,0.8087863132096778
719,371,2239,746,2.01078167115903,2.4241788387298584,1806.0132348537445,11.292952275750999,1.1637009100952802
720,355,2214,741,2.0873239436619717,2.2658474445343018,1676.7271089553833,9.639289904344805,1.0925952506838392
721,95,632,209,2.2,2.0879130363464355,434.2859115600586,8.06805983456294,0.9913641312272777
722,427,2638,1034,2.421545667447307,1.7290003299713135,1786.0573408603668,5.635017933300935,0.9767763716461638
723,370,2120,741,2.002702702702703,2.1321606636047363,1577.7988910675049,8.433068164317637,1.0737182243694317
724,331,1996,679,2.0513595166163143,2.0369067192077637,1381.0227556228638,7.666856740614357,0.9981937279017619
725,367,2110,756,2.0599455040871937,2.1982266902923584,1659.6611511707306,9.009023537151855,1.1347795793128348
726,272,1738,625,2.297794117647059,1.88235342502594,1174.5885372161865,6.568946207438654,0.9750132668163487
727,330,1999,716,2.16969696969697,1.899861216545105,1358.40076982975,6.684966615134524,0.9803692116924115
728,258,1756,482,1.8682170542635659,2.4336495399475098,1170.5854287147522,11.400412511299706,0.9617299504234934
729,260,1611,433,1.6653846153846155,2.452303171157837,1059.3949699401855,11.615067424521117,0.9487174857078947
730,286,1830,453,1.583916083916084,2.052521228790283,927.739595413208,7.787510471676932,0.7313908817152834
731,279,1663,457,1.6379928315412187,2.608781337738037,1189.604290008545,13.582488295890036,1.0320121526251136
732,253,1587,516,2.039525691699605,2.5395286083221436,1307.857233285904,12.673695288014498,1.1889345586971227
733,236,1428,409,1.7330508474576272,2.785449743270874,1136.4634952545166,16.207105274448317,1.1481584375035219
734,241,1426,425,1.7634854771784232,2.7526817321777344,1167.1370544433594,15.684637532231166,1.1808014309138757
735,281,1713,531,1.8896797153024911,2.8326821327209473,1501.321530342102,16.99097180545237,1.2644186378309283
736,198,1299,389,1.9646464646464648,2.6517913341522217,1028.895037651062,14.17941598105111,1.1427111381173598
737,260,1944,912,3.5076923076923077,4.102978229522705,3737.8131670951843,60.52026269383644,2.773932366223093
738,263,1801,818,3.1102661596958177,4.412425518035889,3604.951648235321,82.4692517688051,2.887754506137475
739,274,1996,947,3.4562043795620436,4.362919807434082,4127.322137832642,78.48596409265828,2.9831999901815567
740,258,1734,823,3.189922480620155,4.322353839874268,3552.974856376648,75.36581874054866,2.9560895073228184
741,171,1158,537,3.1403508771929824,4.462082386016846,2391.6761589050293,86.66779712538971,2.979671272767401
742,235,1739,871,3.706382978723404,3.5068185329437256,3050.9321236610413,33.34202231973864,2.531089502527095
743,266,1972,978,3.6766917293233083,3.5232608318328857,3442.2258327007294,33.894773614354804,2.518297230454982
744,245,1614,787,3.2122448979591836,4.005715847015381,3148.4926557540894,54.91111829332515,2.8143214007012065
745,292,2141,1097,3.756849315068493,3.357205629348755,3679.4973697662354,28.708855504857787,2.479398696088619
746,250,1687,453,1.812,3.023639440536499,1366.6850271224976,20.56600439556137,1.168766870827994
747,247,1567,404,1.6356275303643724,3.3993468284606934,1369.9367718696594,29.94453474049153,1.2612641908792552
748,270,1716,374,1.385185185185185,3.0165534019470215,1125.174418926239,20.420788006882635,0.9459694372494207
749,275,1645,451,1.64,3.320758581161499,1494.3413615226746,27.681341139894123,1.3105646636255466
750,234,1480,438,1.8717948717948718,3.585146903991699,1566.7091970443726,36.05865449007119,1.5272186412777338
751,227,1364,378,1.6651982378854626,3.7560970783233643,1416.0485985279083,42.78112832322381,1.4977465474735925
752,227,1369,392,1.7268722466960353,3.561004638671875,1392.3528137207031,35.198541203816724,1.4673049667806086
753,268,1639,488,1.8208955223880596,3.9128658771514893,1905.5656821727753,50.042161351976794,1.6773338375587905
754,194,1247,342,1.7628865979381443,3.709822654724121,1265.0495252609253,40.84656193981668,1.4635771263615673
755,152,985,261,1.7171052631578947,3.226905584335327,838.9954519271851,25.20155211120896,1.2288472871307052
756,162,931,278,1.7160493827160495,3.7524876594543457,1039.4390816688538,42.62699165066302,1.6107342732866097
757,153,957,242,1.5816993464052287,3.512605667114258,846.5379657745361,33.53553648255156,1.2761714996313003
758,128,863,258,2.015625,2.791243553161621,717.3495931625366,16.301278709340888,1.1992082278555123
759,123,744,226,1.8373983739837398,3.141371965408325,706.8086922168732,23.13558631887652,1.3705771439764738
760,139,940,202,1.4532374100719425,2.3766427040100098,477.70518350601196,10.768688432172924,0.7331732970756125
761,194,1187,350,1.8041237113402062,3.5108695030212402,1225.2934565544128,33.47736380154277,1.489237399667016
762,192,1196,338,1.7604166666666667,3.3577566146850586,1131.5639791488647,28.72467802185016,1.3649680110089044
763,82,413,141,1.7195121951219512,4.090675354003906,572.6945495605469,59.78025090604083,2.0005413719010647
764,175,1081,260,1.4857142857142858,3.186842203140259,825.392130613327,24.211850494044718,1.1015625657952104
765,361,2462,1292,3.5789473684210527,3.051727771759033,3939.780553340912,21.151858453188158,2.3086522609649514
766,265,1748,898,3.388679245283019,3.5428061485290527,3177.8971152305603,34.56377431682353,2.6228469156741836
767,361,2628,1403,3.886426592797784,2.9516894817352295,4138.268653392792,19.138260170977624,2.271788304458154
768,372,2631,1400,3.763440860215054,2.8904638290405273,4043.7588968276978,18.00165735689473,2.2173739669342245
769,371,2808,1534,4.1347708894878705,3.0270748138427734,4640.505689620972,20.63677779499783,2.3842003367639584
770,96,755,396,4.125,3.428250551223755,1354.1589677333832,30.822672867341254,2.5876005659924104
771,364,2745,1526,4.1923076923076925,2.3005528450012207,3508.3430886268616,9.979698156249627,1.8438867671034764
772,329,2342,1259,3.8267477203647418,2.6739351749420166,3363.810450077057,14.496904950343394,2.072140330835458
773,315,2102,1110,3.5238095238095237,2.844650983810425,3154.717941045761,17.195556094022898,2.165221659824054
774,365,2567,1348,3.6931506849315068,3.116382122039795,4197.766718387604,22.564595836507685,2.359212009126036
775,296,2120,1093,3.6925675675675675,3.092043161392212,3376.5111322402954,22.022026596003354,2.297771634900686
776,347,2412,1270,3.6599423631123917,2.794332504272461,3546.007947921753,16.35171041275135,2.120981791633318
777,340,2046,742,2.1823529411764704,2.2700884342193604,1682.135529756546,9.68025684217824,1.1861234539994614
778,306,1683,605,1.977124183006536,2.735574722290039,1652.2871322631836,15.41860230441648,1.4163674698994306
779,356,1960,739,2.0758426966292136,2.5704269409179688,1896.975082397461,13.071403966994627,1.396304359216709
780,380,1915,676,1.7789473684210526,2.7664337158203125,1867.342758178711,15.90182234927124,1.4067917163782482
781,208,1182,439,2.110576923076923,2.475196123123169,1084.135901927948,11.88403761913259,1.323246606904513
782,313,1778,678,2.1661341853035143,2.5121843814849854,1700.748826265335,12.331838099920814,1.3800123157765602
783,330,1904,748,2.2666666666666666,2.3897719383239746,1785.159637928009,10.911005277117479,1.3526475613623299
784,326,1741,657,2.0153374233128836,2.4267776012420654,1591.966106414795,11.322338143685068,1.3191967874715316
785,374,2120,819,2.1898395721925135,2.211012601852417,1808.608308315277,9.124951659380784,1.230787847791051
786,297,1742,538,1.8114478114478114,3.630162239074707,1949.3971223831177,37.71893560601044,1.6144578422418712
787,282,1657,504,1.7872340425531914,3.3264238834381104,1673.1912133693695,27.838609370270134,1.456792194319238
788,293,1697,520,1.7747440273037542,4.046387672424316,2100.07520198822,57.1904926652107,1.7853671652341152
789,294,1627,541,1.8401360544217686,3.7340781688690186,2016.40221118927,41.84942966930467,1.7879861527475724
790,183,1039,307,1.6775956284153006,3.9486072063446045,1208.273805141449,51.86308193607273,1.6777388130063582
791,276,1513,459,1.6630434782608696,3.968538284301758,1817.590534210205,52.9071390953273,1.7331320886132087
792,292,1631,514,1.7602739726027397,3.890310049057007,1995.7290551662445,48.9260536491309,1.765314782861041
793,291,1511,492,1.690721649484536,3.580665349960327,1758.1066868305206,35.89741724824261,1.6786312365612959
794,315,1817,552,1.7523809523809524,3.5019772052764893,1929.5894401073456,33.180992777512984,1.532090872974452
795,293,1769,586,2.0,2.7247812747955322,1593.9970457553864,15.25307732951583,1.2999726586223594
796,285,1665,564,1.9789473684210526,2.638611316680908,1485.5381712913513,13.993757211204857,1.2871943259899654
797,315,1753,617,1.9587301587301587,2.729689598083496,1681.4887924194336,15.328128400971105,1.3838422944289153
798,308,1737,628,2.038961038961039,2.9020345211029053,1819.5756447315216,18.211158691149148,1.511279654102766
799,194,1107,353,1.8195876288659794,2.687889337539673,946.1370468139648,14.700615116067532,1.2330507908218935
800,283,1553,520,1.8374558303886925,2.963405132293701,1538.007263660431,19.363795908703068,1.4287671939047704
801,319,1757,626,1.9623824451410659,2.7051191329956055,1690.6994581222534,14.956098349195686,1.388254822917833
802,300,1564,543,1.81,2.7066807746887207,1467.0209798812866,14.97947266234481,1.3532377829634272
803,324,1908,667,2.058641975308642,2.505274772644043,1668.5129985809326,12.246923623107278,1.2616118599116801
804,248,1608,449,1.810483870967742,1.9119333028793335,856.5461196899414,6.766157193061835,0.7684918154038327
805,275,1604,526,1.9127272727272728,2.1311001777648926,1118.8275933265686,8.424129755308734,1.0063136038042235
806,266,1511,464,1.744360902255639,2.118523120880127,980.8762049674988,8.318842486037735,0.9365355636218379
807,321,1851,563,1.7538940809968848,2.439417600631714,1370.9526915550232,11.466360796500974,1.0685395188545699
808,300,1708,534,1.78,2.2490713596343994,1198.755034685135,9.47892923159994,1.0125514893330922
809,314,1632,604,1.9235668789808917,2.129751682281494,1284.240264415741,8.41277751032796,1.1352739343030152
810,297,1584,538,1.8114478114478114,2.7852084636688232,1495.656944990158,16.20319530225454,1.3622328645255293
811,266,1522,501,1.8834586466165413,2.3622286319732666,1181.1143159866333,10.614581106589059,1.1195714628100368
812,313,1747,609,1.9456869009584665,2.1121139526367188,1284.165283203125,8.265696118884868,1.060480186467613
813,322,1377,576,1.7888198757763976,3.8541066646575928,2216.111332178116,47.186444788330036,2.3218393819834438
814,381,1586,666,1.7480314960629921,3.5968918800354004,2391.9331002235413,36.48465933449848,2.1758070755552756
815,305,1277,565,1.8524590163934427,3.531196117401123,1991.5946102142334,34.164808306475535,2.250010702910934
816,330,1417,607,1.8393939393939394,3.670736789703369,2224.4664945602417,39.28083691712358,2.2648036558403084
817,207,873,366,1.7681159420289856,3.9654557704925537,1447.391356229782,52.74430320933147,2.3919179059086573
818,145,619,337,2.3241379310344827,2.807093381881714,943.1833763122559,16.56170962547468,2.1982649105890157
819,161,937,258,1.6024844720496894,3.3629422187805176,864.276150226593,28.87401970861649,1.3307224289119644
820,157,995,270,1.7197452229299364,3.6123692989349365,971.7273414134979,37.05374028227707,1.4089509714105228
821,156,896,252,1.6153846153846154,3.5991384983062744,903.3837630748749,36.566718580151516,1.4545840122854155
822,160,962,263,1.64375,3.400800943374634,891.009847164154,29.988109208512594,1.3362323158908092
823,156,919,228,1.4615384615384615,3.9781134128570557,903.0317447185516,53.416164858134685,1.4176272251042035
824,185,1074,317,1.7135135135135136,3.3731939792633057,1065.9292974472046,29.171551750614437,1.4318537349770382
825,155,927,235,1.5161290322580645,3.2508997917175293,760.7105512619019,25.81355629482859,1.183897885498873
826,151,994,243,1.609271523178808,3.0501976013183594,738.147819519043,21.11951725470111,1.0713503004659206
827,164,990,286,1.7439024390243902,2.3070120811462402,657.4984431266785,10.044368017404466,0.9581512558495688
828,165,1004,275,1.6666666666666667,2.3746860027313232,650.6639647483826,10.747637927239179,0.9349697960434691
829,162,921,268,1.654320987654321,2.61234712600708,697.4966826438904,13.631007025669668,1.092589582070406
830,167,992,275,1.6467065868263473,2.5562126636505127,700.4022698402405,12.886917682543368,1.018615807788194
831,164,987,263,1.603658536585366,2.849816083908081,746.6518139839172,17.284602631656377,1.091378793622438
832,200,1176,356,1.78,2.4424033164978027,867.05317735672,11.500647251192724,1.0636847952037065
833,161,945,259,1.608695652173913,2.3847947120666504,615.2770357131958,10.85683365918974,0.9393197123770256
834,163,1078,297,1.822085889570552,1.9867565631866455,588.0799427032471,7.291844728504862,0.7870315556440077
835,287,1877,491,1.710801393728223,2.2915847301483154,1122.8765177726746,9.890599198991348,0.8630625379442225
836,167,1029,280,1.6766467065868262,3.5285298824310303,984.4598371982574,34.07383822751591,1.3802481293297206
837,218,1510,372,1.7064220183486238,2.825577735900879,1048.289340019226,16.870688973784965,1.0015641273261602
838,298,2032,532,1.7852348993288591,2.761472225189209,1466.34175157547,15.823121006101431,1.0410846325031333
839,182,1250,317,1.7417582417582418,3.2846522331237793,1037.9501056671143,26.699697429773675,1.1979563761088972
840,301,1862,494,1.6411960132890366,2.87467360496521,1417.2140872478485,17.719639575113806,1.0980707494900375
841,258,1786,469,1.817829457364341,2.3932862281799316,1120.057954788208,10.949417168007422,0.9047603901910316
842,303,1904,496,1.636963696369637,2.9139747619628906,1442.4175071716309,18.429907671113025,1.0929456851302168
843,277,1744,486,1.7545126353790614,2.366086483001709,1147.5519442558289,10.655609669383471,0.9492932907914979
844,194,1255,354,1.824742268041237,2.8559679985046387,1008.1567034721375,17.39126377962656,1.1589344036161098
845,173,1055,279,1.6127167630057804,3.8828213214874268,1079.4243273735046,48.56102825607558,1.4760949043759812
846,89,606,150,1.6853932584269662,4.3073296546936035,641.7921185493469,74.24197230204867,1.527904796555717
847,291,1671,531,1.824742268041237,3.7150216102600098,1968.9614534378052,41.059474380722584,1.6999466933430563
848,285,1689,521,1.8280701754385964,3.8078932762145996,1980.1045036315918,45.0554194877738,1.6913481041037302
849,294,1714,479,1.629251700680272,4.094153881072998,1957.005555152893,59.988560221763535,1.6472358281279065
850,95,491,148,1.5578947368421052,4.851207256317139,713.1274666786194,127.89469836484966,2.095367535028419
851,275,1709,523,1.9018181818181819,3.5682127475738525,1862.607054233551,35.45317272538691,1.572366272830629
852,287,1813,578,2.013937282229965,3.2501468658447266,1875.3347415924072,25.794127915407756,1.492297921512494
853,280,1752,519,1.8535714285714286,3.43013596534729,1776.8104300498962,30.880841188546285,1.463125340201354
854,261,2406,1127,4.318007662835249,3.66508150100708,4126.881770133972,39.05931940724634,2.474576834624833
855,173,1579,771,4.456647398843931,4.230161666870117,3257.2244834899902,68.72834237174638,2.9760491509772793
856,199,1977,956,4.8040201005025125,3.878408908843994,3703.8805079460144,48.34722899318399,2.702868002457769
857,276,2681,1277,4.6268115942028984,3.7432405948638916,4776.374999046326,42.234633979748,2.5702545783476918
858,161,1592,791,4.913043478260869,3.667274236679077,2897.146646976471,39.14506013926127,2.625439133367489
859,263,2394,1136,4.319391634980988,3.7367212772369385,4241.178649663925,41.960188556446674,2.5558594007494966
860,225,2070,978,4.346666666666667,3.758509635925293,3672.0639142990112,42.884464862133385,2.5592600961287437
861,258,2494,1233,4.77906976744186,3.8779079914093018,4777.58264541626,48.32301708785126,2.7636707257334456
862,236,2198,1074,4.5508474576271185,3.7197115421295166,3991.2504847049713,41.25249278595705,2.6197257876385507
863,205,1896,942,4.595121951219512,4.293650150299072,4040.324791431427,73.23329375633831,3.0743441667609996
864,213,1974,981,4.605633802816901,3.8061656951904297,3730.042381286621,44.9776497960947,2.726096071827694
865,120,1162,572,4.766666666666667,4.182939529418945,2388.458471298218,65.55828074716315,2.965419270147309
866,373,3424,1717,4.603217158176943,3.3705122470855713,5783.79901599884,29.093426264246883,2.436991284427568
867,339,2724,1386,4.088495575221239,3.1681246757507324,4387.852675914764,23.762879441113032,2.3239109015027895
868,322,2855,1396,4.3354037267080745,3.842172145843506,5359.830143451691,46.626644393879886,2.7084414598826396
869,110,997,483,4.390909090909091,4.4455180168151855,2142.7396841049194,85.24402423999632,3.1006217815187074
870,318,2872,1423,4.4748427672955975,3.3255956172943115,4728.996967792511,27.81556113899076,2.375522449099304
871,415,3746,1872,4.510843373493976,3.1052098274230957,5809.847587108612,22.31390055234914,2.23754359376463
872,342,3089,1537,4.494152046783626,3.442214250564575,5287.2410888671875,31.25609041785658,2.4693675943324878
873,137,914,380,2.7737226277372264,5.061063289642334,1918.1429867744446,157.75816980341253,3.0276754646996014
874,153,1046,448,2.9281045751633985,4.530392646789551,2025.0855131149292,92.79498958462324,2.793098305111845
875,127,834,356,2.8031496062992125,4.977198600769043,1766.9055032730103,145.06742012971893,3.05648178332301
876,144,1002,434,3.013888888888889,4.741047382354736,2052.873516559601,114.55412083341666,2.9557589240646944
877,132,1018,436,3.303030303030303,4.850744247436523,2110.0737476348877,127.83549569046276,2.990366337546997
878,162,1078,447,2.759259259259259,5.022569179534912,2240.065854072571,151.80080675438325,2.9978960101439687
879,139,933,387,2.7841726618705036,4.9008941650390625,1891.7451477050781,134.40991061146644,2.925199724780146
880,129,1032,465,3.604651162790698,4.009856700897217,1860.5735092163086,55.13896863257409,2.6010079214687445
881,243,1318,437,1.7983539094650205,2.73980712890625,1194.555908203125,15.48399839261918,1.3075719915244768
882,299,1583,543,1.8160535117056855,2.456740379333496,1331.5532855987549,11.666720409432692,1.2135346315936382
883,206,1154,375,1.8203883495145632,2.4368810653686523,911.393518447876,11.4373128241793,1.1393959353233056
884,237,1354,445,1.8776371308016877,2.9279625415802,1300.015368461609,18.689512573262945,1.3851740953906955
885,141,801,261,1.851063829787234,2.4332432746887207,632.6432514190674,11.395781860460472,1.139464770879099
886,102,557,271,2.656862745098039,1.710484504699707,461.8308162689209,5.53164093449672,1.1961957421200613
887,224,984,403,1.7991071428571428,3.858466386795044,1551.1034874916077,47.392613669221106,2.274155802144023
888,229,942,402,1.755458515283843,3.66477108001709,1469.573203086853,39.04719645635416,2.2506857455591427
889,226,922,392,1.7345132743362832,3.9392969608306885,1540.2651116847992,51.382464713987744,2.4101223842537367
890,253,1055,448,1.7707509881422925,3.698303461074829,1653.1416471004486,40.37874210951065,2.2606438447003128
891,266,1054,453,1.7030075187969924,3.771451950073242,1704.6962814331055,43.44309627234334,2.3333556655079675
892,284,1162,508,1.7887323943661972,3.6537458896636963,1852.449166059494,38.619058172542104,2.299930486551573
893,244,975,426,1.7459016393442623,3.5016298294067383,1488.1926774978638,33.16946850303102,2.202059687911217
894,277,1152,501,1.8086642599277978,3.5210068225860596,1760.5034112930298,33.81846051872999,2.2047478653997894
895,281,1883,600,2.1352313167259784,1.6633480787277222,996.3454991579056,5.276948941600231,0.7633684071413432
896,283,1847,641,2.265017667844523,1.8214161396026611,1165.7063293457031,6.180604854659837,0.9105353224038564
897,285,1742,587,2.0596491228070177,1.8552558422088623,1087.1799235343933,6.393333726022618,0.9003840896883535
898,310,1987,649,2.0935483870967744,2.199249744415283,1425.1138343811035,9.018244972034259,1.0347280631926894
899,304,1983,668,2.1973684210526314,2.0389771461486816,1359.9977564811707,7.682746851342655,0.9894412601591029
900,311,1741,700,2.2508038585209005,2.1068685054779053,1472.7010853290558,8.222452362235934,1.2203667734152917
901,316,1718,618,1.9556962025316456,2.4675610065460205,1522.4851410388947,11.793647116624493,1.2785109213061394
902,258,1561,566,2.193798449612403,2.113312005996704,1194.0212833881378,8.275604798270844,1.1035288816527498
903,316,1812,655,2.0727848101265822,2.105074644088745,1376.7188172340393,8.207715644185688,1.0961288136435252
904,201,1111,395,1.9651741293532339,1.9690548181533813,775.8075983524323,7.163902097121992,1.0074291402583535
905,179,1121,375,2.094972067039106,2.0395102500915527,762.7768335342407,7.686843645892824,0.9816720383986044
906,171,977,327,1.912280701754386,2.2765398025512695,742.1519756317139,9.742909625404033,1.095904784882109
907,176,1063,367,2.085227272727273,2.1963369846343994,803.8593363761902,8.992015209828576,1.090991418779137
908,174,1054,357,2.0517241379310347,2.357447624206543,839.2513542175293,10.563953833008666,1.1487512018870742
909,219,1255,447,2.041095890410959,2.3360280990600586,1041.8685321807861,10.340085098341056,1.1976880993111423
910,167,973,326,1.9520958083832336,2.1383984088897705,694.9794828891754,8.485835900249059,1.0304660364684375
911,174,1179,395,2.2701149425287355,2.0083305835723877,791.2822499275208,7.4508683569008785,0.9682603714282405
912,328,1971,574,1.75,2.343273639678955,1342.6957955360413,10.415276677796047,0.9828008958104051
913,251,1378,452,1.800796812749004,2.6729815006256104,1205.5146567821503,14.483086214758814,1.2621117685475827
914,353,2226,598,1.6940509915014164,2.0194172859191895,1205.592119693756,7.533933525169394,0.7813574898548947
915,342,2022,619,1.8099415204678362,2.7029144763946533,1670.4011464118958,14.92316160868761,1.191829599517152
916,333,2040,561,1.6846846846846846,2.6190335750579834,1466.6588020324707,13.722455451568916,1.0372261668472518
917,91,581,169,1.8571428571428572,2.415074586868286,405.73253059387207,11.19060499860676,1.007484182125833
918,343,2182,774,2.2565597667638486,2.242218017578125,1733.2345275878906,9.414188984173514,1.1459802280699245
919,340,1861,580,1.7058823529411764,2.5954160690307617,1502.745903968811,13.402162426252307,1.16496725597636
920,300,1734,535,1.7833333333333334,2.3470282554626465,1253.3130884170532,10.454455544772363,1.0427615786277473
921,327,1862,556,1.7003058103975535,2.829514980316162,1570.38081407547,16.937243935326997,1.2167457641105552
922,268,1661,480,1.791044776119403,2.2649216651916504,1084.8974776268005,9.630370178359632,0.9423095790759365
923,281,1752,577,2.0533807829181496,2.282712459564209,1314.8423767089844,9.803235258007012,1.0827149408839671
924,165,1119,372,2.2545454545454544,2.1627397537231445,802.3764486312866,8.694927013753757,1.0344812541255186
925,198,1145,407,2.0555555555555554,2.6484076976776123,1075.2535252571106,14.131519070513342,1.3548147847919731
926,161,980,321,1.9937888198757765,2.24782395362854,719.3036651611328,9.467112529991859,1.0589141128787978
927,136,883,329,2.4191176470588234,2.005406141281128,657.77321434021,7.429110552599598,1.0747068565778188
928,134,840,279,2.082089552238806,2.398787260055542,666.8628582954407,11.009816237157265,1.1453330221617521
929,141,963,311,2.2056737588652484,1.4404486417770386,446.53907895088196,4.222589822301414,0.6689716664232219
930,223,1383,483,2.1659192825112106,2.2773382663726807,1097.677044391632,9.750692092851073,1.1450565643105293
931,213,1350,449,2.107981220657277,2.1658666133880615,970.3082427978516,8.722157380904303,1.0369325111245515
932,98,512,178,1.816326530612245,2.709834337234497,479.640677690506,15.026785929751574,1.351514115454521
933,176,1180,383,2.1761363636363638,1.9125759601593018,730.6040167808533,6.770506910778538,0.8932532134434696
934,223,1743,764,3.4260089686098656,4.156968116760254,3171.7666730880737,63.877559409874294,2.6252966437871774
935,227,1671,720,3.171806167400881,4.738563537597656,3407.027183532715,114.26993925854454,2.941532747969204
936,209,1770,785,3.7559808612440193,3.850205659866333,3018.561237335205,47.00272881255904,2.4603747614255105
937,250,1738,762,3.048,4.633140563964844,3525.819969177246,102.83652217117391,2.9267451004598914
938,228,1760,876,3.8421052631578947,3.407618522644043,2981.6662073135376,30.19325402110897,2.4441108243621845
939,229,1482,637,2.7816593886462884,4.510703086853027,2868.8071632385254,90.98576692378765,2.792721908010092
940,204,1406,630,3.088235294117647,4.2786760330200195,2691.2872247695923,72.14485933692403,2.761526836972199
941,262,1774,814,3.1068702290076335,4.21683931350708,3428.290361881256,67.81879124199823,2.7880369243593677
942,191,1453,660,3.4554973821989527,3.86384916305542,2546.2765984535217,47.64840532200043,2.5282179086858325
943,271,1746,420,1.5498154981549817,2.7015206813812256,1131.9371654987335,14.902376269069114,0.9353036284438332
944,252,1588,445,1.7658730158730158,2.8934521675109863,1284.692762374878,18.05553286113423,1.1671409806953275
945,275,1601,427,1.5527272727272727,2.838895797729492,1209.3696098327637,17.096876700445673,1.0897885938210798
946,272,1712,475,1.7463235294117647,3.426025390625,1623.93603515625,30.7541637203235,1.3684839162621538
947,271,1733,433,1.5977859778597785,3.294569730758667,1423.2541236877441,26.965809015242904,1.184836506733454
948,268,1446,442,1.6492537313432836,3.944115161895752,1739.3547863960266,51.63063314278865,1.7353793393361203
949,269,1509,466,1.7323420074349443,3.8250298500061035,1778.6388802528381,45.83416849612338,1.7004860782459035
950,264,1509,418,1.5833333333333333,3.2818548679351807,1368.5334799289703,26.625112994226143,1.308400573084189
951,289,1642,478,1.6539792387543253,3.419896364212036,1631.2905657291412,30.56624709979475,1.4332855112219145
952,328,2155,719,2.192073170731707,1.6436448097229004,1180.1369733810425,5.173993408116391,0.7900592849496708
953,221,1370,479,2.167420814479638,2.1047656536102295,1006.0779824256897,8.20517992997722,1.059462566418333
954,249,1718,569,2.285140562248996,1.735049843788147,985.5083112716675,5.669210371683522,0.8275832092121604
955,346,2346,750,2.167630057803468,1.858435869216919,1391.9684660434723,6.413697060759638,0.8560042638681735
956,223,1557,519,2.327354260089686,1.9854297637939453,1028.4526176452637,7.282176328779212,0.952950219181821
957,358,2289,752,2.100558659217877,2.0052449703216553,1505.938972711563,7.427913292208202,0.9491527688127532
958,301,2038,665,2.2093023255813953,1.7655179500579834,1172.303918838501,5.844598784528796,0.8298709765078524
959,394,2476,880,2.233502538071066,1.827864170074463,1606.6926054954529,6.220586345506395,0.9361742545158553
960,306,2073,710,2.320261437908497,1.93385910987854,1371.106108903885,6.916148986474374,0.9542151393382526
961,276,1825,619,2.2427536231884058,2.0447635650634766,1263.6638832092285,7.727331310820263,0.9989488315925722
962,271,1748,597,2.2029520295202953,2.1189944744110107,1262.9207067489624,8.32276452607749,1.0423394969466322
963,174,1144,386,2.218390804597701,2.2717018127441406,874.6051979064941,9.695887366267208,1.1029620469889942
964,512,2928,1130,2.20703125,2.0688676834106445,2335.7516145706177,7.91585478761821,1.150880215536004
965,498,2966,1200,2.4096385542168677,1.7550110816955566,2104.2582869529724,5.783511832719035,1.023534388178206
966,441,2545,938,2.126984126984127,2.403536081314087,2252.1133081912994,11.06222422615408,1.276665108545236
967,146,812,291,1.9931506849315068,3.0674796104431152,889.5690870285034,21.487677052016927,1.5805134364336755
968,415,2593,966,2.327710843373494,2.068669080734253,1996.265662908554,7.91428283377375,1.1106835989876938
969,508,3179,1191,2.344488188976378,1.9596854448318481,2332.0256793498993,7.097094286322358,1.0583208187555255
970,443,2776,1023,2.309255079006772,2.1271982192993164,2173.9965801239014,8.391323197432087,1.1298321632040051
971,189,1120,496,2.624338624338624,4.883121013641357,2417.144901752472,132.04212674003375,3.1135740739895823
972,246,1419,658,2.6747967479674797,4.608532428741455,3027.805805683136,100.33679014317028,3.078365342236697
973,176,1067,467,2.653409090909091,4.937386989593506,2300.8223371505737,139.40550519133404,3.110951242524543
974,143,827,353,2.4685314685314683,5.1423020362854,1810.090316772461,171.10921490489284,3.157688420276617
975,120,775,344,2.8666666666666667,4.997776508331299,1714.2373423576355,148.08353027906256,3.191124790614241
976,93,542,294,3.161290322580645,3.8658571243286133,1132.6961374282837,47.74417759594624,3.015009410151049
977,194,1298,557,2.8711340206185567,4.912180423736572,2731.172315597534,135.9354884734149,3.035630782377342
978,238,1522,642,2.697478991596639,4.792083740234375,3071.7256774902344,120.55230681951848,2.911671091909627
979,166,1129,478,2.8795180722891565,5.077642917633057,2422.035671710968,160.3955445028653,3.095003412252952
980,199,1405,602,3.0251256281407035,4.666170597076416,2804.368528842926,106.2899351132619,2.879607522695208
981,125,861,364,2.912,5.04514741897583,1831.3885130882263,155.26718684094635,3.0686819114673596
982,93,616,347,3.7311827956989245,3.757856845855713,1300.2184686660767,42.85647944462725,3.045160287040245
983,274,1891,617,2.2518248175182483,2.1394431591033936,1317.8969860076904,8.494706111889545,1.0054592523087291
984,284,1802,602,2.119718309859155,2.134486675262451,1282.8264918327332,8.452706409717898,1.0270407425571977
985,285,1834,600,2.1052631578947367,1.6860618591308594,1009.9510536193848,5.398179996801119,0.7944663994532553
986,291,1816,615,2.11340206185567,2.1403756141662598,1314.1906270980835,8.502630737715688,1.044039813049098
987,308,1902,714,2.3181818181818183,1.919478416442871,1368.588110923767,6.817401697166871,1.0380942590164635
988,263,1579,548,2.0836501901140685,2.2589452266693115,1235.6430389881134,9.572986508829384,1.128977887686586
989,260,1574,561,2.1576923076923076,2.1962649822235107,1229.908390045166,8.991367786363027,1.1273079638283927
990,314,1888,671,2.1369426751592355,2.3624744415283203,1582.8578758239746,10.617190592753127,1.2095239448534358
991,223,1432,522,2.3408071748878925,2.06726336479187,1077.0442130565643,7.903165416018179,1.085088229745015
992,450,1893,819,1.82,3.467210531234741,2836.1782145500183,32.0472229194931,2.1615109589057715
993,412,1709,733,1.779126213592233,3.5578527450561523,2604.3482093811035,35.0877738017483,2.1985255976724223
994,467,1916,855,1.8308351177730193,3.7036936283111572,3162.9543585777283,40.59697791764162,2.3816172065126415
995,421,1706,759,1.8028503562945368,3.741107225418091,2835.759276866913,42.14462794426082,2.3980866623040846
996,278,1130,490,1.7625899280575539,3.7679524421691895,1842.5287442207336,43.29133251767317,2.352395647772232
997,419,1695,819,1.954653937947494,2.91568660736084,2385.031644821167,18.4614838427956,2.0300137618564866
998,449,1837,895,1.9933184855233852,2.7686190605163574,2475.1454401016235,15.936611311491477,1.9438650255381291
999,415,1650,709,1.7084337349397591,3.384906768798828,2396.5139923095703,29.515240846516434,2.095417486136987
1000,505,2135,1018,2.015841584158416,2.6659820079803467,2711.3037021160126,14.382065917172298,1.8321238432724396
1001,229,1329,398,1.737991266375546,3.879073143005371,1539.9920377731323,48.37935354221949,1.6717373031631206
1002,266,1493,434,1.631578947368421,3.735116720199585,1617.3055398464203,41.89291502715073,1.5628122451029325
1003,179,1116,339,1.893854748603352,3.8799893856048584,1311.4364123344421,48.423701080319844,1.6953430183836145
1004,252,1454,435,1.7261904761904763,3.701066017150879,1606.2626514434814,40.49044487039862,1.5937738387913811
1005,136,838,242,1.7794117647058822,3.821458339691162,920.9714598655701,45.67076326599062,1.585538135976524
1006,93,557,250,2.6881720430107525,2.4543604850769043,611.1357607841492,11.638987861891849,1.5829129827525956
1007,209,1844,835,3.9952153110047846,4.15455436706543,3464.8983421325684,63.723560902036915,2.7108414617023033
1008,216,1879,836,3.8703703703703702,4.416560649871826,3687.828142642975,82.81097905402665,2.831512172986576
1009,223,1977,906,4.062780269058296,3.6522128582000732,3305.2526366710663,38.5598992990615,2.411973489029094
1010,230,1891,877,3.8130434782608695,4.216460704803467,3693.619577407837,67.79311931747915,2.817962267190204
1011,217,1984,884,4.073732718894009,3.4921770095825195,3083.5922994613647,32.857400777350385,2.2422798984658803
1012,206,1633,722,3.504854368932039,4.176333427429199,3011.1364011764526,65.12662341427152,2.6602275281184986
1013,182,1551,690,3.791208791208791,4.114078521728516,2834.6001014709473,61.19579767555021,2.636662481815273
1014,233,1952,852,3.6566523605150216,4.264377117156982,3628.984926700592,71.12060636824376,2.682130408407655
1015,180,1528,702,3.9,3.8177900314331055,2676.270812034607,45.5035357365384,2.5268603590302403
1016,271,1518,549,2.025830258302583,2.634974241256714,1443.9658842086792,13.942953305582309,1.3723336102507961
1017,309,1694,607,1.964401294498382,2.718275785446167,1647.2751259803772,15.15417066435408,1.402901803560586
1018,222,1246,437,1.9684684684684686,2.837984800338745,1237.3613729476929,17.081308582715643,1.4326927099030464
1019,255,1510,552,2.164705882352941,2.5975606441497803,1431.255914926529,13.430935212005254,1.367460801793046
1020,136,872,295,2.1691176470588234,2.4622254371643066,723.8942785263062,11.730888868548721,1.1976590433002245
1021,114,691,317,2.780701754385965,2.2041335105895996,696.5061893463135,9.062395694930064,1.4541910641366076
1022,307,1967,530,1.726384364820847,1.759045958518982,930.5353120565414,5.806894732407646,0.6825005999369784
1023,195,1158,333,1.7076923076923076,2.508244276046753,832.737099647522,12.283344954348898,1.0374660483814668
1024,231,1617,403,1.7445887445887447,2.311377763748169,929.1738610267639,10.088314398282133,0.8290133094786414
1025,323,2182,560,1.7337461300309598,2.0652334690093994,1154.4655091762543,7.887139085265646,0.7633096539715556
1026,210,1361,352,1.6761904761904762,2.478227376937866,869.857809305191,11.920115806946447,0.9220716735952511
1027,332,2053,563,1.6957831325301205,2.1010711193084717,1180.801969051361,8.174921541019643,0.8297794179358607
1028,285,1882,508,1.7824561403508772,1.822348952293396,923.9309188127518,6.186372891135244,0.7082627814533159
1029,342,2105,604,1.7660818713450293,1.9154237508773804,1155.0005217790604,6.789815377703022,0.7915978741068007
1030,299,1887,514,1.7190635451505016,2.0027451515197754,1027.4082627296448,7.409368044438718,0.7854991020712262
1031,225,1455,387,1.72,2.486288547515869,959.7073793411255,12.01659423586209,0.951591118130574
1032,223,1408,379,1.6995515695067265,2.838975429534912,1073.1327123641968,17.098238209813374,1.0995761664371797
1033,143,890,242,1.6923076923076923,2.938361406326294,708.1450989246368,18.884876306712073,1.147907216234155
1034,397,2203,763,1.9219143576826196,2.43628191947937,1856.44682264328,11.430462257665573,1.215745176895839
1035,377,2058,745,1.976127320954907,2.489736795425415,1852.3641757965088,12.058101955140224,1.298540626988336
1036,377,2094,658,1.7453580901856764,2.8914268016815186,1899.6674087047577,18.019000809716964,1.3088064708102873
1037,120,672,217,1.8083333333333333,3.26054048538208,704.2767448425293,26.06362034209274,1.5119889392823496
1038,354,2061,712,2.0112994350282487,2.1761393547058105,1547.2350811958313,8.812219648584914,1.0830608339304506
1039,424,2434,830,1.9575471698113207,2.249182939529419,1864.5726568698883,9.479986948537375,1.1051806595905287
1040,369,2223,715,1.937669376693767,2.498596429824829,1783.997850894928,12.165406969721621,1.157788957464094
1041,166,1018,297,1.7891566265060241,2.3282437324523926,689.1601448059082,10.259906559627726,0.9766679010705341
1042,194,1069,373,1.922680412371134,2.09370756149292,778.8592128753662,8.11494612085032,1.0511284602113866
1043,147,852,260,1.7687074829931972,2.324336528778076,602.0031609535217,10.21989722822247,1.01937438369381
1044,120,748,254,2.1166666666666667,2.292153835296631,579.9149203300476,9.89622959190625,1.1185031814140078
1045,115,713,225,1.9565217391304348,2.218715190887451,496.99220275878906,9.195508799459105,1.0056215796361672
1046,130,827,230,1.7692307692307692,1.7820518016815186,408.08986258506775,5.942035798525269,0.7119095779788824
1047,205,1184,431,2.102439024390244,2.4143378734588623,1038.1652855873108,11.182363765930775,1.264996544881662
1048,188,1200,380,2.021276595744681,2.501816987991333,948.1886384487152,12.204649528039004,1.1399558720976832
1049,76,422,154,2.026315789473684,3.0832996368408203,471.7448444366455,21.830315801154097,1.6127581697480664
1050,167,1023,294,1.7604790419161678,2.358288526535034,690.978538274765,10.572840822406278,0.9744587590710736
1051,184,1124,502,2.7282608695652173,4.370328903198242,2189.5347805023193,79.06963367866376,2.8103478377976883
1052,170,1030,464,2.7294117647058824,4.432006359100342,2052.0189442634583,84.09998251741487,2.8742112181544637
1053,151,923,403,2.6688741721854305,5.024782657623291,2019.962628364563,152.13718666136836,3.1573023474784305
1054,184,1054,454,2.467391304347826,4.7234086990356445,2139.704140663147,112.55125287788407,2.928786103135012
1055,182,1074,458,2.5164835164835164,4.7731804847717285,2181.34348154068,118.29487935187547,2.9301800961770996
1056,208,1186,538,2.5865384615384617,4.4799675941467285,2405.742598056793,88.23181340212415,2.926435848121304
1057,159,981,450,2.830188679245283,4.444975852966309,1995.7941579818726,85.19782053784087,2.9350890258466995
1058,199,1235,552,2.7738693467336684,4.211111545562744,2320.322461605072,67.43145129911794,2.710540654753773
1059,250,1587,469,1.876,2.2173378467559814,1037.7141122817993,9.182852137668602,0.9433553898232167
1060,269,1522,464,1.724907063197026,2.207798719406128,1022.2108070850372,9.095672212971268,0.9689477412120158
1061,243,1561,442,1.8189300411522633,1.902566909790039,839.0320072174072,6.703078575803055,0.7754435079818491
1062,285,1609,495,1.736842105263158,2.2793185710906982,1125.983374118805,9.770020566223433,1.0096026289401008
1063,292,1554,568,1.9452054794520548,2.0544605255126953,1164.8791179656982,7.8026274185954705,1.0814448691919065
1064,232,1326,436,1.8793103448275863,2.5596539974212646,1113.4494888782501,12.931342263628245,1.2114389561727017
1065,231,1299,414,1.7922077922077921,2.5640878677368164,1058.9682893753052,12.988805456263186,1.1761110850965524
1066,299,1590,534,1.785953177257525,2.5318782329559326,1349.491098165512,12.577106702348653,1.2244679968850225
1067,212,1192,389,1.8349056603773586,2.4830527305603027,963.4244594573975,11.977773578628648,1.1660467197401994
1068,308,1711,615,1.9967532467532467,2.4753878116607666,1519.8881163597107,11.886315871274991,1.2815517522958635
1069,310,1579,557,1.7967741935483872,2.4067091941833496,1338.1303119659424,11.097381661965798,1.2226180906500739
1070,339,1870,677,1.9970501474926254,2.4195902347564697,1635.6429986953735,11.241252096604402,1.2618898625040473
1071,326,1721,606,1.8588957055214723,2.7300078868865967,1651.654771566391,15.333007949125198,1.3845637119113456
1072,201,1044,358,1.7810945273631842,2.7177700996398926,970.2439255714417,15.14650935261482,1.3407721263166277
1073,300,1590,561,1.87,2.7436087131500244,1536.4208793640137,15.542974146561004,1.3940797379727818
1074,334,1775,657,1.967065868263473,2.5473055839538574,1671.0324630737305,12.772642564005356,1.3581916888117977
1075,321,1623,567,1.766355140186916,2.587683916091919,1464.6290965080261,13.298934458179719,1.3019181357201555
1076,354,1934,716,2.022598870056497,2.266875982284546,1620.8163273334503,9.649209378299208,1.209071188022664
1077,268,2213,956,3.5671641791044775,3.761354923248291,3592.093951702118,43.00665724013557,2.3417515275769927
1078,182,1347,598,3.2857142857142856,4.934746742248535,2946.0438051223755,139.03792564037525,3.1553398573806257
1079,206,1805,768,3.7281553398058254,4.268242835998535,3273.7422552108765,71.39607072714546,2.6166269898844225
1080,288,2494,1066,3.701388888888889,4.012700080871582,4273.525586128235,55.29597277723248,2.4720906857334826
1081,185,1653,718,3.881081081081081,4.212557315826416,3020.4035954475403,67.52901219456932,2.636129031237363
1082,274,2248,961,3.5072992700729926,4.194554805755615,4026.7726135253906,66.32419785251312,2.5842548400002543
1083,237,2021,846,3.569620253164557,4.023177146911621,3399.58468914032,55.878357851906834,2.426800579962785
1084,288,2281,995,3.454861111111111,4.535656929016113,4508.442987442017,93.28477665658816,2.8515161508606846
1085,237,1906,817,3.4472573839662446,4.140264987945557,3378.456230163574,62.819465644990885,2.5572308757174245
1086,209,1670,709,3.3923444976076556,4.670934677124023,3307.0217514038086,106.79751699272315,2.8569005274624004
1087,208,1717,747,3.5913461538461537,4.630045413970947,3454.0138788223267,102.51871978693825,2.902206577832629
1088,125,984,420,3.36,5.025949001312256,2105.872631549835,152.31473442961985,3.087532522643027
1089,396,2761,1290,3.257575757575758,4.091922760009766,5274.488437652588,59.85486767908277,2.7560587874782927
1090,334,2232,1060,3.1736526946107784,3.7884862422943115,4012.006930589676,44.18945748940215,2.5932358883395508
1091,335,2306,1053,3.1432835820895524,4.582515239715576,4820.806032180786,97.75997500201757,3.016024698922299
1092,109,766,330,3.0275229357798166,5.280191898345947,1737.1831345558167,196.4075620219614,3.271834847701856
1093,319,2269,1060,3.322884012539185,3.7694318294525146,3991.828307390213,43.35542456126589,2.5381185117461635
1094,402,2989,1404,3.4925373134328357,3.6798880100250244,5162.882878065109,39.64195432250093,2.491959024715648
1095,319,2430,1103,3.457680250783699,4.061697006225586,4475.990100860596,58.07277737110922,2.65740276608217
1096,282,2156,1084,3.8439716312056738,3.0388023853302,3291.022983312607,20.880221795131103,2.202199692707189
1097,211,1595,827,3.919431279620853,3.460861921310425,2858.671947002411,31.844412066703942,2.5857002140870065
1098,244,1784,918,3.762295081967213,3.213258981704712,2946.558486223221,24.85997254518173,2.3828393025580334
1099,329,2447,1229,3.735562310030395,3.224963665008545,3960.255380630493,25.152660217520417,2.3348756838126064
1100,217,1619,854,3.935483870967742,3.0922091007232666,2637.6543629169464,22.025681219579674,2.3504205490793186
1101,303,2293,1093,3.607260726072607,3.137751579284668,3426.4247245788574,23.051978001723135,2.1558159433620805
1102,263,2038,995,3.783269961977186,3.1215639114379883,3102.8345279693604,22.68182428424391,2.196488707654781
1103,365,2633,1373,3.7616438356164386,2.900550127029419,3979.554774284363,18.184146208661144,2.1805104207390995
1104,289,2240,1187,4.107266435986159,3.024477481842041,3587.0302934646606,20.58324678064113,2.3102637570981917
1105,254,1998,1050,4.133858267716535,3.2808423042297363,3441.6035771369934,26.59816701571703,2.4850772840046336
1106,271,2018,1062,3.918819188191882,2.990074396133423,3172.4689342975616,19.887161964485422,2.268040237306931
1107,150,1120,580,3.8666666666666667,3.522953510284424,2039.7900824546814,33.88435862050087,2.627495568224874
1108,513,3586,1932,3.7660818713450293,2.7496252059936523,5309.526272773743,15.636770218041761,2.136092365644267
1109,512,3385,1804,3.5234375,2.4164440631866455,4356.848645925522,11.205940765728608,1.8568992423576205
1110,460,3185,1675,3.641304347826087,2.947343111038208,4933.85236787796,19.055258706010672,2.2348647860646165
1111,151,1081,548,3.629139072847682,3.5571770668029785,1945.7758555412292,35.06407376373999,2.5968188505742935
1112,483,3293,1764,3.652173913043478,2.52061128616333,4443.837697505951,12.436196415322492,1.94688812897275
1113,587,4184,2206,3.75809199318569,2.419466495513916,5334.923622608185,11.239861198640718,1.8395477662185018
1114,509,3573,1864,3.662082514734774,2.621969699859619,4884.7295508384705,13.762805500762132,1.9723411976150114
1115,426,1795,795,1.8661971830985915,3.053485870361328,2424.4677810668945,21.189078214388807,1.9486170721672857
1116,385,1602,692,1.7974025974025973,3.4718196392059326,2399.0273706912994,32.195272957314316,2.160464975438968
1117,407,1719,745,1.8304668304668306,3.3846323490142822,2518.166467666626,29.507142391721445,2.1134067917600463
1118,459,1900,856,1.8649237472766884,3.340085983276367,2855.773515701294,28.221553182695704,2.1684264678969987
1119,427,1728,752,1.7611241217798594,3.5920140743255615,2697.6025698184967,36.30712758955548,2.2522094038000398
1120,410,1712,812,1.9804878048780488,3.014907121658325,2445.0896756649017,20.387197323533762,2.060466559351961
1121,440,1760,774,1.759090909090909,3.4705545902252197,2682.738698244095,32.154570111051214,2.1990760317941302
1122,383,1597,752,1.9634464751958225,3.094339609146118,2323.8490464687347,22.072657142467822,2.099314649414521
1123,375,1595,739,1.9706666666666666,2.9731123447418213,2194.156910419464,19.552679673600803,1.9846390555450848
1124,286,1830,465,1.6258741258741258,1.9430795907974243,901.5889301300049,6.980214107965299,0.7107747969502428
1125,257,1653,491,1.9105058365758756,2.1307852268218994,1044.0847611427307,8.421476985466512,0.911249792600336
1126,289,1674,477,1.6505190311418685,1.9435337781906128,925.1220784187317,6.983385153284785,0.7972933301980853
1127,277,1787,489,1.7653429602888087,2.732276439666748,1333.350902557373,15.36783117116053,1.076451446493758
1128,275,1721,487,1.770909090909091,2.3239686489105225,1129.448763370514,10.216138225256888,0.9468042590661317
1129,278,1543,551,1.9820143884892085,2.4957644939422607,1372.6704716682434,12.131004053616524,1.2834380312705698
1130,279,1530,488,1.7491039426523298,3.090843915939331,1505.2409870624542,21.995632610341815,1.4193488283515105
1131,259,1531,470,1.8146718146718146,2.3926780223846436,1122.1659924983978,10.942759693793237,1.0574417455464926
1132,316,1789,582,1.8417721518987342,2.0597763061523438,1196.7300338745117,7.844214911430344,0.9650734964525653
1133,286,1937,834,2.9160839160839163,4.341372966766357,3616.3636813163757,76.81292857193857,2.693500231846201
1134,267,1689,728,2.7265917602996255,4.5356364250183105,3297.4076809883118,93.28286396534155,2.816550449467741
1135,281,1850,858,3.0533807829181496,4.599082946777344,3941.4140853881836,99.39312504937485,3.0736532730159145
1136,254,1625,755,2.97244094488189,4.608388900756836,3474.7252311706543,100.32239003933154,3.0849039135148675
1137,168,1097,479,2.8511904761904763,4.941535949707031,2362.054183959961,139.98509458720713,3.1064027871559374
1138,236,1688,834,3.5338983050847457,3.6014628410339355,3000.0185465812683,36.65181102024506,2.564047322113573
1139,265,1830,905,3.4150943396226414,3.5471460819244385,3206.6200580596924,34.71410477137534,2.5279644020643706
1140,262,1660,758,2.8931297709923665,4.2219014167785645,3195.9793725013733,68.16296735958191,2.7776045731874413
1141,279,2050,1007,3.609318996415771,3.278779983520508,3298.452663421631,26.543369589408425,2.3212981951831124
1142,247,1915,915,3.7044534412955468,4.4051432609558105,4026.300940513611,81.87087090227958,3.033276449089063
1143,203,1460,684,3.3694581280788176,4.52462911605835,3090.321686267853,92.26170109898189,3.0536929941988014
1144,269,2316,1132,4.20817843866171,4.03333854675293,4561.7058963775635,56.449054817990266,2.8416021047918196
1145,275,2278,1075,3.909090909090909,4.309361934661865,4628.254717826843,74.39300619475684,2.931150188489787
1146,242,2015,942,3.8925619834710745,4.534675121307373,4267.129289150238,93.19323388980919,3.0551693619300724
1147,80,643,301,3.7625,5.148863792419434,1544.65913772583,172.23568361002523,3.4657419562377565
1148,355,2744,1369,3.8563380281690143,2.80712890625,3840.15234375,16.56229798019727,2.019011932429393
1149,265,2090,1051,3.9660377358490564,3.816464900970459,4007.288146018982,45.443277548973406,2.7661697299879013
1150,232,1885,880,3.793103448275862,4.5730462074279785,4019.707616329193,96.8386515470688,3.076505169178633
1151,254,2012,953,3.751968503937008,4.566101551055908,4346.928676605225,96.1684701716901,3.1169445550876653
1152,236,1935,908,3.847457627118644,3.833902597427368,3477.349655866623,46.24265300654933,2.592638296617943
1153,245,1951,938,3.8285714285714287,3.78989315032959,3551.1298818588257,44.25167174682573,2.625934121020163
1154,246,1417,449,1.8252032520325203,2.963257074356079,1327.5391693115234,19.360929157244183,1.3516119803469222
1155,275,1534,478,1.7381818181818183,2.703728199005127,1289.6783509254456,14.935309864693322,1.2129156200925661
1156,193,1212,385,1.994818652849741,2.7422187328338623,1053.0119934082031,15.521384726353208,1.2534448687183304
1157,259,1481,471,1.8185328185328185,2.9117674827575684,1368.5307168960571,18.38927258214613,1.3331346918096958
1158,133,827,249,1.8721804511278195,2.6347715854644775,653.4233531951904,13.940127971628867,1.139891936222175
1159,96,553,256,2.6666666666666665,1.7649037837982178,450.05046486854553,5.841010331219742,1.1741149616919047
1160,162,1049,290,1.7901234567901234,2.3858821392059326,689.5199382305145,10.868646096175679,0.9483002816770522
1161,175,1014,311,1.7771428571428571,2.80983304977417,871.0482454299927,16.607145420655133,1.2393066903914036
1162,161,1007,265,1.6459627329192548,2.3156025409698486,611.31907081604,10.131025437942696,0.8758162779216981
1163,128,872,269,2.1015625,2.341787099838257,627.5989427566528,10.399805456205275,1.0383416082364443
1164,131,793,240,1.83206106870229,2.3941001892089844,572.1899452209473,10.958333195030022,1.0409780534890143
1165,140,950,227,1.6214285714285714,1.7039680480957031,385.0967788696289,5.495711430069411,0.5848181190921341
1166,201,1252,419,2.084577114427861,2.4435713291168213,1021.4128155708313,11.51408800026321,1.1769865844444662
1167,207,1284,352,1.7004830917874396,2.4735472202301025,868.215074300766,11.864458141885619,0.9755214814009019
1168,79,398,145,1.8354430379746836,3.2815792560577393,472.54741287231445,26.617775808000992,1.7129191184316521
1169,177,1132,303,1.7118644067796611,2.253577947616577,680.5805401802063,9.521743260292222,0.8673764754801374
1170,252,1899,984,3.9047619047619047,3.177119016647339,3123.107993364334,23.977574954438413,2.372665831588945
1171,236,1756,932,3.9491525423728815,3.391026496887207,3157.0456686019897,29.696419912825185,2.5937665888109755
1172,213,1756,935,4.389671361502347,2.967522382736206,2771.6659054756165,19.443685856582203,2.2771461599263616
1173,263,1835,942,3.581749049429658,3.292889356613159,3098.608884572983,26.920534416746698,2.4361567691705313
1174,252,1813,994,3.9444444444444446,2.6404106616973877,2621.927787065506,14.018959475489325,2.0863994572357307
1175,205,1513,793,3.868292682926829,3.1874845027923584,2524.487726211548,24.22740675254863,2.4071817074622968
1176,222,1578,846,3.810810810810811,2.9626588821411133,2503.4467554092407,19.349351063455853,2.2887897459812914
1177,294,2014,1062,3.6122448979591835,3.05332612991333,3239.579023838043,21.18569373186875,2.320617970337167
1178,204,1454,791,3.877450980392157,2.966062068939209,2343.189034461975,19.415312695762648,2.3249705638814926
1179,132,1058,437,3.3106060606060606,4.616001129150391,2012.5764923095703,101.08898101636116,2.7443611766207208
1180,143,961,430,3.006993006993007,4.841090679168701,2076.827901363373,126.60736446765344,3.1178244683421137
1181,117,925,400,3.4188034188034186,4.509862899780273,1799.435297012329,90.9093539636994,2.806525815567834
1182,110,765,321,2.918181818181818,3.9159774780273438,1253.11279296875,50.19811509213706,2.3632151792033125
1183,94,690,306,3.25531914893617,5.001163005828857,1525.3547167778015,148.58586488113906,3.1893067905680055
1184,107,889,366,3.4205607476635516,3.971095323562622,1449.449793100357,53.04259784003077,2.352209255931855
1185,178,1314,623,3.5,3.546168804168701,2205.716996192932,34.680196020804544,2.4217480761126664
1186,174,1190,499,2.867816091954023,4.558779239654541,2270.2720613479614,95.46686650115457,2.752361549895352
1187,68,439,190,2.7941176470588234,4.964943885803223,938.3743944168091,143.300508854775,3.0837997387752045
1188,146,1074,460,3.1506849315068495,4.4985480308532715,2064.8335461616516,89.8865240449948,2.773673293583415
1189,220,1873,809,3.6772727272727272,3.8017661571502686,3071.827054977417,44.780203569431876,2.3661023271139716
1190,207,1647,716,3.4589371980676327,4.301075458526611,3075.268952846527,73.77909740742028,2.693791905082866
1191,212,1574,684,3.2264150943396226,4.63818883895874,3167.8829770088196,103.35698182089826,2.903614397107491
1192,230,1790,777,3.378260869565217,4.784972667694092,3713.1387901306152,119.69809141429678,2.9926966025999353
1193,238,1751,775,3.2563025210084033,4.769639015197754,3691.7005977630615,117.87668258853591,3.0416894031065627
1194,241,1627,775,3.215767634854772,3.6692821979522705,2840.0244212150574,39.2237408715533,2.5183092492258834
1195,227,1549,711,3.13215859030837,4.599853515625,3265.89599609375,99.46974381143349,3.0417636911708037
1196,210,1473,674,3.2095238095238097,4.120855808258057,2773.335958957672,61.61194772198421,2.716278367078935
1197,232,1660,775,3.3405172413793105,4.125593662261963,3193.2094945907593,61.90454873829488,2.775197290581712
1198,269,1778,498,1.8513011152416357,1.8792660236358643,933.9952137470245,6.548696509344585,0.7578572908250054
1199,193,1103,356,1.8445595854922279,2.3668997287750244,840.2494037151337,10.66427882350788,1.0990241594285874
1200,203,1451,410,2.019704433497537,2.105353355407715,861.0895223617554,8.2100035462559,0.8561609811666098
1201,293,2013,547,1.8668941979522184,2.0918281078338623,1142.1381468772888,8.099708779094588,0.8185578939443492
1202,188,1254,360,1.9148936170212767,2.418811798095703,868.3534355163574,11.23250489887089,0.9990184969364778
1203,297,1974,566,1.9057239057239057,2.1849262714385986,1234.4833433628082,8.889993082807354,0.9022203634901474
1204,277,1849,548,1.9783393501805053,1.8354085683822632,1003.968486905098,6.267694404142941,0.7833533570939865
1205,345,2031,606,1.7565217391304349,1.987351655960083,1202.3477518558502,7.296185344014187,0.8540724465910532
1206,268,1681,507,1.8917910447761195,2.0091845989227295,1016.6474070549011,7.457234230741129,0.8725236005298806
1207,220,1420,401,1.8227272727272728,2.4165539741516113,966.6215896606445,11.207172489180234,0.9820705449433933
1208,227,1364,389,1.7136563876651982,2.665045976638794,1034.037838935852,14.368610151209324,1.0936959401204505
1209,131,798,226,1.7251908396946565,2.62961483001709,591.6633367538452,13.868427171409605,1.0696613556523675
1210,435,2296,823,1.8919540229885057,2.0855069160461426,1714.2866849899292,8.048670447963806,1.0771746076206234
1211,420,2092,788,1.8761904761904762,2.0471291542053223,1611.0906443595886,7.745632640042891,1.1110480320459766
1212,410,2151,722,1.7609756097560976,2.714694023132324,1957.2943906784058,15.09998911760675,1.312774946997453
1213,132,693,223,1.6893939393939394,3.1601922512054443,701.5626797676086,23.575127840167255,1.460520922039684
1214,372,2021,728,1.956989247311828,2.0233685970306396,1470.988970041275,7.563761331082689,1.0500685266110399
1215,456,2501,924,2.026315789473684,1.972164511680603,1820.3078442811966,7.186214311196622,1.050039624084671
1216,377,2201,759,2.013262599469496,2.113076686859131,1601.7121286392212,8.273657619200055,1.0498783030075012
1217,217,2181,1039,4.788018433179723,3.5623092651367188,3697.677017211914,35.244492120068266,2.4459515339480618
1218,239,2067,1011,4.2301255230125525,3.752256155014038,3789.7787165641785,42.61712445501281,2.6451354428900244
1219,247,2111,1000,4.048582995951417,3.854909658432007,3851.054748773575,47.22435042669081,2.6318794828268732
1220,265,2441,1174,4.430188679245283,3.762787342071533,4413.749552249908,43.06830492760418,2.6086417823665817
1221,259,2262,1074,4.146718146718147,3.9225902557373047,4208.939344406128,50.53116404439179,2.6844455877883138
1222,294,2469,1153,3.921768707482993,3.296431303024292,3797.4888610839844,27.016054570781858,2.2189624737614184
1223,250,2053,960,3.84,4.098165512084961,3930.1407260894775,60.22969553988614,2.7618093207623184
1224,240,2132,1019,4.245833333333334,3.5351479053497314,3598.7805676460266,34.300087505511435,2.4352452524345645
1225,294,2670,1272,4.326530612244898,3.1513161659240723,4005.322846889496,23.36679893526429,2.1642170068789293
1226,309,1847,513,1.6601941747572815,3.17704439163208,1626.646728515625,23.975785694304182,1.2705767019533019
1227,244,1303,404,1.6557377049180328,3.5826218128204346,1443.7965905666351,35.96771795980374,1.5985864783291464
1228,328,2147,560,1.7073170731707317,2.664933681488037,1489.6979279518127,14.366996716558367,1.0010152832224708
1229,321,1916,556,1.7320872274143302,3.783179759979248,2099.6647667884827,43.955587975730815,1.5809895337030406
1230,319,1999,546,1.7115987460815048,3.2768890857696533,1785.904551744461,26.493226214489752,1.2889022712870242
1231,87,563,160,1.839080459770115,3.2567529678344727,517.8237218856812,25.965090631982292,1.3269302231245792
1232,324,2021,613,1.8919753086419753,3.275850534439087,2004.8205270767212,26.46572592185824,1.4311452905917783
1233,308,1753,494,1.603896103896104,3.8018784523010254,1874.3260769844055,44.785232451496874,1.5425447440241113
1234,282,1631,462,1.6382978723404256,3.3179028034210205,1529.5531923770905,27.602402151791445,1.3529606409676953
1235,310,1785,513,1.6548387096774193,3.8158605098724365,1953.7205810546875,45.41582033484156,1.579060500599609
1236,257,1577,409,1.5914396887159532,3.3469250202178955,1365.5454082489014,28.41522292987075,1.2492489464739285
1237,273,1696,505,1.84981684981685,3.28572678565979,1656.0062999725342,26.7284030774587,1.408674573497203
1238,319,1887,581,1.8213166144200628,2.298346519470215,1333.0409812927246,9.957703965510118,1.0191688463236732
1239,250,1315,443,1.772,2.4992599487304688,1104.6728973388672,12.173481625788066,1.2119438104906666
1240,320,2052,623,1.946875,1.7967674732208252,1117.5893683433533,6.030123390027267,0.7857410523680238
1241,364,2077,641,1.760989010989011,2.328312397003174,1490.1199340820312,10.260611075690063,1.0350450838853806
1242,333,1973,575,1.7267267267267268,2.6106245517730713,1498.498492717743,13.60754681596109,1.0957305343251262
1243,91,531,158,1.7362637362637363,2.1849238872528076,343.0330502986908,8.88997188743743,0.9320001516514794
1244,336,2331,852,2.5357142857142856,1.903684139251709,1620.0352025032043,6.710571637627139,1.0026669895825486
1245,322,1853,615,1.9099378881987579,2.2174885272979736,1361.5379557609558,9.184235919057587,1.0600561558329347
1246,319,1777,577,1.8087774294670846,2.0707218647003174,1192.7357940673828,7.930545833179112,0.968347785701617
1247,344,1909,597,1.7354651162790697,2.511888265609741,1497.0854063034058,12.328186987491343,1.1313974287381678
1248,264,1641,508,1.9242424242424243,2.143738031387329,1086.8751819133759,8.531268248381148,0.9555328671613146
1249,283,1782,587,2.0742049469964665,1.9630227088928223,1150.3313074111938,7.120818729368107,0.9313003774306661
1250,176,1079,504,2.8636363636363638,4.217459678649902,2121.382218360901,67.86087670894173,2.836429662890917
1251,184,1109,498,2.7065217391304346,4.338298797607422,2156.1345024108887,76.57715522517238,2.8049094266165753
1252,138,887,401,2.9057971014492754,4.3615570068359375,1744.622802734375,78.37907622381555,2.837608416828283
1253,139,807,370,2.661870503597122,3.4915761947631836,1288.3916158676147,32.83766549325774,2.3032914435379506
1254,134,792,353,2.6343283582089554,4.593459129333496,1616.8976135253906,98.835725085831,2.9453158695180313
1255,134,795,333,2.485074626865672,4.444977760314941,1475.7326164245605,85.19798303994237,2.678027833199759
1256,237,1363,647,2.729957805907173,3.4169418811798096,2207.344455242157,30.476072916021486,2.3364085833540793
1257,196,1208,541,2.760204081632653,4.375197887420654,2362.6068592071533,79.45556125271959,2.821623509394379
1258,68,402,187,2.75,4.784281253814697,889.8763132095337,119.615359096988,3.1935824479401695
1259,198,1115,493,2.48989898989899,4.424478054046631,2176.8432025909424,83.46922942387418,2.8166106665208983
1260,216,1089,478,2.212962962962963,3.805476665496826,1815.212369441986,44.94666953422256,2.4047730794804947
1261,240,1046,459,1.9125,3.7241690158843994,1705.669409275055,41.436785123860616,2.352543784089034
1262,225,883,389,1.728888888888889,3.5966954231262207,1395.5178241729736,36.477492375115546,2.280075474979055
1263,176,762,309,1.7556818181818181,3.3468739986419678,1030.837191581726,28.413773177401172,1.95168465125835
1264,187,783,334,1.786096256684492,3.756277322769165,1250.840348482132,42.78884007896885,2.3047013636002482
1265,188,792,352,1.872340425531915,3.3774187564849854,1185.4739835262299,29.29505576274087,2.159441208505273
1266,346,1401,650,1.8786127167630058,3.0337562561035156,1968.9078102111816,20.7751228920091,2.027504306751763
1267,301,1281,544,1.8073089700996678,3.6463873386383057,1979.9883248806,38.33592088014869,2.2299136122742294
1268,116,485,215,1.853448275862069,3.7812135219573975,809.179693698883,43.869245739890886,2.4070093428606785
1269,269,1117,485,1.8029739776951672,3.574956178665161,1730.278790473938,35.69305666399702,2.2347937604047488
1270,257,1731,332,1.2918287937743191,2.7014269828796387,894.1723313331604,14.900980004157605,0.7452443605514002
1271,259,1562,313,1.2084942084942085,2.6291847229003906,820.3056335449219,13.862463544776821,0.7576510048198066
1272,258,1630,290,1.124031007751938,2.5724236965179443,743.4304482936859,13.097530441476788,0.6580020987724906
1273,281,1572,346,1.2313167259786477,2.558614730834961,882.7220821380615,12.91791013268901,0.810113721618169
1274,264,1598,351,1.3295454545454546,3.3353219032287598,1167.362666130066,28.087423200940002,1.0539100934572998
1275,266,1451,290,1.0902255639097744,3.9016103744506836,1127.5653982162476,49.48206963960113,1.1211116528494622
1276,266,1446,312,1.1729323308270676,3.4904255867004395,1085.5223574638367,32.799903939119865,1.0830413014434122
1277,261,1448,326,1.2490421455938698,3.454986810684204,1122.8707134723663,31.657871133861455,1.1187569129047203
1278,221,1332,269,1.2171945701357465,3.708718776702881,993.9366321563721,40.80149719541465,1.0765371247521591
1279,154,1006,205,1.3311688311688312,2.920396327972412,595.7608509063721,18.54863734699845,0.8543749753065727
1280,170,970,232,1.3647058823529412,2.8541646003723145,659.3120226860046,17.359928670338856,0.980604314976877
1281,158,988,187,1.1835443037974684,3.0088579654693604,559.647581577301,20.264244238802874,0.8172072779221394
1282,130,865,218,1.676923076923077,2.3487629890441895,509.6815686225891,10.4726069792822,0.8500752271494997
1283,123,748,160,1.3008130081300813,2.681986093521118,426.4357888698578,14.614089440176368,0.8224823500803701
1284,161,1101,188,1.1677018633540373,0.9414323568344116,176.04785072803497,2.5636508525520108,0.23068425177520124
1285,194,1132,247,1.2731958762886597,3.549346446990967,873.1392259597778,34.79057257251701,1.1127858933726145
1286,196,1154,227,1.1581632653061225,3.7504618167877197,847.6043705940247,42.54072348459698,1.0596487193169934
1287,87,436,109,1.2528735632183907,3.710184335708618,400.69990825653076,40.86133803650792,1.3258893819411914
1288,177,1095,195,1.1016949152542372,2.9905357360839844,580.163932800293,19.896338823466,0.7643832226060462
1289,230,1355,328,1.4260869565217391,3.6254379749298096,1185.5182178020477,37.54116164715289,1.2622444676801006
1290,269,1498,367,1.3643122676579926,3.2890141010284424,1203.77916097641,26.816412345528946,1.159336599376598
1291,190,1126,269,1.4157894736842105,2.986619710922241,800.4140825271606,19.81857661875711,1.025535903658636
1292,229,1405,346,1.5109170305676856,3.5228593349456787,1215.3864705562592,33.881167699805,1.247994330131712
1293,129,806,174,1.3488372093023255,3.3028078079223633,571.3857507705688,27.188872978226478,1.0227486216765718
1294,92,571,232,2.5217391304347827,1.4295166730880737,330.21835148334503,4.176680002150632,0.8343334117260081
1295,286,1866,384,1.3426573426573427,1.9491056203842163,746.5074526071548,7.022404076029555,0.5771610931741668
1296,173,1054,225,1.300578034682081,2.9989564418792725,671.766242980957,20.064587430929876,0.9195007849954812
1297,217,1541,296,1.3640552995391706,2.63429594039917,777.1173024177551,13.933498995194347,0.7275426855205089
1298,300,2026,396,1.32,2.20307993888855,870.2165758609772,9.052852839206263,0.6196728225538036
1299,167,1204,215,1.2874251497005988,3.867769241333008,827.7026176452637,47.83555738637201,0.9917960646242822
1300,297,1867,391,1.3164983164983164,2.340244770050049,912.695460319519,10.38377788953253,0.7052711378922549
1301,261,1786,391,1.4980842911877394,2.1501591205596924,838.56205701828,8.586224533338225,0.6773736400548268
1302,306,1944,385,1.2581699346405228,2.6933066844940186,1034.2297668457031,14.780469552893738,0.7675299155185416
1303,299,1892,407,1.3612040133779264,1.9186515808105469,778.972541809082,6.8117671562643896,0.593985107323802
1304,199,1233,290,1.4572864321608041,2.762226104736328,798.2833442687988,15.835054230941418,0.9340465709658177
1305,172,1079,223,1.2965116279069768,3.4624810218811035,768.670786857605,31.896013134840878,1.027764163369494
1306,88,603,117,1.3295454545454546,4.387312889099121,508.92829513549805,80.424020105681,1.217625750514192
1307,308,1700,425,1.37987012987013,3.0402843952178955,1289.0805835723877,20.911189431792636,1.093970685427138
1308,303,1687,452,1.4917491749174918,3.188962459564209,1438.2220692634583,24.263240286106964,1.2299441891069676
1309,303,1659,377,1.2442244224422443,4.024238586425781,1513.1137084960938,55.93770083784072,1.3158298032238838
1310,97,466,110,1.134020618556701,4.491316318511963,489.55347871780396,89.23883533168669,1.5156145407641983
1311,300,1831,467,1.5566666666666666,2.5566837787628174,1191.414640903473,12.892990334561391,0.9387482217771411
1312,296,1832,503,1.6993243243243243,2.455512523651123,1232.6672868728638,11.652404151431314,0.9707221516580424
1313,302,1774,423,1.400662251655629,2.9590818881988525,1248.7325568199158,19.28026219081998,1.0155243895832515
1314,294,1760,444,1.510204081632653,3.2628414630889893,1445.4387681484222,26.123661201310004,1.184845081088853
1315,304,1740,449,1.4769736842105263,2.6106057167053223,1169.5513610839844,13.607290519308602,0.969716062471725
1316,309,1756,426,1.3786407766990292,3.2280962467193604,1371.9409048557281,25.231576522248368,1.1271596468269227
1317,311,1683,437,1.405144694533762,3.3185458183288574,1446.8859767913818,27.62015661544782,1.2402942504151577
1318,197,1046,258,1.3096446700507614,3.1160194873809814,800.8170082569122,22.55641461548205,1.1045265071431962
1319,288,1601,390,1.3541666666666667,3.2645342350006104,1269.9038174152374,26.16792005072029,1.1443372515870873
1320,309,1744,454,1.4692556634304208,3.271448850631714,1481.9663293361664,26.349488173199394,1.2259320379000616
1321,314,1637,406,1.2929936305732483,2.9839258193969727,1208.489956855774,19.765259370845932,1.0650473229810278
1322,330,1899,471,1.4272727272727272,2.987720251083374,1404.2285180091858,19.840399764684143,1.0668106999508746
1323,307,1876,405,1.3192182410423452,2.745849609375,1109.3232421875,15.57784339324089,0.8530997549289835
1324,228,1255,319,1.3991228070175439,3.259223699569702,1036.4331364631653,26.029322722872053,1.1914397977596836
1325,307,2097,420,1.3680781758957654,2.4208896160125732,1014.3527491092682,11.255868262803578,0.6978548788040191
1326,300,1889,416,1.3866666666666667,3.568118095397949,1480.769009590149,35.44981716425386,1.1309148262772735
1327,295,2024,519,1.759322033898305,1.9836809635162354,1027.54673910141,7.269452385853375,0.7324291426794614
1328,80,537,99,1.2375,3.6222360134124756,354.9791293144226,37.42114853346526,0.9536808742662934
1329,300,1812,463,1.5433333333333332,3.3062849044799805,1527.503625869751,27.28357586499062,1.216182067319095
1330,307,1666,380,1.237785016286645,3.4389665126800537,1303.3683083057404,31.154743492091878,1.1286692646125625
1331,300,1685,341,1.1366666666666667,3.1817727088928223,1081.8027210235596,24.08941925168925,0.9262382319530423
1332,300,1718,357,1.19,4.091475963592529,1456.5654430389404,59.82813071208492,1.223154680676668
1333,298,1758,359,1.2046979865771812,3.2143523693084717,1150.7381482124329,24.887168996414324,0.9443482478884107
1334,304,1751,399,1.3125,3.04171085357666,1210.6009197235107,20.94103965773992,0.9974459985041274
1335,163,961,220,1.3496932515337423,2.847001314163208,623.4932878017426,17.236018863254472,0.9360152698638181
1336,165,1025,236,1.4303030303030304,2.8903512954711914,679.23255443573,17.999631680118853,0.9560248174583128
1337,151,899,213,1.4105960264900663,2.9072842597961426,616.3442630767822,18.307013902840218,0.9890954525264031
1338,172,999,207,1.2034883720930232,3.4471523761749268,710.1133894920349,31.41081863769939,1.0255025680570689
1339,159,919,194,1.220125786163522,3.84899640083313,742.8563053607941,46.945924690528194,1.1661753077661754
1340,210,1158,276,1.3142857142857143,3.179710865020752,874.4204878807068,24.03980179952108,1.0893973242808321
1341,166,980,189,1.1385542168674698,3.364924669265747,632.6058378219604,28.931317799546797,0.9312829643501532
1342,159,1038,232,1.4591194968553458,2.9405102729797363,679.2578730583191,18.92550102057593,0.9440866714316204
1343,279,1771,324,1.1612903225806452,2.5672566890716553,829.2239105701447,13.03002994212617,0.6755037964800119
1344,261,1637,385,1.475095785440613,2.533766508102417,972.9663391113281,12.600878176828344,0.8574793600414188
1345,267,1597,312,1.1685393258426966,2.4391462802886963,758.5744931697845,11.463250161564854,0.6852796865628723
1346,268,1701,342,1.2761194029850746,3.687551975250244,1257.4552235603333,39.94693607386493,1.0665046532453943
1347,282,1837,351,1.2446808510638299,2.6822731494903564,938.7956023216248,14.618285103951507,0.7372867500695566
1348,281,1484,359,1.2775800711743772,3.0681889057159424,1098.4116282463074,21.502923566274994,1.0678389548016975
1349,278,1586,330,1.1870503597122302,3.538428783416748,1164.14306974411,34.4128067181907,1.0589555066866851
1350,263,1491,315,1.1977186311787071,3.070629358291626,964.1776185035706,21.555464517249618,0.9329404887667554
1351,323,1809,418,1.2941176470588236,2.823225498199463,1177.285032749176,16.83105173950653,0.9388962291100261
1352,255,1730,341,1.3372549019607842,6.032093524932861,2050.911798477173,416.58625080464503,1.7103123011350767
1353,259,1562,315,1.2162162162162162,6.249906063079834,1962.4705038070679,517.9641664244248,1.8125777616730616
1354,258,1631,302,1.1705426356589148,6.328484535217285,1904.8738451004028,560.3068248575453,1.684949141536139
1355,281,1568,342,1.217081850533808,2.6557722091674805,905.6183233261108,14.2359749662941,0.8332468520412998
1356,256,1573,337,1.31640625,5.52852725982666,1857.5851593017578,251.77284186758152,1.703705592723192
1357,256,1440,293,1.14453125,6.402321815490723,1869.477970123291,603.2440344815486,1.8729768031583596
1358,264,1438,307,1.1628787878787878,6.209573268890381,1900.1294202804565,497.48891198870103,1.906333304371235
1359,261,1446,324,1.2413793103448276,6.151866912841797,1987.0530128479004,469.5932586247752,1.982511429888755
1360,221,1325,262,1.1855203619909502,6.234124183654785,1627.106411933899,509.8538844826917,1.771636491694846
1361,270,1740,456,1.6888888888888889,5.05455207824707,2299.821195602417,156.73430991187274,1.90686243323387
1362,247,1686,477,1.9311740890688258,4.492969036102295,2138.6532611846924,89.38644386859374,1.8300263666027072
1363,326,1804,465,1.4263803680981595,5.439931869506836,2524.128387451172,230.4264838558541,2.0185961791257547
1364,305,1699,466,1.5278688524590165,5.304730415344238,2466.699643135071,201.2867312845303,2.0945823087189774
1365,187,1044,276,1.4759358288770053,5.574763774871826,1533.0600380897522,263.6872587226908,2.1185230980240717
1366,287,1581,372,1.2961672473867596,5.809167385101318,2155.201099872589,333.3414650282821,1.9666653630010271
1367,307,1719,431,1.4039087947882736,5.295275688171387,2276.9685459136963,199.39258856808348,1.910978027603167
1368,306,1610,391,1.2777777777777777,5.385619640350342,2100.3916597366333,218.24529580958315,1.8821271002649567
1369,326,1873,452,1.3865030674846626,5.226432800292969,2357.121192932129,186.12766333543226,1.8155937297477094
1370,270,1852,391,1.4481481481481482,5.1163859367370605,1995.3905153274536,166.73170051540117,1.554395248973969
1371,173,1056,231,1.3352601156069364,6.07462739944458,1397.1643018722534,434.6875075317513,1.908789781835408
1372,212,1528,291,1.3726415094339623,5.605175971984863,1625.5010318756104,271.8297556474431,1.5347527995070918
1373,286,1985,379,1.3251748251748252,5.711796283721924,2159.058995246887,302.41380167451126,1.569200859158384
1374,168,1208,223,1.3273809523809523,6.202539920806885,1376.9638624191284,494.00217539255715,1.6444858740028059
1375,291,1869,404,1.388316151202749,5.698970317840576,2296.685038089752,298.5598209182714,1.7728283118972528
1376,264,1796,406,1.5378787878787878,5.153761386871338,2087.273361682892,173.08129317458727,1.6766697816701246
1377,306,1951,397,1.2973856209150327,5.988667011260986,2371.5121364593506,398.88254944397875,1.7536487948118378
1378,293,1884,406,1.3856655290102389,5.3487043380737305,2166.225256919861,210.3355974157174,1.6588123331245777
1379,198,1236,297,1.5,5.34232759475708,1581.3289680480957,208.9986086482155,1.8457730260655745
1380,172,1077,222,1.2906976744186047,6.493379592895508,1435.0368900299072,660.7526690462811,1.9223032541679368
1381,88,605,123,1.3977272727272727,6.881717681884766,839.5695571899414,974.298458126136,2.0020542754368122
1382,304,1673,404,1.3289473684210527,5.148036479949951,2074.6587014198303,172.09324980803908,1.7890614585030042
1383,301,1650,417,1.3853820598006645,5.124019145965576,2131.5919647216797,168.00926823811537,1.8637800949713512
1384,303,1658,376,1.2409240924092408,5.616520881652832,2106.195330619812,274.9311992041111,1.8326885154575956
1385,97,466,110,1.134020618556701,6.33668327331543,690.6984767913818,564.9195170583274,2.1383417751426768
1386,300,1807,443,1.4766666666666666,4.635494709014893,2048.8886613845825,103.07889944449867,1.635817106316084
1387,283,1786,477,1.685512367491166,4.174269676208496,1986.9523658752441,64.99235685973716,1.6050203385950772
1388,300,1753,407,1.3566666666666667,5.074897766113281,2060.408493041992,159.95583823640112,1.6956880291598313
1389,228,1353,334,1.4649122807017543,5.992370128631592,1995.45925283432,400.36239667454413,2.127745135521116
1390,272,1501,361,1.3272058823529411,5.942326068878174,2139.2373847961426,380.8197129881614,2.0561406837639375
1391,190,1126,269,1.4157894736842105,5.831320762634277,1562.7939643859863,340.80850909126866,2.002340232993664
1392,219,1395,358,1.634703196347032,5.663947105407715,2022.0291166305542,288.284288298218,2.0911622789218582
1393,131,808,173,1.3206106870229009,6.283191680908203,1080.708969116211,535.4950686141306,1.9296206316685414
1394,93,572,232,2.4946236559139785,2.968844175338745,685.8030045032501,19.46940336957841,1.7297283105307526
1395,162,965,228,1.4074074074074074,5.966182708740234,1354.3234748840332,390.0140284027481,2.0247417212173096
1396,161,1025,240,1.4906832298136645,5.5000200271606445,1314.504786491394,244.69683279792798,1.8501751577521366
1397,145,895,216,1.4896551724137932,5.849432468414307,1257.627980709076,347.03736991032235,2.0272331296672457
1398,172,1001,205,1.191860465116279,6.540618896484375,1334.2862548828125,692.715164377428,1.9230451179278132
1399,159,920,195,1.2264150943396226,6.877248287200928,1334.18616771698,969.953650339796,2.0921997475955845
1400,210,1158,276,1.3142857142857143,5.750390529632568,1581.3573956489563,314.3133850110732,1.9701351231224833
1401,162,976,193,1.191358024691358,6.4787068367004395,1243.9117126464844,651.1283862723243,1.8387144048553077
1402,157,1036,233,1.484076433121019,5.33586311340332,1237.9202423095703,207.65189862043957,1.7238816550155223
1403,279,1771,326,1.168458781362007,6.1096110343933105,1985.623586177826,450.1635829584709,1.6175320727560185
1404,259,1642,394,1.5212355212355213,5.285127639770508,2077.0551624298096,197.3793752985481,1.8249434728930005
1405,263,1597,325,1.2357414448669202,6.000905513763428,1944.2933864593506,403.7942692645038,1.7564323272874853
1406,268,1701,344,1.2835820895522387,6.467236042022705,2218.261962413788,643.7021003734403,1.8814083083874145
1407,282,1838,350,1.2411347517730495,6.448273181915283,2250.447340488434,631.6106738357369,1.7664359183375518
1408,270,1454,349,1.2925925925925925,5.428844928741455,1889.2380352020264,227.88586892655005,1.874549067706171
1409,277,1585,330,1.1913357400722022,6.05670166015625,1992.6548461914062,426.9648366860194,1.813749693882462
1410,252,1469,313,1.242063492063492,6.013617038726807,1876.2485160827637,408.9598719864167,1.8426510753082912
1411,322,1796,407,1.263975155279503,5.243179798126221,2128.7309980392456,189.27099008822924,1.7099719678495733
1412,303,1872,397,1.3102310231023102,5.92246150970459,2345.2947578430176,373.3295380771533,1.8074493144033141
1413,226,1254,322,1.424778761061947,6.006875991821289,1928.2071933746338,406.2123253815785,2.2183532342009658
1414,309,2089,417,1.3495145631067962,5.543948650360107,2306.2826385498047,255.68562189795858,1.5927537221273897
1415,297,1896,426,1.4343434343434343,5.818032741546631,2472.663915157318,336.30979414039257,1.8814873249907973
1416,285,1884,388,1.3614035087719298,6.267203330993652,2425.4076890945435,527.0014663543968,1.8572843127338954
1417,79,543,107,1.3544303797468353,6.300942897796631,667.8999471664429,545.085627933728,1.774541328889554
1418,289,1763,428,1.480968858131488,5.108621597290039,2181.3814220428467,165.4421517216652,1.7850641859719398
1419,304,1653,371,1.2203947368421053,5.765254974365234,2133.1443405151367,319.020375684851,1.861752426836991
1420,296,1675,337,1.1385135135135136,6.292130470275879,2114.1558380126953,540.3032036782895,1.8209445630849947
1421,293,1707,355,1.21160409556314,6.585367202758789,2331.2199897766113,724.417006756991,1.9702633382963897
1422,298,1763,364,1.221476510067114,6.037912368774414,2191.7621898651123,419.0173674290313,1.7935589575305346
1423,293,1711,382,1.3037542662116042,5.547691345214844,2113.6704025268555,256.6443681877115,1.7822219800112644
1424,154,1009,210,1.3636363636363635,5.988897800445557,1251.6796402931213,398.97461784609135,1.7896848462166182
1425,170,971,232,1.3647058823529412,5.504782199859619,1271.604688167572,245.86490043703415,1.8893282982394572
1426,158,997,197,1.2468354430379747,6.277815818786621,1230.4519004821777,532.6240449864122,1.7805083800180925
1427,124,869,227,1.8306451612903225,4.131986141204834,933.8288679122925,62.30153978916005,1.5503225279355803
1428,123,750,160,1.3008130081300813,6.415421485900879,1020.0520162582397,611.1983180095992,1.9621653137394008
1429,157,1101,189,1.2038216560509554,5.9555559158325195,1119.6445121765137,385.89137418521,1.4671258721849219
1430,194,1132,247,1.2731958762886597,5.494185447692871,1351.5696201324463,243.2732866165154,1.7225289650011135
1431,196,1154,228,1.163265306122449,6.494567394256592,1474.2667984962463,661.5379782692652,1.8430826682303147
1432,87,436,109,1.2528735632183907,5.647363662719727,609.9152755737305,283.5429647183141,2.0181691363134093
1433,178,1096,196,1.101123595505618,6.70641565322876,1307.7510523796082,817.634694594078,1.7214287937822845
1434,163,1000,232,1.4233128834355828,4.312275409698486,996.1356196403503,74.61006440450367,1.4371199185079884
1435,165,1053,247,1.496969696969697,4.298032283782959,1057.315941810608,73.55491600618001,1.448608229727453
1436,151,915,224,1.4834437086092715,4.684728145599365,1044.6943764686584,108.28083168598553,1.6471862253288758
1437,172,1037,217,1.2616279069767442,4.850350379943848,1047.675682067871,127.78515535866111,1.4575472622751013
1438,159,956,211,1.3270440251572326,5.287021636962891,1110.274543762207,197.75356552696013,1.675510019153758
1439,210,1208,299,1.4238095238095239,4.113754749298096,1225.8989152908325,61.17598737059366,1.4640714285771883
1440,166,1004,206,1.2409638554216869,5.199790954589844,1065.957145690918,181.23435170551946,1.5317241911239459
1441,159,1074,248,1.559748427672956,4.197812557220459,1036.8597016334534,66.540617935238,1.3928047948269957
1442,286,1892,397,1.3881118881118881,3.394078016281128,1344.0548944473267,29.787177517989186,1.0248738535421233
1443,173,1094,251,1.4508670520231215,4.565551280975342,1141.3878202438354,96.11556609696044,1.5051869725748126
1444,217,1542,307,1.4147465437788018,4.055429458618164,1240.9614143371582,57.70994170688657,1.1610433712054296
1445,300,2039,409,1.3633333333333333,3.3239357471466064,1356.1657848358154,27.769429216506747,0.9595554940686218
1446,167,1227,230,1.377245508982036,5.1351213455200195,1175.9427881240845,169.88493339956514,1.3826624521562818
1447,297,1913,403,1.3569023569023568,4.057631015777588,1631.1676683425903,57.837133400740115,1.230150290630564
1448,261,1854,408,1.5632183908045978,3.4844770431518555,1418.1821565628052,32.60537144827545,1.1035622245687027
1449,306,1997,411,1.3431372549019607,4.186244010925293,1716.3600444793701,65.77527520310578,1.2399519902605647
1450,299,1933,431,1.4414715719063544,3.2520177364349365,1398.3676266670227,25.842430560635098,1.0436720332810052
1451,199,1265,297,1.4924623115577889,4.089637756347656,1210.5327758789062,59.718255226658584,1.3805767846593275
1452,172,1106,242,1.4069767441860466,4.767987251281738,1149.084927558899,117.68213885209003,1.4988961361206847
1453,88,627,126,1.4318181818181819,5.975706100463867,746.9632625579834,393.7460272101267,1.7187243933311698
1454,308,1802,457,1.4837662337662338,3.845571994781494,1753.5808296203613,46.785437725016195,1.4039302811827132
1455,303,1782,475,1.5676567656765676,4.048828601837158,1919.144757270813,57.330261133978695,1.5537265005963272
1456,303,1761,421,1.3894389438943895,5.060932636260986,2125.5917072296143,157.73755951152398,1.741385925596178
1457,97,498,122,1.2577319587628866,5.524193286895752,668.427387714386,250.68402633900052,1.9364194326303397
1458,300,1877,490,1.6333333333333333,3.363187551498413,1644.598712682724,28.881104319356044,1.2640673452529243
1459,296,1887,520,1.7567567567567568,3.1978516578674316,1659.685010433197,24.47988250174852,1.2689026677211028
1460,302,1797,436,1.4437086092715232,3.6985862255096436,1608.885008096695,40.39016139610973,1.2916696842190885
1461,154,1033,213,1.3831168831168832,4.260653495788574,903.2585411071777,70.85627260348764,1.2614972099670139
1462,170,1010,247,1.4529411764705882,4.128776550292969,1015.6790313720703,62.101897889055444,1.450807031381576
1463,158,1012,205,1.2974683544303798,4.626044273376465,943.7130317687988,102.10934749968365,1.3453459594418329
1464,130,879,221,1.7,2.783827304840088,612.4420070648193,16.180831563501805,1.0051957297207035
1465,123,789,175,1.4227642276422765,4.808979034423828,836.7623519897461,122.60637670483023,1.5300290185274932
1466,161,1135,202,1.2546583850931676,3.2780659198760986,658.8912498950958,26.524422699632158,0.8375146596553176
1467,194,1193,266,1.3711340206185567,4.655253887176514,1233.6422801017761,105.13590926987918,1.4918437550157468
1468,196,1219,243,1.239795918367347,5.220473289489746,1263.3545360565186,185.02173219246754,1.4951889450806535
1469,87,469,119,1.367816091954023,4.690411567687988,553.4685649871826,108.89798947943353,1.7025295394348388
1470,177,1139,216,1.2203389830508475,5.108672142028809,1098.3645105361938,165.45051416334238,1.3912247870403867
1471,257,1771,355,1.3813229571984436,4.090968608856201,1448.2028875350952,59.79778432544494,1.1797375065205868
1472,259,1652,346,1.335907335907336,4.346585750579834,1499.5720839500427,77.21438320169804,1.3095794243161352
1473,258,1709,317,1.2286821705426356,4.2290425300598145,1336.3774394989014,68.65146897783296,1.1281363983153632
1474,281,1574,346,1.2313167259786477,2.601102828979492,897.3804759979248,13.47859442600251,0.82251992535755
1475,264,1644,370,1.4015151515151516,4.344986438751221,1603.2999958992004,77.09099202209184,1.4069786819592895
1476,266,1512,316,1.1879699248120301,5.4816389083862305,1726.7162561416626,240.24011644703626,1.6475694310568347
1477,266,1499,327,1.2293233082706767,4.95177698135376,1614.2792959213257,141.42605222352745,1.553644252725433
1478,261,1499,344,1.318007662835249,5.089347839355469,1745.6463088989258,162.28399230218199,1.6800768999296891
1479,221,1401,300,1.3574660633484164,5.124656677246094,1532.272346496582,168.11641355264976,1.5778741724353422
1480,279,1813,341,1.2222222222222223,3.939542770385742,1339.4445419311523,51.39509656722816,1.0658632091505036
1481,261,1695,400,1.5325670498084292,3.882578134536743,1549.1486756801605,48.54922028352254,1.3185540483796299
1482,267,1657,343,1.2846441947565543,4.109861850738525,1405.5727529525757,60.938298407164595,1.2237856610098548
1483,268,1734,365,1.3619402985074627,4.7345170974731445,1723.3642234802246,113.8084870403279,1.4338460316380504
1484,282,1922,381,1.351063829787234,4.365900039672852,1659.0420150756836,78.72021938734507,1.245313052953237
1485,281,1579,394,1.402135231316726,4.281074047088623,1682.4621005058289,72.31807132397809,1.5372259207621204
1486,278,1658,355,1.276978417266187,5.054250717163086,1789.2047538757324,156.68708340681297,1.5568617765690456
1487,263,1532,329,1.2509505703422052,4.3085856437683105,1413.2160911560059,74.33527799134204,1.3308354088872423
1488,323,1926,465,1.4396284829721362,4.160890579223633,1930.6532287597656,64.12860878290184,1.4461806016656173
1489,307,1906,419,1.3648208469055374,4.225682258605957,1766.33518409729,68.42116855902454,1.3369795438850234
1490,228,1308,335,1.469298245614035,4.397693157196045,1468.829514503479,81.26319086952603,1.620086434621952
1491,307,2161,445,1.4495114006514658,3.7817904949188232,1679.1149797439575,43.89456441191316,1.12098605014298
1492,300,1930,435,1.45,4.787111759185791,2077.6065034866333,119.95441063060422,1.5530324349734845
1493,295,2047,539,1.8271186440677967,3.1066808700561523,1671.39430809021,22.346749406480214,1.1779737565470376
1494,80,541,107,1.3375,5.590816974639893,592.6265993118286,267.95444229922964,1.5803686800851495
1495,300,1892,486,1.62,4.067136287689209,1972.5610995292664,58.38951217657959,1.5041247971148803
1496,307,1730,415,1.3517915309446253,4.442534446716309,1839.2092609405518,84.990071749079,1.5337676762520172
1497,300,1748,370,1.2333333333333334,4.523426532745361,1669.1443905830383,92.1508154048187,1.3776123196920942
1498,300,1766,385,1.2833333333333334,5.357456207275391,2057.26318359375,212.18450595415277,1.680636122748666
1499,298,1791,377,1.2651006711409396,4.131162166595459,1553.3169746398926,62.25022604576288,1.2512354529545622
1500,304,1841,423,1.3914473684210527,4.132579803466797,1743.9486770629883,62.3385368429858,1.3666410146461931
1501,230,1440,345,1.5,5.031299591064453,1730.7670593261719,153.131892275445,1.7340062870998907
1502,269,1587,385,1.4312267657992566,4.792026519775391,1840.13818359375,120.54540895854191,1.672815521122324
1503,190,1186,283,1.4894736842105263,4.460803508758545,1257.9465894699097,86.55703049417866,1.530213580380627
1504,229,1462,380,1.6593886462882097,4.473703861236572,1695.533763408661,87.68088013948991,1.6731451108956745
1505,129,821,182,1.4108527131782946,4.88109827041626,883.478786945343,131.77530936523485,1.5524853406292856
1506,92,584,213,2.3152173913043477,2.4701223373413086,523.6659355163574,11.823893266835444,1.2936476853628913
1507,294,1812,466,1.5850340136054422,4.260969161987305,1981.3506603240967,70.87864306433,1.5775302273243088
1508,304,1781,473,1.555921052631579,3.789020538330078,1788.4176940917969,44.213074049916926,1.4487037272904608
1509,309,1824,465,1.5048543689320388,4.442994117736816,2061.549270629883,85.02914820256149,1.630584928336618
1510,311,1792,476,1.5305466237942122,4.673773765563965,2220.0425386428833,107.10115541284138,1.7873015407715585
1511,197,1107,285,1.4467005076142132,4.522831439971924,1284.4841289520264,92.09599343420206,1.6740007975968096
1512,288,1673,418,1.4513888888888888,4.302267551422119,1794.0455689430237,73.86710138931568,1.5470774927931377
1513,309,1829,488,1.5792880258899675,4.177422523498535,2034.4047689437866,65.19759120219581,1.6047160586747176
1514,314,1690,428,1.3630573248407643,4.003264427185059,1709.39391040802,54.776672947357966,1.4592509570836945
1515,330,1983,490,1.4848484848484849,4.261163711547852,2083.7090549468994,70.89243381463903,1.5159640545775697
1516,160,1052,222,1.3875,3.489589214324951,771.1992163658142,32.77248247442279,1.0576095864908885
1517,180,1122,214,1.1888888888888889,3.5010182857513428,745.716894865036,33.14919012620348,0.9588610215052621
1518,167,991,189,1.1317365269461077,4.075308322906494,766.1579647064209,58.86862833711053,1.1153706319066952
1519,174,1042,210,1.206896551724138,4.089114189147949,854.6248655319214,59.68699689063195,1.1832658880261997
1520,170,1065,206,1.2117647058823529,4.2526679039001465,871.79692029953,70.29269656677333,1.1809737967872327
1521,217,1263,273,1.2580645161290323,3.624995470046997,985.9987678527832,37.52455317475365,1.1262830821091359
1522,159,949,184,1.1572327044025157,3.576075792312622,654.4218699932098,35.733041476951904,0.9948695326538312
1523,161,1084,222,1.3788819875776397,3.4514963626861572,762.7806961536407,31.547563604279528,1.0151844350799712
1524,258,1755,295,1.1434108527131783,3.675473213195801,1080.5891246795654,39.467328899761995,0.8882966218881795
1525,309,1837,423,1.3689320388349515,2.739450693130493,1156.0481925010681,15.478480325117044,0.9079069103701365
1526,268,1658,307,1.1455223880597014,3.1825082302093506,973.8475184440613,24.107144050736338,0.8473853953204286
1527,309,1938,378,1.2233009708737863,4.044143199920654,1524.6419863700867,57.06227412227653,1.1349811315104348
1528,309,1943,373,1.2071197411003236,3.434584140777588,1277.6653003692627,31.018510549325374,0.9486780199478348
1529,324,1777,414,1.2777777777777777,3.303440570831299,1364.3209557533264,27.206082532792554,1.1076528289511622
1530,321,1850,384,1.1962616822429906,3.9715662002563477,1521.1098546981812,53.067580244482706,1.1862149427137285
1531,266,1725,327,1.2293233082706767,3.936086416244507,1283.1641716957092,51.21776355176068,1.0731678766097357
1532,332,2019,452,1.3614457831325302,2.851123571395874,1285.8567306995392,17.30721681398734,0.9188207670499854
1533,247,1460,327,1.3238866396761133,3.746263027191162,1221.2817468643188,42.36247840605971,1.2068062463899747
1534,320,1815,398,1.24375,3.32588529586792,1320.3764624595642,27.82361987823131,1.0495319969680033
1535,225,1301,283,1.2577777777777779,3.7759737968444824,1064.824610710144,43.639984109789175,1.1807972215895817
1536,242,1487,342,1.4132231404958677,4.088311195373535,1394.1141176223755,59.63908784162366,1.3525766805158672
1537,142,882,186,1.3098591549295775,3.9380691051483154,728.5427844524384,51.31941317972818,1.1916837439965646
1538,100,599,251,2.51,1.8680225610733032,467.0056402683258,6.475478866539576,1.1247858452125024
1539,168,1052,218,1.2976190476190477,3.630966901779175,787.9198176860809,37.74929884118798,1.0805399368762787
1540,200,1149,262,1.31,3.247060537338257,847.482800245285,25.714641486833248,1.0641072525261661
1541,151,973,176,1.1655629139072847,3.8487298488616943,673.5277235507965,46.93341282935578,0.9986588968838304
1542,119,815,198,1.6638655462184875,2.7458651065826416,540.9354259967804,15.578084808185187,0.9575519711984221
1543,125,754,167,1.336,3.5642287731170654,591.6619763374329,35.31220917487754,1.1320793092103152
1544,134,954,160,1.1940298507462686,3.2553203105926514,517.5959293842316,25.92791819089535,0.782739078099523
1545,216,1329,323,1.4953703703703705,3.6093015670776367,1162.195104598999,36.94024352060637,1.2616201007903733
1546,192,1219,247,1.2864583333333333,4.2535014152526855,1046.3613481521606,70.35131075176315,1.2383759868392226
1547,82,455,117,1.4268292682926829,4.263504505157471,494.5665225982666,71.05857274329333,1.5681509220708103
1548,173,1111,206,1.1907514450867052,4.171164035797119,855.0886273384094,64.79082707134997,1.1103799479583025
1549,259,1787,331,1.277992277992278,3.4009180068969727,1122.302942276001,29.991619927689392,0.9060665300485055
1550,260,1683,306,1.176923076923077,3.155595302581787,962.4565672874451,23.46700290149125,0.8250334620894901
1551,247,1657,281,1.1376518218623481,3.7538304328918457,1051.0725212097168,42.684268489074626,0.9151340458442477
1552,293,1766,353,1.204778156996587,3.516252040863037,1237.720718383789,33.65804279860282,1.011128846216205
1553,291,1714,409,1.4054982817869415,3.068389892578125,1251.903076171875,21.507245805752458,1.0537423335278895
1554,244,1473,293,1.2008196721311475,3.816051721572876,1114.2871026992798,45.42450520137223,1.0913621705300625
1555,230,1368,280,1.2173913043478262,4.140505790710449,1155.2011156082153,62.83459456747735,1.2182769888284872
1556,324,1815,432,1.3333333333333333,3.508002996444702,1511.9492914676666,33.3815381261204,1.201808123898614
1557,211,1286,271,1.2843601895734598,3.825077772140503,1032.7709984779358,45.83636501993677,1.1586108848196432
1558,318,1886,452,1.421383647798742,3.4245145320892334,1544.4560539722443,30.707733613050372,1.1814311187363171
1559,311,1847,440,1.414790996784566,3.037282943725586,1333.3672122955322,20.84851960833204,1.041495541344183
1560,401,2187,474,1.1820448877805487,3.6659836769104004,1734.0102791786194,39.09457368440414,1.14387198473776
1561,338,1891,445,1.316568047337278,3.6159491539001465,1605.481424331665,37.186625010519485,1.224865197843809
1562,211,1155,255,1.2085308056872037,3.4413881301879883,874.112585067749,31.230279787481713,1.091842330437986
1563,305,1778,422,1.383606557377049,3.5847103595733643,1509.1630613803864,36.04291672108841,1.2245568417020751
1564,336,1882,496,1.4761904761904763,3.4431521892547607,1704.3603336811066,31.28542046710721,1.3065208295906436
1565,344,1830,420,1.2209302325581395,3.473005771636963,1455.1894183158875,32.23348347158005,1.1472101406330197
1566,359,2072,539,1.501392757660167,2.990750789642334,1609.0239248275757,19.900618062044366,1.1203334155504052
1567,269,1800,372,1.3828996282527881,3.1713969707489014,1176.5882761478424,23.840765956978256,0.9430322617592147
1568,199,1209,245,1.2311557788944723,4.05967378616333,990.5604038238525,57.95540214086024,1.1820319125704228
1569,218,1533,281,1.2889908256880733,3.731161594390869,1044.7252464294434,41.72755051202197,0.9831832564352629
1570,292,2031,369,1.2636986301369864,3.525392532348633,1297.3444519042969,33.967104186919016,0.9215521452915507
1571,193,1366,248,1.2849740932642486,4.063007354736328,1003.562816619873,58.14892282609866,1.059908564244547
1572,301,1994,407,1.3521594684385383,3.4372777938842773,1395.5347843170166,31.10217628928337,1.0096946402819504
1573,282,1905,419,1.4858156028368794,2.8591365814208984,1195.1190910339355,17.446456836641822,0.9050878666175247
1574,353,2174,425,1.2039660056657224,3.1730990409851074,1345.3939933776855,23.881379168586466,0.8928211786052374
1575,271,1799,375,1.3837638376383763,3.241814374923706,1212.438576221466,25.58009154517739,0.9723063486921537
1576,220,1512,291,1.3227272727272728,3.8274691104888916,1109.9660420417786,45.946106439495836,1.0590889579423444
1577,237,1505,280,1.1814345991561181,4.469493865966797,1246.9887886047363,87.31251999016565,1.1953651437635808
1578,132,885,159,1.2045454545454546,4.544037818908691,717.9579753875732,94.06987139932679,1.1703891645856863
1579,426,2460,619,1.4530516431924883,2.6111996173858643,1613.721363544464,13.615374298651771,0.9463852880334043
1580,433,2427,633,1.46189376443418,2.809990167617798,1775.9137859344482,16.60975490452531,1.055666259585485
1581,391,2329,516,1.319693094629156,3.4733810424804688,1788.7912368774414,32.245582028087334,1.1080636524812022
1582,130,741,157,1.2076923076923076,4.352406978607178,678.9754886627197,77.66517654573957,1.3219359924141247
1583,373,2223,595,1.5951742627345844,2.6070220470428467,1548.571095943451,13.55861375789766,1.0050003781293766
1584,450,2656,717,1.5933333333333333,2.644920587539673,1893.7631406784058,14.082326726506793,1.028660651986086
1585,381,2380,583,1.5301837270341208,3.0479602813720703,1773.912883758545,21.07231895602668,1.0753005547762575
1586,312,1938,397,1.2724358974358974,3.3862781524658203,1340.9661483764648,29.555745332988238,0.9982483035411248
1587,248,1419,336,1.3548387096774193,3.374486207962036,1130.452879667282,29.20927243359862,1.149329643026523
1588,325,2191,416,1.28,3.279357433319092,1360.933334827423,26.558701479103846,0.8961258663331823
1589,360,2222,449,1.2472222222222222,3.3465309143066406,1499.245849609375,28.40402652897327,0.9734268912262853
1590,329,2094,427,1.297872340425532,4.00189733505249,1704.8082647323608,54.70183935258766,1.1745551237802752
1591,90,591,107,1.1888888888888889,3.5342531204223633,374.6308307647705,34.269410031121744,0.9145144529753756
1592,341,2463,704,2.064516129032258,2.4012186527252197,1688.0567128658295,11.036617993243835,0.988774278680819
1593,314,1949,451,1.4363057324840764,2.9103353023529053,1309.6508860588074,18.362954676790622,0.9694339859481161
1594,309,1816,368,1.190938511326861,2.9768192768096924,1092.492674589157,19.62529463510814,0.8679150681923442
1595,342,1995,424,1.239766081871345,3.6880674362182617,1560.0525255203247,39.967532468065514,1.1281604221024941
1596,267,1741,351,1.3146067415730338,2.8962483406066895,1013.6869192123413,18.106089906533818,0.8400006268590787
1597,274,1818,435,1.5875912408759123,2.500220537185669,1085.0957131385803,12.185180949915624,0.8610903213613329
1598,159,1035,212,1.3333333333333333,3.6499955654144287,770.1490643024445,38.47449543021151,1.0735171360525722
1599,177,1128,214,1.2090395480225988,3.6208221912384033,771.2351267337799,37.36827906670831,0.9863981318246414
1600,157,953,183,1.1656050955414012,3.6587469577789307,665.8919463157654,38.81267846359341,1.0080577216344748
1601,171,1008,201,1.1754385964912282,4.134529113769531,826.9058227539062,62.46017250942406,1.183504890644116
1602,178,1084,210,1.1797752808988764,4.518070697784424,944.2767758369446,91.65859016120045,1.2567374739175086
1603,214,1264,269,1.2570093457943925,3.8203506469726562,1023.8539733886719,45.62020210235849,1.168598931963843
1604,214,1189,244,1.1401869158878504,3.1291122436523438,760.3742752075195,22.853682032860394,0.9226141262080978
1605,159,1063,221,1.389937106918239,3.578176975250244,787.1989345550537,35.80820206943723,1.0683800555744607
1606,253,1721,292,1.1541501976284585,3.624976396560669,1054.8681313991547,37.523837457527335,0.884284149890394
1607,292,1794,409,1.4006849315068493,2.9987189769744873,1223.4773426055908,20.0598233612581,0.9838933638891266
1608,336,1980,383,1.1398809523809523,3.126732587814331,1194.4118485450745,22.799362791174183,0.8702889144823225
1609,321,2016,382,1.190031152647975,3.959705352783203,1508.6477394104004,52.44187182087728,1.0796223274284376
1610,436,2779,520,1.1926605504587156,2.7712199687957764,1438.263163805008,15.978114925947944,0.7466625167019633
1611,324,1776,415,1.2808641975308641,3.344357490539551,1384.564001083374,28.342359581114252,1.1247205057186742
1612,325,1869,386,1.1876923076923076,3.781402587890625,1455.8399963378906,43.877540703899534,1.123773752297743
1613,262,1698,323,1.2328244274809161,3.533334970474243,1137.7338604927063,34.237960014204624,0.9666684324995779
1614,335,2029,454,1.355223880597015,2.961641788482666,1341.6237301826477,19.3296809660555,0.953944752229403
1615,246,1462,333,1.353658536585366,3.991624593734741,1325.219365119934,54.14277797022804,1.3077205240414156
1616,319,1811,401,1.2570532915360502,3.6354687213897705,1454.1874885559082,37.91962247047119,1.1584478620996053
1617,219,1279,277,1.264840182648402,3.912642002105713,1079.8891925811768,50.03095941477726,1.2181006902630576
1618,249,1514,346,1.3895582329317269,3.9756431579589844,1371.5968894958496,53.28437615811485,1.306998699190482
1619,136,860,179,1.3161764705882353,4.173207759857178,742.8309812545776,64.92337704515579,1.2461378754356531
1620,102,582,200,1.9607843137254901,2.2942779064178467,456.5613033771515,9.917272227507171,1.1317503921718521
1621,166,1046,217,1.3072289156626506,3.6921939849853516,797.5139007568359,40.132801200114635,1.0999706975735182
1622,201,1170,262,1.3034825870646767,3.2557144165039062,849.7414627075195,25.938138550540707,1.0477929865691218
1623,149,954,174,1.167785234899329,3.763712167739868,651.1222050189972,43.1081540253869,0.9846653838507277
1624,120,832,202,1.6833333333333333,3.0476794242858887,612.5835642814636,21.066401476947465,1.0622250845179726
1625,120,725,159,1.325,3.657003164291382,577.8064999580383,38.7450561444697,1.1497911339074083
1626,134,950,164,1.2238805970149254,3.2623283863067627,531.7595269680023,26.11026119519083,0.80754403421284
1627,214,1337,323,1.5093457943925233,3.561711549758911,1146.8711190223694,35.223432239679255,1.2375357336965958
1628,183,1206,240,1.3114754098360655,4.278197765350342,1022.4892659187317,72.11036303306072,1.2231676561385993
1629,88,476,115,1.3068181818181819,4.116987228393555,469.33654403686523,61.37405742710355,1.4224989592225843
1630,171,1090,200,1.1695906432748537,3.87351655960083,770.8297953605652,48.11127511902003,1.0202498377395797
1631,272,1900,342,1.2573529411764706,3.4904227256774902,1190.2341494560242,32.799810097976206,0.9037604762720524
1632,303,1908,360,1.188118811881188,3.745816946029663,1344.748283624649,42.34358551668266,1.0168038155289447
1633,248,1671,283,1.1411290322580645,3.5281829833984375,994.9476013183594,34.06202009596577,0.8590101558147017
1634,341,2079,419,1.2287390029325513,3.6456496715545654,1523.8815627098083,38.30765216092425,1.0574778130945477
1635,284,1693,372,1.3098591549295775,3.5506069660186768,1317.275184392929,34.83445440235998,1.1225200094564523
1636,236,1442,289,1.2245762711864407,4.163490295410156,1199.085205078125,64.29554186046745,1.1996631615600115
1637,228,1361,281,1.2324561403508771,3.9817862510681152,1114.9001502990723,53.612714516110714,1.1818228640138366
1638,312,1770,401,1.2852564102564104,3.598076105117798,1439.2304420471191,36.52789097615002,1.1730907465750335
1639,208,1282,267,1.2836538461538463,3.7342851161956787,993.3198409080505,41.85809119310567,1.1178296478117462
1640,316,1875,447,1.4145569620253164,3.5982697010040283,1604.8282866477966,36.534963310140974,1.234814832333391
1641,294,1744,409,1.3911564625850341,3.1493029594421387,1284.9156074523926,23.31980406524676,1.0629251002479339
1642,387,2105,459,1.186046511627907,3.9056129455566406,1788.7707290649414,49.68052203677557,1.2259623088405351
1643,323,1832,432,1.3374613003095974,3.9188804626464844,1689.0374794006348,50.34405117076772,1.3301124429076914
1644,228,1255,272,1.1929824561403508,3.9974751472473145,1083.3157649040222,54.46047162573477,1.245334089038938
1645,302,1752,417,1.380794701986755,3.5620269775390625,1481.80322265625,35.234544441176325,1.2201998635270872
1646,331,1849,486,1.4682779456193353,3.422893524169922,1660.103359222412,30.657996456732704,1.295307130185659
1647,348,1843,425,1.221264367816092,3.380892753601074,1433.4985275268555,29.397003682835315,1.1221384789932858
1648,371,2178,552,1.4878706199460916,3.388305425643921,1866.9562895298004,29.615723678464338,1.23666142353586
1649,278,1847,372,1.3381294964028776,3.1070408821105957,1152.712167263031,22.354795953984315,0.900385558896992
1650,224,1335,270,1.2053571428571428,4.030755043029785,1084.2731065750122,56.30340669694208,1.1717418979962853
1651,291,1989,363,1.2474226804123711,3.902801036834717,1412.8139753341675,49.54102116732386,1.0247660713490325
1652,299,2076,380,1.2709030100334449,3.5388567447662354,1341.2267062664032,34.42753722121161,0.9320718294019164
1653,196,1387,247,1.260204081632653,3.9900341033935547,981.5483894348145,54.0567328499265,1.0209625045639192
1654,306,2013,410,1.3398692810457515,3.2799081802368164,1341.482445716858,26.573332630743234,0.9614257684427764
1655,290,1916,426,1.4689655172413794,2.876366138458252,1222.455608844757,17.7496560533611,0.9204752842313306
1656,350,2147,416,1.1885714285714286,3.201266050338745,1328.5254108905792,24.563609284969186,0.8927140298028929
1657,271,1811,377,1.3911439114391144,3.102104663848877,1166.3913536071777,22.24471970566486,0.9291811273245945
1658,227,1529,300,1.3215859030837005,3.956156015396118,1182.8906486034393,52.25606786010703,1.1161219572623358
1659,235,1491,280,1.1914893617021276,4.378024101257324,1221.4687242507935,79.6804372835245,1.1818959564571352
1660,134,887,161,1.2014925373134329,4.401679992675781,704.268798828125,81.58782053461947,1.1454848968682785
1661,428,2447,568,1.3271028037383177,3.2305586338043213,1831.7267453670502,25.293782987176247,1.079944050594493
1662,408,2243,543,1.3308823529411764,3.283752679824829,1779.7939524650574,26.67569042827731,1.1447614396012065
1663,400,2368,509,1.2725,4.0539655685424805,2059.41450881958,57.62552250124793,1.254690497892225
1664,128,740,160,1.25,4.232043266296387,672.8948793411255,68.85778332114,1.3118677100878637
1665,370,2176,522,1.4108108108108108,2.9232535362243652,1523.0150923728943,18.60171045103839,1.0097639342671971
1666,446,2598,636,1.4260089686098654,2.9583160877227783,1878.5307157039642,19.265503008870986,1.0431666465372227
1667,372,2335,524,1.4086021505376345,3.256000518798828,1702.888271331787,25.945560573184245,1.0521406699093572
1668,312,1958,412,1.3205128205128205,3.6019201278686523,1480.389172554016,36.66857524363034,1.0907814697800793
1669,245,1405,331,1.3510204081632653,3.4586572647094727,1141.356897354126,31.774283406649385,1.1719786019197234
1670,326,2184,416,1.2760736196319018,3.3557446002960205,1392.6340091228485,28.66694165902347,0.9199387265269455
1671,352,2173,438,1.2443181818181819,3.7136542797088623,1622.8669202327728,41.00337087174958,1.0774514762275962
1672,320,2033,415,1.296875,3.926121473312378,1625.4142899513245,50.70991599923096,1.1534565349251509
1673,91,592,107,1.1758241758241759,4.153655052185059,440.2874355316162,63.66627911652916,1.0729738172418615
1674,340,2416,668,1.964705882352941,2.7367937564849854,1825.4414355754852,15.437409568884055,1.0900477262160524
1675,314,1968,444,1.414012738853503,3.477234363555908,1540.4148230552673,32.37007430923203,1.1292422897020753
1676,1040,6081,1194,1.148076923076923,1.9428391456604004,2317.8071007728577,6.978535951188056,0.5498912695316934
1677,342,1990,422,1.2339181286549707,3.837639570236206,1615.6462590694427,46.415783834561196,1.171298917482558
1678,422,2707,510,1.2085308056872037,3.113896131515503,1584.973130941391,22.508570133610835,0.8447110734951602
1679,276,1828,442,1.6014492753623188,2.931865692138672,1292.9527702331543,18.76260310358099,1.0204248083802074
