text_id,num_words,num_bytes,num_tokens,tokens_per_word,average_nll,total_nll,ppl,bpb,model
0,153,999,282,1.8431372549019607,2.454880475997925,689.8214137554169,11.645041603718889,0.9961981308548085,Llama3.1
1,173,1103,279,1.6127167630057804,2.5574581623077393,710.9733691215515,12.902978320888318,0.9299345003044251,Llama3.1
2,156,945,259,1.6602564102564104,2.7884392738342285,719.417332649231,16.255629407059008,1.098306685865197,Llama3.1
3,169,1018,288,1.7041420118343196,2.7065765857696533,776.7874801158905,14.977912048580663,1.1008521074536637,Llama3.1
4,173,1070,285,1.6473988439306357,2.7086732387542725,769.2631998062134,15.00934847670502,1.0372076668213084,Llama3.1
5,203,1254,362,1.7832512315270936,2.607492446899414,941.3047733306885,13.56499322819795,1.0829471518734404,Llama3.1
6,157,1009,265,1.6878980891719746,2.9391307830810547,775.9305267333984,18.899411482355124,1.1094461080204512,Llama3.1
7,148,1038,282,1.9054054054054055,2.459559440612793,691.1362028121948,11.699656011123132,0.960596119822719,Llama3.1
8,189,1236,316,1.6719576719576719,3.687528371810913,1161.5714371204376,39.94599319991043,1.355819864054953,Llama3.1
9,178,1149,330,1.853932584269663,3.4949216842651367,1149.82923412323,32.94770752803487,1.4437362349336282,Llama3.1
10,162,1014,256,1.5802469135802468,3.6321499347686768,926.1982333660126,37.79398393380538,1.317772779247796,Llama3.1
11,126,844,268,2.126984126984127,2.5511698722839355,681.1623558998108,12.822095225742958,1.1643478114892183,Llama3.1
12,131,826,233,1.7786259541984732,3.8796753883361816,900.0846900939941,48.40849855734166,1.5720916692235896,Llama3.1
13,135,898,216,1.6,3.8546199798583984,828.7432956695557,47.21067252541274,1.3314296690784453,Llama3.1
14,236,1472,404,1.7118644067796611,3.4635818004608154,1395.8234655857086,31.93114291438507,1.368035048747927,Llama3.1
15,202,1331,355,1.7574257425742574,4.054611682891846,1435.3325357437134,57.662767209100046,1.5557829687032578,Llama3.1
16,89,515,149,1.6741573033707866,4.522084712982178,669.2685375213623,92.02724854028546,1.874855145835104,Llama3.1
17,172,1193,282,1.6395348837209303,4.194620132446289,1178.6882572174072,66.3285307343953,1.4253878486518092,Llama3.1
18,173,1266,353,2.040462427745665,3.74550724029541,1318.4185485839844,42.33047349597812,1.5024296223208051,Llama3.1
19,180,1215,300,1.6666666666666667,3.6568472385406494,1093.3973243236542,38.73901526347989,1.2983036193604918,Llama3.1
20,164,1100,299,1.8231707317073171,4.2109808921813965,1254.8723058700562,67.42264172750923,1.6458164114796623,Llama3.1
21,180,1241,309,1.7166666666666666,3.9617772102355957,1220.2273807525635,52.55063653741415,1.418546326324458,Llama3.1
22,190,1257,324,1.7052631578947368,4.1840500831604,1351.4481768608093,65.63112718358457,1.551095929017916,Llama3.1
23,212,1428,371,1.75,3.8815927505493164,1436.189317703247,48.50140422171297,1.4509686319525061,Llama3.1
24,167,1072,256,1.532934131736527,4.14894962310791,1057.982153892517,63.36740567088892,1.423829857061342,Llama3.1
25,172,1252,325,1.8895348837209303,3.2022502422332764,1037.5290784835815,24.587796490601374,1.1955575529603508,Llama3.1
26,237,1485,403,1.7004219409282701,4.167747497558594,1675.4344940185547,64.56984444590586,1.6277044012490764,Llama3.1
27,283,1798,481,1.6996466431095407,3.8819711208343506,1863.3461380004883,48.51975918412009,1.495128049362017,Llama3.1
28,218,1360,365,1.6743119266055047,3.9351940155029297,1432.4106216430664,51.17207716989767,1.5195086032067127,Llama3.1
29,255,1621,469,1.8392156862745097,3.6475296020507812,1707.0438537597656,38.37973561917631,1.5192743383091911,Llama3.1
30,149,958,262,1.7583892617449663,3.823359966278076,997.8969511985779,45.75769463296458,1.5027776438542841,Llama3.1
31,107,652,264,2.467289719626168,2.510519027709961,660.2665042877197,12.311318317878833,1.4609865205536576,Llama3.1
32,182,1268,404,2.21978021978022,3.466625928878784,1397.05024933815,32.02849351263359,1.5895248159249518,Llama3.1
33,228,1575,493,2.162280701754386,3.3105082511901855,1628.7700595855713,27.39904753216985,1.4919482461666826,Llama3.1
34,157,1145,356,2.267515923566879,3.5001959800720215,1242.5695729255676,33.12194256334601,1.5656322801914706,Llama3.1
35,132,936,305,2.3106060606060606,3.603339433670044,1095.4151878356934,36.72065611580163,1.6884081829113327,Llama3.1
36,112,844,258,2.3035714285714284,3.367363929748535,865.4125299453735,29.001974960346175,1.479296641321519,Llama3.1
37,91,628,267,2.934065934065934,2.250868797302246,598.7311000823975,9.4959823374078,1.3754560333039307,Llama3.1
38,164,966,285,1.7378048780487805,2.135598659515381,606.5100193023682,8.462110914001414,0.9058064152142816,Llama3.1
39,164,1017,266,1.6219512195121952,2.6225075721740723,694.9645066261292,13.770210124002599,0.9858621900721354,Llama3.1
40,162,911,255,1.5740740740740742,2.961785078048706,752.2934098243713,19.33245090609983,1.1913611104797686,Llama3.1
41,167,974,289,1.7305389221556886,2.5993149280548096,748.6026992797852,13.454517564499964,1.1088351148326878,Llama3.1
42,164,960,265,1.6158536585365855,2.9875733852386475,788.7193737030029,19.837486101577024,1.1852932594733037,Llama3.1
43,200,1129,323,1.615,2.8759758472442627,926.0642228126526,17.74272987025427,1.1833731282519981,Llama3.1
44,161,934,242,1.5031055900621118,3.160242795944214,761.6185138225555,23.576319468960424,1.176427465675614,Llama3.1
45,163,1040,292,1.7914110429447854,2.2636702060699463,658.7280299663544,9.61832570191145,0.9137919828144384,Llama3.1
46,250,1538,461,1.844,2.961043119430542,1362.0798349380493,19.31811234750616,1.2776760878803521,Llama3.1
47,300,1731,516,1.72,2.997736930847168,1543.8345193862915,20.040133359239025,1.286702718123512,Llama3.1
48,202,1253,366,1.811881188118812,3.4262795448303223,1250.5920338630676,30.76198101372111,1.4399225262805189,Llama3.1
49,234,1487,479,2.047008547008547,3.242182731628418,1549.7633457183838,25.589515879056925,1.5035883614118364,Llama3.1
50,125,872,257,2.056,2.748870372772217,703.7108154296875,15.624971517990828,1.164266173899471,Llama3.1
51,116,656,256,2.206896551724138,2.2673072814941406,578.1633567810059,9.6533719722745,1.2715143409324294,Llama3.1
52,184,1107,335,1.8206521739130435,2.5239415168762207,842.9964666366577,12.477680856616551,1.0986330821170955,Llama3.1
53,179,1091,292,1.6312849162011174,2.826265335083008,822.4432125091553,16.882293234808284,1.0875662182399142,Llama3.1
54,166,938,265,1.5963855421686748,3.139242649078369,828.7600593566895,23.086375748153895,1.2746780679325576,Llama3.1
55,175,1013,298,1.7028571428571428,2.731597900390625,811.2845764160156,15.357407031116242,1.1554158293633652,Llama3.1
56,176,1045,296,1.6818181818181819,2.847141981124878,839.906884431839,17.23844357219347,1.1595497578739846,Llama3.1
57,226,1294,382,1.6902654867256637,2.9725773334503174,1132.551964044571,19.542221567048273,1.2626948238610185,Llama3.1
58,171,1007,265,1.5497076023391814,2.9138903617858887,769.2670555114746,18.428352249283318,1.1021030447921145,Llama3.1
59,173,1150,319,1.8439306358381502,2.423243522644043,770.5914402008057,11.282394733920151,0.9667203907210318,Llama3.1
60,161,961,278,1.7267080745341614,2.1790196895599365,603.5884540081024,8.837638381638817,0.9061332667381119,Llama3.1
61,158,1002,261,1.6518987341772151,2.624626874923706,682.4029874801636,13.799424314103646,0.9825343372509435,Llama3.1
62,156,899,250,1.6025641025641026,2.6648149490356445,663.5389223098755,14.365290989069301,1.0648323833740427,Llama3.1
63,160,959,281,1.75625,2.5975089073181152,727.3024940490723,13.430240355946067,1.0941352464971548,Llama3.1
64,156,928,257,1.6474358974358974,2.815106153488159,720.6671752929688,16.69494791322623,1.1203695688864475,Llama3.1
65,185,1075,323,1.7459459459459459,2.517364025115967,810.5912160873413,12.395878336218058,1.0878473745463828,Llama3.1
66,155,929,247,1.5935483870967742,2.6905882358551025,661.8847060203552,14.740344169662272,1.027877053838338,Llama3.1
67,151,985,278,1.8410596026490067,2.3225674629211426,643.3511872291565,10.201833539613036,0.9422939770208438,Llama3.1
68,156,1089,306,1.9615384615384615,2.9953689575195312,913.587532043457,19.99273499913637,1.2103105618889647,Llama3.1
69,149,1086,353,2.3691275167785233,2.688758611679077,946.4430313110352,14.713399536399224,1.2573007990389948,Llama3.1
70,128,945,270,2.109375,3.160684108734131,850.2240252494812,23.58672629644538,1.2980042167958512,Llama3.1
71,110,861,324,2.9454545454545453,1.9595357179641724,632.9300369024277,7.096031740173106,1.0605400992669003,Llama3.1
72,108,784,238,2.2037037037037037,2.9463911056518555,698.2946920394897,19.037126629370967,1.2849825118424207,Llama3.1
73,111,905,248,2.234234234234234,2.6846399307250977,663.1060628890991,14.652924362423347,1.0570826834403408,Llama3.1
74,195,1311,437,2.241025641025641,2.6263253688812256,1145.0778608322144,13.822882469046112,1.2601053785311809,Llama3.1
75,171,1248,368,2.152046783625731,3.1797633171081543,1166.9731373786926,24.041062770376193,1.3490275305664063,Llama3.1
76,64,405,128,2.0,4.0499067306518555,514.3381547927856,57.39210387168981,1.8321805068136587,Llama3.1
77,161,1179,349,2.1677018633540373,2.79512882232666,972.7048301696777,16.364736760839783,1.190259910716315,Llama3.1
78,125,1023,292,2.336,2.7531940937042236,801.1794812679291,15.692675796132345,1.1298706397724667,Llama3.1
79,134,984,296,2.208955223880597,2.728922128677368,805.0320279598236,15.31636904442055,1.1803005228601857,Llama3.1
80,114,949,257,2.254385964912281,2.6613874435424805,681.315185546875,14.316138159210306,1.0357534662495473,Llama3.1
81,106,822,283,2.669811320754717,2.075483798980713,585.286431312561,7.968400630740488,1.0272382383871421,Llama3.1
82,85,703,212,2.4941176470588236,3.007340431213379,634.548830986023,20.233515875567893,1.3022197036492522,Llama3.1
83,102,884,233,2.284313725490196,2.39785099029541,556.3014297485352,10.999512903252446,0.907888364182864,Llama3.1
84,170,1257,388,2.2823529411764705,2.9760842323303223,1151.7445979118347,19.610874471010856,1.321890389640459,Llama3.1
85,163,1224,375,2.3006134969325154,3.314056158065796,1239.4570031166077,27.496429450131842,1.4609137841433222,Llama3.1
86,67,451,144,2.1492537313432836,4.252192974090576,608.0635952949524,70.25932039607524,1.9451226906366774,Llama3.1
87,135,1139,348,2.577777777777778,3.025301218032837,1049.7795226573944,20.600208931147925,1.329685435789821,Llama3.1
88,224,1438,423,1.8883928571428572,2.8602983951568604,1207.045922756195,17.466738149110874,1.2109869032584182,Llama3.1
89,276,1679,492,1.7826086956521738,2.565107583999634,1259.4678237438202,13.002057107735487,1.0822084475726172,Llama3.1
90,183,1207,343,1.8743169398907105,2.867067813873291,980.5371923446655,17.585378924736577,1.1720100619741813,Llama3.1
91,239,1501,466,1.9497907949790796,2.9190046787261963,1357.3371756076813,18.52284210294525,1.3046126662647795,Llama3.1
92,130,873,246,1.8923076923076922,2.689997911453247,659.0494883060455,14.731645152680793,1.0891264931037123,Llama3.1
93,97,571,229,2.3608247422680413,1.8175522089004517,414.401903629303,6.156769504529338,1.047032524169775,Llama3.1
94,188,1312,385,2.047872340425532,3.5033836364746094,1345.29931640625,33.22769239314022,1.4793114727824768,Llama3.1
95,227,1539,468,2.0616740088105727,3.3452847003936768,1562.247955083847,28.36865108319334,1.464488224456394,Llama3.1
96,158,1151,350,2.2151898734177213,3.5639545917510986,1243.8201525211334,35.30252855231447,1.559038371676797,Llama3.1
97,197,1365,450,2.284263959390863,3.3371570110321045,1498.383497953415,28.139013973268153,1.5836706533679488,Llama3.1
98,118,882,260,2.2033898305084745,3.689851760864258,955.6716060638428,40.038911183750685,1.5632003251549853,Llama3.1
99,96,615,252,2.625,2.367408275604248,594.2194771766663,10.669703487920565,1.3939471429632666,Llama3.1
100,162,1033,280,1.728395061728395,2.5350446701049805,707.2774629592896,12.616994437915077,0.987788662481989,Llama3.1
101,193,1114,327,1.694300518134715,2.3996572494506836,782.2882633209229,11.019398828297977,1.0131089749001212,Llama3.1
102,140,898,226,1.6142857142857143,2.512939453125,565.411376953125,12.341153037419321,0.9083699215951824,Llama3.1
103,120,840,284,2.3666666666666667,1.9608736038208008,554.9272298812866,7.105531774240038,0.9530842411952167,Llama3.1
104,110,702,210,1.9090909090909092,2.632716178894043,550.237681388855,13.911504767241492,1.1308050915241348,Llama3.1
105,126,930,231,1.8333333333333333,2.1016526222229004,483.3801031112671,8.179676664145957,0.7498602985193772,Llama3.1
106,199,1265,363,1.8241206030150754,2.5356526374816895,917.9062547683716,12.624667491172133,1.0468449025733528,Llama3.1
107,184,1182,324,1.7608695652173914,2.9193978309631348,942.9654994010925,18.530125831465742,1.1509404819926743,Llama3.1
108,77,439,124,1.6103896103896105,3.6512324810028076,449.10159516334534,38.52211457772581,1.4758921280124857,Llama3.1
109,164,1044,268,1.6341463414634145,2.4633994102478027,657.7276425361633,11.74466870332081,0.9089084369181146,Llama3.1
110,180,1103,339,1.8833333333333333,2.8939926624298096,978.1695199012756,18.06529442270189,1.2794200503266624,Llama3.1
111,168,1116,302,1.7976190476190477,3.5879600048065186,1079.975961446762,36.160233930013426,1.3961254156438478,Llama3.1
112,159,1015,267,1.679245283018868,3.7761130332946777,1004.4460668563843,43.64606080930242,1.427693950240522,Llama3.1
113,186,1153,318,1.7096774193548387,3.3307642936706543,1055.8522810935974,27.95970296306687,1.3211386382003756,Llama3.1
114,183,1113,325,1.7759562841530054,3.3856306076049805,1096.9443168640137,29.53661285722629,1.4218833118338223,Llama3.1
115,215,1314,391,1.8186046511627907,3.228222608566284,1259.0068173408508,25.234765032307287,1.3823157472017067,Llama3.1
116,165,1051,283,1.715151515151515,3.5594587326049805,1003.7673625946045,35.14416960294595,1.377859368431427,Llama3.1
117,205,1303,370,1.8048780487804879,2.9920737743377686,1104.0752227306366,19.92696369876452,1.2224434755194682,Llama3.1
118,138,955,286,2.072463768115942,3.1289799213409424,891.7592775821686,22.850658180895728,1.3471588350099677,Llama3.1
119,156,1074,285,1.8269230769230769,2.848184585571289,808.8844223022461,17.25642582266927,1.0865675462828535,Llama3.1
120,131,860,247,1.8854961832061068,3.53361439704895,869.2691416740417,34.2475283468573,1.4582445115010998,Llama3.1
121,145,1082,307,2.117241379310345,3.1988840103149414,978.8585071563721,24.50516741759071,1.3051703456621737,Llama3.1
122,133,972,287,2.1578947368421053,3.2669084072113037,934.3358044624329,26.230121007991162,1.3867918020812264,Llama3.1
123,161,1147,345,2.142857142857143,3.1098568439483643,1069.7907543182373,22.417834922289998,1.3455813566205619,Llama3.1
124,137,938,255,1.8613138686131387,3.5193207263946533,893.907464504242,33.761487385838834,1.3748783220190801,Llama3.1
125,129,1005,287,2.2248062015503876,2.7760050296783447,793.9374384880066,16.05475439468603,1.1397110500325707,Llama3.1
126,230,1355,326,1.4173913043478261,4.222207546234131,1372.2174525260925,68.18383724594999,1.4610267998381405,Llama3.1
127,267,1510,355,1.3295880149812733,3.8639965057373047,1367.8547630310059,47.655426483073754,1.306885618067007,Llama3.1
128,185,1130,255,1.3783783783783783,4.2162065505981445,1070.9164638519287,67.7758916004538,1.3672618332792235,Llama3.1
129,229,1354,366,1.5982532751091703,3.9317774772644043,1435.0987792015076,50.99754413067624,1.5291062717428512,Llama3.1
130,130,811,187,1.4384615384615385,3.9291388988494873,730.8198351860046,50.86316048038473,1.3000618397116381,Llama3.1
131,91,547,157,1.7252747252747254,2.9095845222473145,453.89518547058105,18.34917330977486,1.1971340642811399,Llama3.1
132,308,1973,547,1.775974025974026,1.7260468006134033,942.4215531349182,5.618399296299543,0.6891165236364021,Llama3.1
133,186,1094,304,1.6344086021505377,2.814279794692993,852.7267777919769,16.681157594843487,1.1245198295737753,Llama3.1
134,225,1567,386,1.7155555555555555,2.085754156112671,803.0153501033783,8.050660647799257,0.739314781973107,Llama3.1
135,311,2053,524,1.684887459807074,2.002429723739624,1047.2707455158234,7.407031292481752,0.7359436488182007,Llama3.1
136,179,1229,299,1.670391061452514,2.8935751914978027,862.2854070663452,18.057754261410857,1.012217152648932,Llama3.1
137,320,1968,532,1.6625,1.9350461959838867,1027.5095300674438,6.924363925794197,0.7532433452715703,Llama3.1
138,283,1863,521,1.8409893992932862,1.4294731616973877,743.3260440826416,4.176498272948961,0.5756268371237994,Llama3.1
139,333,2045,527,1.5825825825825826,2.1612696647644043,1136.8278436660767,8.682154088522324,0.8020028813699476,Llama3.1
140,312,1957,542,1.7371794871794872,1.7974913120269775,972.4427998065948,6.034489807443395,0.716882169049133,Llama3.1
141,201,1240,339,1.6865671641791045,2.651071786880493,896.0622639656067,14.169216890771079,1.0425359552829985,Llama3.1
142,179,1105,282,1.5754189944134078,2.962703227996826,832.5196070671082,19.35020914601231,1.0869429036728917,Llama3.1
143,96,630,161,1.6770833333333333,3.601853132247925,576.296501159668,36.66611869196072,1.3197144512773233,Llama3.1
144,317,1721,510,1.608832807570978,2.902749538421631,1477.49951505661,18.22418464134241,1.2385713092899593,Llama3.1
145,311,1749,519,1.6688102893890675,3.0707507133483887,1590.6488695144653,21.558080540600276,1.3120761782985448,Llama3.1
146,329,1820,480,1.458966565349544,3.4360365867614746,1645.8615250587463,31.0635959945598,1.30465728581989,Llama3.1
147,102,494,132,1.2941176470588236,4.586496829986572,600.831084728241,98.14999109427204,1.754688312448117,Llama3.1
148,310,1849,562,1.8129032258064517,2.477609157562256,1389.9387373924255,11.91274883783123,1.0845093150759977,Llama3.1
149,302,1821,558,1.8476821192052981,2.6167643070220947,1457.5377190113068,13.691350827751036,1.1547404937541041,Llama3.1
150,304,1782,500,1.644736842105263,2.774711847305298,1384.5812118053436,16.034006087863037,1.1209475016720543,Llama3.1
151,156,1212,443,2.83974358974359,2.620866537094116,1158.4230093955994,13.747631257553765,1.3789200750055284,Llama3.1
152,168,1101,435,2.5892857142857144,3.240215301513672,1406.2534408569336,25.539219788140418,1.8426838014144773,Llama3.1
153,158,1134,411,2.6012658227848102,2.5560693740844727,1047.9884433746338,12.885071253991175,1.3332696033205718,Llama3.1
154,123,865,352,2.861788617886179,2.304631233215332,808.9255628585815,10.020482349946786,1.3491709803287735,Llama3.1
155,129,910,337,2.612403100775194,2.605558156967163,875.4675407409668,13.53877995857039,1.387947999435439,Llama3.1
156,149,1145,395,2.651006711409396,2.3024556636810303,907.1675314903259,9.998705790625968,1.1430271606432978,Llama3.1
157,209,1266,468,2.2392344497607657,2.853013753890991,1332.357423067093,17.339961549261876,1.5183139391394105,Llama3.1
158,199,1271,452,2.271356783919598,3.2345657348632812,1458.7891464233398,25.395341072633205,1.655851980525253,Llama3.1
159,85,486,183,2.152941176470588,3.2612016201019287,593.538694858551,26.080857603874104,1.761924550716336,Llama3.1
160,179,1242,441,2.463687150837989,2.593020439147949,1140.9289932250977,13.37009423254796,1.325291948898781,Llama3.1
161,317,1779,456,1.4384858044164037,3.127227306365967,1422.888424396515,22.810644849404103,1.1539033578500073,Llama3.1
162,312,1641,411,1.3173076923076923,2.790193796157837,1143.9794564247131,16.28417530662416,1.0057364342856707,Llama3.1
163,326,1795,449,1.3773006134969326,3.095562696456909,1386.8120880126953,22.099670445780937,1.1146222406801025,Llama3.1
164,338,1760,463,1.3698224852071006,3.059777021408081,1413.6169838905334,21.322802103519667,1.1587603479405038,Llama3.1
165,213,1095,272,1.2769953051643192,2.777122974395752,752.6003260612488,16.072712758909685,0.9915732951415348,Llama3.1
166,296,1566,378,1.277027027027027,3.6158928871154785,1363.1916184425354,37.184532697561906,1.2558555477065425,Llama3.1
167,326,1755,447,1.3711656441717792,3.4160990715026855,1523.5801858901978,30.45039820781318,1.2524567399318938,Llama3.1
168,310,1571,354,1.1419354838709677,3.513906955718994,1240.409155368805,33.57920430008461,1.1391038428541327,Llama3.1
169,336,1879,466,1.3869047619047619,2.956427812576294,1374.7389328479767,19.229158763121834,1.0555237045964672,Llama3.1
170,257,1736,483,1.8793774319066148,2.358444929122925,1136.7704558372498,10.574494571394197,0.9447080064893356,Llama3.1
171,261,1525,424,1.6245210727969348,2.590606689453125,1095.8266296386719,13.33786108869464,1.0366843568877238,Llama3.1
172,262,1640,437,1.66793893129771,2.04123592376709,889.9788627624512,7.700120081723707,0.7829073730508462,Llama3.1
173,284,1582,475,1.6725352112676057,2.334628105163574,1106.6137218475342,10.325619170782144,1.009169487161262,Llama3.1
174,263,1517,449,1.7072243346007605,3.041276693344116,1362.491958618164,20.93194986444857,1.2957550375408806,Llama3.1
175,265,1434,384,1.4490566037735848,3.5784494876861572,1370.5461537837982,35.81796157954238,1.3788564430776349,Llama3.1
176,269,1419,408,1.516728624535316,3.124701976776123,1271.753704547882,22.753113126857837,1.2929899667254388,Llama3.1
177,264,1453,430,1.628787878787879,3.408991813659668,1462.4574880599976,30.23474662978099,1.4520854546008872,Llama3.1
178,217,1294,356,1.640552995391705,3.20600962638855,1138.1334173679352,24.680405430361695,1.268917648459605,Llama3.1
179,217,1416,563,2.5944700460829493,4.033541202545166,2266.8501558303833,56.460495705157264,2.3095857897280143,Llama3.1
180,260,1619,660,2.5384615384615383,3.4154951572418213,2250.8113086223602,30.432014329788277,2.005703713975465,Llama3.1
181,176,1219,491,2.789772727272727,3.7241225242614746,1824.8200368881226,41.434858705252935,2.159687299206981,Llama3.1
182,214,1380,574,2.682242990654206,3.603102445602417,2064.577701330185,36.711954789562725,2.1583739211876765,Llama3.1
183,121,826,324,2.677685950413223,3.788311243057251,1223.624531507492,44.181725044661086,2.1371877040144556,Llama3.1
184,83,570,272,3.2771084337349397,3.195082426071167,865.8673374652863,24.412185809933412,2.1915482698752617,Llama3.1
185,244,1421,397,1.6270491803278688,3.3168325424194336,1313.4656867980957,27.57287618028458,1.3335189533577967,Llama3.1
186,283,1583,447,1.5795053003533568,2.9894137382507324,1333.2785272598267,19.874027693276872,1.2151069610874874,Llama3.1
187,199,1221,332,1.6683417085427135,3.06119441986084,1013.255352973938,21.3530464393036,1.197230526527188,Llama3.1
188,240,1434,427,1.7791666666666666,3.3446624279022217,1424.8261942863464,28.35100354336333,1.4334656099202279,Llama3.1
189,142,854,235,1.6549295774647887,2.9528892040252686,690.9760737419128,19.161234546977155,1.1672924531152042,Llama3.1
190,93,570,230,2.4731182795698925,1.8717920780181885,428.64038586616516,6.499934357589339,1.0849076473927162,Llama3.1
191,224,1790,679,3.03125,2.352992296218872,1595.3287768363953,10.516992645264446,1.2857949245415212,Llama3.1
192,221,1584,604,2.733031674208145,2.4743378162384033,1492.0257031917572,11.873841844003197,1.3589255573697074,Llama3.1
193,212,1610,606,2.858490566037736,2.0557973384857178,1243.7573897838593,7.81306504717656,1.1145109430497984,Llama3.1
194,244,1631,633,2.5942622950819674,2.427170753479004,1533.9719161987305,11.326790421407756,1.3568692068441748,Llama3.1
195,228,1575,607,2.662280701754386,2.684880018234253,1627.0372910499573,14.656442768881181,1.4903610356439279,Llama3.1
196,231,1408,551,2.3852813852813854,2.767498254776001,1522.1240401268005,15.918759472142535,1.5596312530602334,Llama3.1
197,221,1437,558,2.524886877828054,2.759052038192749,1536.7919852733612,15.784872397461163,1.542882516375632,Llama3.1
198,242,1484,569,2.3512396694214877,3.1329143047332764,1779.495325088501,22.940738520042803,1.7299656878640661,Llama3.1
199,206,1383,536,2.6019417475728157,2.603470802307129,1392.856879234314,13.510549197188588,1.4529773769627061,Llama3.1
200,233,1373,409,1.7553648068669527,3.557899236679077,1451.6228885650635,35.089405127218356,1.5253089166596718,Llama3.1
201,272,1501,445,1.6360294117647058,3.3041863441467285,1467.0587368011475,27.22637967075409,1.4100721947207477,Llama3.1
202,195,1155,344,1.764102564102564,3.3304460048675537,1142.342979669571,27.95080511879293,1.4268853262022616,Llama3.1
203,230,1375,450,1.9565217391304348,3.3215131759643555,1491.3594160079956,27.702237219099228,1.5647831517511241,Llama3.1
204,131,821,241,1.8396946564885497,3.285987138748169,788.6369132995605,26.735362805701413,1.3858252909613342,Llama3.1
205,96,578,227,2.3645833333333335,2.592409133911133,585.884464263916,13.36192352158052,1.4623747597360532,Llama3.1
206,454,1834,704,1.550660792951542,3.158719301223755,2220.5796687602997,23.540428417577292,1.7467934983747773,Llama3.1
207,323,1333,500,1.5479876160990713,3.5168726444244385,1754.9194495677948,33.67893758285156,1.8993350240442963,Llama3.1
208,487,2119,812,1.6673511293634498,2.694398880004883,2185.15749168396,14.79662153434306,1.4877375539470579,Llama3.1
209,463,2041,740,1.5982721382289418,2.9350388050079346,2168.9936769008636,18.822233517934308,1.5331682613348334,Llama3.1
210,494,2220,732,1.4817813765182186,3.3722312450408936,2465.101040124893,29.143480814017057,1.6019770476929769,Llama3.1
211,137,579,218,1.5912408759124088,2.909076452255249,631.269590139389,18.33985301331892,1.5729352455234975,Llama3.1
212,500,2390,988,1.976,2.080467939376831,2053.4218561649323,8.008215396986996,1.2395236521933715,Llama3.1
213,414,1844,686,1.6570048309178744,2.643643856048584,1810.89604139328,14.064358849025464,1.4167954113251302,Llama3.1
214,419,1767,640,1.5274463007159904,2.760119915008545,1763.7166256904602,15.801737700164871,1.4400142781081173,Llama3.1
215,454,1883,712,1.5682819383259912,2.9386467933654785,2089.377870082855,18.890266574766347,1.600815237234031,Llama3.1
216,406,1759,690,1.6995073891625616,2.563629388809204,1766.3406488895416,12.98285172760049,1.4487156877052505,Llama3.1
217,433,1883,712,1.6443418013856812,2.5721304416656494,1828.7847440242767,13.093690090250083,1.401157026583758,Llama3.1
218,348,2029,599,1.721264367816092,2.592163562774658,1550.1138105392456,13.358642621699483,1.1021890129514362,Llama3.1
219,347,1899,549,1.5821325648414986,2.2616777420043945,1239.3994026184082,9.599180612864291,0.9415878735325547,Llama3.1
220,362,2125,612,1.6906077348066297,2.5364952087402344,1549.7985725402832,12.63530915569965,1.052181983520311,Llama3.1
221,381,1971,606,1.5905511811023623,2.498899221420288,1511.8340289592743,12.169091110442666,1.1066034785523728,Llama3.1
222,215,1202,356,1.655813953488372,2.4335906505584717,863.9246809482574,11.399741167739833,1.0369216746303087,Llama3.1
223,315,1793,483,1.5333333333333334,3.1255037784576416,1506.4928212165833,22.771363927006092,1.2121638161204622,Llama3.1
224,349,1972,569,1.6303724928366763,2.857658624649048,1623.1500988006592,17.420690772869715,1.1874800193499706,Llama3.1
225,341,1859,493,1.4457478005865103,2.8649868965148926,1409.5735530853271,17.54882325233587,1.0939132731599988,Llama3.1
226,381,2167,597,1.5669291338582678,2.5988385677337646,1548.9077863693237,13.44810989249495,1.0311959308672476,Llama3.1
227,153,1098,291,1.9019607843137254,2.4408607482910156,707.8496170043945,11.482920394343564,0.9300647833764955,Llama3.1
228,183,1097,306,1.6721311475409837,2.686828136444092,819.482581615448,14.685023081805811,1.077724208378753,Llama3.1
229,166,1075,266,1.6024096385542168,2.3968005180358887,635.1521372795105,10.987964286891877,0.8524007801517915,Llama3.1
230,133,891,296,2.225563909774436,1.8906086683273315,557.7295571565628,6.623398907517337,0.9030680878417181,Llama3.1
231,124,832,233,1.8790322580645162,2.3063344955444336,535.0696029663086,10.037564403532334,0.9278152196273077,Llama3.1
232,163,1159,286,1.7546012269938651,1.9630323648452759,559.4642239809036,7.120887487987153,0.6964074732459379,Llama3.1
233,218,1282,354,1.6238532110091743,2.604978322982788,919.5573480129242,13.530931989322953,1.0348212369666556,Llama3.1
234,210,1330,325,1.5476190476190477,3.1123528480529785,1008.402322769165,22.47385982037396,1.0938473911879596,Llama3.1
235,98,507,141,1.4387755102040816,3.3999574184417725,475.99403858184814,29.962824156491013,1.3544659545458428,Llama3.1
236,190,1198,290,1.5263157894736843,2.4926860332489014,720.3862636089325,12.093716657805132,0.867527287172902,Llama3.1
237,323,1972,512,1.585139318885449,2.516861915588379,1286.1164388656616,12.389655809928223,0.9409096391264015,Llama3.1
238,231,1293,355,1.5367965367965368,3.3775110244750977,1195.6389026641846,29.29775888336016,1.3340621156748191,Llama3.1
239,334,2165,574,1.718562874251497,1.8585318326950073,1064.9387401342392,6.414312570969772,0.7096451913358927,Llama3.1
240,316,1981,535,1.6930379746835442,2.9272351264953613,1563.143557548523,18.675922483306334,1.13838438095547,Llama3.1
241,306,2064,515,1.6830065359477124,2.7436676025390625,1410.2451477050781,15.543889489764066,0.9857333725929457,Llama3.1
242,85,538,128,1.5058823529411764,3.2922041416168213,418.1099259853363,26.902094381270828,1.1211991017946028,Llama3.1
243,313,1841,541,1.7284345047923322,3.0395381450653076,1641.350598335266,20.89559027464898,1.2862402871148404,Llama3.1
244,323,1720,435,1.346749226006192,3.2970774173736572,1430.9315991401672,27.033515671629733,1.2002313499597868,Llama3.1
245,312,1772,434,1.391025641025641,2.6835081577301025,1161.9590322971344,14.636349959332357,0.9460228744984283,Llama3.1
246,313,1774,436,1.3929712460063899,3.6133077144622803,1571.788855791092,37.08852840780977,1.278248020053183,Llama3.1
247,312,1807,450,1.4423076923076923,2.679279088973999,1202.9963109493256,14.574582530427104,0.9604630946399055,Llama3.1
248,317,1755,452,1.4258675078864353,2.905306577682495,1310.2932665348053,18.27084422674,1.077124557116789,Llama3.1
249,261,1938,827,3.1685823754789273,2.897284507751465,2393.15700340271,18.124860565105752,1.7815251500917348,Llama3.1
250,162,1217,506,3.123456790123457,3.53208589553833,1783.7033772468567,34.19522093420764,2.1144946727780907,Llama3.1
251,192,1563,660,3.4375,3.0348854064941406,1999.9894828796387,20.798594379063477,1.8460492058736642,Llama3.1
252,262,2126,901,3.4389312977099236,2.9433159828186035,2648.984384536743,18.97867504555519,1.7975901387410453,Llama3.1
253,132,1165,510,3.8636363636363638,3.2083253860473633,1633.037621498108,24.737625546066905,2.022296376069037,Llama3.1
254,232,1886,784,3.3793103448275863,3.026507616043091,2369.75546336174,20.625075978975836,1.8127436135267816,Llama3.1
255,218,1682,694,3.18348623853211,2.695524215698242,1867.9982814788818,14.813282073288145,1.6022305927935128,Llama3.1
256,252,1953,805,3.1944444444444446,3.0721614360809326,2470.01779460907,21.588514476764395,1.8246197763389653,Llama3.1
257,257,1980,839,3.264591439688716,2.7784595489501953,2328.3491020202637,16.09420950060289,1.6965139913853058,Llama3.1
258,164,1361,573,3.4939024390243905,3.4438958168029785,1969.9084072113037,31.308693819904786,2.088153629749614,Llama3.1
259,152,1145,485,3.1907894736842106,3.443526268005371,1666.6667137145996,31.29712586734211,2.099992840777955,Llama3.1
260,90,666,270,3.0,3.933976411819458,1058.2396547794342,51.10980777765855,2.2923680210545623,Llama3.1
261,274,1931,789,2.8795620437956204,3.2263505458831787,2542.364230155945,25.187568161907205,1.8994594857480418,Llama3.1
262,273,1841,763,2.7948717948717947,3.2294504642486572,2460.841253757477,25.265768712072568,1.928432087567024,Llama3.1
263,268,1897,765,2.8544776119402986,3.4684252738952637,2649.8769092559814,32.08617570233832,2.0152684638638787,Llama3.1
264,82,546,222,2.707317073170732,4.361827373504639,963.9638495445251,78.40027017849042,2.5470803394397827,Llama3.1
265,262,1885,771,2.9427480916030535,3.0313870906829834,2334.168059825897,20.725961448037623,1.786468267645748,Llama3.1
266,264,1885,760,2.878787878787879,2.9808509349823,2262.4658596515656,19.704576826571714,1.7315905972943761,Llama3.1
267,259,1901,791,3.054054054054054,2.9612224102020264,2339.365704059601,19.32157621728323,1.775376801721465,Llama3.1
268,251,1529,598,2.3824701195219125,3.195861577987671,1907.9293620586395,24.43121402326508,1.800235597781846,Llama3.1
269,290,1510,605,2.086206896551724,3.2948801517486572,1990.107611656189,26.974181067736485,1.9014029021005052,Llama3.1
270,214,1246,505,2.3598130841121496,3.1109108924865723,1567.8990898132324,22.4414768661089,1.8154095036018219,Llama3.1
271,309,1451,576,1.8640776699029127,3.066709041595459,1763.357698917389,21.471125695271073,1.753264925941758,Llama3.1
272,335,1516,593,1.7701492537313432,2.934851884841919,1737.432315826416,18.81871559171627,1.6534201754109485,Llama3.1
273,322,1384,544,1.68944099378882,3.0385406017303467,1649.9275467395782,20.874756410909022,1.719900498198904,Llama3.1
274,309,1340,518,1.6763754045307444,3.0059666633605957,1554.084764957428,20.20573880590043,1.6731868533769938,Llama3.1
275,345,1480,572,1.6579710144927535,3.0465543270111084,1739.582520723343,21.042713054444945,1.6957345107193846,Llama3.1
276,267,1135,450,1.6853932584269662,3.0251386165618896,1358.2872388362885,20.596859579186056,1.7265147696668515,Llama3.1
277,255,1692,799,3.1333333333333333,2.6893043518066406,2146.064872741699,14.721431420400464,1.8298564712354928,Llama3.1
278,286,1835,879,3.0734265734265733,2.24800968170166,1973.7525005340576,9.468871001853806,1.5517836209605862,Llama3.1
279,223,1372,613,2.7488789237668163,2.7062675952911377,1656.2357683181763,14.973284731304913,1.7415766249967604,Llama3.1
280,259,1554,717,2.7683397683397684,2.6660823822021484,1908.9149856567383,14.383509578298604,1.7721893071335926,Llama3.1
281,138,912,412,2.9855072463768115,2.792874574661255,1147.8714501857758,16.327888139764966,1.815820667501142,Llama3.1
282,93,638,385,4.139784946236559,2.595264196395874,996.5814514160156,13.400127159086045,2.253547206582776,Llama3.1
283,332,1914,406,1.2228915662650603,3.2179958820343018,1303.2883322238922,24.978011105056623,0.9823655244241677,Llama3.1
284,234,1247,287,1.2264957264957266,4.094316482543945,1170.9745140075684,59.99831524296451,1.3547386723064017,Llama3.1
285,335,2079,440,1.3134328358208955,2.373274803161621,1041.8676385879517,10.732481562064256,0.7229905124836618,Llama3.1
286,335,1910,420,1.2537313432835822,3.7505526542663574,1571.4815621376038,42.54458795217433,1.186999296620085,Llama3.1
287,310,1991,390,1.2580645161290323,3.6173923015594482,1407.1656053066254,37.24032954382576,1.0196438174210873,Llama3.1
288,88,508,104,1.1818181818181819,4.046481609344482,416.7876057624817,57.19586521629094,1.183656322711647,Llama3.1
289,316,1815,428,1.3544303797468353,3.730163812637329,1592.7799479961395,41.68593628791039,1.266058254656425,Llama3.1
290,306,1598,336,1.0980392156862746,4.1764349937438965,1399.1057229042053,65.13323842132564,1.263130718468877,Llama3.1
291,309,1648,322,1.0420711974110033,3.575728416442871,1147.8088216781616,35.720630836293346,1.0048168051721411,Llama3.1
292,315,1703,359,1.1396825396825396,4.387079238891602,1570.5743675231934,80.40523121179369,1.3305107759090025,Llama3.1
293,311,1703,348,1.1189710610932475,3.402489423751831,1180.6638300418854,30.038786314069675,1.0001983867048725,Llama3.1
294,310,1671,357,1.1516129032258065,3.698683738708496,1316.7314109802246,40.394100161987346,1.1368293697210639,Llama3.1
295,278,1890,474,1.7050359712230216,2.2622814178466797,1070.0591106414795,9.60497715574643,0.8168089800955117,Llama3.1
296,255,1737,506,1.9843137254901961,2.202819347381592,1112.4237704277039,9.05049404999619,0.923942577411083,Llama3.1
297,284,1769,455,1.602112676056338,2.3269269466400146,1056.4248337745667,10.246405351284324,0.8615595640240332,Llama3.1
298,270,1790,498,1.8444444444444446,3.06387996673584,1522.7483434677124,21.41046811623172,1.2272969182361746,Llama3.1
299,298,1997,478,1.604026845637584,2.6928532123565674,1284.4909822940826,14.773768541248923,0.9279563195905189,Llama3.1
300,283,1562,415,1.4664310954063604,3.5606613159179688,1474.113784790039,35.186458817914826,1.361521540987612,Llama3.1
301,292,1675,409,1.4006849315068493,3.8461458683013916,1569.2275142669678,46.812294354260516,1.3515920912593848,Llama3.1
302,264,1594,378,1.4318181818181819,3.1631531715393066,1192.5087456703186,23.64503535978723,1.0793139608502427,Llama3.1
303,332,1825,465,1.4006024096385543,2.983307361602783,1384.2546157836914,19.753039171362175,1.0942779559007063,Llama3.1
304,145,1074,421,2.9034482758620688,3.068260669708252,1288.6694812774658,21.504466757288547,1.7310587243798445,Llama3.1
305,144,1028,426,2.9583333333333335,3.1686453819274902,1346.6742873191833,23.77525614124803,1.8899224863891682,Llama3.1
306,127,910,384,3.0236220472440944,4.068714618682861,1558.317698955536,58.48174291952566,2.4705244136402773,Llama3.1
307,157,1162,505,3.21656050955414,4.348371505737305,2191.5792388916016,77.35239237335139,2.720981497129193,Llama3.1
308,126,988,436,3.4603174603174605,4.046005725860596,1760.0124907493591,57.16865312409407,2.570001308002766,Llama3.1
309,212,1463,641,3.0235849056603774,3.5993735790252686,2303.599090576172,36.57531572111804,2.2716274669655294,Llama3.1
310,251,1693,780,3.1075697211155378,2.7538580894470215,2145.2554516792297,15.703099126194516,1.8280858839797036,Llama3.1
311,133,943,377,2.8345864661654137,3.8544628620147705,1449.2780361175537,47.20325546904053,2.2172494544815384,Llama3.1
312,160,1069,407,2.54375,2.4995200634002686,1014.805145740509,12.176648538803882,1.3695550525990965,Llama3.1
313,161,1128,437,2.7142857142857144,2.5669851303100586,1119.2055168151855,13.026492003732344,1.431447029117764,Llama3.1
314,130,889,349,2.6846153846153844,2.8810548782348633,1002.6070976257324,17.833074983722742,1.627059941175164,Llama3.1
315,154,1080,415,2.6948051948051948,2.7888200283050537,1154.5714917182922,16.26181998910293,1.5423097828275492,Llama3.1
316,136,1024,395,2.9044117647058822,2.7419567108154297,1080.3309440612793,15.517318314566317,1.5220586870274413,Llama3.1
317,175,1214,463,2.645714285714286,2.6288886070251465,1214.5465364456177,13.8583592569536,1.4433445346449418,Llama3.1
318,153,1029,378,2.4705882352941178,2.6841931343078613,1011.9408116340637,14.646378950658331,1.4187774447207158,Llama3.1
319,123,1041,391,3.178861788617886,2.386518955230713,930.742392539978,10.875569628451563,1.28989186749525,Llama3.1
320,175,1029,255,1.457142857142857,2.688636064529419,682.9135603904724,14.711596561701217,0.9574693944909235,Llama3.1
321,177,1036,268,1.5141242937853108,2.6474175453186035,706.8604846000671,14.117533638566124,0.9843476020587706,Llama3.1
322,160,933,245,1.53125,2.857980251312256,697.3471813201904,17.426294632640825,1.0783058095053972,Llama3.1
323,185,1061,301,1.627027027027027,2.764390468597412,829.3171405792236,15.869364166255552,1.1276642092722537,Llama3.1
324,169,978,261,1.544378698224852,3.140908718109131,816.636266708374,23.124871303041715,1.2046596034665114,Llama3.1
325,215,1248,290,1.3488372093023255,3.3111891746520996,956.9336714744568,27.417710539787375,1.1062207229934835,Llama3.1
326,172,1015,230,1.3372093023255813,3.0279757976531982,693.4064576625824,20.655379576384025,0.9855902047193996,Llama3.1
327,175,1129,277,1.582857142857143,2.4589929580688477,678.682056427002,11.693030237092515,0.8672553030536398,Llama3.1
328,173,985,270,1.560693641618497,2.9792816638946533,801.4267675876617,19.673679253538214,1.1738217494765395,Llama3.1
329,168,1004,281,1.6726190476190477,2.9648401737213135,830.1552486419678,19.39160370592625,1.1928893031710273,Llama3.1
330,153,892,254,1.6601307189542485,2.9764153957366943,753.0330951213837,19.6173699504758,1.2179339820144477,Llama3.1
331,176,999,297,1.6875,3.1203484535217285,923.6231422424316,22.654272228936254,1.3338403673307686,Llama3.1
332,163,920,267,1.638036809815951,3.245429754257202,863.2843146324158,25.67274065942745,1.3537565213015368,Llama3.1
333,205,1132,310,1.5121951219512195,3.530092477798462,1090.7985756397247,34.12712347007519,1.3901852435372577,Llama3.1
334,163,942,230,1.4110429447852761,3.4404666423797607,787.8668611049652,31.201514720774615,1.2066365322684578,Llama3.1
335,162,1002,259,1.5987654320987654,2.948854923248291,760.8045701980591,19.084088465889156,1.0954181442219553,Llama3.1
336,319,1995,549,1.7210031347962382,2.7133126258850098,1486.8953189849854,15.079144434913609,1.0752563924915548,Llama3.1
337,230,1344,370,1.608695652173913,3.5003135204315186,1291.6156890392303,33.125835957193125,1.386463950380416,Llama3.1
338,318,2243,624,1.9622641509433962,1.881475567817688,1172.1592787504196,6.563182141043616,0.7539315107379467,Llama3.1
339,308,2019,555,1.801948051948052,3.2158169746398926,1781.5626039505005,24.923645582191046,1.273031963225664,Llama3.1
340,296,2149,548,1.8513513513513513,2.7579782009124756,1508.6140758991241,15.767931110736994,1.0127827109888101,Llama3.1
341,84,565,137,1.630952380952381,3.4243648052215576,465.71361351013184,30.70313618447095,1.1891729569655691,Llama3.1
342,312,1930,543,1.7403846153846154,3.150022506713867,1707.312198638916,23.336589804981536,1.2762335970080814,Llama3.1
343,298,1728,428,1.436241610738255,3.5809459686279297,1529.063928604126,35.90749214717743,1.2766047146987085,Llama3.1
344,298,1812,453,1.5201342281879195,2.7609128952026367,1247.9326286315918,15.81427313471212,0.9935906262087891,Llama3.1
345,300,1813,460,1.5333333333333334,3.628145694732666,1665.3188738822937,37.642950339405246,1.325177761085923,Llama3.1
346,303,1825,452,1.4917491749174918,2.833195924758911,1277.771362066269,16.999703874524972,1.010101045174215,Llama3.1
347,309,1821,456,1.4757281553398058,3.1314034461975098,1424.788568019867,22.90610447958907,1.1287948387685611,Llama3.1
348,277,1831,722,2.6064981949458486,2.8848354816436768,2079.966382265091,17.900622372285223,1.6388624712777742,Llama3.1
349,278,1730,670,2.4100719424460433,2.7093000411987305,1812.5217275619507,15.018759322082271,1.5115122010734816,Llama3.1
350,272,1781,724,2.661764705882353,2.8136179447174072,2034.2457740306854,16.670120823842787,1.6478362100749024,Llama3.1
351,260,1650,680,2.6153846153846154,3.0707485675811768,2085.038277387619,21.55803428202753,1.8230753835459301,Llama3.1
352,171,1074,424,2.47953216374269,2.844816207885742,1203.357255935669,17.198397448601728,1.6164595396239672,Llama3.1
353,252,1656,639,2.5357142857142856,2.8839454650878906,1839.9572067260742,17.884697609717385,1.6029572086905899,Llama3.1
354,279,1823,700,2.5089605734767026,2.932535171508789,2049.8420848846436,18.775168484951017,1.6222144873661923,Llama3.1
355,264,1604,604,2.287878787878788,3.120131015777588,1881.4390025138855,22.649346870586456,1.6922336151258481,Llama3.1
356,284,1844,704,2.4788732394366195,2.8328945636749268,1991.5248782634735,16.99458159720422,1.558114460779669,Llama3.1
357,230,1806,655,2.847826086956522,2.262119770050049,1479.426329612732,9.603424657834829,1.1818167381466496,Llama3.1
358,224,1799,650,2.9017857142857144,2.198751926422119,1426.9900002479553,9.013756644698164,1.1443643117042055,Llama3.1
359,260,1838,706,2.7153846153846155,2.2042407989501953,1553.9897632598877,9.063368036666786,1.2197678591116727,Llama3.1
360,244,1771,647,2.651639344262295,2.691110849380493,1738.4576086997986,14.748049686222457,1.4161853025787043,Llama3.1
361,255,1838,704,2.76078431372549,2.506373643875122,1761.9806716442108,12.260388812045353,1.3830254500126813,Llama3.1
362,267,1728,679,2.5430711610486894,2.5774130821228027,1747.4860696792603,13.163042367546865,1.4589638233500082,Llama3.1
363,242,1593,590,2.43801652892562,3.0002877712249756,1767.1694972515106,20.09131779449666,1.60043105467357,Llama3.1
364,224,1554,590,2.6339285714285716,2.3207902908325195,1366.945481300354,10.183719226686923,1.2690382670769613,Llama3.1
365,273,1805,712,2.608058608058608,2.3859846591949463,1696.4350926876068,10.869760406772633,1.3559216041054956,Llama3.1
366,259,1946,734,2.833976833976834,2.2660961151123047,1661.0484523773193,9.641687210194219,1.231442119692213,Llama3.1
367,160,1184,464,2.9,2.989321708679199,1384.0559511184692,19.872198779182003,1.6864617035400957,Llama3.1
368,193,1587,572,2.9637305699481864,2.489079475402832,1421.264380455017,12.050178527689807,1.2920296619247498,Llama3.1
369,255,2066,758,2.9725490196078432,2.2610630989074707,1711.6247658729553,9.593282355611713,1.1952335728885024,Llama3.1
370,147,1195,445,3.0272108843537415,2.8914997577667236,1283.8258924484253,18.020315453430392,1.5499324254394902,Llama3.1
371,258,1974,718,2.7829457364341086,2.399003028869629,1720.085171699524,11.012192068456004,1.2571217563918664,Llama3.1
372,220,1789,658,2.9909090909090907,1.994940161705017,1310.6756862401962,7.351763097759704,1.0569621647582281,Llama3.1
373,269,2010,775,2.8810408921933086,2.40639328956604,1862.548406124115,11.09387650153607,1.3368603726024397,Llama3.1
374,239,1949,747,3.1255230125523012,2.156198263168335,1608.5239043235779,8.63823485857716,1.1906667316156898,Llama3.1
375,171,1216,449,2.625730994152047,3.078075647354126,1378.9778900146484,21.716571818276297,1.6360563843911675,Llama3.1
376,151,1172,453,3.0,2.7117371559143066,1225.7051944732666,15.055406399863227,1.5088044416880753,Llama3.1
377,88,604,227,2.5795454545454546,3.6697025299072266,829.3527717590332,39.24023132872478,1.980965448616347,Llama3.1
378,288,1814,681,2.3645833333333335,3.1752796173095703,2159.190139770508,23.93351115682974,1.7172287249080815,Llama3.1
379,283,1799,708,2.501766784452297,2.963099241256714,2094.9111635684967,19.35787360292885,1.679998858689938,Llama3.1
380,260,1729,655,2.519230769230769,3.289909601211548,2151.6008791923523,26.840437203221327,1.795317477376021,Llama3.1
381,89,517,199,2.235955056179775,4.1153411865234375,814.8375549316406,61.27311625832596,2.2738145060540935,Llama3.1
382,269,1811,709,2.6356877323420074,2.8501546382904053,2017.909483909607,17.29045540030839,1.6075251272220858,Llama3.1
383,270,1895,716,2.651851851851852,3.005364179611206,2148.8353884220123,20.193568843096003,1.6359441469990221,Llama3.1
384,272,1824,694,2.551470588235294,2.919431209564209,2023.1658282279968,18.530744351466335,1.6002254974125787,Llama3.1
385,281,1792,495,1.7615658362989324,2.0014188289642334,988.7009015083313,7.399547346625235,0.7959787318797529,Llama3.1
386,260,1609,471,1.8115384615384615,2.3228273391723633,1091.7288494110107,10.204485098392542,0.9788886246368422,Llama3.1
387,273,1617,467,1.7106227106227105,2.1633520126342773,1008.1220378875732,8.700252190326632,0.899451245931526,Llama3.1
388,274,1723,496,1.8102189781021898,2.9237117767333984,1447.2373294830322,18.610236461636887,1.211794613020637,Llama3.1
389,286,1824,486,1.6993006993006994,2.512369155883789,1218.4990406036377,12.334116918419047,0.9637733131616381,Llama3.1
390,277,1435,436,1.5740072202166064,3.226203203201294,1403.3983933925629,25.18385723146001,1.4109239738947659,Llama3.1
391,278,1561,432,1.5539568345323742,3.467609167098999,1494.5395510196686,32.06000063855801,1.381271491779945,Llama3.1
392,262,1455,397,1.515267175572519,2.9592297077178955,1171.8549642562866,19.283112400557172,1.161944567404576,Llama3.1
393,319,1749,493,1.5454545454545454,2.8391599655151367,1396.8667030334473,17.101393741107113,1.1522313694964383,Llama3.1
394,286,1871,546,1.9090909090909092,1.8874908685684204,1028.6825233697891,6.602780634525547,0.7931989177523998,Llama3.1
395,170,1036,304,1.7882352941176471,2.86854887008667,869.170307636261,17.611443155989118,1.2103742205741008,Llama3.1
396,217,1502,403,1.8571428571428572,2.0838088989257812,837.6911773681641,8.035015264395712,0.804615783878487,Llama3.1
397,297,2002,550,1.8518518518518519,2.0504443645477295,1125.6939561367035,7.771353653206592,0.8112053386998503,Llama3.1
398,171,1208,324,1.894736842105263,2.866286039352417,925.8103907108307,17.57163649599354,1.1056805128162162,Llama3.1
399,297,1855,537,1.8080808080808082,2.11810040473938,1135.3018169403076,8.315326720184393,0.8829618874458284,Llama3.1
400,260,1787,524,2.0153846153846153,1.5276285409927368,798.9497269392014,4.607237980910878,0.6450144426271837,Llama3.1
401,308,1921,523,1.698051948051948,2.320950508117676,1211.5361652374268,10.185350965247087,0.9098788221997228,Llama3.1
402,301,1904,578,1.920265780730897,1.8082778453826904,1043.3763167858124,6.099933353004978,0.7905849989537205,Llama3.1
403,199,1209,348,1.7487437185929648,2.637080192565918,915.0668268203735,13.97234742678073,1.0919457180610033,Llama3.1
404,172,1053,281,1.6337209302325582,3.2115542888641357,899.235200881958,24.817630028713243,1.232024847963145,Llama3.1
405,88,600,156,1.7727272727272727,3.7555174827575684,582.1052098274231,42.75633975531388,1.3996671658227546,Llama3.1
406,308,1642,541,1.7564935064935066,2.9426355361938477,1589.0231895446777,18.965765462817206,1.3961485233944397,Llama3.1
407,303,1659,539,1.778877887788779,3.1609835624694824,1700.6091566085815,23.59379048738596,1.4788790818140827,Llama3.1
408,303,1689,485,1.6006600660066006,3.703984498977661,1792.728497505188,40.60878810520187,1.5312969289585894,Llama3.1
409,97,461,137,1.4123711340206186,4.740460395812988,644.7026138305664,114.48689883731932,2.017590593972908,Llama3.1
410,302,1775,586,1.9403973509933774,2.5543971061706543,1494.3223071098328,12.863541969149171,1.2145641588490763,Llama3.1
411,295,1780,568,1.9254237288135594,2.7031280994415283,1532.6736323833466,14.926349880471507,1.2422363195172632,Llama3.1
412,301,1732,531,1.7641196013289036,2.8530471324920654,1512.1149802207947,17.340540342580674,1.2595385584402157,Llama3.1
413,152,1022,211,1.388157894736842,3.6751511096954346,771.7817330360413,39.454618382134285,1.0894771809195565,Llama3.1
414,169,971,231,1.3668639053254439,3.1730520725250244,729.8019766807556,23.880257523323444,1.0843271808324295,Llama3.1
415,156,955,198,1.2692307692307692,3.2731127738952637,644.803216457367,26.39336819592472,0.9740883798243938,Llama3.1
416,129,831,226,1.751937984496124,2.6606879234313965,598.6547827720642,14.30612723448469,1.039321644175351,Llama3.1
417,123,767,170,1.3821138211382114,3.009902238845825,508.67347836494446,20.285416702551682,0.9567936175604235,Llama3.1
418,159,1054,199,1.251572327044025,2.912458896636963,576.6668615341187,18.40199157697948,0.7893305705695213,Llama3.1
419,193,1214,296,1.5336787564766838,3.451510429382324,1018.1955766677856,31.54800737739276,1.2100047027295657,Llama3.1
420,197,1250,240,1.218274111675127,4.340498924255371,1037.3792428970337,76.74582013905723,1.1972975113989583,Llama3.1
421,88,436,109,1.2386363636363635,4.318924427032471,466.44383811950684,75.10780091163141,1.5434316791473095,Llama3.1
422,174,1155,234,1.3448275862068966,3.574763536453247,832.9199039936066,35.68618133687167,1.0403891038521973,Llama3.1
423,177,972,216,1.2203389830508475,3.2564773559570312,700.1426315307617,25.95793533069358,1.0391896115477148,Llama3.1
424,181,992,219,1.2099447513812154,3.5277183055877686,769.0425906181335,34.046195907899886,1.1184414634245792,Llama3.1
425,158,875,189,1.1962025316455696,3.1904661655426025,599.8076391220093,24.299752510525543,0.9889594359413026,Llama3.1
426,183,1023,224,1.2240437158469946,3.5557401180267334,792.9300463199615,35.0137246690535,1.1182367992157034,Llama3.1
427,180,943,215,1.1944444444444444,3.7218549251556396,796.4769539833069,41.34100750536626,1.218529535200492,Llama3.1
428,214,1127,234,1.0934579439252337,4.030339241027832,939.0690431594849,56.28000049423091,1.2021208976207034,Llama3.1
429,177,947,186,1.0508474576271187,3.923182487487793,725.7887601852417,50.56109906748863,1.1056936061797227,Llama3.1
430,176,1022,204,1.1590909090909092,3.3628668785095215,682.6619763374329,28.871844414091566,0.9636722581853946,Llama3.1
431,285,1704,552,1.936842105263158,3.0282323360443115,1668.5560171604156,20.660679153971873,1.412686321245758,Llama3.1
432,291,1647,523,1.7972508591065293,2.6426591873168945,1379.468095779419,14.050516930606092,1.2083495937131206,Llama3.1
433,297,1734,546,1.8383838383838385,3.1534624099731445,1718.6370134353638,23.417003644932887,1.429912973685939,Llama3.1
434,306,1672,566,1.8496732026143792,3.0971333980560303,1749.880369901657,22.134409708856094,1.5098945764390346,Llama3.1
435,185,1016,317,1.7135135135135136,3.106818675994873,981.7547016143799,22.349829133456993,1.394067558453238,Llama3.1
436,281,1542,487,1.7330960854092528,3.445558547973633,1674.5414543151855,31.360795064209498,1.566700811869981,Llama3.1
437,293,1662,530,1.8088737201365188,3.4050135612487793,1801.2521739006042,30.11470411414303,1.5635725503470916,Llama3.1
438,291,1525,454,1.5601374570446735,3.2147011756896973,1456.2596325874329,24.895851313906757,1.377664623069294,Llama3.1
439,320,1817,566,1.76875,2.803574323654175,1584.0194928646088,16.503530432977858,1.2577088976484436,Llama3.1
440,268,1898,474,1.7686567164179106,2.4720284938812256,1169.2694776058197,11.846452952628852,0.888777279665303,Llama3.1
441,267,1695,442,1.655430711610487,2.365150213241577,1043.0312440395355,10.645637813176414,0.8877734532555068,Llama3.1
442,280,1802,442,1.5785714285714285,1.8977230787277222,836.8958777189255,6.6706885049299816,0.6700252677722032,Llama3.1
443,294,1772,459,1.5612244897959184,2.064643144607544,945.6065602302551,7.882484488598953,0.7698769159572574,Llama3.1
444,286,1733,454,1.5874125874125875,2.782663106918335,1260.5463874340057,16.162004834169334,1.049384894380576,Llama3.1
445,287,1636,406,1.4146341463414633,3.1149842739105225,1261.5686309337616,22.533075993539022,1.112505383611991,Llama3.1
446,261,1543,368,1.4099616858237547,2.9410157203674316,1079.3527693748474,18.93506928355066,1.0091878728106685,Llama3.1
447,302,1729,459,1.5198675496688743,2.7544305324554443,1261.5291838645935,15.712090828873002,1.052632676401475,Llama3.1
448,223,1417,339,1.5201793721973094,3.028569459915161,1023.6564774513245,20.667645536303553,1.0422188592751522,Llama3.1
449,301,1808,358,1.1893687707641196,2.852588415145874,1018.374064207077,17.33258776006642,0.812612396129142,Llama3.1
450,270,1577,339,1.2555555555555555,3.1187257766723633,1054.1293125152588,22.617541474982776,0.964354553976827,Llama3.1
451,291,1622,336,1.1546391752577319,3.0207979679107666,1011.9673192501068,20.50764960308627,0.9000987873143204,Llama3.1
452,290,1701,358,1.2344827586206897,4.027204990386963,1437.7121815681458,56.10388101208982,1.2193887328477466,Llama3.1
453,291,1743,333,1.1443298969072164,3.5544896125793457,1180.0905513763428,34.969967180812425,0.9767703879922962,Llama3.1
454,283,1466,329,1.1625441696113075,3.948134660720825,1294.9881687164307,51.83858005325282,1.2744017796842255,Llama3.1
455,288,1546,323,1.1215277777777777,4.444555282592773,1431.146800994873,85.16199639244805,1.3355164246956064,Llama3.1
456,271,1499,302,1.1143911439114391,3.515590190887451,1058.1926474571228,33.63577359404745,1.0184451532965673,Llama3.1
457,331,1731,376,1.13595166163142,3.310711622238159,1241.5168583393097,27.40462027182769,1.0347372701942046,Llama3.1
458,285,1916,418,1.4666666666666666,2.4311723709106445,1013.7988786697388,11.372206712108856,0.7633625337764217,Llama3.1
459,172,1101,258,1.5,3.631396532058716,933.26890873909,37.76552056742447,1.2229086525465394,Llama3.1
460,217,1527,311,1.433179723502304,2.950760841369629,914.735860824585,19.120495859660387,0.8642337198002134,Llama3.1
461,288,1974,399,1.3854166666666667,2.7973225116729736,1113.3343596458435,16.40067531412582,0.813678804210916,Llama3.1
462,165,1198,240,1.4545454545454546,3.90181827545166,932.5345678329468,49.49235808086115,1.1230075095743948,Llama3.1
463,291,1942,443,1.52233676975945,2.6907851696014404,1189.3270449638367,14.743247326717329,0.8835407980249498,Llama3.1
464,259,1881,460,1.776061776061776,1.9866780042648315,911.8852039575577,7.291271911545191,0.6994004580593245,Llama3.1
465,294,1966,421,1.4319727891156462,3.06671142578125,1288.018798828125,21.471176886484898,0.9451771788611879,Llama3.1
466,286,1881,417,1.4580419580419581,2.5164811611175537,1046.8561630249023,12.38493929106141,0.8029208904412944,Llama3.1
467,191,1257,305,1.5968586387434556,2.9178130626678467,887.0151710510254,18.500783132371108,1.0180528150108115,Llama3.1
468,166,1074,242,1.4578313253012047,3.7833192348480225,911.7799355983734,43.96171910315479,1.224786211796864,Llama3.1
469,89,628,130,1.4606741573033708,4.58580207824707,591.5684680938721,98.08182489926034,1.3590014255817042,Llama3.1
470,305,1672,413,1.3540983606557377,3.519005060195923,1449.8300848007202,33.7508317073595,1.250994421933986,Llama3.1
471,299,1688,450,1.5050167224080269,3.5437235832214355,1591.1318888664246,34.59549887286045,1.3599040790686494,Llama3.1
472,298,1716,392,1.3154362416107384,4.3397064208984375,1696.825210571289,76.68502291315124,1.4265741937917074,Llama3.1
473,96,505,114,1.1875,5.382264614105225,608.1959013938904,217.5143040482232,1.737507348178136,Llama3.1
474,294,1763,475,1.6156462585034013,2.989046573638916,1416.8080759048462,19.866731993057073,1.1593998780484152,Llama3.1
475,294,1818,487,1.6564625850340136,2.9366464614868164,1427.2101802825928,18.852517540226195,1.1325792350934765,Llama3.1
476,295,1753,421,1.4271186440677965,3.3754682540893555,1417.6966667175293,29.237971376010005,1.1667449803526486,Llama3.1
477,163,1043,263,1.6134969325153374,2.6469428539276123,693.4990277290344,14.11083375719968,0.9592594517411273,Llama3.1
478,175,1015,291,1.6628571428571428,2.6258440017700195,761.4947605133057,13.816230189266248,1.082369177000468,Llama3.1
479,167,1028,251,1.5029940119760479,2.2365214824676514,559.1303706169128,9.360713184084599,0.7846834755831015,Llama3.1
480,132,891,296,2.242424242424242,1.72003173828125,507.40936279296875,5.584705710423831,0.8215903158272109,Llama3.1
481,134,805,228,1.7014925373134329,1.947391152381897,442.0577915906906,7.0103747038752635,0.7922417188996476,Llama3.1
482,169,1148,272,1.6094674556213018,1.6535121202468872,448.10178458690643,5.225299518103631,0.5631308557813802,Llama3.1
483,207,1185,322,1.5555555555555556,2.743861436843872,880.7795212268829,15.546902720801688,1.0723175083464807,Llama3.1
484,215,1270,314,1.4604651162790698,3.164008617401123,990.3346972465515,23.665271061477878,1.1250007531794275,Llama3.1
485,90,440,118,1.3111111111111111,3.8443219661712646,449.78567004203796,46.726991126888315,1.474780808255836,Llama3.1
486,191,1171,270,1.4136125654450262,2.4950358867645264,671.1646535396576,12.122168536191516,0.8268880591644947,Llama3.1
487,315,2195,961,3.0507936507936506,4.109488010406494,3945.1084899902344,60.91552147118856,2.5929787946596163,Llama3.1
488,228,1480,626,2.745614035087719,4.397619724273682,2748.512327671051,81.25722369503613,2.679233179022437,Llama3.1
489,296,2063,910,3.074324324324324,3.9429919719696045,3584.1797025203705,51.57267469102979,2.5064848679016087,Llama3.1
490,245,1812,754,3.0775510204081633,4.185018539428711,3151.3189601898193,65.69471884800456,2.509046487927824,Llama3.1
491,178,1276,533,2.99438202247191,3.9557688236236572,2104.4690141677856,52.235838657113646,2.3793942088121867,Llama3.1
492,89,628,273,3.067415730337079,3.9677321910858154,1079.2231559753418,52.86450819397624,2.4792832725129967,Llama3.1
493,223,1509,660,2.9596412556053813,3.7258074283599854,2455.3070952892303,41.50473131630087,2.347421716523034,Llama3.1
494,169,1319,565,3.3431952662721893,4.005425453186035,2259.059955596924,54.89517475847441,2.4709132638442184,Llama3.1
495,133,889,404,3.037593984962406,3.6820452213287354,1483.8642241954803,39.727562698946656,2.408057995049908,Llama3.1
496,115,823,375,3.260869565217391,3.5065696239471436,1311.4570393562317,33.3337242231973,2.298946010957664,Llama3.1
497,85,675,319,3.7529411764705882,2.625199317932129,834.813383102417,13.807325959477565,1.7842683375845856,Llama3.1
498,116,800,367,3.163793103448276,1.8232805728912354,667.3206896781921,6.192138929009329,1.2034253121016634,Llama3.1
499,153,1135,437,2.8562091503267975,3.4272327423095703,1494.2734756469727,30.791317235865357,1.8993664608350684,Llama3.1
500,168,1114,441,2.625,3.7751379013061523,1661.060676574707,43.603520883626175,2.1511705571903015,Llama3.1
501,152,1106,428,2.8157894736842106,3.494629144668579,1492.2066447734833,32.93807042865243,1.9464729895083754,Llama3.1
502,129,895,421,3.2635658914728682,2.747410297393799,1153.9123249053955,15.60217452850038,1.8600487025270038,Llama3.1
503,123,824,329,2.6747967479674797,3.78373646736145,1241.0655612945557,43.98006518873636,2.1729115663807446,Llama3.1
504,156,1089,428,2.7435897435897436,3.206449270248413,1369.1538383960724,24.691258404615027,1.8138397179688732,Llama3.1
505,194,1267,495,2.551546391752577,3.213141679763794,1587.2919898033142,24.857056593177774,1.8074019590623651,Llama3.1
506,202,1308,502,2.485148514851485,3.5654540061950684,1786.2924571037292,35.35550137771959,1.9702410316826542,Llama3.1
507,80,495,196,2.45,3.650599718093872,711.866945028305,38.49774692273443,2.074761437101236,Llama3.1
508,178,1194,472,2.651685393258427,3.433391571044922,1617.1274299621582,30.98154086133892,1.9539545424555447,Llama3.1
509,265,1797,432,1.630188679245283,2.396383047103882,1032.841093301773,10.983378088569022,0.8292012928952718,Llama3.1
510,272,1584,412,1.5147058823529411,2.2460148334503174,923.1120965480804,9.450000868877133,0.8407634115369506,Llama3.1
511,272,1721,413,1.5183823529411764,1.9558569192886353,805.8130507469177,7.069974826462505,0.6755040628682073,Llama3.1
512,298,1675,461,1.5469798657718121,2.164461374282837,995.652232170105,8.709909272047025,0.8575656942100521,Llama3.1
513,272,1622,433,1.5919117647058822,2.930450677871704,1265.9546928405762,18.73607252750257,1.1260089749390938,Llama3.1
514,274,1548,365,1.332116788321168,3.5282156467437744,1284.270495414734,34.06313269366152,1.1969061207331064,Llama3.1
515,283,1499,373,1.3180212014134276,3.118626832962036,1160.1291818618774,22.615303722218368,1.1165527801619086,Llama3.1
516,280,1552,411,1.4678571428571427,3.027531385421753,1241.2878680229187,20.646202112494784,1.1538658837063782,Llama3.1
517,223,1355,325,1.4573991031390134,3.1549618244171143,1022.207631111145,23.452141775159333,1.088364487205095,Llama3.1
518,180,1087,269,1.4944444444444445,2.938326835632324,787.4715919494629,18.884223454717453,1.0451530455808902,Llama3.1
519,179,1120,299,1.670391061452514,2.599935531616211,774.7807884216309,13.462870077549022,0.9980110725285073,Llama3.1
520,175,1005,265,1.5142857142857142,2.764720916748047,729.8863220214844,15.874609034826873,1.0477645544209757,Llama3.1
521,183,1103,298,1.6284153005464481,2.7394564151763916,813.6185553073883,15.4785688939453,1.0641917089004642,Llama3.1
522,165,1031,287,1.7393939393939395,2.8491668701171875,814.8617248535156,17.273384871014247,1.1402492429256974,Llama3.1
523,223,1314,321,1.4394618834080717,3.179185390472412,1017.3393249511719,24.027172813924146,1.1169789946791335,Llama3.1
524,186,1079,250,1.3440860215053763,3.059453010559082,761.8037996292114,21.315894403452383,1.018582542961476,Llama3.1
525,181,1181,297,1.6408839779005524,2.405487537384033,712.0243110656738,11.083832747950398,0.8698001207170435,Llama3.1
526,360,1822,690,1.9166666666666667,3.1461682319641113,2167.7099118232727,23.24681729125134,1.7164348736955477,Llama3.1
527,375,1687,613,1.6346666666666667,3.1003289222717285,1897.4013004302979,22.205253882933143,1.6226268208103503,Llama3.1
528,445,1889,752,1.6898876404494383,2.8901171684265137,2170.4779934883118,17.995417972838965,1.6576695804998491,Llama3.1
529,405,1637,657,1.6222222222222222,3.269986152648926,2145.1109161376953,26.31097500343535,1.8904953456741809,Llama3.1
530,251,1052,406,1.6175298804780875,3.248335123062134,1315.5757248401642,25.74743789824587,1.8041583404380306,Llama3.1
531,300,1794,529,1.7633333333333334,2.9394309520721436,1552.0195426940918,18.90508535114909,1.2480997199596002,Llama3.1
532,308,1750,512,1.6623376623376624,2.5879251956939697,1322.4297749996185,13.302143606928986,1.0902073590376329,Llama3.1
533,325,1848,552,1.6984615384615385,2.9417383670806885,1620.8978402614594,18.94875759444446,1.2654011233402807,Llama3.1
534,320,1743,537,1.678125,3.005006790161133,1610.6836395263672,20.186353164112727,1.333175731030222,Llama3.1
535,200,1088,326,1.63,2.7460153102874756,892.4549758434296,15.58042486997617,1.183401073406246,Llama3.1
536,292,1664,462,1.582191780821918,3.274718999862671,1509.6454589366913,26.435795974466334,1.3088690006661705,Llama3.1
537,329,1857,540,1.641337386018237,3.2189972400665283,1735.0395123958588,25.003035564236278,1.3479444804953746,Llama3.1
538,315,1656,439,1.3936507936507936,3.137418270111084,1374.1892023086548,23.044295846323458,1.1971835431243096,Llama3.1
539,343,1920,551,1.6064139941690962,2.7458810806274414,1510.2345943450928,15.57833365519735,1.13479581241699,Llama3.1
540,285,1994,558,1.9578947368421054,1.9378910064697266,1079.4052906036377,6.94409047474089,0.7809692376445229,Llama3.1
541,183,1154,328,1.7923497267759563,2.7868924140930176,911.3138194084167,16.23050366636957,1.1392962980538157,Llama3.1
542,226,1624,412,1.823008849557522,2.232046127319336,917.3709583282471,9.318914270401239,0.8149547612288903,Llama3.1
543,305,2109,559,1.8327868852459017,2.1431686878204346,1195.8881278038025,8.526412408138352,0.8180663212140981,Llama3.1
544,174,1285,327,1.8793103448275863,2.825897216796875,921.2424926757812,16.87607969768518,1.0342972573070326,Llama3.1
545,328,2050,556,1.6951219512195121,1.9269241094589233,1069.4428807497025,6.868351419988308,0.7526243612544404,Llama3.1
546,273,1879,542,1.9853479853479854,1.6457815170288086,890.3678007125854,5.185060537029238,0.6836238481401065,Llama3.1
547,310,2079,537,1.732258064516129,2.2344627380371094,1197.6720275878906,9.341461691701998,0.8311089441137469,Llama3.1
548,296,2002,562,1.8986486486486487,1.93009352684021,1082.7824685573578,6.8901546258379245,0.7802821667078971,Llama3.1
549,198,1278,356,1.797979797979798,2.6082119941711426,925.9152579307556,13.57475739453466,1.045237363771617,Llama3.1
550,200,1203,310,1.55,2.9153339862823486,900.8382017612457,18.45497508208296,1.0803281848082134,Llama3.1
551,101,675,172,1.702970297029703,3.4017159938812256,581.6934349536896,30.01556240164913,1.2432684947042292,Llama3.1
552,315,1821,522,1.6571428571428573,2.870330572128296,1495.4422280788422,17.64284947025507,1.184770503231899,Llama3.1
553,324,1875,547,1.6882716049382716,3.0455780029296875,1662.8855895996094,21.022178572737094,1.2794862899632409,Llama3.1
554,345,1927,508,1.472463768115942,3.5209531784057617,1785.1232614517212,33.81664640379532,1.3364755976501974,Llama3.1
555,107,542,142,1.3271028037383177,4.628391265869141,652.6031684875488,102.34927882006534,1.7370984406741907,Llama3.1
556,313,1950,562,1.7955271565495208,2.5272409915924072,1417.7821962833405,12.518918643225364,1.0489370993018658,Llama3.1
557,315,1981,581,1.8444444444444446,2.6527647972106934,1538.6035823822021,14.193225839302237,1.120512750225541,Llama3.1
558,326,1904,529,1.6226993865030674,2.7797892093658447,1467.728702545166,16.11562356746053,1.1121244330526805,Llama3.1
559,220,1823,737,3.35,2.866450786590576,2109.707778930664,17.574531613050915,1.6695913057532301,Llama3.1
560,213,1703,702,3.295774647887324,3.0369467735290527,2128.899688243866,20.841512135315664,1.803495609383139,Llama3.1
561,205,1742,734,3.580487804878049,2.5791144371032715,1890.490882396698,13.185456436974675,1.5656726870720532,Llama3.1
562,225,1655,687,3.0533333333333332,2.917266607284546,2001.2448925971985,18.49067604162173,1.7445233124799664,Llama3.1
563,225,1702,738,3.28,2.74855637550354,2025.686048746109,15.620066089796858,1.7170665199318278,Llama3.1
564,212,1544,619,2.919811320754717,3.05257248878479,1886.4897980690002,21.1697333366963,1.762713391426016,Llama3.1
565,193,1506,644,3.3367875647668392,2.9764888286590576,1913.882316827774,19.618810564173934,1.8334319570600994,Llama3.1
566,203,1514,630,3.103448275862069,3.308339834213257,2080.9457557201385,27.33969934141636,1.9829393144890226,Llama3.1
567,185,1437,607,3.281081081081081,3.004836082458496,1820.9306659698486,20.1829074922492,1.8281472801651621,Llama3.1
568,171,1231,550,3.216374269005848,2.516688585281372,1381.6620333194733,12.38750849318589,1.619266420515488,Llama3.1
569,179,1239,571,3.189944134078212,2.4896934032440186,1419.1252398490906,12.057578739144713,1.6524333704040708,Llama3.1
570,166,1115,533,3.210843373493976,2.1439433097839355,1140.5778408050537,8.53301971321099,1.4757901297554195,Llama3.1
571,135,962,471,3.488888888888889,2.0393950939178467,958.5156941413879,7.685958509356133,1.4374696866445145,Llama3.1
572,126,905,412,3.2698412698412698,2.5841825008392334,1062.099007844925,13.252450793020925,1.6931325652496814,Llama3.1
573,163,1078,486,2.98159509202454,2.1735687255859375,1054.1808319091797,8.78959579137707,1.4108176794022036,Llama3.1
574,222,1521,658,2.963963963963964,2.2387208938598633,1470.8396272659302,9.381323900714841,1.3951170520706961,Llama3.1
575,214,1466,687,3.210280373831776,2.315877914428711,1588.6922492980957,10.133815637615202,1.563436855089424,Llama3.1
576,89,564,263,2.955056179775281,2.3505725860595703,615.8500175476074,10.49157533497888,1.5753258266796355,Llama3.1
577,197,1339,599,3.0406091370558377,2.2005538940429688,1315.9312286376953,9.030013785335617,1.4178397742393756,Llama3.1
578,272,1713,341,1.2536764705882353,2.864692211151123,973.9953517913818,17.543652632862383,0.820302547506321,Llama3.1
579,281,1543,334,1.188612099644128,2.470525026321411,822.6848337650299,11.828655577156496,0.7692050096483278,Llama3.1
580,240,1499,280,1.1666666666666667,2.2671566009521484,632.5366916656494,9.651917506536261,0.60877755053125,Llama3.1
581,294,1600,339,1.153061224489796,2.5361781120300293,857.2282018661499,12.631303175909027,0.7729492973390361,Llama3.1
582,279,1559,359,1.2867383512544803,3.0309805870056152,1085.0910501480103,20.717537980693226,1.0041407806039333,Llama3.1
583,272,1454,301,1.1066176470588236,3.772737979888916,1131.8213939666748,43.49900132951496,1.1230213976944674,Llama3.1
584,269,1378,290,1.0780669144981412,3.2941462993621826,952.0082805156708,26.95439326213895,0.9967036467236484,Llama3.1
585,280,1464,336,1.2,3.2522497177124023,1089.5036554336548,25.848426216102393,1.0736485797298714,Llama3.1
586,227,1233,262,1.1541850220264318,3.5509724617004395,926.8038125038147,34.847188572020855,1.0844243829490983,Llama3.1
587,296,1858,458,1.5472972972972974,2.1078460216522217,963.2856318950653,8.230493872125226,0.7479695393404748,Llama3.1
588,265,1679,465,1.7547169811320755,2.1808724403381348,1011.9248123168945,8.854027500816263,0.8695050080298266,Llama3.1
589,281,1661,414,1.4733096085409252,2.1847023963928223,902.2820897102356,8.88800305796575,0.7836953018108898,Llama3.1
590,280,1782,474,1.6928571428571428,3.0626115798950195,1448.6152772903442,21.383328575573923,1.1727890441654154,Llama3.1
591,290,1862,458,1.5793103448275863,2.502842664718628,1143.799097776413,12.217173974943572,0.8862262546376486,Llama3.1
592,283,1512,410,1.4487632508833923,3.2625162601470947,1334.3691504001617,26.11516709106396,1.2732061878290561,Llama3.1
593,288,1631,402,1.3958333333333333,3.602062463760376,1444.4270479679108,36.673794869447114,1.277662623561735,Llama3.1
594,275,1556,371,1.3490909090909091,3.0119552612304688,1114.4234466552734,20.32710589690546,1.0332732518894276,Llama3.1
595,335,1896,473,1.4119402985074627,2.7829601764678955,1313.5572032928467,16.16680678688707,0.9995055185203408,Llama3.1
596,154,998,278,1.8051948051948052,2.6111361980438232,723.284726858139,13.614510847952136,1.0455704294478614,Llama3.1
597,169,964,299,1.7692307692307692,2.8699684143066406,855.2505874633789,17.636461131186433,1.2799437564842213,Llama3.1
598,158,981,257,1.6265822784810127,2.5230484008789062,645.900390625,12.466541815202591,0.9498851075055371,Llama3.1
599,131,866,308,2.351145038167939,1.9481909275054932,598.0946147441864,7.0159836698272535,0.9963835273369893,Llama3.1
600,123,747,228,1.853658536585366,2.3914105892181396,542.8502037525177,10.928899262664732,1.0484167294502285,Llama3.1
601,161,1095,279,1.7329192546583851,1.514878749847412,421.13629245758057,4.548869542280361,0.5548595805177312,Llama3.1
602,194,1131,333,1.7164948453608246,3.0827126502990723,1023.460599899292,21.817505459693546,1.3055185959504438,Llama3.1
603,196,1148,317,1.6173469387755102,3.212136745452881,1015.0352115631104,24.832089431418908,1.2755977927262885,Llama3.1
604,87,434,121,1.3908045977011494,4.1108622550964355,493.30347061157227,60.99929185042107,1.6398305776604374,Llama3.1
605,178,1082,283,1.5898876404494382,2.4343364238739014,686.4828715324402,11.408245961435453,0.9153284976109675,Llama3.1
606,234,1420,557,2.3803418803418803,2.645977735519409,1471.1636209487915,14.097221701464877,1.49467638047822,Llama3.1
607,336,1542,554,1.6488095238095237,3.118748664855957,1724.6680116653442,22.618059155348853,1.6135992137544883,Llama3.1
608,356,1571,556,1.5617977528089888,2.9755942821502686,1651.454826593399,19.601268472955173,1.5165790506546402,Llama3.1
609,422,1798,639,1.514218009478673,2.9367563724517822,1873.650565624237,18.854589752498413,1.5033962065544426,Llama3.1
610,425,1848,684,1.6094117647058823,2.8246583938598633,1929.2416830062866,16.855186167433185,1.5061187276782724,Llama3.1
611,401,1761,686,1.7107231920199502,2.2949469089508057,1572.0386326313019,9.923909127551351,1.2878888923242737,Llama3.1
612,389,1634,598,1.5372750642673523,3.0301060676574707,1808.97332239151,20.699428012796037,1.5971828894214588,Llama3.1
613,352,1562,596,1.6931818181818181,2.630974769592285,1565.4299879074097,13.887300224562955,1.445863047639494,Llama3.1
614,410,1866,699,1.7048780487804878,2.472774028778076,1725.9962720870972,11.855288189788512,1.334451373168753,Llama3.1
615,249,1503,414,1.6626506024096386,3.4607813358306885,1429.3026916980743,31.841845972876964,1.371954694106493,Llama3.1
616,288,1630,449,1.5590277777777777,3.2525672912597656,1457.150146484375,25.856636296092713,1.2897075399776898,Llama3.1
617,204,1236,320,1.5686274509803921,3.412785053253174,1088.6784319877625,30.34965206193611,1.2707370347504188,Llama3.1
618,256,1497,449,1.75390625,3.4444072246551514,1543.0944366455078,31.324709426670033,1.487117362305827,Llama3.1
619,146,883,245,1.678082191780822,3.1803293228149414,776.0003547668457,24.05467400075511,1.2678730051531195,Llama3.1
620,91,589,230,2.5274725274725274,2.228663921356201,510.36403799057007,9.287449023953101,1.2500843236962005,Llama3.1
621,303,1853,530,1.7491749174917492,2.6610522270202637,1407.6966280937195,14.311339957428189,1.0959940336896516,Llama3.1
622,229,1257,373,1.6288209606986899,3.4448606967926025,1281.4881792068481,31.338917530854992,1.4708008282414853,Llama3.1
623,308,2089,594,1.9285714285714286,1.8886183500289917,1119.950681567192,6.610229345631956,0.773454903943132,Llama3.1
624,301,1902,557,1.850498338870432,2.9755561351776123,1654.4092111587524,19.600520758164325,1.2548937773605437,Llama3.1
625,290,2023,523,1.803448275862069,2.8260138034820557,1475.179205417633,16.878047338574113,1.0520186475919628,Llama3.1
626,82,532,144,1.7560975609756098,2.9907989501953125,427.6842498779297,19.90157650989435,1.1598081698594087,Llama3.1
627,304,1781,558,1.8355263157894737,3.0097920894622803,1676.45419383049,20.283182399462756,1.35800794593866,Llama3.1
628,308,1658,455,1.4772727272727273,3.3119943141937256,1503.6454186439514,27.439794511830385,1.3083846735422424,Llama3.1
629,297,1657,459,1.5454545454545454,2.717167377471924,1244.462658882141,15.137382966274615,1.083512436053566,Llama3.1
630,300,1701,491,1.6366666666666667,3.409815788269043,1670.809736251831,30.259669559845513,1.4170893126158224,Llama3.1
631,298,1750,481,1.6140939597315436,2.68939471244812,1290.9094619750977,14.722761718489497,1.064222102301779,Llama3.1
632,309,1723,492,1.5922330097087378,2.9653685092926025,1455.9959380626678,19.40185168689649,1.219128333950949,Llama3.1
633,224,1790,693,3.09375,3.3883278369903564,2344.7228631973267,29.616387414145212,1.8897877357507007,Llama3.1
634,225,1675,707,3.1422222222222222,3.2956736087799072,2326.7455677986145,26.99559241473547,2.004050323625932,Llama3.1
635,230,1631,676,2.9391304347826086,3.9756886959075928,2683.589869737625,53.28680267454685,2.3737595320970764,Llama3.1
636,251,1907,801,3.191235059760956,4.3837809562683105,3507.0247650146484,80.1404689053452,2.65315534177316,Llama3.1
637,329,2451,1039,3.1580547112462005,4.141817092895508,4299.206142425537,62.917043754716275,2.530576655012931,Llama3.1
638,248,1708,729,2.939516129032258,4.111809253692627,2993.3971366882324,61.05708545508419,2.5284304476061683,Llama3.1
639,182,1304,588,3.230769230769231,4.299783229827881,2523.972755908966,73.68381951405641,2.7924255968471745,Llama3.1
640,193,1485,642,3.326424870466321,3.951655626296997,2533.011256456375,52.0214236131825,2.460850355693963,Llama3.1
641,228,1595,707,3.1008771929824563,4.078200340270996,2879.2094402313232,59.039123851648164,2.6042766025720487,Llama3.1
642,254,1134,395,1.5551181102362204,2.708651065826416,1067.208519935608,15.009015679193634,1.3577217277826739,Llama3.1
643,273,1114,431,1.5787545787545787,2.8362231254577637,1219.5759439468384,17.051243360799916,1.5794220523515081,Llama3.1
644,236,937,354,1.5,3.091493844985962,1091.2973272800446,22.009932857443903,1.6802660002159022,Llama3.1
645,301,1227,468,1.5548172757475083,3.017042636871338,1408.9589114189148,20.43078101382234,1.6566406147680364,Llama3.1
646,263,1050,389,1.479087452471483,3.2728939056396484,1269.8828353881836,26.387592157586642,1.7448130182138555,Llama3.1
647,318,1316,496,1.559748427672956,2.913121461868286,1441.9951236248016,18.41418813684756,1.5808200713066636,Llama3.1
648,277,1141,425,1.5342960288808665,2.5351765155792236,1074.9148426055908,12.618658041197138,1.3591361198992344,Llama3.1
649,254,1043,411,1.6181102362204725,2.7063446044921875,1109.6012878417969,14.974437856399213,1.5348190559284445,Llama3.1
650,219,1515,586,2.675799086757991,3.3733620643615723,1973.4168076515198,29.176455465866212,1.8792334270665196,Llama3.1
651,255,1682,662,2.596078431372549,3.0791592597961426,2035.3242707252502,21.740116920275344,1.7457504351820834,Llama3.1
652,186,1213,480,2.5806451612903225,3.2546658515930176,1558.9849429130554,25.91095498296107,1.8541960807594633,Llama3.1
653,227,1461,566,2.4933920704845813,3.43072247505188,1938.3581984043121,30.898958414034198,1.9140723889831395,Llama3.1
654,126,845,325,2.5793650793650795,3.353327989578247,1086.478268623352,28.59774846075082,1.854978473581701,Llama3.1
655,85,634,295,3.4705882352941178,2.5258491039276123,742.599636554718,12.501505835936351,1.6898183170716692,Llama3.1
656,262,1892,881,3.3625954198473282,2.2323474884033203,1964.4657897949219,9.321723051714757,1.497951930725769,Llama3.1
657,168,1199,576,3.4285714285714284,2.511604070663452,1444.172340631485,12.324683876859337,1.7376983102736032,Llama3.1
658,200,1462,671,3.355,2.3130221366882324,1549.7248315811157,10.104916996179814,1.5292615111248697,Llama3.1
659,273,1977,910,3.3333333333333335,2.3035218715667725,2093.901381254196,10.009372174868183,1.5280025993151136,Llama3.1
660,154,1179,584,3.792207792207792,2.3865270614624023,1391.3452768325806,10.87565778869605,1.7025334444874012,Llama3.1
661,270,1929,893,3.3074074074074074,2.5009570121765137,2230.85365486145,12.194158336348677,1.668450754182288,Llama3.1
662,209,1603,757,3.6220095693779903,2.101778507232666,1588.9445514678955,8.180706427637237,1.4300451806926209,Llama3.1
663,267,1988,957,3.5842696629213484,2.070483684539795,1979.382402420044,7.928657159430772,1.4364412354095977,Llama3.1
664,259,1883,902,3.4826254826254828,2.090852737426758,1883.8583164215088,8.091812414411528,1.4433526557826566,Llama3.1
665,172,1311,611,3.552325581395349,2.314664125442505,1411.945116519928,10.121522785779343,1.5537804863544544,Llama3.1
666,169,1136,548,3.242603550295858,2.389009952545166,1306.7884440422058,10.902694413046047,1.6595926124213864,Llama3.1
667,95,651,300,3.1578947368421053,2.886385202407837,863.0291755199432,17.928384844950845,1.912577437273599,Llama3.1
668,313,1907,845,2.6996805111821085,2.532942295074463,2137.8032970428467,12.590496647754799,1.617303731011951,Llama3.1
669,310,1946,896,2.890322580645161,2.17034912109375,1942.4624633789062,8.761342276260713,1.4400724373225633,Llama3.1
670,290,1814,832,2.8689655172413793,2.422426700592041,2013.036588191986,11.273182787874614,1.6009911261921814,Llama3.1
671,95,564,258,2.7157894736842105,3.0100257396698,773.5766150951385,20.28792212293667,1.978785720470615,Llama3.1
672,326,2052,941,2.8865030674846626,2.123506784439087,1996.0963773727417,8.36040427715791,1.4033910062242103,Llama3.1
673,324,2099,935,2.8858024691358026,2.0523829460144043,1916.9256715774536,7.78643366756517,1.3175508147391797,Llama3.1
674,332,2071,949,2.858433734939759,2.099085569381714,1989.9331197738647,8.158705929932704,1.386222425687329,Llama3.1
675,263,1719,685,2.6045627376425857,3.5665283203125,2439.50537109375,35.39350470207735,2.047389354915034,Llama3.1
676,301,1760,671,2.229235880398671,3.5450942516326904,2375.2131485939026,34.64295034302365,1.946993312801525,Llama3.1
677,306,1824,746,2.4379084967320264,3.8815665245056152,2891.7670607566833,48.5001322384459,2.2872467094077416,Llama3.1
678,275,1572,654,2.3781818181818184,4.193058490753174,2738.0671944618225,66.22503017178842,2.5128473047524356,Llama3.1
679,191,1062,434,2.2722513089005236,4.111782550811768,1780.4018445014954,61.05545507677366,2.4186223275441345,Llama3.1
680,275,1663,644,2.341818181818182,3.874891519546509,2491.555247068405,48.17747169363472,2.161487912836118,Llama3.1
681,289,1790,732,2.5328719723183393,3.8284175395965576,2798.5732214450836,45.98970373543117,2.255579725219817,Llama3.1
682,254,1505,597,2.3503937007874014,4.307208061218262,2567.096004486084,74.23294551143077,2.460821711068402,Llama3.1
683,293,1727,703,2.3993174061433447,3.533644914627075,2480.618730068207,34.24857351442713,2.072250341751986,Llama3.1
684,255,1872,730,2.8627450980392157,2.612619161605835,1904.5993688106537,13.634715649243475,1.4678184103971048,Llama3.1
685,202,1328,509,2.51980198019802,3.2911784648895264,1671.9186601638794,26.87451567498483,1.8163168371898712,Llama3.1
686,256,2130,822,3.2109375,1.951344609260559,1602.053924202919,7.038144775690923,1.0851057519644387,Llama3.1
687,291,2018,805,2.7663230240549828,2.5820722579956055,2075.986095428467,13.22451439023847,1.484150071768628,Llama3.1
688,255,2042,725,2.843137254901961,2.6902148723602295,1947.7155675888062,14.734841690523798,1.3760820717054865,Llama3.1
689,80,565,220,2.75,2.3098866939544678,505.86518597602844,10.073283226461513,1.2916976905592734,Llama3.1
690,286,2200,971,3.395104895104895,2.032593250274658,1971.6154527664185,7.633857214630005,1.2929271982937092,Llama3.1
691,263,1849,758,2.88212927756654,2.3199374675750732,1756.1926629543304,10.175038016378288,1.3702814741426692,Llama3.1
692,253,1799,696,2.7509881422924902,2.4119741916656494,1676.3220632076263,11.155963429580881,1.344314356599443,Llama3.1
693,256,1858,735,2.87109375,2.7541463375091553,2021.54341173172,15.70762616651109,1.5696828068068398,Llama3.1
694,257,1984,796,3.09727626459144,2.09586501121521,1666.212683916092,8.132472608564957,1.2116112783024373,Llama3.1
695,276,1955,811,2.9384057971014492,2.255495548248291,1826.9513940811157,9.540019679018732,1.3482013893534546,Llama3.1
696,157,883,209,1.3312101910828025,2.1516408920288086,447.5413055419922,8.598956786694405,0.7312181450718057,Llama3.1
697,171,995,207,1.2105263157894737,2.307908773422241,475.4292073249817,10.053378763952637,0.6893460901522833,Llama3.1
698,163,921,195,1.196319018404908,2.5051937103271484,486.0075798034668,12.245930899340348,0.7613037190194448,Llama3.1
699,168,931,208,1.2380952380952381,2.701730728149414,559.2582607269287,14.905506793809552,0.8666370776873544,Llama3.1
700,175,966,206,1.177142857142857,2.8023009300231934,574.4716906547546,16.482528317253962,0.8579580323382124,Llama3.1
701,213,1128,263,1.2347417840375587,2.6658802032470703,698.4606132507324,14.380601829314438,0.8933206232208297,Llama3.1
702,152,895,186,1.2236842105263157,3.0038340091705322,555.7092916965485,20.162692869735938,0.8957754629123227,Llama3.1
703,158,976,219,1.3860759493670887,2.2203211784362793,484.0300168991089,9.210288536956721,0.7154792059649032,Llama3.1
704,274,2018,802,2.927007299270073,2.250999689102173,1803.0507509708405,9.497225364977298,1.2890249637744067,Llama3.1
705,227,1464,569,2.5066079295154187,2.877054214477539,1634.1667938232422,17.76187336878087,1.6103854709250058,Llama3.1
706,274,2249,878,3.204379562043796,1.7934844493865967,1572.8858621120453,6.010358812755882,1.0089793833496707,Llama3.1
707,313,2227,871,2.7827476038338657,2.3846640586853027,2074.6577310562134,10.855415269822139,1.344004679001683,Llama3.1
708,273,2078,772,2.827838827838828,2.575000524520874,1985.3254044055939,13.131324046141774,1.3783537610619954,Llama3.1
709,82,593,227,2.768292682926829,2.4038496017456055,543.2700099945068,11.065693003204846,1.3217081775426183,Llama3.1
710,348,2493,1195,3.4339080459770117,1.596480131149292,1906.1972765922546,4.9356290466198285,1.1031132602870812,Llama3.1
711,296,1959,830,2.804054054054054,2.1597447395324707,1790.4283890724182,8.668924542283296,1.3185513823285318,Llama3.1
712,257,1844,688,2.67704280155642,2.3904953002929688,1642.2702713012695,10.918900738672471,1.28486723221568,Llama3.1
713,273,1910,741,2.7142857142857144,2.5448014736175537,1883.1530904769897,12.74069847019896,1.4224165575214023,Llama3.1
714,245,1875,738,3.012244897959184,1.923638939857483,1417.721898674965,6.845824742928326,1.0908481880416308,Llama3.1
715,269,1969,848,3.1524163568773234,1.9400779008865356,1643.2459820508957,6.959293084622371,1.2040136258331853,Llama3.1
716,344,2151,588,1.7093023255813953,1.9352575540542603,1135.9961842298508,6.925827600666417,0.7619228551637336,Llama3.1
717,262,1467,422,1.6106870229007633,2.330834150314331,981.2811772823334,10.286518457928883,0.9650235093271344,Llama3.1
718,355,2355,640,1.8028169014084507,1.4435538053512573,922.4308816194534,4.235722032685383,0.5650897912845945,Llama3.1
719,371,2239,623,1.679245283018868,2.2364208698272705,1391.0537810325623,9.359771425392509,0.8963226402436444,Llama3.1
720,355,2214,586,1.6507042253521127,2.1059303283691406,1231.9692420959473,8.214741863124209,0.8027804499094662,Llama3.1
721,95,632,160,1.6842105263157894,2.1210665702819824,337.2495846748352,8.340027971667375,0.7698549103674799,Llama3.1
722,427,2638,821,1.9227166276346603,1.7501699924468994,1435.1393938064575,5.75558099814689,0.7848629592225055,Llama3.1
723,370,2120,589,1.5918918918918918,2.1003148555755615,1234.9851350784302,8.16874148151077,0.840427797145867,Llama3.1
724,331,1996,513,1.5498489425981874,1.807569980621338,925.475830078125,6.095616953031741,0.6689275503588717,Llama3.1
725,367,2110,579,1.577656675749319,2.2947657108306885,1326.374580860138,9.922111096778043,0.9068976446294306,Llama3.1
726,272,1738,494,1.8161764705882353,1.746042251586914,860.7988300323486,5.731872416391415,0.7145398177737003,Llama3.1
727,330,1999,557,1.687878787878788,1.85281240940094,1030.1636996269226,6.377731114373826,0.7434777692624257,Llama3.1
728,258,1756,422,1.6356589147286822,2.4642539024353027,1037.4508929252625,11.754708719919549,0.8523492359846829,Llama3.1
729,260,1611,411,1.5807692307692307,2.0681042671203613,847.9227495193481,7.909814001232576,0.7593382655422088,Llama3.1
730,286,1830,438,1.5314685314685315,1.6742888689041138,731.6642357110977,5.334999915442369,0.5768133139104996,Llama3.1
731,279,1663,444,1.5913978494623655,2.3126637935638428,1024.5100605487823,10.101296617359374,0.8887886853244618,Llama3.1
732,253,1587,483,1.9090909090909092,2.2292447090148926,1074.4959497451782,9.292844626424934,0.9767926768447671,Llama3.1
733,236,1428,369,1.5635593220338984,2.7747302055358887,1021.100715637207,16.034300446546037,1.0316085004887747,Llama3.1
734,241,1426,375,1.5560165975103735,2.6238653659820557,981.3256468772888,13.788919929197965,0.9928146172840244,Llama3.1
735,281,1713,484,1.7224199288256228,2.6634228229522705,1286.4332234859467,14.345306606405845,1.083438897815516,Llama3.1
736,198,1299,346,1.7474747474747474,2.4948720932006836,860.7308721542358,12.120183165605372,0.9559446965334476,Llama3.1
737,260,1944,807,3.103846153846154,3.24523663520813,2615.6607279777527,25.667783242865415,1.9411526547847324,Llama3.1
738,263,1801,717,2.726235741444867,3.2600131034851074,2334.169382095337,26.049878484476725,1.8697915558821758,Llama3.1
739,274,1996,837,3.0547445255474455,3.4771106243133545,2906.8644819259644,32.36606910856096,2.1010616095244763,Llama3.1
740,258,1734,730,2.8294573643410854,3.4554238319396973,2519.0039734840393,31.671709320021115,2.095821534328153,Llama3.1
741,171,1158,483,2.824561403508772,3.202772855758667,1543.7365164756775,24.60064976396162,1.923265126734597,Llama3.1
742,235,1739,696,2.9617021276595743,3.207249641418457,2229.0385007858276,24.711028486640643,1.8492367976045334,Llama3.1
743,266,1972,788,2.962406015037594,3.203834056854248,2521.417402744293,24.62676985732773,1.8446431962222727,Llama3.1
744,245,1614,668,2.726530612244898,3.240067720413208,2161.1251695156097,25.535450960089833,1.9317500401490029,Llama3.1
745,292,2141,866,2.9657534246575343,2.9754250049591064,2573.742629289627,19.597950706103905,1.7342950620274018,Llama3.1
746,250,1687,466,1.864,2.3973798751831055,1114.781641960144,10.99433208697198,0.9533431811084504,Llama3.1
747,247,1567,439,1.777327935222672,2.341198444366455,1025.4449186325073,10.393685355309971,0.9440997439795181,Llama3.1
748,270,1716,445,1.6481481481481481,1.879373550415039,834.4418563842773,6.549400707447426,0.7015414499509193,Llama3.1
749,275,1645,470,1.709090909090909,2.509336471557617,1176.8788051605225,12.296768097580463,1.0321442042142337,Llama3.1
750,234,1480,463,1.9786324786324787,2.6621623039245605,1229.918984413147,14.327235466370853,1.1989175807486738,Llama3.1
751,227,1364,388,1.7092511013215859,2.9593124389648438,1145.2539138793945,19.284707782484173,1.2113285499358348,Llama3.1
752,227,1369,413,1.8193832599118942,2.6411681175231934,1088.1612644195557,14.029582240645553,1.1467383928893768,Llama3.1
753,268,1639,507,1.8917910447761195,3.027535915374756,1531.9331731796265,20.64629563903188,1.3484517339350464,Llama3.1
754,194,1247,365,1.8814432989690721,2.7210724353790283,990.4703664779663,15.196610892294123,1.1459075267564043,Llama3.1
755,152,985,280,1.8421052631578947,2.30342960357666,642.6568593978882,10.008448672820816,0.9412770193366591,Llama3.1
756,162,931,295,1.8209876543209877,2.745912790298462,807.2983603477478,15.578827646864719,1.2510046627191054,Llama3.1
757,153,957,258,1.6862745098039216,2.2553205490112305,579.6173810958862,9.538350328925118,0.8737838258308082,Llama3.1
758,128,863,299,2.3359375,1.9468215703964233,580.1528279781342,7.0063828576822775,0.9698535433160627,Llama3.1
759,123,744,228,1.853658536585366,2.2761449813842773,516.684910774231,9.739063677736565,1.0019069334356714,Llama3.1
760,139,940,243,1.7482014388489209,1.637434482574463,396.25914478302,5.141960785873123,0.6081713862610264,Llama3.1
761,194,1187,374,1.9278350515463918,2.5109646320343018,936.5898077487946,12.316805517028655,1.138343278000281,Llama3.1
762,192,1196,353,1.8385416666666667,2.5930216312408447,912.7436141967773,13.370110170951806,1.10101227910097,Llama3.1
763,82,413,130,1.5853658536585367,3.557061195373535,458.86089420318604,35.06001107477021,1.6028966986072926,Llama3.1
764,175,1081,287,1.64,2.2502565383911133,643.5733699798584,9.490170117075172,0.8589085192582236,Llama3.1
765,361,2462,1168,3.2354570637119116,2.071523904800415,2417.4683969020844,7.936909000369507,1.4166001899741794,Llama3.1
766,265,1748,821,3.09811320754717,2.594393014907837,2127.4022722244263,13.38845829995275,1.755831068715156,Llama3.1
767,361,2628,1260,3.490304709141274,1.9333773851394653,2434.122127890587,6.912818108755976,1.3362617666764995,Llama3.1
768,372,2631,1245,3.346774193548387,2.098696231842041,2610.778112411499,8.155530057722283,1.4316064749667496,Llama3.1
769,371,2808,1251,3.371967654986523,2.4623095989227295,3077.886998653412,11.731876202331051,1.5813576600334376,Llama3.1
770,96,755,359,3.7395833333333335,1.9648765325546265,703.4257986545563,7.134031715108786,1.3441442534467376,Llama3.1
771,364,2745,1367,3.7554945054945055,1.647855520248413,2250.9706406593323,5.195825528731815,1.1830470602790062,Llama3.1
772,329,2342,1108,3.3677811550151975,1.8291488885879517,2024.8678196668625,6.228583183692357,1.2473384978176902,Llama3.1
773,315,2102,1003,3.184126984126984,1.8626881837844849,1866.4135601520538,6.441028187292965,1.2810017066980415,Llama3.1
774,365,2567,1217,3.334246575342466,2.083486557006836,2533.5196533203125,8.032425659548153,1.423878550775201,Llama3.1
775,296,2120,1043,3.5236486486486487,1.9533101320266724,2035.3491575717926,7.051992013551397,1.3850887434463939,Llama3.1
776,347,2412,1162,3.3487031700288186,1.841041088104248,2137.448703289032,6.303096925589591,1.2784770499127827,Llama3.1
777,340,2046,620,1.8235294117647058,2.0440165996551514,1265.2462751865387,7.721561416856292,0.8921625252760762,Llama3.1
778,306,1683,504,1.6470588235294117,1.8788074254989624,945.0401350259781,6.545693977856559,0.8101038123844414,Llama3.1
779,356,1960,583,1.6376404494382022,2.244309425354004,1306.1880855560303,9.433898495346977,0.9614444252550683,Llama3.1
780,380,1915,583,1.5342105263157895,2.2787647247314453,1326.2410697937012,9.764610974082741,0.9991443417308858,Llama3.1
781,208,1182,352,1.6923076923076923,2.006852865219116,704.4053556919098,7.439866203026502,0.8597649013810023,Llama3.1
782,313,1778,495,1.5814696485623003,2.7019073963165283,1334.742253780365,14.90814035500109,1.0830292634386338,Llama3.1
783,330,1904,560,1.696969696969697,2.5042312145233154,1399.8652489185333,12.234149912720287,1.0607030738064929,Llama3.1
784,326,1741,477,1.4631901840490797,2.4741780757904053,1177.708764076233,11.871945262671986,0.9759187786009486,Llama3.1
785,374,2120,572,1.5294117647058822,2.3676836490631104,1351.947363615036,10.672642045656904,0.9200225269010948,Llama3.1
786,297,1742,565,1.9023569023569022,2.77236270904541,1563.6125679016113,15.99638419751499,1.2949575761098233,Llama3.1
787,282,1657,519,1.8404255319148937,2.410736322402954,1248.7614150047302,11.142162349084625,1.0872552206884787,Llama3.1
788,293,1697,542,1.8498293515358362,3.0813026428222656,1666.9847297668457,21.78676429160163,1.4171777270903108,Llama3.1
789,294,1627,547,1.8605442176870748,2.9758055210113525,1624.7898144721985,19.60540945993649,1.4407352230030361,Llama3.1
790,183,1039,329,1.7978142076502732,2.8031649589538574,919.4381065368652,16.49677585282565,1.2766783413908316,Llama3.1
791,276,1513,476,1.7246376811594204,3.2694501876831055,1552.988839149475,26.29687702096676,1.4808257083918412,Llama3.1
792,292,1631,520,1.7808219178082192,3.295703411102295,1710.470070362091,26.99639695807223,1.5129899988353068,Llama3.1
793,291,1511,456,1.5670103092783505,3.119931221008301,1419.5687055587769,22.644822101581585,1.355396910463807,Llama3.1
794,315,1817,568,1.8031746031746032,2.7077512741088867,1535.2949724197388,14.995516765213482,1.2190217077664915,Llama3.1
795,293,1769,548,1.870307167235495,2.289095401763916,1252.135184764862,9.866008869068065,1.0211697125962986,Llama3.1
796,285,1665,486,1.7052631578947368,1.9841755628585815,962.325147986412,7.273048741526897,0.8338388701037446,Llama3.1
797,315,1753,549,1.7428571428571429,2.346287250518799,1285.7654132843018,10.446711611029388,1.0581673619462697,Llama3.1
798,308,1737,566,1.8376623376623376,2.3266804218292236,1314.5744383335114,10.243879669478217,1.0918422700421135,Llama3.1
799,194,1107,328,1.690721649484536,2.134690761566162,698.043879032135,8.454431667370152,0.9097239770574135,Llama3.1
800,283,1553,450,1.5901060070671378,2.8988702297210693,1301.5927331447601,18.153624354358886,1.2091444825274034,Llama3.1
801,319,1757,539,1.6896551724137931,2.6085093021392822,1403.3780045509338,13.578793878083244,1.1523315239944687,Llama3.1
802,300,1564,452,1.5066666666666666,2.5519044399261475,1150.9089024066925,12.831517382183094,1.0616435844099075,Llama3.1
803,324,1908,589,1.8179012345679013,2.144516706466675,1260.9758234024048,8.53791392143558,0.95346098904797,Llama3.1
804,248,1608,295,1.189516129032258,2.4147086143493652,709.9243326187134,11.18651029402755,0.6369429813901895,Llama3.1
805,275,1604,348,1.2654545454545454,2.0974762439727783,727.8242566585541,8.145586476741853,0.6546312005735612,Llama3.1
806,266,1511,310,1.1654135338345866,2.4779434204101562,765.6845169067383,11.916731492773796,0.7310716448886916,Llama3.1
807,321,1851,384,1.1962616822429906,2.779529571533203,1064.5598258972168,16.11143988503043,0.8297326750683593,Llama3.1
808,300,1708,348,1.16,2.233886957168579,775.158774137497,9.336084604936204,0.6547527630853249,Llama3.1
809,314,1632,381,1.213375796178344,2.35185170173645,893.7036466598511,10.505003859952515,0.7900378793263172,Llama3.1
810,297,1584,346,1.164983164983165,3.1856930255889893,1099.0640938282013,24.184042760054357,1.001019140015826,Llama3.1
811,266,1522,304,1.1428571428571428,2.792421579360962,846.1037385463715,16.320493358201045,0.8020168644405139,Llama3.1
812,313,1747,377,1.2044728434504792,2.1970808506011963,826.1023998260498,8.998706552338524,0.6822059733803743,Llama3.1
813,322,1377,505,1.5683229813664596,3.3785152435302734,1702.7716827392578,29.3271950288001,1.7840089051954122,Llama3.1
814,381,1586,584,1.5328083989501313,3.0434410572052,1774.3261363506317,20.97730328322276,1.6140047401215203,Llama3.1
815,305,1277,484,1.5868852459016394,3.202787399291992,1546.9463138580322,24.60100754693299,1.7476677960254074,Llama3.1
816,330,1417,576,1.7454545454545454,3.0470798015594482,1752.0708858966827,21.05377337028581,1.7838419042830467,Llama3.1
817,207,873,318,1.536231884057971,3.3742563724517822,1069.639270067215,29.202559876986182,1.7676555217251566,Llama3.1
818,145,619,276,1.903448275862069,2.735257863998413,752.1959125995636,15.41371756635679,1.7531329771960236,Llama3.1
819,161,937,269,1.670807453416149,2.4772822856903076,663.9116525650024,11.908855531659363,1.022222037079963,Llama3.1
820,157,995,280,1.78343949044586,2.4808311462402344,692.1518898010254,11.951193480553625,1.003582009002878,Llama3.1
821,156,896,250,1.6025641025641026,2.844595193862915,708.3042032718658,17.194596781611256,1.1404765195325102,Llama3.1
822,160,962,288,1.8,2.3876752853393555,685.262806892395,10.888152650723272,1.0276769783880557,Llama3.1
823,156,919,266,1.705128205128205,2.850193500518799,755.3012776374817,17.291127358992007,1.1857120866427564,Llama3.1
824,185,1074,332,1.7945945945945947,2.590547561645508,857.4712429046631,13.337072473524934,1.151833808047908,Llama3.1
825,155,927,251,1.6193548387096774,2.6885921955108643,672.1480488777161,14.710951192554642,1.046067591002237,Llama3.1
826,151,994,292,1.9337748344370862,2.137225866317749,621.932727098465,8.47589172751908,0.9026753130296826,Llama3.1
827,164,990,259,1.579268292682927,1.9687798023223877,507.945188999176,7.161932181524999,0.7402121264772914,Llama3.1
828,165,1004,256,1.5515151515151515,2.154372453689575,549.3649756908417,8.622477476858442,0.7894084920988678,Llama3.1
829,162,921,239,1.4753086419753085,2.2997868061065674,547.349259853363,9.97205624667872,0.8573920334687204,Llama3.1
830,167,992,277,1.658682634730539,2.052262783050537,566.4245281219482,7.785498082830163,0.8237680017735947,Llama3.1
831,164,987,267,1.6280487804878048,2.329291343688965,619.5914974212646,10.27066058506118,0.9056550969671991,Llama3.1
832,200,1176,315,1.575,2.292285203933716,719.7775540351868,9.897529731496933,0.8830097855014898,Llama3.1
833,161,945,238,1.4782608695652173,2.433643102645874,576.7734153270721,11.400339123641809,0.8805377206443994,Llama3.1
834,163,1078,296,1.8159509202453987,1.6687359809875488,492.2771143913269,5.30545735804299,0.6588179514614994,Llama3.1
835,287,1877,552,1.9233449477351916,1.7309505939483643,953.7537772655487,5.646018429235036,0.7330718405381588,Llama3.1
836,167,1029,313,1.874251497005988,2.6936986446380615,840.4339771270752,14.786264043399195,1.1783186890144024,Llama3.1
837,218,1510,411,1.885321100917431,2.0069639682769775,822.8552269935608,7.440692840831881,0.7861782485782599,Llama3.1
838,298,2032,565,1.895973154362416,2.02860951423645,1144.135766029358,7.603506437415317,0.8123223404302412,Llama3.1
839,182,1250,340,1.8681318681318682,2.5868022441864014,876.9259607791901,13.28721432870828,1.0121093878743417,Llama3.1
840,301,1862,543,1.803986710963455,2.165480613708496,1173.6904926300049,8.71879128064876,0.9093863873554417,Llama3.1
841,258,1786,525,2.0348837209302326,1.5616881847381592,818.3246088027954,4.766861799596575,0.661026234578496,Llama3.1
842,303,1904,523,1.726072607260726,2.1378014087677,1115.9323353767395,8.480771367094619,0.8455619990628476,Llama3.1
843,277,1744,530,1.9133574007220218,1.8981132507324219,1004.1019096374512,6.673291728656162,0.8306266316405325,Llama3.1
844,194,1255,364,1.8762886597938144,2.3742527961730957,861.8537650108337,10.74298298835147,0.9907507193247903,Llama3.1
845,173,1055,284,1.6416184971098267,3.0730297565460205,869.6674211025238,21.607268366710297,1.189255806300763,Llama3.1
846,89,606,160,1.797752808988764,3.4870965480804443,554.4483511447906,32.69089334309228,1.3199668096132873,Llama3.1
847,291,1671,577,1.9828178694158076,2.654975414276123,1529.2658386230469,14.224636332050276,1.320325698134274,Llama3.1
848,285,1689,598,2.0982456140350876,2.6829283237457275,1601.7082092761993,14.627865766168197,1.3681329132468414,Llama3.1
849,294,1714,532,1.8095238095238095,3.213604688644409,1706.4240896701813,24.868568295931016,1.43631830327925,Llama3.1
850,95,491,157,1.6526315789473685,4.182660102844238,652.4949760437012,65.53996458046133,1.91721235467049,Llama3.1
851,275,1709,596,2.1672727272727275,2.3621885776519775,1405.5022037029266,10.614155955261698,1.1864897947575903,Llama3.1
852,287,1813,630,2.1951219512195124,2.282343864440918,1435.5942907333374,9.799622499161986,1.1423743871867043,Llama3.1
853,280,1752,568,2.0285714285714285,2.448063373565674,1388.051932811737,11.56592613778955,1.1429997944999053,Llama3.1
854,261,2406,1212,4.64367816091954,1.9223185777664185,2327.9277976751328,6.836791740185199,1.3958810844777556,Llama3.1
855,173,1579,788,4.554913294797688,2.614346742630005,2057.490886449814,13.658291083642133,1.8798808730559744,Llama3.1
856,199,1977,978,4.914572864321608,2.042634963989258,1995.6543598175049,7.7109003987237354,1.4563078645610286,Llama3.1
857,276,2681,1349,4.88768115942029,2.046403408050537,2758.551794052124,7.7400133162859515,1.4844270769542531,Llama3.1
858,161,1592,804,4.9937888198757765,2.1895363330841064,1758.1976754665375,8.931071112319945,1.5933059467952744,Llama3.1
859,263,2394,1184,4.501901140684411,2.16389799118042,2559.8913235664368,8.70500363834489,1.5426660475037524,Llama3.1
860,225,2070,1002,4.453333333333333,2.057656764984131,2059.714421749115,7.8276063824414805,1.4355264646883708,Llama3.1
861,258,2494,1250,4.844961240310077,2.206090211868286,2755.4066746234894,9.08014545600121,1.593910002049582,Llama3.1
862,236,2198,1102,4.669491525423729,2.1227962970733643,2337.198723077774,8.354466425180842,1.5340605129009657,Llama3.1
863,205,1896,940,4.585365853658536,2.6810801029205322,2517.5342166423798,14.600855208457459,1.915629815199495,Llama3.1
864,213,1974,1012,4.751173708920188,2.277099132537842,2302.147222995758,9.748360651232975,1.6825209635320562,Llama3.1
865,120,1162,592,4.933333333333334,2.545973777770996,1504.6705026626587,12.755643202107434,1.8681417145983834,Llama3.1
866,373,3424,1760,4.718498659517426,2.1640868186950684,3806.6287140846252,8.706647537748758,1.6039148271949242,Llama3.1
867,339,2724,1346,3.9705014749262535,2.166316270828247,2913.6953842639923,8.726080245771687,1.5431622178923365,Llama3.1
868,322,2855,1414,4.391304347826087,2.588813304901123,3657.993199825287,13.313962610647344,1.8484653761798573,Llama3.1
869,110,997,496,4.509090909090909,2.8765923976898193,1423.9132368564606,17.753672531265785,2.0604539272507196,Llama3.1
870,318,2872,1468,4.616352201257862,2.1387746334075928,3137.5823872089386,8.489029080407617,1.5761053448491962,Llama3.1
871,415,3746,1855,4.469879518072289,2.119621992111206,3929.779173374176,8.327988847137695,1.5134738187975583,Llama3.1
872,342,3089,1518,4.43859649122807,2.3612046241760254,3581.9474148750305,10.603717256054603,1.6729225549256228,Llama3.1
873,137,914,350,2.5547445255474455,2.5101563930511475,876.0445811748505,12.306854616556404,1.3827846530181682,Llama3.1
874,153,1046,394,2.5751633986928106,2.0228090286254883,794.9639482498169,7.559530073167238,1.096453676697439,Llama3.1
875,127,834,318,2.5039370078740157,3.039095401763916,963.3932423591614,20.886340939717886,1.6665259630425677,Llama3.1
876,144,1002,377,2.6180555555555554,2.7618658542633057,1038.461561203003,15.829350672580869,1.4951929585842147,Llama3.1
877,132,1018,392,2.9696969696969697,2.666682243347168,1042.6727571487427,14.392140275174695,1.4776609194582648,Llama3.1
878,162,1078,411,2.537037037037037,2.783398389816284,1141.1933398246765,16.17389284991221,1.527267135492184,Llama3.1
879,139,933,343,2.4676258992805757,2.739814519882202,937.0165657997131,15.484112834901861,1.4489058442765843,Llama3.1
880,129,1032,396,3.0697674418604652,2.0016512870788574,790.6522583961487,7.401267631389834,1.1053004769920378,Llama3.1
881,243,1318,328,1.3497942386831276,2.7680728435516357,905.1598198413849,15.927908840967849,0.9907963454454579,Llama3.1
882,299,1583,377,1.2608695652173914,2.5981545448303223,976.9061088562012,13.438914222703392,0.890320656134539,Llama3.1
883,206,1154,264,1.2815533980582525,2.805537700653076,737.856415271759,16.535964915169618,0.9224452263437386,Llama3.1
884,237,1354,363,1.5316455696202531,3.0663721561431885,1110.0267205238342,21.463893603642095,1.1827400627429652,Llama3.1
885,141,801,182,1.2907801418439717,2.9517853260040283,534.2731440067291,19.140094551435816,0.962288658350391,Llama3.1
886,102,557,157,1.5392156862745099,2.153306007385254,335.9157371520996,8.613286969081717,0.8700609841039401,Llama3.1
887,224,984,358,1.5982142857142858,2.7635550498962402,986.5891528129578,15.85611213892183,1.4464911363395303,Llama3.1
888,229,942,353,1.5414847161572052,3.0628621578216553,1078.1274795532227,21.388687437091125,1.6511774609315837,Llama3.1
889,226,922,346,1.5309734513274336,3.302760601043701,1139.452407360077,27.187589506693417,1.7829526436305574,Llama3.1
890,253,1055,386,1.5256916996047432,3.2618987560272217,1255.8310210704803,26.099045845774015,1.717328138666261,Llama3.1
891,266,1054,389,1.462406015037594,3.4873714447021484,1353.1001205444336,32.699881194541184,1.852097565214149,Llama3.1
892,284,1162,434,1.528169014084507,3.1023643016815186,1343.3237426280975,22.250496026320196,1.667819708948329,Llama3.1
893,244,975,350,1.4344262295081966,3.138885498046875,1095.4710388183594,23.078131897479494,1.6209544975802341,Llama3.1
894,277,1152,452,1.6317689530685922,2.8497869968414307,1285.2539355754852,17.284099880579415,1.6095742006404303,Llama3.1
895,281,1883,486,1.7295373665480427,1.606244444847107,779.0285557508469,4.984058130534981,0.5968670388171207,Llama3.1
896,283,1847,552,1.9505300353356891,1.5382100343704224,847.5537289381027,4.656248282890278,0.6620257507449646,Llama3.1
897,285,1742,452,1.5859649122807018,1.8073346614837646,815.1079323291779,6.094182706466827,0.6750586519865451,Llama3.1
898,310,1987,534,1.7225806451612904,2.147554874420166,1144.6467480659485,8.5638929822932,0.8310901796700668,Llama3.1
899,304,1983,488,1.605263157894737,1.8090211153030396,880.9932831525803,6.10446893535456,0.6409503987194726,Llama3.1
900,311,1741,483,1.5530546623794212,2.203932523727417,1062.295476436615,9.060574455484215,0.880280537515154,Llama3.1
901,316,1718,442,1.3987341772151898,2.628873825073242,1159.3333568572998,13.858154404867651,0.9735532506840404,Llama3.1
902,258,1561,377,1.4612403100775193,2.399221420288086,902.1072540283203,11.014597299333488,0.8337384123873275,Llama3.1
903,316,1812,479,1.5158227848101267,1.9076285362243652,911.8464403152466,6.7370930672170655,0.7260023937610709,Llama3.1
904,201,1111,310,1.5422885572139304,1.5730454921722412,486.07105708122253,4.821309116755427,0.6311901922328857,Llama3.1
905,179,1121,287,1.6033519553072626,1.8817757368087769,538.1878607273102,6.565152500510838,0.692632433307699,Llama3.1
906,171,977,258,1.5087719298245614,2.0375003814697266,523.6375980377197,7.6714096154304,0.7732337419775094,Llama3.1
907,176,1063,290,1.6477272727272727,2.0722293853759766,598.8742923736572,7.942510311074901,0.8127873675666627,Llama3.1
908,174,1054,290,1.6666666666666667,2.1231181621551514,613.5811488628387,8.35715586899588,0.8398581410316606,Llama3.1
909,219,1255,353,1.6118721461187215,2.2598230838775635,795.4577255249023,9.581393913751247,0.9144246341446939,Llama3.1
910,167,973,252,1.5089820359281436,2.2542102336883545,565.806768655777,9.527765629664243,0.8389379437215811,Llama3.1
911,174,1179,319,1.8333333333333333,1.7360364198684692,552.0595815181732,5.67480623895105,0.6755331811123876,Llama3.1
912,328,1971,511,1.5579268292682926,2.0942795276641846,1068.0825591087341,8.119588923149436,0.7817947292167245,Llama3.1
913,251,1378,394,1.5697211155378485,2.482546329498291,975.6407074928284,11.971709556911003,1.0214455808340372,Llama3.1
914,353,2226,591,1.6742209631728044,1.5684735774993896,925.3994107246399,4.799316814634211,0.5997615187304614,Llama3.1
915,342,2022,575,1.6812865497076024,2.367647647857666,1359.0297498703003,10.672257824594235,0.9696664097717362,Llama3.1
916,333,2040,532,1.5975975975975976,2.222498893737793,1180.146912574768,9.230367778735651,0.8346039697509995,Llama3.1
917,91,581,141,1.5494505494505495,2.3981759548187256,335.7446336746216,11.00308793556763,0.8336955559508747,Llama3.1
918,343,2182,776,2.262390670553936,1.8318318128585815,1419.6696549654007,6.245316437676865,0.9386573652241657,Llama3.1
919,340,1861,543,1.5970588235294119,2.1963083744049072,1190.3991389274597,8.991757949889976,0.9228280141908319,Llama3.1
920,300,1734,453,1.51,2.0270307064056396,916.2178792953491,7.591511433305113,0.7622969958668991,Llama3.1
921,327,1862,508,1.5535168195718654,2.6014952659606934,1318.9580998420715,13.48388496294316,1.0219410901087471,Llama3.1
922,268,1661,456,1.7014925373134329,1.8634178638458252,847.8551280498505,6.445729792260858,0.7364216668451514,Llama3.1
923,281,1752,525,1.8683274021352314,1.9024269580841064,996.8717260360718,6.702140534163165,0.8208800773713826,Llama3.1
924,165,1119,299,1.812121212121212,1.8962316513061523,565.0770320892334,6.660747072478236,0.7285378301299291,Llama3.1
925,198,1145,325,1.6414141414141414,1.994508147239685,646.220639705658,7.348587715710654,0.8142352071820492,Llama3.1
926,161,980,242,1.5031055900621118,1.9664976596832275,473.92593598365784,7.145606266833472,0.6976842832574321,Llama3.1
927,136,883,293,2.1544117647058822,1.6518803834915161,482.3490719795227,5.216780157389403,0.7880890307160261,Llama3.1
928,134,840,240,1.791044776119403,1.684175968170166,402.5180563926697,5.388009211451471,0.6913223855071056,Llama3.1
929,141,963,230,1.6312056737588652,1.6081745624542236,368.2719748020172,4.993687238553765,0.5517177069005769,Llama3.1
930,223,1383,380,1.704035874439462,2.0254335403442383,767.6393117904663,7.579396206479088,0.8007732670365311,Llama3.1
931,213,1350,357,1.676056338028169,2.1962244510650635,781.8559045791626,8.991003363195915,0.8355404712786018,Llama3.1
932,98,512,141,1.4387755102040816,2.9840686321258545,417.76960849761963,19.768082303044267,1.1771760594016398,Llama3.1
933,176,1180,303,1.7215909090909092,1.7478455305099487,527.8493502140045,5.742217906207816,0.6453607117713611,Llama3.1
934,223,1743,663,2.9730941704035874,2.2044146060943604,1459.3224692344666,9.064943451686982,1.2078928797604143,Llama3.1
935,227,1671,636,2.801762114537445,2.116323232650757,1343.8652527332306,8.300562077171211,1.160255975907376,Llama3.1
936,209,1770,662,3.1674641148325358,1.8271117210388184,1207.720847606659,6.215907431852368,0.9843914562826793,Llama3.1
937,250,1738,682,2.728,2.2930355072021484,1561.557180404663,9.904958667032677,1.2962317607792635,Llama3.1
938,228,1760,744,3.263157894736842,2.1414670944213867,1591.1100511550903,8.511916257841635,1.3042537388125193,Llama3.1
939,229,1482,576,2.51528384279476,2.4967615604400635,1435.6378972530365,12.143105503315583,1.3975625336566904,Llama3.1
940,204,1406,545,2.6715686274509802,2.522658109664917,1372.3260116577148,12.461677182836674,1.4081421987919738,Llama3.1
941,262,1774,709,2.7061068702290076,2.5251691341400146,1787.8197469711304,12.493008079104811,1.4539338686350682,Llama3.1
942,191,1453,578,3.026178010471204,2.17159104347229,1253.0080320835114,8.77222994271856,1.2441214549765458,Llama3.1
943,271,1746,489,1.8044280442804428,1.8395071029663086,897.6794662475586,6.293435480733692,0.7417398134382615,Llama3.1
944,252,1588,461,1.8293650793650793,2.0856261253356934,959.388017654419,8.049629981441251,0.8716022262961735,Llama3.1
945,275,1601,450,1.6363636363636365,2.04079008102417,916.3147463798523,7.696687804250515,0.8257106436574898,Llama3.1
946,272,1712,492,1.8088235294117647,2.5246388912200928,1239.5976955890656,12.486385505963764,1.0446036496049835,Llama3.1
947,271,1733,466,1.7195571955719557,2.229416847229004,1036.6788339614868,9.294444417791606,0.8630187032606983,Llama3.1
948,268,1446,467,1.742537313432836,2.922952175140381,1362.0957136154175,18.596105464017803,1.3589825250685177,Llama3.1
949,269,1509,431,1.6022304832713754,3.5531983375549316,1527.8752851486206,34.92484047735014,1.4607409522735095,Llama3.1
950,264,1509,427,1.6174242424242424,2.429802656173706,1035.0959315299988,11.356640695918298,0.9896141598824859,Llama3.1
951,289,1642,494,1.7093425605536332,2.4561355113983154,1210.8748071193695,11.659665718141673,1.063899561125758,Llama3.1
952,328,2155,646,1.9695121951219512,1.4488635063171387,934.5169615745544,4.258272264567818,0.6256255155871144,Llama3.1
953,221,1370,387,1.751131221719457,1.9624813795089722,757.5178124904633,7.116965064098059,0.7977132784416402,Llama3.1
954,249,1718,462,1.855421686746988,1.6119707822799683,743.1185306310654,5.012680401353266,0.6240357502526958,Llama3.1
955,346,2346,655,1.893063583815029,1.729284405708313,1130.9520013332367,5.636618932565099,0.6954897032425017,Llama3.1
956,223,1557,430,1.9282511210762332,1.933336853981018,829.4015103578568,6.912537929907918,0.768512168207512,Llama3.1
957,358,2289,661,1.8463687150837989,1.640769600868225,1082.9079365730286,5.159138462224928,0.6825277019804319,Llama3.1
958,301,2038,601,1.9966777408637875,1.3773534297943115,826.4120578765869,3.964395679773252,0.5850150037435696,Llama3.1
959,394,2476,688,1.7461928934010151,1.5420591831207275,1059.3946588039398,4.674205412810588,0.6172792490309772,Llama3.1
960,306,2073,601,1.9640522875816993,1.6909271478652954,1014.5562887191772,5.424507695119395,0.7060758931200523,Llama3.1
961,276,1825,513,1.858695652173913,1.778947353363037,910.821044921875,5.923617659354987,0.720020276518407,Llama3.1
962,271,1748,487,1.7970479704797049,1.9442250728607178,944.8933854103088,6.988214399244217,0.7798586963960165,Llama3.1
963,174,1144,304,1.7471264367816093,2.2292134761810303,675.4516832828522,9.292554389085101,0.8518101344687706,Llama3.1
964,512,2928,943,1.841796875,1.582677960395813,1490.8826386928558,4.867974614763139,0.7345932340811596,Llama3.1
965,498,2966,1033,2.07429718875502,1.3991658687591553,1443.9391765594482,4.0518188082255175,0.7023479060578589,Llama3.1
966,441,2545,764,1.7324263038548753,2.313477039337158,1765.1829810142517,10.109514795384781,1.0006368302439521,Llama3.1
967,146,812,241,1.6506849315068493,2.895928382873535,695.0228118896484,18.100297649739126,1.2348595615983973,Llama3.1
968,415,2593,818,1.9710843373493976,1.5272934436798096,1247.7987434864044,4.605694366488425,0.6942510833996588,Llama3.1
969,508,3179,979,1.9271653543307086,1.6060739755630493,1570.7403481006622,4.983208574127461,0.7128340077788705,Llama3.1
970,443,2776,852,1.9232505643340858,1.7232755422592163,1466.507486462593,5.60285081469315,0.7621480829056635,Llama3.1
971,189,1120,447,2.365079365079365,4.380990505218506,1953.9217653274536,79.91715257131236,2.5168868224311844,Llama3.1
972,246,1419,593,2.410569105691057,3.990678071975708,2362.481418609619,54.091554898484944,2.4019310971250323,Llama3.1
973,176,1067,423,2.403409090909091,4.316107749938965,1821.3974704742432,74.89654414997084,2.4627189298415115,Llama3.1
974,143,827,334,2.335664335664336,4.305984973907471,1433.8929963111877,74.1422076392147,2.5014151329426446,Llama3.1
975,120,775,310,2.5833333333333335,4.267971038818359,1318.803050994873,71.37666811335349,2.455007253651017,Llama3.1
976,93,542,257,2.763440860215054,3.4656453132629395,887.2052001953125,31.997101266122275,2.3615618866654566,Llama3.1
977,194,1298,503,2.5927835051546393,2.94582462310791,1478.803960800171,19.02634548340236,1.6436541915973526,Llama3.1
978,238,1522,603,2.533613445378151,2.9439311027526855,1772.2465238571167,18.990352798139163,1.679902280684209,Llama3.1
979,166,1129,443,2.6686746987951806,3.167879343032837,1400.202669620514,23.75705034437803,1.789251946590791,Llama3.1
980,199,1405,568,2.8542713567839195,3.0383830070495605,1722.7631649971008,20.871466919545938,1.7689835407597811,Llama3.1
981,125,861,339,2.712,3.0355942249298096,1026.0308480262756,20.813342032282137,1.71922138936888,Llama3.1
982,93,616,281,3.021505376344086,2.561842918395996,717.3160171508789,12.959678952012004,1.6799809426847332,Llama3.1
983,274,1891,486,1.7737226277372262,2.1358273029327393,1035.8762419223785,8.464045941166038,0.7902979995748872,Llama3.1
984,284,1802,465,1.6373239436619718,1.8496778011322021,858.2504997253418,6.357770726029943,0.687121942172156,Llama3.1
985,285,1834,453,1.5894736842105264,1.574497103691101,711.6726908683777,4.828312866737524,0.5598291504099852,Llama3.1
986,291,1816,464,1.5945017182130585,2.1401586532592773,990.8934564590454,8.500786199342691,0.7872010328649718,Llama3.1
987,308,1902,532,1.7272727272727273,2.0797278881073,1104.3355085849762,8.002291099428124,0.8376547643076427,Llama3.1
988,263,1579,416,1.5817490494296578,2.3991546630859375,995.6491851806641,11.013862020177855,0.9097011665137943,Llama3.1
989,260,1574,417,1.603846153846154,2.314944267272949,963.0168151855469,10.124358644902271,0.8826808027705667,Llama3.1
990,314,1888,542,1.7261146496815287,2.340210199356079,1266.0537178516388,10.383418921329786,0.9674414302137682,Llama3.1
991,223,1432,386,1.7309417040358743,2.21502947807312,852.7863490581512,9.161679176276953,0.8591554725726253,Llama3.1
992,450,1893,727,1.6155555555555556,2.9415299892425537,2135.550772190094,18.94480950466308,1.6275480763894585,Llama3.1
993,412,1709,632,1.5339805825242718,3.1102311611175537,1962.5558626651764,22.42622787351234,1.6567405561934532,Llama3.1
994,467,1916,757,1.6209850107066381,3.10625958442688,2348.332245826721,22.337337024884075,1.7682292721366666,Llama3.1
995,421,1706,684,1.6247030878859858,3.1918294429779053,2180.0195095539093,24.332902405924614,1.8435541239593292,Llama3.1
996,278,1130,428,1.539568345323741,3.2225990295410156,1376.0497856140137,25.093253610233656,1.756832036921822,Llama3.1
997,419,1695,643,1.5346062052505967,2.9101269245147705,1868.3014855384827,18.35912864263751,1.5902001699538952,Llama3.1
998,449,1837,717,1.5968819599109132,2.738834857940674,1961.0057582855225,15.468951066775388,1.5400834418253808,Llama3.1
999,415,1650,604,1.455421686746988,3.047956943511963,1837.9180369377136,21.072248619691255,1.6070031742123747,Llama3.1
1000,505,2135,843,1.6693069306930692,2.4708092212677,2080.4213643074036,11.83201769901931,1.4058143256420341,Llama3.1
1001,229,1329,409,1.7860262008733625,3.08823823928833,1260.0012016296387,21.938393709444384,1.3677934425170917,Llama3.1
1002,266,1493,461,1.7330827067669172,2.7820956707000732,1279.7640085220337,16.152836528726993,1.236643796786952,Llama3.1
1003,179,1116,333,1.8603351955307263,3.0716798305511475,1019.797703742981,21.578119832072634,1.318330725716802,Llama3.1
1004,252,1454,469,1.8611111111111112,2.923760414123535,1368.3198738098145,18.61114163698071,1.3576810841095128,Llama3.1
1005,136,838,252,1.8529411764705883,2.8767614364624023,722.067120552063,17.75667384394127,1.243105792374027,Llama3.1
1006,93,557,227,2.4408602150537635,2.4694454669952393,558.0946755409241,11.815892732075856,1.4455303783652176,Llama3.1
1007,209,1844,743,3.555023923444976,2.9557957649230957,2193.200457572937,19.217008858516447,1.7158999044554673,Llama3.1
1008,216,1879,748,3.462962962962963,3.2314326763153076,2413.880209207535,25.315900493182887,1.8533757355634508,Llama3.1
1009,223,1977,809,3.6278026905829597,2.616992950439453,2114.530303955078,13.694481622896756,1.5430563395677408,Llama3.1
1010,230,1891,755,3.282608695652174,3.0367298126220703,2289.694278717041,20.836990832430626,1.746869688554684,Llama3.1
1011,217,1984,827,3.8110599078341014,2.503460645675659,2067.8584933280945,12.224726289161655,1.503673988701898,Llama3.1
1012,206,1633,655,3.179611650485437,2.979614734649658,1948.6680364608765,19.680233072122977,1.721576064017722,Llama3.1
1013,182,1551,628,3.4505494505494507,2.9187052249908447,1830.0281760692596,18.51729619910045,1.7022389260491269,Llama3.1
1014,233,1952,783,3.3605150214592276,3.0780632495880127,2407.045461177826,21.716302582967074,1.7790125768624678,Llama3.1
1015,180,1528,625,3.4722222222222223,2.9549896717071533,1843.9135551452637,19.201524399841905,1.7409718205733051,Llama3.1
1016,271,1518,447,1.6494464944649447,2.3128316402435303,1031.5229115486145,10.102992228754527,0.9803511126841443,Llama3.1
1017,309,1694,492,1.5922330097087378,2.382509469985962,1169.8121497631073,10.83205149345777,0.9962704765259105,Llama3.1
1018,222,1246,336,1.5135135135135136,2.5431747436523438,851.9635391235352,12.719989642621693,0.9864555159805254,Llama3.1
1019,255,1510,451,1.768627450980392,2.671022653579712,1201.9601941108704,14.454743832370218,1.1483854380064162,Llama3.1
1020,136,872,239,1.7573529411764706,2.4288835525512695,578.0742855072021,11.346207561616184,0.9564047075305863,Llama3.1
1021,114,691,268,2.3508771929824563,1.6554300785064697,441.9998309612274,5.2353310414195375,0.9228233924768783,Llama3.1
1022,307,1967,543,1.768729641693811,1.5849148035049438,859.0238234996796,4.87887569769645,0.6300505389773584,Llama3.1
1023,195,1158,322,1.6512820512820512,2.279186964035034,731.619015455246,9.76873484718964,0.9114880184951203,Llama3.1
1024,231,1617,399,1.7272727272727273,1.7895677089691162,712.2479481697083,5.986863839362425,0.6354709849769805,Llama3.1
1025,323,2182,551,1.7058823529411764,1.8379871845245361,1010.8929514884949,6.283877237799356,0.6683823317974606,Llama3.1
1026,210,1361,334,1.5904761904761904,2.4181292057037354,805.2370254993439,11.224840292682714,0.8535719790066739,Llama3.1
1027,332,2053,549,1.6536144578313252,1.9159009456634521,1049.9137182235718,6.793056215393577,0.7378009326071309,Llama3.1
1028,285,1882,524,1.8385964912280701,1.3722748756408691,717.6997599601746,3.944313319468206,0.550171033231532,Llama3.1
1029,342,2105,545,1.5935672514619883,1.6775548458099365,912.5898361206055,5.352452386128661,0.6254578769296292,Llama3.1
1030,299,1887,524,1.7525083612040133,1.7275266647338867,903.4964456558228,5.626719919009679,0.690763032118951,Llama3.1
1031,225,1455,380,1.6888888888888889,2.141200304031372,811.51491522789,8.509645663283305,0.804651920142065,Llama3.1
1032,223,1408,357,1.600896860986547,2.4052395820617676,856.2652912139893,11.081084793328507,0.8773648361646068,Llama3.1
1033,143,890,220,1.5384615384615385,2.719264030456543,595.5188226699829,15.169154100333,0.9653393845191218,Llama3.1
1034,397,2203,737,1.8564231738035264,1.83316171169281,1349.2070198059082,6.253627602005648,0.8835652640066098,Llama3.1
1035,377,2058,746,1.9787798408488064,1.825934648513794,1360.3213131427765,6.208595162376249,0.9536097242403531,Llama3.1
1036,377,2094,612,1.623342175066313,2.596646547317505,1586.5510404109955,13.418663646227648,1.0930799035903385,Llama3.1
1037,120,672,196,1.6333333333333333,3.026893138885498,590.2441620826721,20.633028949819575,1.267176079687995,Llama3.1
1038,354,2061,725,2.0480225988700567,1.5409477949142456,1115.6462035179138,4.669013441722255,0.7809496580310012,Llama3.1
1039,424,2434,862,2.0330188679245285,1.5822962522506714,1362.357073187828,4.866116823791872,0.8075044344322442,Llama3.1
1040,369,2223,701,1.899728997289973,1.8447043895721436,1291.2930727005005,6.326229414580429,0.8380306398197408,Llama3.1
1041,166,1018,206,1.2409638554216869,2.6460330486297607,542.436774969101,14.098001484210407,0.7687336397286096,Llama3.1
1042,194,1069,248,1.2783505154639174,2.1176626682281494,523.0626790523529,8.311687594623331,0.7059120048109682,Llama3.1
1043,147,852,178,1.2108843537414966,2.1654212474823,383.27956080436707,8.718273694277162,0.6490088282236623,Llama3.1
1044,120,748,194,1.6166666666666667,2.2575104236602783,435.6995117664337,9.559261008030683,0.8403496322769739,Llama3.1
1045,115,713,153,1.3304347826086957,2.1621055603027344,328.6400451660156,8.689414496436555,0.6649752642335705,Llama3.1
1046,130,827,153,1.176923076923077,2.359222412109375,358.601806640625,10.582719257876366,0.6255780508999427,Llama3.1
1047,205,1184,283,1.3804878048780487,2.5976572036743164,732.5393314361572,13.432232159338701,0.8925936323640716,Llama3.1
1048,188,1200,244,1.297872340425532,3.1183011531829834,757.747180223465,22.607939574341025,0.9109984159633238,Llama3.1
1049,76,422,108,1.4210526315789473,3.3949685096740723,363.26163053512573,29.813714616565278,1.2418856704224284,Llama3.1
1050,167,1023,203,1.215568862275449,2.514127254486084,507.85370540618896,12.35582058513658,0.7162053003779016,Llama3.1
1051,184,1124,452,2.4565217391304346,2.6850531101226807,1210.958952665329,14.658979899809738,1.5543100317885794,Llama3.1
1052,170,1030,417,2.4529411764705884,3.0807254314422607,1281.5817794799805,21.77419235200139,1.7950792987858455,Llama3.1
1053,151,923,361,2.390728476821192,3.789444923400879,1364.2001724243164,44.23184140048795,2.132312918240986,Llama3.1
1054,184,1054,407,2.2119565217391304,3.4520907402038574,1401.548840522766,31.5663203405631,1.9184132464761587,Llama3.1
1055,182,1074,421,2.3131868131868134,3.4810826778411865,1462.0547246932983,32.4948845290561,1.9639656432246744,Llama3.1
1056,208,1186,491,2.360576923076923,3.1463494300842285,1541.711220741272,23.251029952494846,1.875395558723696,Llama3.1
1057,159,981,400,2.5157232704402515,3.4052724838256836,1358.7037210464478,30.12250250048055,1.9981601634975452,Llama3.1
1058,199,1235,506,2.542713567839196,3.2366108894348145,1634.4884991645813,25.447331616751484,1.9093671677204747,Llama3.1
1059,250,1587,310,1.24,2.800305128097534,865.2942845821381,16.44966526048306,0.7866135937468267,Llama3.1
1060,269,1522,328,1.2193308550185873,2.3627512454986572,772.6196572780609,10.620129880047456,0.7323617267072201,Llama3.1
1061,243,1561,279,1.1481481481481481,2.225024700164795,618.556866645813,9.253711369279866,0.5716777219844525,Llama3.1
1062,285,1609,329,1.1543859649122807,2.726741313934326,894.371150970459,15.283003276501736,0.8019296607950501,Llama3.1
1063,292,1554,377,1.2910958904109588,2.61645770072937,983.7880954742432,13.687153616909855,0.913324457288474,Llama3.1
1064,232,1326,303,1.3060344827586208,3.235114336013794,977.0045294761658,25.409276808194083,1.062986115838099,Llama3.1
1065,231,1299,299,1.2943722943722944,2.94305419921875,877.0301513671875,18.97370738993507,0.9740469977579203,Llama3.1
1066,299,1590,389,1.3010033444816054,3.0001463890075684,1164.0567989349365,20.088477440228765,1.056213189394034,Llama3.1
1067,212,1192,272,1.2830188679245282,2.9180827140808105,790.8004155158997,18.505772567357553,0.9571173135886915,Llama3.1
1068,308,1711,429,1.3928571428571428,2.607027769088745,1115.807885169983,13.55869134112987,0.9408360622557196,Llama3.1
1069,310,1579,417,1.3451612903225807,2.038935422897339,848.197135925293,7.682426308851857,0.7749777084836239,Llama3.1
1070,339,1870,477,1.407079646017699,2.3666913509368896,1126.5450830459595,10.66205685565384,0.8691235318974605,Llama3.1
1071,326,1721,454,1.392638036809816,2.606104612350464,1180.5653893947601,13.546180319561472,0.9896547546339155,Llama3.1
1072,201,1044,256,1.2736318407960199,2.633678674697876,671.5880620479584,13.924900978069134,0.9280620370084472,Llama3.1
1073,300,1590,363,1.21,3.3648765087127686,1218.0852961540222,28.929924484834846,1.1052362365667752,Llama3.1
1074,334,1775,433,1.2964071856287425,2.987149953842163,1290.4487800598145,19.829088065255895,1.048858622824511,Llama3.1
1075,321,1623,365,1.1370716510903427,2.918531894683838,1062.345609664917,18.51408686861048,0.9443257811298449,Llama3.1
1076,354,1934,447,1.2627118644067796,2.6474051475524902,1180.7426958084106,14.117358613770937,0.8807919502630094,Llama3.1
1077,268,2213,839,3.1305970149253732,1.5997751951217651,1340.6116135120392,4.951919083690955,0.8739691489254273,Llama3.1
1078,182,1347,534,2.934065934065934,2.3205878734588623,1236.8733365535736,10.181658073600628,1.324744639089552,Llama3.1
1079,206,1805,674,3.2718446601941746,1.8739312887191772,1261.1557573080063,6.51385396990636,1.00801282928356,Llama3.1
1080,288,2494,924,3.2083333333333335,1.9624862670898438,1811.3748245239258,7.116999848925376,1.0478193570696808,Llama3.1
1081,185,1653,609,3.291891891891892,1.9311836957931519,1174.1596870422363,6.897670154345573,1.0247757759876415,Llama3.1
1082,274,2248,863,3.1496350364963503,2.054065704345703,1770.604637145996,7.799547384203852,1.1363178511501473,Llama3.1
1083,237,2021,765,3.2278481012658227,1.7562562227249146,1341.7797541618347,5.790717605766594,0.9578322599181057,Llama3.1
1084,288,2281,887,3.079861111111111,2.015986204147339,1786.1637768745422,7.508128278452301,1.129719256077336,Llama3.1
1085,237,1906,729,3.0759493670886076,1.9549531936645508,1423.205924987793,7.063588395275613,1.0772571511771663,Llama3.1
1086,209,1670,620,2.9665071770334928,2.261962413787842,1400.154734134674,9.601913617715216,1.209578617612754,Llama3.1
1087,208,1717,641,3.081730769230769,2.4185056686401367,1547.8436279296875,11.229066824536314,1.3005627991180793,Llama3.1
1088,125,984,367,2.936,2.587918996810913,947.1783528327942,13.302061148751939,1.3887088541354156,Llama3.1
1089,396,2761,1142,2.8838383838383836,2.3745694160461426,2709.3837037086487,10.746384968800275,1.4157241699405434,Llama3.1
1090,334,2232,981,2.937125748502994,2.4235150814056396,2375.044779777527,11.285458983104967,1.5351547158038792,Llama3.1
1091,335,2306,936,2.7940298507462686,2.880626678466797,2693.385944366455,17.825440499809574,1.685054009166315,Llama3.1
1092,109,766,293,2.688073394495413,3.5703601837158203,1042.5451736450195,35.52938795422455,1.96354406255926,Llama3.1
1093,319,2269,967,3.031347962382445,2.016860008239746,1948.2867679595947,7.514691778857467,1.238776402981443,Llama3.1
1094,402,2989,1255,3.1218905472636815,2.3017821311950684,2886.4347925186157,9.991973604885807,1.3931900839799167,Llama3.1
1095,319,2430,973,3.050156739811912,2.3735949993133545,2307.1343393325806,10.735918611594629,1.3697494938352877,Llama3.1
1096,282,2156,987,3.5,2.2371010780334473,2205.781662940979,9.36614018451955,1.4760066170727095,Llama3.1
1097,211,1595,758,3.5924170616113744,2.535647392272949,1919.4850759506226,12.624601272329532,1.736195360585792,Llama3.1
1098,244,1784,845,3.4631147540983607,2.271228075027466,1916.9164953231812,9.691295146564899,1.5501826914803842,Llama3.1
1099,329,2447,1166,3.5440729483282674,2.332306146621704,2717.1366608142853,10.301671324860695,1.6019614164178042,Llama3.1
1100,217,1619,790,3.640552995391705,2.243004322052002,1769.7304100990295,9.421594314130186,1.5770112948488337,Llama3.1
1101,303,2293,1020,3.366336633663366,2.416238784790039,2462.14732170105,11.203640664264398,1.54911806845013,Llama3.1
1102,263,2038,947,3.6007604562737643,2.127030372619629,2012.170732498169,8.38991485989091,1.4244105678101184,Llama3.1
1103,365,2633,1230,3.3698630136986303,2.219212532043457,2727.4122018814087,9.20008324187044,1.4944261519613964,Llama3.1
1104,289,2240,1084,3.7508650519031144,2.3360979557037354,2529.9940860271454,10.3408074472115,1.6294687149061466,Llama3.1
1105,254,1998,936,3.6850393700787403,2.4881322383880615,2326.4036428928375,12.038769556906566,1.6798253246784363,Llama3.1
1106,271,2018,966,3.5645756457564577,2.3228726387023926,2241.572096347809,10.204947367241893,1.602529706241854,Llama3.1
1107,150,1120,524,3.493333333333333,2.7505340576171875,1438.529312133789,15.650988182072437,1.852999200704312,Llama3.1
1108,513,3586,1767,3.4444444444444446,2.182915210723877,3855.0282621383667,8.872132732108675,1.5509286548449026,Llama3.1
1109,512,3385,1727,3.373046875,1.8784338235855103,3242.1767795085907,6.543248950823388,1.3818234450464975,Llama3.1
1110,460,3185,1541,3.35,2.473116636276245,3808.5996198654175,11.859350596281013,1.7251641395012338,Llama3.1
1111,151,1081,495,3.2781456953642385,2.876269578933716,1420.8771719932556,17.747942237755847,1.896292737971327,Llama3.1
1112,483,3293,1654,3.4244306418219463,2.0075933933258057,3318.5518791675568,7.445377673507386,1.4538895654442106,Llama3.1
1113,587,4184,2063,3.5144804088586032,1.993375539779663,4110.340363025665,7.340269362047153,1.4172962853974351,Llama3.1
1114,509,3573,1728,3.3948919449901767,2.1388237476348877,3693.748612165451,8.489446022750203,1.491450547176487,Llama3.1
1115,426,1795,674,1.5821596244131455,2.5996763706207275,1749.5821974277496,13.459381478811547,1.4061913982488188,Llama3.1
1116,385,1602,581,1.509090909090909,3.1558454036712646,1830.3903341293335,23.472872758481902,1.6483739437824485,Llama3.1
1117,407,1719,617,1.515970515970516,3.1505234241485596,1940.7224292755127,23.34828243795848,1.628778722779386,Llama3.1
1118,459,1900,701,1.5272331154684096,3.2384958267211914,2266.947078704834,25.495343476411463,1.7213227938974667,Llama3.1
1119,427,1728,664,1.5550351288056206,3.1714069843292236,2102.6428306102753,23.841004689598392,1.755481703982741,Llama3.1
1120,410,1712,702,1.7121951219512195,2.51857590675354,1765.5217106342316,12.410909779880924,1.4877975563748862,Llama3.1
1121,440,1760,658,1.4954545454545454,3.0589897632598877,2009.7562744617462,21.30602215976173,1.647423528728091,Llama3.1
1122,383,1597,633,1.6527415143603132,2.762331008911133,1745.793197631836,15.836715481373032,1.577111577107787,Llama3.1
1123,375,1595,635,1.6933333333333334,2.6022706031799316,1649.8395624160767,13.49434357476643,1.4922980281881448,Llama3.1
1124,286,1830,452,1.5804195804195804,1.739526391029358,784.5264023542404,5.694645748589933,0.6184876230179903,Llama3.1
1125,257,1653,459,1.7859922178988328,1.8124189376831055,830.0878734588623,6.125246115115002,0.7244789222874567,Llama3.1
1126,289,1674,427,1.4775086505190311,1.8092682361602783,770.7482686042786,6.105977663362253,0.6642501223949506,Llama3.1
1127,277,1787,452,1.6317689530685922,2.552626609802246,1151.234601020813,12.84078726431308,0.9294238666997825,Llama3.1
1128,275,1721,429,1.56,2.0091238021850586,859.9049873352051,7.456780869009449,0.7208487279861634,Llama3.1
1129,278,1543,481,1.7302158273381294,2.231196641921997,1070.9743881225586,9.31100135024039,1.0013541404170494,Llama3.1
1130,279,1530,402,1.4408602150537635,2.9976847171783447,1202.0715715885162,20.039087017669537,1.1334788857021927,Llama3.1
1131,259,1531,382,1.4749034749034748,2.2699663639068604,864.8571846485138,9.679075242321034,0.8149739852185509,Llama3.1
1132,316,1789,473,1.4968354430379747,1.9524941444396973,921.5772361755371,7.046240022700616,0.7431832914626073,Llama3.1
1133,286,1937,777,2.7167832167832167,2.476057767868042,1921.4208278656006,11.894281850505248,1.4310915332072631,Llama3.1
1134,267,1689,663,2.4831460674157304,2.543520927429199,1683.8108539581299,12.724393858967879,1.4382626221435197,Llama3.1
1135,281,1850,765,2.7224199288256226,2.6333107948303223,2011.8494472503662,13.91977922949348,1.5689109300342192,Llama3.1
1136,254,1625,676,2.661417322834646,2.839632272720337,1916.7517840862274,17.109472760329314,1.7017158729330912,Llama3.1
1137,168,1097,433,2.5773809523809526,2.75034499168396,1188.1490364074707,15.648029393097774,1.5625676596737088,Llama3.1
1138,236,1688,685,2.902542372881356,2.5153350830078125,1720.4891967773438,12.370753313921153,1.470462815221392,Llama3.1
1139,265,1830,751,2.8339622641509434,2.5103044509887695,1882.7283382415771,12.308676878966425,1.4842638453127008,Llama3.1
1140,262,1660,644,2.4580152671755724,2.782604455947876,1789.2146651744843,16.16105694469884,1.554994653333154,Llama3.1
1141,279,2050,836,2.996415770609319,2.32023549079895,1937.3966348171234,10.17807086591835,1.3634500084320147,Llama3.1
1142,247,1915,795,3.2186234817813766,3.502246141433716,2780.7834362983704,33.18991754624624,2.094946461270929,Llama3.1
1143,203,1460,586,2.8866995073891624,3.482081890106201,2037.0179057121277,32.52737004348714,2.0128737197074718,Llama3.1
1144,269,2316,1001,3.721189591078067,2.809574604034424,2809.574604034424,16.602853929254543,1.7501551590017428,Llama3.1
1145,275,2278,969,3.5236363636363635,3.099179744720459,3000.0059928894043,22.1797507602653,1.8999533663646682,Llama3.1
1146,242,2015,823,3.4008264462809916,3.3819479942321777,2779.96125125885,29.428040968576553,1.9903902288112263,Llama3.1
1147,80,643,270,3.375,3.4736886024475098,934.4222340583801,32.25550100349479,2.0965572677642474,Llama3.1
1148,355,2744,1258,3.543661971830986,2.0747077465057373,2607.907637357712,7.962219132603107,1.3711426441371808,Llama3.1
1149,265,2090,930,3.509433962264151,2.878925323486328,2674.521625518799,17.795138882049596,1.8461813808068233,Llama3.1
1150,232,1885,773,3.331896551724138,3.555971384048462,2745.2099084854126,35.02182309027235,2.101061390541724,Llama3.1
1151,254,2012,839,3.3031496062992125,3.636364698410034,3047.2736172676086,37.95361280582762,2.1850330695147875,Llama3.1
1152,236,1935,821,3.4788135593220337,2.7572953701019287,2260.9822034835815,15.757167956680806,1.685740471578276,Llama3.1
1153,245,1951,867,3.5387755102040814,2.749044895172119,2380.672879219055,15.62769866348562,1.7604228379437115,Llama3.1
1154,246,1417,410,1.6666666666666667,2.529656171798706,1034.6293742656708,12.549190629172433,1.0533907321179496,Llama3.1
1155,275,1534,434,1.5781818181818181,2.4558675289154053,1063.3906400203705,11.656541550602407,1.0000967424283764,Llama3.1
1156,193,1212,325,1.6839378238341969,2.6701622009277344,865.1325531005859,14.442311559164272,1.0298039967572798,Llama3.1
1157,259,1481,433,1.6718146718146718,2.956385612487793,1277.1585845947266,19.22834730804209,1.2441258314811476,Llama3.1
1158,133,827,232,1.744360902255639,2.519481658935547,582.0002632141113,12.422156080906728,1.0152949135853322,Llama3.1
1159,96,553,225,2.34375,1.7154808044433594,384.2677001953125,5.559347829017449,1.00249747820178,Llama3.1
1160,162,1049,266,1.6419753086419753,2.1353225708007812,565.860481262207,8.4597749431588,0.778230800907558,Llama3.1
1161,175,1014,300,1.7142857142857142,1.9996693134307861,597.901124715805,7.386613041285004,0.8506794749205381,Llama3.1
1162,161,1007,250,1.5527950310559007,1.830586552619934,455.8160516023636,6.23754423365192,0.6530323308881011,Llama3.1
1163,128,872,290,2.265625,1.684130072593689,486.7135909795761,5.387761931337223,0.8052514725223552,Llama3.1
1164,131,793,222,1.6946564885496183,1.7995604276657104,397.702854514122,6.046988791137804,0.7235358587073251,Llama3.1
1165,140,950,222,1.5857142857142856,1.5785961151123047,348.86974143981934,4.848144794204199,0.5298027851488866,Llama3.1
1166,201,1252,382,1.900497512437811,2.0579874515533447,784.0932190418243,7.8301952947769236,0.9035202865066324,Llama3.1
1167,207,1284,343,1.6570048309178744,2.2934587001800537,784.3628754615784,9.909151263063034,0.8813056313752544,Llama3.1
1168,79,398,123,1.5569620253164558,3.2360947132110596,394.80355501174927,25.434199698696418,1.4311083691979491,Llama3.1
1169,177,1132,270,1.5254237288135593,2.0140109062194824,541.7689337730408,7.493312126196693,0.6904658604788579,Llama3.1
1170,252,1899,888,3.5238095238095237,2.1548144817352295,1911.3204452991486,8.626289696218102,1.4520550436981394,Llama3.1
1171,236,1756,845,3.580508474576271,2.483565330505371,2096.129138946533,11.983914958608139,1.7221384475062738,Llama3.1
1172,213,1756,862,4.046948356807512,2.0175249576568604,1737.0889885425568,7.519690330483428,1.4271581260553372,Llama3.1
1173,263,1835,884,3.3612167300380227,2.2575507164001465,1993.4172825813293,9.559646184607669,1.5672442659413826,Llama3.1
1174,252,1813,963,3.8214285714285716,1.750408411026001,1683.892891407013,5.756953399186824,1.339958038511349,Llama3.1
1175,205,1513,741,3.6146341463414635,2.1269941329956055,1573.975658416748,8.389610818040012,1.5008373277447344,Llama3.1
1176,222,1578,762,3.4324324324324325,2.1500914096832275,1636.2195627689362,8.585643172232006,1.4959225912625174,Llama3.1
1177,294,2014,991,3.370748299319728,2.1154768466949463,2094.322078227997,8.293539570298583,1.5002324112630578,Llama3.1
1178,204,1454,754,3.696078431372549,1.9585151672363281,1474.761920928955,7.088793573902022,1.4632955363246802,Llama3.1
1179,132,1058,378,2.8636363636363638,2.289623737335205,863.1881489753723,9.871222809734123,1.1770484516832642,Llama3.1
1180,143,961,380,2.6573426573426575,2.8213934898376465,1069.308132648468,16.800245339389072,1.6052919252384834,Llama3.1
1181,117,925,347,2.965811965811966,2.2391598224639893,774.7492985725403,9.385442535946718,1.2083534821435749,Llama3.1
1182,110,765,317,2.881818181818182,2.016235113143921,637.130295753479,7.509997351733227,1.2015486510897553,Llama3.1
1183,94,690,266,2.8297872340425534,2.6840999126434326,711.2864768505096,14.645013654473276,1.4872021344979895,Llama3.1
1184,107,889,317,2.9626168224299065,1.732439398765564,547.4508500099182,5.654430509089175,0.8884191523506825,Llama3.1
1185,178,1314,537,3.0168539325842696,2.1640446186065674,1159.9279155731201,8.706280124204616,1.2735329159710904,Llama3.1
1186,174,1190,451,2.5919540229885056,2.651268720626831,1193.070924282074,14.172007562515756,1.4464180721769413,Llama3.1
1187,68,439,174,2.5588235294117645,3.2902204990386963,569.2081463336945,26.84878313412619,1.8706008427089305,Llama3.1
1188,146,1074,404,2.767123287671233,2.0807950496673584,838.5604050159454,8.010835395142928,1.1264310407843066,Llama3.1
1189,220,1873,714,3.2454545454545456,1.6832143068313599,1200.1318007707596,5.382830261896589,0.9244122783689889,Llama3.1
1190,207,1647,617,2.9806763285024154,2.138739585876465,1317.4635848999023,8.488731566110276,1.1540365394577323,Llama3.1
1191,212,1574,625,2.94811320754717,2.240030527114868,1397.7790489196777,9.393618043122878,1.281174651928152,Llama3.1
1192,230,1790,660,2.869565217391304,2.804297685623169,1848.0321748256683,16.515472778045595,1.4894675162146578,Llama3.1
1193,238,1751,687,2.8865546218487395,2.6977806091308594,1850.6774978637695,14.846744403567698,1.524821957997062,Llama3.1
1194,241,1627,678,2.8132780082987554,2.4270524978637695,1643.114541053772,11.32545104403385,1.4569841425880898,Llama3.1
1195,227,1549,604,2.66079295154185,3.0273849964141846,1825.5131528377533,20.643179956668074,1.700231615672436,Llama3.1
1196,210,1473,579,2.757142857142857,2.522122621536255,1457.7868752479553,12.455005889000786,1.4277949053586172,Llama3.1
1197,232,1660,683,2.9439655172413794,2.4975693225860596,1703.3422780036926,12.152918206907705,1.4803635285617094,Llama3.1
1198,269,1778,391,1.453531598513011,2.0142104625701904,785.5420804023743,7.494807613431337,0.6374002608583266,Llama3.1
1199,193,1103,245,1.2694300518134716,2.7729904651641846,676.609673500061,16.006429178142398,0.8849876886455474,Llama3.1
1200,203,1451,284,1.3990147783251232,2.3914690017700195,676.7857275009155,10.92953766620511,0.6729120694762235,Llama3.1
1201,293,2013,397,1.3549488054607508,2.382505416870117,943.4721450805664,10.832007589987205,0.67617614750353,Llama3.1
1202,188,1254,236,1.2553191489361701,3.1621458530426025,743.1042754650116,23.621229270484122,0.8549225303642413,Llama3.1
1203,297,1974,427,1.4377104377104377,2.266680955886841,965.6060872077942,9.647327711246794,0.7057118102669102,Llama3.1
1204,277,1849,437,1.5776173285198556,1.5882638692855835,692.4830470085144,4.895242765238438,0.5403146878414617,Llama3.1
1205,345,2031,411,1.191304347826087,2.140855073928833,877.7505803108215,8.506708384486101,0.6234989706311335,Llama3.1
1206,268,1681,379,1.414179104477612,2.2383503913879395,846.0964479446411,9.377848740837123,0.7261505946243313,Llama3.1
1207,220,1420,298,1.3545454545454545,2.556206226348877,759.1932492256165,12.8868347258341,0.7713269969958985,Llama3.1
1208,227,1364,275,1.2114537444933922,2.955181121826172,809.7196273803711,19.205200885894207,0.8564358437918774,Llama3.1
1209,131,798,158,1.2061068702290076,3.326533317565918,522.2657308578491,27.84165603090723,0.9441982204697607,Llama3.1
1210,435,2296,588,1.3517241379310345,2.090188980102539,1226.9409313201904,8.086443196781149,0.7709501729439568,Llama3.1
1211,420,2092,606,1.4428571428571428,2.008378028869629,1215.0687074661255,7.451221873951072,0.837941490726932,Llama3.1
1212,410,2151,517,1.2609756097560976,3.0221140384674072,1559.4108438491821,20.534656884760764,1.0459108745372798,Llama3.1
1213,132,693,163,1.2348484848484849,3.514294385910034,569.3156905174255,33.59221641810249,1.1852076816879735,Llama3.1
1214,372,2021,549,1.4758064516129032,1.8930410146713257,1037.3864760398865,6.639528916566612,0.7405404871192587,Llama3.1
1215,456,2501,679,1.4890350877192982,1.859316349029541,1260.6164846420288,6.419346678368051,0.7271831870675463,Llama3.1
1216,377,2201,539,1.429708222811671,2.266207695007324,1219.2197399139404,9.642763088663031,0.7991650488540544,Llama3.1
1217,217,2181,1047,4.824884792626728,1.9062073230743408,1993.8928599357605,6.727525022682853,1.3189267955493968,Llama3.1
1218,239,2067,1040,4.351464435146443,2.1696412563323975,2254.257265329361,8.75514262531729,1.5733941836374383,Llama3.1
1219,247,2111,1002,4.05668016194332,2.0470001697540283,2049.0471699237823,7.744633638296122,1.4003553721442947,Llama3.1
1220,265,2441,1183,4.464150943396226,2.2368485927581787,2643.9550366401672,9.363775670551899,1.5626467921729483,Llama3.1
1221,259,2262,1027,3.965250965250965,2.5392158031463623,2605.2354140281677,12.669731510509513,1.6616092891983834,Llama3.1
1222,294,2469,1219,4.14625850340136,1.7919789552688599,2182.6303675174713,6.00131706077777,1.2753624978983846,Llama3.1
1223,250,2053,956,3.824,2.5585522651672363,2443.4174132347107,12.91710323200902,1.7170512347274507,Llama3.1
1224,240,2132,1063,4.429166666666666,1.9529271125793457,2074.008593559265,7.049291480679133,1.4034530547321977,Llama3.1
1225,294,2670,1341,4.561224489795919,1.7761893272399902,2380.093698501587,5.907302676024597,1.2860484553106035,Llama3.1
1226,309,1847,531,1.7184466019417475,2.465754508972168,1306.849889755249,11.772361154030106,1.0207828127429273,Llama3.1
1227,244,1303,403,1.651639344262295,2.946723222732544,1184.5827355384827,19.043450234322293,1.3115822241627408,Llama3.1
1228,328,2147,628,1.9146341463414633,1.811813473701477,1136.007048010826,6.121538621703811,0.763349666781616,Llama3.1
1229,321,1916,591,1.841121495327103,2.7820780277252197,1641.4260363578796,16.152551547152274,1.2359484356156265,Llama3.1
1230,319,1999,568,1.780564263322884,2.4690284729003906,1399.9391441345215,11.810966601736228,1.0103478042967553,Llama3.1
1231,87,563,158,1.8160919540229885,2.756324291229248,432.74291372299194,15.741873930839327,1.108909512625224,Llama3.1
1232,324,2021,726,2.240740740740741,2.3081843852996826,1673.43367934227,10.056149976420393,1.1945841021492651,Llama3.1
1233,308,1753,536,1.7402597402597402,2.7337028980255127,1462.5310504436493,15.389768384931903,1.2036430653857269,Llama3.1
1234,282,1631,475,1.6843971631205674,2.29644775390625,1088.5162353515625,9.938814559076663,0.9628430255480215,Llama3.1
1235,310,1785,534,1.7225806451612904,2.94494891166687,1569.6577699184418,19.009691188224085,1.2686484484897287,Llama3.1
1236,257,1577,469,1.8249027237354085,2.1983940601348877,1028.8484201431274,9.010531502193025,0.9412267048617214,Llama3.1
1237,273,1696,538,1.9706959706959708,2.3171308040618896,1244.2992417812347,10.14652014718439,1.058457750884248,Llama3.1
1238,319,1887,386,1.2100313479623825,2.6173923015594482,1007.6960361003876,13.699951621622974,0.7704282321173794,Llama3.1
1239,250,1315,315,1.26,2.775644302368164,871.5523109436035,16.04896405074801,0.9561857010446028,Llama3.1
1240,320,2052,418,1.30625,1.902833104133606,793.4814044237137,6.7048631349136505,0.5578711925924472,Llama3.1
1241,364,2077,456,1.2527472527472527,2.654235363006592,1207.6770901679993,14.214113266158527,0.838858810293975,Llama3.1
1242,333,1973,406,1.2192192192192193,2.849127769470215,1153.896746635437,17.27270948369451,0.8437511982102655,Llama3.1
1243,91,531,108,1.1868131868131868,2.833662271499634,303.2018630504608,17.007633479849197,0.8237812132037561,Llama3.1
1244,336,2331,682,2.0297619047619047,1.9446245431900024,1324.2893139123917,6.991006541203199,0.8196248931289812,Llama3.1
1245,322,1853,459,1.4254658385093169,2.437755823135376,1116.4921669960022,11.447322079601399,0.8692702172242336,Llama3.1
1246,319,1777,371,1.1630094043887147,2.40795636177063,890.943853855133,11.111230590850809,0.7233316148943737,Llama3.1
1247,344,1909,434,1.2616279069767442,2.890259027481079,1251.4821588993073,17.99797096689748,0.9457868540623596,Llama3.1
1248,264,1641,361,1.3674242424242424,2.2625653743743896,814.5235347747803,9.607704938975909,0.7160932750194543,Llama3.1
1249,283,1782,454,1.6042402826855124,2.109699249267578,955.6937599182129,8.245760993012572,0.773723147049682,Llama3.1
1250,176,1079,424,2.409090909090909,2.8623087406158447,1210.7565972805023,17.501887646310227,1.6188624083597558,Llama3.1
1251,184,1109,437,2.375,3.303560256958008,1440.3522720336914,27.209338918302027,1.8737502975619098,Llama3.1
1252,138,887,337,2.4420289855072466,3.325315237045288,1117.3059196472168,27.80776329826323,1.8172849035297884,Llama3.1
1253,139,807,363,2.6115107913669067,2.5669963359832764,929.252673625946,13.026637975162764,1.6612493481697186,Llama3.1
1254,134,792,307,2.291044776119403,3.6398088932037354,1113.781521320343,38.08455781206565,2.0288473200033135,Llama3.1
1255,134,795,305,2.2761194029850746,3.0870516300201416,938.463695526123,21.912376847117308,1.7030401504275068,Llama3.1
1256,237,1363,548,2.3122362869198314,2.828324317932129,1547.0934019088745,16.917089397090333,1.6375524422054066,Llama3.1
1257,196,1208,478,2.438775510204082,3.1851553916931152,1519.319121837616,24.17104409350226,1.8144984789759133,Llama3.1
1258,68,402,166,2.4411764705882355,3.941420793533325,650.3344309329987,51.491708439524324,2.3339160657372715,Llama3.1
1259,198,1115,438,2.212121212121212,3.080268621444702,1346.0773875713348,21.7642479547692,1.7416853557864898,Llama3.1
1260,216,1089,418,1.9351851851851851,2.9441537857055664,1227.7121286392212,18.99458209685539,1.6264593201350208,Llama3.1
1261,240,1046,409,1.7041666666666666,3.0289576053619385,1235.814702987671,20.675669145877105,1.704496886671109,Llama3.1
1262,225,883,341,1.5155555555555555,2.9714388847351074,1010.2892208099365,19.519986409207874,1.6506673258505893,Llama3.1
1263,176,762,312,1.7727272727272727,2.562469005584717,796.9278607368469,12.967795381504928,1.5088239798311018,Llama3.1
1264,187,783,293,1.5668449197860963,3.2625062465667725,952.6518239974976,26.114905586049968,1.7552823271711562,Llama3.1
1265,188,792,307,1.6329787234042554,2.7034575939178467,827.2580237388611,14.93126884064932,1.5069205156359333,Llama3.1
1266,346,1401,559,1.615606936416185,2.526238203048706,1409.640917301178,12.506371107344494,1.4515931197891356,Llama3.1
1267,301,1281,482,1.601328903654485,2.926649808883667,1407.7185580730438,18.664994335492903,1.5854087296638115,Llama3.1
1268,116,485,183,1.5775862068965518,3.7371275424957275,680.1572127342224,41.97723898657358,2.023215335745407,Llama3.1
1269,269,1117,417,1.550185873605948,3.1373188495635986,1305.124641418457,23.04200488370027,1.6856730957174526,Llama3.1
1270,257,1731,450,1.7509727626459144,2.155773162841797,967.9421501159668,8.634563522516434,0.8067275215711762,Llama3.1
1271,259,1562,415,1.6023166023166022,2.05082368850708,849.0410070419312,7.774302073011625,0.7841915815433838,Llama3.1
1272,258,1630,431,1.6705426356589148,1.7610315084457397,757.2435486316681,5.818436065973556,0.6702279216908393,Llama3.1
1273,281,1572,448,1.594306049822064,2.0449576377868652,914.0960640907288,7.7288311205836555,0.8389070347072611,Llama3.1
1274,264,1598,444,1.6818181818181819,2.6369335651397705,1168.1615693569183,13.970298847632918,1.0546313536096965,Llama3.1
1275,266,1451,358,1.3458646616541354,3.2099056243896484,1145.9363079071045,24.77674779354846,1.1393774146052296,Llama3.1
1276,266,1446,390,1.4661654135338347,2.804069995880127,1090.7832283973694,16.511712802362737,1.0882901481976062,Llama3.1
1277,261,1448,409,1.5670498084291187,2.8361384868621826,1157.1445026397705,17.04980022858215,1.1529051350485655,Llama3.1
1278,221,1332,353,1.5972850678733033,2.8027055263519287,986.5523452758789,16.48919843696138,1.0685391712514165,Llama3.1
1279,154,1006,265,1.7207792207792207,2.2459239959716797,592.9239349365234,9.449142493611994,0.8503065810708677,Llama3.1
1280,170,970,286,1.6823529411764706,2.7119171619415283,772.8963911533356,15.058116707686027,1.149539990348344,Llama3.1
1281,158,988,247,1.5632911392405062,2.087871789932251,513.6164603233337,8.067727062888203,0.7499918220925269,Llama3.1
1282,130,865,293,2.253846153846154,1.662300944328308,485.39187574386597,5.271426158892047,0.8095635283508293,Llama3.1
1283,123,748,215,1.7479674796747968,1.9233654737472534,411.60021138191223,6.843952897819331,0.7938684275261148,Llama3.1
1284,161,1101,270,1.6770186335403727,1.2145978212356567,326.72681391239166,3.3689388761515633,0.4281263888799806,Llama3.1
1285,194,1132,324,1.6701030927835052,2.551934242248535,824.2747602462769,12.831899796899236,1.0505098135488011,Llama3.1
1286,196,1154,296,1.510204081632653,2.9951155185699463,883.5590779781342,19.987668703404314,1.1045981803565676,Llama3.1
1287,87,436,114,1.3103448275862069,3.6440389156341553,411.77639746665955,38.24599755200261,1.362540749037322,Llama3.1
1288,177,1095,266,1.502824858757062,2.1829628944396973,578.4851670265198,8.872555798451199,0.7621713988100309,Llama3.1
1289,230,1355,400,1.7391304347826086,3.245098114013672,1294.794147491455,25.664227957118424,1.3785926904486903,Llama3.1
1290,269,1498,437,1.6245353159851301,2.9271352291107178,1276.230959892273,18.67405690067941,1.229113535958307,Llama3.1
1291,190,1126,329,1.731578947368421,2.8472957611083984,933.9130096435547,17.241094703602172,1.1965822980767702,Llama3.1
1292,229,1405,432,1.8864628820960698,3.072690010070801,1324.3293943405151,21.599928620340663,1.3598601065612426,Llama3.1
1293,129,806,228,1.7674418604651163,2.8458139896392822,645.9997756481171,17.215566259704904,1.1563035641971728,Llama3.1
1294,92,571,227,2.467391304347826,1.778120756149292,401.85529088974,5.918723236639244,1.0153321108960065,Llama3.1
1295,286,1866,533,1.8636363636363635,1.6033318042755127,852.9725198745728,4.9695624811688175,0.6594743968047208,Llama3.1
1296,173,1054,299,1.7283236994219653,2.4362118244171143,725.9911236763,11.4296610667821,0.9937227645704024,Llama3.1
1297,217,1541,409,1.8847926267281105,1.8635870218276978,760.3435049057007,6.4468202311298315,0.7118389382865592,Llama3.1
1298,300,2026,537,1.79,1.8191161155700684,975.0462379455566,6.166405650473209,0.6943210128931366,Llama3.1
1299,167,1204,308,1.844311377245509,2.8690061569213867,880.7848901748657,17.619498478740866,1.055401987662134,Llama3.1
1300,297,1867,529,1.7811447811447811,1.820993185043335,961.4844017028809,6.177991292405163,0.7429720290459766,Llama3.1
1301,261,1786,520,1.9923371647509578,1.4563976526260376,755.8703817129135,4.29047587184471,0.6105769603874961,Llama3.1
1302,306,1944,512,1.673202614379085,2.0111186504364014,1027.681630373001,7.4716708619870715,0.7626703661274761,Llama3.1
1303,299,1892,554,1.8528428093645486,1.6014149188995361,885.5824501514435,4.9600455238959045,0.6752777003867787,Llama3.1
1304,199,1233,345,1.7336683417085428,2.4118239879608154,829.6674518585205,11.154287888382163,0.9707681414300652,Llama3.1
1305,172,1079,284,1.6511627906976745,2.6225461959838867,742.1805734634399,13.770741992250857,0.9923449794067023,Llama3.1
1306,88,603,159,1.8068181818181819,3.31650710105896,524.0081219673157,27.563904285940232,1.2537046748719494,Llama3.1
1307,308,1700,540,1.7532467532467533,2.422586679458618,1305.7742202281952,11.274986403146052,1.1081376423787472,Llama3.1
1308,303,1687,551,1.8184818481848184,2.682194232940674,1475.2068281173706,14.617131524847666,1.2615729550743735,Llama3.1
1309,303,1659,473,1.561056105610561,3.2434487342834473,1530.907802581787,25.62193278971849,1.3313038546371094,Llama3.1
1310,97,466,131,1.3505154639175259,4.062170028686523,528.082103729248,58.10025359709848,1.634895777322741,Llama3.1
1311,300,1831,592,1.9733333333333334,2.0477120876312256,1210.1978437900543,7.75014914449635,0.953548021698759,Llama3.1
1312,296,1832,581,1.962837837837838,2.1805949211120605,1264.7450542449951,8.851570678880027,0.9959833066310576,Llama3.1
1313,302,1774,531,1.7582781456953642,2.3791675567626953,1260.9588050842285,10.79591213826602,1.0254673139009522,Llama3.1
1314,294,1760,553,1.880952380952381,2.534193754196167,1398.8749523162842,12.606263003048285,1.1466761116650503,Llama3.1
1315,304,1740,524,1.7236842105263157,2.108555793762207,1102.7746801376343,8.23633772078213,0.9143491737083206,Llama3.1
1316,309,1756,534,1.7281553398058251,2.5955052375793457,1383.4042916297913,13.403357530905824,1.1365777397943106,Llama3.1
1317,311,1683,537,1.7266881028938907,2.7452962398529053,1471.4787845611572,15.569225474153901,1.2613756062149144,Llama3.1
1318,197,1046,340,1.7258883248730965,2.398442506790161,813.0720098018646,11.00602122126791,1.1214292126450982,Llama3.1
1319,288,1601,477,1.65625,2.794985055923462,1330.4128866195679,16.362384230607848,1.1988632566276212,Llama3.1
1320,309,1744,533,1.7249190938511327,2.9127285480499268,1549.571587562561,18.406954369091444,1.2818573651828813,Llama3.1
1321,314,1637,472,1.5031847133757963,2.5695111751556396,1210.2397634983063,13.059439102119054,1.0665894349942813,Llama3.1
1322,330,1899,570,1.7272727272727273,2.424136161804199,1379.3334760665894,11.292470337550146,1.0478976122450785,Llama3.1
1323,307,1876,527,1.716612377850163,2.302284002304077,1211.0013852119446,9.996989546332843,0.9312930133022057,Llama3.1
1324,228,1255,367,1.6096491228070176,3.166666030883789,1158.9997673034668,23.72824310618968,1.3323372244463538,Llama3.1
1325,307,2097,581,1.8925081433224755,1.6905325651168823,980.5088877677917,5.422367700194572,0.6745709632475663,Llama3.1
1326,300,1889,536,1.7866666666666666,2.770705223083496,1482.3272943496704,15.96989237624215,1.132104942579473,Llama3.1
1327,295,2024,520,1.7627118644067796,2.350045919418335,1219.6738321781158,10.486051227045314,0.8693761804275719,Llama3.1
1328,80,537,130,1.625,2.9238641262054443,377.1784722805023,18.613071937322594,1.013321250445356,Llama3.1
1329,300,1812,579,1.93,2.564878225326538,1482.499614238739,12.999075315132812,1.1803503540739682,Llama3.1
1330,307,1666,448,1.4592833876221498,2.956700325012207,1321.6450452804565,19.234399662089572,1.1444962500849845,Llama3.1
1331,300,1685,444,1.48,2.386850118637085,1057.3746025562286,10.879171815559314,0.9053229053233293,Llama3.1
1332,300,1718,449,1.4966666666666666,3.1839301586151123,1426.4007110595703,24.141447066080115,1.197823767267831,Llama3.1
1333,298,1758,481,1.6140939597315436,2.3895697593688965,1146.9934844970703,10.908799524457596,0.9412752059248438,Llama3.1
1334,304,1751,472,1.5526315789473684,2.574378728866577,1212.5323812961578,13.123161583869491,0.999037380590093,Llama3.1
1335,163,961,266,1.6319018404907975,2.342611789703369,620.7921242713928,10.408385607859913,0.9319601655663512,Llama3.1
1336,165,1025,294,1.7818181818181817,2.322296380996704,680.4328396320343,10.199068381753406,0.9577142277025671,Llama3.1
1337,151,899,273,1.8079470198675496,2.4008519649505615,653.0317344665527,11.032571742252864,1.0479706839354994,Llama3.1
1338,172,999,295,1.7151162790697674,2.410487174987793,708.6832294464111,11.139386653929039,1.0234372179014142,Llama3.1
1339,159,919,256,1.610062893081761,3.0053186416625977,766.3562536239624,20.192649290333236,1.2030667754706588,Llama3.1
1340,210,1158,325,1.5476190476190477,2.8556504249572754,925.2307376861572,17.3857416511823,1.1526993065093751,Llama3.1
1341,166,980,242,1.4578313253012047,2.8005871772766113,674.9415097236633,16.454305529427135,0.9936069071106522,Llama3.1
1342,159,1038,279,1.7547169811320755,2.5135257244110107,698.760151386261,12.348390422409627,0.9711924905354336,Llama3.1
1343,279,1771,460,1.6487455197132617,1.82638680934906,838.3115454912186,6.211403080718211,0.6829067811406797,Llama3.1
1344,261,1637,490,1.8773946360153257,2.1029365062713623,1028.3359515666962,8.190185164941422,0.9062768342657946,Llama3.1
1345,267,1597,425,1.591760299625468,2.000706434249878,848.2995281219482,7.394277825419263,0.7663353302504586,Llama3.1
1346,268,1701,479,1.787313432835821,2.648075580596924,1265.7801275253296,14.126826530933355,1.0735653808563155,Llama3.1
1347,282,1837,465,1.648936170212766,2.0742218494415283,962.4389381408691,7.958351253473643,0.7558551351193641,Llama3.1
1348,281,1484,441,1.5693950177935942,2.5677883625030518,1129.8268795013428,13.036959504825653,1.0983798087059566,Llama3.1
1349,278,1586,397,1.4280575539568345,3.067748785018921,1214.8285188674927,21.49346176688661,1.1050612104039195,Llama3.1
1350,263,1491,396,1.505703422053232,2.433483362197876,961.225928068161,11.398518173806412,0.9300844262896227,Llama3.1
1351,323,1809,485,1.501547987616099,2.453598737716675,1187.5417890548706,11.630125269569014,0.9470760917180041,Llama3.1
1352,255,1730,454,1.780392156862745,4.339749336242676,1965.9064493179321,76.68831394792493,1.639423979932145,Llama3.1
1353,259,1562,415,1.6023166023166022,4.563455104827881,1889.2704133987427,95.91430195614939,1.7449686660106323,Llama3.1
1354,258,1631,433,1.678294573643411,4.073782444000244,1759.8740158081055,58.77887043615026,1.5566900767600853,Llama3.1
1355,281,1568,444,1.5800711743772242,2.090775966644287,926.2137532234192,8.09119122348583,0.8521964212873604,Llama3.1
1356,256,1573,427,1.66796875,4.312473297119141,1837.113624572754,74.62483025864374,1.6849298892057605,Llama3.1
1357,256,1440,360,1.40625,5.190324306488037,1863.3264260292053,179.5267651867426,1.8668137461039518,Llama3.1
1358,264,1438,386,1.4621212121212122,4.764623165130615,1834.3799185752869,117.28691116127885,1.8403691318740383,Llama3.1
1359,261,1446,407,1.5593869731800767,4.825165271759033,1959.0171003341675,124.60706070959488,1.9545395958981884,Llama3.1
1360,221,1325,345,1.5610859728506787,4.6399712562561035,1596.1501121520996,103.54137137384609,1.7379304538235447,Llama3.1
1361,270,1740,554,2.051851851851852,4.064854621887207,2247.8646059036255,58.25643869578755,1.8637834020270025,Llama3.1
1362,247,1686,525,2.125506072874494,3.7643799781799316,1972.5351085662842,43.13695171532567,1.6878805570035298,Llama3.1
1363,326,1804,559,1.7147239263803682,4.366334438323975,2436.414616584778,78.75442277287745,1.9484497144657673,Llama3.1
1364,305,1699,556,1.8229508196721311,4.279054164886475,2374.8750615119934,72.17214476566016,2.016610049425677,Llama3.1
1365,187,1044,352,1.8823529411764706,4.188563346862793,1470.1857347488403,65.92800721263637,2.031637613704836,Llama3.1
1366,287,1581,459,1.5993031358885017,4.435178756713867,2031.3118705749512,84.36720474471602,1.8536138913202822,Llama3.1
1367,307,1719,511,1.6644951140065147,4.349888801574707,2218.4432888031006,77.46984792118577,1.8618598785629064,Llama3.1
1368,306,1610,456,1.4901960784313726,4.484539031982422,2040.465259552002,88.6360829948417,1.8284280192930962,Llama3.1
1369,326,1873,548,1.6809815950920246,4.086750030517578,2235.4522666931152,59.54605403309557,1.7218771485863054,Llama3.1
1370,270,1852,530,1.962962962962963,3.567927837371826,1887.433825969696,35.44307319358138,1.470297743376114,Llama3.1
1371,173,1056,302,1.745664739884393,4.451841831207275,1340.00439119339,85.78479970700408,1.8306985700228582,Llama3.1
1372,212,1528,400,1.8867924528301887,3.9388375282287598,1571.5961737632751,51.35886335656236,1.4838573338798082,Llama3.1
1373,286,1985,539,1.8846153846153846,3.842522144317627,2067.2769136428833,46.642966504461405,1.5024937790714508,Llama3.1
1374,168,1208,308,1.8333333333333333,4.35512113571167,1337.0221886634827,77.87625836145726,1.5967841731318828,Llama3.1
1375,291,1869,538,1.8487972508591066,4.032805919647217,2165.6167788505554,56.41899652694322,1.6716557449511114,Llama3.1
1376,264,1796,528,2.0,3.6249043941497803,1910.3246157169342,37.52113574803057,1.5345299830639954,Llama3.1
1377,306,1951,519,1.696078431372549,4.316088676452637,2235.733934402466,74.89511562538348,1.6532456483391125,Llama3.1
1378,293,1884,548,1.870307167235495,3.679002046585083,2012.4141194820404,39.60684855379347,1.541029655197277,Llama3.1
1379,198,1236,344,1.7373737373737375,4.228412628173828,1450.345531463623,68.60823890482973,1.692885360694205,Llama3.1
1380,172,1077,283,1.6453488372093024,4.891170024871826,1379.309947013855,133.1092240791664,1.8476542436450394,Llama3.1
1381,88,605,162,1.8409090909090908,5.042998790740967,811.9228053092957,154.9339335263009,1.9361272806683905,Llama3.1
1382,304,1673,519,1.707236842105263,3.893625259399414,2016.8978843688965,49.0885229693839,1.7392519879010455,Llama3.1
1383,301,1650,516,1.7142857142857142,3.8346030712127686,1974.8205816745758,46.2750561201887,1.7267053695923447,Llama3.1
1384,303,1658,473,1.561056105610561,4.389919281005859,2072.0419006347656,80.63391002967134,1.802970189722508,Llama3.1
1385,97,466,131,1.3505154639175259,5.258072376251221,683.5494089126587,192.11081677870044,2.1162088893581004,Llama3.1
1386,300,1807,569,1.8966666666666667,3.4530892372131348,1961.3546867370605,31.59785495800765,1.5659306474708818,Llama3.1
1387,283,1786,551,1.9469964664310955,3.534877300262451,1944.1825151443481,34.29080698307321,1.5704717095082772,Llama3.1
1388,300,1753,513,1.71,3.838797092437744,1965.464111328125,46.46954224212425,1.617550100660764,Llama3.1
1389,228,1353,402,1.763157894736842,4.9646406173706055,1990.8208875656128,143.25705692319397,2.1227992770059676,Llama3.1
1390,272,1501,436,1.6029411764705883,4.771376609802246,2075.548825263977,118.08168252801299,1.9949260475224873,Llama3.1
1391,190,1126,329,1.731578947368421,4.699312686920166,1541.3745613098145,109.87163028593967,1.9748964793553028,Llama3.1
1392,219,1395,432,1.9726027397260273,4.5375590324401855,1955.68794298172,93.46238280876737,2.0225529009792584,Llama3.1
1393,131,808,226,1.7251908396946565,4.6770405769348145,1052.3341298103333,107.45160680279831,1.8789569683608545,Llama3.1
1394,93,572,227,2.4408602150537635,3.084429979324341,697.081175327301,21.85500548580376,1.7581740467513063,Llama3.1
1395,162,965,269,1.6604938271604939,4.780881881713867,1281.2763442993164,119.20943232141916,1.9155347439678383,Llama3.1
1396,161,1025,300,1.8633540372670807,4.222403049468994,1262.4985117912292,68.19716870982666,1.77697594350332,Llama3.1
1397,145,895,272,1.8758620689655172,4.62498664855957,1253.3713817596436,102.00141120784272,2.020371705985235,Llama3.1
1398,172,1001,297,1.7267441860465116,4.362205982208252,1291.2129707336426,78.42995882298058,1.8609655840249075,Llama3.1
1399,159,920,257,1.6163522012578617,5.189861297607422,1328.6044921875,179.44366194040816,2.0834468610670713,Llama3.1
1400,210,1158,325,1.5476190476190477,4.861680030822754,1575.1843299865723,129.24114893144775,1.9624444053174717,Llama3.1
1401,162,976,244,1.5061728395061729,5.125672817230225,1245.5384945869446,168.28733018535496,1.8411190669845183,Llama3.1
1402,157,1036,279,1.7770700636942676,4.479297161102295,1245.244610786438,88.17267970365675,1.7340812979491327,Llama3.1
1403,279,1771,460,1.6487455197132617,4.207366943359375,1931.1814270019531,67.1794195118998,1.5731823081832803,Llama3.1
1404,259,1642,499,1.9266409266409266,3.7794530391693115,1882.1676135063171,43.792082629932274,1.6537112558632028,Llama3.1
1405,263,1597,426,1.6197718631178708,4.395379543304443,1868.0363059043884,81.0753965477991,1.687543340468879,Llama3.1
1406,268,1701,479,1.787313432835821,4.435121059417725,2119.9878664016724,84.36233712554473,1.7980576023530084,Llama3.1
1407,282,1838,467,1.6560283687943262,4.518613338470459,2105.673815727234,91.70834133873228,1.652799331708064,Llama3.1
1408,270,1454,425,1.5740740740740742,4.254882335662842,1804.070110321045,70.44852742145433,1.7900433298323086,Llama3.1
1409,277,1585,396,1.4296028880866427,4.986151695251465,1969.5299196243286,146.37205398885007,1.7927009766084907,Llama3.1
1410,252,1469,390,1.5476190476190477,4.575064659118652,1779.7001523971558,97.03431308726037,1.7478315753115787,Llama3.1
1411,322,1796,474,1.4720496894409938,4.316562175750732,2041.7339091300964,74.93058680719001,1.6400887447198373,Llama3.1
1412,303,1872,529,1.7458745874587458,4.418097972869873,2332.755729675293,82.93838418294253,1.7977858562007805,Llama3.1
1413,226,1254,368,1.6283185840707965,5.234078884124756,1920.9069504737854,187.5562656994514,2.209954490795592,Llama3.1
1414,309,2089,582,1.883495145631068,3.5864930152893066,2083.752441883087,36.10722613634331,1.43907099777166,Llama3.1
1415,297,1896,544,1.8316498316498318,4.327247142791748,2349.695198535919,75.73551028996845,1.7879185709537866,Llama3.1
1416,285,1884,518,1.817543859649123,4.483255386352539,2317.8430347442627,88.52237866789963,1.7749154202678203,Llama3.1
1417,79,543,135,1.7088607594936709,4.8794379234313965,653.8446817398071,131.55669816309742,1.73719793712273,Llama3.1
1418,289,1763,537,1.8581314878892734,3.794041395187378,2033.6061878204346,44.43561978356636,1.6641370177479586,Llama3.1
1419,304,1653,440,1.4473684210526316,4.729240894317627,2076.1367526054382,113.20959167803396,1.811997699450201,Llama3.1
1420,296,1675,440,1.4864864864864864,4.652395248413086,2042.4015140533447,104.83579285080128,1.7591418124351468,Llama3.1
1421,293,1707,444,1.515358361774744,5.156126499176025,2284.1640391349792,173.49113433993134,1.9304933402676852,Llama3.1
1422,298,1763,476,1.5973154362416107,4.503086090087891,2138.965892791748,90.29536137788988,1.7503547851170103,Llama3.1
1423,293,1711,463,1.5802047781569966,4.300889015197754,1987.0107250213623,73.7653430691417,1.6754240322510245,Llama3.1
1424,154,1009,269,1.7467532467532467,4.60037088394165,1232.8993968963623,99.5212196201749,1.762832354625744,Llama3.1
1425,170,971,288,1.6941176470588235,4.379852771759033,1257.0177454948425,79.82627985711237,1.867655270581704,Llama3.1
1426,158,997,256,1.620253164556962,4.487844467163086,1144.400339126587,88.92954857036999,1.6559886600296638,Llama3.1
1427,124,869,302,2.435483870967742,2.901942014694214,873.4845464229584,18.209474120178527,1.4501401880524138,Llama3.1
1428,123,750,217,1.7642276422764227,4.423208236694336,955.4129791259766,83.36330601389396,1.8378260893146627,Llama3.1
1429,157,1101,274,1.7452229299363058,4.0148515701293945,1096.0544786453247,55.41506954042567,1.4362146783703436,Llama3.1
1430,194,1132,324,1.6701030927835052,3.914841890335083,1264.4939305782318,50.14114308494123,1.611553995476509,Llama3.1
1431,196,1154,297,1.5153061224489797,4.9377264976501465,1461.5670433044434,139.4528425187339,1.827205827818081,Llama3.1
1432,87,436,114,1.3103448275862069,5.327539920806885,602.012011051178,205.9307445597181,1.9920177589429502,Llama3.1
1433,178,1096,266,1.4943820224719102,4.894622325897217,1297.0749163627625,133.5695513268622,1.7073755013668106,Llama3.1
1434,163,1000,281,1.7239263803680982,3.429810047149658,960.3468132019043,30.870778200389317,1.385487584939907,Llama3.1
1435,165,1053,309,1.8727272727272728,3.405986785888672,1049.043930053711,30.144026752652692,1.4372749055680507,Llama3.1
1436,151,915,278,1.8410596026490067,3.8426175117492676,1064.4050507545471,46.64741493649544,1.678264358711203,Llama3.1
1437,172,1037,309,1.7965116279069768,3.4071781635284424,1049.4108743667603,30.179961073521262,1.4599612963393214,Llama3.1
1438,159,956,273,1.7169811320754718,4.021869659423828,1093.9485473632812,55.80534534005128,1.6508725358459113,Llama3.1
1439,210,1208,344,1.638095238095238,3.7736902236938477,1294.3757467269897,43.54044271207013,1.545852210968524,Llama3.1
1440,166,1004,261,1.572289156626506,4.079470157623291,1060.6622409820557,59.11414037414031,1.5241156923535721,Llama3.1
1441,159,1074,293,1.8427672955974843,3.3939614295959473,991.0367374420166,29.783704932134047,1.3312511978085428,Llama3.1
1442,286,1892,551,1.9265734265734267,2.4906156063079834,1369.8385834693909,12.06870340401354,1.0445345302270892,Llama3.1
1443,173,1094,321,1.8554913294797688,3.6642513275146484,1172.5604248046875,39.02690685152585,1.5462953473568364,Llama3.1
1444,217,1542,415,1.912442396313364,2.910946846008301,1205.1319942474365,18.374187859658296,1.1275213694665391,Llama3.1
1445,300,2039,551,1.8366666666666667,2.485982894897461,1367.2905921936035,12.012921893628649,0.9674268547385217,Llama3.1
1446,167,1227,327,1.9580838323353293,3.627736806869507,1182.6421990394592,37.62756174019809,1.3905395563979188,Llama3.1
1447,297,1913,548,1.8451178451178452,2.852029800415039,1560.0603008270264,17.322908225037295,1.176524443016673,Llama3.1
1448,261,1854,548,2.099616858237548,2.2462081909179688,1228.675880432129,9.451828273779942,0.9560974107655412,Llama3.1
1449,306,1997,539,1.761437908496732,2.9782497882843018,1602.2983860969543,19.65338893409386,1.1575502932631274,Llama3.1
1450,299,1933,580,1.939799331103679,2.3812131881713867,1378.722435951233,10.818019198961272,1.0290098402013426,Llama3.1
1451,199,1265,352,1.7688442211055277,3.3192880153656006,1165.0700933933258,27.640663823095185,1.3287279415229982,Llama3.1
1452,172,1106,303,1.7616279069767442,3.660872459411621,1105.5834827423096,38.89526261031495,1.4421517249919338,Llama3.1
1453,88,627,170,1.9318181818181819,4.355102062225342,736.0122485160828,77.87477300387364,1.6935266682100287,Llama3.1
1454,308,1802,571,1.853896103896104,3.0951459407806396,1764.2331862449646,22.090462201606265,1.412458639715508,Llama3.1
1455,303,1782,584,1.9273927392739274,3.257138252258301,1898.9116010665894,25.975096504395697,1.537345875390174,Llama3.1
1456,303,1761,510,1.683168316831683,4.271683692932129,2174.2869997024536,71.64215752407378,1.7812794275639254,Llama3.1
1457,97,498,148,1.5257731958762886,4.8131608963012695,707.5346517562866,123.12017320172373,2.0497123159556114,Llama3.1
1458,300,1877,624,2.08,2.679074287414551,1669.0632810592651,14.571597938831506,1.282871240550913,Llama3.1
1459,296,1887,601,2.0304054054054053,2.803767204284668,1682.2603225708008,16.50671395134278,1.286162493300033,Llama3.1
1460,302,1797,542,1.794701986754967,2.9334380626678467,1586.989991903305,18.79212807376516,1.274091592242245,Llama3.1
1461,154,1033,279,1.8116883116883118,3.099363327026367,861.6230049133301,22.183822943833327,1.2033487282713538,Llama3.1
1462,170,1010,304,1.7882352941176471,3.5651912689208984,1080.2529544830322,35.34621338986443,1.5430451290478433,Llama3.1
1463,158,1012,273,1.7278481012658229,3.127481460571289,850.6749572753906,22.816443007500613,1.212711998290155,Llama3.1
1464,130,879,298,2.292307692307692,1.9518866539001465,579.7103362083435,7.0419607984731405,0.9514735235493184,Llama3.1
1465,123,789,237,1.9268292682926829,3.3221278190612793,784.0221652984619,27.719269441808137,1.4335930162523678,Llama3.1
1466,161,1135,293,1.8198757763975155,2.3088715076446533,674.1904802322388,10.06306215625822,0.8569614647097794,Llama3.1
1467,194,1193,347,1.788659793814433,3.438310146331787,1189.6553106307983,31.134301276399924,1.438650307639792,Llama3.1
1468,196,1219,319,1.6275510204081634,3.990731954574585,1269.052761554718,54.09446957056452,1.501932834882228,Llama3.1
1469,87,469,126,1.4482758620689655,4.409473419189453,551.1841773986816,82.22615338756532,1.6955025146045646,Llama3.1
1470,177,1139,289,1.6327683615819208,3.6161019802093506,1041.437370300293,37.19230853945692,1.3191189899286002,Llama3.1
1471,257,1771,477,1.8560311284046693,3.0301709175109863,1442.3613567352295,20.700770411197222,1.1749788687361902,Llama3.1
1472,259,1652,451,1.7413127413127414,3.102447986602783,1396.1015939712524,22.252358135242392,1.219218429902847,Llama3.1
1473,258,1709,454,1.7596899224806202,2.7448463439941406,1243.4153938293457,15.562222519507175,1.0496601652677557,Llama3.1
1474,281,1574,449,1.597864768683274,2.060290575027466,923.0101776123047,7.848249984476369,0.8460115666653834,Llama3.1
1475,264,1644,471,1.7840909090909092,3.3532652854919434,1576.0346841812134,28.59595532128242,1.3830519605457667,Llama3.1
1476,266,1512,389,1.462406015037594,4.404995918273926,1709.1384162902832,81.85880871725176,1.6307972998510638,Llama3.1
1477,266,1499,412,1.5488721804511278,3.7254178524017334,1531.1467373371124,41.488565219992026,1.4736342927482111,Llama3.1
1478,261,1499,426,1.632183908045977,4.093627452850342,1739.7916674613953,59.95698886138295,1.6744421686634394,Llama3.1
1479,221,1401,381,1.7239819004524888,3.7817819118499756,1437.0771265029907,43.8941876634616,1.4798458556608325,Llama3.1
1480,279,1813,485,1.7383512544802868,2.6763741970062256,1295.3651113510132,14.53230637625973,1.0307869951939805,Llama3.1
1481,261,1695,513,1.9655172413793103,2.954624652862549,1512.767822265625,19.19451676062882,1.2875885753386513,Llama3.1
1482,267,1657,454,1.700374531835206,3.099015474319458,1403.8540098667145,22.1761075829551,1.222289208308265,Llama3.1
1483,268,1734,499,1.8619402985074627,3.4117343425750732,1699.0437026023865,30.31778010547269,1.413611259514467,Llama3.1
1484,282,1922,488,1.7304964539007093,3.2428011894226074,1579.2441792488098,25.60534680947842,1.1854150602263367,Llama3.1
1485,281,1579,479,1.704626334519573,3.4738707542419434,1660.510220527649,32.261376936022515,1.5171690060168954,Llama3.1
1486,278,1658,436,1.5683453237410072,4.14202880859375,1801.7825317382812,62.93036569074787,1.567806226356562,Llama3.1
1487,263,1532,416,1.5817490494296578,3.2958872318267822,1367.7932012081146,27.00135991145248,1.2880603579272762,Llama3.1
1488,323,1926,538,1.6656346749226005,3.520094156265259,1890.290561914444,33.787609629218586,1.4159464275769367,Llama3.1
1489,307,1906,547,1.781758957654723,3.244384765625,1771.43408203125,25.645926949731834,1.3408390164785822,Llama3.1
1490,228,1308,385,1.6885964912280702,3.9376819133758545,1512.0698547363281,51.299546571519286,1.667779572557948,Llama3.1
1491,307,2161,609,1.98371335504886,2.52820086479187,1537.146125793457,12.530940986756855,1.0262068916260543,Llama3.1
1492,300,1930,565,1.8833333333333333,3.557591199874878,2006.4814367294312,35.07859796358924,1.499865709018297,Llama3.1
1493,295,2047,538,1.823728813559322,3.2110447883605957,1724.33105134964,24.804988654383703,1.215282782917918,Llama3.1
1494,80,541,138,1.725,4.315468788146973,591.2192239761353,74.84870340573825,1.5766156053763247,Llama3.1
1495,300,1892,612,2.04,3.1391077041625977,1917.9948072433472,23.08326056931659,1.4625167002435309,Llama3.1
1496,307,1730,478,1.5570032573289903,3.794464349746704,1809.9594948291779,44.454418006667154,1.509375484046213,Llama3.1
1497,300,1748,465,1.55,3.4225499629974365,1588.0631828308105,30.647465368664044,1.3106927222473421,Llama3.1
1498,300,1766,478,1.5933333333333333,4.1399312019348145,1974.7471833229065,62.7985008852227,1.6132264826667078,Llama3.1
1499,298,1791,498,1.6711409395973154,3.010268211364746,1496.1033010482788,20.292841966238026,1.2051484160133779,Llama3.1
1500,304,1841,498,1.638157894736842,3.3951032161712646,1687.3662984371185,29.81773098813917,1.3223003752951643,Llama3.1
1501,230,1440,435,1.891304347826087,4.079846382141113,1770.6533298492432,59.13638474727595,1.773967207018773,Llama3.1
1502,269,1587,468,1.7397769516728625,3.962765693664551,1850.6115789413452,52.60260765287389,1.6823365769063472,Llama3.1
1503,190,1186,355,1.868421052631579,3.7830216884613037,1339.1896777153015,43.948640398338874,1.629040730901817,Llama3.1
1504,229,1462,464,2.0262008733624453,3.766885280609131,1744.0678849220276,43.245158313776386,1.7210383642617733,Llama3.1
1505,129,821,236,1.8294573643410852,3.9737191200256348,933.8239932060242,53.18195356120932,1.640954012255128,Llama3.1
1506,92,584,222,2.4130434782608696,2.549010753631592,563.3313765525818,12.794440666259849,1.3916359303588408,Llama3.1
1507,294,1812,569,1.935374149659864,3.3824501037597656,1921.2316589355469,29.44282077855631,1.5296641207203034,Llama3.1
1508,304,1781,547,1.799342105263158,3.064732551574707,1673.34397315979,21.428730140596993,1.3554885186856058,Llama3.1
1509,309,1824,567,1.8349514563106797,3.641185760498047,2060.9111404418945,38.13703131036743,1.6300801984804492,Llama3.1
1510,311,1792,574,1.8456591639871383,3.784081220626831,2168.278539419174,43.99523007374345,1.7456276205837096,Llama3.1
1511,197,1107,359,1.8223350253807107,3.5739166736602783,1279.4621691703796,35.655972830709686,1.6674559408013936,Llama3.1
1512,288,1673,499,1.7326388888888888,3.5962963104248047,1790.9555625915527,36.46293664947354,1.5444128563080317,Llama3.1
1513,309,1829,567,1.8349514563106797,3.578340768814087,2025.3408751487732,35.81406770283237,1.5975665591508192,Llama3.1
1514,314,1690,495,1.5764331210191083,3.3997955322265625,1679.4989929199219,29.957973980890195,1.4337306912802248,Llama3.1
1515,330,1983,593,1.7969696969696969,3.3414206504821777,1978.1210250854492,28.25924471145426,1.4391454327629705,Llama3.1
1516,160,1052,290,1.8125,2.325199842453003,671.9827544689178,10.228724014850515,0.921545805546781,Llama3.1
1517,180,1122,283,1.5722222222222222,2.5301148891448975,713.4923987388611,12.554948481107012,0.9174259762678484,Llama3.1
1518,167,991,258,1.5449101796407185,2.8564300537109375,734.1025238037109,17.399301360360063,1.0687044102882806,Llama3.1
1519,174,1042,290,1.6666666666666667,2.8418729305267334,821.301276922226,17.147852215588934,1.1371279071895093,Llama3.1
1520,170,1065,284,1.6705882352941177,2.8375728130340576,803.0331060886383,17.074272749868538,1.0878233613368444,Llama3.1
1521,217,1263,361,1.663594470046083,2.5498807430267334,917.957067489624,12.805576537298741,1.0485606563865844,Llama3.1
1522,159,949,250,1.5723270440251573,2.784850835800171,693.4278581142426,16.197401624105368,1.0541674732515,Llama3.1
1523,161,1084,285,1.7701863354037266,2.5665805339813232,728.9088716506958,13.02122259895413,0.9701044413195837,Llama3.1
1524,258,1755,450,1.744186046511628,2.3013064861297607,1033.2866122722626,9.987222102051978,0.8494116645824219,Llama3.1
1525,309,1837,534,1.7281553398058251,2.024282217025757,1078.9424216747284,7.570674892376082,0.8473515956205006,Llama3.1
1526,268,1658,434,1.6194029850746268,2.207751989364624,955.9566113948822,9.09524718176219,0.8318177699423489,Llama3.1
1527,309,1938,514,1.6634304207119741,2.768770694732666,1420.3793663978577,15.939028030282309,1.0573654634072227,Llama3.1
1528,309,1943,505,1.6343042071197411,2.3015522956848145,1159.9823570251465,9.989677358423481,0.8612973721044106,Llama3.1
1529,324,1777,452,1.3950617283950617,2.806652545928955,1265.8002982139587,16.554410237467163,1.0276667490090319,Llama3.1
1530,321,1850,450,1.4018691588785046,3.2515110969543457,1459.9284825325012,25.829341081142186,1.138503557730913,Llama3.1
1531,266,1725,393,1.4774436090225564,3.0149879455566406,1181.8752746582031,20.38884516288868,0.9884554189557514,Llama3.1
1532,332,2019,505,1.5210843373493976,2.3374741077423096,1178.086950302124,10.355047766635433,0.8418128781262393,Llama3.1
1533,247,1460,405,1.639676113360324,2.9544992446899414,1193.6176948547363,19.192109762289572,1.1794700884138658,Llama3.1
1534,320,1815,510,1.59375,2.425271511077881,1234.4631991386414,11.305298516399747,0.9812418377725856,Llama3.1
1535,225,1301,362,1.6088888888888888,2.8416690826416016,1025.8425388336182,17.14435701843661,1.1375695184536547,Llama3.1
1536,242,1487,450,1.859504132231405,3.064929962158203,1376.1535530090332,21.432960816293967,1.3351512484383723,Llama3.1
1537,142,882,242,1.704225352112676,2.7791478633880615,669.7746350765228,16.10529119077435,1.0955561729457084,Llama3.1
1538,100,599,243,2.43,1.879307508468628,454.79241704940796,6.548968186559298,1.095370224893299,Llama3.1
1539,168,1052,283,1.6845238095238095,2.6223859786987305,739.512845993042,13.768535858089402,1.014155433068294,Llama3.1
1540,200,1149,325,1.625,2.4757087230682373,802.1296262741089,11.890130937747317,1.0071613872722145,Llama3.1
1541,151,973,236,1.5629139072847682,2.5236921310424805,593.0676507949829,12.474569487754763,0.8793584364990642,Llama3.1
1542,119,815,271,2.277310924369748,1.8596471548080444,502.104731798172,6.421470586624665,0.8888147319903138,Llama3.1
1543,125,754,224,1.792,2.5024900436401367,558.0552797317505,12.212866701342774,1.0677766374149864,Llama3.1
1544,134,954,234,1.7462686567164178,2.1224253177642822,494.52509903907776,8.351367665822021,0.7478500083635231,Llama3.1
1545,216,1329,367,1.6990740740740742,2.6455769538879395,968.2811651229858,14.09157292599051,1.0511169564402703,Llama3.1
1546,192,1219,337,1.7552083333333333,2.9431746006011963,988.906665802002,18.975991988066575,1.1703779677232058,Llama3.1
1547,82,455,130,1.5853658536585367,3.5007312297821045,451.5943286418915,33.139675818937015,1.4318964800554672,Llama3.1
1548,173,1111,283,1.6358381502890174,2.7393999099731445,772.5107746124268,15.47769429897379,1.0031480320131771,Llama3.1
1549,259,1787,450,1.7374517374517375,2.452456474304199,1101.1529569625854,11.616848187397295,0.8889915558310801,Llama3.1
1550,260,1683,430,1.6538461538461537,2.1633806228637695,928.0902872085571,8.700501110099246,0.7955741264723702,Llama3.1
1551,247,1657,425,1.7206477732793521,2.2459187507629395,952.2695503234863,9.449092931017182,0.8291095702119837,Llama3.1
1552,293,1766,483,1.6484641638225257,2.4465503692626953,1179.2372779846191,11.54844007335624,0.963352079830017,Llama3.1
1553,291,1714,492,1.690721649484536,2.5222530364990234,1238.4262409210205,12.456630314052447,1.0423987142844324,Llama3.1
1554,244,1473,385,1.5778688524590163,2.930438280105591,1125.2882995605469,18.7358402434974,1.1021370328217077,Llama3.1
1555,230,1368,373,1.6217391304347826,2.8985812664031982,1078.2722311019897,18.14837938067306,1.1371476612128062,Llama3.1
1556,324,1815,521,1.6080246913580247,2.814443349838257,1463.5105419158936,16.683886107122106,1.163305455157454,Llama3.1
1557,211,1286,371,1.7582938388625593,2.757479429244995,1020.2673888206482,15.760068474437285,1.1445837497918203,Llama3.1
1558,318,1886,540,1.6981132075471699,2.668617010116577,1438.384568452835,14.420012664511505,1.1002917729576442,Llama3.1
1559,311,1847,521,1.67524115755627,2.3571040630340576,1225.69411277771,10.560325092026662,0.9573918885496482,Llama3.1
1560,401,2187,611,1.5236907730673317,2.5536370277404785,1557.718586921692,12.853768383179233,1.0275779060139407,Llama3.1
1561,338,1891,543,1.606508875739645,2.77876353263855,1506.089834690094,16.099102621444814,1.1490366661241023,Llama3.1
1562,211,1155,337,1.5971563981042654,2.445669174194336,821.7448425292969,11.538268127308914,1.026430484149869,Llama3.1
1563,305,1778,469,1.5377049180327869,3.1460328102111816,1472.343355178833,23.243669379656385,1.1946807969641844,Llama3.1
1564,336,1882,521,1.5505952380952381,3.1809287071228027,1654.0829277038574,24.069096316705032,1.2679794033036413,Llama3.1
1565,344,1830,469,1.3633720930232558,2.8780829906463623,1346.9428396224976,17.780155763449823,1.0618730902099867,Llama3.1
1566,359,2072,533,1.4846796657381616,2.695711851119995,1434.1187047958374,14.816061830499814,0.9985501657601631,Llama3.1
1567,269,1800,523,1.9442379182156133,2.095261335372925,1093.7264170646667,8.127564712851207,0.8766187099935827,Llama3.1
1568,199,1209,348,1.7487437185929648,2.743785858154297,952.093692779541,15.545727750669009,1.13612973452002,Llama3.1
1569,218,1533,401,1.8394495412844036,2.371978282928467,948.7913131713867,10.71857569913135,0.8929005364324116,Llama3.1
1570,292,2031,533,1.8253424657534247,2.196981191635132,1168.7939939498901,8.997809795233286,0.8302379610498827,Llama3.1
1571,193,1366,343,1.7772020725388602,2.7598929405212402,943.8833856582642,15.798151515853421,0.996878389214248,Llama3.1
1572,301,1994,565,1.8770764119601329,2.2302017211914062,1257.8337707519531,9.301742248774248,0.9100654680674564,Llama3.1
1573,282,1905,554,1.9645390070921986,1.830493450164795,1012.2628779411316,6.236963530002615,0.7666071569982471,Llama3.1
1574,353,2174,576,1.631728045325779,2.1245110034942627,1221.593827009201,8.368804171403026,0.8106657572248136,Llama3.1
1575,271,1799,523,1.929889298892989,2.190159559249878,1143.2632899284363,8.936638924348363,0.9168317280767961,Llama3.1
1576,220,1512,397,1.8045454545454545,2.5210886001586914,998.3510856628418,12.442133802806932,0.9525900531427876,Llama3.1
1577,237,1505,386,1.628691983122363,2.9286246299743652,1127.5204825401306,18.701890779911608,1.0808426635623771,Llama3.1
1578,132,885,221,1.6742424242424243,3.123943328857422,687.2675323486328,22.735858071023863,1.1203587126365737,Llama3.1
1579,426,2460,744,1.7464788732394365,2.0558981895446777,1527.5323548316956,7.81385304279472,0.8958387614281006,Llama3.1
1580,433,2427,741,1.7113163972286374,2.2570979595184326,1670.2524900436401,9.555318968673154,0.9928574307451183,Llama3.1
1581,391,2329,640,1.6368286445012787,2.706021547317505,1729.1477687358856,14.969601038139352,1.0711176088104244,Llama3.1
1582,130,741,209,1.6076923076923078,3.3428080081939697,695.3040657043457,28.298477601267408,1.3537270276674678,Llama3.1
1583,373,2223,702,1.8820375335120643,1.9955956935882568,1398.912581205368,7.356583992820884,0.9078741536401997,Llama3.1
1584,450,2656,815,1.8111111111111111,2.086409568786621,1698.3373889923096,8.055938882343458,0.9225086328522272,Llama3.1
1585,381,2380,722,1.89501312335958,2.267622470855713,1634.955801486969,9.656415091977747,0.9910683306209626,Llama3.1
1586,312,1938,538,1.7243589743589745,2.4355971813201904,1307.9156863689423,11.422638063048703,0.9736447237488948,Llama3.1
1587,248,1419,412,1.6612903225806452,2.76991605758667,1138.4354996681213,15.957294459765112,1.1574455600726905,Llama3.1
1588,325,2191,587,1.8061538461538462,1.973789095878601,1156.6404101848602,7.197898409741157,0.7616062911298377,Llama3.1
1589,360,2222,611,1.6972222222222222,2.3576371669769287,1438.1586718559265,10.565956343859135,0.9337643491890204,Llama3.1
1590,329,2094,566,1.7203647416413375,2.7821037769317627,1571.888633966446,16.15296746789305,1.0829780024131417,Llama3.1
1591,90,591,148,1.6444444444444444,2.488158702850342,365.75932931900024,12.039088160685225,0.8928581566284178,Llama3.1
1592,341,2463,784,2.2991202346041058,2.064714193344116,1616.671213388443,7.883044549058477,0.9469604313046894,Llama3.1
1593,314,1949,548,1.7452229299363058,2.290505886077881,1252.9067196846008,9.879934538479736,0.9274306368319304,Llama3.1
1594,309,1816,481,1.5566343042071198,2.184199094772339,1048.4155654907227,8.883530837156211,0.8328986437908942,Llama3.1
1595,342,1995,546,1.5964912280701755,2.7716822624206543,1510.5668330192566,15.985503214263488,1.0923745759038739,Llama3.1
1596,267,1741,486,1.8202247191011236,1.968692421913147,954.8158246278763,7.161306396301105,0.7912165738960042,Llama3.1
1597,274,1818,508,1.854014598540146,2.125650644302368,1077.7048766613007,8.378347038839538,0.8552252371293237,Llama3.1
1598,159,1035,277,1.7421383647798743,2.577385902404785,711.3585090637207,13.16268460462903,0.9915684959617359,Llama3.1
1599,177,1128,283,1.5988700564971752,2.6015799045562744,733.6455330848694,13.485026268327962,0.93832160669493,Llama3.1
1600,157,953,247,1.5732484076433122,2.6502504348754883,651.9616069793701,14.157583754172526,0.9869693360326722,Llama3.1
1601,171,1008,283,1.654970760233918,2.809189558029175,792.1914553642273,16.596462297288497,1.1338201231037515,Llama3.1
1602,169,1044,279,1.650887573964497,2.9512510299682617,820.4477863311768,19.12987080628925,1.13377006958651,Llama3.1
1603,214,1264,359,1.6775700934579438,2.6714611053466797,956.3830757141113,14.4610829299373,1.091589494084559,Llama3.1
1604,156,919,247,1.5833333333333333,2.71366024017334,667.5604190826416,15.084387072129989,1.0479718238349132,Llama3.1
1605,159,1063,285,1.7924528301886793,2.5833492279052734,733.6711807250977,13.241412484067208,0.9957326190736113,Llama3.1
1606,253,1721,438,1.7312252964426877,2.365316390991211,1033.6432628631592,10.647407028309647,0.8664915801167734,Llama3.1
1607,292,1794,517,1.7705479452054795,2.2085418701171875,1139.6076049804688,9.10243418051319,0.9164471796347107,Llama3.1
1608,257,1602,416,1.6186770428015564,2.43367600440979,1009.9755418300629,11.400714221078866,0.9095422631818824,Llama3.1
1609,321,2016,531,1.6542056074766356,2.6573102474212646,1408.3744311332703,14.257887287046369,1.0078644878525715,Llama3.1
1610,300,1904,493,1.6433333333333333,2.155759811401367,1060.6338272094727,8.634448239425526,0.8036613249549307,Llama3.1
1611,324,1776,448,1.382716049382716,2.8600170612335205,1278.4276263713837,17.461824854310095,1.0385029260706329,Llama3.1
1612,325,1869,453,1.393846153846154,3.1776862144470215,1436.3141689300537,23.991178839876525,1.1087016204782993,Llama3.1
1613,262,1698,389,1.484732824427481,2.7425498962402344,1064.109359741211,15.526525692193696,0.9041138376102327,Llama3.1
1614,335,2029,506,1.51044776119403,2.434575080871582,1229.460415840149,11.410968944081919,0.8741924321842611,Llama3.1
1615,246,1462,413,1.6788617886178863,3.128746271133423,1289.0434637069702,22.845319743557585,1.2720223068265242,Llama3.1
1616,306,1748,486,1.588235294117647,2.615468978881836,1268.5024547576904,13.673627516975412,1.0469463391501126,Llama3.1
1617,219,1279,351,1.6027397260273972,2.9318673610687256,1026.153576374054,18.762634417079326,1.1574876276976716,Llama3.1
1618,249,1514,468,1.8795180722891567,2.9136710166931152,1360.6843647956848,18.424310523932053,1.2966001223949033,Llama3.1
1619,136,860,230,1.6911764705882353,2.9946672916412354,685.7788097858429,19.97871169958441,1.1504298697962456,Llama3.1
1620,102,582,208,2.0392156862745097,2.194955587387085,454.3558065891266,8.979602240364763,1.126283280009,Llama3.1
1621,166,1046,279,1.680722891566265,2.7274932861328125,758.2431335449219,15.29449999213856,1.0458065091332378,Llama3.1
1622,201,1170,332,1.6517412935323383,2.494908332824707,825.814658164978,12.120622404445266,1.0182894974598533,Llama3.1
1623,149,954,235,1.5771812080536913,2.4488255977630615,573.0251898765564,11.574745327229783,0.8665624735213465,Llama3.1
1624,120,832,274,2.283333333333333,2.0332372188568115,555.0737607479095,7.638774762039947,0.962502598507928,Llama3.1
1625,120,725,217,1.8083333333333333,2.537984848022461,548.2047271728516,12.65414523455941,1.0908858500471175,Llama3.1
1626,134,950,231,1.7238805970149254,2.2324447631835938,513.4622955322266,9.32262986438067,0.7797573762608492,Llama3.1
1627,214,1337,358,1.6728971962616823,2.7346153259277344,976.2576713562012,15.403816847144856,1.0534346305874338,Llama3.1
1628,183,1206,336,1.8360655737704918,2.90427565574646,972.9323446750641,18.25201811842815,1.1638844683111,Llama3.1
1629,88,476,132,1.5,3.4268906116485596,448.9226701259613,30.780784384054577,1.360627121708732,Llama3.1
1630,171,1090,276,1.6140350877192982,2.516526460647583,692.0447766780853,12.38550033569817,0.9159720801711778,Llama3.1
1631,254,1757,448,1.763779527559055,2.467332601547241,1102.8976728916168,11.790953696276262,0.9056033029531666,Llama3.1
1632,264,1676,443,1.678030303030303,2.3656740188598633,1045.6279163360596,10.651215518762427,0.9000729173705806,Llama3.1
1633,248,1671,424,1.7096774193548387,2.1950769424438477,928.5175466537476,8.980692026628548,0.801656289608467,Llama3.1
1634,288,1730,479,1.6631944444444444,2.6349775791168213,1259.5192828178406,13.942999845287599,1.050348105910591,Llama3.1
1635,284,1693,493,1.7359154929577465,2.6378912925720215,1297.8425159454346,13.98368499519321,1.10596040260445,Llama3.1
1636,236,1442,382,1.61864406779661,3.146770477294922,1198.9195518493652,23.260821795071433,1.199497428486753,Llama3.1
1637,228,1361,371,1.6271929824561404,2.8873627185821533,1068.3242058753967,17.94591869953319,1.1324511637605252,Llama3.1
1638,312,1770,509,1.6314102564102564,2.839446544647217,1442.4388446807861,17.10629534599809,1.175705857630834,Llama3.1
1639,208,1282,364,1.75,2.7143638134002686,985.3140642642975,15.095003777395409,1.1088203699159527,Llama3.1
1640,316,1875,540,1.7088607594936709,2.7824811935424805,1499.757363319397,16.15906501671354,1.1539693389853876,Llama3.1
1641,294,1744,494,1.6802721088435375,2.335648536682129,1151.4747285842896,10.336161135794523,0.9525383489894034,Llama3.1
1642,377,2037,581,1.5411140583554377,2.701364755630493,1566.791558265686,14.90005278601179,1.1096722686384863,Llama3.1
1643,323,1832,530,1.6408668730650156,2.945209503173828,1558.015827178955,19.014645597808123,1.2269332464506522,Llama3.1
1644,210,1161,330,1.5714285714285714,2.7325944900512695,899.0235872268677,15.372719693130717,1.1171549275920831,Llama3.1
1645,302,1752,464,1.5364238410596027,3.145009994506836,1456.139627456665,23.21990754364931,1.19906702019043,Llama3.1
1646,331,1849,508,1.5347432024169185,3.1464426517486572,1595.2464244365692,23.253197553238802,1.2447020581560242,Llama3.1
1647,348,1843,476,1.367816091954023,2.8371055126190186,1347.6251184940338,17.0662957990874,1.0549170241067523,Llama3.1
1648,356,2098,540,1.5168539325842696,3.007366418838501,1620.970499753952,20.23404170342585,1.1146644906684133,Llama3.1
1649,278,1847,532,1.9136690647482015,2.0225045680999756,1073.949925661087,7.557228845002877,0.838864229515063,Llama3.1
1650,199,1193,345,1.7336683417085428,2.6157402992248535,899.8146629333496,13.677337953619322,1.0881459781501406,Llama3.1
1651,211,1517,393,1.8625592417061612,2.345876932144165,919.5837574005127,10.442426012590902,0.8745411512747259,Llama3.1
1652,299,2076,542,1.8127090301003344,2.218484878540039,1200.2003192901611,9.193391204105392,0.834066979148972,Llama3.1
1653,196,1387,349,1.780612244897959,2.716599464416504,945.3766136169434,15.128788689495158,0.9833382496305451,Llama3.1
1654,306,2013,565,1.84640522875817,2.202876329421997,1242.4222497940063,9.05100978030738,0.8904304115588285,Llama3.1
1655,290,1916,555,1.9137931034482758,1.897157073020935,1051.025018453598,6.666913925485514,0.7913927880862407,Llama3.1
1656,350,2147,571,1.6314285714285715,2.1375813484191895,1218.421368598938,8.478905290924153,0.8187286754498517,Llama3.1
1657,271,1811,527,1.944649446494465,2.1010518074035645,1105.153250694275,8.174763669236626,0.8803970812804791,Llama3.1
1658,227,1529,405,1.7841409691629957,2.6647825241088867,1076.5721397399902,14.364825203112705,1.0158046351616115,Llama3.1
1659,235,1491,384,1.6340425531914893,2.9089884757995605,1114.1425862312317,18.338239609024797,1.0780469376250854,Llama3.1
1660,134,887,221,1.6492537313432836,3.0234742164611816,665.16432762146,20.562606677202307,1.0818819355532379,Llama3.1
1661,428,2447,747,1.7453271028037383,2.2971744537353516,1713.6921424865723,9.946039718861444,1.0103535576525382,Llama3.1
1662,408,2243,719,1.7622549019607843,2.364445924758911,1697.6721739768982,10.63814285269094,1.091940805373008,Llama3.1
1663,400,2368,662,1.655,3.0305774211883545,2003.2116754055023,20.70918706107739,1.2204491342729689,Llama3.1
1664,128,740,210,1.640625,3.2550747394561768,680.3106205463409,25.921551824288727,1.3263253493598641,Llama3.1
1665,370,2176,703,1.9,1.9625849723815918,1377.7346506118774,7.1177023691424965,0.9134425312953328,Llama3.1
1666,446,2598,818,1.8340807174887892,2.1104681491851807,1724.2524778842926,8.252103596061668,0.9574944184311686,Llama3.1
1667,372,2335,705,1.8951612903225807,2.2936134338378906,1614.703857421875,9.910684660915098,0.9976553522941409,Llama3.1
1668,312,1958,554,1.7756410256410255,2.5914905071258545,1433.0942504405975,13.349654536902523,1.0559335894980268,Llama3.1
1669,245,1405,408,1.6653061224489796,2.7878525257110596,1134.6559779644012,16.246094244656366,1.1650979021524972,Llama3.1
1670,326,2184,587,1.8006134969325154,2.085484743118286,1222.0940594673157,8.048491987353128,0.80728435855923,Llama3.1
1671,352,2173,591,1.6789772727272727,2.5999934673309326,1533.9961457252502,13.463650081143985,1.0184485191811332,Llama3.1
1672,320,2033,548,1.7125,2.8045408725738525,1534.0838572978973,16.51948961391082,1.0886449450228672,Llama3.1
1673,91,592,147,1.6153846153846154,2.8262107372283936,412.62676763534546,16.881371522978668,1.00556518818506,Llama3.1
1674,327,2367,730,2.232415902140673,2.3477606773376465,1711.5175337791443,10.462115421492781,1.0431761125380992,Llama3.1
1675,314,1968,546,1.7388535031847134,2.680037021636963,1460.6201767921448,14.58563326990516,1.070746689878246,Llama3.1
1676,314,1836,482,1.535031847133758,2.4123032093048096,1160.3178436756134,11.159634542228329,0.911756426430165,Llama3.1
1677,342,1990,545,1.5935672514619883,2.9231467247009277,1590.1918182373047,18.599723680113474,1.1528451508709363,Llama3.1
1678,262,1728,479,1.8282442748091603,2.225890874862671,1063.9758381843567,9.261730172270164,0.8883059406100982,Llama3.1
1679,276,1828,512,1.855072463768116,2.442086696624756,1247.9063019752502,11.49700649411853,0.9848732129944086,Llama3.1
1680,258,1719,447,1.7325581395348837,2.3958559036254883,1068.5517330169678,10.977589798202699,0.8967971414525231,Llama3.1
1681,259,1613,426,1.6447876447876448,2.4339752197265625,1034.439468383789,11.40412599979873,0.9252205152740905,Llama3.1
1682,277,1782,466,1.6823104693140793,1.9459106922149658,904.8484718799591,7.0000038021186,0.7325591487862927,Llama3.1
1683,277,1649,462,1.667870036101083,2.515794038772583,1159.7810518741608,12.376432245558652,1.0146818508525393,Llama3.1
1684,251,1601,488,1.9442231075697212,2.601944923400879,1267.147177696228,13.489949455509272,1.1418531850960614,Llama3.1
1685,230,1382,376,1.6347826086956523,3.071774482727051,1151.915431022644,21.580162344729253,1.202505557062114,Llama3.1
1686,226,1362,372,1.6460176991150441,2.9604735374450684,1098.3356823921204,19.307112231750942,1.1634092820987576,Llama3.1
1687,274,1651,484,1.7664233576642336,2.9833853244781494,1440.9751117229462,19.754579235126315,1.2591687751224194,Llama3.1
1688,194,1297,358,1.8453608247422681,2.8070621490478516,1002.121187210083,16.561192364427278,1.1146918019720489,Llama3.1
1689,308,1745,549,1.7824675324675325,2.732121229171753,1497.2024335861206,15.365446107575691,1.2378260894794175,Llama3.1
1690,286,1662,488,1.7062937062937062,2.2446138858795166,1093.1269624233246,9.436771182328206,0.9488861899820377,Llama3.1
1691,353,1791,538,1.5240793201133145,2.8228557109832764,1515.8735167980194,16.824828982357218,1.2210738164709187,Llama3.1
1692,328,1744,562,1.7134146341463414,2.7720582485198975,1555.1246774196625,15.991514671302781,1.28645106655814,Llama3.1
1693,189,1041,318,1.6825396825396826,2.687809705734253,852.0356767177582,14.69944452615377,1.180814260769627,Llama3.1
1694,279,1546,457,1.6379928315412187,3.1038365364074707,1415.3494606018066,22.283278104775757,1.3207746752490916,Llama3.1
1695,311,1715,529,1.7009646302250805,3.0388991832733154,1604.5387687683105,20.882243055478003,1.34977266741465,Llama3.1
1696,306,1556,466,1.522875816993464,2.8217978477478027,1312.1359992027283,16.807040025134505,1.216588752584615,Llama3.1
1697,328,1939,584,1.7804878048780488,2.7033443450927734,1576.049753189087,14.929577987741624,1.1726452620526924,Llama3.1
1698,159,938,272,1.7106918238993711,2.3714354038238525,642.658994436264,10.712758387544389,0.988444503471094,Llama3.1
1699,166,1010,259,1.5602409638554218,2.5665159225463867,662.1611080169678,13.02038130625624,0.9458381651540799,Llama3.1
1700,159,927,257,1.6163522012578617,2.6862828731536865,687.6884155273438,14.67701806042103,1.070253146448854,Llama3.1
1701,166,1000,288,1.7349397590361446,2.5353970527648926,727.6589541435242,12.621441231415652,1.049789964601312,Llama3.1
1702,163,976,270,1.656441717791411,2.6079840660095215,701.5477137565613,13.571663677623267,1.0370075897372757,Llama3.1
1703,195,1127,334,1.7128205128205127,2.506716012954712,834.7364323139191,12.264587108720821,1.0685626542578854,Llama3.1
1704,162,955,250,1.5432098765432098,2.7152328491210938,676.0929794311523,15.10812757658315,1.0213570561310654,Llama3.1
1705,164,1066,294,1.7926829268292683,2.176222562789917,637.6332108974457,8.81295292700552,0.862955226330067,Llama3.1
1706,322,1908,529,1.6428571428571428,2.4036598205566406,1269.1323852539062,11.06359314209335,0.9596284058896185,Llama3.1
1707,245,1345,402,1.6408163265306122,2.724571704864502,1092.5532536506653,15.249881078082678,1.171911643828191,Llama3.1
1708,346,2216,615,1.777456647398844,1.8735536336898804,1150.3619310855865,6.511394444649793,0.7489266485580447,Llama3.1
1709,342,2014,578,1.6900584795321638,2.821528196334839,1628.021769285202,16.802508594024843,1.1662060243331862,Llama3.1
1710,323,2009,553,1.7120743034055728,2.548003673553467,1406.4980278015137,12.781562125903283,1.0100287355546795,Llama3.1
1711,92,570,158,1.7173913043478262,2.7932212352752686,438.53573393821716,16.333549356696818,1.1099532080794172,Llama3.1
1712,347,2135,737,2.123919308357349,2.39334774017334,1761.5039367675781,10.950090709199301,1.1903105358693074,Llama3.1
1713,322,1812,529,1.6428571428571428,2.5853662490844727,1365.0733795166016,13.268147647121085,1.0868568405508494,Llama3.1
1714,303,1716,471,1.5544554455445545,2.4599804878234863,1156.1908292770386,11.70458315586017,0.972045906596318,Llama3.1
1715,325,1867,522,1.606153846153846,2.8742713928222656,1497.4953956604004,17.71251395400983,1.157166138764497,Llama3.1
1716,272,1630,486,1.786764705882353,2.2636666297912598,1097.878315448761,9.61829130415975,0.9717200007346359,Llama3.1
1717,283,1757,522,1.8445229681978799,2.2520740032196045,1173.330555677414,9.50743385084172,0.9634366385881029,Llama3.1
1718,302,1913,542,1.794701986754967,1.6971074342727661,918.1351219415665,5.458136517130244,0.6924145255050088,Llama3.1
1719,201,1153,329,1.63681592039801,2.764066696166992,906.6138763427734,15.864226935341971,1.134403593582688,Llama3.1
1720,234,1606,409,1.7478632478632479,2.022355079650879,825.1208724975586,7.556099211019088,0.7412190478743478,Llama3.1
1721,318,2110,557,1.751572327044025,2.0866219997406006,1160.161831855774,8.057650394908123,0.7932510528184742,Llama3.1
1722,207,1343,356,1.7198067632850242,2.4931983947753906,885.0854301452637,12.09991460059098,0.9507880572104594,Llama3.1
1723,320,1975,553,1.728125,2.1860899925231934,1206.7216758728027,8.900344577157627,0.8814842417797022,Llama3.1
1724,289,1866,551,1.9065743944636677,1.5410629510879517,847.5846230983734,4.669551138404137,0.6553087526676122,Llama3.1
1725,358,2131,575,1.606145251396648,2.1836676597595215,1253.4252367019653,8.878811072067196,0.8485736147888319,Llama3.1
1726,300,1915,562,1.8733333333333333,1.8641716241836548,1045.8002811670303,6.45059015927245,0.7878699109138163,Llama3.1
1727,223,1458,395,1.7713004484304933,2.472175359725952,974.0370917320251,11.848192919716494,0.9638124018406728,Llama3.1
1728,216,1363,360,1.6666666666666667,2.7762787342071533,996.684065580368,16.059149255091928,1.0549604979793452,Llama3.1
1729,137,858,231,1.686131386861314,2.96187162399292,681.2304735183716,19.334124123721523,1.1454636664888054,Llama3.1
1730,396,2203,715,1.8055555555555556,2.2614195346832275,1614.6535477638245,9.596702354118891,1.0574002115808627,Llama3.1
1731,373,1998,707,1.8954423592493297,2.3076815605163574,1629.2231817245483,10.051094766036456,1.1764125149025748,Llama3.1
1732,364,2009,593,1.629120879120879,3.0521674156188965,1806.8831100463867,21.161159782368113,1.2975516686560224,Llama3.1
1733,122,659,197,1.6147540983606556,3.5658531188964844,698.9072113037109,35.3696150236647,1.5300606491493152,Llama3.1
1734,358,2046,710,1.9832402234636872,1.9353232383728027,1372.1441760063171,6.926282533873534,0.967539393015145,Llama3.1
1735,419,2389,819,1.954653937947494,2.0185494422912598,1651.1734437942505,7.527398085246459,0.9971283964041511,Llama3.1
1736,367,2157,683,1.8610354223433243,2.1978251934051514,1498.9167819023132,9.005407168273916,1.002540476567321,Llama3.1
1737,287,1782,462,1.6097560975609757,2.056682825088501,948.130782365799,7.819986475566314,0.7676002120276718,Llama3.1
1738,267,1656,481,1.801498127340824,2.300837516784668,1104.4020080566406,9.982539499127917,0.9621469203931936,Llama3.1
1739,287,1655,438,1.5261324041811846,2.065272331237793,902.5240087509155,7.887445603022092,0.7867473786756334,Llama3.1
1740,277,1783,473,1.7075812274368232,2.692322015762329,1270.7759914398193,14.765922849702546,1.028234560252935,Llama3.1
1741,274,1740,443,1.6167883211678833,2.329448699951172,1029.616325378418,10.27227686498379,0.8536910153113568,Llama3.1
1742,285,1543,473,1.6596491228070176,2.678234577178955,1264.1267204284668,14.55936715476924,1.1819503244441854,Llama3.1
1743,282,1564,413,1.4645390070921986,3.4278156757354736,1412.2600584030151,30.809271756546433,1.3027241577388669,Llama3.1
1744,262,1525,386,1.4732824427480915,2.5876760482788086,996.2552785873413,13.298829825060453,0.9424869179523999,Llama3.1
1745,318,1741,494,1.5534591194968554,2.307175397872925,1137.437471151352,10.046008564671443,0.9425476157101315,Llama3.1
1746,253,1416,426,1.683794466403162,3.01162052154541,1279.9387216567993,20.320302746585103,1.3040686768192258,Llama3.1
1747,270,1470,428,1.5851851851851853,2.7711212635040283,1183.26877951622,15.976537879285301,1.1612897960862496,Llama3.1
1748,216,1230,352,1.6296296296296295,2.930171251296997,1028.490109205246,18.730837902313503,1.206339496059965,Llama3.1
1749,250,1441,458,1.832,3.0348286628723145,1386.9166989326477,20.79741422497294,1.388548121912715,Llama3.1
1750,135,833,234,1.7333333333333334,2.9303789138793945,682.7782869338989,18.73472800038269,1.182522027114283,Llama3.1
1751,96,562,221,2.3020833333333335,2.026174783706665,445.7584524154663,7.585016466341169,1.1442944995269257,Llama3.1
1752,162,1029,278,1.7160493827160495,2.343109369277954,649.0412952899933,10.41356589663885,0.9099792595209162,Llama3.1
1753,177,1005,301,1.7005649717514124,2.4858286380767822,745.7485914230347,12.011068961407668,1.0705351190009371,Llama3.1
1754,158,980,252,1.5949367088607596,2.1908888816833496,549.9131093025208,8.943158992922859,0.8095478731740583,Llama3.1
1755,130,852,285,2.1923076923076925,1.7698684930801392,502.6426520347595,5.87008135430334,0.8511268326641132,Llama3.1
1756,129,753,222,1.7209302325581395,2.2885923385620117,505.7789068222046,9.861046891255242,0.9690368136236862,Llama3.1
1757,144,961,240,1.6666666666666667,1.6862621307373047,403.0166492462158,5.399261207245222,0.6050261407525519,Llama3.1
1758,211,1254,377,1.7867298578199051,2.6616597175598145,1000.7840538024902,14.320036602357927,1.151376548183099,Llama3.1
1759,200,1233,342,1.71,2.594557523727417,884.7441155910492,13.390661000600547,1.0352116366738837,Llama3.1
1760,80,411,121,1.5125,3.7520816326141357,450.2497959136963,42.609687461155865,1.5804699458052496,Llama3.1
1761,179,1107,277,1.547486033519553,2.402878522872925,663.1944723129272,11.054952558271458,0.8643065730359829,Llama3.1
