text_id,num_words,num_bytes,num_tokens,tokens_per_word,average_nll,total_nll,ppl,bpb,model
0,153,999,224,1.4640522875816993,3.947955369949341,880.394047498703,51.82928670737289,1.2714115378924338,Manaca
1,173,1103,219,1.2658959537572254,3.8145523071289062,831.5724029541016,45.35644607932955,1.0876748702466013,Manaca
2,156,945,196,1.2564102564102564,4.061064720153809,791.9076204299927,58.03607036871413,1.2089748114672274,Manaca
3,169,1018,207,1.2248520710059172,4.305710315704346,886.9763250350952,74.12184666997041,1.2570101625874748,Manaca
4,173,1070,205,1.1849710982658959,4.045127868652344,825.2060852050781,57.118489231451896,1.1126361933053848,Manaca
5,203,1254,267,1.3152709359605912,3.9091439247131348,1039.8322839736938,49.85625299316155,1.1963005418222428,Manaca
6,157,1009,198,1.2611464968152866,4.035896301269531,795.0715713500977,56.593622448348874,1.1368144827934406,Manaca
7,148,1038,212,1.4324324324324325,3.4583022594451904,729.7017767429352,31.76300537077073,1.0141976248891118,Manaca
8,189,1236,225,1.1904761904761905,5.501955986022949,1232.4381408691406,245.1710146501403,1.438537535626475,Manaca
9,178,1149,228,1.2808988764044944,5.298516750335693,1202.7633023262024,200.03988073318504,1.5102007411916845,Manaca
10,162,1014,199,1.228395061728395,5.349950790405273,1059.2902565002441,210.59793417268907,1.507132938772091,Manaca
11,126,844,189,1.5,4.185796737670898,786.9297866821289,65.74586226000872,1.3451418255617502,Manaca
12,131,826,168,1.282442748091603,5.863057613372803,979.130621433258,351.79816398498656,1.7101536221843712,Manaca
13,135,898,160,1.1851851851851851,5.788233757019043,920.3291673660278,326.4359496940595,1.4785682914748743,Manaca
14,236,1472,294,1.2457627118644068,5.29490852355957,1551.408197402954,199.31939210410076,1.5205223592307933,Manaca
15,202,1331,257,1.2722772277227723,5.789664268493652,1482.154052734375,326.90325422838157,1.6065336601903548,Manaca
16,89,515,119,1.3370786516853932,5.879356384277344,693.7640533447266,357.57902414894477,1.9434756491407055,Manaca
17,172,1193,213,1.2383720930232558,6.161994934082031,1306.3429260253906,474.37347532900765,1.579760654716856,Manaca
18,173,1266,291,1.6820809248554913,5.246926307678223,1521.6086292266846,189.98142565634026,1.733978849572821,Manaca
19,180,1215,245,1.3611111111111112,5.034257888793945,1228.3589248657227,153.58557273474634,1.4585574727040964,Manaca
20,164,1100,231,1.4085365853658536,5.944537162780762,1367.2435474395752,381.6626727216669,1.793195895980463,Manaca
21,180,1241,226,1.2555555555555555,5.85393762588501,1317.1359658241272,348.6043550169656,1.531205097559197,Manaca
22,190,1257,231,1.2157894736842105,6.41447114944458,1475.3283643722534,610.6177498771915,1.6932767819909909,Manaca
23,212,1428,272,1.2830188679245282,5.865787982940674,1589.6285433769226,352.76001549346427,1.6059868462082862,Manaca
24,167,1072,189,1.1317365269461077,6.137508392333984,1153.851577758789,462.89877067660234,1.5528506988381634,Manaca
25,172,1252,226,1.313953488372093,5.272590160369873,1186.3327860832214,194.92018369163569,1.3670259004203285,Manaca
26,237,1485,324,1.3670886075949367,5.629226207733154,1818.2400650978088,278.44657444493356,1.7664417003786093,Manaca
27,283,1798,379,1.3392226148409894,5.235584259033203,1979.0508499145508,187.8388208180909,1.5879682129248112,Manaca
28,218,1360,278,1.275229357798165,5.529594898223877,1531.697786808014,252.04178776387204,1.6248329420356784,Manaca
29,255,1621,396,1.5529411764705883,4.601463794708252,1817.5781989097595,99.6300468910187,1.617650249225789,Manaca
30,149,958,185,1.2416107382550337,5.727957248687744,1053.944133758545,307.34080586514835,1.5871816024503833,Manaca
31,107,652,133,1.2429906542056075,4.860525131225586,641.5893173217773,129.09197453791344,1.4196590895513248,Manaca
32,182,1268,329,1.8076923076923077,4.4528632164001465,1460.539134979248,85.87246379297677,1.6617606995732,Manaca
33,228,1575,418,1.8333333333333333,4.118118762969971,1717.2555241584778,61.4435436007673,1.5730006531064211,Manaca
34,157,1145,313,1.9936305732484076,4.337757110595703,1353.3802185058594,76.53568560758316,1.7052532136905023,Manaca
35,132,936,262,1.9848484848484849,4.209969520568848,1098.8020448684692,67.35448685238543,1.6936284840281977,Manaca
36,112,844,202,1.8035714285714286,4.576397895812988,919.8559770584106,97.1637690726371,1.572359782505025,Manaca
37,91,628,167,1.835164835164835,3.499243974685669,580.874499797821,33.09042530030172,1.3344343315878562,Manaca
38,164,966,213,1.298780487804878,3.3755404949188232,715.6145849227905,29.240083627608648,1.068751152024766,Manaca
39,164,1017,205,1.25,3.6999666690826416,754.7932004928589,40.445956236775615,1.070733930430439,Manaca
40,162,911,212,1.308641975308642,3.8957736492156982,822.0082399845123,49.19409761937186,1.3017642276569934,Manaca
41,167,974,217,1.2994011976047903,3.9788827896118164,859.4386825561523,53.45727782735838,1.273006083441381,Manaca
42,164,960,209,1.274390243902439,4.170783519744873,867.5229721069336,64.76617781162794,1.303719885120758,Manaca
43,200,1129,279,1.395,3.6175177097320557,1005.6699233055115,37.245000078356625,1.2850974412081893,Manaca
44,161,934,231,1.434782608695652,3.807844400405884,875.8042120933533,45.05321742152362,1.3528034192470524,Manaca
45,163,1040,258,1.5828220858895705,2.9539291858673096,759.1598007678986,19.181172248603943,1.05311161520202,Manaca
46,250,1538,386,1.544,3.907477617263794,1504.3788826465607,49.773246323924695,1.4111573170430902,Manaca
47,300,1731,425,1.4166666666666667,3.9559895992279053,1677.3395900726318,52.247372329086424,1.3979719864150855,Manaca
48,202,1253,305,1.50990099009901,4.41575288772583,1342.3888778686523,82.74411448884192,1.5456167414569872,Manaca
49,234,1487,399,1.705128205128205,3.9514527320861816,1572.6781873703003,52.01086983817914,1.5258204585295068,Manaca
50,125,872,185,1.48,4.3290791511535645,796.5505638122559,75.87438554958281,1.317866454391341,Manaca
51,116,656,153,1.3189655172413792,3.5526793003082275,540.0072536468506,34.90671788786352,1.187600284878628,Manaca
52,184,1107,265,1.440217391304348,3.871302843093872,1022.0239505767822,48.0048881938106,1.3319502124361977,Manaca
53,179,1091,222,1.2402234636871508,4.136841297149658,914.2419266700745,62.604758973013695,1.2089571895322528,Manaca
54,166,938,205,1.2349397590361446,4.322497367858887,881.7894630432129,75.37663662093738,1.3562401763758904,Manaca
55,175,1013,221,1.262857142857143,4.144723892211914,911.8392562866211,63.10019704045315,1.2986238629146978,Manaca
56,176,1045,213,1.2102272727272727,4.139373302459717,877.54714012146,62.76347540579869,1.2115147437316007,Manaca
57,226,1294,302,1.336283185840708,4.026313781738281,1211.9204483032227,56.05390302182376,1.3511836327040097,Manaca
58,171,1007,201,1.1754385964912282,3.995927095413208,799.1854190826416,54.37622921538084,1.1449660783131033,Manaca
59,173,1150,236,1.3641618497109826,3.385157346725464,795.511976480484,29.522637641069927,0.9979836377705843,Manaca
60,161,961,207,1.2857142857142858,3.276773691177368,675.0153803825378,26.490169215836364,1.0133624784616697,Manaca
61,158,1002,202,1.2784810126582278,3.671929121017456,738.0577533245087,39.32770062200282,1.0626669267574038,Manaca
62,156,899,200,1.2820512820512822,3.732226610183716,742.7130954265594,41.772014685634815,1.1918893209957606,Manaca
63,160,959,205,1.28125,3.949284553527832,805.6540489196777,51.89822314859272,1.2120053191329858,Manaca
64,156,928,188,1.205128205128205,3.9734604358673096,743.0371015071869,53.168198011562346,1.155146488729448,Manaca
65,185,1075,242,1.308108108108108,3.408686399459839,821.4934222698212,30.225513918804303,1.1024785920293714,Manaca
66,155,929,189,1.2193548387096773,3.405057191848755,640.1507520675659,30.116018065415652,0.9941252049830116,Manaca
67,151,985,216,1.4304635761589404,3.1868538856506348,685.1735854148865,24.21213335089157,1.00354978053418,Manaca
68,156,1089,249,1.5961538461538463,3.9724435806274414,985.1660079956055,53.11416112931952,1.3051369276286842,Manaca
69,149,1086,302,2.0268456375838926,3.7049190998077393,1115.1806490421295,40.64675885325589,1.481460029528928,Manaca
70,128,945,216,1.6875,4.465919494628906,960.1726913452148,87.00098971539553,1.4658586033870378,Manaca
71,110,861,255,2.3181818181818183,2.809190511703491,713.5343899726868,16.59647812491588,1.1956010753975923,Manaca
72,108,784,219,2.0277777777777777,3.6955511569976807,805.6301522254944,40.26776033083237,1.482498246691762,Manaca
73,111,905,202,1.8198198198198199,3.5991337299346924,723.4258797168732,36.5665442168655,1.1532408056555457,Manaca
74,195,1311,356,1.8256410256410256,3.733518123626709,1325.3989338874817,41.825998657150876,1.458540403599534,Manaca
75,171,1248,293,1.713450292397661,4.178178310394287,1220.0280666351318,65.246885312836,1.4103593281088578,Manaca
76,64,405,111,1.734375,4.886279106140137,537.490701675415,132.45978714798537,1.9146547403235814,Manaca
77,161,1179,293,1.8198757763975155,3.9032366275787354,1139.7450952529907,49.56260547821531,1.3946603874461485,Manaca
78,125,1023,240,1.92,3.906161069869995,933.5724956989288,49.70776060318236,1.3165790907675246,Manaca
79,134,984,212,1.5820895522388059,4.435242176055908,935.8360991477966,84.37255542699735,1.3720793692331286,Manaca
80,114,949,206,1.8070175438596492,4.110273361206055,842.6060390472412,60.96338031521247,1.2809521116507345,Manaca
81,106,822,211,1.990566037735849,3.187039852142334,669.2783689498901,24.216636415083936,1.1746527784163754,Manaca
82,85,703,181,2.1294117647058823,4.1983771324157715,755.7078838348389,66.57819572435068,1.5508620431994522,Manaca
83,102,884,173,1.696078431372549,4.029789447784424,693.1237850189209,56.24906663461288,1.1311835377477208,Manaca
84,170,1257,290,1.7058823529411764,4.941105842590332,1427.979588508606,139.92489894800775,1.638933230574406,Manaca
85,163,1224,301,1.8466257668711656,4.709901332855225,1412.9703998565674,111.04120324670016,1.6654292392123902,Manaca
86,67,451,122,1.8208955223880596,5.740128517150879,694.5555505752563,311.1043906622143,2.2218001073987272,Manaca
87,135,1139,300,2.2222222222222223,4.838521480560303,1446.7179226875305,126.282502499204,1.8324607310153493,Manaca
88,224,1438,333,1.4866071428571428,3.8583931922912598,1280.9865398406982,47.389144917328885,1.28516893496084,Manaca
89,276,1679,391,1.4166666666666667,3.369966983795166,1314.2871236801147,29.0775670110401,1.1293123976399768,Manaca
90,183,1207,270,1.4754098360655739,3.689725160598755,992.5360682010651,40.033842567815206,1.1863519995833527,Manaca
91,239,1501,397,1.6610878661087867,3.365838050842285,1332.871868133545,28.957755204091008,1.2810976910704022,Manaca
92,130,873,179,1.376923076923077,3.8641037940979004,687.8104753494263,47.66053962994028,1.1366560846026321,Manaca
93,97,571,120,1.2371134020618557,3.0391337871551514,361.656920671463,20.887142685473897,0.9137664552642608,Manaca
94,188,1312,316,1.6808510638297873,4.644440650939941,1462.9988050460815,104.00517431576584,1.6087356104165103,Manaca
95,227,1539,367,1.6167400881057268,4.6208977699279785,1691.2485837936401,101.58519133333392,1.5854164683233054,Manaca
96,158,1151,285,1.8037974683544304,4.653348922729492,1321.5510940551758,104.93581974284096,1.6564684706123252,Manaca
97,197,1365,389,1.9746192893401016,4.042488098144531,1568.4853820800781,56.967908365035164,1.6577626977536701,Manaca
98,118,882,209,1.771186440677966,4.901227951049805,1019.4554138183594,134.45478224767928,1.6675320520670671,Manaca
99,96,615,145,1.5104166666666667,3.8161227703094482,549.5216789245605,45.42773266972862,1.2890930098299849,Manaca
100,162,1033,200,1.2345679012345678,3.900655508041382,776.230446100235,49.4348434243911,1.084088882067606,Manaca
101,193,1114,236,1.2227979274611398,3.6006436347961426,846.1512541770935,36.62179792316752,1.0958152766995237,Manaca
102,140,898,173,1.2357142857142858,3.7934324741363525,652.4703855514526,44.40857023562017,1.0482358458374061,Manaca
103,120,840,204,1.7,3.2447948455810547,658.6933536529541,25.656445987004123,1.1313019461686156,Manaca
104,110,702,157,1.4272727272727272,3.8083934783935547,594.1093826293945,45.07796194419821,1.220966752229389,Manaca
105,126,930,153,1.2142857142857142,3.7833855152130127,575.0745983123779,43.964632998508506,0.8921045926091186,Manaca
106,199,1265,258,1.2964824120603016,4.214536666870117,1083.1359233856201,67.66280818627216,1.2352844468593853,Manaca
107,184,1182,224,1.2173913043478262,4.4723286628723145,997.3292918205261,87.56038440830145,1.2172944360767979,Manaca
108,77,439,98,1.2727272727272727,5.034029960632324,488.30090618133545,153.5505702466793,1.6047136578801815,Manaca
109,164,1044,199,1.2134146341463414,3.5254099369049072,698.0311675071716,33.96769537443998,0.9646035476518485,Manaca
110,180,1103,278,1.5444444444444445,4.181663513183594,1158.3207931518555,65.47468066544208,1.5150531858918883,Manaca
111,168,1116,250,1.4880952380952381,4.743264198303223,1181.0727853775024,114.80834791866181,1.5268170702446577,Manaca
112,159,1015,218,1.371069182389937,5.052653789520264,1096.4258723258972,156.4370651557082,1.558431693307318,Manaca
113,186,1153,244,1.3118279569892473,4.905473232269287,1192.0299954414368,135.02679392575646,1.4915314510097613,Manaca
114,183,1113,249,1.360655737704918,4.92871618270874,1222.3216133117676,138.20197231812242,1.5844001167082518,Manaca
115,215,1314,293,1.3627906976744186,4.830214977264404,1410.422773361206,125.23788105809385,1.5485615986948786,Manaca
116,165,1051,229,1.387878787878788,4.53019905090332,1032.885383605957,92.77702659521339,1.4178293251522445,Manaca
117,205,1303,280,1.3658536585365855,4.437471866607666,1238.0546507835388,84.56089000254667,1.370786880303092,Manaca
118,138,955,225,1.6304347826086956,4.63608980178833,1038.484115600586,103.14025920821716,1.5688124435800275,Manaca
119,156,1074,228,1.4615384615384615,4.1128668785095215,933.6207814216614,61.1216951042704,1.2541248337317596,Manaca
120,131,860,195,1.4885496183206106,4.850148677825928,940.92884349823,127.75938342140108,1.5784574143538186,Manaca
121,145,1082,245,1.6896551724137931,4.484432220458984,1094.2014617919922,88.6266161453788,1.4589639765811107,Manaca
122,133,972,216,1.6240601503759398,4.980231761932373,1070.7498288154602,145.50810098469051,1.5892648848402993,Manaca
123,161,1147,260,1.6149068322981366,4.465373516082764,1156.5317406654358,86.95350200633258,1.454684051341504,Manaca
124,137,938,200,1.4598540145985401,4.816719055175781,958.5270919799805,123.55903464498556,1.474266825327545,Manaca
125,129,1005,219,1.697674418604651,4.235132694244385,923.2589273452759,69.07084342883137,1.3253543044154161,Manaca
126,230,1355,393,1.708695652173913,4.379255771636963,1716.6682624816895,79.77863778087092,1.8277703240839902,Manaca
127,267,1510,436,1.6329588014981273,3.930863380432129,1709.925570487976,50.95094873672805,1.6337093647895595,Manaca
128,185,1130,328,1.772972972972973,4.098945140838623,1340.3550610542297,60.27667065154785,1.7112598226666913,Manaca
129,229,1354,443,1.9344978165938864,3.6725268363952637,1623.2568616867065,39.35121442001769,1.7295898260298326,Manaca
130,130,811,222,1.7076923076923076,4.000795841217041,884.1758809089661,54.64161878613315,1.572868259754619,Manaca
131,91,547,145,1.5934065934065933,3.612340211868286,520.1769905090332,37.052662513338475,1.371950209491641,Manaca
132,308,1973,547,1.775974025974026,2.0745317935943604,1132.6943593025208,7.960818280211347,0.8282476102425993,Manaca
133,186,1094,312,1.6774193548387097,3.039151430130005,945.1760947704315,20.887511200057897,1.2464358909434172,Manaca
134,225,1567,378,1.68,2.495272159576416,940.7176041603088,12.125033013423481,0.8660935688570672,Manaca
135,311,2053,514,1.652733118971061,2.5374252796173096,1301.6991684436798,12.647066355435214,0.9147369386473377,Manaca
136,179,1229,312,1.7430167597765363,3.147089958190918,978.7449769973755,23.268254370479834,1.1489263829203387,Manaca
137,320,1968,495,1.546875,2.433811664581299,1202.3029623031616,11.402260948837725,0.8813803462199601,Manaca
138,283,1863,488,1.7243816254416962,2.3679184913635254,1153.1763052940369,10.67514872779239,0.8930122044650373,Manaca
139,333,2045,555,1.6666666666666667,2.5815317630767822,1430.1685967445374,13.217368538728818,1.0089472577792038,Manaca
140,312,1957,566,1.814102564102564,2.157804250717163,1219.1594016551971,8.652118902020199,0.8987609723153341,Manaca
141,201,1240,354,1.7611940298507462,3.1187314987182617,1100.9122190475464,22.617670893963474,1.280871450704806,Manaca
142,179,1105,293,1.6368715083798884,3.4545586109161377,1008.7311143875122,31.644318142685382,1.3170057704228613,Manaca
143,96,630,161,1.6770833333333333,3.750922441482544,600.147590637207,42.560323306104024,1.374333258434537,Manaca
144,317,1721,498,1.5709779179810726,4.030589580535889,2003.2030215263367,56.29409136554537,1.6792626757988574,Manaca
145,311,1749,514,1.652733118971061,3.859262466430664,1979.8016452789307,47.4303569851913,1.6330760523657655,Manaca
146,329,1820,490,1.4893617021276595,3.928943157196045,1921.253203868866,50.8532054155952,1.5229574008316733,Manaca
147,102,494,142,1.392156862745098,4.439540386199951,625.9751944541931,84.73598689349943,1.8281200582157267,Manaca
148,310,1849,530,1.7096774193548387,3.870206356048584,2047.339162349701,47.952280303001764,1.5974505443697555,Manaca
149,302,1821,493,1.6324503311258278,3.9427576065063477,1939.836742401123,51.56058925349433,1.5368439584823186,Manaca
150,304,1782,484,1.5921052631578947,3.9252548217773438,1895.898078918457,50.6659872109142,1.5349061484211957,Manaca
151,156,1212,452,2.8974358974358974,5.612176895141602,2531.0917797088623,273.739492037162,3.012865972459403,Manaca
152,168,1101,454,2.7023809523809526,5.4748735427856445,2480.117714881897,238.62028976550718,3.249821551390537,Manaca
153,158,1134,442,2.7974683544303796,5.219712257385254,2301.893105506897,184.88097828015674,2.9285094955655167,Manaca
154,123,865,341,2.772357723577236,4.533281326293945,1541.3156509399414,93.06343210468225,2.5706918451509804,Manaca
155,129,910,349,2.705426356589147,5.809168815612793,2021.590747833252,333.34194187741383,3.2049878534132348,Manaca
156,149,1145,402,2.697986577181208,5.171900749206543,2073.9322004318237,176.24952545001042,2.613145590133562,Manaca
157,209,1266,431,2.062200956937799,5.808457374572754,2497.636671066284,333.10487307983124,2.8462306787438765,Manaca
158,199,1271,451,2.2663316582914574,5.451068878173828,2452.9809951782227,233.00708904153382,2.784345804200233,Manaca
159,85,486,164,1.9294117647058824,6.026930332183838,982.3896441459656,414.4408789454029,2.916231826810819,Manaca
160,179,1242,458,2.558659217877095,5.660702228546143,2586.940918445587,287.350357346496,3.0049652448584454,Manaca
161,317,1779,511,1.61198738170347,3.4843263626098633,1777.0064449310303,32.60045882336155,1.4410783506069276,Manaca
162,312,1641,490,1.5705128205128205,3.1973226070404053,1563.4907548427582,24.46693482495702,1.3745523208332657,Manaca
163,326,1795,537,1.647239263803681,3.2628843784332275,1748.90602684021,26.12478233127989,1.4056479397789365,Manaca
164,338,1760,544,1.6094674556213018,3.346792221069336,1817.3081760406494,28.41144966300839,1.4896713030345525,Manaca
165,213,1095,297,1.3943661971830985,3.3883016109466553,1002.93727684021,29.615610703659684,1.3213996672329247,Manaca
166,296,1566,392,1.3243243243243243,4.302010536193848,1682.0861196517944,73.84811885889454,1.5496406789079202,Manaca
167,326,1755,475,1.4570552147239264,4.172152519226074,1977.6002941131592,64.85490339423257,1.6256832690470715,Manaca
168,310,1571,394,1.270967741935484,4.237882614135742,1665.4878673553467,69.26104411355323,1.5294660005692515,Manaca
169,336,1879,486,1.4464285714285714,3.9704065322875977,1925.6471681594849,53.006075141136066,1.4785107078262718,Manaca
170,257,1736,445,1.7315175097276265,3.143427610397339,1395.6818590164185,23.183193786222176,1.1598751708880624,Manaca
171,261,1525,375,1.4367816091954022,3.830517053604126,1432.6133780479431,46.08636119396652,1.3552945678825923,Manaca
172,262,1640,359,1.3702290076335877,3.196058988571167,1144.1891179084778,24.43603747956593,1.0065341257595601,Manaca
173,284,1582,435,1.5316901408450705,3.2502734661102295,1410.6186842918396,25.79739366556832,1.286404918086695,Manaca
174,263,1517,397,1.5095057034220531,4.486338138580322,1776.5899028778076,88.79569229058656,1.6895698368986276,Manaca
175,265,1434,359,1.3547169811320754,4.2830681800842285,1533.3384084701538,72.46242706061587,1.5426357865442586,Manaca
176,269,1419,357,1.3271375464684014,4.300485134124756,1530.972707748413,73.73555665872146,1.5565375145912501,Manaca
177,264,1453,386,1.4621212121212122,4.2037434577941895,1618.441231250763,66.93643634387873,1.606962930692157,Manaca
178,217,1294,320,1.4746543778801844,4.337895393371582,1383.7886304855347,76.54626990643902,1.542801387047922,Manaca
179,217,1416,568,2.6175115207373274,5.461441516876221,3096.637340068817,235.4365656502328,3.155016478777453,Manaca
180,260,1619,673,2.5884615384615386,4.627114295959473,3109.4208068847656,102.21866528326282,2.7708128339281104,Manaca
181,176,1219,498,2.8295454545454546,5.27833366394043,2623.3318309783936,196.04292962386617,3.1047316022630786,Manaca
182,214,1380,608,2.8411214953271027,4.588156700134277,2785.0111169815063,98.31304261923013,2.911537483543371,Manaca
183,121,826,327,2.7024793388429753,5.264065265655518,1716.0852766036987,193.2655723622163,2.997321692855595,Manaca
184,83,570,233,2.8072289156626504,5.174999237060547,1200.5998229980469,176.79647939137158,3.038770896020087,Manaca
185,244,1421,441,1.8073770491803278,3.658529281616211,1609.7528839111328,38.80423078814272,1.6343296992788872,Manaca
186,283,1583,498,1.7597173144876326,3.2042884826660156,1592.5313758850098,24.63796344034526,1.4513816288372592,Manaca
187,199,1221,386,1.9396984924623115,3.2161660194396973,1238.2239174842834,24.932346569502535,1.4630462778580515,Manaca
188,240,1434,487,2.029166666666667,3.1215741634368896,1517.0850434303284,22.682056819473527,1.5262838694307899,Manaca
189,142,854,230,1.619718309859155,3.2347946166992188,740.7679672241211,25.40115427016445,1.2514078135405593,Manaca
190,93,570,177,1.903225806451613,2.474263906478882,435.4704475402832,11.872964283638447,1.1021948335439722,Manaca
191,224,1790,694,3.0982142857142856,5.228310585021973,3623.219235420227,186.4774993748793,2.920223699996795,Manaca
192,221,1584,637,2.8823529411764706,5.861348628997803,3727.8177280426025,351.19745986276473,3.3952677712026675,Manaca
193,212,1610,642,3.0283018867924527,5.181171417236328,3321.1308784484863,177.89107365818379,2.976011831354558,Manaca
194,244,1631,644,2.639344262295082,5.560664653778076,3575.507372379303,259.9955859557318,3.162701872957418,Manaca
195,228,1575,600,2.6315789473684212,5.372501373291016,3218.1283226013184,215.40099268799133,2.947795410769041,Manaca
196,231,1408,564,2.4415584415584415,5.359708786010742,3017.516046524048,212.66300698853303,3.0918717586101665,Manaca
197,221,1437,588,2.660633484162896,5.146275520324707,3020.863730430603,171.7904672155539,3.032835854623219,Manaca
198,242,1484,568,2.347107438016529,5.7588210105896,3265.251513004303,316.97439907162664,3.174368035759092,Manaca
199,206,1383,561,2.7233009708737863,5.323164463043213,2980.972099304199,205.0316716468018,3.109641116915785,Manaca
200,233,1373,390,1.6738197424892705,4.217426776885986,1640.5790162086487,67.8586440031273,1.7238566721563815,Manaca
201,272,1501,428,1.5735294117647058,3.7000508308410645,1579.9217047691345,40.44936038282104,1.5185511049055744,Manaca
202,195,1155,332,1.7025641025641025,4.174317836761475,1381.699203968048,64.99548700295702,1.7258619823073,Manaca
203,230,1375,450,1.9565217391304348,3.5265161991119385,1583.4057734012604,34.00529334486513,1.6613612050916016,Manaca
204,131,821,197,1.5038167938931297,4.453271865844727,872.8412857055664,85.90756269869621,1.5337926849824208,Manaca
205,96,578,168,1.75,3.7525758743286133,626.6801710128784,42.63075215123549,1.5642013407330921,Manaca
206,454,1834,654,1.4405286343612336,4.3213653564453125,2821.851577758789,75.29135768543652,2.2197771414161953,Manaca
207,323,1333,452,1.3993808049535603,4.878974437713623,2200.417471408844,131.4957376406784,2.3814939038912017,Manaca
208,487,2119,774,1.5893223819301847,3.9473884105682373,3051.3312413692474,51.799909935563335,2.077461278920707,Manaca
209,463,2041,718,1.550755939524838,4.0997443199157715,2939.516677379608,60.324861759670476,2.0778178016001783,Manaca
210,494,2220,769,1.55668016194332,4.166825771331787,3200.1221923828125,64.51035614699356,2.079639827562793,Manaca
211,137,579,219,1.5985401459854014,4.414746284484863,962.4146900177002,82.66086590120487,2.3980499146238774,Manaca
212,500,2390,909,1.818,2.945858955383301,2674.839931488037,19.026998712348526,1.614635273778061,Manaca
213,414,1844,630,1.5217391304347827,3.8869035243988037,2444.8623168468475,48.75966939787312,1.9127932430429764,Manaca
214,419,1767,600,1.431980906921241,4.088036060333252,2448.733600139618,59.62268129589921,1.9993071994225269,Manaca
215,454,1883,664,1.4625550660792952,4.309585094451904,2857.2549176216125,74.40960957493414,2.1891383431801934,Manaca
216,406,1759,647,1.5935960591133005,3.772104263305664,2436.779354095459,43.471444023700634,1.9985955030665892,Manaca
217,433,1883,649,1.4988452655889146,3.7690813541412354,2442.3647174835205,43.340232217773305,1.8712625947719859,Manaca
218,348,2029,690,1.9827586206896552,3.3408925533294678,2301.8749692440033,28.24432502465321,1.6367193705641987,Manaca
219,347,1899,684,1.9711815561959654,3.3987512588500977,2321.3471097946167,29.92670599525309,1.7635576426975363,Manaca
220,362,2125,785,2.1685082872928176,3.116474151611328,2443.3157348632812,22.566672542152038,1.6588044677709313,Manaca
221,381,1971,756,1.984251968503937,3.1249122619628906,2359.3087577819824,22.757898272606262,1.7269218897909522,Manaca
222,215,1202,421,1.958139534883721,3.417672872543335,1435.4226064682007,30.49835880652164,1.7228594641693704,Manaca
223,315,1793,569,1.8063492063492064,3.762382745742798,2137.033399581909,43.05088317417202,1.7195133785783063,Manaca
224,349,1972,640,1.833810888252149,3.730308771133423,2383.667304754257,41.69197945653668,1.7438666327069616,Manaca
225,341,1859,628,1.8416422287390029,3.405499219894409,2135.2480108737946,30.129333132623763,1.6570799980396165,Manaca
226,381,2167,655,1.7191601049868765,3.682965040206909,2408.6591362953186,39.764121672340316,1.6035812603254038,Manaca
227,153,1098,362,2.366013071895425,3.2140612602233887,1160.2761149406433,24.87992516984049,1.5245214909715656,Manaca
228,183,1097,372,2.0327868852459017,3.907417058944702,1449.6517288684845,49.770232231056696,1.9064770831856654,Manaca
229,166,1075,353,2.1265060240963853,3.352654457092285,1180.1343688964844,28.578493433308303,1.5837897689205438,Manaca
230,133,891,320,2.406015037593985,2.881211519241333,919.1064746379852,17.83586859332784,1.488204661065274,Manaca
231,124,832,280,2.2580645161290325,3.353036642074585,935.4972231388092,28.589417791745163,1.622160101667976,Manaca
232,163,1159,360,2.208588957055215,2.9028072357177734,1042.1077976226807,18.225236157855157,1.2971904673873693,Manaca
233,218,1282,398,1.8256880733944953,3.6460886001586914,1447.4971742630005,38.32447017589849,1.6289368135803577,Manaca
234,210,1330,399,1.9,3.537627696990967,1407.9758234024048,34.3852501249358,1.5272779985821086,Manaca
235,98,507,162,1.653061224489796,3.9690916538238525,639.0237562656403,52.9364243956529,1.8183755506403885,Manaca
236,190,1198,368,1.936842105263158,3.314126491546631,1216.2844223976135,27.498363437736845,1.4647141106039518,Manaca
237,323,1972,538,1.6656346749226005,2.7503652572631836,1476.9461431503296,15.648346512690429,1.0805186999914105,Manaca
238,231,1293,379,1.6406926406926408,3.3307676315307617,1259.030164718628,27.959796288799758,1.4047924013682749,Manaca
239,334,2165,590,1.7664670658682635,2.5075502395629883,1476.9470911026,12.274822822485213,0.9841959556531646,Manaca
240,316,1981,555,1.7563291139240507,3.3999314308166504,1883.5620126724243,29.962045503966944,1.3717342629426257,Manaca
241,306,2064,540,1.7647058823529411,3.0319607257843018,1634.2268311977386,20.737853997698643,1.1422921245429567,Manaca
242,85,538,163,1.9176470588235295,2.7237231731414795,441.2431540489197,15.236946558666707,1.1832329185363966,Manaca
243,313,1841,492,1.571884984025559,4.2096686363220215,2066.9473004341125,67.33422399687836,1.6197580771945272,Manaca
244,323,1720,455,1.4086687306501549,3.75981068611145,1706.9540514945984,42.940296014815715,1.4317524099515007,Manaca
245,312,1772,482,1.544871794871795,2.9165210723876953,1402.8466358184814,18.476895734854416,1.142144404414836,Manaca
246,313,1774,476,1.5207667731629393,3.88765811920166,1846.6376066207886,48.79647707668475,1.5017671462180813,Manaca
247,312,1807,508,1.6282051282051282,3.057655096054077,1550.2311336994171,21.27760467885717,1.2376927331598366,Manaca
248,317,1755,487,1.5362776025236593,3.569516897201538,1734.7852120399475,35.499439129996645,1.4260775056510206,Manaca
249,261,1938,867,3.32183908045977,4.3217058181762695,3742.5972385406494,75.31699587556385,2.786081773006875,Manaca
250,162,1217,534,3.2962962962962963,4.697356224060059,2503.6908674240112,109.65688066523495,2.9680052574787252,Manaca
251,192,1563,676,3.5208333333333335,4.710870742797852,3179.83775138855,111.14889988583111,2.9350839121943526,Manaca
252,262,2126,908,3.4656488549618323,4.38862419128418,3980.482141494751,80.52954947430099,2.701139156106095,Manaca
253,132,1165,522,3.9545454545454546,4.7929229736328125,2497.1128692626953,120.65352080679884,3.092336783712705,Manaca
254,232,1886,797,3.435344827586207,4.3788981437683105,3485.602922439575,79.75011181782108,2.666310737386879,Manaca
255,218,1682,698,3.2018348623853212,4.335127830505371,3021.5840978622437,76.33471617146085,2.5916910782489957,Manaca
256,252,1953,844,3.3492063492063493,4.528533935546875,3817.5541076660156,92.622670689363,2.820054469767052,Manaca
257,257,1980,889,3.4591439688715955,4.059980869293213,3605.263011932373,57.97320200002162,2.626916701219819,Manaca
258,164,1361,578,3.524390243902439,5.113332748413086,2950.3929958343506,166.2234135768765,3.127492537666238,Manaca
259,152,1145,509,3.348684210526316,4.843980312347412,2460.7419986724854,126.97374240266947,3.100524260604359,Manaca
260,90,666,286,3.1777777777777776,5.26576042175293,1500.741720199585,193.5934655121439,3.250919875956627,Manaca
261,274,1931,777,2.835766423357664,4.4997639656066895,3491.816837310791,89.99588666887824,2.6088176255209024,Manaca
262,273,1841,698,2.5567765567765566,4.7399115562438965,3303.718354701996,114.42408113709139,2.5889506175026695,Manaca
263,268,1897,755,2.8171641791044775,4.739254474639893,3573.397873878479,114.34891987456692,2.7176190784225867,Manaca
264,82,546,225,2.7439024390243905,5.522763729095459,1237.0990753173828,250.32591506510866,3.26878516675588,Manaca
265,262,1885,738,2.816793893129771,4.534348964691162,3341.8151869773865,93.16284325631244,2.557676497517082,Manaca
266,264,1885,681,2.5795454545454546,4.559674263000488,3100.578498840332,95.5523498245161,2.3730446812540547,Manaca
267,259,1901,745,2.8764478764478763,4.579314708709717,3407.0101432800293,97.44759133435443,2.5856268479581774,Manaca
268,251,1529,560,2.231075697211155,4.764131546020508,2663.149534225464,117.22926484556275,2.512827093638214,Manaca
269,290,1510,555,1.9137931034482758,4.833776473999023,2677.912166595459,125.6847105811682,2.5585500680023103,Manaca
270,214,1246,468,2.1869158878504673,4.685701847076416,2188.2227625846863,108.38631623863272,2.5336582086206056,Manaca
271,309,1451,533,1.7249190938511327,4.572429180145264,2432.5323238372803,96.7789178875869,2.418609455825052,Manaca
272,335,1516,529,1.5791044776119403,4.462575912475586,2356.2400817871094,86.71058053289524,2.2423059901966154,Manaca
273,322,1384,496,1.5403726708074534,4.393441200256348,2174.753394126892,80.91839682534562,2.266984058427246,Manaca
274,309,1340,479,1.5501618122977345,4.21811580657959,2016.259355545044,67.90541673586348,2.170781621933442,Manaca
275,345,1480,515,1.4927536231884058,4.46377420425415,2294.3799409866333,86.8145473875354,2.2365476775517084,Manaca
276,267,1135,413,1.546816479400749,4.456679821014404,1836.1520862579346,86.2008312603261,2.333927320847794,Manaca
277,255,1692,1039,4.074509803921568,3.1513640880584717,3271.1159234046936,23.367918748975065,2.789138723917774,Manaca
278,286,1835,1165,4.073426573426573,2.6478071212768555,3082.0474891662598,14.123034561705653,2.4231360372776263,Manaca
279,223,1372,831,3.726457399103139,3.088317632675171,2563.303635120392,21.9401355419669,2.6953829757149,Manaca
280,259,1554,930,3.5907335907335907,2.93560791015625,2727.1797485351562,18.832948396589266,2.5318460095395623,Manaca
281,138,912,520,3.7681159420289854,3.3487348556518555,1737.993390083313,28.466696372373054,2.7493360142225804,Manaca
282,93,638,408,4.387096774193548,2.9194791316986084,1188.2280066013336,18.53163240556622,2.6869132485409444,Manaca
283,332,1914,522,1.572289156626506,3.277132987976074,1707.3862867355347,26.49968875890106,1.2869580610006153,Manaca
284,234,1247,340,1.452991452991453,4.048549652099609,1372.4583320617676,57.314271102992926,1.5878418841156778,Manaca
285,335,2079,604,1.8029850746268656,2.7200586795806885,1640.1953837871552,15.181213046033607,1.1381922781523324,Manaca
286,335,1910,539,1.608955223880597,3.490279197692871,1877.7702083587646,32.79510274516346,1.418350663627343,Manaca
287,310,1991,511,1.6483870967741936,3.5887906551361084,1830.2832341194153,36.19028291861881,1.3262383451965314,Manaca
288,88,508,139,1.5795454545454546,3.8170580863952637,526.7540159225464,45.47024183549103,1.4959555246846532,Manaca
289,316,1815,445,1.4082278481012658,4.436466693878174,1969.7912120819092,84.47593440661171,1.5657344425659674,Manaca
290,306,1598,393,1.2843137254901962,4.151615142822266,1627.4331359863281,63.53653805266082,1.4692676562364517,Manaca
291,309,1648,402,1.3009708737864079,3.560290575027466,1427.6765205860138,35.17341617670863,1.2498190753902017,Manaca
292,315,1703,422,1.3396825396825396,4.410224914550781,1856.704689025879,82.28796918464913,1.5729058410175691,Manaca
293,311,1703,430,1.382636655948553,3.761319875717163,1613.606226682663,43.0051499893901,1.3669651797901528,Manaca
294,310,1671,412,1.3290322580645162,4.027511119842529,1655.3070702552795,56.121058691801935,1.4291462007215623,Manaca
295,278,1890,598,2.1510791366906474,2.9575886726379395,1765.6804375648499,19.251494087133537,1.3477981010949545,Manaca
296,255,1737,586,2.2980392156862743,3.377459764480591,1975.8139622211456,29.296257118891287,1.6410460593066325,Manaca
297,284,1769,587,2.066901408450704,2.9607391357421875,1734.9931335449219,19.31224084892783,1.4149609891134323,Manaca
298,270,1790,604,2.237037037037037,3.729583740234375,2248.938995361328,41.66176243864773,1.8125883440612265,Manaca
299,298,1997,609,2.0436241610738257,3.676443338394165,2235.2775497436523,39.505635728245224,1.6148341692667003,Manaca
300,283,1562,506,1.7879858657243817,3.792379856109619,1915.1518273353577,44.36184956787114,1.7688732675071426,Manaca
301,292,1675,537,1.8390410958904109,3.767319440841675,2019.2832202911377,43.26393771810658,1.7392297839189974,Manaca
302,264,1594,497,1.8825757575757576,3.4384076595306396,1705.4501991271973,31.13733742974153,1.5435662137791109,Manaca
303,332,1825,583,1.7560240963855422,3.7429215908050537,2178.3803658485413,42.22116310883041,1.7220485210846994,Manaca
304,145,1074,439,3.027586206896552,5.057056903839111,2214.9909238815308,157.12739412066145,2.9753784185269536,Manaca
305,144,1028,449,3.1180555555555554,4.9530768394470215,2218.9784240722656,141.61000555281908,3.1141139768955886,Manaca
306,127,910,384,3.0236220472440944,5.553894519805908,2127.141601085663,258.2413259946138,3.3723259770932916,Manaca
307,157,1162,509,3.2420382165605095,5.329794406890869,2707.5355587005615,206.3955362939743,3.361573256082469,Manaca
308,126,988,432,3.4285714285714284,5.403049468994141,2328.7143211364746,222.08261871077912,3.40042975986913,Manaca
309,212,1463,672,3.169811320754717,4.557363986968994,3057.991235256195,95.33185232408185,3.015549412293936,Manaca
310,251,1693,817,3.254980079681275,3.46760892868042,2829.5688858032227,32.05999299485912,2.4112256346143055,Manaca
311,133,943,375,2.819548872180451,5.021779537200928,1878.145546913147,151.68098572514165,2.87337355949023,Manaca
312,160,1069,413,2.58125,5.422253131866455,2233.9682903289795,226.38863173110167,3.0149064302720436,Manaca
313,161,1128,459,2.8509316770186337,5.512259483337402,2524.6148433685303,247.710192282474,3.22894442790997,Manaca
314,130,889,357,2.746153846153846,5.846127033233643,2081.2212238311768,345.8921541397737,3.3774662976536534,Manaca
315,154,1080,419,2.720779220779221,5.97153377532959,2496.1011180877686,392.10661322664356,3.3343636153913154,Manaca
316,136,1024,410,3.014705882352941,5.487542152404785,2244.404740333557,241.66250670520762,3.1621011607684615,Manaca
317,175,1214,473,2.702857142857143,5.44700813293457,2570.987838745117,232.06282511915705,3.055314172276289,Manaca
318,153,1029,409,2.673202614379085,5.084068298339844,2074.2998657226562,161.42946504937498,2.9082430802669768,Manaca
319,123,1041,408,3.317073170731707,5.254124641418457,2138.428729057312,191.35390923370161,2.9635932014461797,Manaca
320,175,1029,280,1.6,3.3924460411071777,946.4924454689026,29.7386052289431,1.327016479413852,Manaca
321,177,1036,280,1.5819209039548023,3.1898019313812256,889.9547388553619,24.283617144219054,1.2393178459095204,Manaca
322,160,933,261,1.63125,3.174539804458618,825.3803491592407,23.915811385773846,1.2762831045865357,Manaca
323,185,1061,308,1.664864864864865,3.172994613647461,974.1093463897705,23.878885429950074,1.3245454508200862,Manaca
324,169,978,250,1.4792899408284024,3.7622263431549072,936.7943594455719,43.04415043115554,1.3819106101276888,Manaca
325,215,1248,338,1.572093023255814,3.2376821041107178,1091.098869085312,25.47460577747445,1.2613164483565191,Manaca
326,172,1015,253,1.4709302325581395,3.277608871459961,825.9574356079102,26.5123025242128,1.173994774716155,Manaca
327,175,1129,285,1.6285714285714286,2.994070529937744,850.3160305023193,19.966792726304124,1.086578140295912,Manaca
328,173,985,237,1.369942196531792,3.9876248836517334,941.0794725418091,53.92665505787635,1.3783661808309335,Manaca
329,168,1004,279,1.6607142857142858,3.655122756958008,1016.1241264343262,38.67226811378478,1.4601167710502316,Manaca
330,153,892,220,1.4379084967320261,4.049487113952637,886.8376779556274,57.36802623854372,1.4343456502915553,Manaca
331,176,999,282,1.6022727272727273,3.757657766342163,1055.9018323421478,42.84794844674858,1.5248692063919784,Manaca
332,163,920,200,1.2269938650306749,4.4338579177856445,882.3377256393433,84.25584281819802,1.3836350664881818,Manaca
333,205,1132,261,1.273170731707317,4.605233192443848,1197.3606300354004,100.00630084407047,1.5259949144061458,Manaca
334,163,942,200,1.2269938650306749,4.302671909332275,856.2317099571228,73.8969761757088,1.3113388978843084,Manaca
335,162,1002,217,1.3395061728395061,4.119877338409424,889.8935050964355,61.551691772944814,1.2812823819580093,Manaca
336,319,1995,655,2.053291536050157,3.478283405303955,2274.7973470687866,32.40404968624845,1.6450320058363452,Manaca
337,230,1344,443,1.9260869565217391,3.9934749603271484,1765.1159324645996,54.24305470355185,1.894735120804149,Manaca
338,318,2243,770,2.4213836477987423,3.0529370307922363,2347.7085766792297,21.1774520005871,1.510043477943652,Manaca
339,308,2019,707,2.2954545454545454,3.48907208442688,2463.284891605377,32.7555392252092,1.7601629011469964,Manaca
340,296,2149,656,2.2162162162162162,3.592156171798706,2352.8622925281525,36.31228710721162,1.5795545655304808,Manaca
341,84,565,183,2.1785714285714284,3.8565070629119873,701.8842854499817,47.299847098934066,1.7922211998169597,Manaca
342,312,1930,603,1.9326923076923077,3.6028428077697754,2168.911370277405,36.70242421449159,1.621283770998393,Manaca
343,298,1728,543,1.8221476510067114,3.6047494411468506,1953.774197101593,36.77246903519583,1.631192329383845,Manaca
344,298,1812,557,1.8691275167785235,3.3546388149261475,1865.179181098938,28.635259694292753,1.4850357367222824,Manaca
345,300,1813,561,1.87,3.9382803440093994,2205.4369926452637,51.33025497918413,1.754976840751457,Manaca
346,303,1825,581,1.9174917491749175,3.5135278701782227,2037.8461647033691,33.566477321722985,1.6109537292669285,Manaca
347,309,1821,575,1.86084142394822,3.564054250717163,2045.7671399116516,35.30604694112604,1.6207677691181428,Manaca
348,277,1831,734,2.6498194945848375,5.326078414916992,3904.0154781341553,205.62999539050855,3.0760807044554346,Manaca
349,278,1730,706,2.539568345323741,5.2639384269714355,3711.076591014862,193.24106036590703,3.094769823246394,Manaca
350,272,1781,768,2.823529411764706,5.1973090171813965,3986.336016178131,180.78509712981233,3.2291225164835806,Manaca
351,260,1650,721,2.773076923076923,5.257539749145508,3785.4286193847656,192.0085205956618,3.3098297556518523,Manaca
352,171,1074,421,2.461988304093567,5.875443935394287,2467.6864528656006,356.1827477065089,3.3148221676145986,Manaca
353,252,1656,625,2.4801587301587302,5.36167049407959,3345.682388305664,213.08059918836352,2.9147339311582883,Manaca
354,279,1823,661,2.369175627240143,5.519985675811768,3643.1905460357666,249.6314613960419,2.8831667217659653,Manaca
355,264,1604,597,2.2613636363636362,5.689907073974609,3391.184616088867,295.86612569989694,3.050152885517676,Manaca
356,284,1844,648,2.2816901408450705,5.604828834533691,3626.3242559432983,271.7354097353621,2.8371366706641847,Manaca
357,230,1806,678,2.9478260869565216,5.4342427253723145,3678.982325077057,229.1192763485425,2.9388978714877174,Manaca
358,224,1799,711,3.174107142857143,4.9562153816223145,3518.9129209518433,142.05515271885935,2.821966770637755,Manaca
359,260,1838,718,2.7615384615384615,5.188037395477295,3719.8228125572205,179.1166725521256,2.9197877718508916,Manaca
360,244,1771,704,2.8852459016393444,5.360689640045166,3768.5648169517517,212.87170068920798,3.0699546994268303,Manaca
361,255,1838,724,2.83921568627451,5.6274919509887695,4068.6766805648804,277.9640950877185,3.193612442889838,Manaca
362,267,1728,700,2.6217228464419478,4.3608832359313965,3048.257381916046,78.32628446950231,2.544968639029777,Manaca
363,242,1593,635,2.62396694214876,5.327719211578369,3377.773980140686,205.9676693518209,3.059069535714215,Manaca
364,224,1554,607,2.7098214285714284,4.861161708831787,2945.863995552063,129.17417775963366,2.7348670382987827,Manaca
365,273,1805,733,2.6849816849816848,4.550534248352051,3330.991069793701,94.68297903057484,2.662384652430358,Manaca
366,259,1946,772,2.9806949806949805,4.62692403793335,3567.3584332466125,102.19921921171735,2.6447123950248255,Manaca
367,160,1184,484,3.025,5.449028968811035,2631.88099193573,232.53226016758973,3.206927073712503,Manaca
368,193,1587,603,3.1243523316062176,5.286103248596191,3182.234155654907,197.57203432373868,2.892875510592824,Manaca
369,255,2066,778,3.0509803921568626,4.865034103393555,3780.131498336792,129.6753609062683,2.639679073842525,Manaca
370,147,1195,461,3.1360544217687076,5.639322757720947,2594.0884685516357,281.27216455522034,3.131781229461666,Manaca
371,258,1974,719,2.7868217054263567,5.11430549621582,3672.071346282959,166.38518570618186,2.6837280248596174,Manaca
372,220,1789,668,3.036363636363636,4.9444451332092285,3297.9449038505554,140.39292986112136,2.6595465387983377,Manaca
373,269,2010,802,2.9814126394052045,5.047287464141846,4042.8772587776184,155.59982143316194,2.901810433911063,Manaca
374,239,1949,808,3.3807531380753137,4.525478839874268,3652.061423778534,92.34013138102299,2.703340638844114,Manaca
375,171,1216,463,2.7076023391812867,5.524243354797363,2552.200429916382,250.69657787637874,3.027999098351188,Manaca
376,151,1172,478,3.165562913907285,5.557989120483398,2651.160810470581,259.3008888660491,3.263495353127195,Manaca
377,88,604,236,2.6818181818181817,6.4172749519348145,1508.0596137046814,612.332203816837,3.6021028577097183,Manaca
378,288,1814,671,2.329861111111111,5.414851188659668,3627.9502964019775,224.7191024394786,2.8853505519353795,Manaca
379,283,1799,640,2.2614840989399294,5.284846782684326,3377.0170941352844,197.32394768631258,2.7081744384136925,Manaca
380,260,1729,645,2.480769230769231,5.568526268005371,3586.130916595459,262.04762656027157,2.9923038110762645,Manaca
381,89,517,197,2.2134831460674156,6.349965572357178,1244.5932521820068,572.47299977844,3.4730532163381977,Manaca
382,269,1811,668,2.483271375464684,5.24294900894165,3497.046988964081,189.22731343100787,2.7858488949387965,Manaca
383,270,1895,663,2.4555555555555557,4.9574875831604,3281.856780052185,142.23599050930844,2.4985321907594242,Manaca
384,272,1824,678,2.4926470588235294,5.304182052612305,3590.9312496185303,201.1763834007598,2.8402514835514596,Manaca
385,281,1792,421,1.498220640569395,2.991814374923706,1256.5620374679565,19.921795326422373,1.0116271317100183,Manaca
386,260,1609,430,1.6538461538461537,3.513766288757324,1507.405737876892,33.574481147643965,1.351601480821977,Manaca
387,273,1617,433,1.586080586080586,3.0176501274108887,1303.624855041504,20.443196290703682,1.1631002557501369,Manaca
388,274,1723,451,1.645985401459854,3.7704410552978516,1696.6984748840332,43.39920206324615,1.4206723596047954,Manaca
389,286,1824,428,1.4965034965034965,3.7073006629943848,1583.0173830986023,40.743677040381826,1.2520895439897906,Manaca
390,277,1435,370,1.3357400722021662,4.596467971801758,1696.0966815948486,99.13355404837569,1.7051918267631465,Manaca
391,278,1561,410,1.474820143884892,4.116064548492432,1683.4704003334045,61.31745493487182,1.5558836630649333,Manaca
392,262,1455,371,1.416030534351145,4.179474353790283,1546.4055109024048,65.33150292986232,1.5333275338709713,Manaca
393,319,1749,436,1.3667711598746082,4.225043296813965,1837.8938341140747,68.37746401080703,1.516020766241726,Manaca
394,286,1871,506,1.7692307692307692,2.406209945678711,1215.136022567749,11.091842693541558,0.9369699164960081,Manaca
395,170,1036,275,1.6176470588235294,3.586987018585205,982.8344430923462,36.1250676315763,1.3686586651198784,Manaca
396,217,1502,361,1.663594470046083,2.832712173461914,1019.7763824462891,16.991482234501948,0.9795115377969029,Manaca
397,297,2002,511,1.7205387205387206,2.9438974857330322,1501.3877177238464,18.989714409806343,1.0819403670388572,Manaca
398,171,1208,300,1.7543859649122806,3.5613808631896973,1064.8528780937195,35.21178624940839,1.2717367272368783,Manaca
399,297,1855,464,1.5622895622895623,2.763343334197998,1279.427963733673,15.852755506407368,0.9950535732901535,Manaca
400,260,1787,456,1.7538461538461538,2.7248029708862305,1239.7853517532349,15.253408265254992,1.0009133624740745,Manaca
401,308,1921,455,1.4772727272727273,3.2999935150146484,1498.1970558166504,27.112463096161754,1.1251647385221901,Manaca
402,301,1904,549,1.823920265780731,2.4559333324432373,1345.851466178894,11.657308617396332,1.019775859259155,Manaca
403,199,1209,330,1.6582914572864322,3.4750494956970215,1143.29128408432,32.29942717970903,1.3642850834077946,Manaca
404,172,1053,272,1.5813953488372092,3.9464170932769775,1069.479032278061,51.74962021494868,1.4652726459660836,Manaca
405,88,600,139,1.5795454545454546,4.478405475616455,618.0199556350708,88.09409244768224,1.486023875275223,Manaca
406,308,1642,436,1.4155844155844155,4.69166374206543,2040.873727798462,109.03443416005297,1.793153718742639,Manaca
407,303,1659,456,1.504950495049505,4.373331546783447,1989.8658537864685,79.30740840474607,1.730421699392418,Manaca
408,303,1689,412,1.3597359735973598,4.826896667480469,1983.8545303344727,124.82299171843863,1.6945512686552087,Manaca
409,97,461,132,1.3608247422680413,5.203341960906982,681.6377968788147,181.87906003752627,2.133178892059749,Manaca
410,302,1775,460,1.5231788079470199,4.575912952423096,2100.344045162201,97.1166615682479,1.7071301059809423,Manaca
411,295,1780,455,1.5423728813559323,4.363951206207275,1981.233847618103,78.56695618012633,1.6057956442696617,Manaca
412,301,1732,437,1.451827242524917,4.337859630584717,1891.3067989349365,76.5435324474529,1.575391997472871,Manaca
413,152,1022,274,1.8026315789473684,3.720649003982544,1015.7371780872345,41.291183557013575,1.4338541973317056,Manaca
414,169,971,264,1.5621301775147929,3.9930131435394287,1050.1624567508698,54.218010133719055,1.5603132528138521,Manaca
415,156,955,252,1.6153846153846154,3.6484837532043457,915.7694220542908,38.416373164289226,1.3834303704664686,Manaca
416,129,831,258,2.0,3.061128616333008,786.710054397583,21.351641379747377,1.3658034826677252,Manaca
417,123,767,223,1.8130081300813008,3.571773052215576,792.9336175918579,35.57962178582344,1.4914750949855529,Manaca
418,159,1054,270,1.6981132075471699,3.115673065185547,838.1160545349121,22.548601926132452,1.1471972253955802,Manaca
419,193,1214,346,1.7927461139896372,3.9478845596313477,1362.020173072815,51.82561678903536,1.618599463989191,Manaca
420,197,1250,312,1.583756345177665,4.041104793548584,1256.7835907936096,56.889158875395246,1.450524363126852,Manaca
421,88,436,107,1.2159090909090908,5.124129295349121,543.1577053070068,168.02777537469777,1.7972727703372655,Manaca
422,174,1155,313,1.7988505747126438,3.5365002155303955,1103.3880672454834,34.346503240204555,1.3782272664858157,Manaca
423,177,972,250,1.4124293785310735,3.937654972076416,980.4760880470276,51.29816451369135,1.455275709810347,Manaca
424,181,992,265,1.4640883977900552,3.8410727977752686,1014.0432186126709,46.57541364780759,1.474753147922967,Manaca
425,158,875,244,1.5443037974683544,3.1873912811279297,774.5360813140869,24.225148338634558,1.2770507011444618,Manaca
426,183,1023,272,1.4863387978142077,3.6930229663848877,1000.8092238903046,40.16608433946649,1.4114002973435724,Manaca
427,180,943,248,1.3777777777777778,3.932793140411377,971.3999056816101,51.049366769553224,1.486144036741109,Manaca
428,214,1127,272,1.2710280373831775,4.001567363739014,1084.4247555732727,54.68379229247672,1.3881936265153387,Manaca
429,177,947,224,1.265536723163842,4.049849987030029,903.1165471076965,57.38884732824681,1.3758413557096492,Manaca
430,176,1022,253,1.4375,3.697719097137451,931.8252124786377,40.355153121733316,1.3154007955168643,Manaca
431,285,1704,516,1.8105263157894738,3.969611406326294,2044.3498742580414,52.96394538613513,1.7308529491983875,Manaca
432,291,1647,506,1.738831615120275,3.270643949508667,1651.6751945018768,26.32828797375382,1.4467902928155263,Manaca
433,297,1734,528,1.7777777777777777,4.0887627601623535,2154.7779746055603,59.666024835171356,1.7927840243253788,Manaca
434,306,1672,562,1.8366013071895424,3.754505157470703,2106.2773933410645,42.71307833241649,1.8174138457593818,Manaca
435,185,1016,282,1.5243243243243243,4.271459102630615,1200.2800078392029,71.6260691970231,1.7043681249879765,Manaca
436,281,1542,411,1.4626334519572954,4.868736267089844,1996.181869506836,130.15633008368502,1.8676275511348717,Manaca
437,293,1662,473,1.6143344709897611,4.52033805847168,2133.599563598633,91.86664902829462,1.8520658902807485,Manaca
438,291,1525,429,1.4742268041237114,4.126830101013184,1766.2832832336426,61.98113725998254,1.6709561531319688,Manaca
439,320,1817,465,1.453125,4.404306888580322,2043.5983963012695,81.80242499462285,1.6226137985209028,Manaca
440,268,1898,592,2.208955223880597,3.146533727645874,1859.6014330387115,23.255315455512584,1.4135077794915485,Manaca
441,267,1695,530,1.9850187265917603,3.366300582885742,1780.7730083465576,28.971152191808695,1.5157005239471972,Manaca
442,280,1802,554,1.9785714285714286,3.2395617961883545,1791.47767329216,25.52253522432386,1.4342707853062695,Manaca
443,294,1772,572,1.945578231292517,3.046782970428467,1739.7130761146545,21.04752488234363,1.4164082547857202,Manaca
444,286,1733,521,1.8216783216783217,3.8797922134399414,2017.4919509887695,48.41415421556347,1.6795300823571249,Manaca
445,287,1636,504,1.7560975609756098,3.5037291049957275,1762.375739812851,33.2391734979574,1.5541385941387644,Manaca
446,261,1543,473,1.8122605363984674,3.4797983169555664,1642.4648056030273,32.453176160416334,1.5356939921439683,Manaca
447,302,1729,543,1.7980132450331126,3.523242950439453,1909.5976791381836,33.89416753399129,1.5933875660993242,Manaca
448,223,1417,439,1.968609865470852,3.3749449253082275,1478.2258772850037,29.22267430713447,1.5050311520626762,Manaca
449,301,1808,425,1.4119601328903655,3.1798653602600098,1348.2629127502441,24.04351612136694,1.075847465729694,Manaca
450,270,1577,465,1.7222222222222223,3.2659974098205566,1515.4227981567383,26.20623631729121,1.386362051839444,Manaca
451,291,1622,408,1.402061855670103,3.2813916206359863,1335.5263895988464,26.612781838948532,1.1878898269115892,Manaca
452,290,1701,474,1.6344827586206896,3.8111214637756348,1802.6604523658752,45.20110185100253,1.5289178689211662,Manaca
453,291,1743,418,1.436426116838488,3.879295825958252,1617.666359424591,48.390127999124154,1.3389553841392778,Manaca
454,283,1466,373,1.3180212014134276,4.155660152435303,1545.9055767059326,63.79406445711439,1.5213303609797013,Manaca
455,288,1546,404,1.4027777777777777,4.318804740905762,1740.478310585022,75.09881208778415,1.62417815488733,Manaca
456,271,1499,343,1.2656826568265682,4.243824481964111,1451.387972831726,69.67380916660976,1.396871401474461,Manaca
457,331,1731,444,1.3413897280966767,4.026619911193848,1783.7926206588745,56.07106539945883,1.4866948398607085,Manaca
458,285,1916,516,1.8105263157894738,2.628058910369873,1353.4503388404846,13.846865791334857,1.0191106951642246,Manaca
459,172,1101,332,1.930232558139535,3.5672903060913086,1180.7730913162231,35.42048432706239,1.547225688698498,Manaca
460,217,1527,398,1.8341013824884793,3.0163161754608154,1197.4775216579437,20.415944229657043,1.1313653451682526,Manaca
461,288,1974,483,1.6770833333333333,3.203383207321167,1544.0307059288025,24.615669392144063,1.1284526050778971,Manaca
462,165,1198,316,1.915151515151515,3.674266815185547,1157.3940467834473,39.419744301460845,1.3937952017102575,Manaca
463,291,1942,501,1.7216494845360826,3.177837610244751,1588.9188051223755,23.994811278496492,1.1803940682416418,Manaca
464,259,1881,534,2.0617760617760617,2.780562400817871,1482.0397596359253,16.128088848250236,1.1366993150595537,Manaca
465,294,1966,543,1.846938775510204,3.152740478515625,1708.7853393554688,23.40010427418841,1.2539451348076802,Manaca
466,286,1881,541,1.8916083916083917,2.743147134780884,1481.2994527816772,15.535801501399115,1.1361315122805216,Manaca
467,191,1257,363,1.9005235602094241,3.1835930347442627,1152.460678577423,24.133309779711094,1.3227122560088924,Manaca
468,166,1074,326,1.963855421686747,3.5828356742858887,1164.4215941429138,35.97541089125714,1.5641575971824981,Manaca
469,89,628,185,2.0786516853932584,3.8559417724609375,709.4932861328125,47.27311650302005,1.629908352623922,Manaca
470,305,1672,443,1.4524590163934425,4.578644275665283,2023.7607698440552,97.38228114452443,1.7462138915069674,Manaca
471,299,1688,449,1.5016722408026757,4.700313568115234,2105.740478515625,109.9816537856055,1.7997282853990788,Manaca
472,298,1716,448,1.5033557046979866,4.460714340209961,1993.9393100738525,86.5493126734983,1.6763673394388743,Manaca
473,96,505,133,1.3854166666666667,5.151801109313965,680.0377464294434,172.7423381314995,1.942746701764484,Manaca
474,294,1763,498,1.6938775510204083,4.322305679321289,2148.1859226226807,75.36218916844423,1.7578997036161226,Manaca
475,294,1818,443,1.5068027210884354,4.520064830780029,1997.868655204773,91.84155194460622,1.5854319038566713,Manaca
476,295,1753,447,1.5152542372881357,4.442212104797363,1981.226598739624,84.9626803012032,1.630522412366779,Manaca
477,163,1043,271,1.6625766871165644,3.074856758117676,830.2113246917725,21.64678096377305,1.1483621869824325,Manaca
478,175,1015,290,1.6571428571428573,3.4615116119384766,1000.3768558502197,31.865107804965124,1.4219100777883797,Manaca
479,167,1028,272,1.6287425149700598,2.9978513717651367,812.417721748352,20.042426901731925,1.1401469049578379,Manaca
480,132,891,254,1.9242424242424243,2.7752535343170166,702.1391441822052,16.042693853519125,1.136894120455318,Manaca
481,134,805,229,1.708955223880597,3.1125056743621826,709.6512937545776,22.47729467988564,1.2718141642983432,Manaca
482,169,1148,260,1.5384615384615385,2.110779047012329,546.6917731761932,8.254669555994104,0.6870291899443276,Manaca
483,207,1185,292,1.4106280193236715,4.058195114135742,1180.934778213501,57.869768436551496,1.4377457790227222,Manaca
484,215,1270,306,1.4232558139534883,3.7709672451019287,1150.1450097560883,43.422044290023294,1.306542127463226,Manaca
485,90,440,132,1.4666666666666666,4.077140808105469,534.1054458618164,58.97660312811045,1.751252904674162,Manaca
486,191,1171,304,1.5916230366492146,2.8594415187835693,866.4107801914215,17.451777724405048,1.067435128911103,Manaca
487,315,2195,941,2.9873015873015873,5.554330348968506,5221.0705280303955,258.35389962512374,3.431623033676981,Manaca
488,228,1480,624,2.736842105263158,5.730639457702637,3570.1883821487427,308.16626467693806,3.480198022949583,Manaca
489,296,2063,929,3.1385135135135136,5.137527942657471,4767.625930786133,170.29427035098502,3.3340912686179265,Manaca
490,245,1812,761,3.1061224489795918,5.590780258178711,4248.99299621582,267.9446041409628,3.38300282804222,Manaca
491,178,1276,543,3.050561797752809,5.417849063873291,2936.4741926193237,225.39379308058307,3.3200915010895935,Manaca
492,89,628,272,3.056179775280899,5.563701629638672,1507.76314163208,260.78638648739275,3.463761795012366,Manaca
493,223,1509,691,3.098654708520179,4.6181640625,3186.533203125,101.30786637656821,3.046517991899577,Manaca
494,169,1319,553,3.272189349112426,5.188282012939453,2863.931671142578,179.16049297739764,3.132509491586231,Manaca
495,133,889,410,3.082706766917293,4.592772006988525,1878.4437508583069,98.76783617730723,3.0483931203061223,Manaca
496,115,823,399,3.4695652173913043,4.239350318908691,1687.2614269256592,69.36277351468017,2.9577201619792035,Manaca
497,85,675,326,3.835294117647059,3.3142495155334473,1077.1310925483704,27.501746604138926,2.3021802749731037,Manaca
498,116,800,390,3.3620689655172415,2.3735499382019043,923.3109259605408,10.735434850069051,1.6650701176023361,Manaca
499,153,1135,475,3.104575163398693,4.970190048217773,2355.8700828552246,144.05426202534562,2.994539282391105,Manaca
500,168,1114,459,2.732142857142857,5.162712097167969,2364.5221405029297,174.63744764217708,3.062194224574267,Manaca
501,152,1106,435,2.861842105263158,5.241213321685791,2274.6865816116333,188.8991588638587,2.9671600821589257,Manaca
502,129,895,409,3.1705426356589146,3.8698790073394775,1578.9106349945068,47.936585754881044,2.5451246291770047,Manaca
503,123,824,337,2.7398373983739837,5.495197296142578,1846.3862915039062,243.51956689257864,3.232733429997633,Manaca
504,156,1089,434,2.782051282051282,4.797956466674805,2077.5151500701904,121.2623604739202,2.752268874543576,Manaca
505,194,1267,482,2.484536082474227,4.839155673980713,2327.633879184723,126.36261543226432,2.6504071464127392,Manaca
506,202,1308,518,2.5643564356435644,4.900073528289795,2533.338014125824,134.2996541457943,2.7942157414945115,Manaca
507,80,495,190,2.375,4.8548359870910645,917.5640015602112,128.35963685074375,2.6742727974730296,Manaca
508,178,1194,484,2.7191011235955056,4.8601202964782715,2347.438103199005,129.03972419811123,2.836379656850083,Manaca
509,265,1797,470,1.7735849056603774,2.7215187549591064,1276.392296075821,15.203394951102705,1.0247327967598578,Manaca
510,272,1584,417,1.5330882352941178,2.9720799922943115,1236.3852767944336,19.532504832449487,1.1260902193557183,Manaca
511,272,1721,423,1.5551470588235294,2.6550726890563965,1120.4406747817993,14.226020097725605,0.9392528792085914,Manaca
512,298,1675,482,1.6174496644295302,2.8058371543884277,1349.6076712608337,16.540917413116105,1.1624312205813176,Manaca
513,272,1622,462,1.6985294117647058,3.489558696746826,1608.6865592002869,32.771482352889244,1.4308533423569567,Manaca
514,274,1548,407,1.4854014598540146,3.6428260803222656,1478.9873886108398,38.19963957361229,1.3783771131047655,Manaca
515,283,1499,404,1.4275618374558303,3.7249960899353027,1501.173424243927,41.47107058994467,1.444786827665789,Manaca
516,280,1552,435,1.5535714285714286,3.525273084640503,1529.9685187339783,33.963047136479595,1.4222152027665875,Manaca
517,223,1355,356,1.5964125560538116,3.6851987838745117,1308.2455682754517,39.85304380497512,1.3929146816353932,Manaca
518,180,1087,326,1.8111111111111111,4.077373027801514,1325.146234035492,58.990300247271485,1.7587689975121343,Manaca
519,179,1120,363,2.0279329608938546,3.493425130844116,1264.61989736557,32.89843640125161,1.6289829058382304,Manaca
520,175,1005,327,1.8685714285714285,3.669203758239746,1196.1604251861572,39.22066429325974,1.7171091676852765,Manaca
521,183,1103,355,1.9398907103825136,3.5522401332855225,1257.493007183075,34.891391374192324,1.644767838092087,Manaca
522,165,1031,344,2.084848484848485,3.7104861736297607,1272.696757555008,40.87367339938245,1.7809052382929909,Manaca
523,223,1314,414,1.8565022421524664,3.5053083896636963,1447.6923649311066,33.291709088445714,1.5894814274116613,Manaca
524,186,1079,326,1.7526881720430108,3.495558977127075,1136.0566675662994,32.96871155900834,1.5189836148904001,Manaca
525,181,1181,361,1.9944751381215469,3.4821815490722656,1253.5853576660156,32.53061184908928,1.531364418997272,Manaca
526,360,1822,624,1.7333333333333334,4.641528606414795,2891.6723217964172,103.70274717168253,2.289682392168807,Manaca
527,375,1687,605,1.6133333333333333,4.388415813446045,2650.603151321411,80.51277064910396,2.266752828557237,Manaca
528,445,1889,715,1.6067415730337078,4.305410861968994,3074.063355445862,74.09965392912935,2.347769167962007,Manaca
529,405,1637,620,1.5308641975308641,4.420222282409668,2736.1175928115845,83.11475825391149,2.4113520356984246,Manaca
530,251,1052,373,1.4860557768924303,4.7013654708862305,1748.9079551696777,110.09740466064122,2.398422845907368,Manaca
531,300,1794,551,1.8366666666666667,3.447847366333008,1896.3160514831543,31.43265643515802,1.5249753419358343,Manaca
532,308,1750,534,1.7337662337662338,3.201082944869995,1706.1772096157074,24.559111965531326,1.4065676566802003,Manaca
533,325,1848,587,1.8061538461538462,3.4661238193511963,2031.148558139801,32.0124157376264,1.585675298775465,Manaca
534,320,1743,594,1.85625,3.273684501647949,1941.294909477234,26.40846233146612,1.6068253234686143,Manaca
535,200,1088,325,1.625,3.5386240482330322,1146.5141916275024,34.419526984666795,1.5202852376560814,Manaca
536,292,1664,460,1.5753424657534247,4.086093425750732,1875.5168824195862,59.50696864340142,1.626081072938862,Manaca
537,329,1857,555,1.6869300911854104,3.855191230773926,2135.775941848755,47.237649369855475,1.6592748302397167,Manaca
538,315,1656,483,1.5333333333333334,3.5663845539093018,1718.9973549842834,35.388416670962485,1.4975778739958159,Manaca
539,343,1920,518,1.510204081632653,3.86814284324646,1999.8298499584198,47.85343218096343,1.5026794828941312,Manaca
540,285,1994,666,2.336842105263158,2.7417454719543457,1823.26073884964,15.51404080009987,1.3191620993911348,Manaca
541,183,1154,388,2.120218579234973,3.2496864795684814,1257.6286675930023,25.782255386092277,1.5722483899620616,Manaca
542,226,1624,504,2.230088495575221,2.9227325916290283,1470.1344935894012,18.59202251417317,1.306007231121451,Manaca
543,305,2109,630,2.0655737704918034,3.1432619094848633,1977.111741065979,23.179352628108195,1.3524747767279433,Manaca
544,174,1285,390,2.2413793103448274,3.3563668727874756,1305.626713514328,28.684785859633806,1.4658530621317327,Manaca
545,328,2050,625,1.9054878048780488,2.935194253921509,1831.5612144470215,18.825159641111153,1.2889679420328222,Manaca
546,273,1879,566,2.0732600732600734,3.1470465660095215,1778.0813097953796,23.267244732070775,1.3652097328042294,Manaca
547,310,2079,654,2.109677419354839,3.189629554748535,2082.8280992507935,24.27943157682356,1.4453515006317006,Manaca
548,296,2002,663,2.239864864864865,2.844116687774658,1882.8052473068237,17.186371030559066,1.3568000965281084,Manaca
549,198,1278,422,2.1313131313131315,3.387601852416992,1426.1803798675537,29.59489417658722,1.6099713313365085,Manaca
550,200,1203,391,1.955,3.4278488159179688,1336.8610382080078,30.810292798353647,1.6032275895098618,Manaca
551,101,675,217,2.1485148514851486,3.7881107330322266,818.2319183349609,44.172867053954405,1.7488283420428317,Manaca
552,315,1821,601,1.907936507936508,3.865868330001831,2319.5209980010986,47.74471260459599,1.8376504344063724,Manaca
553,324,1875,628,1.9382716049382716,3.6455883979797363,2285.7839255332947,38.305304986043666,1.7587675380856491,Manaca
554,345,1927,616,1.7855072463768116,3.6917293071746826,2270.41352391243,40.114156710092836,1.6997998607761797,Manaca
555,107,542,176,1.644859813084112,4.26359224319458,746.1286425590515,71.06480755649676,1.9860444510796267,Manaca
556,313,1950,640,2.0447284345047922,3.6439390182495117,2328.477032661438,38.242177067705455,1.7227088553048748,Manaca
557,315,1981,588,1.8666666666666667,3.7798542976379395,2218.7744727134705,43.80965809986365,1.6158581164233965,Manaca
558,326,1904,598,1.834355828220859,3.7611355781555176,2245.397940158844,42.99722497541166,1.7013783997318581,Manaca
559,220,1823,842,3.827272727272727,4.161140441894531,3499.519111633301,64.14463413035801,2.769467289001379,Manaca
560,213,1703,802,3.7652582159624415,4.352066516876221,3486.005280017853,77.63873902603495,2.9531664885463877,Manaca
561,205,1742,839,4.092682926829268,3.7640392780303955,3154.2649149894714,43.1222574527366,2.612309041621905,Manaca
562,225,1655,773,3.4355555555555557,4.4486799240112305,3434.38090133667,85.5139845033962,2.9938152839167262,Manaca
563,225,1702,816,3.6266666666666665,3.872488498687744,3156.0781264305115,48.06183921350662,2.675239871715294,Manaca
564,212,1544,709,3.3443396226415096,4.213033199310303,2982.8275051116943,67.56115578385091,2.7871181667434204,Manaca
565,193,1506,716,3.709844559585492,4.0173492431640625,2872.4047088623047,55.55365125919841,2.751662701793993,Manaca
566,203,1514,702,3.458128078817734,4.483020305633545,3142.597234249115,88.50157120928729,2.9945901224323452,Manaca
567,185,1437,674,3.6432432432432433,4.37485933303833,2944.280331134796,79.42866577730489,2.9559489441301916,Manaca
568,171,1231,733,4.286549707602339,3.06010365486145,2239.9958753585815,21.32976798158872,2.6252079130719403,Manaca
569,179,1239,747,4.173184357541899,2.9923620223999023,2232.302068710327,19.932708435349717,2.5992987282441993,Manaca
570,166,1115,701,4.22289156626506,2.696953058242798,1887.8671407699585,14.834463049475344,2.442705436633225,Manaca
571,135,962,552,4.088888888888889,2.735715389251709,1507.3791794776917,15.42077134490843,2.2605909220080465,Manaca
572,126,905,539,4.277777777777778,3.1372570991516113,1687.844319343567,23.04058207433567,2.690657048960853,Manaca
573,163,1078,632,3.8773006134969323,2.643397569656372,1667.9838664531708,14.060895415341564,2.2322746311825497,Manaca
574,222,1521,814,3.6666666666666665,2.817732572555542,2290.8165814876556,16.738853474717764,2.1728795014453968,Manaca
575,214,1466,884,4.130841121495327,2.684779405593872,2370.660215139389,14.654968219656004,2.3329738990548154,Manaca
576,89,564,331,3.7191011235955056,2.85233736038208,941.2713289260864,17.32823687751813,2.407743755979839,Manaca
577,197,1339,803,4.0761421319796955,2.6535372734069824,2128.1368932724,14.20419400418939,2.2929443930223576,Manaca
578,272,1713,428,1.5735294117647058,3.052042007446289,1303.2219371795654,21.158506166385596,1.097578415613933,Manaca
579,281,1543,394,1.402135231316726,3.239621162414551,1273.1711168289185,25.52405044589914,1.1904067767026207,Manaca
580,240,1499,386,1.6083333333333334,2.7529075145721436,1059.8693931102753,15.688179247062015,1.0200589175651698,Manaca
581,294,1600,423,1.4387755102040816,2.8158185482025146,1188.2754273414612,16.706845543277257,1.0714494163973374,Manaca
582,279,1559,400,1.4336917562724014,4.003649711608887,1597.4562349319458,54.79778161239251,1.478282352901522,Manaca
583,272,1454,343,1.2610294117647058,4.059521198272705,1388.3562498092651,57.9465595229526,1.3775616757819984,Manaca
584,269,1378,332,1.2342007434944238,3.6871073246002197,1220.4325244426727,39.92917759122622,1.277730007803369,Manaca
585,280,1464,393,1.4035714285714285,3.436738967895508,1347.201675415039,31.085422142581603,1.327596431829631,Manaca
586,227,1233,310,1.3656387665198237,3.875622272491455,1197.5672821998596,48.21269038947053,1.4012363172429938,Manaca
587,296,1858,449,1.5168918918918919,2.6407430171966553,1183.0528717041016,14.023619528119177,0.9186138380607936,Manaca
588,265,1679,470,1.7735849056603774,3.046985387802124,1429.0361468791962,21.051785698269338,1.2279114725155977,Manaca
589,281,1661,433,1.5409252669039146,2.574354887008667,1112.1213111877441,13.122848707045474,0.9659553886318425,Manaca
590,280,1782,465,1.6607142857142858,3.482003927230835,1615.6498222351074,32.52483421504197,1.3080190720267815,Manaca
591,290,1862,484,1.6689655172413793,3.1295080184936523,1511.552372932434,22.8627287353508,1.1711649368816153,Manaca
592,283,1512,439,1.5512367491166077,3.840607166290283,1682.185938835144,46.553731717073504,1.6050802326789735,Manaca
593,288,1631,458,1.5902777777777777,3.549386501312256,1622.069631099701,34.791966113197134,1.4347957159804592,Manaca
594,275,1556,416,1.5127272727272727,3.5584185123443604,1476.7436826229095,35.10763093310938,1.36921001772762,Manaca
595,335,1896,526,1.5701492537313433,3.4078760147094727,1789.1349077224731,30.20102954547386,1.361379777875815,Manaca
596,154,998,248,1.6103896103896105,3.581719398498535,884.6846914291382,35.935274816770914,1.2788879930613233,Manaca
597,169,964,262,1.5502958579881656,3.9955830574035645,1042.8471779823303,54.357524943384405,1.5606954897097076,Manaca
598,158,981,243,1.5379746835443038,3.7923316955566406,917.744270324707,44.359713128111274,1.3496688150883946,Manaca
599,131,866,258,1.9694656488549618,2.959925413131714,760.7008311748505,19.296532433903153,1.2672740378014657,Manaca
600,123,747,198,1.6097560975609757,4.071094989776611,802.0057129859924,58.62111698507212,1.548928600923037,Manaca
601,161,1095,227,1.4099378881987579,2.2505240440368652,508.61843395233154,9.492709130745741,0.6701199017056982,Manaca
602,194,1131,280,1.443298969072165,4.65000581741333,1297.351623058319,104.58559399297312,1.6548919123567505,Manaca
603,196,1148,268,1.3673469387755102,4.344709873199463,1160.0375361442566,77.06967425736326,1.4578226486414378,Manaca
604,87,434,115,1.3218390804597702,5.01548957824707,571.765811920166,150.72991279136008,1.9006536898780535,Manaca
605,178,1082,257,1.4438202247191012,3.454634189605713,884.3863525390625,31.646709869163747,1.1792049954140333,Manaca
606,234,1420,511,2.1837606837606836,4.485406875610352,2287.5575065612793,88.71303864257774,2.324118218636817,Manaca
607,336,1542,530,1.5773809523809523,4.3590288162231445,2305.9262437820435,78.1811692577483,2.1574243557458295,Manaca
608,356,1571,529,1.4859550561797752,4.447484970092773,2348.2720642089844,85.41186026156453,2.1564866083337946,Manaca
609,422,1798,644,1.5260663507109005,3.914839029312134,2517.241495847702,50.14099963018537,2.019806353047495,Manaca
610,425,1848,665,1.5647058823529412,4.198500156402588,2787.8041038513184,66.58638694327159,2.176380495452488,Manaca
611,401,1761,646,1.6109725685785536,3.5299837589263916,2276.8395245075226,34.12341340938498,1.8652953383912483,Manaca
612,389,1634,579,1.4884318766066837,4.153590679168701,2400.7754125595093,63.66218085801222,2.1196981529912846,Manaca
613,352,1562,561,1.59375,3.6971545219421387,2070.4065322875977,40.33237603357225,1.9122696778203794,Manaca
614,410,1866,625,1.524390243902439,3.8151464462280273,2380.651382446289,45.38340212436966,1.840596968671338,Manaca
615,249,1503,515,2.068273092369478,3.936269521713257,2023.242534160614,51.227142663021226,1.9420638526607699,Manaca
616,288,1630,537,1.8645833333333333,3.9066097736358643,2093.9428386688232,49.73006966726416,1.8533257357377118,Manaca
617,204,1236,407,1.9950980392156863,3.935655117034912,1597.8759775161743,51.19567813387759,1.8650871753383411,Manaca
618,256,1497,551,2.15234375,3.42069149017334,1881.380319595337,30.590560781342152,1.8131316346735376,Manaca
619,146,883,266,1.821917808219178,3.7547953128814697,995.0207579135895,42.72547356138955,1.6257208528012608,Manaca
620,91,589,184,2.021978021978022,3.694916009902954,676.1696298122406,40.24219250037324,1.6562081014089063,Manaca
621,303,1853,492,1.6237623762376239,3.382572650909424,1660.843171596527,29.446429133412906,1.2930869980337871,Manaca
622,229,1257,331,1.445414847161572,4.0341291427612305,1331.262617111206,56.493700861568165,1.527928381724105,Manaca
623,308,2089,533,1.7305194805194806,2.9696247577667236,1579.840371131897,19.48460677671619,1.09106168924278,Manaca
624,301,1902,501,1.6644518272425248,3.8266735076904297,1913.3367538452148,45.9095661263493,1.4512941358165503,Manaca
625,290,2023,517,1.782758620689655,3.34283185005188,1724.90123462677,28.299152297592425,1.2301069981311377,Manaca
626,82,532,155,1.8902439024390243,3.3160955905914307,510.6787209510803,27.55256378432819,1.3848752973752678,Manaca
627,304,1781,441,1.450657894736842,4.586345195770264,2017.991886138916,98.13510932561294,1.6346697847764067,Manaca
628,308,1658,397,1.2889610389610389,4.359151363372803,1726.2239398956299,78.1907507242765,1.5020595401394652,Manaca
629,297,1657,407,1.3703703703703705,3.65443754196167,1483.701642036438,38.64577837235131,1.2918098980837547,Manaca
630,300,1701,430,1.4333333333333333,4.6030802726745605,1974.7214369773865,99.79122690347272,1.6748505727597902,Manaca
631,298,1750,452,1.516778523489933,3.6488423347473145,1645.6278929710388,38.4301510367515,1.3566509716216408,Manaca
632,309,1723,447,1.4466019417475728,3.991954803466797,1780.4118423461914,54.160659394582034,1.4907668808432,Manaca
633,224,1790,691,3.0848214285714284,5.635257244110107,3888.327498435974,280.1309700845402,3.133894301310485,Manaca
634,225,1675,682,3.031111111111111,5.1190876960754395,3486.0987210273743,167.1827785219937,3.00261333544809,Manaca
635,230,1631,647,2.8130434782608695,5.913257122039795,3819.9641008377075,369.90903425251514,3.378935171460717,Manaca
636,251,1907,798,3.1792828685258963,5.917967319488525,4716.619953632355,371.65548868562513,3.5682455253609495,Manaca
637,329,2451,1054,3.2036474164133737,5.525050640106201,5817.87832403183,250.89904325334075,3.424489680365612,Manaca
638,248,1708,740,2.9838709677419355,5.196956634521484,3840.550952911377,180.7214028194576,3.2439952072872518,Manaca
639,182,1304,604,3.318681318681319,5.397506237030029,3254.6962609291077,220.85496895728605,3.6008697509526653,Manaca
640,193,1485,621,3.2176165803108807,5.382299900054932,3337.0259380340576,217.52197938243134,3.2419601159054388,Manaca
641,228,1595,698,3.06140350877193,5.250251293182373,3659.425151348114,190.61416248015243,3.3099902936390397,Manaca
642,254,1134,378,1.4881889763779528,4.381307601928711,1651.752965927124,79.94249805575417,2.101389605570281,Manaca
643,273,1114,398,1.4578754578754578,4.229794025421143,1679.2282280921936,68.70307962847153,2.174698597117925,Manaca
644,236,937,335,1.4194915254237288,4.4629645347595215,1490.6301546096802,86.74428474542314,2.2951171097704743,Manaca
645,301,1227,452,1.5016611295681064,3.9379067420959473,1775.9959406852722,51.31108147955702,2.088199296059961,Manaca
646,263,1050,369,1.403041825095057,4.526211738586426,1665.6459197998047,92.40783215026555,2.2885896270210613,Manaca
647,318,1316,476,1.4968553459119496,3.99574875831604,1897.980660200119,54.36653278115029,2.0807046247521828,Manaca
648,277,1141,393,1.4187725631768953,3.9518728256225586,1549.134147644043,52.032723858464436,1.9587450941961542,Manaca
649,254,1043,375,1.4763779527559056,3.9955832958221436,1494.3481526374817,54.357537903229804,2.0670073529929804,Manaca
650,219,1515,623,2.8447488584474887,5.694842338562012,3542.1919345855713,297.32991242897936,3.3731371207283747,Manaca
651,255,1682,697,2.7333333333333334,5.011905193328857,3488.2860145568848,150.19060588440846,2.991993421167386,Manaca
652,186,1213,502,2.6989247311827955,5.655707836151123,2833.5096259117126,285.91879477540243,3.3700661876454823,Manaca
653,227,1461,607,2.6740088105726874,4.98709774017334,3022.181230545044,146.51059404945823,2.9843161355065297,Manaca
654,126,845,313,2.484126984126984,5.813083171844482,1813.6819496154785,334.649318083664,3.0965561591243524,Manaca
655,85,634,264,3.1058823529411765,5.052227020263672,1328.7357063293457,156.37031686977957,3.023596867781453,Manaca
656,262,1892,1137,4.3396946564885495,2.814218521118164,3196.9522399902344,16.68013551199902,2.4377521895310648,Manaca
657,168,1199,755,4.494047619047619,3.1272995471954346,2357.9838585853577,22.812292768831533,2.83724071666165,Manaca
658,200,1462,901,4.505,2.927497625350952,2634.747862815857,18.68082553507989,2.5999573705042622,Manaca
659,273,1977,1191,4.362637362637362,2.8759524822235107,3422.383453845978,17.74231531584571,2.49744847591504,Manaca
660,154,1179,762,4.9480519480519485,2.932992935180664,2232.0076236724854,18.783765042462512,2.7312182611523785,Manaca
661,270,1929,1106,4.0962962962962965,2.9760308265686035,3288.514063358307,19.60982716528809,2.459472748108162,Manaca
662,209,1603,920,4.401913875598086,3.031247854232788,2785.7167780399323,20.723075839634312,2.5071364822204565,Manaca
663,267,1988,1263,4.730337078651686,2.7042102813720703,3412.7133750915527,14.942511650011305,2.476612003128783,Manaca
664,259,1883,1210,4.671814671814672,2.585469961166382,3125.8331830501556,13.26952378569651,2.394914515046534,Manaca
665,172,1311,800,4.651162790697675,3.0448319911956787,2432.8207609653473,21.006501629166394,2.677207053559436,Manaca
666,169,1136,739,4.372781065088757,2.888679265975952,2131.8452982902527,17.96956091165785,2.707396689952289,Manaca
667,95,651,403,4.242105263157895,3.422150135040283,1375.7043542861938,30.635214104555924,3.0487278796590562,Manaca
668,313,1907,1095,3.498402555910543,2.9444692134857178,3221.2493195533752,19.00057446075044,2.436958793280861,Manaca
669,310,1946,1116,3.6,2.6969528198242188,3007.102394104004,14.834459512664163,2.229358536186627,Manaca
670,290,1814,1055,3.6379310344827585,2.706275224685669,2852.414086818695,14.973398968837339,2.2685576943854207,Manaca
671,95,564,336,3.536842105263158,3.4460747241973877,1154.4350326061249,31.376986939550715,2.9530101003002573,Manaca
672,326,2052,1143,3.5061349693251533,2.771472215652466,3165.021270275116,15.982145863588139,2.2252244107865486,Manaca
673,324,2099,1110,3.425925925925926,2.6712329387664795,2962.3973290920258,14.45778377049246,2.036129554942247,Manaca
674,332,2071,1174,3.536144578313253,2.591580629348755,3039.9240782260895,13.350857691659018,2.117664602769547,Manaca
675,263,1719,654,2.4866920152091256,5.368016242980957,3505.314606666565,214.43705447702607,2.9418848166337996,Manaca
676,301,1760,687,2.2823920265780733,5.06608247756958,3475.332579612732,158.55197817492763,2.8487756125267825,Manaca
677,306,1824,734,2.3986928104575163,5.203507900238037,3814.171290874481,181.9092434313186,3.016823468446091,Manaca
678,275,1572,651,2.367272727272727,5.4561848640441895,3546.520161628723,234.20220450700543,3.254800922133896,Manaca
679,191,1062,408,2.136125654450262,5.714820384979248,2325.931896686554,303.3297158429644,3.1597084866244374,Manaca
680,275,1663,602,2.189090909090909,5.298506259918213,3184.402262210846,200.03778224233045,2.762550422060844,Manaca
681,289,1790,694,2.4013840830449826,5.091672897338867,3528.529317855835,162.661750979299,2.8439060047496816,Manaca
682,254,1505,600,2.3622047244094486,5.274188995361328,3159.2392082214355,195.23207816932438,3.0284509891581664,Manaca
683,293,1727,631,2.15358361774744,5.286737442016602,3330.644588470459,197.69737294822838,2.7823418823103614,Manaca
684,255,1872,749,2.937254901960784,5.499297618865967,4113.474618911743,244.52012561128697,3.17013324440523,Manaca
685,202,1328,538,2.6633663366336635,5.68658971786499,3053.6986784934998,294.8862585828682,3.317436701680537,Manaca
686,256,2130,880,3.4375,5.277397632598877,4638.832519054413,195.859513152623,3.14198153556538,Manaca
687,291,2018,844,2.9003436426116838,5.054262161254883,4260.743001937866,156.68887655843935,3.0460618431110578,Manaca
688,255,2042,796,3.1215686274509804,5.301386833190918,4214.60253238678,200.61483645584246,2.977662180603562,Manaca
689,80,565,238,2.975,5.816124439239502,1378.421492099762,335.66862535083885,3.519720090101048,Manaca
690,286,2200,947,3.3111888111888113,3.7119154930114746,3511.472056388855,40.932136704388355,2.3027196918056236,Manaca
691,263,1849,763,2.901140684410646,4.683689117431641,3568.97110748291,108.16838328048593,2.7847143958039946,Manaca
692,253,1799,720,2.8458498023715415,5.144190788269043,3698.673176765442,171.43270317235016,2.966124207886899,Manaca
693,256,1858,745,2.91015625,5.24458646774292,3901.9723320007324,189.53741918423373,3.029793397773628,Manaca
694,257,1984,858,3.3385214007782102,4.258007049560547,3649.1120414733887,70.66900319662963,2.6535059707065822,Manaca
695,276,1955,814,2.949275362318841,4.429616451263428,3601.2781748771667,83.89923129412495,2.657568370208156,Manaca
696,157,883,258,1.643312101910828,3.301003932952881,848.3580107688904,27.139871860045226,1.3860950113643307,Manaca
697,171,995,254,1.4853801169590644,2.9950270652770996,757.7418475151062,19.985900806480473,1.0986838248081254,Manaca
698,163,921,253,1.5521472392638036,2.8708205223083496,723.4467716217041,17.651495705468967,1.133238946542631,Manaca
699,168,931,258,1.5357142857142858,3.3326756954193115,856.4976537227631,28.01319629554073,1.327244809408016,Manaca
700,175,966,252,1.44,3.5830531120300293,899.3463311195374,35.983234153951344,1.3431495775857558,Manaca
701,213,1128,296,1.3896713615023475,3.2901670932769775,970.5992925167084,26.84734929269973,1.2413819024859856,Manaca
702,152,895,239,1.5723684210526316,3.070692300796509,730.8247675895691,21.55682131487992,1.1780528133634642,Manaca
703,158,976,274,1.7341772151898733,2.9262003898620605,798.8527064323425,18.656607816672054,1.1808410225109298,Manaca
704,274,2018,833,3.04014598540146,5.3167266845703125,4423.5166015625,203.7159628298856,3.1624308544916846,Manaca
705,227,1464,583,2.5682819383259914,5.75954008102417,3352.052327156067,317.2024079579146,3.3032713587352234,Manaca
706,274,2249,938,3.423357664233577,5.210123062133789,4881.88530921936,183.11659152567512,3.131645942996645,Manaca
707,313,2227,917,2.929712460063898,5.1948089599609375,4758.445007324219,180.3336885511392,3.082615632873596,Manaca
708,273,2078,788,2.8864468864468864,5.802350997924805,4566.450235366821,331.0770070197398,3.1703537579547416,Manaca
709,82,593,239,2.9146341463414633,6.232849597930908,1483.4182043075562,509.2044459707162,3.6089714787840177,Manaca
710,348,2493,1123,3.2270114942528734,3.36122465133667,3771.2940587997437,28.824469197745426,2.1824417313936624,Manaca
711,296,1959,826,2.7905405405405403,4.666102409362793,3849.534487724304,106.2826876927007,2.8349690225476727,Manaca
712,257,1844,754,2.933852140077821,5.363928318023682,4039.0380234718323,213.56224119405059,3.1600326065210265,Manaca
713,273,1910,743,2.7216117216117217,5.700553894042969,4229.810989379883,299.03298769461094,3.1949357792020923,Manaca
714,245,1875,785,3.204081632653061,4.637817859649658,3636.049201965332,103.31864563059989,2.7977120811219507,Manaca
715,269,1969,828,3.0780669144981414,4.52571964263916,3742.7701444625854,92.3623698174011,2.7423442999509606,Manaca
716,344,2151,733,2.130813953488372,3.0521440505981445,2234.169445037842,21.160665357206813,1.4984775355005773,Manaca
717,262,1467,496,1.8931297709923665,3.6258676052093506,1794.8044645786285,37.55729393213656,1.765068507438963,Manaca
718,355,2355,830,2.3380281690140845,2.75580096244812,2284.5589978694916,15.733637910403669,1.3995422237131956,Manaca
719,371,2239,790,2.129380053908356,3.1206772327423096,2462.2143366336823,22.66172170745228,1.5865227391992507,Manaca
720,355,2214,682,1.9211267605633804,3.5742251873016357,2434.047352552414,35.66697488177799,1.586083127739963,Manaca
721,95,632,218,2.294736842105263,3.3078837394714355,717.8107714653015,27.327232691506612,1.638579177673531,Manaca
722,427,2638,1010,2.3653395784543325,2.209428548812866,2229.313405752182,9.110508694200488,1.2191885500629107,Manaca
723,370,2120,746,2.016216216216216,2.8799679279327393,2145.5761063098907,17.81370184820652,1.460100003973175,Manaca
724,331,1996,675,2.039274924471299,2.9929096698760986,2017.2211174964905,19.943627522450438,1.458033518331002,Manaca
725,367,2110,718,1.9564032697547684,3.1887598037719727,2286.3407793045044,24.258323698128905,1.563266589613657,Manaca
726,272,1738,635,2.3345588235294117,2.792670965194702,1770.5533919334412,16.324563965599044,1.4697172601677266,Manaca
727,330,1999,719,2.1787878787878787,2.599926710128784,1866.747377872467,13.462751315533735,1.3472472159325084,Manaca
728,258,1756,462,1.7906976744186047,2.8399739265441895,1309.2279801368713,17.115319275807295,1.0756359421050905,Manaca
729,260,1611,417,1.603846153846154,3.0519561767578125,1269.61376953125,21.156690195168345,1.1369742328659702,Manaca
730,286,1830,436,1.5244755244755244,2.529076337814331,1100.148206949234,12.54191629112725,0.8673105805511175,Manaca
731,279,1663,456,1.6344086021505377,2.933622121810913,1334.7980654239655,18.79558725509202,1.1579714669725418,Manaca
732,253,1587,473,1.8695652173913044,3.1600096225738525,1491.5245418548584,23.57082273995945,1.3559011089465578,Manaca
733,236,1428,417,1.7669491525423728,3.0179853439331055,1255.4819030761719,20.450050336597776,1.2684016214942797,Manaca
734,241,1426,407,1.6887966804979253,3.122476577758789,1267.7254905700684,22.702534670761015,1.2825675164473815,Manaca
735,281,1713,491,1.7473309608540926,3.290607452392578,1612.3976516723633,26.859174371139936,1.3579673648620716,Manaca
736,198,1299,352,1.7777777777777777,3.1409337520599365,1102.4677469730377,23.125450217178525,1.2244224413379754,Manaca
737,260,1944,808,3.1076923076923078,4.9354658126831055,3982.920910835266,139.1379396562387,2.955833460038576,Manaca
738,263,1801,741,2.817490494296578,5.0113606452941895,3708.4068775177,150.10884214930962,2.9706275468036156,Manaca
739,274,1996,860,3.1386861313868613,4.945341110229492,4248.048013687134,140.51877506887277,3.070459821044409,Manaca
740,258,1734,761,2.949612403100775,4.892073154449463,3717.975597381592,133.22949325764003,3.093370793822724,Manaca
741,171,1158,495,2.8947368421052633,5.073999404907227,2506.55570602417,159.81220464373135,3.1227940300457724,Manaca
742,235,1739,694,2.953191489361702,4.641561508178711,3216.6021251678467,103.7061592311185,2.668531302180882,Manaca
743,266,1972,793,2.981203007518797,4.6088433265686035,3650.203914642334,100.36798948286099,2.6704518691115497,Manaca
744,245,1614,680,2.7755102040816326,4.795836925506592,3256.373272418976,121.00561209923526,2.9107519029753544,Manaca
745,292,2141,857,2.934931506849315,4.528601169586182,3876.4826011657715,92.62889829499602,2.6121355557189205,Manaca
746,250,1687,440,1.76,3.1859755516052246,1398.6432671546936,24.190876346599357,1.1960970394171986,Manaca
747,247,1567,392,1.5870445344129556,3.725306272506714,1456.5947525501251,41.48393618849849,1.3410478788059683,Manaca
748,270,1716,370,1.3703703703703705,3.118683338165283,1150.7941517829895,22.616581640655866,0.9675087505019464,Manaca
749,275,1645,444,1.6145454545454545,3.4250025749206543,1517.2761406898499,30.722723959977543,1.3306788837886878,Manaca
750,234,1480,413,1.764957264957265,3.901954412460327,1607.6052179336548,49.499096281090964,1.5670838348784493,Manaca
751,227,1364,382,1.6828193832599119,3.6366021633148193,1385.5454242229462,37.96262652705767,1.4654835135284747,Manaca
752,227,1369,375,1.6519823788546255,3.759770154953003,1406.154037952423,42.93855563014431,1.4818491287654874,Manaca
753,268,1639,462,1.7238805970149254,4.009237766265869,1848.2586102485657,55.10485177449222,1.6268905010896482,Manaca
754,194,1247,324,1.6701030927835052,3.887714147567749,1255.731669664383,48.79921114015809,1.4527969947971318,Manaca
755,152,985,253,1.6644736842105263,3.4474308490753174,868.75257396698,31.419566917491963,1.2724315027631314,Manaca
756,162,931,262,1.617283950617284,4.17361307144165,1089.3130116462708,64.94969657542022,1.688019849492907,Manaca
757,153,957,236,1.542483660130719,3.8213143348693848,898.0088686943054,45.66418692938952,1.3537648291949662,Manaca
758,128,863,248,1.9375,2.966322898864746,732.6817560195923,19.420377450818492,1.2248393232436654,Manaca
759,123,744,201,1.6341463414634145,4.202349662780762,840.4699325561523,66.84320566001013,1.6297604888643045,Manaca
760,139,940,201,1.4460431654676258,2.5139665603637695,502.7933120727539,12.353835236913346,0.7716781041696799,Manaca
761,194,1187,315,1.6237113402061856,4.011026859283447,1259.4624338150024,55.203527723942116,1.5307668133537053,Manaca
762,192,1196,317,1.6510416666666667,3.5401313304901123,1118.6815004348755,34.4714460454979,1.349428305193662,Manaca
763,82,413,125,1.524390243902439,4.506707191467285,558.8316917419434,90.62292274406016,1.9521155214714083,Manaca
764,175,1081,261,1.4914285714285713,3.331244468688965,866.1235618591309,27.973131737772167,1.1559224491130928,Manaca
765,361,2462,1560,4.321329639889196,2.8566882610321045,4453.576998949051,17.403794567419016,2.6097292650694346,Manaca
766,265,1748,1072,4.0452830188679245,3.204629421234131,3432.158110141754,24.646364904432073,2.8326987900734246,Manaca
767,361,2628,1667,4.617728531855955,2.773618698120117,4620.848751068115,16.016488103802374,2.5367106460669446,Manaca
768,372,2631,1692,4.548387096774194,2.6324734687805176,4451.512635707855,13.908128714057826,2.4409635895059982,Manaca
769,371,2808,1712,4.61455525606469,3.0143465995788574,5157.547031879425,20.37577305137296,2.6498459850584184,Manaca
770,96,755,480,5.0,3.241913318634033,1552.876479625702,25.582622659562237,2.9673207897604126,Manaca
771,364,2745,1682,4.6208791208791204,2.2497432231903076,3781.818358182907,9.485299918576244,1.9876177016004817,Manaca
772,329,2342,1432,4.35258358662614,2.5833301544189453,3696.7454509735107,13.241159926575811,2.2772315668438594,Manaca
773,315,2102,1301,4.130158730158731,2.7089991569519043,3521.6989040374756,15.014241093761333,2.417096833662685,Manaca
774,365,2567,1614,4.421917808219178,2.8005547523498535,4517.294815540314,16.45377200842523,2.5387919083028576,Manaca
775,296,2120,1325,4.476351351351352,2.784586191177368,3686.7921171188354,16.193115636019037,2.5089229736584278,Manaca
776,347,2412,1480,4.265129682997118,2.648867130279541,3917.674485683441,14.138013042746165,2.3432875424182096,Manaca
777,340,2046,710,2.088235294117647,3.1224305629730225,2213.803269147873,22.70149004252614,1.5610180830417455,Manaca
778,306,1683,605,1.977124183006536,3.57896089553833,2161.6923809051514,35.836283851020404,1.853037954758953,Manaca
779,356,1960,736,2.067415730337079,3.3495595455169678,2461.9262659549713,28.490182251316657,1.8121473545548572,Manaca
780,380,1915,744,1.9578947368421054,3.190455913543701,2370.50874376297,24.299503390766493,1.7858596391701114,Manaca
781,208,1182,423,2.0336538461538463,3.291630506515503,1389.0680737495422,26.88666682095286,1.695432843871108,Manaca
782,313,1778,610,1.9488817891373802,3.3907337188720703,2064.956834793091,29.687726726595447,1.6755359871798439,Manaca
783,330,1904,670,2.0303030303030303,3.361109972000122,2248.5825712680817,28.821163816274584,1.703791451994651,Manaca
784,326,1741,595,1.8251533742331287,3.398375988006592,2018.6353368759155,29.915477482049486,1.6727600171591646,Manaca
785,374,2120,709,1.8957219251336899,3.2428226470947266,2295.9184341430664,25.605896246509552,1.5624104430300738,Manaca
786,297,1742,511,1.7205387205387206,3.8868441581726074,1982.2905206680298,48.756774806231725,1.6416996003266175,Manaca
787,282,1657,500,1.7730496453900708,3.2897427082061768,1641.5816113948822,26.835958095767257,1.429270760394635,Manaca
788,293,1697,506,1.726962457337884,4.360349655151367,2201.9765758514404,78.28450221763286,1.8719980472212927,Manaca
789,294,1627,539,1.8333333333333333,3.814084529876709,2051.9774770736694,45.335234327187486,1.8195314875169206,Manaca
790,183,1039,300,1.639344262295082,4.013868808746338,1200.146773815155,55.36063650176716,1.6664540894340836,Manaca
791,276,1513,410,1.4855072463768115,4.66605281829834,1908.415602684021,106.27741715177204,1.8197367653320287,Manaca
792,292,1631,473,1.61986301369863,4.427430152893066,2089.7470321655273,83.71600291041484,1.8484780380243013,Manaca
793,291,1511,442,1.5189003436426116,3.968813180923462,1750.2466127872467,52.92168508835921,1.6711264782269137,Manaca
794,315,1817,494,1.5682539682539682,4.153035640716553,2047.4465708732605,63.626855704004676,1.6256692428640434,Manaca
795,293,1769,560,1.9112627986348123,3.121455430984497,1744.8935859203339,22.679363883114675,1.42303523080058,Manaca
796,285,1665,556,1.9508771929824562,3.0447092056274414,1689.81360912323,21.003922492270814,1.4641956239692284,Manaca
797,315,1753,598,1.8984126984126983,3.2140798568725586,1918.8056745529175,24.880387857382456,1.5791508448985148,Manaca
798,308,1737,651,2.1136363636363638,3.128755807876587,2033.6912751197815,22.845537614543368,1.689117050843098,Manaca
799,194,1107,337,1.7371134020618557,3.2644801139831543,1096.8653182983398,26.16650385458577,1.4294870417634231,Manaca
800,283,1553,449,1.5865724381625441,3.810065746307373,1706.9094543457031,45.153407438535716,1.5856727656349212,Manaca
801,319,1757,557,1.7460815047021943,3.417565107345581,1900.166199684143,30.495072321941198,1.5602506278594996,Manaca
802,300,1564,466,1.5533333333333332,3.554810047149658,1652.986671924591,34.98117456274026,1.5247798428651915,Manaca
803,324,1908,568,1.7530864197530864,3.25148606300354,1843.5925977230072,25.828694478781756,1.3939947055317528,Manaca
804,248,1608,370,1.4919354838709677,3.005842924118042,1109.1560389995575,20.203238717768045,0.9951330329830269,Manaca
805,275,1604,473,1.72,2.8394081592559814,1340.2006511688232,17.105638726761022,1.205424459624327,Manaca
806,266,1511,398,1.4962406015037595,2.9871091842651367,1185.8823461532593,19.828279658201975,1.132274374502367,Manaca
807,321,1851,505,1.573208722741433,3.1648952960968018,1595.107229232788,23.68626385871321,1.2432486706106314,Manaca
808,300,1708,464,1.5466666666666666,3.2381744384765625,1499.2747650146484,25.487150889296483,1.2663912578551517,Manaca
809,314,1632,441,1.4044585987261147,3.3957302570343018,1494.1213130950928,29.836433787008556,1.3208096868191157,Manaca
810,297,1584,443,1.4915824915824916,3.575939655303955,1580.5653276443481,35.728177218684955,1.4395667676726898,Manaca
811,266,1522,378,1.4210526315789473,3.6143336296081543,1362.6037783622742,37.12659761539085,1.291604279723927,Manaca
812,313,1747,478,1.5271565495207668,3.3316566944122314,1589.2002432346344,27.984665359299214,1.3123819747533725,Manaca
813,322,1377,479,1.4875776397515528,4.627868175506592,2212.120987892151,102.29575489884488,2.3176586630925207,Manaca
814,381,1586,548,1.4383202099737533,4.42957067489624,2422.9751591682434,83.89539078000955,2.2040442915064133,Manaca
815,305,1277,449,1.4721311475409835,4.438887596130371,1988.6216430664062,84.68069013327093,2.2466519832861134,Manaca
816,330,1417,563,1.706060606060606,3.981661558151245,2237.6937956809998,53.60602980713297,2.2782708130253915,Manaca
817,207,873,294,1.4202898550724639,4.922184467315674,1442.2000489234924,137.3022180364977,2.3833388986846997,Manaca
818,145,619,221,1.5241379310344827,4.288052082061768,943.3714580535889,72.82447414832335,2.1987032701940286,Manaca
819,161,937,256,1.5900621118012421,3.768848180770874,961.0562860965729,43.3301276078636,1.4797344055140775,Manaca
820,157,995,276,1.7579617834394905,3.4457950592041016,947.5936412811279,31.368213121630976,1.373958439250451,Manaca
821,156,896,242,1.5512820512820513,3.9047882556915283,941.0539696216583,49.63956790330887,1.5152387223013837,Manaca
822,160,962,284,1.775,3.332334518432617,943.0506687164307,28.003640467847884,1.4142770510023028,Manaca
823,156,919,223,1.4294871794871795,4.006106853485107,889.3557214736938,54.93259309395715,1.396157876992736,Manaca
824,185,1074,315,1.7027027027027026,3.475532293319702,1091.3171401023865,32.31502503136521,1.465957007507299,Manaca
825,155,927,219,1.4129032258064516,3.4606854915618896,754.429437160492,31.83879426067939,1.1741225541446534,Manaca
826,151,994,244,1.6158940397350994,3.17327618598938,771.1061131954193,23.885610010326495,1.1191860819981843,Manaca
827,164,990,277,1.6890243902439024,3.049116373062134,841.5561189651489,21.096694576373242,1.226372565111902,Manaca
828,165,1004,263,1.593939393939394,2.9019463062286377,760.3099322319031,18.20955226693124,1.0925252676987953,Manaca
829,162,921,271,1.6728395061728396,2.9276556968688965,790.467038154602,18.683778674926174,1.2382224494373848,Manaca
830,167,992,280,1.6766467065868262,2.9359357357025146,819.1260702610016,18.83912333028036,1.1912793542625117,Manaca
831,164,987,258,1.5731707317073171,3.299238681793213,847.9043412208557,27.09200543033608,1.2393793193794853,Manaca
832,200,1176,340,1.7,2.859645128250122,969.4196984767914,17.455331433330024,1.189266149262365,Manaca
833,161,945,252,1.565217391304348,2.91144061088562,730.7715933322906,18.38326262848935,1.1156407975904994,Manaca
834,163,1078,303,1.8588957055214723,2.2320098876953125,674.0669860839844,9.318576562571012,0.9021086252786031,Manaca
835,287,1877,514,1.7909407665505226,2.3711061477661133,1216.377453804016,10.709231727569135,0.9349289933149697,Manaca
836,167,1029,283,1.6946107784431137,3.6176488399505615,1020.1769728660583,37.24988434358554,1.4303248392448757,Manaca
837,218,1510,369,1.6926605504587156,2.8962488174438477,1065.819564819336,18.106098540192335,1.0183129805611186,Manaca
838,298,2032,530,1.778523489932886,3.046255111694336,1611.4689540863037,21.03641769427367,1.1441231636844662,Manaca
839,182,1250,307,1.6868131868131868,3.529752492904663,1080.104262828827,34.115522735775514,1.2466088509009425,Manaca
840,301,1862,472,1.5681063122923589,2.9610159397125244,1394.638507604599,19.317587293795363,1.0805789789226314,Manaca
841,258,1786,461,1.7868217054263567,2.748899459838867,1264.493751525879,15.625426009188658,1.0214327349168346,Manaca
842,303,1904,460,1.518151815181518,3.2684733867645264,1500.2292845249176,26.271202748704688,1.1367507084981598,Manaca
843,277,1744,511,1.8447653429602888,2.516327381134033,1283.326964378357,12.3830348817351,1.061610921644348,Manaca
844,194,1255,339,1.7474226804123711,3.3594298362731934,1135.4872846603394,28.772781005481164,1.3053082665911924,Manaca
845,173,1055,282,1.630057803468208,3.852142810821533,1082.4521298408508,47.09386844068362,1.480235374143215,Manaca
846,89,606,143,1.6067415730337078,4.372539520263672,620.9006118774414,79.2446197025158,1.4781687023770755,Manaca
847,291,1671,500,1.7182130584192439,4.219893932342529,2105.727072238922,68.02626851979818,1.818026334281705,Manaca
848,285,1689,513,1.8,3.910449266433716,2002.1500244140625,49.921374934171766,1.7101787515321996,Manaca
849,294,1714,484,1.6462585034013606,4.139525413513184,1999.3907747268677,62.77302315030223,1.6829119927057146,Manaca
850,95,491,157,1.6526315789473685,4.596713542938232,717.0873126983643,99.15790137728436,2.107002667849946,Manaca
851,275,1709,509,1.8509090909090908,4.079115867614746,2072.190860748291,59.09320053444905,1.7492916785119907,Manaca
852,287,1813,509,1.7735191637630663,4.057438373565674,2061.1786937713623,57.82599260055968,1.6401832762768538,Manaca
853,280,1752,483,1.725,3.894245147705078,1877.0261611938477,49.11896180407907,1.5456485926787742,Manaca
854,261,2406,1422,5.448275862068965,2.944847345352173,4184.628077745438,19.007760541992536,2.509202899305095,Manaca
855,173,1579,923,5.335260115606936,3.565065860748291,3286.9907236099243,35.341780963771654,3.0032458621913003,Manaca
856,199,1977,1177,5.914572864321608,3.153380870819092,3708.375904083252,23.41509432010865,2.7061484706995618,Manaca
857,276,2681,1621,5.8731884057971016,2.9786407947540283,4825.398087501526,19.661075038879567,2.5966347971479076,Manaca
858,161,1592,977,6.068322981366459,3.0865843296051025,3012.50630569458,21.902139576448864,2.7299798416283307,Manaca
859,263,2394,1330,5.057034220532319,3.2336924076080322,4297.577209711075,25.373172310819093,2.589846837212864,Manaca
860,225,2070,1173,5.213333333333333,3.3036060333251953,3871.826271057129,27.21058449149997,2.698485294897453,Manaca
861,258,2494,1513,5.864341085271318,3.238192081451416,4896.146427154541,25.487600562425484,2.832255882085835,Manaca
862,236,2198,1353,5.733050847457627,3.049481153488159,4122.898519515991,21.104391641392514,2.706135235757129,Manaca
863,205,1896,1160,5.658536585365853,3.5969560146331787,4168.872020959854,36.48699933848678,3.172157695537728,Manaca
864,213,1974,1253,5.882629107981221,3.070453643798828,3844.207962036133,21.551677242484224,2.8095338211628156,Manaca
865,120,1162,729,6.075,3.330989360809326,2424.9602546691895,27.965996481616422,3.010738497215213,Manaca
866,373,3424,2051,5.498659517426273,2.844822406768799,5831.885933876038,17.19850405978671,2.457252603923207,Manaca
867,339,2724,1546,4.56047197640118,2.857142448425293,4414.285082817078,17.411700946858197,2.3379101314428508,Manaca
868,322,2855,1686,5.236024844720497,3.284026622772217,5533.584859371185,26.682999046563346,2.796243584922263,Manaca
869,110,997,590,5.363636363636363,3.710009813308716,2185.1957800388336,40.854207439973074,3.1620572870948,Manaca
870,318,2872,1689,5.311320754716981,2.7966535091400146,4720.751123428345,16.38970689015923,2.3713803046800406,Manaca
871,415,3746,2131,5.134939759036144,2.795116424560547,5953.597984313965,16.36453387591858,2.2929061098281593,Manaca
872,342,3089,1785,5.219298245614035,2.991955518722534,5337.648645401001,19.9246073627403,2.4929100779306306,Manaca
873,137,914,345,2.5182481751824817,6.03879976272583,2077.3471183776855,419.3893659366275,3.2789697876241415,Manaca
874,153,1046,407,2.6601307189542482,5.635425090789795,2287.9825868606567,280.17799308396326,3.155698978684676,Manaca
875,127,834,332,2.6141732283464565,5.916745662689209,1958.4428143501282,371.2017304557166,3.387812633246469,Manaca
876,144,1002,393,2.7291666666666665,6.043471336364746,2369.0407638549805,421.3531576704108,3.410981398879623,Manaca
877,132,1018,395,2.992424242424242,5.829349994659424,2296.763897895813,340.1375159990167,3.2549409485138456,Manaca
878,162,1078,429,2.6481481481481484,5.609857082366943,2401.0188312530518,273.10520366619215,3.213300520343036,Manaca
879,139,933,363,2.6115107913669067,5.84244441986084,2114.964879989624,344.620709623586,3.27036371277101,Manaca
880,129,1032,411,3.186046511627907,5.160417079925537,2115.77100276947,174.2371112538388,2.957763888907155,Manaca
881,243,1318,390,1.6049382716049383,3.6186115741729736,1407.6399023532867,37.28576335022655,1.5408157105330134,Manaca
882,299,1583,470,1.5719063545150502,3.2088048458099365,1504.9294726848602,24.74948908595559,1.3715440853632914,Manaca
883,206,1154,320,1.5533980582524272,3.4227406978607178,1091.854282617569,30.653311466290646,1.3650023907328799,Manaca
884,237,1354,448,1.890295358649789,3.019237518310547,1349.5991706848145,20.475673404573293,1.4380059311187883,Manaca
885,141,801,198,1.4042553191489362,3.602940082550049,709.7791962623596,36.705994608394384,1.2783956636377785,Manaca
886,102,557,145,1.4215686274509804,2.945866823196411,424.2048225402832,19.027148413807357,1.098740024775672,Manaca
887,224,984,337,1.5044642857142858,4.597171783447266,1544.6497192382812,99.20334995688098,2.264693587251624,Manaca
888,229,942,325,1.4192139737991267,4.419462203979492,1431.9057540893555,83.05160852134844,2.1929971660775847,Manaca
889,226,922,325,1.4380530973451326,4.704723834991455,1524.3305225372314,110.46777340096989,2.385188812950267,Manaca
890,253,1055,378,1.4940711462450593,4.229908466339111,1594.675491809845,68.71094252188128,2.1806923448921633,Manaca
891,266,1054,369,1.387218045112782,4.5563459396362305,1676.7353057861328,95.23484937127257,2.2950832168321567,Manaca
892,284,1162,413,1.454225352112676,4.482900142669678,1846.9548587799072,88.49093723710148,2.293108963431625,Manaca
893,244,975,335,1.3729508196721312,4.45219612121582,1487.033504486084,85.8151977889757,2.2003444744182663,Manaca
894,277,1152,423,1.5270758122743682,4.092128276824951,1726.8781328201294,59.86717012499798,2.1626376028117997,Manaca
895,281,1883,606,2.1565836298932384,2.7544007301330566,1666.4124417304993,15.711622579054236,1.2767525043867551,Manaca
896,283,1847,647,2.2862190812720846,3.1315910816192627,2023.0078387260437,22.910402879417237,1.5801750820842249,Manaca
897,285,1742,559,1.96140350877193,3.0963125228881836,1727.7423877716064,22.116247577012523,1.430887126734646,Manaca
898,310,1987,655,2.1129032258064515,3.261958122253418,2133.3206119537354,26.100595293625183,1.5489336021599713,Manaca
899,304,1983,642,2.111842105263158,3.3820743560791016,2167.909662246704,29.43175978513801,1.5772226519508763,Manaca
900,311,1741,643,2.067524115755627,3.0044729709625244,1928.8716473579407,20.175580176913357,1.5983765423059313,Manaca
901,316,1718,590,1.8670886075949367,3.3836982250213623,1992.9982545375824,29.479591931826985,1.673625551991694,Manaca
902,258,1561,514,1.9922480620155039,3.203641414642334,1643.4680457115173,24.622026158843074,1.5189130041047294,Manaca
903,316,1812,620,1.9620253164556962,3.317748546600342,2053.6863503456116,27.598144621377408,1.6351231308967815,Manaca
904,201,1111,394,1.9601990049751243,2.9422895908355713,1156.3198091983795,18.959205479052578,1.5015453235033074,Manaca
905,179,1121,369,2.0614525139664805,3.0442047119140625,1120.267333984375,20.993328817862924,1.4417521206147708,Manaca
906,171,977,334,1.9532163742690059,3.4096944332122803,1135.4282462596893,30.255997618737272,1.676639406513927,Manaca
907,176,1063,350,1.9886363636363635,3.3813843727111816,1180.1031460762024,29.41145936467927,1.601626487847226,Manaca
908,174,1054,344,1.9770114942528736,3.5353338718414307,1212.6195180416107,34.30646676559574,1.659810403381211,Manaca
909,219,1255,436,1.9908675799086757,3.2888312339782715,1430.641586780548,26.81150895565504,1.6446051972412863,Manaca
910,167,973,316,1.8922155688622755,3.2037906646728516,1009.1940593719482,24.62570127124718,1.4963610120765796,Manaca
911,174,1179,384,2.206896551724138,3.2960917949676514,1262.4031574726105,27.00688395943274,1.5447521415507246,Manaca
912,328,1971,547,1.6676829268292683,2.6683614253997803,1456.92533826828,14.416327600601505,1.0664124609158414,Manaca
913,251,1378,424,1.6892430278884463,3.043178081512451,1287.2643284797668,20.971787487651717,1.3476994651749066,Manaca
914,353,2226,585,1.6572237960339944,2.401329517364502,1402.3764381408691,11.037841631744419,0.908895567280036,Manaca
915,342,2022,619,1.8099415204678362,3.0770606994628906,1901.6235122680664,21.694541811050293,1.3568065335247241,Manaca
916,333,2040,525,1.5765765765765767,3.145348072052002,1648.162389755249,23.227759000116432,1.1655861305292161,Manaca
917,91,581,170,1.8681318681318682,2.863525390625,483.935791015625,17.523194276803196,1.2016725745385886,Manaca
918,343,2182,729,2.1253644314868803,2.5690414905548096,1870.2622051239014,13.05330672493161,1.2365802055427635,Manaca
919,340,1861,572,1.6823529411764706,2.8924293518066406,1651.5771598815918,18.03707481976998,1.2803450715779963,Manaca
920,300,1734,498,1.66,2.8588030338287354,1420.8251078128815,17.44063858335831,1.1821322589458887,Manaca
921,327,1862,527,1.6116207951070336,3.3314731121063232,1752.354856967926,27.979528341449704,1.3577409570490417,Manaca
922,268,1661,479,1.787313432835821,2.590703010559082,1238.3560390472412,13.339145868100497,1.0755991067961197,Manaca
923,281,1752,563,2.00355871886121,2.6173057556152344,1470.9258346557617,13.698765997680407,1.2112428123135428,Manaca
924,165,1119,371,2.2484848484848485,3.224759578704834,1193.1610441207886,25.147527427851976,1.5383087768855759,Manaca
925,198,1145,395,1.994949494949495,3.6231863498687744,1427.5354218482971,37.45672811876391,1.7986884487282733,Manaca
926,161,980,331,2.0559006211180124,3.277143955230713,1081.4575052261353,26.49997938932923,1.592054469103975,Manaca
927,136,883,329,2.4191176470588234,2.714000701904297,890.1922302246094,15.089523603009473,1.4544461109659461,Manaca
928,134,840,306,2.283582089552239,3.248375177383423,990.754429101944,25.748469215050026,1.7016148828620843,Manaca
929,141,963,314,2.226950354609929,2.675551176071167,837.4475181102753,14.520350904354064,1.2546016421417077,Manaca
930,223,1383,460,2.062780269058296,3.1147284507751465,1429.6603589057922,22.527312248669766,1.491369421510428,Manaca
931,213,1350,437,2.051643192488263,3.1565496921539307,1376.2556657791138,23.489410255321484,1.470753499270271,Manaca
932,98,512,169,1.7244897959183674,3.528695583343506,592.820858001709,34.07948476140674,1.6704291249504022,Manaca
933,176,1180,388,2.2045454545454546,2.9967586994171143,1159.7456166744232,20.020539056368552,1.4179315676855113,Manaca
934,223,1743,691,3.098654708520179,5.248414039611816,3621.4056873321533,190.26427744172494,2.997466452186567,Manaca
935,227,1671,670,2.951541850220264,5.82829475402832,3899.1291904449463,339.7787783825152,3.3663999681869075,Manaca
936,209,1770,690,3.3014354066985647,5.03727912902832,3470.6853199005127,154.0502933092676,2.8288929375743477,Manaca
937,250,1738,699,2.796,5.549848556518555,3873.794292449951,257.1986019044892,3.2155948303460966,Manaca
938,228,1760,754,3.307017543859649,4.354442119598389,3278.8949160575867,77.8233970760511,2.687753088063815,Manaca
939,229,1482,610,2.663755458515284,5.112963676452637,3113.7948789596558,166.16207649534985,3.031212166140719,Manaca
940,204,1406,573,2.8088235294117645,5.253324508666992,3004.9016189575195,191.2008619410438,3.0833262190819566,Manaca
941,262,1774,719,2.7442748091603053,5.172780990600586,3714.0567512512207,176.40473587929253,3.0204347556991604,Manaca
942,191,1453,597,3.1256544502617802,4.843149662017822,2886.517198562622,126.86831541423666,2.8660454561644864,Manaca
943,271,1746,411,1.5166051660516606,2.951068878173828,1209.9382400512695,19.12638658333297,0.9997548102542307,Manaca
944,252,1588,412,1.6349206349206349,3.418052911758423,1404.8197467327118,30.509951581578978,1.2762761221373884,Manaca
945,275,1601,421,1.530909090909091,3.0365495681762695,1275.3508186340332,20.833235419022248,1.1492456598607117,Manaca
946,272,1712,470,1.7279411764705883,3.5973660945892334,1687.1646983623505,36.50196499392001,1.4217664389546067,Manaca
947,271,1733,412,1.5202952029520296,3.5765130519866943,1469.9468643665314,35.748669511527375,1.2237074735094498,Manaca
948,268,1446,429,1.6007462686567164,4.1251654624938965,1765.5708179473877,61.878046899328474,1.7615354518609732,Manaca
949,269,1509,426,1.58364312267658,4.223184108734131,1794.8532462120056,68.25045554768377,1.7159879903469304,Manaca
950,264,1509,404,1.5303030303030303,3.537000894546509,1425.411360502243,34.36370411935409,1.3627792584647955,Manaca
951,289,1642,467,1.6159169550173011,3.7174346446990967,1732.324544429779,41.15867194188633,1.5220560471736144,Manaca
952,328,2155,757,2.307926829268293,2.4778976440429688,1873.2906188964844,11.916186000582728,1.2541007359748377,Manaca
953,221,1370,489,2.2126696832579187,2.9337263107299805,1431.6584396362305,18.79754564903107,1.5076252051897965,Manaca
954,249,1718,556,2.2329317269076303,2.936527967453003,1629.7730219364166,18.85028376172264,1.3686062028651271,Manaca
955,346,2346,772,2.23121387283237,2.7399826049804688,2112.5265884399414,15.486715702274768,1.2991183430896776,Manaca
956,223,1557,516,2.31390134529148,3.0607526302337646,1576.2876045703888,21.34361496839667,1.4605666731717684,Manaca
957,358,2289,745,2.0810055865921786,2.935384750366211,2183.926254272461,18.82874610868755,1.3764698893429834,Manaca
958,301,2038,671,2.229235880398671,2.9464855194091797,1974.1452980041504,19.038924080875443,1.397492458991586,Manaca
959,394,2476,846,2.1472081218274113,2.9769790172576904,2515.5472695827484,19.62842983886801,1.4657381142765766,Manaca
960,306,2073,717,2.343137254901961,2.9488525390625,2111.37841796875,19.08404296593084,1.469404328530391,Manaca
961,276,1825,619,2.2427536231884058,3.2099971771240234,1983.7782554626465,24.779016276399197,1.5682120829475723,Manaca
962,271,1748,599,2.2103321033210332,3.2624034881591797,1950.9172859191895,26.112222197810222,1.6101708773341938,Manaca
963,174,1144,387,2.2241379310344827,3.2666256427764893,1260.9174981117249,26.22270511117457,1.590139354454462,Manaca
964,512,2928,1139,2.224609375,2.7139906883239746,3088.521403312683,15.089372503609374,1.5217877432508982,Manaca
965,498,2966,1256,2.5220883534136544,2.1084420680999756,2646.0947954654694,8.235401091080899,1.2870896288402323,Manaca
966,441,2545,951,2.1564625850340136,2.989877939224243,2840.384042263031,19.883255377864057,1.6101406569717183,Manaca
967,146,812,289,1.9794520547945205,3.877058267593384,1116.5927810668945,48.28197330978214,1.9838705270167791,Manaca
968,415,2593,979,2.3590361445783135,2.6369524002075195,2578.939447402954,13.970561981636253,1.434872021411942,Manaca
969,508,3179,1150,2.263779527559055,2.720097064971924,3125.3915276527405,15.181795794020239,1.4183664227055646,Manaca
970,443,2776,1039,2.345372460496614,2.799398183822632,2905.775314807892,16.434753094025165,1.5101396385485995,Manaca
971,189,1120,457,2.417989417989418,5.452513694763184,2486.3462448120117,233.3439848669515,3.202713747609988,Manaca
972,246,1419,609,2.475609756097561,5.063765525817871,3078.7694396972656,158.18504613742087,3.130179987802493,Manaca
973,176,1067,427,2.4261363636363638,5.557824611663818,2367.6332845687866,259.2582350914629,3.2012865963364914,Manaca
974,143,827,333,2.3286713286713288,5.483597278594971,1820.5542964935303,240.71105652102293,3.175942751173291,Manaca
975,120,775,305,2.5416666666666665,5.730887413024902,1742.1897735595703,308.24268561650524,3.2431594149701395,Manaca
976,93,542,226,2.4301075268817205,5.318460464477539,1196.6536045074463,204.06946783440554,3.1852513300457486,Manaca
977,194,1298,514,2.649484536082474,5.744701862335205,2947.03205537796,312.5304368442552,3.2755535682855106,Manaca
978,238,1522,624,2.6218487394957983,5.208752155303955,3245.052592754364,182.8657277344282,3.07596667739198,Manaca
979,166,1129,454,2.7349397590361444,5.775397300720215,2616.2549772262573,322.2724483626759,3.3431869631048623,Manaca
980,199,1405,596,2.9949748743718594,5.081417560577393,3023.4434485435486,161.00212450447867,3.1045600495530277,Manaca
981,125,861,334,2.672,5.848910808563232,1947.6872992515564,346.8563816588742,3.26355262233756,Manaca
982,93,616,254,2.7311827956989245,5.256077289581299,1329.7875542640686,191.72792113100434,3.1144121915140177,Manaca
983,274,1891,608,2.218978102189781,3.043396234512329,1847.3415143489838,20.976363045072592,1.4093868014699031,Manaca
984,284,1802,572,2.0140845070422535,3.423079013824463,1954.5781168937683,30.663683725352822,1.5648502532035116,Manaca
985,285,1834,562,1.9719298245614034,3.14866304397583,1766.3999676704407,23.30488613557015,1.3895182516818814,Manaca
986,291,1816,594,2.0412371134020617,3.1851465702056885,1888.7919161319733,24.170830869881172,1.500523530107247,Manaca
987,308,1902,642,2.0844155844155843,3.024115800857544,1938.4582283496857,20.575803557798583,1.4703491445901669,Manaca
988,263,1579,554,2.106463878326996,2.9274232387542725,1618.8650510311127,18.679435983727807,1.4791187973344173,Manaca
989,260,1574,529,2.0346153846153845,3.0851898193359375,1628.980224609375,21.871618104092292,1.493088749523593,Manaca
990,314,1888,662,2.1082802547770703,3.232954502105713,2136.982925891876,25.354456213564465,1.6329526851952316,Manaca
991,223,1432,504,2.2600896860986546,2.790863275527954,1403.804227590561,16.295080876170907,1.4142886854216927,Manaca
992,450,1893,670,1.488888888888889,4.187312602996826,2801.3121314048767,65.84559970810307,2.1349387849761796,Manaca
993,412,1709,587,1.424757281553398,4.413731575012207,2586.4467029571533,82.57703167844016,2.1834135938442922,Manaca
994,467,1916,730,1.563169164882227,4.338475227355957,3162.7484407424927,76.59066690530841,2.3814621560743716,Manaca
995,421,1706,631,1.498812351543943,4.443461894989014,2799.3809938430786,85.06893220816532,2.3673230230810245,Manaca
996,278,1130,408,1.4676258992805755,4.580226421356201,1864.1521534919739,97.53647604824538,2.3800027144295157,Manaca
997,419,1695,584,1.3937947494033414,4.098978042602539,2389.7041988372803,60.27865389296117,2.0339907946041755,Manaca
998,449,1837,664,1.4788418708240534,3.840883731842041,2546.505914211273,46.56660865614902,1.9999082493342515,Manaca
999,415,1650,521,1.2554216867469878,4.700242042541504,2444.125862121582,109.97378756603995,2.137047430661375,Manaca
1000,505,2135,770,1.5247524752475248,3.4398281574249268,2645.2278530597687,31.18159938155616,1.7874740541595728,Manaca
1001,229,1329,398,1.737991266375546,4.156581878662109,1650.1630058288574,63.8528922268233,1.7913333221728507,Manaca
1002,266,1493,447,1.6804511278195489,3.6600089073181152,1632.3639726638794,38.861689023217444,1.5773633009296626,Manaca
1003,179,1116,317,1.770949720670391,4.436803817749023,1402.0300064086914,84.50441806160275,1.8124567539635672,Manaca
1004,252,1454,460,1.8253968253968254,3.426215887069702,1572.6330921649933,30.760022837224763,1.560405751859912,Manaca
1005,136,838,218,1.6029411764705883,4.550907611846924,987.5469517707825,94.7183367987699,1.700154045303962,Manaca
1006,93,557,171,1.8387096774193548,3.062333106994629,520.5966281890869,21.377374727076685,1.3484060570770398,Manaca
1007,209,1844,789,3.77511961722488,4.6475090980529785,3662.237169265747,104.32479881729364,2.8652339493811976,Manaca
1008,216,1879,813,3.763888888888889,4.811212062835693,3906.704195022583,122.88046613834052,2.9995650709841355,Manaca
1009,223,1977,904,4.053811659192825,3.8835928440093994,3506.8843381404877,48.59850863968616,2.5591121110806556,Manaca
1010,230,1891,840,3.652173913043478,4.607639789581299,3865.8097834587097,100.24726555760401,2.9493308321607183,Manaca
1011,217,1984,920,4.23963133640553,3.5645854473114014,3275.854026079178,35.324806375049775,2.3820858659781123,Manaca
1012,206,1633,710,3.4466019417475726,4.544727802276611,3222.2120118141174,94.13480044341901,2.8467050153931885,Manaca
1013,182,1551,709,3.8956043956043955,4.1992316246032715,2973.055990219116,66.63511058564407,2.765450118229752,Manaca
1014,233,1952,865,3.7124463519313307,4.468374729156494,3860.675765991211,87.2148599926864,2.8533697654076438,Manaca
1015,180,1528,688,3.8222222222222224,4.179653644561768,2871.4220538139343,65.3432173155341,2.711116726005606,Manaca
1016,271,1518,557,2.055350553505535,3.4400522708892822,1912.669062614441,31.18858838095289,1.8177853567164666,Manaca
1017,309,1694,607,1.964401294498382,3.367210626602173,2040.5296397209167,28.997529207116717,1.7378169964653543,Manaca
1018,222,1246,446,2.009009009009009,3.5722522735595703,1589.6522617340088,35.596676386132295,1.8405966570959704,Manaca
1019,255,1510,592,2.3215686274509806,3.0772457122802734,1818.6522159576416,21.698555950674773,1.7375897569959031,Manaca
1020,136,872,275,2.0220588235294117,3.477592706680298,952.8604016304016,32.3816759813623,1.5764758900133558,Manaca
1021,114,691,227,1.9912280701754386,3.0165457725524902,681.7393445968628,20.420632209228614,1.4233603062645241,Manaca
1022,307,1967,546,1.778501628664495,1.9966720342636108,1088.186258673668,7.364506446268609,0.798129597840374,Manaca
1023,195,1158,333,1.7076923076923076,2.742084264755249,910.3719758987427,15.519297735891582,1.1341875086298816,Manaca
1024,231,1617,386,1.670995670995671,2.3709592819213867,912.8193235397339,10.707659022696234,0.8144217138518196,Manaca
1025,323,2182,542,1.6780185758513932,2.429445505142212,1314.3300182819366,11.35258538420193,0.8690088906814165,Manaca
1026,210,1361,343,1.6333333333333333,2.8945131301879883,989.923490524292,18.074699273239347,1.049344386949955,Manaca
1027,332,2053,514,1.5481927710843373,2.51230788230896,1288.8139436244965,12.33336118613654,0.9056821651707789,Manaca
1028,285,1882,495,1.736842105263158,2.3440535068511963,1157.962432384491,10.423402378238551,0.887665599753893,Manaca
1029,342,2105,566,1.654970760233918,2.4248902797698975,1370.063008069992,11.300989404095645,0.9389943503315883,Manaca
1030,299,1887,537,1.7959866220735785,2.371652841567993,1271.2059230804443,10.715087998825233,0.9718932067709773,Manaca
1031,225,1455,376,1.6711111111111112,3.198686122894287,1199.5072960853577,24.500318632990304,1.1893630430051376,Manaca
1032,223,1408,373,1.6726457399103138,3.1942598819732666,1188.2646760940552,24.39211396669838,1.2175451388241647,Manaca
1033,143,890,229,1.6013986013986015,3.5100486278533936,800.2910871505737,33.44989434095464,1.2972763850559215,Manaca
1034,397,2203,739,1.8614609571788414,3.0822813510894775,2274.7236371040344,21.808097615777108,1.489665234063957,Manaca
1035,377,2058,729,1.93368700265252,2.816770553588867,2050.6089630126953,16.722758123452618,1.4375137909333702,Manaca
1036,377,2094,629,1.6684350132625996,3.349287986755371,2103.352855682373,28.482446543104036,1.4491388415150903,Manaca
1037,120,672,215,1.7916666666666667,3.7416725158691406,800.7179183959961,42.168458634997116,1.7190353720548173,Manaca
1038,354,2061,695,1.963276836158192,2.6786856651306152,1859.007851600647,14.565936191371797,1.3013010230363413,Manaca
1039,424,2434,783,1.846698113207547,2.7527389526367188,2152.641860961914,15.685535040067425,1.2759267615528935,Manaca
1040,369,2223,684,1.853658536585366,2.998480796813965,2047.962384223938,20.055046078259466,1.3290981446905143,Manaca
1041,166,1018,246,1.4819277108433735,3.2316174507141113,791.7462754249573,25.32057865566571,1.1220514982297576,Manaca
1042,194,1069,289,1.4896907216494846,3.390812873840332,976.5541076660156,29.690076750669064,1.3179324305795206,Manaca
1043,147,852,232,1.5782312925170068,2.87656307220459,664.4860696792603,17.753151903838063,1.1251769453827076,Manaca
1044,120,748,229,1.9083333333333334,2.8005478382110596,638.5249071121216,16.453658245155165,1.2315464130678393,Manaca
1045,115,713,193,1.6782608695652175,3.246652603149414,623.3572998046875,25.70415374471666,1.2613106383312167,Manaca
1046,130,827,205,1.5769230769230769,2.8450117111206055,580.3823890686035,17.201760119633217,1.0124725447745626,Manaca
1047,205,1184,339,1.6536585365853658,3.4556329250335693,1168.0039286613464,31.678332348101645,1.4232039490021549,Manaca
1048,188,1200,314,1.6702127659574468,3.456880807876587,1082.0036928653717,31.717887870730237,1.300834468267014,Manaca
1049,76,422,120,1.5789473684210527,4.287836074829102,510.2524929046631,72.80874523403298,1.7444045997980768,Manaca
1050,167,1023,256,1.532934131736527,3.038403034210205,774.7927737236023,20.87188491995249,1.0926585458139255,Manaca
1051,184,1124,433,2.3532608695652173,5.358803749084473,2315.003219604492,212.47062618335465,2.9713911606453602,Manaca
1052,170,1030,413,2.429411764705882,5.258515357971191,2166.508327484131,192.1959372107478,3.034573611753396,Manaca
1053,151,923,357,2.3642384105960264,5.869416236877441,2089.512180328369,354.0422431255119,3.266011766453764,Manaca
1054,184,1054,402,2.1847826086956523,5.587252616882324,2240.488299369812,267.00105691680585,3.066737531945517,Manaca
1055,182,1074,403,2.2142857142857144,5.664220333099365,2277.016573905945,288.36306631052594,3.058696945247751,Manaca
1056,208,1186,496,2.3846153846153846,4.93678617477417,2443.709156513214,139.32177345407118,2.9726197988841196,Manaca
1057,159,981,409,2.5723270440251573,5.104681968688965,2082.7102432250977,164.79165329137732,3.062911049449027,Manaca
1058,199,1235,493,2.477386934673367,4.85089635848999,2386.641008377075,127.854942361372,2.788012264913232,Manaca
1059,250,1587,399,1.596,3.052726984024048,1214.985339641571,21.173004212374032,1.104507450695455,Manaca
1060,269,1522,398,1.479553903345725,3.006312608718872,1193.5061056613922,20.212730096683448,1.1313175689279826,Manaca
1061,243,1561,385,1.5843621399176955,2.6227076053619385,1007.1197204589844,13.772964898545272,0.9307922013373837,Manaca
1062,285,1609,421,1.4771929824561403,3.073714256286621,1290.9599876403809,21.622063599391183,1.157527391022284,Manaca
1063,292,1554,432,1.4794520547945205,3.1809847354888916,1371.0044209957123,24.070444906624186,1.2728064859764212,Manaca
1064,232,1326,377,1.625,3.1906049251556396,1199.6674518585205,24.303124568728137,1.3052445577014984,Manaca
1065,231,1299,346,1.4978354978354977,3.274052381515503,1129.5480716228485,26.418179260312577,1.2544983844310817,Manaca
1066,299,1590,459,1.5351170568561874,3.071169137954712,1406.595465183258,21.567102859412024,1.276281951042007,Manaca
1067,212,1192,325,1.5330188679245282,3.1990747451782227,1036.5002174377441,24.509841853122527,1.2544913788404075,Manaca
1068,308,1711,511,1.6590909090909092,3.201046943664551,1632.533941268921,24.5582278238111,1.3765333846590218,Manaca
1069,310,1579,480,1.5483870967741935,2.907898426055908,1392.88334608078,18.31826090650796,1.2726446459325946,Manaca
1070,339,1870,568,1.6755162241887906,3.1415750980377197,1781.273080587387,23.140286388710667,1.3742426950975564,Manaca
1071,326,1721,546,1.6748466257668713,3.2881100177764893,1792.0199596881866,26.792179032366796,1.50223027833596,Manaca
1072,201,1044,292,1.4527363184079602,3.454584836959839,1005.2841875553131,31.645148058838547,1.389193977078679,Manaca
1073,300,1590,399,1.33,4.2470879554748535,1690.3410062789917,69.90155922322285,1.5337399919307935,Manaca
1074,334,1775,491,1.470059880239521,3.735462188720703,1830.3764724731445,41.90739021076666,1.4877042590404732,Manaca
1075,321,1623,430,1.3395638629283488,3.750831365585327,1609.1066558361053,42.556447262982815,1.4303451587407106,Manaca
1076,354,1934,509,1.4378531073446328,3.4898128509521484,1772.8249282836914,32.779812421460015,1.322464184280876,Manaca
1077,268,2213,902,3.3656716417910446,4.641757011413574,4182.22306728363,103.72643610275584,2.7264674555180854,Manaca
1078,182,1347,542,2.978021978021978,5.964332580566406,3226.703926086426,389.29311955313636,3.4559389402983185,Manaca
1079,206,1805,690,3.349514563106796,5.436031818389893,3745.425922870636,229.5295589534842,2.993632911325449,Manaca
1080,288,2494,968,3.361111111111111,5.08902645111084,4921.088578224182,162.23184451505637,2.8466840768160977,Manaca
1081,185,1653,648,3.502702702702703,5.420016288757324,3506.7505388259888,225.88280182221,3.06059988626676,Manaca
1082,274,2248,859,3.1350364963503647,5.224740982055664,4482.82776260376,185.8130353818347,2.876936557948315,Manaca
1083,237,2021,772,3.257383966244726,5.129645824432373,3954.9569306373596,168.95726691069532,2.823254206214723,Manaca
1084,288,2281,924,3.2083333333333335,5.3981475830078125,4982.490219116211,220.99665883455998,3.1513432399810273,Manaca
1085,237,1906,769,3.2447257383966246,4.998647212982178,3838.9610595703125,148.21252344692127,2.9057975250828596,Manaca
1086,209,1670,644,3.0813397129186604,5.805314064025879,3732.81694316864,332.0594649010951,3.2247404146441294,Manaca
1087,208,1717,685,3.293269230769231,5.7206597328186035,3912.931257247925,305.1061451102678,3.2878081072632486,Manaca
1088,125,984,386,3.088,6.250059604644775,2406.2729477882385,518.0437015589393,3.527965496747316,Manaca
1089,396,2761,1162,2.9343434343434343,4.9010491371154785,5690.118048191071,134.43074200850552,2.9732361789924107,Manaca
1090,334,2232,935,2.7994011976047903,4.559047698974609,4258.150550842285,95.49249891170034,2.752335431477945,Manaca
1091,335,2306,956,2.8537313432835822,5.493044376373291,5245.857379436493,242.9958527623469,3.281948146801302,Manaca
1092,109,766,307,2.81651376146789,6.098311901092529,1866.083441734314,445.1057529861566,3.514607476860449,Manaca
1093,319,2269,943,2.956112852664577,4.570387363433838,4305.304896354675,96.58151467490102,2.737435885185484,Manaca
1094,402,2989,1228,3.054726368159204,4.539920330047607,5570.482244968414,93.6833360752228,2.688694248971546,Manaca
1095,319,2430,957,3.0,5.200673580169678,4971.843942642212,181.39438439436262,2.951792016511832,Manaca
1096,282,2156,1310,4.6453900709219855,2.75864577293396,3611.0673167705536,15.778460854673387,2.4163584926813977,Manaca
1097,211,1595,997,4.725118483412322,3.216966152191162,3204.0982875823975,24.95230373969168,2.898142137941031,Manaca
1098,244,1784,1123,4.602459016393443,2.798283338546753,3139.673905849457,16.416441096596603,2.539008954023259,Manaca
1099,329,2447,1500,4.5592705167173255,2.8858914375305176,4325.951264858246,17.919534623351446,2.5504815843638458,Manaca
1100,217,1619,1031,4.751152073732719,2.938829183578491,3026.994059085846,18.893712288733486,2.697362148142992,Manaca
1101,303,2293,1280,4.224422442244224,2.9214789867401123,3736.5716240406036,18.56873006666799,2.350952181391103,Manaca
1102,263,2038,1193,4.5361216730038025,2.9181079864501953,3478.384719848633,18.50624025798743,2.462339737796648,Manaca
1103,365,2633,1675,4.589041095890411,2.647336483001709,4431.641272544861,14.11638928496315,2.428221377477906,Manaca
1104,289,2240,1445,5.0,2.650935649871826,3827.951078414917,14.167288067263527,2.4654312667833755,Manaca
1105,254,1998,1232,4.850393700787402,3.036504030227661,3737.936461210251,20.83228673781905,2.6990502481211562,Manaca
1106,271,2018,1292,4.767527675276753,2.76568865776062,3570.5040571689606,15.88997898091251,2.552600840808515,Manaca
1107,150,1120,703,4.6866666666666665,3.1927332878112793,2241.298768043518,24.354905516246067,2.8870630516133278,Manaca
1108,513,3586,2230,4.346978557504873,2.5378224849700928,5656.806318998337,12.652090835697765,2.27580770320364,Manaca
1109,512,3385,2060,4.0234375,2.3348376750946045,4807.430773019791,10.327783336843755,2.0489384152592756,Manaca
1110,460,3185,2020,4.391304347826087,2.6531519889831543,5356.7138657569885,14.198722403615465,2.4264064457107555,Manaca
1111,151,1081,649,4.298013245033113,3.343881845474243,2166.8354358673096,28.328881883194672,2.891843420673675,Manaca
1112,483,3293,1986,4.111801242236025,2.442490577697754,4848.3437967300415,11.501650855259289,2.124106150035591,Manaca
1113,587,4184,2473,4.212947189097104,2.339639186859131,5783.5880699157715,10.377491551826743,1.9942528267237225,Manaca
1114,509,3573,2142,4.208251473477406,2.4305176734924316,5203.738338947296,11.364763794430404,2.1011495929703434,Manaca
1115,426,1795,621,1.4577464788732395,4.0112690925598145,2486.986837387085,55.21690147504809,1.9988655025373117,Manaca
1116,385,1602,552,1.4337662337662338,4.3164963722229,2378.389501094818,74.92565627246064,2.1418793623794445,Manaca
1117,407,1719,594,1.4594594594594594,4.3785834312438965,2596.4999747276306,79.72501740777828,2.1791492944781106,Manaca
1118,459,1900,679,1.4793028322440087,4.3621931076049805,2957.5669269561768,78.4289490748762,2.2457195466404674,Manaca
1119,427,1728,619,1.449648711943794,4.433612823486328,2739.972724914551,84.23519472190789,2.2875839481511817,Manaca
1120,410,1712,653,1.5926829268292684,3.7500150203704834,2445.009793281555,42.52172068726443,2.060399242810893,Manaca
1121,440,1760,621,1.4113636363636364,4.373386859893799,2711.4998531341553,79.31179526550319,2.2226519269817038,Manaca
1122,383,1597,592,1.5456919060052219,3.9487576484680176,2333.7157702445984,51.870884915179595,2.1082280329218848,Manaca
1123,375,1595,565,1.5066666666666666,3.956045150756836,2231.2094650268555,52.25027483112038,2.0181534986700695,Manaca
1124,286,1830,450,1.5734265734265733,2.390104055404663,1073.1567208766937,10.91462961015563,0.8460316280357747,Manaca
1125,257,1653,469,1.8249027237354085,2.8741235733032227,1345.0898323059082,17.709895892221187,1.1739591231808233,Manaca
1126,289,1674,446,1.5432525951557095,2.4342756271362305,1083.2526540756226,11.407552398381851,0.9335742127029321,Manaca
1127,277,1787,475,1.7148014440433212,3.1775641441345215,1506.1654043197632,23.98825040791924,1.2159694233747302,Manaca
1128,275,1721,458,1.6654545454545455,2.986527919769287,1364.8432593345642,19.816757532248666,1.1441328308150525,Manaca
1129,278,1543,507,1.8237410071942446,3.1728944778442383,1605.4846057891846,23.87649441829242,1.501117744002352,Manaca
1130,279,1530,445,1.5949820788530467,3.745836019515991,1663.1511926651,42.3443931641844,1.568248351572879,Manaca
1131,259,1531,413,1.5945945945945945,3.2193777561187744,1326.383635520935,25.012551430978554,1.2498805312098809,Manaca
1132,316,1789,517,1.6360759493670887,2.8601577281951904,1475.8413877487183,17.464281328925924,1.1901559816901968,Manaca
1133,286,1937,780,2.727272727272727,5.114811897277832,3984.438467979431,166.469464678606,2.96764564712501,Manaca
1134,267,1689,709,2.655430711610487,5.131360054016113,3633.002918243408,169.2471468454151,3.1032062129573106,Manaca
1135,281,1850,803,2.8576512455516014,5.3463850021362305,4287.800771713257,209.84832379973338,3.3437777890111278,Manaca
1136,254,1625,721,2.838582677165354,5.17037296295166,3722.6685333251953,175.98045943761227,3.3050310350164,Manaca
1137,168,1097,439,2.613095238095238,5.768366813659668,2526.5446643829346,320.01466205297606,3.3227287674473387,Manaca
1138,236,1688,693,2.9364406779661016,4.742871284484863,3282.0669288635254,114.76324699327019,2.8051076315977954,Manaca
1139,265,1830,741,2.7962264150943397,4.569486141204834,3381.419744491577,96.4945124770111,2.665769123793456,Manaca
1140,262,1660,671,2.5610687022900764,5.0993266105651855,3416.5488290786743,163.91149386024202,2.969300031726987,Manaca
1141,279,2050,849,3.043010752688172,4.11307430267334,3487.887008666992,61.134374535733336,2.4546133124804443,Manaca
1142,247,1915,819,3.3157894736842106,5.032034397125244,4116.20413684845,153.24445586913004,3.101006420635976,Manaca
1143,203,1460,618,3.044334975369458,4.999948024749756,3084.9679312705994,148.4054454919529,3.0484026957161494,Manaca
1144,269,2316,1055,3.9219330855018586,4.314887523651123,4547.891449928284,74.8052091539449,2.832996736318157,Manaca
1145,275,2278,1027,3.7345454545454544,4.490950584411621,4607.715299606323,89.20620361416077,2.9181422355444453,Manaca
1146,242,2015,830,3.4297520661157024,5.047397613525391,4184.292621612549,155.61696160154466,2.995860156242533,Manaca
1147,80,643,286,3.575,5.385290622711182,1534.8078274726868,218.17350106911374,3.4436386336118336,Manaca
1148,355,2744,1299,3.659154929577465,2.9278552532196045,3800.3561186790466,18.68750751366033,1.9980885298944204,Manaca
1149,265,2090,943,3.5584905660377357,4.274759292602539,4026.823253631592,71.86283931059909,2.7796545160529464,Manaca
1150,232,1885,806,3.4741379310344827,5.027765274047852,4047.3510456085205,152.59163091264028,3.09766221869293,Manaca
1151,254,2012,863,3.3976377952755907,5.051078796386719,4354.029922485352,156.19087177958684,3.1220364697076417,Manaca
1152,236,1935,883,3.7415254237288136,4.001637935638428,3529.4446592330933,54.68765156774255,2.631479228407039,Manaca
1153,245,1951,889,3.6285714285714286,4.061878204345703,3606.9478454589844,58.083301002601175,2.667209517882526,Manaca
1154,246,1417,456,1.853658536585366,3.45306658744812,1571.1452972888947,31.597139282122864,1.5996355179355712,Manaca
1155,275,1534,492,1.789090909090909,2.971522092819214,1459.017347574234,19.521610697454786,1.3721754184591373,Manaca
1156,193,1212,374,1.9378238341968912,3.243227005004883,1209.7236728668213,25.616252286835774,1.439985432088239,Manaca
1157,259,1481,486,1.8764478764478765,3.0688483715057373,1488.3914601802826,21.517108685533877,1.4498953264710175,Manaca
1158,133,827,238,1.7894736842105263,3.2093913555145264,760.6257512569427,24.76400915915383,1.326905682358928,Manaca
1159,96,553,175,1.8229166666666667,2.55076265335083,443.83270168304443,12.816874888787117,1.157893739064157,Manaca
1160,162,1049,282,1.7407407407407407,2.683912515640259,754.1794168949127,14.642269479936061,1.0372267918921074,Manaca
1161,175,1014,296,1.6914285714285715,3.492445707321167,1030.2714836597443,32.86623067287045,1.4658457201629467,Manaca
1162,161,1007,254,1.5776397515527951,2.8406476974487305,718.6838674545288,17.126854965726977,1.0296342120591357,Manaca
1163,128,872,247,1.9296875,2.739102602005005,673.8192400932312,15.473093341114883,1.1148115552042137,Manaca
1164,131,793,223,1.702290076335878,3.1062510013580322,689.5877223014832,22.3371453028053,1.2545583697632603,Manaca
1165,140,950,210,1.5,2.323744535446167,485.6626079082489,10.213848907669922,0.737540037867823,Manaca
1166,201,1252,372,1.8507462686567164,3.0866811275482178,1145.1586983203888,21.90425976112279,1.319580491292081,Manaca
1167,207,1284,326,1.5748792270531402,2.9922115802764893,972.468763589859,19.929709941922845,1.092660329167065,Manaca
1168,79,398,140,1.7721518987341771,3.8123700618743896,529.9194386005402,45.257575109700234,1.920884789295635,Manaca
1169,177,1132,299,1.689265536723164,2.507678985595703,747.2883377075195,12.276403258961166,0.9523932676014094,Manaca
1170,252,1899,1160,4.603174603174603,3.0412204265594482,3524.7744743824005,20.93077212406701,2.677817090280933,Manaca
1171,236,1756,1144,4.8474576271186445,3.00992751121521,3440.347145318985,20.28592936957384,2.826521506542256,Manaca
1172,213,1756,1152,5.408450704225352,2.6770713329315186,3081.309104204178,14.542440901272272,2.531542918041789,Manaca
1173,263,1835,1148,4.365019011406844,2.9554402828216553,3389.8900043964386,19.21017876988308,2.6651648493197864,Manaca
1174,252,1813,1176,4.666666666666667,2.4227218627929688,2846.6981887817383,11.27651069642999,2.26526054046498,Manaca
1175,205,1513,980,4.780487804878049,2.8429489135742188,2783.24698638916,17.166312943807938,2.6539171347209476,Manaca
1176,222,1578,1014,4.5675675675675675,2.7845468521118164,2820.74596118927,16.192478626511306,2.578882262240388,Manaca
1177,294,2014,1242,4.224489795918367,2.835404396057129,3518.736855506897,17.03728871985996,2.5205879898873014,Manaca
1178,204,1454,953,4.671568627450981,2.678926944732666,2550.338451385498,14.569451078677801,2.530509378543533,Manaca
1179,132,1058,390,2.9545454545454546,5.725931167602539,2227.3872241973877,306.7187388635651,3.037278357740081,Manaca
1180,143,961,381,2.664335664335664,5.969686031341553,2268.48069190979,391.3827695342429,3.4055419818632866,Manaca
1181,117,925,368,3.1452991452991452,5.483371257781982,2012.3972516059875,240.65665696028083,3.138676254260041,Manaca
1182,110,765,311,2.827272727272727,4.514429092407227,1399.4730186462402,91.32541276489881,2.6392323972010963,Manaca
1183,94,690,278,2.9574468085106385,5.9304914474487305,1642.7461309432983,376.33941943286,3.4347560819585916,Manaca
1184,107,889,334,3.121495327102804,5.0499043464660645,1681.6181473731995,156.00754110004223,2.728978809768505,Manaca
1185,178,1314,520,2.9213483146067416,4.731575012207031,2455.687431335449,113.47414484024667,2.6962009734863086,Manaca
1186,174,1190,458,2.632183908045977,5.239632606506348,2394.512101173401,188.60079896919075,2.9029838098415777,Manaca
1187,68,439,161,2.3676470588235294,6.369461536407471,1019.1138458251953,583.743419671061,3.3491355158844853,Manaca
1188,146,1074,410,2.808219178082192,5.695792198181152,2329.5790090560913,297.6124682793102,3.1293036161305854,Manaca
1189,220,1873,739,3.359090909090909,4.982093334197998,3676.7848806381226,145.7792271120491,2.8320765155964436,Manaca
1190,207,1647,651,3.1449275362318843,5.238220691680908,3404.8434495925903,188.33469860476723,2.982483764256528,Manaca
1191,212,1574,665,3.1367924528301887,5.382781028747559,3574.166603088379,217.62666062854544,3.276005358060074,Manaca
1192,230,1790,742,3.226086956521739,5.563313961029053,4122.415645122528,260.68530738539897,3.3225634679895797,Manaca
1193,238,1751,739,3.1050420168067228,5.430031776428223,4007.3634510040283,228.15649530731235,3.3017723459755537,Manaca
1194,241,1627,705,2.925311203319502,4.347378730773926,3060.5546264648438,77.27563696157542,2.713858009815983,Manaca
1195,227,1549,665,2.9295154185022025,5.291516304016113,3513.566825866699,198.6444024705958,3.2724373373207643,Manaca
1196,210,1473,605,2.880952380952381,5.146894931793213,3108.7245388031006,171.89690916340558,3.044766785893458,Manaca
1197,232,1660,704,3.0344827586206895,4.91697883605957,3456.636121749878,136.5893304435762,3.00413963313627,Manaca
1198,269,1778,471,1.7509293680297398,2.4773178100585938,1164.339370727539,11.909278593743599,0.9447618875480297,Manaca
1199,193,1103,304,1.5751295336787565,3.2701447010040283,990.8538444042206,26.3151468959579,1.296010813751345,Manaca
1200,203,1451,367,1.8078817733990147,2.6558711528778076,972.0488419532776,14.237383596163774,0.9664852128103746,Manaca
1201,293,2013,485,1.6552901023890785,2.7971832752227783,1353.8367052078247,16.398391901285112,0.9702799308379444,Manaca
1202,188,1254,312,1.6595744680851063,3.2815189361572266,1020.5523891448975,26.616170274835675,1.174119514183993,Manaca
1203,297,1974,472,1.5892255892255893,3.0221831798553467,1423.4482777118683,20.536076728523057,1.0403251120652728,Manaca
1204,277,1849,491,1.772563176895307,2.5652127265930176,1256.9542360305786,13.00342424961028,0.9807472379370965,Manaca
1205,345,2031,511,1.481159420289855,2.741419792175293,1398.1240940093994,15.508989013396919,0.9931396833947491,Manaca
1206,268,1681,486,1.8134328358208955,2.601269006729126,1261.615468263626,13.480834454608752,1.0827640568546941,Manaca
1207,220,1420,353,1.6045454545454545,3.2744147777557373,1152.5940017700195,26.42775484412334,1.1710152468394173,Manaca
1208,227,1364,359,1.5814977973568283,3.3041629791259766,1182.8903465270996,27.225743533259795,1.251136390652547,Manaca
1209,131,798,201,1.534351145038168,3.405909538269043,681.1819076538086,30.141698288275343,1.2315009525256058,Manaca
1210,435,2296,692,1.5908045977011493,2.9530742168426514,2040.574283838272,19.164779948927514,1.2821979093462645,Manaca
1211,420,2092,654,1.5571428571428572,2.727292776107788,1780.9221827983856,15.291433598993958,1.2281680694705444,Manaca
1212,410,2151,603,1.4707317073170731,3.5574193000793457,2141.566418647766,35.07256847802026,1.4363678530532171,Manaca
1213,132,693,197,1.4924242424242424,3.975558280944824,779.2094230651855,53.279853731292924,1.6221667683551133,Manaca
1214,372,2021,623,1.674731182795699,2.8341641426086426,1762.8500967025757,17.01617126197923,1.2584141971021454,Manaca
1215,456,2501,738,1.618421052631579,3.0020716190338135,2212.5267832279205,20.127189633159084,1.2762900511783013,Manaca
1216,377,2201,638,1.6923076923076923,2.923292398452759,1862.1372578144073,18.60243336900546,1.2205798215826527,Manaca
1217,217,2181,1343,6.188940092165899,2.8770527839660645,3861.0048360824585,17.76184796023538,2.5539901558296507,Manaca
1218,239,2067,1273,5.326359832635983,3.0426645278930664,3870.2692794799805,20.961020115330626,2.7013150926031297,Manaca
1219,247,2111,1229,4.9757085020242915,3.2326951026916504,3969.7495861053467,25.347880135431076,2.7129976510872567,Manaca
1220,265,2441,1549,5.845283018867924,2.973189353942871,4602.497119903564,19.55418546782011,2.7201965467392912,Manaca
1221,259,2262,1309,5.054054054054054,3.4233713150024414,4477.769680023193,30.672648066306788,2.855904558626181,Manaca
1222,294,2469,1468,4.993197278911564,2.6228411197662354,3847.7079226970673,13.774803910513665,2.2483066581062108,Manaca
1223,250,2053,1193,4.772,3.467074155807495,4132.752393722534,32.042852763773105,2.904189665682169,Manaca
1224,240,2132,1301,5.420833333333333,2.841726779937744,3694.2448139190674,17.145346230017818,2.4998445932789917,Manaca
1225,294,2670,1674,5.6938775510204085,2.410284996032715,4032.406798362732,11.137134732028416,2.178851419792081,Manaca
1226,309,1847,496,1.6051779935275081,3.360618829727173,1663.5063207149506,28.807011999930918,1.2993677960925312,Manaca
1227,244,1303,370,1.5163934426229508,3.8333749771118164,1414.5153665542603,46.21826087883499,1.5661660050568424,Manaca
1228,328,2147,547,1.6676829268292683,2.9556570053100586,1613.788724899292,19.214342498799308,1.0843991571750033,Manaca
1229,321,1916,557,1.735202492211838,3.8056182861328125,2115.9237670898438,44.95303536090303,1.5932321115238057,Manaca
1230,319,1999,521,1.6332288401253918,3.5906929969787598,1867.160358428955,36.25919473424535,1.3475452674586859,Manaca
1231,87,563,160,1.839080459770115,3.7596654891967773,597.7868127822876,42.93406166893407,1.5318367145822835,Manaca
1232,324,2021,586,1.808641975308642,3.573401927947998,2090.440127849579,35.6376237945269,1.4922650201503604,Manaca
1233,308,1753,490,1.5909090909090908,3.943093776702881,1928.1728568077087,51.57792530068498,1.5868599078683323,Manaca
1234,282,1631,434,1.5390070921985815,3.583752155303955,1551.7646832466125,36.0083967856203,1.372607733382294,Manaca
1235,310,1785,482,1.5548387096774194,4.127995014190674,1985.565601825714,62.05338197477285,1.6047986818563968,Manaca
1236,257,1577,419,1.6303501945525292,3.327255964279175,1390.792993068695,27.86178298359181,1.2723463246691977,Manaca
1237,273,1696,492,1.8021978021978022,3.414090871810913,1676.3186180591583,30.389309087624422,1.425953158740441,Manaca
1238,319,1887,510,1.598746081504702,2.9413576126098633,1497.1510248184204,18.94154414363776,1.1446382400462982,Manaca
1239,250,1315,372,1.488,3.2710368633270264,1213.5546762943268,26.3386347544759,1.3313987173668718,Manaca
1240,320,2052,582,1.81875,2.450831413269043,1423.933051109314,11.597985430773132,1.0011214188076503,Manaca
1241,364,2077,582,1.598901098901099,2.9348561763763428,1705.1514384746552,18.81879635305534,1.1844070891921366,Manaca
1242,333,1973,486,1.4594594594594594,3.5922181606292725,1742.2258079051971,36.3145381331931,1.2739485723130237,Manaca
1243,91,531,149,1.6373626373626373,2.7844491004943848,412.09846687316895,16.190895862895452,1.119646731668297,Manaca
1244,336,2331,751,2.2351190476190474,2.2544727325439453,1690.854549407959,9.530266985525529,1.0464982725420016,Manaca
1245,322,1853,539,1.673913043478261,2.7791049480438232,1495.158462047577,16.1046000414894,1.1640894217696756,Manaca
1246,319,1777,468,1.4670846394984327,2.8401975631713867,1326.3722620010376,17.119147316112596,1.0768433791567664,Manaca
1247,344,1909,501,1.4563953488372092,3.3035900592803955,1651.7950296401978,27.21014983187592,1.2483166567977746,Manaca
1248,264,1641,461,1.746212121212121,2.687180995941162,1236.1032581329346,14.690205745987287,1.0867276298202773,Manaca
1249,283,1782,532,1.8798586572438163,2.484090805053711,1319.0522174835205,11.990213855718475,1.0678956749927415,Manaca
1250,176,1079,423,2.403409090909091,5.165700435638428,2179.9255838394165,175.16010399343898,2.9147060512623764,Manaca
1251,184,1109,446,2.4239130434782608,5.169577121734619,2300.4618191719055,175.84046264959414,2.9926644348725984,Manaca
1252,138,887,353,2.5579710144927534,5.226827621459961,1839.8433227539062,186.20116498572875,2.9924834698418636,Manaca
1253,139,807,353,2.539568345323741,3.8389930725097656,1351.3255615234375,46.478650238823434,2.415800106860418,Manaca
1254,134,792,320,2.388059701492537,5.377818584442139,1715.5241284370422,216.54937563993457,3.1249724149261136,Manaca
1255,134,795,296,2.208955223880597,5.174885272979736,1526.5911555290222,176.77633209116328,2.7703213704989595,Manaca
1256,237,1363,527,2.2236286919831225,4.281304836273193,2251.9663438796997,72.33476347879896,2.3836395279267006,Manaca
1257,196,1208,469,2.392857142857143,5.153188228607178,2411.692090988159,172.98211862510402,2.880245215082576,Manaca
1258,68,402,156,2.2941176470588234,5.558704853057861,861.5992522239685,259.48654539108344,3.092101911485469,Manaca
1259,198,1115,434,2.191919191919192,5.303598880767822,2296.458315372467,201.05909720051451,2.9713802898619566,Manaca
1260,216,1089,383,1.7731481481481481,4.747262477874756,1813.4542665481567,115.26830269192791,2.402443964396656,Manaca
1261,240,1046,373,1.5541666666666667,4.6923508644104,1745.554521560669,109.1093799016337,2.407555307702566,Manaca
1262,225,883,320,1.4222222222222223,4.431399822235107,1413.6165432929993,84.04898824416915,2.30964617975924,Manaca
1263,176,762,302,1.7159090909090908,3.430030584335327,1032.4392058849335,30.87758710571385,1.9547177458655292,Manaca
1264,187,783,271,1.4491978609625669,4.765692234039307,1286.7369031906128,117.41236599938264,2.3708415698108802,Manaca
1265,188,792,271,1.4414893617021276,4.378343105316162,1182.1526384353638,79.70585972114273,2.153391097278413,Manaca
1266,346,1401,546,1.5780346820809248,3.594251871109009,1958.8672697544098,36.38846653896763,2.0171649506312566,Manaca
1267,301,1281,448,1.4883720930232558,4.447955131530762,1988.2359437942505,85.45202706630778,2.239202292138293,Manaca
1268,116,485,168,1.4482758620689655,4.860623359680176,811.7241010665894,129.10465566588584,2.41457801067798,Manaca
1269,269,1117,414,1.5390334572490707,4.2229323387146,1744.0710558891296,68.2332742921108,2.252607576803246,Manaca
1270,257,1731,315,1.2256809338521402,2.962226629257202,930.1391615867615,19.34098905803754,0.7752207716683068,Manaca
1271,259,1562,309,1.193050193050193,2.6543571949005127,817.5420160293579,14.21584510399255,0.7550984713469399,Manaca
1272,258,1630,303,1.1744186046511629,2.589378833770752,781.9924077987671,13.321494170329313,0.6921328642601848,Manaca
1273,281,1572,329,1.1708185053380782,2.7593929767608643,905.0808963775635,15.790254986768241,0.8306334101827282,Manaca
1274,264,1598,313,1.1856060606060606,3.9305992126464844,1226.3469543457031,50.93749091506352,1.1071618707408197,Manaca
1275,266,1451,279,1.0488721804511278,4.06166934967041,1129.144079208374,58.07117130034694,1.1226812980861862,Manaca
1276,266,1446,291,1.093984962406015,3.876720428466797,1124.248924255371,48.26566452511717,1.1216793552890565,Manaca
1277,261,1448,303,1.160919540229885,3.612654685974121,1091.0217151641846,37.06431644858555,1.0870245980452626,Manaca
1278,221,1332,251,1.1357466063348416,4.033604145050049,1008.4010362625122,56.464049582027656,1.0922035842666802,Manaca
1279,154,1006,194,1.2597402597402598,3.128159284591675,603.7347419261932,22.83191378327024,0.8658102566494008,Manaca
1280,170,970,224,1.3176470588235294,2.9859983921051025,665.8776414394379,19.80626678873549,0.9903694547871302,Manaca
1281,158,988,190,1.2025316455696202,3.038553476333618,574.2866070270538,20.87502516684626,0.8385834413025096,Manaca
1282,130,865,207,1.5923076923076922,2.576246500015259,530.7067790031433,13.14769555124117,0.8851422407329363,Manaca
1283,123,748,154,1.2520325203252032,2.8573057651519775,437.16778206825256,17.41454480108101,0.843181539072587,Manaca
1284,161,1101,181,1.124223602484472,1.271475911140442,228.86566400527954,3.5661119445574485,0.29989405857418394,Manaca
1285,194,1132,219,1.1288659793814433,4.352756023406982,948.9008131027222,77.69228990335174,1.209341428762193,Manaca
1286,196,1154,202,1.030612244897959,4.241948127746582,852.631573677063,69.54319899472209,1.0659335728329737,Manaca
1287,87,436,91,1.0459770114942528,4.503619194030762,405.32572746276855,90.34351102430622,1.3411959104478157,Manaca
1288,177,1095,196,1.1073446327683616,3.0515706539154053,595.056277513504,21.148535379863166,0.7840043293320357,Manaca
1289,230,1355,319,1.3869565217391304,3.7216506004333496,1183.4848909378052,41.332561378394196,1.260079544740212,Manaca
1290,269,1498,348,1.2936802973977695,3.3698782920837402,1169.3477673530579,29.074988186219677,1.1261763852034967,Manaca
1291,190,1126,253,1.331578947368421,3.1710641384124756,799.1081628799438,23.83283229950473,1.023862685364818,Manaca
1292,229,1405,385,1.6812227074235808,3.2154598236083984,1234.736572265625,24.914745665864526,1.2678635797949143,Manaca
1293,129,806,156,1.2093023255813953,3.4977633953094482,542.1533262729645,33.04146855017224,0.9704242124261315,Manaca
1294,92,571,121,1.315217391304348,2.659646511077881,319.1575813293457,14.291236411940814,0.8063871450892524,Manaca
1295,286,1866,399,1.3951048951048952,1.8957200050354004,754.4965620040894,6.657339997761043,0.5833378608633827,Manaca
1296,173,1054,224,1.2947976878612717,3.0686824321746826,684.3161823749542,21.513538447142047,0.9366789020041878,Manaca
1297,217,1541,302,1.391705069124424,2.6679272651672363,803.0461068153381,14.410069962964998,0.7518174146058905,Manaca
1298,300,2026,397,1.3233333333333333,2.26416277885437,896.6084604263306,9.623064594412858,0.6384662287641438,Manaca
1299,167,1204,208,1.2455089820359282,4.053616523742676,839.0986204147339,57.60541212219863,1.005451344260056,Manaca
1300,297,1867,364,1.2255892255892256,2.4772727489471436,899.2500078678131,11.90874196050433,0.6948813748635541,Manaca
1301,261,1786,387,1.4827586206896552,2.5374832153320312,979.4685211181641,12.647799093489295,0.7911950605397661,Manaca
1302,306,1944,381,1.2450980392156863,2.6847429275512695,1020.2023124694824,14.654433644851128,0.7571197617814686,Manaca
1303,299,1892,420,1.4046822742474916,1.943933367729187,814.5080810785294,6.986176198534976,0.6210818019746195,Manaca
1304,199,1233,272,1.3668341708542713,3.012568950653076,816.4061856269836,20.33958425531327,0.9552515453001815,Manaca
1305,172,1079,228,1.3255813953488371,3.4688000679016113,787.4176154136658,32.09820366254108,1.0528299248062174,Manaca
1306,88,603,119,1.3522727272727273,4.402300834655762,519.4714984893799,81.63848940571609,1.2428506712334777,Manaca
1307,308,1700,365,1.1850649350649352,3.6141016483306885,1315.5329999923706,37.11798593876056,1.1164193736557493,Manaca
1308,303,1687,398,1.3135313531353134,3.6781582832336426,1460.228838443756,39.57344384133563,1.2487640212127198,Manaca
1309,303,1659,336,1.108910891089109,4.493180751800537,1505.21555185318,89.40537038542043,1.308961429853844,Manaca
1310,97,466,101,1.041237113402062,4.782253265380859,478.22532653808594,119.37302633929906,1.4805435773047249,Manaca
1311,300,1831,399,1.33,3.1932151317596436,1270.8996224403381,24.366643607819142,1.0013766153808474,Manaca
1312,296,1832,395,1.3344594594594594,3.3968238830566406,1338.3486099243164,29.869081536372015,1.0539459074882362,Manaca
1313,302,1774,358,1.185430463576159,3.6537344455718994,1304.383197069168,38.618616215024176,1.0607819446621083,Manaca
1314,294,1760,433,1.4727891156462585,3.3071537017822266,1428.6903991699219,27.307290062021313,1.171116223777341,Manaca
1315,304,1740,425,1.3980263157894737,2.7053442001342773,1147.0659408569336,14.959464854287457,0.9510726117511098,Manaca
1316,309,1756,420,1.3592233009708738,3.265092611312866,1368.073804140091,26.18253567754778,1.123982512985768,Manaca
1317,311,1683,440,1.414790996784566,3.347930908203125,1469.7416687011719,28.443819841447187,1.2598865221765005,Manaca
1318,197,1046,256,1.299492385786802,3.0869479179382324,787.1717190742493,21.91010438673775,1.0857062480272082,Manaca
1319,288,1601,345,1.1979166666666667,3.7086291313171387,1275.7684211730957,40.797839693401244,1.1496219703617536,Manaca
1320,309,1744,387,1.2524271844660195,3.9974887371063232,1543.0306525230408,54.46121174089473,1.2764464852836308,Manaca
1321,314,1637,345,1.0987261146496816,3.622955322265625,1246.296630859375,37.44807558017092,1.0983665050809062,Manaca
1322,330,1899,403,1.2212121212121212,3.6636950969696045,1472.805428981781,39.00520493005178,1.1189094726626423,Manaca
1323,307,1876,375,1.221498371335505,2.983774185180664,1115.9315452575684,19.76226250845028,0.8581817197839295,Manaca
1324,228,1255,284,1.2456140350877194,3.4281973838806152,970.1798596382141,30.82103415127991,1.1152778265102805,Manaca
1325,307,2097,425,1.3843648208469055,2.5358211994171143,1075.1881885528564,12.626795708921751,0.7397084728886951,Manaca
1326,300,1889,421,1.4033333333333333,3.5098254680633545,1474.126696586609,33.44243050240198,1.125841860671006,Manaca
1327,295,2024,413,1.4,2.7598369121551514,1137.0528078079224,15.797266396032905,0.8104844105994868,Manaca
1328,80,537,106,1.325,3.5788958072662354,375.7840597629547,35.833951405134506,1.0095750455589136,Manaca
1329,300,1812,409,1.3633333333333333,3.889599084854126,1586.9564266204834,48.89128133879679,1.2635177520928487,Manaca
1330,307,1666,344,1.1205211726384365,3.9760613441467285,1363.7890410423279,53.306663608073805,1.1809914083616335,Manaca
1331,300,1685,317,1.0566666666666666,3.5123887062072754,1109.914831161499,33.528261371376054,0.9503077879678373,Manaca
1332,300,1718,333,1.11,4.514087200164795,1498.676950454712,91.2941946516571,1.2585179303350453,Manaca
1333,298,1758,358,1.2013422818791946,3.2491557598114014,1159.9486062526703,25.768575864094174,0.951906770151759,Manaca
1334,304,1751,361,1.1875,3.481771469116211,1253.437728881836,32.51727443210237,1.0327403743694745,Manaca
1335,163,961,216,1.3251533742331287,2.876774549484253,618.5065281391144,17.75690668912003,0.9285289291402189,Manaca
1336,165,1025,251,1.5212121212121212,2.817157745361328,704.289436340332,16.72923429148946,0.9912925630816395,Manaca
1337,151,899,233,1.5430463576158941,2.547487497329712,591.0170993804932,12.774966289884759,0.9484509881610869,Manaca
1338,172,999,208,1.2093023255813953,3.4349188804626465,711.0282082557678,31.028895413793805,1.0268236936764379,Manaca
1339,159,919,182,1.1446540880503144,3.89972186088562,705.8496568202972,49.388710262831104,1.1080803041434382,Manaca
1340,210,1158,259,1.2333333333333334,3.335770845413208,860.6288781166077,28.1000356609882,1.0722150384323506,Manaca
1341,166,980,179,1.0783132530120483,3.7919280529022217,674.9631934165955,44.34181126897501,0.9936388284945923,Manaca
1342,159,1038,236,1.4842767295597483,3.1081433296203613,730.4136824607849,22.37945453301214,1.015187088134509,Manaca
1343,279,1771,330,1.1827956989247312,2.6166434288024902,860.8756880760193,13.689695941660853,0.7012880214619691,Manaca
1344,261,1637,348,1.3333333333333333,2.9553728103637695,1025.514365196228,19.208882655631548,0.9037901582339594,Manaca
1345,267,1597,311,1.1647940074906367,2.5755040645599365,798.4062600135803,13.137937858584854,0.7212628377810248,Manaca
1346,268,1701,355,1.3246268656716418,3.679237127304077,1302.4499430656433,39.616160454709885,1.1046667100922496,Manaca
1347,282,1837,338,1.198581560283688,2.8799262046813965,970.5351309776306,17.812958618152056,0.762213511415323,Manaca
1348,281,1484,327,1.1637010676156583,3.4207706451416016,1115.171230316162,30.592982272045155,1.084132077977878,Manaca
1349,278,1586,300,1.079136690647482,3.943504810333252,1179.1079382896423,51.59912992017565,1.072568206332457,Manaca
1350,263,1491,290,1.102661596958175,3.505281448364258,1013.0263385772705,33.29081217862436,0.9802066230418057,Manaca
1351,323,1809,371,1.1486068111455108,3.3875834941864014,1253.4058928489685,29.59435087168269,0.9996033531421837,Manaca
1352,255,1730,316,1.2392156862745098,6.707829475402832,2112.966284751892,818.7915022230299,1.7620612604492094,Manaca
1353,259,1562,309,1.193050193050193,6.819631576538086,2100.4465255737305,915.647601871041,1.9400152279754634,Manaca
1354,258,1631,304,1.178294573643411,6.244691371917725,1892.1414856910706,515.2701735387383,1.6736867799305843,Manaca
1355,281,1568,325,1.1565836298932384,2.7563328742980957,893.051851272583,15.742009045006913,0.8216846154895814,Manaca
1356,256,1573,295,1.15234375,6.692563056945801,1967.6135387420654,806.3864200389271,1.8046193863503892,Manaca
1357,256,1440,277,1.08203125,6.835216522216797,1886.519760131836,930.0297010188949,1.8900504878341922,Manaca
1358,264,1438,285,1.0795454545454546,6.807821273803711,1933.421241760254,904.8971345903863,1.9397338229742003,Manaca
1359,261,1446,301,1.1532567049808429,6.756375312805176,2026.9125938415527,859.5210476784691,2.022279908333744,Manaca
1360,221,1325,244,1.1040723981900453,6.855493068695068,1665.8848156929016,949.0799756805297,1.8138594432395274,Manaca
1361,270,1740,430,1.5925925925925926,5.320010662078857,2282.28457403183,204.38606116165224,1.892322205087989,Manaca
1362,247,1686,436,1.7651821862348178,4.556750774383545,1982.186586856842,95.27341155258212,1.696139240198687,Manaca
1363,326,1804,448,1.3742331288343559,5.475129127502441,2447.3827199935913,238.68128525911482,1.9572211271020492,Manaca
1364,305,1699,462,1.5147540983606558,5.219429969787598,2406.1572160720825,184.82879603849204,2.043173091951964,Manaca
1365,187,1044,266,1.4224598930481283,5.450485706329346,1444.3787121772766,232.87124548155964,1.9959751007890272,Manaca
1366,287,1581,326,1.1358885017421603,6.652675151824951,2162.119424343109,774.8544085925984,1.9729784764765996,Manaca
1367,307,1719,365,1.1889250814332248,6.447803020477295,2347.0002994537354,631.3137846514694,1.9697531663681307,Manaca
1368,306,1610,327,1.0686274509803921,6.452422618865967,2103.489773750305,634.2369475144935,1.8849032702796356,Manaca
1369,326,1873,380,1.165644171779141,6.3482890129089355,2406.0015358924866,571.5140188806697,1.8532442521106884,Manaca
1370,270,1852,401,1.4851851851851852,5.053695201873779,2021.4780807495117,156.6000655084679,1.5747172798936608,Manaca
1371,173,1056,226,1.30635838150289,6.125378608703613,1378.210186958313,457.31782500490044,1.8828948882835317,Manaca
1372,212,1528,294,1.3867924528301887,5.794513702392578,1697.7925148010254,328.492400065624,1.6030084041635089,Manaca
1373,286,1985,388,1.3566433566433567,5.681351661682129,2198.683093070984,293.3456661701282,1.5979995943878669,Manaca
1374,168,1208,212,1.2619047619047619,6.616344928741455,1396.048779964447,747.2089977071759,1.667278685176983,Manaca
1375,291,1869,372,1.2783505154639174,6.123926162719727,2271.9766063690186,456.654077711844,1.7537556891515889,Manaca
1376,264,1796,400,1.5151515151515151,5.50075626373291,2194.801749229431,244.87705388989025,1.7630454339352577,Manaca
1377,306,1951,388,1.2679738562091503,6.130403995513916,2372.4663462638855,459.62180832566276,1.754354398990705,Manaca
1378,293,1884,415,1.416382252559727,5.282270431518555,2186.8599586486816,196.8162262188906,1.6746135973785015,Manaca
1379,198,1236,275,1.3888888888888888,5.7702226638793945,1581.041009902954,320.6091127689925,1.8454369129685038,Manaca
1380,172,1077,226,1.313953488372093,6.392475605010986,1438.307011127472,597.3335126195078,1.9266837439456181,Manaca
1381,88,605,123,1.3977272727272727,6.720183372497559,819.8623714447021,828.9695077541126,1.9550601280904745,Manaca
1382,304,1673,342,1.125,6.306150913238525,2150.397461414337,547.9318474454802,1.8543740307965813,Manaca
1383,301,1650,363,1.2059800664451827,6.000991344451904,2172.3588666915894,403.82892869203766,1.899425069095227,Manaca
1384,303,1658,335,1.1056105610561056,6.392635345458984,2135.140205383301,597.4289385639065,1.8578746597763154,Manaca
1385,97,466,101,1.041237113402062,7.197976112365723,719.7976112365723,1336.7226484190044,2.2284301377140014,Manaca
1386,300,1807,375,1.25,5.937577724456787,2220.6540689468384,379.0157361695584,1.7729532998337034,Manaca
1387,283,1786,362,1.2791519434628975,5.828095436096191,2103.942452430725,339.7110611278825,1.6995225881509355,Manaca
1388,300,1753,339,1.13,6.338079929351807,2142.2710161209106,565.70906654808,1.763059766798516,Manaca
1389,228,1353,321,1.4078947368421053,6.316247463226318,2021.1991882324219,553.4920911379711,2.1551914600973494,Manaca
1390,272,1501,349,1.2830882352941178,6.087778568267822,2118.546941757202,440.44191196406985,2.0362539418811427,Manaca
1391,190,1126,252,1.3263157894736841,6.1262102127075195,1537.6787633895874,457.69829051562687,1.9701612135190334,Manaca
1392,219,1395,387,1.7671232876712328,5.328070640563965,2056.6352672576904,206.0400650811605,2.126951613612916,Manaca
1393,131,808,156,1.1908396946564885,6.872079849243164,1065.1723766326904,964.9534378509015,1.9018798334899674,Manaca
1394,93,572,121,1.3010752688172043,5.668546199798584,680.2255439758301,289.61318847781644,1.7156608723425308,Manaca
1395,162,965,220,1.3580246913580247,6.310344696044922,1381.965488433838,550.234579811074,2.066067105536987,Manaca
1396,161,1025,255,1.5838509316770186,5.151730537414551,1308.539556503296,172.7301478067406,1.8417790526579012,Manaca
1397,145,895,239,1.6482758620689655,5.274849891662598,1255.4142742156982,195.36114897418642,2.023664746002464,Manaca
1398,172,1001,210,1.2209302325581395,6.371064186096191,1331.552414894104,584.6797059499431,1.9191049606907566,Manaca
1399,159,920,183,1.150943396226415,7.262998580932617,1321.8657417297363,1426.5276890318078,2.072879511211415,Manaca
1400,210,1158,259,1.2333333333333334,6.069087028503418,1565.8244533538818,432.28583671355466,1.9507833970261808,Manaca
1401,162,976,179,1.1049382716049383,7.296067714691162,1298.7000532150269,1474.490395780912,1.9197009491552788,Manaca
1402,157,1036,236,1.5031847133757963,5.717040061950684,1343.5044145584106,304.00375762873955,1.870914243528812,Manaca
1403,279,1771,330,1.1827956989247312,6.187413215637207,2035.658947944641,486.58578432869047,1.6582919645064813,Manaca
1404,259,1642,357,1.3783783783783783,5.753282070159912,2048.1684169769287,315.2235501576653,1.7995629829951363,Manaca
1405,263,1597,315,1.1977186311787071,6.47388219833374,2032.7990102767944,647.9944933073876,1.8363863814967591,Manaca
1406,268,1701,354,1.3208955223880596,6.253758430480957,2207.576725959778,519.9634031187311,1.8723456760282573,Manaca
1407,282,1838,338,1.198581560283688,6.693434715270996,2255.6874990463257,807.0896199057639,1.7705490580355618,Manaca
1408,270,1454,308,1.1407407407407408,6.282052516937256,1928.5901226997375,534.8853992479638,1.9135951897705288,Manaca
1409,277,1585,299,1.0794223826714802,7.0004143714904785,2086.1234827041626,1097.0876661058333,1.898826500428586,Manaca
1410,252,1469,280,1.1111111111111112,6.907870292663574,1927.2958116531372,1000.1150202957642,1.8927842816868965,Manaca
1411,322,1796,359,1.1149068322981366,6.14139986038208,2198.6211500167847,464.7036359623206,1.7661134910483325,Manaca
1412,303,1872,373,1.231023102310231,6.144977569580078,2285.931655883789,466.3691880890389,1.7616999272193585,Manaca
1413,226,1254,284,1.2566371681415929,6.711019515991211,1899.2185230255127,821.4076509402656,2.1850025077618573,Manaca
1414,309,2089,421,1.3624595469255663,5.648594856262207,2372.409839630127,283.8922759762487,1.6384221687843779,Manaca
1415,297,1896,429,1.4444444444444444,5.712498664855957,2444.9494285583496,302.626286037247,1.8603989534838798,Manaca
1416,285,1884,373,1.3087719298245615,6.573683261871338,2445.4101734161377,716.0022159594847,1.8726014491119332,Manaca
1417,79,543,112,1.4177215189873418,6.2378764152526855,692.4042820930481,511.7705680098196,1.8396468214842052,Manaca
1418,289,1763,372,1.28719723183391,6.1988043785095215,2299.7564244270325,492.1602518050157,1.8819326084931447,Manaca
1419,304,1653,334,1.0986842105263157,6.626992702484131,2206.7885699272156,755.2076182338496,1.926027178538682,Manaca
1420,296,1675,311,1.0506756756756757,6.743713855743408,2090.5512952804565,848.7068649649768,1.800613723238874,Manaca
1421,293,1707,330,1.1262798634812288,7.279839992523193,2395.0673575401306,1450.7558747550738,2.0242248384992267,Manaca
1422,298,1763,363,1.2181208053691275,6.162038326263428,2230.657874107361,474.39405987549975,1.8253880050451545,Manaca
1423,293,1711,338,1.1535836177474403,6.234178066253662,2100.918008327484,509.8813574751866,1.7714693114718756,Manaca
1424,154,1009,197,1.2792207792207793,6.295825004577637,1233.9817008972168,542.3030643998742,1.7643798616770494,Manaca
1425,170,971,224,1.3176470588235294,5.62517786026001,1254.4146628379822,277.32160462966624,1.863787655298412,Manaca
1426,158,997,199,1.259493670886076,6.057317733764648,1199.3489112854004,427.2279594968033,1.7355012302979183,Manaca
1427,124,869,220,1.7741935483870968,4.376214981079102,958.3910808563232,79.53641611171004,1.5911001836405423,Manaca
1428,123,750,156,1.2682926829268293,6.593572616577148,1022.003755569458,730.3856019831954,1.965919666573271,Manaca
1429,157,1101,185,1.178343949044586,6.119479179382324,1125.9841690063477,454.6278532696283,1.4754330397320057,Manaca
1430,194,1132,219,1.1288659793814433,6.5947065353393555,1437.6460247039795,731.2142696530495,1.8322303802068582,Manaca
1431,196,1154,202,1.030612244897959,7.420339584350586,1491.4882564544678,1669.6003816498921,1.8646124013266787,Manaca
1432,87,436,91,1.0459770114942528,6.976033687591553,627.8430318832397,1070.6633488824568,2.07749089118037,Manaca
1433,178,1096,197,1.1067415730337078,6.798928260803223,1332.5899391174316,896.885548975953,1.7541249057511352,Manaca
1434,163,1000,223,1.3680981595092025,4.33231782913208,961.7745580673218,76.1205166056715,1.3875473853768996,Manaca
1435,165,1053,249,1.509090909090909,4.089463710784912,1014.1870002746582,59.70786243375754,1.3895180967049414,Manaca
1436,151,915,228,1.509933774834437,4.224754333496094,959.0192337036133,68.35770828641616,1.5121008662091113,Manaca
1437,172,1037,211,1.2267441860465116,4.791941165924072,1006.3076448440552,120.53512038271958,1.3999952254823247,Manaca
1438,159,956,186,1.169811320754717,5.419723033905029,1002.6487612724304,225.81657030635705,1.5130924640598302,Manaca
1439,210,1208,265,1.2619047619047619,4.398737907409668,1161.2668075561523,81.34813497050409,1.3868823380879298,Manaca
1440,166,1004,182,1.0963855421686748,5.6362690925598145,1020.1647057533264,280.4145636249811,1.465922870398678,Manaca
1441,159,1074,240,1.509433962264151,4.1885809898376465,1001.0708565711975,65.92917038907068,1.344729944463439,Manaca
1442,286,1892,401,1.402097902097902,3.1425716876983643,1257.0286750793457,23.163359254049883,0.9585142895307591,Manaca
1443,173,1094,229,1.323699421965318,4.717445373535156,1075.5775451660156,111.88207038108868,1.4184007225800144,Manaca
1444,217,1542,306,1.4101382488479262,3.773725748062134,1150.9863531589508,43.5419894862663,1.0768627132511617,Manaca
1445,300,2039,404,1.3466666666666667,3.2101240158081055,1293.6799783706665,24.78215941354802,0.9153436435962247,Manaca
1446,167,1227,215,1.2874251497005988,5.2712483406066895,1128.0471448898315,194.65881133342907,1.3263472060485038,Manaca
1447,297,1913,368,1.239057239057239,4.1696553230285645,1530.2635035514832,64.69315002509347,1.1540530934799245,Manaca
1448,261,1854,391,1.4980842911877394,3.675128936767578,1433.3002853393555,39.45374356742593,1.1153264367658169,Manaca
1449,306,1997,381,1.2450980392156863,4.156437397003174,1579.446210861206,63.843667321457396,1.141041169634615,Manaca
1450,299,1933,420,1.4046822742474916,3.2909719944000244,1378.9172656536102,26.86896745337002,1.0291552513991893,Manaca
1451,199,1265,277,1.3919597989949748,4.236306667327881,1169.2206401824951,69.15197835566288,1.3334615172302806,Manaca
1452,172,1106,224,1.302325581395349,4.957392692565918,1105.4985704421997,142.22249429195438,1.4420409631887883,Manaca
1453,88,627,119,1.3522727272727273,5.8378095626831055,688.8615283966064,343.02713769588007,1.5850352645565806,Manaca
1454,308,1802,383,1.2435064935064934,4.686527729034424,1790.25359249115,108.47586751601118,1.4332907768150016,Manaca
1455,303,1782,405,1.3366336633663367,4.643873691558838,1876.1249713897705,103.94622431921007,1.5188979754837095,Manaca
1456,303,1761,350,1.155115511551155,5.85624885559082,2043.8308506011963,349.41099155995266,1.6744035392266994,Manaca
1457,97,498,105,1.0824742268041236,6.308755874633789,656.1106109619141,549.3610494551492,1.9007380014244608,Manaca
1458,300,1877,405,1.35,4.1768341064453125,1687.4409790039062,65.15923911232183,1.2969966607361496,Manaca
1459,296,1887,399,1.347972972972973,4.272896766662598,1700.6129131317139,71.72911747711385,1.3001938612860928,Manaca
1460,302,1797,356,1.1788079470198676,4.4920525550842285,1594.6786570549011,89.30456041756142,1.2802643240648737,Manaca
1461,154,1033,196,1.2727272727272727,4.458517551422119,869.4109225273132,86.35939079932199,1.21422538860102,Manaca
1462,170,1010,226,1.3294117647058823,4.157442569732666,935.4245781898499,63.90787349854282,1.3361706931486603,Manaca
1463,158,1012,197,1.2468354430379747,4.550843238830566,891.965274810791,94.71223968997255,1.2715749788682704,Manaca
1464,130,879,208,1.6,2.9107601642608643,602.5273540019989,18.370758054311917,0.9889228960394002,Manaca
1465,123,789,154,1.2520325203252032,5.337130069732666,816.5809006690979,207.915151237268,1.493127016324399,Manaca
1466,161,1135,185,1.1490683229813665,3.478822708129883,640.1033782958984,32.421529994982016,0.8136334533249029,Manaca
1467,194,1193,221,1.1391752577319587,5.689389705657959,1251.665735244751,295.71309353090106,1.5136395214486509,Manaca
1468,196,1219,209,1.066326530612245,5.694992542266846,1184.558448791504,297.37457583760494,1.4019332237199555,Manaca
1469,87,469,93,1.0689655172413792,5.841665744781494,537.4332485198975,344.352466515841,1.6532031608710063,Manaca
1470,177,1139,197,1.112994350282486,5.011571884155273,982.2680892944336,150.1405543194673,1.2441732232208575,Manaca
1471,257,1771,320,1.245136186770428,4.360257625579834,1390.922182559967,78.27729805993894,1.1330754009270005,Manaca
1472,259,1652,320,1.2355212355212355,4.404169082641602,1404.929937362671,81.79115291135469,1.2269282405747988,Manaca
1473,258,1709,307,1.189922480620155,4.266495227813721,1305.5475397109985,71.27140733269158,1.1021105682772643,Manaca
1474,281,1574,329,1.1708185053380782,2.774472951889038,910.0271282196045,16.030176094806475,0.8341115787527627,Manaca
1475,264,1644,319,1.2083333333333333,5.044543266296387,1604.164758682251,155.17341008457848,1.4077375560338956,Manaca
1476,266,1512,282,1.0601503759398496,5.840136528015137,1641.0783643722534,343.8262793801444,1.5658568902050407,Manaca
1477,266,1499,299,1.1240601503759398,5.252507209777832,1565.247148513794,191.0446575305136,1.5064538351744106,Manaca
1478,261,1499,302,1.157088122605364,5.263439178466797,1584.2951927185059,193.14460913405458,1.5247864028280276,Manaca
1479,221,1401,254,1.1493212669683257,5.7536773681640625,1455.6803741455078,315.348182029646,1.4990027529615382,Manaca
1480,279,1813,331,1.1863799283154122,3.7814104557037354,1247.8654503822327,43.8778859255476,0.9929891323569333,Manaca
1481,261,1695,350,1.3409961685823755,4.246505260467529,1482.0303359031677,69.86083979831423,1.2614264401501503,Manaca
1482,267,1657,317,1.1872659176029963,4.237722873687744,1339.1204280853271,69.24998120695807,1.1659278218176268,Manaca
1483,268,1734,361,1.3470149253731343,4.73295783996582,1703.8648223876953,113.63116858100847,1.4176224507519508,Manaca
1484,282,1922,354,1.2553191489361701,4.570863246917725,1613.5147261619568,96.62748716048927,1.2111392787904103,Manaca
1485,281,1579,338,1.2028469750889679,4.817546367645264,1623.5131258964539,123.66129887146658,1.4833656336598817,Manaca
1486,278,1658,303,1.089928057553957,5.592855930328369,1689.0424909591675,268.50134690126055,1.4697064086595493,Manaca
1487,263,1532,290,1.102661596958175,4.736301422119141,1368.7911109924316,114.0117396090348,1.2890000965023996,Manaca
1488,323,1926,387,1.1981424148606812,4.878231525421143,1882.997368812561,131.3980841192685,1.4104833675975328,Manaca
1489,307,1906,379,1.234527687296417,4.3345770835876465,1638.4701375961304,76.29268663669478,1.2401955625155272,Manaca
1490,228,1308,286,1.2543859649122806,4.955819606781006,1412.4085879325867,141.99894198746534,1.5578554017731854,Manaca
1491,307,2161,432,1.4071661237785016,3.717230796813965,1602.1264734268188,41.15028268875095,1.0695881157287346,Manaca
1492,300,1930,425,1.4166666666666667,4.678046226501465,1983.491600036621,107.55971981740707,1.4826805673667092,Manaca
1493,295,2047,414,1.4033898305084747,3.94323468208313,1628.5559237003326,51.58519341990845,1.1477819027517415,Manaca
1494,80,541,111,1.3875,5.281623363494873,580.978569984436,196.6889139266614,1.549306657632731,Manaca
1495,300,1892,416,1.3866666666666667,4.8360724449157715,2006.9700646400452,125.9736105473917,1.5303624521505264,Manaca
1496,307,1730,358,1.1661237785016287,5.1777448654174805,1848.4549169540405,177.2825638168245,1.5414778855470608,Manaca
1497,300,1748,323,1.0766666666666667,4.8147149085998535,1550.3382005691528,123.31165220691308,1.2795567698294257,Manaca
1498,300,1766,341,1.1366666666666667,5.686027526855469,1933.2493591308594,294.72052277141825,1.5793257436126034,Manaca
1499,298,1791,362,1.2147651006711409,4.099150657653809,1479.793387413025,60.28905979397509,1.1920103749642945,Manaca
1500,304,1841,371,1.2203947368421053,4.673860549926758,1729.3284034729004,107.11045052169749,1.3551838738505062,Manaca
1501,230,1440,324,1.4086956521739131,5.227895259857178,1688.6101689338684,186.40006665771196,1.6917704977191437,Manaca
1502,269,1587,356,1.3234200743494424,5.037448883056641,1788.2943534851074,154.07644618683614,1.6256858194219908,Manaca
1503,190,1186,260,1.368421052631579,4.685266971588135,1213.484145641327,108.33919193378064,1.4761277901468155,Manaca
1504,229,1462,398,1.737991266375546,4.114181995391846,1633.3302521705627,61.20213015653296,1.6117629650755068,Manaca
1505,129,821,158,1.2248062015503876,5.081765174865723,797.8371324539185,161.05810087193683,1.4019922952842134,Manaca
1506,92,584,122,1.326086956521739,3.81870698928833,462.06354570388794,45.545279696873784,1.1414670992509761,Manaca
1507,294,1812,443,1.5068027210884354,4.331749439239502,1914.6332521438599,76.07726276710183,1.524410539729059,Manaca
1508,304,1781,436,1.4342105263157894,3.9379982948303223,1713.0292582511902,51.31577936441903,1.3876354945405345,Manaca
1509,309,1824,433,1.401294498381877,4.464621067047119,1928.7163009643555,86.88809853707653,1.525520527786722,Manaca
1510,311,1792,450,1.4469453376205788,4.729236602783203,2123.427234649658,113.20910583621668,1.7095189403558189,Manaca
1511,197,1107,261,1.3248730964467006,4.73475980758667,1231.0375499725342,113.83611286353535,1.604346674339182,Manaca
1512,288,1673,351,1.21875,4.9853105545043945,1744.858694076538,146.24898625590615,1.504661676626548,Manaca
1513,309,1829,394,1.2750809061488673,5.139855861663818,2019.9633536338806,170.6911634078153,1.5933248294505409,Manaca
1514,314,1690,349,1.1114649681528663,4.725526809692383,1644.4833297729492,112.78990153894745,1.403839020525446,Manaca
1515,330,1983,408,1.2363636363636363,4.973312854766846,2024.1383318901062,144.5048187528204,1.4726244747811978,Manaca
1516,160,1052,210,1.3125,3.7541205883026123,784.611202955246,42.69665535750289,1.0760025584880772,Manaca
1517,180,1122,214,1.1888888888888889,3.8158092498779297,812.767370223999,45.41349237980666,1.045076162583358,Manaca
1518,167,991,190,1.1377245508982037,4.156545162200928,785.5870356559753,63.85054781762398,1.1436554193012483,Manaca
1519,174,1042,209,1.2011494252873562,4.210306644439697,875.743782043457,67.3771974856454,1.2125059610781581,Manaca
1520,170,1065,198,1.1647058823529413,4.587766647338867,903.7900295257568,98.27470281989027,1.2243130456353983,Manaca
1521,217,1263,264,1.2165898617511521,3.6979470252990723,972.560067653656,40.3643522459262,1.1109323725816027,Manaca
1522,159,949,181,1.1383647798742138,3.8310065269470215,689.5811748504639,46.108924760923806,1.048319643042307,Manaca
1523,161,1084,215,1.3354037267080745,3.785068988800049,810.0047636032104,44.03870863161641,1.0780349220911336,Manaca
1524,258,1755,307,1.189922480620155,3.7265090942382812,1140.311782836914,41.53386398955949,0.9373915408353667,Manaca
1525,309,1837,370,1.197411003236246,3.1897132396698,1177.0041854381561,24.281463484162234,0.924364780314198,Manaca
1526,268,1658,304,1.1343283582089552,3.356698989868164,1017.0797939300537,28.69431414913995,0.8850036036738584,Manaca
1527,309,1938,382,1.2362459546925566,4.029847621917725,1535.371943950653,56.25233897049506,1.1429687768099355,Manaca
1528,309,1943,367,1.1877022653721683,3.6430504322052,1333.3564581871033,38.208210696115835,0.990029207392592,Manaca
1529,324,1777,349,1.0771604938271604,4.187906265258789,1457.3913803100586,65.8847013612056,1.183214021951403,Manaca
1530,321,1850,347,1.0809968847352025,4.414432048797607,1527.3934888839722,82.63489498790685,1.1911151415670265,Manaca
1531,266,1725,282,1.0601503759398496,4.782199859619141,1343.7981605529785,119.3666513021321,1.123878807064054,Manaca
1532,332,2019,369,1.1114457831325302,3.8124594688415527,1402.9850845336914,45.26162163312294,1.0025159107964041,Manaca
1533,247,1460,317,1.2834008097165992,3.8251266479492188,1208.7400207519531,45.83860536409458,1.1944131737416888,Manaca
1534,320,1815,387,1.209375,3.370575189590454,1301.0420231819153,29.09525753500336,1.0341635674009326,Manaca
1535,225,1301,286,1.271111111111111,3.8010075092315674,1083.2871401309967,44.746244044485145,1.2012705495201972,Manaca
1536,242,1487,384,1.5867768595041323,3.596513271331787,1377.4645829200745,36.47084853953464,1.3364232163947385,Manaca
1537,142,882,170,1.1971830985915493,4.214786529541016,712.2989234924316,67.67971670856237,1.1651135199014495,Manaca
1538,100,599,124,1.24,3.5919599533081055,441.811074256897,36.30516266404179,1.0641045840404855,Manaca
1539,168,1052,207,1.2321428571428572,3.857607841491699,794.66721534729,47.351942424893295,1.089793204124123,Manaca
1540,200,1149,243,1.215,3.5524957180023193,859.7039637565613,34.900310220287174,1.0794522586111195,Manaca
1541,151,973,179,1.185430463576159,3.854527235031128,686.1058478355408,47.2062941827815,1.017308842957094,Manaca
1542,119,815,186,1.5630252100840336,3.0870471000671387,571.1037135124207,21.91227758530483,1.0109552089787002,Manaca
1543,125,754,165,1.32,3.79026198387146,621.6029653549194,44.26799625797835,1.189368057718059,Manaca
1544,134,954,153,1.1417910447761195,3.571160078048706,542.8163318634033,35.5578190797322,0.8208788575396958,Manaca
1545,216,1329,266,1.2314814814814814,4.590729236602783,1216.5432476997375,98.56628210093848,1.3206176903561817,Manaca
1546,192,1219,232,1.2083333333333333,4.597072124481201,1061.9236607551575,99.19346394621714,1.2567940928417718,Manaca
1547,82,455,100,1.2195121951219512,5.115206718444824,506.4054651260376,166.53520332356925,1.605689347728359,Manaca
1548,173,1111,213,1.23121387283237,4.1029157638549805,869.8181419372559,60.51648237328776,1.129507038567175,Manaca
1549,259,1787,310,1.196911196911197,3.9257421493530273,1213.0543241500854,50.690684160894925,0.9793326568440075,Manaca
1550,260,1683,313,1.2038461538461538,3.116344451904297,972.2994689941406,22.563745841134885,0.8334709579184902,Manaca
1551,247,1657,280,1.1336032388663968,3.928218364715576,1095.9729237556458,50.816360748683955,0.9542273398013569,Manaca
1552,293,1766,344,1.174061433447099,3.7154722213745117,1274.4069719314575,41.07798040543122,1.041098877961401,Manaca
1553,291,1714,354,1.2164948453608246,3.7594501972198486,1327.0859196186066,42.92481930485891,1.1170246645667057,Manaca
1554,244,1473,303,1.2418032786885247,3.734165668487549,1127.7180318832397,41.853091638644564,1.1045167767270958,Manaca
1555,230,1368,293,1.2739130434782608,4.073248863220215,1189.3886680603027,58.747515526546174,1.2543312376462925,Manaca
1556,324,1815,406,1.2530864197530864,3.632420778274536,1471.1304152011871,37.80422157525117,1.1693622889871484,Manaca
1557,211,1286,274,1.2985781990521328,3.855393648147583,1052.5224659442902,47.24721205857318,1.1807690062535383,Manaca
1558,318,1886,448,1.4088050314465408,3.502964973449707,1565.825343132019,33.213784098579865,1.197777549011041,Manaca
1559,311,1847,437,1.405144694533762,2.9806535243988037,1299.5649366378784,19.7006873184905,1.0150925226857863,Manaca
1560,401,2187,480,1.1970074812967582,3.6479079723358154,1747.3479187488556,38.39426011832823,1.152670405618027,Manaca
1561,338,1891,450,1.331360946745562,3.6606948375701904,1643.6519820690155,38.888354575674256,1.2539865486400235,Manaca
1562,211,1155,256,1.2132701421800949,3.4261269569396973,873.6623740196228,30.757287466025154,1.0912799778436266,Manaca
1563,305,1778,351,1.1508196721311474,4.4252028465271,1548.8209962844849,83.52974922320949,1.2567358664591282,Manaca
1564,336,1882,391,1.1636904761904763,4.443203926086426,1732.849531173706,85.0469898994176,1.3283599496445648,Manaca
1565,344,1830,361,1.0494186046511629,4.096096515655518,1474.5947456359863,60.10520934002698,1.1625084846174645,Manaca
1566,359,2072,415,1.1559888579387188,4.010317802429199,1660.2715702056885,55.16439915805906,1.1560161973285132,Manaca
1567,269,1800,393,1.4609665427509293,3.1177523136138916,1222.1589069366455,22.595534846940993,0.9795569967865415,Manaca
1568,199,1209,249,1.2512562814070352,3.9949872493743896,990.7568378448486,54.325147939774205,1.1822663165306817,Manaca
1569,218,1533,299,1.371559633027523,3.696805953979492,1101.6481742858887,40.318319909329155,1.036753005770797,Manaca
1570,292,2031,387,1.3253424657534247,3.4289638996124268,1323.5800652503967,30.844668015534776,0.9401882798405898,Manaca
1571,193,1366,232,1.2020725388601037,4.444937229156494,1026.7804999351501,85.19452993697199,1.0844298208916046,Manaca
1572,301,1994,380,1.2624584717607974,3.699054479598999,1401.9416477680206,40.40907868305602,1.0143301217906846,Manaca
1573,282,1905,399,1.4148936170212767,3.3384580612182617,1328.7063083648682,28.175648068867165,1.006256168963715,Manaca
1574,353,2174,430,1.2181303116147308,3.1829354763031006,1365.4793193340302,24.11744593442656,0.9061500655196149,Manaca
1575,271,1799,389,1.4354243542435425,3.3410160541534424,1296.3142290115356,28.247813437472857,1.039569821917033,Manaca
1576,220,1512,277,1.259090909090909,4.219437122344971,1164.564645767212,67.99520053686459,1.1111849465892654,Manaca
1577,237,1505,283,1.1940928270042195,4.59576940536499,1296.0069723129272,99.06432685747124,1.2423540411384586,Manaca
1578,132,885,163,1.2348484848484849,4.51978874206543,732.2057762145996,91.81619902857105,1.1936154149774656,Manaca
1579,426,2460,554,1.300469483568075,2.976206064224243,1645.8419535160065,19.61326384653722,0.9652227741563196,Manaca
1580,433,2427,577,1.3325635103926097,3.2377231121063232,1864.9285125732422,25.475650461416276,1.108579776144148,Manaca
1581,391,2329,483,1.2352941176470589,3.856637716293335,1858.8993792533875,47.306027387623786,1.1514920205927155,Manaca
1582,130,741,154,1.1846153846153846,4.677706241607666,715.6890549659729,107.52315735318287,1.3934157225612926,Manaca
1583,373,2223,521,1.3967828418230563,3.11991024017334,1622.3533248901367,22.64434699929039,1.0528839839805315,Manaca
1584,450,2656,601,1.3355555555555556,3.360785484313965,2016.471290588379,28.811813220674093,1.0953136788504603,Manaca
1585,381,2380,505,1.3254593175853018,3.617262125015259,1823.1001110076904,37.235482041943634,1.1051165920987034,Manaca
1586,312,1938,377,1.2083333333333333,3.5025575160980225,1316.9616260528564,33.200253654798225,0.9803787445549648,Manaca
1587,248,1419,304,1.2258064516129032,3.6697239875793457,1111.9263682365417,39.24107334177631,1.1304937683499183,Manaca
1588,325,2191,430,1.323076923076923,3.2945406436920166,1413.3579361438751,26.965024670365995,0.9306455889894244,Manaca
1589,360,2222,467,1.2972222222222223,3.2696406841278076,1523.6525588035583,26.301886959718633,0.9892736231429673,Manaca
1590,329,2094,419,1.2735562310030395,4.156381607055664,1737.3675117492676,63.840105585964146,1.1969873416438712,Manaca
1591,90,591,114,1.2666666666666666,3.35223388671875,378.80242919921875,28.56647669276964,0.9246977767891804,Manaca
1592,341,2463,670,1.964809384164223,2.551328182220459,1706.838553905487,12.824125251506628,0.9997756870960357,Manaca
1593,314,1949,450,1.4331210191082802,3.001750946044922,1347.78617477417,20.12073642184201,0.9976626118652646,Manaca
1594,309,1816,352,1.13915857605178,3.1363706588745117,1100.8661012649536,23.02016702407537,0.8745672163974207,Manaca
1595,342,1995,410,1.1988304093567252,3.900010347366333,1595.1042320728302,49.402960293413535,1.153508253289459,Manaca
1596,267,1741,381,1.4269662921348314,2.7002980709075928,1026.1132669448853,14.884167601082785,0.8502978297597698,Manaca
1597,274,1818,388,1.416058394160584,2.8805084228515625,1114.7567596435547,17.823332666010494,0.884628189733337,Manaca
1598,159,1035,207,1.3018867924528301,3.8991150856018066,803.2177076339722,49.35875150418051,1.1196117908770367,Manaca
1599,177,1128,212,1.1977401129943503,3.894718647003174,821.7856345176697,49.14222510516022,1.0510514712698869,Manaca
1600,157,953,178,1.1337579617834395,3.9180550575256348,693.4957451820374,50.30251407794986,1.0498456164236323,Manaca
1601,171,1008,205,1.1988304093567252,4.204386234283447,857.6947917938232,66.97947534218154,1.227571451108374,Manaca
1602,169,1044,196,1.1597633136094674,4.689338684082031,914.4210433959961,108.78121726449805,1.2636309430957042,Manaca
1603,214,1264,261,1.219626168224299,3.9582443237304688,1029.1435241699219,52.36530866668288,1.1746362806035897,Manaca
1604,156,919,177,1.1346153846153846,3.7711708545684814,663.7260704040527,43.43088632942873,1.0419524595001588,Manaca
1605,159,1063,216,1.3584905660377358,3.7688541412353516,810.3036403656006,43.33038587631971,1.0997375762650292,Manaca
1606,253,1721,298,1.1778656126482214,3.7573463916778564,1115.9318783283234,42.83460875811306,0.9354732055980117,Manaca
1607,292,1794,352,1.2054794520547945,3.6022181510925293,1264.3785710334778,36.67950495921306,1.0167852253267962,Manaca
1608,257,1602,295,1.1478599221789882,3.6616103649139404,1076.5134472846985,38.92397423053773,0.9694635529637435,Manaca
1609,321,2016,393,1.2242990654205608,3.8531594276428223,1510.4384956359863,47.141769203755246,1.0809038329473333,Manaca
1610,300,1904,353,1.1766666666666667,3.375946044921875,1188.3330078125,29.251944348508193,0.9004212905965124,Manaca
1611,324,1776,350,1.0802469135802468,4.285181999206543,1495.5285177230835,72.61576152815623,1.214860121636889,Manaca
1612,325,1869,348,1.0707692307692307,4.241259574890137,1471.7170724868774,69.49533130801532,1.1360293858044095,Manaca
1613,262,1698,280,1.0687022900763359,4.283613681793213,1195.1282172203064,72.50196622177411,1.015433187402947,Manaca
1614,335,2029,373,1.1134328358208956,3.920010805130005,1458.2440195083618,50.40098936436578,1.0368661485217854,Manaca
1615,246,1462,328,1.3333333333333333,4.079704284667969,1334.0633010864258,59.127982213436006,1.31644768037575,Manaca
1616,306,1748,380,1.2418300653594772,3.430269479751587,1300.0721328258514,30.884964500916432,1.0730020702664724,Manaca
1617,219,1279,280,1.278538812785388,3.944664478302002,1100.5613894462585,51.65900248779902,1.2414186542204726,Manaca
1618,249,1514,387,1.5542168674698795,3.555819272994995,1372.5462393760681,35.0164962890107,1.3079033374759905,Manaca
1619,136,860,165,1.213235294117647,4.426960468292236,726.0215167999268,83.67669202558608,1.2179391184487647,Manaca
1620,102,582,125,1.2254901960784315,3.3632473945617676,417.0426769256592,28.882832704827,1.0337893502400457,Manaca
1621,166,1046,204,1.2289156626506024,4.0348124504089355,819.0669274330139,56.532316631136865,1.1296977001565676,Manaca
1622,201,1170,247,1.228855721393035,3.5825142860412598,881.2985143661499,35.96385067485933,1.0867051249733806,Manaca
1623,149,954,180,1.2080536912751678,3.7548322677612305,672.1149759292603,42.72705250530239,1.0164118896020429,Manaca
1624,120,832,189,1.575,3.4090421199798584,640.8999185562134,30.23626766688439,1.1113258824605645,Manaca
1625,120,725,156,1.3,4.001163005828857,620.1802659034729,54.66168493844887,1.2341117159670885,Manaca
1626,134,950,157,1.171641791044776,3.5605506896972656,555.4459075927734,35.182566488256704,0.8435147961749092,Manaca
1627,214,1337,271,1.266355140186916,4.497990131378174,1214.457335472107,89.83639038648298,1.3104649029594861,Manaca
1628,183,1206,225,1.2295081967213115,4.690792560577393,1050.737533569336,108.93948674367496,1.2569600571777626,Manaca
1629,88,476,101,1.1477272727272727,4.703347682952881,470.3347682952881,110.31585750306847,1.4255244491119157,Manaca
1630,171,1090,211,1.2339181286549707,3.669804573059082,770.6589603424072,39.24423572991649,1.0200237250482893,Manaca
1631,254,1757,308,1.2125984251968505,3.8041396141052246,1167.870861530304,44.88661368499921,0.9589536143019298,Manaca
1632,264,1676,317,1.2007575757575757,3.634343385696411,1148.452509880066,37.87697416715619,0.9885839741649489,Manaca
1633,248,1671,283,1.1411290322580645,3.6583213806152344,1031.646629333496,38.79616418827589,0.8906950784495807,Manaca
1634,288,1730,342,1.1875,3.9793906211853027,1356.9722018241882,53.48443201516513,1.131616801269326,Manaca
1635,284,1693,350,1.232394366197183,3.874907970428467,1352.342881679535,48.1782642620538,1.1524030531485856,Manaca
1636,236,1442,300,1.271186440677966,4.049428939819336,1210.7792530059814,57.36468900040953,1.21136284599374,Manaca
1637,228,1361,291,1.2763157894736843,3.928792953491211,1139.3499565124512,50.84556764936384,1.2077402880952017,Manaca
1638,312,1770,396,1.2692307692307692,3.6176159381866455,1428.958295583725,37.24865877684673,1.1647181054665454,Manaca
1639,208,1282,269,1.2932692307692308,3.8112246990203857,1021.4082193374634,45.20576843868915,1.1494388243068525,Manaca
1640,316,1875,442,1.3987341772151898,3.7110631465911865,1636.5788476467133,40.897263208454625,1.2592449000126336,Manaca
1641,294,1744,403,1.370748299319728,3.008970260620117,1209.606044769287,20.266519942937524,1.000626515033236,Manaca
1642,377,2037,457,1.2122015915119364,3.8469512462615967,1754.209768295288,46.850011130491524,1.2424102765825185,Manaca
1643,323,1832,439,1.3591331269349844,3.8815884590148926,1700.135745048523,48.501196076713775,1.3388522970630825,Manaca
1644,210,1161,255,1.2142857142857142,3.8573262691497803,979.7608723640442,47.33861130449578,1.2174816122451777,Manaca
1645,302,1752,347,1.1490066225165563,4.406469345092773,1524.6383934020996,81.9795105822203,1.2554727450400263,Manaca
1646,331,1849,382,1.1540785498489425,4.44412088394165,1693.2100567817688,85.12501017005239,1.3211388599796527,Manaca
1647,348,1843,365,1.0488505747126438,3.9931585788726807,1453.5097227096558,54.2258959215133,1.1378031843934415,Manaca
1648,356,2098,407,1.1432584269662922,4.506885528564453,1829.795524597168,90.63908561421606,1.258263550608748,Manaca
1649,278,1847,401,1.4424460431654675,2.91719126701355,1166.87650680542,18.48928300155452,0.9114493501342806,Manaca
1650,199,1193,248,1.2462311557788945,3.78290057182312,934.3764412403107,43.94331780909465,1.1299415407383688,Manaca
1651,211,1517,294,1.3933649289099526,3.686671018600464,1080.194608449936,39.91176005144271,1.027285039423677,Manaca
1652,299,2076,394,1.3177257525083612,3.4248201847076416,1345.9543325901031,30.71712094679307,0.9353572451304221,Manaca
1653,196,1387,237,1.2091836734693877,4.316555023193359,1018.7069854736328,74.93005086378557,1.0596132055239766,Manaca
1654,306,2013,381,1.2450980392156863,3.5482730865478516,1348.3437728881836,34.75324978211107,0.9663432064378028,Manaca
1655,290,1916,412,1.4206896551724137,3.2685678005218506,1343.3813660144806,26.2736832287595,1.01152903693723,Manaca
1656,350,2147,425,1.2142857142857142,3.1543498039245605,1337.4443168640137,23.437792975126378,0.8987071650697904,Manaca
1657,271,1811,389,1.4354243542435425,3.2265303134918213,1251.8937616348267,25.19209647781326,0.9972948214414105,Manaca
1658,227,1529,291,1.2819383259911894,4.393275260925293,1274.049825668335,80.90497039472368,1.202135621541632,Manaca
1659,235,1491,284,1.2085106382978723,4.513351917266846,1277.2785925865173,91.2270922642898,1.2358977138552671,Manaca
1660,134,887,166,1.2388059701492538,4.377852916717529,722.3457312583923,79.66679839195446,1.1748868143109295,Manaca
1661,428,2447,546,1.2757009345794392,3.386946678161621,1845.8859395980835,29.575510714298392,1.088291986556935,Manaca
1662,408,2243,561,1.375,3.2822823524475098,1838.0781173706055,26.636497250793504,1.1822497479701715,Manaca
1663,400,2368,489,1.2225,4.353780746459961,2124.645004272461,77.77194378847047,1.2944319304532896,Manaca
1664,128,740,155,1.2109375,4.4292893409729,682.1105585098267,83.8717914803687,1.3298344866217946,Manaca
1665,370,2176,517,1.3972972972972972,3.064983606338501,1581.5315408706665,21.434110600747662,1.0485605289630475,Manaca
1666,446,2598,599,1.34304932735426,3.3091182708740234,1978.852725982666,27.360989851259642,1.0988764489702845,Manaca
1667,372,2335,488,1.3118279569892473,3.5935850143432617,1750.0759019851685,36.36420873300092,1.081295856519607,Manaca
1668,312,1958,389,1.2467948717948718,3.7797369956970215,1466.5379543304443,43.80451944333066,1.0805756046925319,Manaca
1669,245,1405,302,1.2326530612244897,3.8352739810943604,1154.4174683094025,46.30611292960617,1.1853895776836776,Manaca
1670,326,2184,427,1.3098159509202454,3.407839298248291,1451.739541053772,30.199920690901642,0.9589823427384142,Manaca
1671,352,2173,457,1.2982954545454546,3.6144111156463623,1648.1714687347412,37.12947451981073,1.0942516357470273,Manaca
1672,320,2033,406,1.26875,4.095071315765381,1658.5038828849792,60.04362106155739,1.176938183538244,Manaca
1673,91,592,114,1.2527472527472527,4.118420600891113,465.3815279006958,61.462092391458775,1.1341277405805112,Manaca
1674,327,2367,538,1.6452599388379205,3.39296817779541,1822.0239114761353,29.754136900264847,1.1105301484865788,Manaca
1675,314,1968,426,1.356687898089172,3.74369215965271,1591.0691678524017,42.253709960018234,1.166375812079263,Manaca
1676,314,1836,356,1.1337579617834395,3.6165897846221924,1283.8893735408783,37.210455537419236,1.0088566624495985,Manaca
1677,342,1990,407,1.1900584795321638,4.123749256134033,1674.2421979904175,61.79047683904805,1.2137793549184992,Manaca
1678,262,1728,356,1.3587786259541985,3.4125967025756836,1211.4718294143677,30.343936222716643,1.01144930582916,Manaca
1679,276,1828,396,1.434782608695652,3.3304519653320312,1315.5285263061523,27.950971719070463,1.0382420574670963,Manaca
1680,258,1719,319,1.2364341085271318,3.3617610931396484,1069.0400276184082,28.83993599611946,0.8972069495967878,Manaca
1681,259,1613,319,1.2316602316602316,3.3399405479431152,1062.1010942459106,28.217449070152412,0.9499615508935628,Manaca
1682,277,1782,334,1.2057761732851986,2.8486669063568115,948.6060798168182,17.264750963060106,0.7679850096009224,Manaca
1683,277,1649,342,1.2346570397111913,3.5080771446228027,1196.2543063163757,33.384013398121965,1.0465919680804743,Manaca
1684,251,1601,339,1.350597609561753,4.05645227432251,1371.0808687210083,57.768998538540146,1.2355100374525487,Manaca
1685,230,1382,295,1.2826086956521738,3.9487557411193848,1160.9341878890991,51.870785979412524,1.211920402073849,Manaca
1686,226,1362,297,1.3141592920353982,3.9616806507110596,1172.6574726104736,52.54556251791243,1.2421344496303348,Manaca
1687,274,1651,362,1.3211678832116789,3.972895622253418,1434.215319633484,53.13817636861376,1.2532618589958855,Manaca
1688,194,1297,272,1.402061855670103,3.810231924057007,1032.5728514194489,45.16091155366336,1.1485641727828955,Manaca
1689,308,1745,446,1.448051948051948,3.659991502761841,1628.6962187290192,38.861012658649855,1.3465398039398064,Manaca
1690,286,1662,430,1.5034965034965035,2.8226318359375,1210.9090576171875,16.82106274459767,1.0511266500552614,Manaca
1691,353,1791,471,1.3342776203966005,3.320741653442383,1560.74857711792,27.68087256189254,1.2572217935692513,Manaca
1692,328,1744,509,1.5518292682926829,3.1735026836395264,1612.1393632888794,23.891020657592463,1.3336155187148837,Manaca
1693,189,1041,251,1.3280423280423281,3.557910919189453,889.4777297973633,35.089815061952365,1.2327042360805278,Manaca
1694,279,1546,329,1.17921146953405,4.6001081466674805,1508.8354721069336,99.49507512092747,1.4080138765368893,Manaca
1695,311,1715,400,1.2861736334405145,4.240707874298096,1692.0424418449402,69.45700126691402,1.4233826471273163,Manaca
1696,306,1556,350,1.1437908496732025,3.936218023300171,1373.7400901317596,51.2245046143954,1.273706950837691,Manaca
1697,328,1939,433,1.3201219512195121,3.975393295288086,1717.3699035644531,53.27106404474019,1.2777932146696203,Manaca
1698,159,938,216,1.3584905660377358,3.1707065105438232,681.701899766922,23.82431053838597,1.0484946163734794,Manaca
1699,166,1010,199,1.1987951807228916,3.4777567386627197,688.5958342552185,32.386988047530124,0.983597817085943,Manaca
1700,159,927,196,1.2327044025157232,3.681246757507324,717.8431177139282,39.695854338092815,1.1171830701857137,Manaca
1701,166,1000,208,1.2530120481927711,3.711865186691284,768.3560936450958,40.93007761100637,1.1085035259385958,Manaca
1702,163,976,188,1.1533742331288344,3.767103433609009,704.4483420848846,43.25459340390192,1.041295214844585,Manaca
1703,195,1127,253,1.2974358974358975,3.376711845397949,850.9313850402832,29.274354081013104,1.0892941342807396,Manaca
1704,162,955,185,1.1419753086419753,3.6270182132720947,667.3713512420654,37.6005325279179,1.008181506668371,Manaca
1705,164,1066,225,1.3719512195121952,2.88551664352417,646.3557281494141,17.912819747604267,0.8747600409487193,Manaca
1706,322,1908,388,1.204968944099379,3.3006417751312256,1277.3483669757843,27.130044722767114,0.96584075184674,Manaca
1707,245,1345,313,1.2775510204081633,3.535285472869873,1103.0090675354004,34.30480640806663,1.1831269232631092,Manaca
1708,346,2216,445,1.2861271676300579,2.83290696144104,1257.8106908798218,16.994792293358135,0.8188796236955955,Manaca
1709,342,2014,480,1.4035087719298245,3.610445022583008,1729.4031658172607,36.98250720414562,1.2388288833278231,Manaca
1710,323,2009,415,1.284829721362229,3.594574451446533,1488.1538228988647,36.400206636246224,1.0686670683803607,Manaca
1711,92,570,125,1.358695652173913,3.88075852394104,481.21405696868896,48.46095993196932,1.217973918587345,Manaca
1712,347,2135,569,1.6397694524495676,3.2284469604492188,1833.7578735351562,25.24042713448559,1.2391350774427452,Manaca
1713,322,1812,433,1.34472049689441,3.3651750087738037,1453.7556037902832,28.938561358048773,1.1574646800512043,Manaca
1714,303,1716,352,1.1617161716171618,3.5388128757476807,1242.123319387436,34.42602695206972,1.0442920472335617,Manaca
1715,325,1867,392,1.2061538461538461,3.9503066539764404,1544.5699017047882,51.951295463753105,1.193542226832272,Manaca
1716,272,1630,371,1.3639705882352942,3.1546459197998047,1167.2189903259277,23.444734305375317,1.0330926680826005,Manaca
1717,283,1757,424,1.4982332155477032,2.9639687538146973,1253.758782863617,19.374712837024266,1.0294772786046231,Manaca
1718,302,1913,421,1.3940397350993377,2.1636743545532227,908.7432289123535,8.703057098358402,0.6853315994737462,Manaca
1719,201,1153,255,1.2686567164179106,3.549136161804199,901.4805850982666,34.78325739962905,1.1279805460355166,Manaca
1720,234,1606,300,1.2820512820512822,2.8014490604400635,837.633269071579,16.468493331564865,0.7524591303693511,Manaca
1721,318,2110,416,1.3081761006289307,2.760723114013672,1145.7000923156738,15.81127216792653,0.7833629580710191,Manaca
1722,207,1343,240,1.1594202898550725,3.6976354122161865,883.7348635196686,40.351776145224676,0.9493372338499708,Manaca
1723,320,1975,400,1.25,3.014878273010254,1202.9364309310913,20.3866091889365,0.878719201726053,Manaca
1724,289,1866,416,1.439446366782007,2.7219791412353516,1129.621343612671,15.210395996959583,0.8733650109926732,Manaca
1725,358,2131,455,1.270949720670391,3.00630784034729,1364.8637595176697,20.21263371510545,0.9240179152253444,Manaca
1726,300,1915,423,1.41,2.5324301719665527,1068.6855325698853,12.584050414254873,0.8051108710748586,Manaca
1727,223,1458,296,1.3273542600896862,3.4562058448791504,1019.5807242393494,31.69648669337455,1.0088779524321585,Manaca
1728,216,1363,277,1.2824074074074074,3.8587474822998047,1065.014305114746,47.405937392414,1.127286028220726,Manaca
1729,137,858,173,1.2627737226277371,4.061736583709717,698.6186923980713,58.0750757910166,1.1747013088520157,Manaca
1730,396,2203,539,1.3611111111111112,3.0912370681762695,1663.085542678833,22.00428194264621,1.0891172333167876,Manaca
1731,373,1998,548,1.4691689008042896,3.1519553661346436,1724.11958527565,23.38173977264858,1.2449343221104687,Manaca
1732,364,2009,467,1.282967032967033,3.926750659942627,1829.8658075332642,50.74183203991887,1.3140559114089192,Manaca
1733,122,659,159,1.3032786885245902,4.521188735961914,714.3478202819824,91.94483116790468,1.5638635171330144,Manaca
1734,358,2046,526,1.4692737430167597,2.8239755630493164,1482.587170600891,16.843680855538317,1.0454160111004425,Manaca
1735,419,2389,609,1.4534606205250598,3.0918452739715576,1879.841926574707,22.017669145119267,1.1352191817180766,Manaca
1736,367,2157,491,1.337874659400545,3.3348753452301025,1634.0889191627502,28.074883337544488,1.092949457602089,Manaca
1737,287,1782,341,1.1881533101045296,2.980686664581299,1013.4334659576416,19.701340213681984,0.8204688190841771,Manaca
1738,267,1656,358,1.3408239700374531,3.105496883392334,1108.6623873710632,22.32030681013296,0.9658585315702609,Manaca
1739,287,1655,326,1.1358885017421603,2.809056520462036,912.9433691501617,16.59425449118519,0.7958301337071907,Manaca
1740,277,1783,357,1.288808664259928,3.7456259727478027,1333.4428462982178,42.33549979529376,1.0789407636922619,Manaca
1741,274,1740,330,1.2043795620437956,3.254709243774414,1070.7993412017822,25.912079340213825,0.8878372984706783,Manaca
1742,285,1543,387,1.3578947368421053,3.618072986602783,1396.5761728286743,37.26568710843351,1.3057897075590514,Manaca
1743,282,1564,331,1.173758865248227,4.422964572906494,1459.578309059143,83.34299586950745,1.3463723710158086,Manaca
1744,262,1525,293,1.118320610687023,3.8246688842773438,1116.8033142089844,45.81762691774114,1.05652892003781,Manaca
1745,318,1741,382,1.20125786163522,3.307101011276245,1260.0054852962494,27.305851264996768,1.044114684164153,Manaca
1746,253,1416,355,1.4031620553359683,3.716191053390503,1315.531632900238,41.1075191883384,1.3403326009306031,Manaca
1747,270,1470,349,1.2925925925925925,3.4055428504943848,1185.128911972046,30.13064772218316,1.1631153769497982,Manaca
1748,216,1230,307,1.4212962962962963,3.237942934036255,990.810537815094,25.481251183625197,1.1621442677775307,Manaca
1749,250,1441,394,1.576,3.473327875137329,1365.0178549289703,32.24386766173746,1.3666235184114615,Manaca
1750,135,833,176,1.3037037037037038,3.9563305377960205,692.3578441143036,52.26518851033517,1.1991131191167823,Manaca
1751,96,562,129,1.34375,3.04055118560791,389.1905517578125,20.916769080442037,0.9990805675833373,Manaca
1752,162,1029,206,1.271604938271605,3.261591672897339,668.6262929439545,26.091032499533434,0.9374381312324728,Manaca
1753,177,1005,223,1.2598870056497176,3.1683387756347656,703.371208190918,23.767967615515005,1.0097016457324537,Manaca
1754,158,980,191,1.2088607594936709,3.2430362701416016,616.1768913269043,25.611366840385358,0.9070972912527577,Manaca
1755,130,852,201,1.5461538461538462,2.757131576538086,551.4263153076172,15.754587245342837,0.9337324067018465,Manaca
1756,129,753,165,1.2790697674418605,3.3061556816101074,542.2095317840576,27.280050430805215,1.0388353288546968,Manaca
1757,144,961,164,1.1388888888888888,2.0867695808410645,340.1434416770935,8.058839639573415,0.5106381441190917,Manaca
1758,211,1254,297,1.4075829383886256,3.8126380443573,1128.5408611297607,45.26970497227138,1.2983574990370543,Manaca
1759,200,1233,247,1.235,3.737297773361206,919.3752522468567,41.984385416550886,1.0757324550953609,Manaca
1760,80,411,105,1.3125,4.320276260375977,449.30873107910156,75.2094028001988,1.5771666135180846,Manaca
1761,179,1107,218,1.217877094972067,3.1841583251953125,690.9623565673828,24.14695596594779,0.9004950002355149,Manaca
