text_id,num_words,num_bytes,num_tokens,tokens_per_word,average_nll,total_nll,ppl,bpb,model
0,153,999,237,1.5490196078431373,2.8037195205688477,661.677806854248,16.505926868651258,0.9555548454603694,Qwen3.5-9B
1,173,1103,243,1.4046242774566473,2.9622342586517334,716.8606905937195,19.341136618636586,0.9376349622192174,Qwen3.5-9B
2,156,945,211,1.3525641025641026,3.411574602127075,716.4306664466858,30.3129375164853,1.0937470578025488,Qwen3.5-9B
3,169,1018,235,1.3905325443786982,3.450120687484741,807.3282408714294,31.50419424128226,1.1441340368122022,Qwen3.5-9B
4,173,1070,231,1.3352601156069364,3.3042407035827637,759.9753618240356,27.227859721625272,1.024684752991899,Qwen3.5-9B
5,203,1254,293,1.4433497536945812,3.245974540710449,947.8245658874512,25.68673063118397,1.0904480070482938,Qwen3.5-9B
6,157,1009,224,1.4267515923566878,3.2360379695892334,721.636467218399,25.432756511033496,1.031815017423801,Qwen3.5-9B
7,148,1038,230,1.554054054054054,2.8758769035339355,658.5758109092712,17.74097442557611,0.9153410948441554,Qwen3.5-9B
8,189,1236,258,1.3650793650793651,4.251051425933838,1092.5202164649963,70.17916175956007,1.2752212769943263,Qwen3.5-9B
9,178,1149,278,1.5617977528089888,3.797323703765869,1051.8586659431458,44.581710826354126,1.3207234822212857,Qwen3.5-9B
10,162,1014,214,1.3209876543209877,4.102375507354736,873.8059830665588,60.4837967804107,1.2432303337960848,Qwen3.5-9B
11,126,844,232,1.8412698412698412,2.7904205322265625,644.5871429443359,16.28786793512584,1.1018278134438138,Qwen3.5-9B
12,131,826,198,1.5114503816793894,4.198159694671631,827.0374598503113,66.56372068543035,1.4445070725852898,Qwen3.5-9B
13,135,898,180,1.3333333333333333,4.306903839111328,770.9357872009277,74.21036564316509,1.2385581704216122,Qwen3.5-9B
14,236,1472,343,1.4533898305084745,3.952237606048584,1351.6652612686157,52.0517078399227,1.3247559574552425,Qwen3.5-9B
15,202,1331,288,1.4257425742574257,4.619106769561768,1325.6836428642273,101.40341504774139,1.4369325449645654,Qwen3.5-9B
16,89,515,129,1.449438202247191,5.014902114868164,641.907470703125,150.64139049183987,1.7982072324135456,Qwen3.5-9B
17,172,1193,237,1.377906976744186,4.539740085601807,1071.3786602020264,93.66645169593467,1.2956183403082357,Qwen3.5-9B
18,173,1266,294,1.699421965317919,4.358914852142334,1277.1620516777039,78.17225992033902,1.455414975013426,Qwen3.5-9B
19,180,1215,250,1.3888888888888888,4.209353923797607,1048.1291270256042,67.3130364074396,1.2445520113342532,Qwen3.5-9B
20,164,1100,246,1.5,5.113656997680664,1252.8459644317627,166.27732013609204,1.6431587817122315,Qwen3.5-9B
21,180,1241,239,1.3277777777777777,4.914889812469482,1169.7437753677368,136.30428994195145,1.3598578113084347,Qwen3.5-9B
22,190,1257,264,1.3894736842105264,4.935613632202148,1298.066385269165,139.15850847975867,1.4898281119908408,Qwen3.5-9B
23,212,1428,301,1.419811320754717,4.655235767364502,1396.5707302093506,105.13400424422693,1.4109423436440536,Qwen3.5-9B
24,167,1072,209,1.251497005988024,4.862637042999268,1011.4285049438477,129.3648934877608,1.3611780674405107,Qwen3.5-9B
25,172,1252,254,1.4767441860465116,3.788919687271118,958.5966808795929,44.20861533941573,1.1046027777297196,Qwen3.5-9B
26,237,1485,355,1.4978902953586497,4.653338432312012,1647.2818050384521,104.93471892805721,1.6003537313640372,Qwen3.5-9B
27,283,1798,442,1.5618374558303887,3.871183156967163,1707.191772222519,47.99914301849533,1.3698315370588814,Qwen3.5-9B
28,218,1360,314,1.4403669724770642,4.483168125152588,1403.23162317276,88.5146544359323,1.4885553705661114,Qwen3.5-9B
29,255,1621,425,1.6666666666666667,3.938345193862915,1669.858362197876,51.33358384663757,1.486179135181889,Qwen3.5-9B
30,149,958,206,1.3825503355704698,4.775730133056641,979.0246772766113,118.59687451525556,1.4743570426042643,Qwen3.5-9B
31,107,652,237,2.2149532710280373,2.6183314323425293,617.9262180328369,13.71282371125931,1.367299218391482,Qwen3.5-9B
32,182,1268,367,2.0164835164835164,3.7961173057556152,1389.3789339065552,44.527959968102785,1.5807966071471466,Qwen3.5-9B
33,228,1575,454,1.9912280701754386,3.5686845779418945,1616.6141138076782,35.46990455590465,1.4808134381088531,Qwen3.5-9B
34,157,1145,327,2.082802547770701,3.636500120162964,1185.4990391731262,37.95875289863613,1.4937236548416597,Qwen3.5-9B
35,132,936,289,2.1893939393939394,3.8354122638702393,1104.598731994629,46.31251671019832,1.7025631547231714,Qwen3.5-9B
36,112,844,222,1.9821428571428572,4.081062316894531,901.9147720336914,59.20833446689916,1.5416919063003633,Qwen3.5-9B
37,91,628,244,2.681318681318681,2.260502815246582,549.3021841049194,9.587908901723347,1.2619037212701332,Qwen3.5-9B
38,164,966,238,1.451219512195122,2.529345989227295,599.4549994468689,12.5452986925906,0.8952699326481305,Qwen3.5-9B
39,164,1017,223,1.3597560975609757,3.0519020557403564,677.5222563743591,21.155545204553288,0.9611189767582977,Qwen3.5-9B
40,162,911,219,1.3518518518518519,3.2930796146392822,717.8913559913635,26.925656751754225,1.1368806796770512,Qwen3.5-9B
41,167,974,235,1.407185628742515,3.2284252643585205,755.4515118598938,25.239879521829764,1.1189796199099986,Qwen3.5-9B
42,164,960,214,1.3048780487804879,3.4246063232421875,729.4411468505859,30.710552440693064,1.0962095053976026,Qwen3.5-9B
43,200,1129,272,1.36,3.4909069538116455,946.0357844829559,32.815696534840015,1.2088938306262715,Qwen3.5-9B
44,161,934,208,1.2919254658385093,3.3919677734375,702.1373291015625,29.724385616182367,1.0845503669355958,Qwen3.5-9B
45,163,1040,244,1.4969325153374233,2.729923963546753,663.371523141861,15.331721205882907,0.9202334679843471,Qwen3.5-9B
46,250,1538,413,1.652,3.382155418395996,1393.4480323791504,29.434145688478598,1.307100498081849,Qwen3.5-9B
47,300,1731,471,1.57,3.2370545864105225,1521.4156556129456,25.45862502607018,1.268017805594239,Qwen3.5-9B
48,202,1253,326,1.613861386138614,3.7844839096069336,1229.9572706222534,44.012950035648466,1.416163810719912,Qwen3.5-9B
49,234,1487,425,1.8162393162393162,3.6428730487823486,1544.5781726837158,38.20143379399434,1.498557679889801,Qwen3.5-9B
50,125,872,214,1.712,3.4716334342956543,739.4579215049744,32.18927859750885,1.2234085737400078,Qwen3.5-9B
51,116,656,237,2.043103448275862,2.2787067890167236,537.7748022079468,9.76404527075435,1.182690610153122,Qwen3.5-9B
52,184,1107,291,1.5815217391304348,2.829202890396118,820.4688382148743,16.931958816980433,1.0692740055072525,Qwen3.5-9B
53,179,1091,255,1.4245810055865922,3.301938056945801,838.6922664642334,27.16523571016059,1.1090533214114342,Qwen3.5-9B
54,166,938,227,1.3674698795180722,3.6959760189056396,835.2905802726746,40.28487220314972,1.2847223644569854,Qwen3.5-9B
55,175,1013,245,1.4,3.3528809547424316,818.1029529571533,28.584967128026317,1.1651264295833188,Qwen3.5-9B
56,176,1045,241,1.3693181818181819,3.3429510593414307,802.3082542419434,28.302526020518272,1.1076422389082616,Qwen3.5-9B
57,226,1294,327,1.4469026548672566,3.5669424533843994,1162.8232398033142,35.4081653584267,1.2964446070283457,Qwen3.5-9B
58,171,1007,224,1.3099415204678362,3.2718758583068848,729.6283164024353,26.360742009452405,1.0453139560734428,Qwen3.5-9B
59,173,1150,269,1.5549132947976878,2.629379987716675,704.6738367080688,13.86517066046776,0.884025608402548,Qwen3.5-9B
60,161,961,228,1.4161490683229814,2.4791746139526367,562.7726373672485,11.93141233125746,0.8448587857208454,Qwen3.5-9B
61,158,1002,217,1.3734177215189873,3.115682601928711,672.9874420166016,22.548816967383125,0.9689776897983033,Qwen3.5-9B
62,156,899,207,1.3269230769230769,3.137603998184204,646.346423625946,23.048576216467552,1.037242247009421,Qwen3.5-9B
63,160,959,230,1.4375,3.226334810256958,738.8306715488434,25.18717182286753,1.1114779415017506,Qwen3.5-9B
64,156,928,215,1.3782051282051282,3.2910852432250977,704.2922420501709,26.872010504672783,1.0949126346361542,Qwen3.5-9B
65,185,1075,264,1.427027027027027,3.072988271713257,808.1959154605865,21.606372011388327,1.0846327807457712,Qwen3.5-9B
66,155,929,203,1.3096774193548386,3.1411309242248535,634.5084466934204,23.13001036181455,0.9853629595767027,Qwen3.5-9B
67,151,985,233,1.5430463576158941,2.620256185531616,607.899435043335,13.739242929510015,0.8903690358337278,Qwen3.5-9B
68,156,1089,268,1.7179487179487178,3.4213082790374756,913.489310503006,30.609434518536872,1.210180439088857,Qwen3.5-9B
69,149,1086,320,2.1476510067114094,2.882009267807007,919.3609564304352,17.850102808823323,1.2213236580378668,Qwen3.5-9B
70,128,945,230,1.796875,3.502102851867676,801.9815530776978,33.18516211807389,1.2243542957773794,Qwen3.5-9B
71,110,861,295,2.6818181818181817,2.063062906265259,606.5404944419861,7.870038121081229,1.0163216764573673,Qwen3.5-9B
72,108,784,221,2.0462962962962963,3.0278003215789795,666.1160707473755,20.651755369454566,1.2257683060251028,Qwen3.5-9B
73,111,905,216,1.945945945945946,3.0887985229492188,664.091682434082,21.950688877055047,1.0586538971748714,Qwen3.5-9B
74,195,1311,404,2.071794871794872,2.814434766769409,1134.217211008072,16.683742908793544,1.248153734258014,Qwen3.5-9B
75,171,1248,312,1.8245614035087718,3.7284481525421143,1159.5473754405975,41.61447870647792,1.3404433078717655,Qwen3.5-9B
76,64,405,119,1.859375,4.26791524887085,503.61399936676025,71.37268612386455,1.7939788133547716,Qwen3.5-9B
77,161,1179,319,1.9813664596273293,2.9907257556915283,951.050790309906,19.90011987718659,1.1637627301218243,Qwen3.5-9B
78,125,1023,252,2.016,3.279226303100586,823.0858020782471,26.555219059105898,1.1607642276484866,Qwen3.5-9B
79,134,984,259,1.9328358208955223,2.9834787845611572,769.7375264167786,19.756425586020125,1.1285533660036828,Qwen3.5-9B
80,114,949,222,1.9473684210526316,2.860776901245117,632.2316951751709,17.47509808963892,0.961135438695513,Qwen3.5-9B
81,106,822,248,2.339622641509434,2.1263387203216553,525.2056639194489,8.38411396233158,0.9217902758921953,Qwen3.5-9B
82,85,703,196,2.3058823529411763,3.0702223777770996,598.6933636665344,21.546693648117014,1.2286371931363327,Qwen3.5-9B
83,102,884,199,1.9509803921568627,2.861738920211792,566.6243062019348,17.49191755447057,0.924735380774526,Qwen3.5-9B
84,170,1257,342,2.011764705882353,3.189512252807617,1087.6236782073975,24.27658371940808,1.2482969665101242,Qwen3.5-9B
85,163,1224,318,1.950920245398773,3.7897868156433105,1201.3624205589294,44.24696650936261,1.4160127503682425,Qwen3.5-9B
86,67,451,136,2.029850746268657,4.621788501739502,623.9414477348328,101.675716805808,1.9959140409137996,Qwen3.5-9B
87,135,1139,312,2.311111111111111,3.2040388584136963,996.4560849666595,24.631813974702606,1.262144207414426,Qwen3.5-9B
88,224,1438,375,1.6741071428571428,3.2195355892181396,1204.1063103675842,25.016499551057755,1.2080376930948684,Qwen3.5-9B
89,276,1679,439,1.5905797101449275,2.827812910079956,1238.5820546150208,16.90844007659047,1.0642621726784716,Qwen3.5-9B
90,183,1207,297,1.6229508196721312,3.180818796157837,941.5223636627197,24.06645100448008,1.125376673523,Qwen3.5-9B
91,239,1501,423,1.7698744769874477,3.151108980178833,1329.7679896354675,23.361958169099218,1.2781143798667391,Qwen3.5-9B
92,130,873,200,1.5384615384615385,3.4771816730499268,691.9591529369354,32.36836875857158,1.1435120715233043,Qwen3.5-9B
93,97,571,209,2.154639175257732,1.950075626373291,405.61573028564453,7.029219154840272,1.0248332794915145,Qwen3.5-9B
94,188,1312,349,1.8563829787234043,3.7737083435058594,1313.250503540039,43.54123166385479,1.4440701134924914,Qwen3.5-9B
95,227,1539,421,1.854625550660793,3.684661865234375,1547.5579833984375,39.83165170631222,1.4507174971650751,Qwen3.5-9B
96,158,1151,306,1.9367088607594938,4.010356426239014,1223.1587100028992,55.16652985846829,1.5331407516432012,Qwen3.5-9B
97,197,1365,403,2.045685279187817,3.6811344623565674,1479.81605386734,39.69139693642248,1.5640463606903199,Qwen3.5-9B
98,118,882,221,1.8728813559322033,4.380884170532227,963.7945175170898,79.90865505776358,1.576487041788976,Qwen3.5-9B
99,96,615,237,2.46875,2.457324504852295,579.9285831451416,11.673537229289924,1.36042291215164,Qwen3.5-9B
100,162,1033,233,1.4382716049382716,3.0127696990966797,698.9625701904297,20.34366780506548,0.9761760249571511,Qwen3.5-9B
101,193,1114,269,1.3937823834196892,2.720193386077881,729.0118274688721,15.183258191810289,0.9441128799270577,Qwen3.5-9B
102,140,898,189,1.35,2.7636404037475586,519.564395904541,15.857465576919573,0.8347137832894782,Qwen3.5-9B
103,120,840,244,2.033333333333333,2.1082839965820312,512.3130111694336,8.234099411611485,0.8798945721393262,Qwen3.5-9B
104,110,702,184,1.6727272727272726,2.9106554985046387,532.6499562263489,18.36883536564931,1.0946601857229017,Qwen3.5-9B
105,126,930,183,1.4523809523809523,2.6696527004241943,485.87679147720337,14.434955068379615,0.753733373706669,Qwen3.5-9B
106,199,1265,311,1.5628140703517588,2.924396276473999,906.5628457069397,18.622979524481444,1.0339080804392005,Qwen3.5-9B
107,184,1182,252,1.3695652173913044,3.65897798538208,918.4034743309021,38.821646299539594,1.1209611996213087,Qwen3.5-9B
108,77,439,109,1.4155844155844155,4.056173801422119,438.06677055358887,57.75291367766733,1.4396281491022918,Qwen3.5-9B
109,164,1044,220,1.3414634146341464,2.8248724937438965,618.6470761299133,16.85879524717498,0.8549033225987385,Qwen3.5-9B
110,180,1103,292,1.6222222222222222,3.230680227279663,940.127946138382,25.29685873314573,1.2296626706210065,Qwen3.5-9B
111,168,1116,262,1.5595238095238095,3.9972803592681885,1043.2901737689972,54.44986441363679,1.3487003224952665,Qwen3.5-9B
112,159,1015,232,1.4591194968553458,4.3543477058410645,1005.8543200492859,77.81604982357172,1.4296956053121626,Qwen3.5-9B
113,186,1153,256,1.3763440860215055,4.069888114929199,1037.8214693069458,58.55041130848913,1.2985775256697558,Qwen3.5-9B
114,183,1113,273,1.4918032786885247,4.03113317489624,1096.4682235717773,56.32470083494652,1.4212661892536698,Qwen3.5-9B
115,215,1314,318,1.4790697674418605,3.937033176422119,1248.0395169258118,51.266277452568715,1.3702742936851797,Qwen3.5-9B
116,165,1051,244,1.4787878787878788,4.032184600830078,979.820858001709,56.38395323041406,1.3449882900082157,Qwen3.5-9B
117,205,1303,300,1.4634146341463414,3.5653536319732666,1066.0407359600067,35.35195277487949,1.1803312994283366,Qwen3.5-9B
118,138,955,246,1.7826086956521738,3.4255118370056152,839.2504000663757,30.738373863049986,1.2678349636019255,Qwen3.5-9B
119,156,1074,247,1.5833333333333333,3.2504019737243652,799.5988855361938,25.800709040100074,1.0740943639324105,Qwen3.5-9B
120,131,860,213,1.6259541984732824,4.03181791305542,854.745397567749,56.36328171430531,1.4338801701089035,Qwen3.5-9B
121,145,1082,263,1.813793103448276,3.7219855785369873,975.1602215766907,41.346409200652346,1.3002392012392554,Qwen3.5-9B
122,133,972,243,1.8270676691729324,3.854764461517334,932.8529996871948,47.21749409448262,1.3845909429291252,Qwen3.5-9B
123,161,1147,285,1.7701863354037266,3.7132911682128906,1054.574691772461,40.98848477923168,1.3264426138335979,Qwen3.5-9B
124,137,938,229,1.6715328467153285,3.764965295791626,858.4120874404907,43.162207923610154,1.3202845006285067,Qwen3.5-9B
125,129,1005,247,1.9147286821705427,3.0185563564300537,742.5648636817932,20.461730905461216,1.0659648222608082,Qwen3.5-9B
126,230,1355,323,1.4043478260869566,4.298351287841797,1384.0691146850586,73.57838406593761,1.4736454966817063,Qwen3.5-9B
127,267,1510,355,1.3295880149812733,3.9111428260803223,1384.544560432434,49.956010394819764,1.3228315041229552,Qwen3.5-9B
128,185,1130,254,1.372972972972973,4.331265449523926,1095.8101587295532,76.04045106329498,1.3990441431459066,Qwen3.5-9B
129,229,1354,377,1.6462882096069869,3.875101327896118,1457.0380992889404,48.18758078990844,1.5524827475852552,Qwen3.5-9B
130,130,811,184,1.4153846153846155,4.103231906890869,750.891438961029,60.535617262268126,1.3357673923983409,Qwen3.5-9B
131,91,547,155,1.7032967032967032,3.0438601970672607,468.75447034835815,20.98609755011245,1.236324953868572,Qwen3.5-9B
132,308,1973,485,1.5746753246753247,1.8734972476959229,906.7726678848267,6.511027303552887,0.6630493822458664,Qwen3.5-9B
133,186,1094,258,1.3870967741935485,3.23921799659729,832.4790251255035,25.5137620953363,1.0978184288781012,Qwen3.5-9B
134,225,1567,334,1.4844444444444445,2.356759786605835,784.801008939743,10.55669004678921,0.7225453246215842,Qwen3.5-9B
135,311,2053,467,1.5016077170418007,2.2289891242980957,1038.7089319229126,9.290469820857783,0.7299270457926245,Qwen3.5-9B
136,179,1229,248,1.3854748603351956,3.454763412475586,853.3265628814697,31.650799612073545,1.0017005699983081,Qwen3.5-9B
137,320,1968,462,1.44375,2.4283037185668945,1119.4480142593384,11.339630551849346,0.8206413103175534,Qwen3.5-9B
138,283,1863,464,1.6395759717314489,1.927985429763794,892.6572539806366,6.875644810438409,0.6912679514393045,Qwen3.5-9B
139,333,2045,456,1.3693693693693694,2.4031190872192383,1093.4191846847534,11.057612305614528,0.7713791859939108,Qwen3.5-9B
140,312,1957,488,1.564102564102564,1.9565949440002441,952.8617377281189,7.075194568507271,0.7024470637062837,Qwen3.5-9B
141,201,1240,298,1.4825870646766168,2.929074764251709,869.9352049827576,18.710311036983775,1.0121380694543132,Qwen3.5-9B
142,179,1105,253,1.4134078212290502,3.203932046890259,807.3908758163452,24.629183153630443,1.0541346720355096,Qwen3.5-9B
143,96,630,136,1.4166666666666667,4.066925048828125,549.0348815917969,58.377179345160656,1.2572855570595947,Qwen3.5-9B
144,317,1721,454,1.4321766561514195,3.1760404109954834,1438.746306180954,23.95172654919874,1.2060849279631474,Qwen3.5-9B
145,311,1749,469,1.5080385852090032,3.33254337310791,1559.630298614502,28.009489769890596,1.286489935638259,Qwen3.5-9B
146,329,1820,428,1.3009118541033435,3.820119857788086,1631.1911792755127,45.60967466797108,1.2930282555398913,Qwen3.5-9B
147,102,494,116,1.1372549019607843,5.2101850509643555,599.1712808609009,183.12794306087164,1.7498409626338258,Qwen3.5-9B
148,310,1849,501,1.6161290322580646,2.6844913959503174,1342.2456979751587,14.650748055235951,1.0472964911429459,Qwen3.5-9B
149,302,1821,518,1.7152317880794703,2.6845362186431885,1387.9052250385284,14.6514047559338,1.0995738524914695,Qwen3.5-9B
150,304,1782,425,1.3980263157894737,3.251133680343628,1378.4806804656982,25.819594498151123,1.1160085531252002,Qwen3.5-9B
151,156,1212,435,2.7884615384615383,2.565469741821289,1113.4138679504395,13.00676675718138,1.3253437836213682,Qwen3.5-9B
152,168,1101,416,2.4761904761904763,3.1521735191345215,1308.1520104408264,23.386841125739856,1.714136619611179,Qwen3.5-9B
153,158,1134,402,2.5443037974683542,2.5028018951416016,1003.6235599517822,12.216675896081457,1.2768278067564052,Qwen3.5-9B
154,123,865,331,2.6910569105691056,2.21417236328125,730.6768798828125,9.153829929869733,1.218663481039485,Qwen3.5-9B
155,129,910,327,2.5348837209302326,2.7462501525878906,895.2775497436523,15.584084242464987,1.4193543749828457,Qwen3.5-9B
156,149,1145,378,2.5369127516778525,2.1938655376434326,827.0873076915741,8.969819360126277,1.0421264254924352,Qwen3.5-9B
157,209,1266,443,2.1196172248803826,2.913632392883301,1287.825517654419,18.423598920608917,1.4675667360586828,Qwen3.5-9B
158,199,1271,428,2.150753768844221,3.3617873191833496,1435.4831852912903,28.840692363459453,1.6293976968522719,Qwen3.5-9B
159,85,486,175,2.0588235294117645,3.2792372703552246,570.5872850418091,26.55551029855235,1.6937930998438588,Qwen3.5-9B
160,179,1242,417,2.329608938547486,2.781376361846924,1157.0525665283203,16.14122182818766,1.3440209337989173,Qwen3.5-9B
161,317,1779,453,1.4290220820189274,3.3025882244110107,1492.7698774337769,27.18290340546206,1.2105743110523528,Qwen3.5-9B
162,312,1641,410,1.314102564102564,2.693735361099243,1101.7377626895905,14.786806952655757,0.9685993946327689,Qwen3.5-9B
163,326,1795,448,1.3742331288343559,3.149945020675659,1408.0254242420197,23.3347816151479,1.1316720317546187,Qwen3.5-9B
164,338,1760,462,1.3668639053254439,3.131751537322998,1443.737458705902,22.914079279175883,1.1834504954662726,Qwen3.5-9B
165,213,1095,268,1.2582159624413145,2.895326852798462,773.0522696971893,18.089413050370172,1.0185193386667513,Qwen3.5-9B
166,296,1566,377,1.2736486486486487,3.6602585315704346,1376.2572078704834,38.87139105416446,1.2678923683157328,Qwen3.5-9B
167,326,1755,446,1.3680981595092025,3.422264575958252,1522.9077363014221,30.63872022719834,1.2519039537854695,Qwen3.5-9B
168,310,1571,342,1.103225806451613,3.778057813644409,1288.3177144527435,43.731025402664116,1.1830996675559369,Qwen3.5-9B
169,336,1879,465,1.3839285714285714,2.996778726577759,1390.50532913208,20.02094001493544,1.0676291339374815,Qwen3.5-9B
170,257,1736,408,1.5875486381322956,2.6129064559936523,1063.4529275894165,13.638633389274403,0.8837778023341596,Qwen3.5-9B
171,261,1525,373,1.4291187739463602,2.875188112258911,1069.569977760315,17.72875880467085,1.0118447887203443,Qwen3.5-9B
172,262,1640,353,1.3473282442748091,2.314300298690796,814.6337051391602,10.117840974833117,0.7166268332593101,Qwen3.5-9B
173,284,1582,412,1.4507042253521127,2.6712851524353027,1097.8981976509094,14.458538684134405,1.0012214191857765,Qwen3.5-9B
174,263,1517,397,1.5095057034220531,3.372859477996826,1335.6523532867432,29.161795461445195,1.2702300767557404,Qwen3.5-9B
175,265,1434,345,1.3018867924528301,3.8379669189453125,1320.2606201171875,46.430980468645174,1.3282660037127294,Qwen3.5-9B
176,269,1419,357,1.3271375464684014,3.475069284439087,1237.124665260315,32.300066351066526,1.257782677612738,Qwen3.5-9B
177,264,1453,382,1.446969696969697,3.615565776824951,1377.5305609703064,37.172371243444914,1.3677608458257764,Qwen3.5-9B
178,217,1294,314,1.4470046082949308,3.4299893379211426,1073.5866627693176,30.876313542232214,1.1969537514233588,Qwen3.5-9B
179,217,1416,538,2.47926267281106,4.340663433074951,2330.936263561249,76.75844654188484,2.374880076319254,Qwen3.5-9B
180,260,1619,644,2.476923076923077,3.49519419670105,2247.409868478775,32.95668741158048,2.00267268196371,Qwen3.5-9B
181,176,1219,465,2.6420454545454546,3.889277935028076,1804.6249618530273,48.87558243328479,2.135786286406725,Qwen3.5-9B
182,214,1380,569,2.6588785046728973,3.7127277851104736,2108.829381942749,40.96539906317517,2.204636008267929,Qwen3.5-9B
183,121,826,314,2.5950413223140494,3.9551289081573486,1237.9553482532501,52.20242282885431,2.16221796824084,Qwen3.5-9B
184,83,570,266,3.2048192771084336,3.1212003231048584,827.1180856227875,22.67357893660699,2.093472211153629,Qwen3.5-9B
185,244,1421,357,1.4631147540983607,3.6659607887268066,1305.0820407867432,39.09367889086427,1.3250073104829572,Qwen3.5-9B
186,283,1583,406,1.4346289752650176,3.243299722671509,1313.536387681961,25.618115108658984,1.1971146130991586,Qwen3.5-9B
187,199,1221,289,1.4522613065326633,3.3874289989471436,975.5795516967773,29.58977903853641,1.1527139895377714,Qwen3.5-9B
188,240,1434,405,1.6875,3.526660919189453,1424.771011352539,34.01021494967283,1.4334100923853983,Qwen3.5-9B
189,142,854,192,1.352112676056338,3.598888874053955,687.3877749443054,36.55759177954895,1.1612306019670355,Qwen3.5-9B
190,93,570,204,2.193548387096774,1.98878812789917,403.7239899635315,7.306673640791738,1.0218431547513904,Qwen3.5-9B
191,224,1790,655,2.924107142857143,2.3935835361480713,1565.4036326408386,10.95267300094651,1.261676009944417,Qwen3.5-9B
192,221,1584,566,2.5610859728506785,2.4139437675476074,1363.8782286643982,11.17795759857415,1.242209821256661,Qwen3.5-9B
193,212,1610,582,2.7452830188679247,1.999345302581787,1161.6196208000183,7.384220086214907,1.0409086126257794,Qwen3.5-9B
194,244,1631,595,2.4385245901639343,2.3876595497131348,1418.269772529602,10.887981320170928,1.2545253019443134,Qwen3.5-9B
195,228,1575,589,2.5833333333333335,2.600982904434204,1529.377947807312,13.47697810861485,1.4009053847279676,Qwen3.5-9B
196,231,1408,518,2.242424242424242,2.8921942710876465,1495.2644381523132,18.03283514960468,1.5321097938494066,Qwen3.5-9B
197,221,1437,533,2.411764705882353,2.6737358570098877,1422.4274759292603,14.494015745171186,1.4280647637768609,Qwen3.5-9B
198,242,1484,545,2.2520661157024793,3.2041661739349365,1743.0663986206055,24.63495018657788,1.6945507070283912,Qwen3.5-9B
199,206,1383,518,2.5145631067961167,2.58526873588562,1336.5839364528656,13.266853890681356,1.3942755002548073,Qwen3.5-9B
200,233,1373,377,1.6180257510729614,3.7445056438446045,1407.9341220855713,42.28809666974569,1.4794024587263002,Qwen3.5-9B
201,272,1501,408,1.5,3.5220344066619873,1433.4680035114288,33.85322969129598,1.3777862624509938,Qwen3.5-9B
202,195,1155,306,1.5692307692307692,3.6149682998657227,1102.5653314590454,37.15016824165857,1.3771995982268928,Qwen3.5-9B
203,230,1375,419,1.8217391304347825,3.5055813789367676,1465.3330163955688,33.30079860852336,1.5374754007307296,Qwen3.5-9B
204,131,821,205,1.5648854961832062,3.5595006942749023,726.1381416320801,35.14564434193155,1.2759998732435196,Qwen3.5-9B
205,96,578,206,2.1458333333333335,2.619656801223755,537.0296442508698,13.731010310394,1.3404325338600243,Qwen3.5-9B
206,454,1834,685,1.5088105726872247,2.8704915046691895,1963.4161891937256,17.64568900732975,1.5444988000822764,Qwen3.5-9B
207,323,1333,489,1.5139318885448916,3.1452293395996094,1534.8719177246094,23.225001275045734,1.661179372919,Qwen3.5-9B
208,487,2119,810,1.6632443531827514,2.324558734893799,1880.5680165290833,10.222168404213889,1.2803615627658813,Qwen3.5-9B
209,463,2041,710,1.5334773218142548,2.888324022293091,2047.8217318058014,17.963178472387927,1.4475170294467803,Qwen3.5-9B
210,494,2220,710,1.437246963562753,3.1128029823303223,2206.9773144721985,22.483978352201483,1.4342320842087761,Qwen3.5-9B
211,137,579,215,1.5693430656934306,2.4310829639434814,520.251754283905,11.37119000304789,1.2963119618638572,Qwen3.5-9B
212,500,2390,970,1.94,1.8973734378814697,1838.5548613071442,6.668356567450084,1.1098217492929343,Qwen3.5-9B
213,414,1844,669,1.6159420289855073,2.347566604614258,1568.1744918823242,10.460085207271499,1.226896725969197,Qwen3.5-9B
214,419,1767,626,1.494033412887828,2.4486422538757324,1530.4014086723328,11.572623362957177,1.249520386452212,Qwen3.5-9B
215,454,1883,691,1.5220264317180616,2.797680377960205,1930.3994607925415,16.406545613236997,1.4790110085077688,Qwen3.5-9B
216,406,1759,691,1.7019704433497538,2.225883722305298,1535.8597683906555,9.261663927450643,1.2596800860477946,Qwen3.5-9B
217,433,1883,700,1.6166281755196306,2.2261691093444824,1556.0922074317932,9.264307463494342,1.1922286302856124,Qwen3.5-9B
218,348,2029,546,1.5689655172413792,2.8454792499542236,1550.7861912250519,17.20980449087717,1.102667100817874,Qwen3.5-9B
219,347,1899,499,1.4380403458213256,2.3269472122192383,1158.8197116851807,10.246613002727809,0.8803704325079456,Qwen3.5-9B
220,362,2125,555,1.5331491712707181,2.7228951454162598,1508.483910560608,15.224335166480193,1.0241328268360375,Qwen3.5-9B
221,381,1971,536,1.4068241469816274,2.7239832878112793,1457.3310589790344,15.240910427497438,1.0667094326344568,Qwen3.5-9B
222,215,1202,314,1.4604651162790698,2.7145681381225586,849.6598272323608,15.098088374969231,1.0198003487443432,Qwen3.5-9B
223,315,1793,449,1.4253968253968254,3.34373140335083,1497.9916687011719,28.32462034661559,1.2053235648232927,Qwen3.5-9B
224,349,1972,518,1.484240687679083,3.070164918899536,1587.2752630710602,21.545455634852555,1.1612343562669083,Qwen3.5-9B
225,341,1859,448,1.313782991202346,3.155975580215454,1410.721084356308,23.475928574833294,1.0948038259700628,Qwen3.5-9B
226,381,2167,566,1.4855643044619422,2.7182857990264893,1535.8314764499664,15.154322412619015,1.0224902882858982,Qwen3.5-9B
227,153,1098,266,1.738562091503268,2.5595247745513916,678.2740652561188,12.929671346432311,0.8912045813375225,Qwen3.5-9B
228,183,1097,272,1.4863387978142077,2.836548328399658,768.7045969963074,17.056789377045327,1.0109446763857082,Qwen3.5-9B
229,166,1075,227,1.3674698795180722,2.6124181747436523,590.4065074920654,13.631975525902002,0.7923502702022097,Qwen3.5-9B
230,133,891,252,1.894736842105263,1.9493296146392822,489.28173327445984,7.023977230381528,0.7922383054911557,Qwen3.5-9B
231,124,832,213,1.717741935483871,2.375905990600586,503.6920700073242,10.7607579166203,0.8734063119407011,Qwen3.5-9B
232,163,1159,243,1.49079754601227,2.1437480449676514,518.7870268821716,8.531353677348728,0.6457734865922679,Qwen3.5-9B
233,218,1282,310,1.4220183486238531,2.841193675994873,877.9288458824158,17.136208414259926,0.9879747209110236,Qwen3.5-9B
234,210,1330,300,1.4285714285714286,3.2737975120544434,978.8654561042786,26.41144693117132,1.0618077738489895,Qwen3.5-9B
235,98,507,132,1.346938775510204,3.4642562866210938,453.8175735473633,31.952687293238608,1.2913616623768116,Qwen3.5-9B
236,190,1198,262,1.3789473684210527,2.799210786819458,730.5940153598785,16.431673559104265,0.8798200023896928,Qwen3.5-9B
237,323,1972,445,1.3777089783281733,2.843790054321289,1262.6427841186523,17.18075830354058,0.9237365532769847,Qwen3.5-9B
238,231,1293,319,1.380952380952381,3.6772122383117676,1169.353491783142,39.53602328930099,1.304733552700489,Qwen3.5-9B
239,334,2165,486,1.4550898203592815,2.19390606880188,1064.0444433689117,8.970182924663801,0.7090492571518645,Qwen3.5-9B
240,316,1981,477,1.509493670886076,3.27425217628479,1558.54403591156,26.42345800165777,1.1350347055106906,Qwen3.5-9B
241,306,2064,439,1.434640522875817,3.2052085399627686,1403.8813405036926,24.660642209669472,0.9812851976459436,Qwen3.5-9B
242,85,538,112,1.3176470588235294,3.418546199798584,379.4586281776428,30.525005488450915,1.0175521953427777,Qwen3.5-9B
243,313,1841,498,1.5910543130990416,3.230747699737549,1605.6816067695618,25.298565631964927,1.2582883711749426,Qwen3.5-9B
244,323,1720,393,1.21671826625387,3.5644681453704834,1397.2715129852295,35.3206629497201,1.1719980712553544,Qwen3.5-9B
245,312,1772,363,1.1634615384615385,3.1422910690307617,1137.5093669891357,23.156860094974142,0.9261168864108184,Qwen3.5-9B
246,313,1774,373,1.1916932907348243,4.079559326171875,1517.5960693359375,59.1194117312544,1.234176055977193,Qwen3.5-9B
247,312,1807,406,1.3012820512820513,2.870457172393799,1162.5351548194885,17.645083201074705,0.9281592156708132,Qwen3.5-9B
248,317,1755,419,1.3217665615141956,3.0380163192749023,1269.8908214569092,20.86381501080379,1.0439117895078605,Qwen3.5-9B
249,261,1938,830,3.1800766283524906,2.816840887069702,2335.161095380783,16.72393433460363,1.7383515644905552,Qwen3.5-9B
250,162,1217,487,3.006172839506173,3.6844372749328613,1790.6365156173706,39.82270690814077,2.1227135752800934,Qwen3.5-9B
251,192,1563,650,3.3854166666666665,3.041875123977661,1974.176955461502,20.94447993328186,1.8222234827137433,Qwen3.5-9B
252,262,2126,891,3.400763358778626,2.951842784881592,2627.1400785446167,19.141194351381532,1.7827666806382692,Qwen3.5-9B
253,132,1165,490,3.712121212121212,3.4243953227996826,1674.5293128490448,30.704073184125548,2.0736782278716914,Qwen3.5-9B
254,232,1886,762,3.2844827586206895,3.0845630168914795,2347.352455854416,21.857913215977778,1.7956064407633592,Qwen3.5-9B
255,218,1682,674,3.091743119266055,3.000222682952881,2019.1498656272888,20.09001012789465,1.731877228271169,Qwen3.5-9B
256,252,1953,792,3.142857142857143,3.129570245742798,2475.490064382553,22.864151464333755,1.8286621810827497,Qwen3.5-9B
257,257,1980,834,3.245136186770428,2.754951000213623,2294.874183177948,15.720270594030373,1.6721230320883516,Qwen3.5-9B
258,164,1361,550,3.3536585365853657,3.62068247795105,1987.7546803951263,37.36305858629089,2.1070711388022594,Qwen3.5-9B
259,152,1145,469,3.085526315789474,3.615947961807251,1692.2636461257935,37.18658068063443,2.1322448647531513,Qwen3.5-9B
260,90,666,266,2.9555555555555557,4.039790630340576,1070.5445170402527,56.814446338852576,2.3190229215988634,Qwen3.5-9B
261,274,1931,767,2.7992700729927007,3.4286813735961914,2626.3699321746826,30.83595482526767,1.962222100822526,Qwen3.5-9B
262,273,1841,747,2.7362637362637363,3.2798871994018555,2446.795850753784,26.572775105885636,1.917425442667125,Qwen3.5-9B
263,268,1897,739,2.7574626865671643,3.623035192489624,2673.7999720573425,37.45106668580439,2.033462287831406,Qwen3.5-9B
264,82,546,216,2.6341463414634148,4.472405433654785,961.5671682357788,87.56710674556216,2.54074759174982,Qwen3.5-9B
265,262,1885,768,2.931297709923664,3.049659013748169,2339.0884635448456,21.108145607808027,1.7902341254942884,Qwen3.5-9B
266,264,1885,737,2.7916666666666665,3.1526834964752197,2320.3750534057617,23.39877092648997,1.7759117148811436,Qwen3.5-9B
267,259,1901,766,2.9575289575289574,3.098090648651123,2370.039346218109,22.155608030156046,1.79865545055265,Qwen3.5-9B
268,251,1529,588,2.3426294820717133,3.2202601432800293,1890.2927041053772,25.03463192557128,1.783594447378297,Qwen3.5-9B
269,290,1510,582,2.0068965517241377,3.276876211166382,1903.8650786876678,26.492885126908547,1.8190044420823672,Qwen3.5-9B
270,214,1246,499,2.3317757009345796,3.2030110359191895,1595.0994958877563,24.606509848521593,1.8469037981073448,Qwen3.5-9B
271,309,1451,561,1.8155339805825244,2.9900457859039307,1674.4256401062012,19.886592996356864,1.6648418796130564,Qwen3.5-9B
272,335,1516,585,1.7462686567164178,2.8331222534179688,1654.5433959960938,16.99845152967644,1.5745392825456128,Qwen3.5-9B
273,322,1384,524,1.6273291925465838,3.0199623107910156,1579.4402885437012,20.490519398171813,1.6464238957097046,Qwen3.5-9B
274,309,1340,507,1.6407766990291262,2.866088628768921,1450.240846157074,17.568168011348938,1.561384534959272,Qwen3.5-9B
275,345,1480,553,1.6028985507246376,2.87196946144104,1585.327142715454,17.671787854625386,1.5453673020150376,Qwen3.5-9B
276,267,1135,435,1.6292134831460674,2.962146043777466,1285.5713829994202,19.33943051795442,1.6340858669268985,Qwen3.5-9B
277,255,1692,808,3.168627450980392,2.5799872875213623,2082.0497410297394,13.196970392387795,1.7752735438934726,Qwen3.5-9B
278,286,1835,894,3.125874125874126,2.1461613178253174,1916.5220568180084,8.551967024428782,1.5067884834472245,Qwen3.5-9B
279,223,1372,620,2.780269058295964,2.5714004039764404,1591.6968500614166,13.08413469131844,1.6737122100453279,Qwen3.5-9B
280,259,1554,730,2.8185328185328187,2.612806797027588,1904.7361550331116,13.637274244898881,1.7683097844711595,Qwen3.5-9B
281,138,912,413,2.9927536231884058,2.70450758934021,1114.2571268081665,14.94695483825378,1.7626460867558407,Qwen3.5-9B
282,93,638,379,4.075268817204301,2.559830904006958,967.6160817146301,12.933630105597725,2.1880484679844936,Qwen3.5-9B
283,332,1914,405,1.2198795180722892,3.3202199935913086,1341.3688774108887,27.666436327763545,1.0110690843487382,Qwen3.5-9B
284,234,1247,287,1.2264957264957266,4.227682590484619,1209.117220878601,68.55817058274371,1.3988672160505238,Qwen3.5-9B
285,335,2079,446,1.3313432835820895,2.3370859622955322,1040.0032532215118,10.351029281922374,0.7216967464795884,Qwen3.5-9B
286,335,1910,423,1.2626865671641792,3.754918098449707,1584.5754375457764,42.73071995502311,1.1968895945873042,Qwen3.5-9B
287,310,1991,383,1.235483870967742,3.7870945930480957,1446.6701345443726,44.12800403494114,1.0482691255195058,Qwen3.5-9B
288,88,508,105,1.1931818181818181,4.133915901184082,429.92725372314453,62.4218828865911,1.2209722773413223,Qwen3.5-9B
289,316,1815,427,1.3512658227848102,3.7680611610412598,1605.1940546035767,43.29603935837148,1.2759258965515305,Qwen3.5-9B
290,306,1598,335,1.0947712418300655,4.247404098510742,1418.632968902588,69.92366160794245,1.280760168383824,Qwen3.5-9B
291,309,1648,321,1.0388349514563107,3.639235019683838,1164.5552062988281,38.06270836283011,1.0194769544713247,Qwen3.5-9B
292,315,1703,351,1.1142857142857143,4.450863361358643,1557.802176475525,85.70090291895211,1.3196908248310473,Qwen3.5-9B
293,311,1703,361,1.1607717041800643,3.3951776027679443,1222.26393699646,29.81994911016634,1.0354398828903189,Qwen3.5-9B
294,310,1671,356,1.1483870967741936,3.725998640060425,1322.7295172214508,41.512668265346726,1.142007968242274,Qwen3.5-9B
295,278,1890,406,1.460431654676259,2.6099748611450195,1057.039818763733,13.598708991560695,0.8068709547897387,Qwen3.5-9B
296,255,1737,433,1.6980392156862745,2.4724643230438232,1068.1045875549316,11.851617107561864,0.8871325225194309,Qwen3.5-9B
297,284,1769,396,1.3943661971830985,2.6035571098327637,1028.4050583839417,13.511715309581179,0.8387082406758832,Qwen3.5-9B
298,270,1790,431,1.5962962962962963,3.4677207469940186,1491.119921207428,32.06357808964568,1.2018052042998313,Qwen3.5-9B
299,298,1997,409,1.3724832214765101,3.0450336933135986,1242.3737468719482,21.01073911237539,0.8975295160454682,Qwen3.5-9B
300,283,1562,381,1.3462897526501767,3.797358751296997,1442.996325492859,44.583273332632885,1.3327808212609116,Qwen3.5-9B
301,292,1675,360,1.2328767123287672,4.30341100692749,1544.924551486969,73.95161344174268,1.330659694912153,Qwen3.5-9B
302,264,1594,345,1.3068181818181819,3.3874125480651855,1165.2699165344238,29.589292264578226,1.054660683739843,Qwen3.5-9B
303,332,1825,438,1.319277108433735,2.9556751251220703,1291.6300296783447,19.214690662227635,1.0210565690302535,Qwen3.5-9B
304,145,1074,401,2.7655172413793103,3.2254457473754883,1290.1782989501953,25.164788794744716,1.73308550629237,Qwen3.5-9B
305,144,1028,406,2.8194444444444446,3.445002555847168,1395.226035118103,31.343363555413987,1.958060001735465,Qwen3.5-9B
306,127,910,373,2.937007874015748,4.251977920532227,1581.7357864379883,70.24421250377806,2.507650961638121,Qwen3.5-9B
307,157,1162,486,3.0955414012738856,4.533936500549316,2198.9592027664185,93.12442484776945,2.73014417981778,Qwen3.5-9B
308,126,988,413,3.2777777777777777,4.314481258392334,1777.5662784576416,74.77482456880779,2.595633658686528,Qwen3.5-9B
309,212,1463,631,2.9764150943396226,3.7691304683685303,2374.552195072174,43.342360892063134,2.341595814191817,Qwen3.5-9B
310,251,1693,763,3.039840637450199,2.8735363483428955,2189.6346974372864,17.699499252190503,1.8659037917018186,Qwen3.5-9B
311,133,943,368,2.7669172932330826,4.001506805419922,1468.5529975891113,54.6804808342031,2.246738204564616,Qwen3.5-9B
312,160,1069,371,2.31875,2.758087396621704,1020.4923367500305,15.769652995167181,1.377230340032235,Qwen3.5-9B
313,161,1128,407,2.527950310559006,2.6826183795928955,1089.1430621147156,14.623332647248702,1.3929976015350358,Qwen3.5-9B
314,130,889,326,2.5076923076923077,2.9646694660186768,963.51757645607,19.388293692337616,1.5636243299915913,Qwen3.5-9B
315,154,1080,390,2.5324675324675323,3.0224533081054688,1175.7343368530273,20.541624852312854,1.5705797196117932,Qwen3.5-9B
316,136,1024,376,2.764705882352941,2.835000991821289,1063.1253719329834,17.030417191518147,1.4978180682919433,Qwen3.5-9B
317,175,1214,439,2.5085714285714285,2.8801469802856445,1261.5043773651123,17.816891719004808,1.4991483602012907,Qwen3.5-9B
318,153,1029,354,2.3137254901960786,2.726182699203491,962.3424928188324,15.27446834982991,1.3492388163522375,Qwen3.5-9B
319,123,1041,369,3.0,2.393468141555786,880.7962760925293,10.951409194630743,1.2206728333834374,Qwen3.5-9B
320,175,1029,228,1.302857142857143,2.855168104171753,648.1231596469879,17.377358168538702,0.9086920002993153,Qwen3.5-9B
321,177,1036,234,1.3220338983050848,3.1240992546081543,727.9151263237,22.739403453163135,1.0136675124857772,Qwen3.5-9B
322,160,933,214,1.3375,3.0725505352020264,654.4532639980316,21.59691618321532,1.011979076595451,Qwen3.5-9B
323,185,1061,253,1.3675675675675676,3.2660858631134033,823.0536375045776,26.208554447708217,1.1191474092492713,Qwen3.5-9B
324,169,978,220,1.301775147928994,3.7544474601745605,822.2239937782288,42.710613974380855,1.2129023295744055,Qwen3.5-9B
325,215,1248,253,1.1767441860465115,3.756573438644409,946.6565065383911,42.80151240994611,1.09434026234632,Qwen3.5-9B
326,172,1015,199,1.1569767441860466,3.3535377979278564,664.0004839897156,28.603749136631855,0.9437933058126445,Qwen3.5-9B
327,175,1129,228,1.302857142857143,2.789609909057617,633.2414493560791,16.274669962019008,0.8091889270782595,Qwen3.5-9B
328,173,985,237,1.369942196531792,3.170072317123413,748.1370668411255,23.80920610746832,1.0957701890730018,Qwen3.5-9B
329,168,1004,249,1.4821428571428572,3.3401618003845215,828.3601264953613,28.223692940359733,1.1903098073356697,Qwen3.5-9B
330,153,892,215,1.4052287581699345,3.3413913249969482,715.0577435493469,28.258416007542014,1.1565137450312726,Qwen3.5-9B
331,176,999,268,1.5227272727272727,3.3962185382843018,906.7903497219086,29.851005915552665,1.3095314721419082,Qwen3.5-9B
332,163,920,215,1.3190184049079754,4.036583423614502,863.8288526535034,56.63252255395134,1.3546104368478395,Qwen3.5-9B
333,205,1132,267,1.302439024390244,3.9194982051849365,1042.5865225791931,50.37516044050425,1.3287406411861054,Qwen3.5-9B
334,163,942,196,1.2024539877300613,3.855377435684204,751.7985999584198,47.24644607108721,1.1513971463983843,Qwen3.5-9B
335,162,1002,226,1.3950617283950617,3.1838159561157227,716.3585901260376,24.138690209909214,1.0314241371986468,Qwen3.5-9B
336,319,1995,472,1.4796238244514106,3.115668773651123,1467.479992389679,22.54850515823872,1.0612160940473,Qwen3.5-9B
337,230,1344,337,1.4652173913043478,3.8235764503479004,1284.7216873168945,45.76760151722712,1.3790636958441855,Qwen3.5-9B
338,318,2243,535,1.6823899371069182,2.10416841506958,1123.6259336471558,8.2002809433675,0.7227149185407861,Qwen3.5-9B
339,308,2019,492,1.5974025974025974,3.621802806854248,1778.3051781654358,37.40494095737175,1.270704339636671,Qwen3.5-9B
340,296,2149,463,1.5641891891891893,3.2499935626983643,1501.4970259666443,25.790173897530085,1.0080047991026548,Qwen3.5-9B
341,84,565,120,1.4285714285714286,3.767608404159546,448.34540009498596,43.27644121553283,1.1448242218095832,Qwen3.5-9B
342,312,1930,509,1.6314102564102564,3.2010281085968018,1626.1222791671753,24.557765272282353,1.2155432891365505,Qwen3.5-9B
343,298,1728,391,1.3120805369127517,3.760287046432495,1466.511948108673,42.96075594077265,1.2243805063314788,Qwen3.5-9B
344,298,1812,389,1.3053691275167785,3.179950714111328,1233.8208770751953,24.0455684156515,0.9823550003872272,Qwen3.5-9B
345,300,1813,397,1.3233333333333333,4.1232686042785645,1632.8143672943115,61.76078426817135,1.2993122947533116,Qwen3.5-9B
346,303,1825,409,1.3498349834983498,3.022584915161133,1233.2146453857422,20.544328452980782,0.9748781661641929,Qwen3.5-9B
347,309,1821,415,1.343042071197411,3.2363197803497314,1339.8363890647888,25.439924745482795,1.0614911115356105,Qwen3.5-9B
348,277,1831,695,2.509025270758123,2.878049612045288,1997.36643075943,17.779562296628157,1.5737797075339806,Qwen3.5-9B
349,278,1730,645,2.320143884892086,2.5395708084106445,1635.483600616455,12.674230130362403,1.363875190788778,Qwen3.5-9B
350,272,1781,703,2.5845588235294117,2.886218547821045,2026.1254205703735,17.925397246338083,1.6412583360336572,Qwen3.5-9B
351,260,1650,650,2.5,3.047179937362671,1977.6197793483734,21.055881712351614,1.7291528778362573,Qwen3.5-9B
352,171,1074,401,2.345029239766082,2.9092719554901123,1163.708782196045,18.343438864421262,1.5632000829731554,Qwen3.5-9B
353,252,1656,611,2.4246031746031744,2.9545934200286865,1802.3019862174988,19.1939172708377,1.5701522570654074,Qwen3.5-9B
354,279,1823,662,2.3727598566308243,3.0441503524780273,2012.183382987976,20.992187663364422,1.592411951725689,Qwen3.5-9B
355,264,1604,569,2.1553030303030303,3.195023775100708,1814.7735042572021,24.410754053531996,1.6322722786337602,Qwen3.5-9B
356,284,1844,667,2.3485915492957745,2.824948310852051,1881.4155750274658,16.86007348073296,1.471967960923743,Qwen3.5-9B
357,230,1806,626,2.7217391304347824,2.301380157470703,1438.3625984191895,9.987957901199847,1.1490136144737144,Qwen3.5-9B
358,224,1799,614,2.7410714285714284,2.2295799255371094,1366.732494354248,9.29596026365947,1.0960412405929276,Qwen3.5-9B
359,260,1838,655,2.519230769230769,2.1767492294311523,1423.5939960479736,8.817595637796085,1.117416756440541,Qwen3.5-9B
360,244,1771,622,2.5491803278688523,2.7153470516204834,1686.2305190563202,15.109853061038937,1.3736399817268075,Qwen3.5-9B
361,255,1838,648,2.541176470588235,2.4424548149108887,1580.268265247345,11.50123953152624,1.240394553616186,Qwen3.5-9B
362,267,1728,637,2.385767790262172,2.6339590549468994,1675.197958946228,13.928805792663855,1.398610988355924,Qwen3.5-9B
363,242,1593,559,2.309917355371901,3.0199363231658936,1685.1244683265686,20.48998690515428,1.5261272528156884,Qwen3.5-9B
364,224,1554,545,2.4330357142857144,2.469499111175537,1343.4075164794922,11.816526602957545,1.2471862045803872,Qwen3.5-9B
365,273,1805,673,2.4652014652014653,2.360177993774414,1586.0396118164062,10.592836743637507,1.267685031922984,Qwen3.5-9B
366,259,1946,735,2.8378378378378377,2.2848660945892334,1677.0917134284973,9.824370599554058,1.2433360216234675,Qwen3.5-9B
367,160,1184,442,2.7625,3.0734524726867676,1355.3925404548645,21.616404038568298,1.6515355545372694,Qwen3.5-9B
368,193,1587,558,2.8911917098445596,2.5329606533050537,1410.859083890915,12.590727789117178,1.2825705127426394,Qwen3.5-9B
369,255,2066,714,2.8,2.3179142475128174,1652.6728584766388,10.15447248664079,1.1540672493398039,Qwen3.5-9B
370,147,1195,416,2.8299319727891157,3.063319683074951,1271.2776684761047,21.39847554071,1.534783253475615,Qwen3.5-9B
371,258,1974,680,2.635658914728682,2.5326085090637207,1719.6411776542664,12.58629481740059,1.256797263986964,Qwen3.5-9B
372,220,1789,625,2.840909090909091,2.282975912094116,1424.5769691467285,9.805818285374617,1.1488150524050393,Qwen3.5-9B
373,269,2010,750,2.7881040892193307,2.3871657848358154,1787.9871728420258,10.882606544457053,1.2833433967324719,Qwen3.5-9B
374,239,1949,745,3.1171548117154813,2.19345760345459,1631.9324569702148,8.966161010375238,1.2079942856524735,Qwen3.5-9B
375,171,1216,434,2.538011695906433,3.2574098110198975,1410.4584481716156,25.982151227277335,1.6734057636160633,Qwen3.5-9B
376,151,1172,434,2.8741721854304636,2.7743663787841797,1201.3006420135498,16.02846780019937,1.4787632072096213,Qwen3.5-9B
377,88,604,218,2.477272727272727,3.75386381149292,814.5884470939636,42.685693254022866,1.945699855940237,Qwen3.5-9B
378,288,1814,651,2.2604166666666665,3.210408926010132,2086.7658019065857,24.789221109520028,1.6596288169279563,Qwen3.5-9B
379,283,1799,673,2.3780918727915195,3.130065441131592,2103.4039764404297,22.87547649052653,1.6868096085584958,Qwen3.5-9B
380,260,1729,628,2.4153846153846152,3.4911322593688965,2188.939926624298,32.82309092660188,1.8264735552022708,Qwen3.5-9B
381,89,517,190,2.134831460674157,4.267335414886475,806.5263934135437,71.33131381058956,2.250622104688164,Qwen3.5-9B
382,269,1811,683,2.5390334572490705,2.9790892601013184,2031.7388753890991,19.669894327149752,1.6185420209305206,Qwen3.5-9B
383,270,1895,689,2.551851851851852,3.019300937652588,2077.2790451049805,20.47697199948604,1.5814671118287686,Qwen3.5-9B
384,272,1824,659,2.422794117647059,2.977916717529297,1959.4692001342773,19.64684405501759,1.549844571166878,Qwen3.5-9B
385,281,1792,414,1.4733096085409252,2.389040470123291,986.6737141609192,10.903027141951586,0.7943466933010339,Qwen3.5-9B
386,260,1609,407,1.5653846153846154,2.5560076236724854,1037.739095211029,12.884275620098368,0.9304792084509331,Qwen3.5-9B
387,273,1617,403,1.4761904761904763,2.349888801574707,944.6552982330322,10.484403810710988,0.8428259209092643,Qwen3.5-9B
388,274,1723,435,1.5875912408759123,3.2515323162078857,1411.1650252342224,25.82988916629432,1.1815907044581322,Qwen3.5-9B
389,286,1824,410,1.4335664335664335,2.817387819290161,1152.311618089676,16.733083694955976,0.9114222900091626,Qwen3.5-9B
390,277,1435,390,1.407942238267148,3.4579594135284424,1345.146211862564,31.75211742062699,1.3523594209928196,Qwen3.5-9B
391,278,1561,383,1.3776978417266188,3.851273536682129,1471.1864910125732,47.05294874651629,1.3596883118556535,Qwen3.5-9B
392,262,1455,359,1.3702290076335877,3.13871693611145,1123.6606631278992,23.074242130743382,1.114157846279467,Qwen3.5-9B
393,319,1749,444,1.3918495297805642,2.8282530307769775,1252.916092634201,16.915883468897878,1.0334910425919606,Qwen3.5-9B
394,286,1871,487,1.7027972027972027,2.049741268157959,996.1742563247681,7.765891562922386,0.7681323674297136,Qwen3.5-9B
395,170,1036,256,1.5058823529411764,3.3089442253112793,843.7807774543762,27.356228206767312,1.175017705821296,Qwen3.5-9B
396,217,1502,353,1.6267281105990783,2.3507821559906006,827.4753189086914,10.49377428410699,0.7948032883139698,Qwen3.5-9B
397,297,2002,504,1.696969696969697,2.171581268310547,1092.305377960205,8.77214419317113,0.7871446313284379,Qwen3.5-9B
398,171,1208,269,1.5730994152046784,3.4621317386627197,927.8513059616089,31.884874338130157,1.1081179451930145,Qwen3.5-9B
399,297,1855,473,1.5925925925925926,2.517747640609741,1188.3768863677979,12.400634499417395,0.9242401297411802,Qwen3.5-9B
400,260,1787,464,1.7846153846153847,2.038769006729126,943.9500501155853,7.681147935276926,0.7620772558190506,Qwen3.5-9B
401,308,1921,442,1.4350649350649352,2.6427793502807617,1165.465693473816,14.052205383807078,0.8752793213435144,Qwen3.5-9B
402,301,1904,527,1.7508305647840532,1.9474906921386719,1024.3801040649414,7.011072549599309,0.7761912269536824,Qwen3.5-9B
403,199,1209,305,1.5326633165829147,2.960819959640503,900.0892677307129,19.31380180259878,1.0740730545181787,Qwen3.5-9B
404,172,1053,256,1.4883720930232558,3.3167123794555664,845.7616567611694,27.569563140816722,1.158761773963317,Qwen3.5-9B
405,88,600,132,1.5,4.3611674308776855,571.3129334449768,78.34854756709021,1.3737172264613242,Qwen3.5-9B
406,308,1642,494,1.603896103896104,3.0868661403656006,1521.825007200241,21.90831270484559,1.337106815461997,Qwen3.5-9B
407,303,1659,488,1.6105610561056105,3.3596839904785156,1636.166103363037,28.780094658130945,1.422838290170267,Qwen3.5-9B
408,303,1689,422,1.3927392739273927,4.099380970001221,1725.839388370514,60.30294670796201,1.474162182932494,Qwen3.5-9B
409,97,461,127,1.309278350515464,4.7580132484436035,599.509669303894,116.5142110051885,1.8761597112141222,Qwen3.5-9B
410,302,1775,540,1.7880794701986755,2.6048364639282227,1404.006854057312,13.5290126402453,1.141157028576112,Qwen3.5-9B
411,295,1780,533,1.806779661016949,2.795605182647705,1487.261957168579,16.372534129127978,1.2054300281516421,Qwen3.5-9B
412,301,1732,468,1.5548172757475083,3.1853325366973877,1487.55029463768,24.17532625248181,1.2390770399230353,Qwen3.5-9B
413,152,1022,210,1.381578947368421,3.7081573009490967,775.0048758983612,40.77859457425625,1.0940270950326147,Qwen3.5-9B
414,169,971,229,1.3550295857988166,3.2921664714813232,750.6139554977417,26.901080994817626,1.1152492597514327,Qwen3.5-9B
415,156,955,197,1.2628205128205128,3.3206844329833984,650.8541488647461,27.679288694974687,0.9832293747740066,Qwen3.5-9B
416,129,831,220,1.7054263565891472,2.6015408039093018,569.7374360561371,13.484499005384654,0.9891183797917953,Qwen3.5-9B
417,123,767,172,1.3983739837398375,3.045407295227051,520.7646474838257,21.018590231216006,0.9795366028620658,Qwen3.5-9B
418,159,1054,200,1.2578616352201257,2.776193618774414,552.4625301361084,16.05778243182336,0.756200144691018,Qwen3.5-9B
419,193,1214,294,1.5233160621761659,3.3378634452819824,977.9939894676208,28.158899359528647,1.162229883545428,Qwen3.5-9B
420,197,1250,238,1.2081218274111676,4.373104572296143,1036.4257836341858,79.28940968908583,1.196197070638798,Qwen3.5-9B
421,88,436,108,1.2272727272727273,4.513205528259277,482.9129915237427,91.21373859822869,1.5979270138810953,Qwen3.5-9B
422,174,1155,237,1.3620689655172413,3.3860573768615723,799.109540939331,29.54922086570145,0.9981570318963022,Qwen3.5-9B
423,177,972,214,1.2090395480225988,3.4197685718536377,728.4107058048248,30.56234121656681,1.081146618307665,Qwen3.5-9B
424,181,992,218,1.2044198895027625,3.5919320583343506,779.4492566585541,36.30414994660703,1.1335761866994807,Qwen3.5-9B
425,158,875,186,1.1772151898734178,3.3198540210723877,614.1729938983917,27.656313024909423,1.012644951480157,Qwen3.5-9B
426,183,1023,221,1.2076502732240437,3.649554967880249,802.9020929336548,38.4575473963013,1.1322999685188204,Qwen3.5-9B
427,180,943,213,1.1833333333333333,3.6622493267059326,776.3968572616577,38.9488531103439,1.1878090092610498,Qwen3.5-9B
428,214,1127,231,1.0794392523364487,4.023220062255859,925.3406143188477,55.88075594232659,1.1845468637186765,Qwen3.5-9B
429,177,947,185,1.0451977401129944,4.052515029907227,745.6627655029297,57.54199504902703,1.135970405455783,Qwen3.5-9B
430,176,1022,202,1.1477272727272727,3.2022886276245117,643.6600141525269,24.58874032090381,0.9086155679416541,Qwen3.5-9B
431,285,1704,509,1.7859649122807018,3.139308214187622,1594.768572807312,23.087889458524828,1.3502140324851402,Qwen3.5-9B
432,291,1647,483,1.6597938144329898,2.6462907791137695,1275.512155532837,14.101635437226607,1.1172890475900523,Qwen3.5-9B
433,297,1734,501,1.6868686868686869,3.271043062210083,1635.5215311050415,26.338798025098665,1.3607605548975594,Qwen3.5-9B
434,306,1672,514,1.6797385620915033,3.245645046234131,1665.0159087181091,25.678268389533816,1.4366687766201238,Qwen3.5-9B
435,185,1016,284,1.5351351351351352,3.1847071647644043,901.2721276283264,24.160212408352322,1.2797842805323145,Qwen3.5-9B
436,281,1542,435,1.5480427046263345,3.690511465072632,1601.6819758415222,40.065333736533674,1.498533491328016,Qwen3.5-9B
437,293,1662,482,1.6450511945392492,3.6659350395202637,1763.3147540092468,39.09267227261185,1.5306410656651521,Qwen3.5-9B
438,291,1525,417,1.4329896907216495,3.447726011276245,1434.254020690918,31.428842154797916,1.3568466642792418,Qwen3.5-9B
439,320,1817,503,1.571875,2.9940075874328613,1502.9918088912964,19.965536005906436,1.1933730485328597,Qwen3.5-9B
440,268,1898,401,1.4962686567164178,2.8383426666259766,1135.3370666503906,17.087422501116585,0.8629848028419078,Qwen3.5-9B
441,267,1695,386,1.445692883895131,2.703166961669922,1040.71928024292,14.926929962961221,0.8858056310112047,Qwen3.5-9B
442,280,1802,374,1.3357142857142856,2.17814302444458,812.4473481178284,8.829894127422238,0.6504515871881134,Qwen3.5-9B
443,294,1772,419,1.4251700680272108,2.3010926246643066,961.8567171096802,9.98508644847256,0.7831071759705837,Qwen3.5-9B
444,286,1733,410,1.4335664335664335,2.9502341747283936,1206.645777463913,19.110428383661816,1.0045134906271176,Qwen3.5-9B
445,287,1636,366,1.2752613240418118,3.3720853328704834,1230.8111464977264,29.139228735700712,1.0853821132781967,Qwen3.5-9B
446,261,1543,335,1.2835249042145593,3.145537853240967,1050.609642982483,23.232167610158857,0.982313235152918,Qwen3.5-9B
447,302,1729,424,1.403973509933775,2.972449541091919,1257.3461558818817,19.53972438002998,1.0491423156573698,Qwen3.5-9B
448,223,1417,296,1.3273542600896862,3.404545545578003,1004.3409359455109,30.100613258324692,1.0225530611505778,Qwen3.5-9B
449,301,1808,361,1.1993355481727574,2.912733316421509,1048.5839939117432,18.40704214049883,0.8367184336128402,Qwen3.5-9B
450,270,1577,338,1.2518518518518518,3.143289804458618,1059.2886641025543,23.17999922455976,0.9690745101906468,Qwen3.5-9B
451,291,1622,332,1.140893470790378,3.049095392227173,1009.2505748271942,21.096251954749413,0.8976823670268366,Qwen3.5-9B
452,290,1701,366,1.2620689655172415,3.864673137664795,1410.6056952476501,47.687682577671445,1.1963984956987146,Qwen3.5-9B
453,291,1743,332,1.140893470790378,3.567991256713867,1181.00510597229,35.44532104124099,0.9775273721461663,Qwen3.5-9B
454,283,1466,329,1.1625441696113075,4.023567199707031,1319.7300415039062,55.90015761284236,1.2987503316438413,Qwen3.5-9B
455,288,1546,322,1.1180555555555556,4.476672649383545,1437.011920452118,87.94157287644556,1.3409896321698551,Qwen3.5-9B
456,271,1499,299,1.103321033210332,3.562208652496338,1061.5381784439087,35.2409462570395,1.021665020517232,Qwen3.5-9B
457,331,1731,372,1.1238670694864048,3.323288917541504,1232.940188407898,27.751472935525836,1.027589078872778,Qwen3.5-9B
458,285,1916,429,1.5052631578947369,2.3186488151550293,992.3816928863525,10.161934373848124,0.7472359848622835,Qwen3.5-9B
459,172,1101,257,1.494186046511628,3.709848403930664,949.72119140625,40.84761371991783,1.244466896520395,Qwen3.5-9B
460,217,1527,316,1.456221198156682,2.8869292736053467,909.3827211856842,17.93814181676584,0.8591761245086428,Qwen3.5-9B
461,288,1974,405,1.40625,2.8489902019500732,1150.9920415878296,17.2703334833187,0.841200866515413,Qwen3.5-9B
462,165,1198,237,1.4363636363636363,4.100800514221191,967.7889213562012,60.388610194577055,1.1654626690049004,Qwen3.5-9B
463,291,1942,433,1.4879725085910653,2.9929280281066895,1292.9449081420898,19.94399365552408,0.9605176143765343,Qwen3.5-9B
464,259,1881,455,1.7567567567567568,2.336127519607544,1060.601893901825,10.341113166367276,0.8134636324771958,Qwen3.5-9B
465,294,1966,421,1.4319727891156462,3.0583202838897705,1284.4945192337036,21.29176299110872,0.942590983187954,Qwen3.5-9B
466,286,1881,436,1.5244755244755244,2.4462172985076904,1064.1045248508453,11.544594266200377,0.8161500909036795,Qwen3.5-9B
467,191,1257,301,1.5759162303664922,2.945751428604126,883.7254285812378,19.02495291045084,1.0142770829925423,Qwen3.5-9B
468,166,1074,243,1.463855421686747,3.7394073009490967,904.9365668296814,42.07304611906756,1.2155935728903775,Qwen3.5-9B
469,89,628,129,1.449438202247191,4.641956806182861,594.1704711914062,103.74716217253719,1.3649789685199054,Qwen3.5-9B
470,305,1672,411,1.3475409836065573,3.581386089324951,1468.36829662323,35.92329925591224,1.266990227115376,Qwen3.5-9B
471,299,1688,448,1.4983277591973243,3.5616111755371094,1592.040195465088,35.21989689251084,1.360680387970011,Qwen3.5-9B
472,298,1716,388,1.3020134228187918,4.39585542678833,1701.1960501670837,81.1139881717957,1.430248895778522,Qwen3.5-9B
473,96,505,111,1.15625,5.583670139312744,614.2037153244019,266.046242940359,1.754670602364537,Qwen3.5-9B
474,294,1763,479,1.629251700680272,2.9895570278167725,1429.0082592964172,19.87687563811603,1.1693835105367618,Qwen3.5-9B
475,294,1818,480,1.6326530612244898,3.022028684616089,1447.5517399311066,20.532904247508384,1.1487215162974687,Qwen3.5-9B
476,295,1753,417,1.4135593220338982,3.4679057598114014,1442.648796081543,32.069510811361276,1.187280241786238,Qwen3.5-9B
477,163,1043,232,1.4233128834355828,2.9062843322753906,671.3516807556152,18.288717364946358,0.9286248710628923,Qwen3.5-9B
478,175,1015,256,1.4628571428571429,2.905222177505493,740.8316552639008,18.26930222932663,1.052999167667775,Qwen3.5-9B
479,167,1028,216,1.2934131736526946,2.3454740047454834,504.27691102027893,10.438219320594367,0.7077021388752543,Qwen3.5-9B
480,132,891,258,1.9545454545454546,1.8097714185714722,465.11125457286835,6.1090508570492625,0.7531017962221339,Qwen3.5-9B
481,134,805,199,1.4850746268656716,2.1713762283325195,429.93249320983887,8.770345737302486,0.7705111501501397,Qwen3.5-9B
482,169,1148,228,1.349112426035503,1.9431272745132446,441.08989131450653,6.980546958446899,0.5543189884892774,Qwen3.5-9B
483,207,1185,283,1.3671497584541064,3.0404725074768066,857.4132471084595,20.915123452880362,1.0438699068319643,Qwen3.5-9B
484,215,1270,258,1.2,3.6870176792144775,947.5635435581207,39.92559828513522,1.0764135631641527,Qwen3.5-9B
485,90,440,108,1.2,4.025905609130859,430.77190017700195,56.03102802286274,1.41243746395381,Qwen3.5-9B
486,191,1171,237,1.2408376963350785,2.766677141189575,652.9358053207397,15.905693727425273,0.8044297594834099,Qwen3.5-9B
487,315,2195,924,2.933333333333333,4.273481845855713,3944.423743724823,71.77109697075683,2.5925287354152533,Qwen3.5-9B
488,228,1480,613,2.68859649122807,4.581603527069092,2803.941358566284,97.67088661416416,2.7332650628020545,Qwen3.5-9B
489,296,2063,887,2.9966216216216215,4.033224105834961,3573.4365577697754,56.44259510597316,2.4989719829499673,Qwen3.5-9B
490,245,1812,730,2.979591836734694,4.477025032043457,3263.75124835968,87.97256742246218,2.5985638745605266,Qwen3.5-9B
491,178,1276,506,2.842696629213483,4.33942174911499,2191.40798330307,76.66319595782142,2.477690775921492,Qwen3.5-9B
492,89,628,261,2.932584269662921,4.287964820861816,1114.8708534240723,72.81811967457688,2.5611761966027955,Qwen3.5-9B
493,223,1509,639,2.8654708520179373,3.9336068630218506,2509.6411786079407,51.090923699157536,2.3993683782560695,Qwen3.5-9B
494,169,1319,549,3.2485207100591715,4.0934014320373535,2243.1839847564697,59.94343886536442,2.453548453836014,Qwen3.5-9B
495,133,889,395,2.969924812030075,3.957948923110962,1559.431875705719,52.34984220657549,2.530691376473358,Qwen3.5-9B
496,115,823,366,3.1826086956521737,3.713191509246826,1355.3149008750916,40.98440011275824,2.3758275654136227,Qwen3.5-9B
497,85,675,312,3.6705882352941175,2.6226119995117188,815.6323318481445,13.77164818546984,1.743272178290399,Qwen3.5-9B
498,116,800,356,3.0689655172413794,1.890842318534851,671.2490230798721,6.62494664685433,1.2105095459986162,Qwen3.5-9B
499,153,1135,431,2.816993464052288,3.514676809310913,1511.3110280036926,33.605065324452795,1.9210228417107742,Qwen3.5-9B
500,168,1114,428,2.5476190476190474,3.7780556678771973,1613.2297701835632,43.730931566164344,2.089226740806345,Qwen3.5-9B
501,152,1106,416,2.736842105263158,3.6612308025360107,1519.4107830524445,38.90920295780735,1.9819587719556766,Qwen3.5-9B
502,129,895,402,3.116279069767442,2.7659547328948975,1109.1478478908539,15.894207471726705,1.7878906142623476,Qwen3.5-9B
503,123,824,324,2.6341463414634148,3.9973466396331787,1291.1429646015167,54.45347349012793,2.2605892622685473,Qwen3.5-9B
504,156,1089,421,2.698717948717949,3.313066244125366,1391.4878225326538,27.469223819145434,1.843427530785346,Qwen3.5-9B
505,194,1267,481,2.479381443298969,3.3325953483581543,1599.645767211914,28.010945607964043,1.8214688362554459,Qwen3.5-9B
506,202,1308,495,2.4504950495049505,3.616022825241089,1786.315275669098,37.18936469996619,1.970266200055053,Qwen3.5-9B
507,80,495,193,2.4125,3.900186777114868,748.8358612060547,49.41167721421446,2.182508653336952,Qwen3.5-9B
508,178,1194,461,2.5898876404494384,3.4469716548919678,1585.6069612503052,31.40514254716702,1.9158687602971811,Qwen3.5-9B
509,265,1797,367,1.3849056603773584,2.6357131004333496,964.670994758606,13.953258991337954,0.7744719311227959,Qwen3.5-9B
510,272,1584,363,1.3345588235294117,2.5740671157836914,931.8122959136963,13.119072872112257,0.8486874863346269,Qwen3.5-9B
511,272,1721,344,1.2647058823529411,2.234684705734253,766.4968540668488,9.343535424584001,0.6425457351651565,Qwen3.5-9B
512,298,1675,398,1.3355704697986577,2.487114429473877,987.3844285011292,12.026522623511974,0.8504445483280969,Qwen3.5-9B
513,272,1622,369,1.3566176470588236,3.3060123920440674,1216.6125602722168,27.276141764259688,1.0821213978963948,Qwen3.5-9B
514,274,1548,313,1.1423357664233578,4.061205863952637,1267.0962295532227,58.0442623782671,1.1809001593705026,Qwen3.5-9B
515,283,1499,334,1.1802120141342756,3.416410446166992,1137.6646785736084,30.459881166633085,1.0949320813693673,Qwen3.5-9B
516,280,1552,360,1.2857142857142858,3.5145328044891357,1261.7172768115997,33.600226381433856,1.1728564808376434,Qwen3.5-9B
517,223,1355,285,1.2780269058295963,3.536245584487915,1004.2937459945679,34.33775866764601,1.069291222835545,Qwen3.5-9B
518,180,1087,237,1.3166666666666667,3.2918832302093506,776.8844423294067,26.89346257739527,1.0311015016489633,Qwen3.5-9B
519,179,1120,252,1.4078212290502794,3.0982778072357178,777.6677296161652,22.159755030457053,1.0017298008719828,Qwen3.5-9B
520,175,1005,234,1.3371428571428572,3.0280656814575195,705.539303779602,20.657236243920973,1.0128139847911282,Qwen3.5-9B
521,183,1103,259,1.4153005464480874,3.139185667037964,809.9099020957947,23.085060276837677,1.059340887869872,Qwen3.5-9B
522,165,1031,243,1.4727272727272727,3.4148519039154053,826.3941607475281,30.412445129992303,1.156386767730413,Qwen3.5-9B
523,223,1314,279,1.251121076233184,3.6269989013671875,1008.3056945800781,37.59980639702077,1.1070605976185544,Qwen3.5-9B
524,186,1079,223,1.1989247311827957,3.3858401775360107,751.6565194129944,29.54280349180842,1.005014951815557,Qwen3.5-9B
525,181,1181,254,1.4033149171270718,2.551537275314331,645.5389306545258,12.826806967886085,0.7885823996240887,Qwen3.5-9B
526,360,1822,676,1.8777777777777778,3.067925453186035,2070.8496809005737,21.49725931282477,1.6397390587605656,Qwen3.5-9B
527,375,1687,599,1.5973333333333333,2.6669652462005615,1594.8452172279358,14.396213868331065,1.3638857651927827,Qwen3.5-9B
528,445,1889,737,1.6561797752808989,2.6878228187561035,1978.2375946044922,14.699637281554832,1.5108488975309753,Qwen3.5-9B
529,405,1637,635,1.5679012345679013,3.104182481765747,1968.0516934394836,22.290988234968268,1.7344523019781732,Qwen3.5-9B
530,251,1052,393,1.5657370517928286,2.8428661823272705,1114.40354347229,17.164892812078037,1.528274206954906,Qwen3.5-9B
531,300,1794,490,1.6333333333333333,3.174882411956787,1552.517499446869,23.924006525857468,1.248500165744332,Qwen3.5-9B
532,308,1750,458,1.4870129870129871,2.7527520656585693,1258.0076940059662,15.685740726179723,1.0370979780243246,Qwen3.5-9B
533,325,1848,487,1.4984615384615385,3.226935625076294,1568.2907137870789,25.20230919587953,1.2243318373662506,Qwen3.5-9B
534,320,1743,480,1.5,3.281892776489258,1572.0266399383545,26.626122332893058,1.301179023284225,Qwen3.5-9B
535,200,1088,285,1.425,3.0917532444000244,878.0579214096069,22.01564296169751,1.1643104860578226,Qwen3.5-9B
536,292,1664,419,1.4349315068493151,3.588141441345215,1499.8431224822998,36.16679531291544,1.300370333483553,Qwen3.5-9B
537,329,1857,483,1.4680851063829787,3.6024506092071533,1736.381193637848,36.6880323988791,1.3489868266850737,Qwen3.5-9B
538,315,1656,375,1.1904761904761905,3.661450147628784,1369.3823552131653,38.91773843661335,1.1929958532287939,Qwen3.5-9B
539,343,1920,494,1.4402332361516035,3.0465636253356934,1501.9558672904968,21.042908717330743,1.128575146549001,Qwen3.5-9B
540,285,1994,511,1.792982456140351,1.9841071367263794,1011.8946397304535,7.272551091958508,0.7321240615051402,Qwen3.5-9B
541,183,1154,280,1.530054644808743,3.2135422229766846,896.578280210495,24.867014912724123,1.1208743835601704,Qwen3.5-9B
542,226,1624,347,1.5353982300884956,2.5518107414245605,882.926516532898,12.830315144556108,0.7843557308321301,Qwen3.5-9B
543,305,2109,488,1.6,2.441190481185913,1188.8597643375397,11.48670731522895,0.8132584572414367,Qwen3.5-9B
544,174,1285,267,1.5344827586206897,3.4215478897094727,910.1317386627197,30.616769744475423,1.021822992937242,Qwen3.5-9B
545,328,2050,489,1.4908536585365855,2.3876237869262695,1165.1604080200195,10.887591942578236,0.8199859231661676,Qwen3.5-9B
546,273,1879,477,1.7472527472527473,2.1166622638702393,1007.5312376022339,8.303376703950839,0.7735818627086019,Qwen3.5-9B
547,310,2079,480,1.5483870967741935,2.3942503929138184,1146.845938205719,10.959979300897226,0.7958388396888126,Qwen3.5-9B
548,296,2002,517,1.7466216216216217,2.0239434242248535,1044.3548069000244,7.568110436658662,0.7525901602613467,Qwen3.5-9B
549,198,1278,315,1.5909090909090908,2.7347702980041504,858.7178735733032,15.406204193607632,0.9693802955609706,Qwen3.5-9B
550,200,1203,285,1.425,3.017571210861206,856.9902238845825,20.441583047844553,1.0277435960836323,Qwen3.5-9B
551,101,675,151,1.495049504950495,3.8508918285369873,577.6337742805481,47.0349916801241,1.234591676451143,Qwen3.5-9B
552,315,1821,473,1.5015873015873016,3.0448224544525146,1437.156198501587,21.006301296510845,1.1385931469308481,Qwen3.5-9B
553,324,1875,509,1.5709876543209877,3.205880641937256,1628.587366104126,24.677222247104535,1.2530959555908487,Qwen3.5-9B
554,345,1927,465,1.3478260869565217,3.7163400650024414,1724.3817901611328,41.113645142443254,1.291000029717021,Qwen3.5-9B
555,107,542,129,1.205607476635514,4.872309684753418,623.6556396484375,130.6222650068687,1.6600459382716517,Qwen3.5-9B
556,313,1950,510,1.6293929712460065,2.705397605895996,1377.047381401062,14.960263797236795,1.0187997067776642,Qwen3.5-9B
557,315,1981,541,1.7174603174603174,2.7324087619781494,1475.5007314682007,15.369864812647428,1.074557086379208,Qwen3.5-9B
558,326,1904,468,1.4355828220858895,3.035158395767212,1417.418970823288,20.80427294728276,1.0740038445738949,Qwen3.5-9B
559,220,1823,722,3.2818181818181817,2.8095173835754395,2025.6620335578918,16.601903933512116,1.6030787549813623,Qwen3.5-9B
560,213,1703,683,3.2065727699530515,2.999955892562866,2045.9699187278748,20.084651021168106,1.7332417237561364,Qwen3.5-9B
561,205,1742,719,3.5073170731707317,2.5310842990875244,1817.3185267448425,12.567125274192309,1.5050725753446736,Qwen3.5-9B
562,225,1655,687,3.0533333333333332,2.844813823699951,1951.5422830581665,17.198356444475785,1.701196600515494,Qwen3.5-9B
563,225,1702,734,3.2622222222222224,2.7974002361297607,2050.4943730831146,16.401950097245823,1.7380952193993735,Qwen3.5-9B
564,212,1544,616,2.9056603773584904,3.100865364074707,1907.0321989059448,22.217168904933907,1.7819079638453252,Qwen3.5-9B
565,193,1506,635,3.290155440414508,3.0505616664886475,1934.0560965538025,21.127207535143533,1.8527577286183514,Qwen3.5-9B
566,203,1514,623,3.0689655172413794,3.388052463531494,2107.3686323165894,29.60823296991426,2.008117751101784,Qwen3.5-9B
567,185,1437,598,3.2324324324324323,3.0804636478424072,1839.0367977619171,21.76849297157829,1.8463251692021136,Qwen3.5-9B
568,171,1231,548,3.2046783625730995,2.5169260501861572,1376.758549451828,12.390450441001605,1.6135196846430828,Qwen3.5-9B
569,179,1239,600,3.35195530726257,2.2302086353302,1335.89497256279,9.301806562533518,1.555519816032958,Qwen3.5-9B
570,166,1115,540,3.253012048192771,2.082427978515625,1122.4286804199219,8.02392720544667,1.452306987437995,Qwen3.5-9B
571,135,962,460,3.4074074074074074,1.9561110734939575,897.8549827337265,7.071771918655768,1.3464978493008244,Qwen3.5-9B
572,126,905,421,3.3412698412698414,2.3233869075775146,975.8225011825562,10.210196803740331,1.555595893087225,Qwen3.5-9B
573,163,1078,486,2.98159509202454,2.0179808139801025,978.7206947803497,7.5231190103027155,1.309828843019491,Qwen3.5-9B
574,222,1521,662,2.981981981981982,2.162057399749756,1429.1199412345886,8.688996019506469,1.3555452018768361,Qwen3.5-9B
575,214,1466,697,3.2570093457943927,2.307352066040039,1605.9170379638672,10.047783531376817,1.5803878217937002,Qwen3.5-9B
576,89,564,268,3.0112359550561796,2.272524118423462,606.7639396190643,9.703863628527973,1.5520839125508414,Qwen3.5-9B
577,197,1339,607,3.081218274111675,2.1690001487731934,1314.4140901565552,8.7495314360784,1.4162051452900979,Qwen3.5-9B
578,272,1713,337,1.2389705882352942,2.8875439167022705,970.2147560119629,17.949170760890127,0.8171185155258345,Qwen3.5-9B
579,281,1543,332,1.1814946619217082,2.70918345451355,896.739723443985,15.017008436784323,0.8384458535196226,Qwen3.5-9B
580,240,1499,282,1.175,2.3082566261291504,648.6201119422913,10.056876467276776,0.6242568505136677,Qwen3.5-9B
581,294,1600,338,1.1496598639455782,2.6219213008880615,883.5874783992767,13.762139411249303,0.7967170457988879,Qwen3.5-9B
582,279,1559,358,1.2831541218637992,3.0531461238861084,1089.9731662273407,21.18188052251677,1.0086586796781438,Qwen3.5-9B
583,272,1454,303,1.1139705882352942,3.8149688243865967,1152.1205849647522,45.3753417567838,1.1431627609592432,Qwen3.5-9B
584,269,1378,289,1.0743494423791822,3.331484794616699,959.4676208496094,27.979855214489213,1.0045131919399592,Qwen3.5-9B
585,280,1464,336,1.2,3.3087053298950195,1108.4162855148315,27.349693709804324,1.0922859824814295,Qwen3.5-9B
586,227,1233,259,1.1409691629955947,3.563695192337036,919.4333596229553,35.29337228470965,1.0758004447331035,Qwen3.5-9B
587,296,1858,391,1.320945945945946,2.406308174133301,938.4601879119873,11.092932281621298,0.7286931427192405,Qwen3.5-9B
588,265,1679,385,1.4528301886792452,2.5549662113189697,981.1070251464844,12.870864760630909,0.8430245620965793,Qwen3.5-9B
589,281,1661,345,1.2277580071174377,2.5037691593170166,861.2965908050537,12.228498365822357,0.7480965203425779,Qwen3.5-9B
590,280,1782,406,1.45,3.425229072570801,1387.2177743911743,30.72968337287616,1.1230820447514995,Qwen3.5-9B
591,290,1862,391,1.3482758620689654,2.899662494659424,1130.8683729171753,18.168012533311156,0.8762074078978409,Qwen3.5-9B
592,283,1512,371,1.3109540636042403,3.550379514694214,1313.6404204368591,34.82653216056557,1.2534275926425593,Qwen3.5-9B
593,288,1631,350,1.2152777777777777,4.13604211807251,1443.478699207306,62.554746546616784,1.2768237651595538,Qwen3.5-9B
594,275,1556,330,1.2,3.118626356124878,1026.0280711650848,22.61529293840378,0.951314659436206,Qwen3.5-9B
595,335,1896,430,1.2835820895522387,2.856506586074829,1225.4413254261017,17.400633020980152,0.9324568159771284,Qwen3.5-9B
596,154,998,247,1.603896103896104,2.8234639167785645,694.5721235275269,16.83506505335233,1.004063885924729,Qwen3.5-9B
597,169,964,268,1.5857988165680474,3.0290184020996094,808.7479133605957,20.676926197322263,1.2103491742060462,Qwen3.5-9B
598,158,981,226,1.4303797468354431,2.3966946601867676,539.2562985420227,10.986801186189002,0.7930503442147957,Qwen3.5-9B
599,131,866,272,2.0763358778625953,1.854453206062317,502.5568188428879,6.388204264098339,0.8372242844221334,Qwen3.5-9B
600,123,747,195,1.5853658536585367,2.604940891265869,505.3585329055786,13.530425512786282,0.9760083658551544,Qwen3.5-9B
601,161,1095,230,1.4285714285714286,1.956036925315857,447.93245589733124,7.071247579091709,0.5901643221701316,Qwen3.5-9B
602,194,1131,292,1.5051546391752577,3.2373788356781006,942.0772411823273,25.4668813050623,1.201706599458974,Qwen3.5-9B
603,196,1148,260,1.3265306122448979,3.793137788772583,982.422687292099,44.395485607964616,1.2346135357257144,Qwen3.5-9B
604,87,434,117,1.3448275862068966,4.312399387359619,500.2383289337158,74.61931495920473,1.6628833097125664,Qwen3.5-9B
605,178,1082,249,1.398876404494382,2.6953554153442383,668.4481430053711,14.810781797059906,0.8912817199679164,Qwen3.5-9B
606,234,1420,549,2.3461538461538463,2.643598794937134,1448.6921396255493,14.063725107662545,1.4718457504314097,Qwen3.5-9B
607,336,1542,549,1.6339285714285714,2.8397483825683594,1556.182113647461,17.111459453946374,1.4559638249541487,Qwen3.5-9B
608,356,1571,540,1.5168539325842696,2.658519983291626,1432.9422709941864,14.275146001871489,1.3159126086845843,Qwen3.5-9B
609,422,1798,630,1.4928909952606635,2.768397808074951,1741.3222212791443,15.933085687371921,1.3972174267125559,Qwen3.5-9B
610,425,1848,662,1.5576470588235294,2.4834985733032227,1641.5925569534302,11.983114972677427,1.2815570568598198,Qwen3.5-9B
611,401,1761,662,1.6508728179551122,2.1393604278564453,1414.1172428131104,8.494003363330483,1.1585121711766317,Qwen3.5-9B
612,389,1634,584,1.5012853470437018,2.8455424308776855,1658.9512372016907,17.210891856567525,1.4647250446679863,Qwen3.5-9B
613,352,1562,573,1.6278409090909092,2.370039224624634,1355.6624364852905,10.697811893537414,1.2521174610990895,Qwen3.5-9B
614,410,1866,682,1.6634146341463414,2.2807295322418213,1553.1768114566803,9.783815415397605,1.2008362719787167,Qwen3.5-9B
615,249,1503,366,1.4698795180722892,3.933983087539673,1435.9038269519806,51.11014897357437,1.3782909716148415,Qwen3.5-9B
616,288,1630,400,1.3888888888888888,3.570028066635132,1424.4411985874176,35.51758999687857,1.2607572105766862,Qwen3.5-9B
617,204,1236,281,1.3774509803921569,3.833484411239624,1073.3756351470947,46.22331901066412,1.2528751665354005,Qwen3.5-9B
618,256,1497,428,1.671875,3.5118680000305176,1499.567636013031,33.51080754313648,1.4451695337031303,Qwen3.5-9B
619,146,883,210,1.4383561643835616,3.62260365486145,757.1241638660431,37.43490862796995,1.2370320232692449,Qwen3.5-9B
620,91,589,221,2.4285714285714284,2.1756842136383057,478.65052700042725,8.808209758129102,1.1724053338241178,Qwen3.5-9B
621,303,1853,467,1.5412541254125414,2.916607618331909,1359.1391501426697,18.478494904441753,1.0581885114888665,Qwen3.5-9B
622,229,1257,338,1.4759825327510918,3.564643621444702,1201.2849004268646,35.326861424819455,1.378749219204956,Qwen3.5-9B
623,308,2089,509,1.6525974025974026,2.1396541595458984,1086.9443130493164,8.496498687748604,0.750660205916089,Qwen3.5-9B
624,301,1902,498,1.654485049833887,3.279606819152832,1629.9645891189575,26.565325668970495,1.236352171160114,Qwen3.5-9B
625,290,2023,457,1.5758620689655172,3.1348421573638916,1429.4880237579346,22.985007541510758,1.0194341487324454,Qwen3.5-9B
626,82,532,128,1.5609756097560976,3.1264469623565674,397.05876421928406,22.79285164265939,1.0767569738358296,Qwen3.5-9B
627,304,1781,518,1.7039473684210527,3.1164627075195312,1611.2112197875977,22.566414288557656,1.3051580216800815,Qwen3.5-9B
628,308,1658,412,1.3376623376623376,3.509909152984619,1442.5726618766785,33.445229246670195,1.255242717377247,Qwen3.5-9B
629,297,1657,393,1.3232323232323233,3.051863670349121,1196.3305587768555,21.154733156259308,1.04160541002492,Qwen3.5-9B
630,300,1701,420,1.4,3.8699910640716553,1621.5262558460236,47.94195767300667,1.3752897636568528,Qwen3.5-9B
631,298,1750,428,1.436241610738255,2.898151159286499,1237.510545015335,18.140575311957928,1.0202001864808128,Qwen3.5-9B
632,309,1723,447,1.4466019417475728,3.081082582473755,1374.1628317832947,21.781970416148997,1.150608185018975,Qwen3.5-9B
633,224,1790,679,3.03125,3.292773485183716,2232.5004229545593,26.91741527665555,1.7993392675860649,Qwen3.5-9B
634,225,1675,661,2.937777777777778,3.52311635017395,2325.256791114807,33.889876794992574,2.002768024677443,Qwen3.5-9B
635,230,1631,640,2.782608695652174,4.291772842407227,2742.442846298218,73.09594128280405,2.4258177156810867,Qwen3.5-9B
636,251,1907,784,3.1235059760956174,4.567019939422607,3575.9766125679016,96.25683074438952,2.7053192057087707,Qwen3.5-9B
637,329,2451,999,3.0364741641337387,4.427923202514648,4419.067356109619,83.75728923123623,2.60112874745559,Qwen3.5-9B
638,248,1708,713,2.875,4.310826301574707,3069.3083267211914,74.50202465360596,2.5925502938640896,Qwen3.5-9B
639,182,1304,570,3.131868131868132,4.452296257019043,2533.3565702438354,85.82379139299154,2.8028074851949807,Qwen3.5-9B
640,193,1485,619,3.2072538860103625,4.189921855926514,2589.3717069625854,66.01763187216005,2.515605199093005,Qwen3.5-9B
641,228,1595,675,2.960526315789474,4.361870288848877,2939.900574684143,78.40363482527047,2.6591724011306748,Qwen3.5-9B
642,254,1134,377,1.484251968503937,2.4320902824401855,914.4659461975098,11.382650184124639,1.1633998991543042,Qwen3.5-9B
643,273,1114,425,1.5567765567765568,2.4618539810180664,1043.8260879516602,11.726532166989518,1.3518157276825735,Qwen3.5-9B
644,236,937,342,1.4491525423728813,2.798074245452881,954.1433176994324,16.4130088909751,1.4690905365446252,Qwen3.5-9B
645,301,1227,456,1.5149501661129567,2.757615089416504,1254.7148656845093,15.76220663305772,1.4752819188693589,Qwen3.5-9B
646,263,1050,376,1.429657794676806,3.069427013397217,1151.0351300239563,21.529562988946186,1.5815168323567095,Qwen3.5-9B
647,318,1316,477,1.5,2.6979739665985107,1284.235608100891,14.849615410024764,1.407872601170348,Qwen3.5-9B
648,277,1141,416,1.5018050541516246,2.4103190898895264,1000.2824223041534,11.137514446378187,1.2647699300145503,Qwen3.5-9B
649,254,1043,389,1.531496062992126,2.411574602127075,935.6909456253052,11.15150651382946,1.294263362472035,Qwen3.5-9B
650,219,1515,559,2.5525114155251143,3.4376955032348633,1918.2340908050537,31.115170672891807,1.8266843630815846,Qwen3.5-9B
651,255,1682,618,2.4235294117647057,3.248488426208496,2004.317358970642,25.751385364058173,1.7191550024700413,Qwen3.5-9B
652,186,1213,447,2.403225806451613,3.3119935989379883,1477.1491451263428,27.439774885366948,1.7568637644906402,Qwen3.5-9B
653,227,1461,549,2.4185022026431717,3.460683584213257,1896.4546041488647,31.838733533056597,1.8726938074446335,Qwen3.5-9B
654,126,845,308,2.4444444444444446,3.3749451637268066,1036.1081652641296,29.222681274363786,1.7689800140249972,Qwen3.5-9B
655,85,634,292,3.4352941176470586,2.4609909057617188,716.1483535766602,11.716415653517634,1.6296272527536966,Qwen3.5-9B
656,262,1892,888,3.3893129770992365,2.015158176422119,1787.4453024864197,7.501913913261635,1.362969595009213,Qwen3.5-9B
657,168,1199,579,3.4464285714285716,2.3900041580200195,1381.4224033355713,10.913539321662615,1.6621945376690093,Qwen3.5-9B
658,200,1462,685,3.425,2.1228740215301514,1452.0458307266235,8.355115796781186,1.4328723113083413,Qwen3.5-9B
659,273,1977,938,3.4358974358974357,2.0979511737823486,1965.7802498340607,8.149455977373956,1.4345075457324568,Qwen3.5-9B
660,154,1179,593,3.8506493506493507,2.172051191329956,1285.854305267334,8.77626739437478,1.573448371089827,Qwen3.5-9B
661,270,1929,880,3.259259259259259,2.360994338989258,2075.3140239715576,10.601487685821994,1.5521229915350367,Qwen3.5-9B
662,209,1603,772,3.6937799043062203,2.084268808364868,1606.9712512493134,8.038711493659228,1.4462691547277087,Qwen3.5-9B
663,267,1988,973,3.644194756554307,1.9258050918579102,1871.8825492858887,6.860669912531985,1.3584284059262286,Qwen3.5-9B
664,259,1883,921,3.555984555984556,1.9129751920700073,1759.9371767044067,6.773210452823192,1.3484081981452847,Qwen3.5-9B
665,172,1311,618,3.5930232558139537,2.122039556503296,1309.2984063625336,8.34814665301122,1.4408225155629673,Qwen3.5-9B
666,169,1136,553,3.272189349112426,2.2772836685180664,1257.0605850219727,9.75015974051458,1.59643932403889,Qwen3.5-9B
667,95,651,313,3.294736842105263,2.620457649230957,817.5827865600586,13.742011167057061,1.8118627214844492,Qwen3.5-9B
668,313,1907,856,2.7348242811501597,2.3879973888397217,2041.737767457962,10.89166032769178,1.5446276622481938,Qwen3.5-9B
669,310,1946,926,2.9870967741935486,2.097386598587036,1940.0826036930084,8.14485629522924,1.4383080941741273,Qwen3.5-9B
670,290,1814,827,2.8517241379310345,2.4056975841522217,1987.106204509735,11.08616111572275,1.5803683941377538,Qwen3.5-9B
671,95,564,260,2.736842105263158,2.8373446464538574,734.8722634315491,17.070377415855216,1.8797811527296877,Qwen3.5-9B
672,326,2052,962,2.950920245398773,1.9875818490982056,1910.0661569833755,7.297865069138031,1.3429059319930585,Qwen3.5-9B
673,324,2099,932,2.876543209876543,2.077162742614746,1933.8385133743286,7.981790363410805,1.3291754326466076,Qwen3.5-9B
674,332,2071,988,2.9759036144578315,1.9211556911468506,1896.1806671619415,6.828845947473207,1.3209128175490386,Qwen3.5-9B
675,263,1719,676,2.570342205323194,3.6737401485443115,2479.7746002674103,39.3989887032516,2.0811858745364775,Qwen3.5-9B
676,301,1760,654,2.1727574750830563,3.7127556800842285,2424.429459095001,40.96654180784524,1.987336566830381,Qwen3.5-9B
677,306,1824,717,2.343137254901961,4.011916637420654,2872.5323123931885,55.25266847494844,2.27203296155864,Qwen3.5-9B
678,275,1572,636,2.3127272727272725,4.385946750640869,2785.076186656952,80.31422477373637,2.555989569330744,Qwen3.5-9B
679,191,1062,409,2.141361256544503,4.362149238586426,1779.7568893432617,78.42550854932081,2.417746175370519,Qwen3.5-9B
680,275,1663,621,2.2581818181818183,4.1031694412231445,2543.9650535583496,60.53183598261603,2.2069547606515076,Qwen3.5-9B
681,289,1790,710,2.4567474048442905,3.9523096084594727,2802.187512397766,52.05545582330835,2.2584927529481775,Qwen3.5-9B
682,254,1505,568,2.236220472440945,4.55300235748291,2581.55233669281,94.91695557670857,2.474679570725603,Qwen3.5-9B
683,293,1727,680,2.3208191126279862,3.759899139404297,2552.9715156555176,42.94409439338111,2.132692151225823,Qwen3.5-9B
684,255,1872,683,2.6784313725490194,2.644906520843506,1803.826247215271,14.082128636088648,1.3901555456639,Qwen3.5-9B
685,202,1328,486,2.405940594059406,3.2961153984069824,1598.6159682273865,27.007521422302926,1.7366832301562947,Qwen3.5-9B
686,256,2130,789,3.08203125,1.9171842336654663,1510.7411761283875,6.801779258823173,1.0232576539282556,Qwen3.5-9B
687,291,2018,758,2.604810996563574,2.641878843307495,1999.9022843837738,14.03955697071601,1.4297567432819525,Qwen3.5-9B
688,255,2042,676,2.6509803921568627,2.716813087463379,1833.8488340377808,15.132020892654786,1.295633995399762,Qwen3.5-9B
689,80,565,214,2.675,2.2455310821533203,478.2981204986572,9.44543052424439,1.2213067725839375,Qwen3.5-9B
690,286,2200,905,3.164335664335664,2.1856629848480225,1975.8393383026123,8.896544873020666,1.2956970977102316,Qwen3.5-9B
691,263,1849,690,2.623574144486692,2.4752683639526367,1705.4599027633667,11.884896162878205,1.3306968870479627,Qwen3.5-9B
692,253,1799,670,2.6482213438735176,2.515092134475708,1682.5966379642487,12.36774822261855,1.3493462064521757,Qwen3.5-9B
693,256,1858,716,2.796875,2.6699440479278564,1909.0099942684174,14.439161269207565,1.4823031494825158,Qwen3.5-9B
694,257,1984,784,3.0505836575875485,2.0758585929870605,1625.3972783088684,7.971387699269791,1.1819317504489026,Qwen3.5-9B
695,276,1955,748,2.710144927536232,2.285905122756958,1707.5711266994476,9.83458370226904,1.2601045506160986,Qwen3.5-9B
696,157,883,208,1.3248407643312101,2.17787504196167,450.8201336860657,8.827528187499524,0.7365752788242202,Qwen3.5-9B
697,171,995,206,1.2046783625730995,2.402926445007324,492.59992122650146,11.055482347887956,0.7142426768801685,Qwen3.5-9B
698,163,921,192,1.177914110429448,2.60152006149292,496.8903317451477,13.484219307192403,0.7783509418831667,Qwen3.5-9B
699,168,931,205,1.2202380952380953,2.873037099838257,586.0995683670044,17.69066500908082,0.9082308708380658,Qwen3.5-9B
700,175,966,201,1.1485714285714286,2.9160149097442627,583.2029819488525,18.467545786963626,0.8709979812518274,Qwen3.5-9B
701,213,1128,261,1.2253521126760563,2.74235200881958,713.0115222930908,15.52345349205765,0.9119310171178482,Qwen3.5-9B
702,152,895,185,1.2171052631578947,2.9863600730895996,549.4902534484863,19.813431634422965,0.8857506856613976,Qwen3.5-9B
703,158,976,218,1.379746835443038,2.2728981971740723,493.2189087867737,9.707494316749544,0.7290619608394922,Qwen3.5-9B
704,274,2018,763,2.7846715328467155,2.249663829803467,1714.2438383102417,9.484546878384108,1.225535720715881,Qwen3.5-9B
705,227,1464,535,2.356828193832599,2.8420462608337402,1517.6527032852173,17.150824715682706,1.4955669595773993,Qwen3.5-9B
706,274,2249,832,3.0364963503649633,1.7814676761627197,1480.39963889122,5.938565917303479,0.9496510527177303,Qwen3.5-9B
707,313,2227,823,2.6293929712460065,2.321495532989502,1908.2693281173706,10.1909037479163,1.2362149512148384,Qwen3.5-9B
708,273,2078,733,2.6849816849816848,2.6059961318969727,1907.589168548584,13.544710903480235,1.3243837504901557,Qwen3.5-9B
709,82,593,218,2.658536585365854,2.224581480026245,482.7341811656952,9.249610846828865,1.1744320560461095,Qwen3.5-9B
710,348,2493,1156,3.32183908045977,1.5832068920135498,1828.60396027565,4.870550121524661,1.0582101344723622,Qwen3.5-9B
711,296,1959,773,2.6114864864864864,2.213421583175659,1708.761462211609,9.146959995696076,1.258408212146433,Qwen3.5-9B
712,257,1844,652,2.536964980544747,2.396007776260376,1559.8010623455048,10.979257120297163,1.2203455842837292,Qwen3.5-9B
713,273,1910,700,2.5641025641025643,2.538208484649658,1774.207730770111,12.656975481381362,1.3401260181617278,Qwen3.5-9B
714,245,1875,715,2.9183673469387754,1.8748263120651245,1338.625986814499,6.519686631076112,1.0299888388172653,Qwen3.5-9B
715,269,1969,802,2.9814126394052045,1.8105833530426025,1450.2772657871246,6.114013020229054,1.0626245907897867,Qwen3.5-9B
716,344,2151,504,1.4651162790697674,2.234516143798828,1123.9616203308105,9.34196059290119,0.7538511649469011,Qwen3.5-9B
717,262,1467,387,1.4770992366412214,2.535926103591919,978.8674759864807,12.628120381986676,0.9626497977458707,Qwen3.5-9B
718,355,2355,539,1.5183098591549296,1.6126997470855713,867.6324639320374,5.016335801114606,0.5315197677405616,Qwen3.5-9B
719,371,2239,552,1.4878706199460916,2.461817979812622,1356.4617068767548,11.726110005295034,0.8740333084711357,Qwen3.5-9B
720,355,2214,511,1.43943661971831,2.4249002933502197,1236.699149608612,11.301102568027352,0.8058625701047619,Qwen3.5-9B
721,95,632,143,1.5052631578947369,2.277489185333252,323.4034643173218,9.752163768215642,0.7382477439508085,Qwen3.5-9B
722,427,2638,768,1.7985948477751756,1.7775394916534424,1363.3727900981903,5.915283892642139,0.7456145425161519,Qwen3.5-9B
723,370,2120,547,1.4783783783783784,2.1995508670806885,1200.954773426056,9.020960978902606,0.8172695735630658,Qwen3.5-9B
724,331,1996,449,1.3564954682779455,2.024604082107544,907.0226287841797,7.573112020461675,0.6555897036678393,Qwen3.5-9B
725,367,2110,506,1.3787465940054495,2.525161027908325,1275.2063190937042,12.492906808297287,0.8719117690363773,Qwen3.5-9B
726,272,1738,456,1.6764705882352942,1.8362200260162354,835.4801118373871,6.272782436696826,0.6935230230777646,Qwen3.5-9B
727,330,1999,504,1.5272727272727273,1.9642034769058228,987.9943488836288,7.129231730273841,0.713043795678205,Qwen3.5-9B
728,258,1756,366,1.4186046511627908,2.6708388328552246,974.856173992157,14.45208699508503,0.8009226468100646,Qwen3.5-9B
729,260,1611,349,1.3423076923076922,2.3738760948181152,826.1088809967041,10.738936854243173,0.7398033431708727,Qwen3.5-9B
730,286,1830,371,1.2972027972027973,1.883629322052002,696.9428491592407,6.577332855481006,0.5494404329317276,Qwen3.5-9B
731,279,1663,376,1.3476702508960574,2.6483254432678223,993.1220412254333,14.13035673855688,0.8615587756304615,Qwen3.5-9B
732,253,1587,394,1.5573122529644268,2.700326919555664,1061.228479385376,14.884596995389435,0.9647316096152598,Qwen3.5-9B
733,236,1428,325,1.3771186440677967,3.1849937438964844,1031.937973022461,24.167137213260077,1.042557280241256,Qwen3.5-9B
734,241,1426,333,1.3817427385892116,2.925191640853882,971.1636247634888,18.637797471094807,0.9825336222566868,Qwen3.5-9B
735,281,1713,428,1.5231316725978647,3.0143916606903076,1287.1452391147614,20.376691227040165,1.0840385600552862,Qwen3.5-9B
736,198,1299,302,1.5252525252525253,2.8797554969787598,866.8064045906067,17.8099180684392,0.9626923027818789,Qwen3.5-9B
737,260,1944,783,3.0115384615384615,3.380502462387085,2643.5529255867004,29.385532529271135,1.961852209913294,Qwen3.5-9B
738,263,1801,705,2.6806083650190113,3.1721646785736084,2233.2039337158203,23.859075726927987,1.7889129597254523,Qwen3.5-9B
739,274,1996,814,2.9708029197080292,3.534496307373047,2873.545497894287,34.27774491787571,2.076978877545539,Qwen3.5-9B
740,258,1734,720,2.7906976744186047,3.466439723968506,2492.3701615333557,32.02253020508852,2.073662094638868,Qwen3.5-9B
741,171,1158,466,2.7251461988304095,3.2103846073150635,1492.8288424015045,24.788618275340983,1.859841768418534,Qwen3.5-9B
742,235,1739,668,2.842553191489362,3.426501512527466,2285.4765088558197,30.768809937678522,1.8960584389847686,Qwen3.5-9B
743,266,1972,764,2.8721804511278197,3.3666391372680664,2568.7456617355347,28.98096216285486,1.8792680666789525,Qwen3.5-9B
744,245,1614,635,2.5918367346938775,3.413290023803711,2164.0258750915527,30.36498161260651,1.9343428738227897,Qwen3.5-9B
745,292,2141,850,2.910958904109589,3.006636381149292,2552.634287595749,20.219275480982585,1.72007138155886,Qwen3.5-9B
746,250,1687,396,1.584,2.6492526531219482,1046.4547979831696,14.143464620506752,0.8949111722375701,Qwen3.5-9B
747,247,1567,372,1.5060728744939271,2.5884556770324707,960.3170561790466,13.309202017886642,0.8841382607725582,Qwen3.5-9B
748,270,1716,363,1.3444444444444446,2.0488014221191406,741.6661148071289,7.758596249271901,0.6235419730930242,Qwen3.5-9B
749,275,1645,405,1.4727272727272727,2.7786593437194824,1122.578374862671,16.09742536072224,0.9845217352118948,Qwen3.5-9B
750,234,1480,408,1.7435897435897436,2.800483226776123,1139.796673297882,16.45259518502928,1.1110668974247246,Qwen3.5-9B
751,227,1364,343,1.5110132158590308,3.2120540142059326,1098.522472858429,24.830035126674684,1.1619009705996601,Qwen3.5-9B
752,227,1369,370,1.6299559471365639,2.9031264781951904,1071.2536704540253,18.23105535621593,1.128920641269629,Qwen3.5-9B
753,268,1639,470,1.7537313432835822,3.0725791454315186,1441.0396192073822,21.597534084782758,1.2684446079042164,Qwen3.5-9B
754,194,1247,324,1.6701030927835052,2.878607749938965,929.7903032302856,17.789488513920215,1.0757047790994214,Qwen3.5-9B
755,152,985,248,1.631578947368421,2.3795547485351562,587.7500228881836,10.800093035974532,0.8608568967544744,Qwen3.5-9B
756,162,931,266,1.6419753086419753,2.5684916973114014,680.6502997875214,13.046132077557159,1.054748455513473,Qwen3.5-9B
757,153,957,228,1.4901960784313726,2.1311841011047363,483.77879095077515,8.424836766080015,0.729305394557933,Qwen3.5-9B
758,128,863,268,2.09375,1.7814584970474243,475.6494187116623,5.938511406772414,0.7951530215261104,Qwen3.5-9B
759,123,744,197,1.6016260162601625,2.411536455154419,472.6611452102661,11.151081125729087,0.9165401750211681,Qwen3.5-9B
760,139,940,200,1.4388489208633093,1.958901047706604,389.8213084936142,7.091529528741828,0.5982907112729617,Qwen3.5-9B
761,194,1187,332,1.711340206185567,2.561584949493408,847.8846182823181,12.956336189037847,1.030529851762369,Qwen3.5-9B
762,192,1196,300,1.5625,2.9135372638702393,871.1476418972015,18.421846385186363,1.0508364405076984,Qwen3.5-9B
763,82,413,123,1.5,3.4281210899353027,418.23077297210693,30.81868278268463,1.4609672206150524,Qwen3.5-9B
764,175,1081,253,1.4457142857142857,2.51222562789917,633.0808582305908,12.332346754512757,0.8449052864486607,Qwen3.5-9B
765,361,2462,1167,3.2326869806094183,1.7426217794418335,2031.8969948291779,5.712300198647102,1.190661136489538,Qwen3.5-9B
766,265,1748,816,3.079245283018868,2.237319231033325,1823.41517329216,9.368183658985018,1.5049382311157262,Qwen3.5-9B
767,361,2628,1273,3.526315789473684,1.5238192081451416,1938.2980327606201,4.589720863381699,1.0640688583061568,Qwen3.5-9B
768,372,2631,1283,3.4489247311827955,1.7815836668014526,2283.9902608394623,5.939254775307153,1.2524140717414605,Qwen3.5-9B
769,371,2808,1267,3.4150943396226414,2.0250401496887207,2563.7008295059204,7.576415129239404,1.317178943394271,Qwen3.5-9B
770,96,755,361,3.7604166666666665,1.6006157398223877,576.2216663360596,4.956083142828419,1.1010756827494148,Qwen3.5-9B
771,364,2745,1419,3.8983516483516483,1.39374577999115,1976.3315160274506,4.0299169991059545,1.0387044361841056,Qwen3.5-9B
772,329,2342,1122,3.4103343465045595,1.4692047834396362,1646.9785622358322,4.345777932050767,1.0145549975183903,Qwen3.5-9B
773,315,2102,1018,3.231746031746032,1.5913828611373901,1618.4363697767258,4.9105348230407735,1.1108040555048615,Qwen3.5-9B
774,365,2567,1239,3.3945205479452056,1.6561312675476074,2050.290509223938,5.239003285490698,1.1522960459832814,Qwen3.5-9B
775,296,2120,1098,3.7094594594594597,1.4567699432373047,1598.0766277313232,4.2920734730971875,1.0875175593342161,Qwen3.5-9B
776,347,2412,1191,3.4322766570605188,1.4120099544525146,1680.2918457984924,4.104196367078635,1.005036779925227,Qwen3.5-9B
777,340,2046,544,1.6,2.2883174419403076,1242.556370973587,9.85833649533478,0.8761632035330308,Qwen3.5-9B
778,306,1683,462,1.5098039215686274,1.9328043460845947,891.0228035449982,6.9088579287777065,0.7637992751000297,Qwen3.5-9B
779,356,1960,542,1.5224719101123596,2.338693618774414,1265.233247756958,10.367683564806445,0.9312988429116329,Qwen3.5-9B
780,380,1915,521,1.3710526315789473,2.527249813079834,1314.1699028015137,12.519029079195876,0.9900503402910051,Qwen3.5-9B
781,208,1182,306,1.4711538461538463,2.261606216430664,689.7898960113525,9.59849405051729,0.841925940973682,Qwen3.5-9B
782,313,1778,458,1.463258785942492,2.9294557571411133,1338.7612810134888,18.717440890572924,1.0862903605468595,Qwen3.5-9B
783,330,1904,509,1.5424242424242425,2.7408080101013184,1392.3304691314697,15.499503793672593,1.0549938356589157,Qwen3.5-9B
784,326,1741,442,1.3558282208588956,2.6395070552825928,1164.0226113796234,14.006297575327169,0.9645776271797839,Qwen3.5-9B
785,374,2120,538,1.4385026737967914,2.4277141094207764,1303.682476758957,11.33294657262365,0.8871774736386738,Qwen3.5-9B
786,297,1742,524,1.7643097643097643,2.8361918926239014,1483.3283598423004,17.050710810465453,1.2284675480794758,Qwen3.5-9B
787,282,1657,483,1.7127659574468086,2.309342384338379,1113.1030292510986,10.067801733485767,0.9691419555214502,Qwen3.5-9B
788,293,1697,495,1.689419795221843,3.1297311782836914,1546.0872020721436,22.867831346422733,1.3143973713679282,Qwen3.5-9B
789,294,1627,495,1.683673469387755,3.137570858001709,1549.9600038528442,23.047812395102145,1.3743820597017438,Qwen3.5-9B
790,183,1039,293,1.6010928961748634,2.9804837703704834,870.3012609481812,19.697343331293183,1.208449772136047,Qwen3.5-9B
791,276,1513,435,1.576086956521739,3.3992435932159424,1475.271719455719,29.941443568680327,1.406719890034699,Qwen3.5-9B
792,292,1631,472,1.6164383561643836,3.5290367603302,1662.1763141155243,34.09111388100692,1.4702719346766173,Qwen3.5-9B
793,291,1511,405,1.3917525773195876,3.481610059738159,1406.5704641342163,32.51202626262362,1.3429862562986907,Qwen3.5-9B
794,315,1817,504,1.6,2.91544771194458,1466.4701991081238,18.45707400569411,1.1643749498430056,Qwen3.5-9B
795,293,1769,500,1.7064846416382253,2.479339122772217,1237.1902222633362,11.933375315275665,1.0089814574876368,Qwen3.5-9B
796,285,1665,445,1.5614035087719298,2.0752689838409424,921.4194288253784,7.9666890814851765,0.798394739066135,Qwen3.5-9B
797,315,1753,491,1.5587301587301587,2.6190528869628906,1283.3359146118164,13.7227204608826,1.0561679177439645,Qwen3.5-9B
798,308,1737,510,1.655844155844156,2.6242027282714844,1335.7191886901855,13.793572575563616,1.109404403882303,Qwen3.5-9B
799,194,1107,291,1.5,2.416959285736084,700.9181928634644,11.211715806686694,0.9134699195239152,Qwen3.5-9B
800,283,1553,393,1.3886925795053005,3.3313934803009033,1305.906244277954,27.977300369802958,1.2131516178272608,Qwen3.5-9B
801,319,1757,461,1.445141065830721,3.0542070865631104,1404.9352598190308,21.2043656330022,1.1536102060961655,Qwen3.5-9B
802,300,1564,400,1.3333333333333333,2.89597487449646,1155.4939749240875,18.10113918151422,1.0658730354220316,Qwen3.5-9B
803,324,1908,498,1.537037037037037,2.5846056938171387,1284.549029827118,13.25806032400991,0.9712853852779414,Qwen3.5-9B
804,248,1608,299,1.2056451612903225,2.3897814750671387,712.1548795700073,10.911109333068644,0.638944224565004,Qwen3.5-9B
805,275,1604,347,1.2618181818181817,2.14460825920105,742.0344576835632,8.53869562658402,0.6674123642573616,Qwen3.5-9B
806,266,1511,306,1.150375939849624,2.562314987182617,781.5060710906982,12.965798256182486,0.7461779835785362,Qwen3.5-9B
807,321,1851,395,1.2305295950155763,2.713028907775879,1068.9333896636963,15.074866815414977,0.8331414912525363,Qwen3.5-9B
808,300,1708,347,1.1566666666666667,2.272212266921997,786.185444355011,9.700837935893324,0.664066652101909,Qwen3.5-9B
809,314,1632,381,1.213375796178344,2.4510908126831055,931.4145088195801,11.600994331634869,0.8233744441703664,Qwen3.5-9B
810,297,1584,344,1.1582491582491583,3.2331478595733643,1108.969715833664,25.359359161007074,1.0100411045008018,Qwen3.5-9B
811,266,1522,303,1.1390977443609023,2.7862837314605713,841.4576869010925,16.22062744671861,0.7976128988239845,Qwen3.5-9B
812,313,1747,375,1.1980830670926517,2.249215841293335,841.2067246437073,9.480298861961106,0.694679318835675,Qwen3.5-9B
813,322,1377,487,1.5124223602484472,3.066481590270996,1490.310052871704,21.466242614646607,1.5614109823275064,Qwen3.5-9B
814,381,1586,572,1.5013123359580052,2.682295799255371,1531.590901374817,14.618616208423735,1.3932021425498777,Qwen3.5-9B
815,305,1277,466,1.5278688524590165,2.7954046726226807,1299.8631727695465,16.369251601000926,1.4685247871486442,Qwen3.5-9B
816,330,1417,578,1.7515151515151515,2.7927491664886475,1611.4162690639496,16.325840617541513,1.6406367397221988,Qwen3.5-9B
817,207,873,309,1.4927536231884058,3.1233162879943848,961.9814167022705,22.721606227668158,1.5897432065334538,Qwen3.5-9B
818,145,619,257,1.7724137931034483,2.4368247985839844,623.8271484375,11.436669301466088,1.4539456113452094,Qwen3.5-9B
819,161,937,238,1.4782608695652173,2.319793462753296,549.7910506725311,10.173572867338956,0.8465110163611457,Qwen3.5-9B
820,157,995,237,1.5095541401273886,2.8099570274353027,663.1498584747314,16.609204463337488,0.9615306655152894,Qwen3.5-9B
821,156,896,228,1.4615384615384615,2.858994722366333,648.9918019771576,17.443982074307332,1.0449746141629883,Qwen3.5-9B
822,160,962,257,1.60625,2.6018779277801514,666.0807495117188,13.489045718245475,0.9989099731311439,Qwen3.5-9B
823,156,919,223,1.4294871794871795,3.1144063472747803,691.3982090950012,22.52005729102698,1.0853936534721098,Qwen3.5-9B
824,185,1074,298,1.6108108108108108,2.8531811237335205,847.3947937488556,17.34286397877865,1.1382981998292365,Qwen3.5-9B
825,155,927,216,1.3935483870967742,2.8589582443237305,614.676022529602,17.44334576359182,0.9566235700720709,Qwen3.5-9B
826,151,994,250,1.6556291390728477,2.3241419792175293,578.7113528251648,10.217909145104503,0.8399436607917591,Qwen3.5-9B
827,164,990,230,1.4024390243902438,2.072850227355957,474.68270206451416,7.9474428859187745,0.6917397780446948,Qwen3.5-9B
828,165,1004,214,1.2969696969696969,2.546757221221924,542.4592881202698,12.76564044286155,0.7794853833219827,Qwen3.5-9B
829,162,921,213,1.3148148148148149,2.455197334289551,520.5018348693848,11.6487320163454,0.8153370422797693,Qwen3.5-9B
830,167,992,228,1.3652694610778444,2.5616965293884277,581.5051121711731,12.957781936326324,0.8457001427227135,Qwen3.5-9B
831,164,987,217,1.3231707317073171,2.8723318576812744,620.4236812591553,17.678193204669405,0.9068714976723995,Qwen3.5-9B
832,200,1176,271,1.355,2.713451623916626,732.631938457489,15.081240551983218,0.8987793064706529,Qwen3.5-9B
833,161,945,208,1.2919254658385093,2.5825514793395996,534.5881562232971,13.230853378566168,0.8161351131230954,Qwen3.5-9B
834,163,1078,247,1.5153374233128833,1.916975498199463,471.57597255706787,6.800359634428065,0.6311134666145378,Qwen3.5-9B
835,287,1877,491,1.710801393728223,1.9064490795135498,934.1600489616394,6.729151641791926,0.7180117581425405,Qwen3.5-9B
836,167,1029,263,1.5748502994011977,3.0441553592681885,797.5687041282654,20.992292767106193,1.1182200332498402,Qwen3.5-9B
837,218,1510,360,1.651376146788991,2.2254104614257812,798.9223556518555,9.25728178126552,0.7633121328173912,Qwen3.5-9B
838,298,2032,520,1.74496644295302,2.1753804683685303,1129.0224630832672,8.805534712366697,0.8015920809756262,Qwen3.5-9B
839,182,1250,276,1.5164835164835164,3.2040047645568848,881.1013102531433,24.630974195479684,1.0169283926583823,Qwen3.5-9B
840,301,1862,483,1.6046511627906976,2.465383768081665,1188.3149762153625,11.76799746732107,0.9207175742212621,Qwen3.5-9B
841,258,1786,463,1.7945736434108528,2.069396495819092,956.0611810684204,7.920041896853455,0.7722870799069739,Qwen3.5-9B
842,303,1904,446,1.471947194719472,2.4491019248962402,1089.850356578827,11.577944185368624,0.8257992146782259,Qwen3.5-9B
843,277,1744,487,1.7581227436823104,1.9548157453536987,950.0404522418976,7.062617583701863,0.785905188700283,Qwen3.5-9B
844,194,1255,313,1.6134020618556701,2.65799617767334,829.294807434082,14.267670558204472,0.9533223156335602,Qwen3.5-9B
845,173,1055,260,1.5028901734104045,3.104128837585449,803.9693689346313,22.289792485249166,1.0994148071930068,Qwen3.5-9B
846,89,606,138,1.550561797752809,4.025217056274414,551.4547367095947,55.99246097771632,1.3128399569730385,Qwen3.5-9B
847,291,1671,545,1.872852233676976,2.6413745880126953,1436.9077758789062,14.032479234419856,1.2405863090815608,Qwen3.5-9B
848,285,1689,558,1.9578947368421054,2.780641555786133,1548.817346572876,16.12936551713782,1.3229550652122506,Qwen3.5-9B
849,294,1714,470,1.598639455782313,3.561774492263794,1670.4722368717194,35.22564936050983,1.4060571832424291,Qwen3.5-9B
850,95,491,145,1.5263157894736843,4.248893737792969,611.8406982421875,70.02790026075105,1.7977587396497854,Qwen3.5-9B
851,275,1709,565,2.0545454545454547,2.3832578659057617,1344.1574363708496,10.840161190852237,1.134704077019454,Qwen3.5-9B
852,287,1813,597,2.0801393728222997,2.3358237743377686,1392.15096950531,10.337972579152181,1.1078043573491856,Qwen3.5-9B
853,280,1752,503,1.7964285714285715,2.6824750900268555,1346.6024951934814,14.621237426374849,1.108868003347226,Qwen3.5-9B
854,261,2406,1205,4.616858237547893,1.7833486795425415,2147.15181016922,5.949746892294409,1.2874834865199063,Qwen3.5-9B
855,173,1579,767,4.433526011560693,2.5243656635284424,1933.6640982627869,12.482974345707856,1.7667432585869232,Qwen3.5-9B
856,199,1977,969,4.869346733668341,1.9095672369003296,1848.461085319519,6.750166943171677,1.3488951143483567,Qwen3.5-9B
857,276,2681,1344,4.869565217391305,2.001866340637207,2688.506495475769,7.402859471489565,1.446734423133405,Qwen3.5-9B
858,161,1592,786,4.881987577639752,2.0285427570343018,1592.4060642719269,7.602998865541265,1.443063022617224,Qwen3.5-9B
859,263,2394,1162,4.418250950570342,2.1011219024658203,2439.4025287628174,8.175336699888023,1.4700559444353023,Qwen3.5-9B
860,225,2070,993,4.413333333333333,1.99687922000885,1980.9041862487793,7.36603242510007,1.3805993458827543,Qwen3.5-9B
861,258,2494,1229,4.763565891472868,2.1276633739471436,2612.7706232070923,8.395227368370024,1.5113998480678583,Qwen3.5-9B
862,236,2198,1099,4.656779661016949,1.9290119409561157,2118.055111169815,6.882706360550788,1.390221840406831,Qwen3.5-9B
863,205,1896,895,4.365853658536586,2.5670902729034424,2294.9787039756775,13.02786171489054,1.7462839636980436,Qwen3.5-9B
864,213,1974,978,4.591549295774648,2.178945779800415,2128.8300268650055,8.83698521804917,1.555852341769839,Qwen3.5-9B
865,120,1162,589,4.908333333333333,2.3935909271240234,1407.4314651489258,10.952753952188425,1.7474134209650973,Qwen3.5-9B
866,373,3424,1761,4.721179624664879,2.032468318939209,3577.144241333008,7.632903566225077,1.5072220378258305,Qwen3.5-9B
867,339,2724,1324,3.905604719764012,2.0873594284057617,2761.5765237808228,8.06359452870113,1.4625964595792862,Qwen3.5-9B
868,322,2855,1404,4.3602484472049685,2.477940082550049,3476.5499358177185,11.91669171645752,1.7567780566749795,Qwen3.5-9B
869,110,997,489,4.445454545454545,2.751647710800171,1342.8040828704834,15.668427663843024,1.9430860493908717,Qwen3.5-9B
870,318,2872,1466,4.610062893081761,1.95842444896698,2869.0918177366257,7.088150519986041,1.4412341703703802,Qwen3.5-9B
871,415,3746,1830,4.409638554216867,1.9975465536117554,3653.5126465559006,7.370949666595187,1.4070754343329712,Qwen3.5-9B
872,342,3089,1490,4.356725146198831,2.211974859237671,3293.630565404892,9.133736437436042,1.5382662619714957,Qwen3.5-9B
873,137,914,325,2.372262773722628,2.42897891998291,786.9891700744629,11.347289671888415,1.2422159440916287,Qwen3.5-9B
874,153,1046,364,2.3790849673202614,2.0053770542144775,727.9518706798553,7.428894464708498,1.0040272981220566,Qwen3.5-9B
875,127,834,295,2.322834645669291,2.8974292278289795,851.84419298172,18.127483786143472,1.47356282113284,Qwen3.5-9B
876,144,1002,358,2.486111111111111,2.766275405883789,987.5603199005127,15.899305132040029,1.4219045669652575,Qwen3.5-9B
877,132,1018,367,2.7803030303030303,2.7560510635375977,1008.7146892547607,15.737573402501422,1.4295360312963608,Qwen3.5-9B
878,162,1078,394,2.432098765432099,2.785503625869751,1094.7029249668121,16.207978578928522,1.4650486837627672,Qwen3.5-9B
879,139,933,327,2.352517985611511,2.6484196186065674,863.384795665741,14.131687532352318,1.3350492637576588,Qwen3.5-9B
880,129,1032,381,2.953488372093023,1.8381415605545044,698.4937930107117,6.284847392702539,0.9764666000661587,Qwen3.5-9B
881,243,1318,325,1.337448559670782,2.910557508468628,943.0206327438354,18.367035490996688,1.032239142879745,Qwen3.5-9B
882,299,1583,377,1.2608695652173914,2.633363723754883,990.1447601318359,13.920516007936492,0.902385935062787,Qwen3.5-9B
883,206,1154,263,1.2766990291262137,2.882331371307373,755.1708192825317,17.855853315499388,0.9440911577148736,Qwen3.5-9B
884,237,1354,374,1.5780590717299579,3.011509418487549,1123.2930130958557,20.31804522422443,1.1968753762618998,Qwen3.5-9B
885,141,801,179,1.2695035460992907,3.047451972961426,542.4464511871338,21.06161044091427,0.9770097441641638,Qwen3.5-9B
886,102,557,157,1.5392156862745099,2.130140781402588,332.3019618988037,8.416051551585166,0.8607008842173741,Qwen3.5-9B
887,224,984,352,1.5714285714285714,2.3444597721099854,822.9053800106049,10.427637904818603,1.2065056004696622,Qwen3.5-9B
888,229,942,350,1.5283842794759825,2.52941632270813,882.7662966251373,12.546181078146024,1.3519772382218698,Qwen3.5-9B
889,226,922,335,1.4823008849557522,2.877674102783203,961.1431503295898,17.77288715967627,1.5039440960573696,Qwen3.5-9B
890,253,1055,373,1.4743083003952568,2.952439785003662,1098.3076000213623,19.15262505847314,1.5019174672241504,Qwen3.5-9B
891,266,1054,377,1.4172932330827068,3.204603910446167,1204.9310703277588,24.64573616426278,1.6492866032019813,Qwen3.5-9B
892,284,1162,421,1.482394366197183,2.85898494720459,1200.7736778259277,17.44381155739453,1.4908349657740687,Qwen3.5-9B
893,244,975,344,1.4098360655737705,2.7488088607788086,942.8414392471313,15.624010424405505,1.395110429483538,Qwen3.5-9B
894,277,1152,435,1.5703971119133573,2.309169292449951,1002.1794729232788,10.066059229482407,1.2550688851277165,Qwen3.5-9B
895,281,1883,413,1.4697508896797153,1.857442855834961,765.2664566040039,6.407331334899052,0.5863229537446977,Qwen3.5-9B
896,283,1847,476,1.6819787985865724,1.6147165298461914,766.9903516769409,5.0264628692954565,0.5990975510416918,Qwen3.5-9B
897,285,1742,386,1.3543859649122807,2.043548107147217,786.7660212516785,7.717944770434964,0.6515863588976678,Qwen3.5-9B
898,310,1987,450,1.4516129032258065,2.475381374359131,1111.4462370872498,11.886239355720667,0.8069843857375312,Qwen3.5-9B
899,304,1983,428,1.4078947368421053,1.939841389656067,828.3122733831406,6.957647328279335,0.6026233026310238,Qwen3.5-9B
900,311,1741,439,1.4115755627009647,2.3903067111968994,1046.954339504242,10.916841747209865,0.8675679687765365,Qwen3.5-9B
901,316,1718,389,1.231012658227848,2.9214742183685303,1133.5319967269897,18.568641524274327,0.9518864903183893,Qwen3.5-9B
902,258,1561,343,1.3294573643410852,2.5043587684631348,856.4906988143921,12.235710526271083,0.7915790414779285,Qwen3.5-9B
903,316,1812,448,1.4177215189873418,1.8990819454193115,848.8896296024323,6.679759242915383,0.675876853691776,Qwen3.5-9B
904,201,1111,271,1.3482587064676617,1.664135456085205,449.31657314300537,5.281105527899665,0.5834624589222656,Qwen3.5-9B
905,179,1121,252,1.4078212290502794,2.1501450538635254,539.6864085197449,8.586103754375976,0.6945610215937655,Qwen3.5-9B
906,171,977,229,1.3391812865497077,2.241471529006958,511.0555086135864,9.407164022043212,0.7546542967203768,Qwen3.5-9B
907,176,1063,248,1.4090909090909092,2.440401077270508,602.7790660858154,11.477643241577505,0.8180868950081719,Qwen3.5-9B
908,174,1054,246,1.4137931034482758,2.4718265533447266,605.597505569458,11.844060915096787,0.8289302827891684,Qwen3.5-9B
909,219,1255,309,1.4109589041095891,2.5822458267211914,795.331714630127,13.226809951560739,0.9142797773375302,Qwen3.5-9B
910,167,973,224,1.341317365269461,2.4528982639312744,546.9963128566742,11.621981524269792,0.811047140742931,Qwen3.5-9B
911,174,1179,277,1.5919540229885059,1.793105959892273,494.89724493026733,6.008084385538694,0.605585921128505,Qwen3.5-9B
912,328,1971,442,1.3475609756097562,2.506528615951538,1105.3791196346283,12.262288977189689,0.8090943552506782,Qwen3.5-9B
913,251,1378,352,1.402390438247012,2.7498364448547363,965.1925921440125,15.640073660469076,1.0105069420819526,Qwen3.5-9B
914,353,2226,503,1.424929178470255,1.7875691652297974,897.3597209453583,5.974910778454189,0.5815886879161601,Qwen3.5-9B
915,342,2022,518,1.5146198830409356,2.624677896499634,1356.9584724903107,13.800128400440691,0.9681885553679693,Qwen3.5-9B
916,333,2040,464,1.3933933933933933,2.6180918216705322,1212.1765134334564,13.709538365972492,0.8572554140257459,Qwen3.5-9B
917,91,581,132,1.4505494505494505,2.461421489715576,322.4462151527405,11.721461640377289,0.8006739338283553,Qwen3.5-9B
918,343,2182,677,1.9737609329446064,1.9843038320541382,1341.3893904685974,7.273981709472461,0.8869000098671471,Qwen3.5-9B
919,340,1861,488,1.4352941176470588,2.4334962368011475,1185.1126673221588,11.398664926150468,0.9187298055026171,Qwen3.5-9B
920,300,1734,388,1.2933333333333332,2.3464317321777344,908.0690803527832,10.448221078295912,0.755517162058571,Qwen3.5-9B
921,327,1862,431,1.3180428134556574,2.9801933765411377,1281.4831519126892,19.691624174779346,0.9929051494345837,Qwen3.5-9B
922,268,1661,401,1.4962686567164178,2.096810817718506,838.7243270874023,8.140167992644509,0.7284909255640749,Qwen3.5-9B
923,281,1752,483,1.7188612099644127,2.0832133293151855,1004.1088247299194,8.030231278223365,0.8268395102458335,Qwen3.5-9B
924,165,1119,271,1.6424242424242423,1.96235191822052,529.8350179195404,7.116043752269387,0.6831012983394423,Qwen3.5-9B
925,198,1145,290,1.4646464646464648,2.035162925720215,588.1620855331421,7.65349897573668,0.7410816803821612,Qwen3.5-9B
926,161,980,209,1.2981366459627328,2.005030393600464,417.0463218688965,7.42631960591877,0.6139496534502443,Qwen3.5-9B
927,136,883,253,1.8602941176470589,1.6966975927352905,427.5677933692932,5.455900004407524,0.6985842980042087,Qwen3.5-9B
928,134,840,221,1.6492537313432836,1.760825753211975,387.3816657066345,5.817239015454584,0.6653257238646046,Qwen3.5-9B
929,141,963,180,1.2765957446808511,1.9141908884048462,342.64016902446747,6.781449627098031,0.5133180401463712,Qwen3.5-9B
930,223,1383,337,1.5112107623318385,2.182323932647705,733.2608413696289,8.86688838512178,0.7649109034866468,Qwen3.5-9B
931,213,1350,324,1.5211267605633803,2.315758228302002,747.9899077415466,10.13260283305214,0.7993491337286834,Qwen3.5-9B
932,98,512,128,1.3061224489795917,3.1067259311676025,394.5541932582855,22.34775639853369,1.1117605038587388,Qwen3.5-9B
933,176,1180,272,1.5454545454545454,1.8237533569335938,494.2371597290039,6.195067165640262,0.6042656774271868,Qwen3.5-9B
934,223,1743,640,2.8699551569506725,2.184239625930786,1395.7291209697723,8.883890904249062,1.1552561567684467,Qwen3.5-9B
935,227,1671,611,2.6916299559471364,2.0525128841400146,1252.032859325409,7.787445487896718,1.080970435175821,Qwen3.5-9B
936,209,1770,632,3.0239234449760763,1.7824395895004272,1124.7193809747696,5.94434049446508,0.9167384595050875,Qwen3.5-9B
937,250,1738,642,2.568,2.256333827972412,1446.3099837303162,9.548020236967616,1.2005663067410384,Qwen3.5-9B
938,228,1760,689,3.0219298245614037,2.1619186401367188,1487.4000244140625,8.687790421427216,1.2192412721819836,Qwen3.5-9B
939,229,1482,543,2.37117903930131,2.491318464279175,1350.2946076393127,12.077188970127558,1.3144826816331614,Qwen3.5-9B
940,204,1406,518,2.5392156862745097,2.5786399841308594,1333.1568717956543,13.179202041801057,1.3679507878141066,Qwen3.5-9B
941,262,1774,676,2.5801526717557253,2.515714645385742,1698.107385635376,12.375449677690883,1.380975819702976,Qwen3.5-9B
942,191,1453,549,2.8743455497382198,2.2571518421173096,1236.9192094802856,9.555833847963678,1.2281467374380628,Qwen3.5-9B
943,271,1746,408,1.5055350553505535,2.1895625591278076,891.1519615650177,8.931305342052681,0.7363462288822011,Qwen3.5-9B
944,252,1588,398,1.5793650793650793,2.1568562984466553,856.2719504833221,8.643920992489697,0.7779214714197789,Qwen3.5-9B
945,275,1601,385,1.4,2.218879461288452,852.0497131347656,9.197019473453116,0.7678000597941226,Qwen3.5-9B
946,272,1712,436,1.6029411764705883,2.813424825668335,1223.8397991657257,16.66690181679716,1.0313245380250802,Qwen3.5-9B
947,271,1733,397,1.4649446494464944,2.3278212547302246,921.817216873169,10.255572893177982,0.7673982269988384,Qwen3.5-9B
948,268,1446,437,1.6305970149253732,2.977874517440796,1298.353289604187,19.646014973953474,1.2953857899265786,Qwen3.5-9B
949,269,1509,386,1.4349442379182156,3.7052340507507324,1426.515109539032,40.65956260445726,1.3638345091352801,Qwen3.5-9B
950,264,1509,391,1.481060606060606,2.4451305866241455,953.6009287834167,11.532055432704245,0.9117000205055963,Qwen3.5-9B
951,289,1642,456,1.5778546712802768,2.408871650695801,1096.0366010665894,11.121405232813869,0.9630003465234858,Qwen3.5-9B
952,328,2155,581,1.771341463414634,1.558068037033081,903.679461479187,4.749636254114216,0.6049809176933791,Qwen3.5-9B
953,221,1370,342,1.5475113122171946,2.2242822647094727,758.4802522659302,9.246843635605947,0.7987267872673486,Qwen3.5-9B
954,249,1718,402,1.6144578313253013,1.8119887113571167,726.6074732542038,6.122611439777103,0.6101705461796857,Qwen3.5-9B
955,346,2346,579,1.6734104046242775,1.8959194421768188,1095.8414375782013,6.658667851026875,0.6738981277044772,Qwen3.5-9B
956,223,1557,371,1.663677130044843,2.157600164413452,798.3120608329773,8.650353303227611,0.7397051067730154,Qwen3.5-9B
957,358,2289,592,1.6536312849162011,1.9427058696746826,1148.1391689777374,6.977605941905623,0.7236411906223492,Qwen3.5-9B
958,301,2038,533,1.7707641196013288,1.7464733123779297,929.1238021850586,5.734343734455117,0.6577243875290885,Qwen3.5-9B
959,394,2476,626,1.5888324873096447,1.6418277025222778,1026.1423140764236,5.1646002442159995,0.5979040499856145,Qwen3.5-9B
960,306,2073,562,1.8366013071895424,1.7317187786102295,971.4942348003387,5.650357280299036,0.6761070500717159,Qwen3.5-9B
961,276,1825,463,1.6775362318840579,1.8610106706619263,859.7869298458099,6.430232335609118,0.6796768985806559,Qwen3.5-9B
962,271,1748,422,1.5571955719557196,2.083158493041992,877.0097255706787,8.029790942340487,0.7238315685882203,Qwen3.5-9B
963,174,1144,267,1.5344827586206897,2.348301887512207,624.6483020782471,10.467779157303797,0.7877421396048936,Qwen3.5-9B
964,512,2928,888,1.734375,1.5813218355178833,1402.6324681043625,4.861377507544588,0.6911102820778726,Qwen3.5-9B
965,498,2966,1028,2.0642570281124497,1.356684684753418,1393.3151712417603,3.883297581239371,0.6777238327531506,Qwen3.5-9B
966,441,2545,726,1.6462585034013606,2.3614654541015625,1712.0624542236328,10.60648338356565,0.970524169902013,Qwen3.5-9B
967,146,812,222,1.5205479452054795,3.0160560607910156,666.5483894348145,20.41063443367295,1.1842685418105077,Qwen3.5-9B
968,415,2593,772,1.8602409638554216,1.5438933372497559,1190.3417630195618,4.682786493074671,0.6622831309183754,Qwen3.5-9B
969,508,3179,937,1.844488188976378,1.6093376874923706,1506.340075492859,4.999498900403109,0.6836078505208727,Qwen3.5-9B
970,443,2776,800,1.8058690744920993,1.7850651741027832,1426.2670741081238,5.959968370516056,0.7412350269448854,Qwen3.5-9B
971,189,1120,429,2.2698412698412698,4.645265102386475,1988.1734638214111,104.09095688910173,2.5610071398948064,Qwen3.5-9B
972,246,1419,555,2.2560975609756095,4.1847243309021,2318.337279319763,65.67539374451064,2.3570498209884665,Qwen3.5-9B
973,176,1067,405,2.3011363636363638,4.5962066650390625,1856.8674926757812,99.10765316447826,2.51067809116333,Qwen3.5-9B
974,143,827,330,2.3076923076923075,4.519279479980469,1486.8429489135742,91.76945242376758,2.5937859117029456,Qwen3.5-9B
975,120,775,289,2.408333333333333,4.692211627960205,1351.356948852539,109.09418895648437,2.5156077013940625,Qwen3.5-9B
976,93,542,252,2.7096774193548385,3.4949543476104736,877.2335412502289,32.94878372795996,2.3350193351718986,Qwen3.5-9B
977,194,1298,469,2.417525773195876,2.9388411045074463,1375.3776369094849,18.893937520677863,1.528698379136283,Qwen3.5-9B
978,238,1522,569,2.3907563025210083,2.918419599533081,1657.66233253479,18.51200794316325,1.5712885851618748,Qwen3.5-9B
979,166,1129,415,2.5,2.976529121398926,1232.2830562591553,19.61960107573035,1.5746755130527712,Qwen3.5-9B
980,199,1405,562,2.8241206030150754,2.97298526763916,1667.8447351455688,19.550195133586037,1.7125916927880989,Qwen3.5-9B
981,125,861,322,2.576,3.0614495277404785,982.7252984046936,21.3584944645921,1.6466584373572337,Qwen3.5-9B
982,93,616,275,2.956989247311828,2.4643585681915283,675.2342476844788,11.755939099785126,1.5814238645662135,Qwen3.5-9B
983,274,1891,401,1.4635036496350364,2.469069242477417,987.6276969909668,11.811448139664835,0.7534878797955873,Qwen3.5-9B
984,284,1802,394,1.3873239436619718,2.183321714401245,858.0454337596893,8.875740019828562,0.6869577647849741,Qwen3.5-9B
985,285,1834,374,1.312280701754386,1.7942627668380737,669.2600120306015,6.015038600853619,0.5264657036105981,Qwen3.5-9B
986,291,1816,414,1.422680412371134,2.334918737411499,964.3214385509491,10.328620564822785,0.7660912760024039,Qwen3.5-9B
987,308,1902,466,1.5129870129870129,2.2971842288970947,1068.190666437149,9.946136943483593,0.8102383686607528,Qwen3.5-9B
988,263,1579,371,1.4106463878326996,2.700953245162964,999.3527007102966,14.893922519744484,0.9130849812626582,Qwen3.5-9B
989,260,1574,375,1.4423076923076923,2.473263740539551,925.000638961792,11.861095285636237,0.8478359813527954,Qwen3.5-9B
990,314,1888,503,1.6019108280254777,2.4826159477233887,1246.273205757141,11.97254303509404,0.9523263631030817,Qwen3.5-9B
991,223,1432,337,1.5112107623318385,2.4613747596740723,827.0219192504883,11.720913908786207,0.8331986184421454,Qwen3.5-9B
992,450,1893,704,1.5644444444444445,2.6536171436309814,1865.49285197258,14.205328541653508,1.4217312659031431,Qwen3.5-9B
993,412,1709,605,1.4684466019417475,2.7163991928100586,1640.7051124572754,15.125759126058634,1.3850422055607257,Qwen3.5-9B
994,467,1916,732,1.5674518201284797,2.692321300506592,1968.0868706703186,14.765912288295288,1.4819150147989288,Qwen3.5-9B
995,421,1706,656,1.5581947743467934,2.9769396781921387,1949.8954892158508,19.627657689967805,1.6489475689000395,Qwen3.5-9B
996,278,1130,414,1.4892086330935252,2.8686938285827637,1184.7705512046814,17.613996269346316,1.5126217688621926,Qwen3.5-9B
997,419,1695,626,1.494033412887828,2.681978940963745,1676.2368381023407,14.613984912437012,1.4267248222334177,Qwen3.5-9B
998,449,1837,698,1.55456570155902,2.6922388076782227,1876.4904489517212,14.764694256667305,1.4737090174078131,Qwen3.5-9B
999,415,1650,563,1.3566265060240963,3.1517372131347656,1771.2763137817383,23.3766395323114,1.5487342751133317,Qwen3.5-9B
1000,505,2135,817,1.617821782178218,2.269711494445801,1852.0845794677734,9.676608655972588,1.251519081079662,Qwen3.5-9B
1001,229,1329,374,1.6331877729257642,3.138125419616699,1170.5207815170288,23.06059737186699,1.2706580336735074,Qwen3.5-9B
1002,266,1493,414,1.556390977443609,2.8851912021636963,1191.5839664936066,17.906991123664785,1.1514348822927842,Qwen3.5-9B
1003,179,1116,293,1.6368715083798884,3.142092227935791,917.490930557251,23.152256017311863,1.186074924350848,Qwen3.5-9B
1004,252,1454,439,1.742063492063492,3.034072160720825,1328.9236063957214,20.781686885999278,1.3185911256309382,Qwen3.5-9B
1005,136,838,219,1.6102941176470589,3.202824831008911,698.2158131599426,24.60192842211827,1.2020435454846115,Qwen3.5-9B
1006,93,557,209,2.247311827956989,2.3463315963745117,488.03697204589844,10.447174889667332,1.2640727456751943,Qwen3.5-9B
1007,209,1844,722,3.4545454545454546,2.930448055267334,2112.853047847748,18.736023390261316,1.6530382940656603,Qwen3.5-9B
1008,216,1879,721,3.337962962962963,3.2044012546539307,2307.16890335083,24.640742069133406,1.771442860754375,Qwen3.5-9B
1009,223,1977,791,3.5470852017937218,2.4847116470336914,1962.9222011566162,11.997660195089908,1.4324219146482036,Qwen3.5-9B
1010,230,1891,746,3.243478260869565,2.983042001724243,2222.366291284561,19.747798202689026,1.6955033460999651,Qwen3.5-9B
1011,217,1984,809,3.728110599078341,2.5620877742767334,2070.1669216156006,12.962852594142484,1.5053525965862895,Qwen3.5-9B
1012,206,1633,646,3.1359223300970873,2.9621870517730713,1910.610648393631,19.340223605497464,1.6879537706718544,Qwen3.5-9B
1013,182,1551,612,3.3626373626373627,2.937779664993286,1794.9833753108978,18.873893388514194,1.6696412727525243,Qwen3.5-9B
1014,233,1952,766,3.2875536480686693,3.070061683654785,2348.5971879959106,21.543231499273386,1.7358143013152996,Qwen3.5-9B
1015,180,1528,618,3.433333333333333,2.9166526794433594,1799.5747032165527,18.479327584720682,1.6991083115443384,Qwen3.5-9B
1016,271,1518,413,1.5239852398523985,2.4224205017089844,998.0372467041016,11.273112906949427,0.9485266050345733,Qwen3.5-9B
1017,309,1694,451,1.4595469255663431,2.527310848236084,1137.2898817062378,12.519793203410806,0.9685728880701212,Qwen3.5-9B
1018,222,1246,306,1.3783783783783783,2.706075429916382,825.3530061244965,14.970407660878708,0.9556442126152563,Qwen3.5-9B
1019,255,1510,425,1.6666666666666667,2.806333065032959,1189.8852195739746,16.549122264399976,1.1368486791433434,Qwen3.5-9B
1020,136,872,207,1.5220588235294117,2.7273764610290527,561.8395509719849,15.29271331495643,0.9295448783974364,Qwen3.5-9B
1021,114,691,247,2.1666666666666665,1.6251442432403564,399.7854838371277,5.079151617631511,0.8346867365430086,Qwen3.5-9B
1022,307,1967,480,1.5635179153094463,1.7616881132125854,843.8486062288284,5.8222577333552685,0.6189202844267384,Qwen3.5-9B
1023,195,1158,267,1.3692307692307693,2.714601993560791,722.0841302871704,15.09859953602038,0.8996089757080491,Qwen3.5-9B
1024,231,1617,343,1.4848484848484849,2.0400471687316895,697.6961317062378,7.69097196371634,0.6224877855658641,Qwen3.5-9B
1025,323,2182,485,1.501547987616099,2.1157515048980713,1024.0237283706665,8.295817771823552,0.6770641405467405,Qwen3.5-9B
1026,210,1361,272,1.2952380952380953,2.8125102519989014,762.1902782917023,16.651665675593286,0.8079413186665818,Qwen3.5-9B
1027,332,2053,483,1.4548192771084338,2.272796154022217,1095.4877462387085,9.706503783972247,0.7698269551160312,Qwen3.5-9B
1028,285,1882,462,1.6210526315789473,1.8518140316009521,853.6862685680389,6.37136690668541,0.6544149554400178,Qwen3.5-9B
1029,342,2105,469,1.371345029239766,1.9762974977493286,924.9072289466858,7.215976295399603,0.633899796904388,Qwen3.5-9B
1030,299,1887,465,1.5551839464882944,1.9036883115768433,883.3113765716553,6.710599636372258,0.6753306531747381,Qwen3.5-9B
1031,225,1455,326,1.448888888888889,2.378552198410034,773.0294644832611,10.789270827159843,0.766491941492132,Qwen3.5-9B
1032,223,1408,318,1.4260089686098654,2.5551934242248535,809.9963154792786,12.873789519473304,0.8299557297445224,Qwen3.5-9B
1033,143,890,193,1.3496503496503496,2.824042558670044,542.2161712646484,16.844809346194115,0.8789354846891115,Qwen3.5-9B
1034,397,2203,645,1.6246851385390428,2.022418975830078,1302.4378204345703,7.5565820323133766,0.8529371695901884,Qwen3.5-9B
1035,377,2058,649,1.7214854111405835,2.08487606048584,1350.9996871948242,8.043594500721778,0.9470750966756627,Qwen3.5-9B
1036,377,2094,531,1.4084880636604775,2.9683597087860107,1573.2306456565857,19.45997337928604,1.083902602991069,Qwen3.5-9B
1037,120,672,170,1.4166666666666667,3.4480056762695312,582.7129592895508,31.437632930907004,1.251007584268999,Qwen3.5-9B
1038,354,2061,628,1.7740112994350283,1.7558722496032715,1100.9319005012512,5.788494552674584,0.7706496813244138,Qwen3.5-9B
1039,424,2434,752,1.7735849056603774,1.8156177997589111,1363.5289676189423,6.144871305020561,0.8081990467100642,Qwen3.5-9B
1040,369,2223,588,1.5934959349593496,2.167929172515869,1272.5744242668152,8.740165911669967,0.8258825060962043,Qwen3.5-9B
1041,166,1018,205,1.2349397590361446,2.5744855403900146,525.195050239563,13.124563363612364,0.7442989140275517,Qwen3.5-9B
1042,194,1069,247,1.2731958762886597,2.101775884628296,517.0368676185608,8.180684972908942,0.6977797239196082,Qwen3.5-9B
1043,147,852,177,1.2040816326530612,2.1786162853240967,383.436466217041,8.834073959880598,0.6492745167926216,Qwen3.5-9B
1044,120,748,190,1.5833333333333333,2.053833246231079,388.17448353767395,7.797734526838866,0.7486863668441668,Qwen3.5-9B
1045,115,713,155,1.3478260869565217,2.0153021812438965,310.35653591156006,7.50299430282649,0.6279801336144253,Qwen3.5-9B
1046,130,827,154,1.1846153846153846,2.2206032276153564,339.75229382514954,9.212886657659316,0.5926952230135347,Qwen3.5-9B
1047,205,1184,282,1.3756097560975609,2.5139524936676025,706.4206507205963,12.353661460488803,0.8607682175474315,Qwen3.5-9B
1048,188,1200,241,1.2819148936170213,3.060746669769287,734.5792007446289,21.343487750916964,0.8831448083787121,Qwen3.5-9B
1049,76,422,105,1.381578947368421,3.3785183429718018,351.3659076690674,29.32728592686715,1.2012176600275188,Qwen3.5-9B
1050,167,1023,205,1.2275449101796407,2.5379552841186523,517.7428779602051,12.653771134156877,0.7301515957856965,Qwen3.5-9B
1051,184,1124,435,2.364130434782609,2.6956021785736084,1169.891345500946,14.814437004372477,1.501598258481434,Qwen3.5-9B
1052,170,1030,400,2.3529411764705883,3.1948537826538086,1274.7466592788696,24.406604762403845,1.7855055181858237,Qwen3.5-9B
1053,151,923,347,2.2980132450331126,3.95115327835083,1367.0990343093872,51.99529732066785,2.1368439839677613,Qwen3.5-9B
1054,184,1054,394,2.141304347826087,3.49967098236084,1375.37069606781,33.10455818308958,1.8825811030370314,Qwen3.5-9B
1055,182,1074,403,2.2142857142857144,3.663753032684326,1472.8287191390991,39.00746478993994,1.9784382580827025,Qwen3.5-9B
1056,208,1186,473,2.2740384615384617,3.190390110015869,1505.8641319274902,24.29790445032735,1.831789810610754,Qwen3.5-9B
1057,159,981,384,2.4150943396226414,3.5272538661956787,1350.938230752945,34.0303871847505,1.9867399450097696,Qwen3.5-9B
1058,199,1235,492,2.472361809045226,3.0680887699127197,1506.4315860271454,21.500770461555284,1.7597743956274159,Qwen3.5-9B
1059,250,1587,307,1.228,2.835670232772827,867.7150912284851,17.041818458796435,0.7888142778953056,Qwen3.5-9B
1060,269,1522,326,1.211895910780669,2.4285309314727783,789.272552728653,11.342207354989059,0.7481469104674117,Qwen3.5-9B
1061,243,1561,281,1.1563786008230452,2.201550006866455,616.4340019226074,9.039013179325195,0.5697157447848069,Qwen3.5-9B
1062,285,1609,328,1.1508771929824562,2.7746503353118896,907.3106596469879,16.03301983451977,0.8135317521556269,Qwen3.5-9B
1063,292,1554,376,1.2876712328767124,2.673935651779175,1002.7258694171906,14.496911863008,0.9309058167176674,Qwen3.5-9B
1064,232,1326,305,1.3146551724137931,3.2119436264038086,976.4308624267578,24.827294344947607,1.0623619630422452,Qwen3.5-9B
1065,231,1299,297,1.2857142857142858,2.928316354751587,866.7816410064697,18.696126338927872,0.9626647998565294,Qwen3.5-9B
1066,299,1590,391,1.3076923076923077,3.032667636871338,1182.7403783798218,20.752518999426407,1.0731658355645946,Qwen3.5-9B
1067,212,1192,269,1.2688679245283019,2.9104671478271484,780.0051956176758,18.365375908869225,0.9440517009943346,Qwen3.5-9B
1068,308,1711,426,1.3831168831168832,2.7186179161071777,1155.4126143455505,15.15935625780522,0.9742303032711152,Qwen3.5-9B
1069,310,1579,416,1.3419354838709678,1.9837690591812134,823.2641595602036,7.270092821304713,0.7521970363135693,Qwen3.5-9B
1070,339,1870,476,1.4041297935103245,2.4535837173461914,1165.452265739441,11.629950582090634,0.8991402161364159,Qwen3.5-9B
1071,326,1721,451,1.383435582822086,2.7526793479919434,1238.7057065963745,15.684600137185804,1.0383931319160076,Qwen3.5-9B
1072,201,1044,254,1.263681592039801,2.6980695724487305,682.6116018295288,14.851035187999933,0.943295376257407,Qwen3.5-9B
1073,300,1590,362,1.2066666666666668,3.447699785232544,1244.6196224689484,31.428017911418454,1.129312300081161,Qwen3.5-9B
1074,334,1775,432,1.2934131736526946,3.105466365814209,1338.456003665924,22.319625658819703,1.087878219119374,Qwen3.5-9B
1075,321,1623,365,1.1370716510903427,2.974343776702881,1082.6611347198486,19.576772299445427,0.9623843807908464,Qwen3.5-9B
1076,354,1934,446,1.2598870056497176,2.736358404159546,1217.679489850998,15.430690319456037,0.9083454815926773,Qwen3.5-9B
1077,268,2213,836,3.1194029850746268,1.5843130350112915,1322.9013842344284,4.875940627222171,0.8624235276186873,Qwen3.5-9B
1078,182,1347,503,2.7637362637362637,2.3100757598876953,1159.658031463623,10.07518792120616,1.242043720207592,Qwen3.5-9B
1079,206,1805,648,3.145631067961165,1.8620394468307495,1204.739522099495,6.436851009379155,0.9629206283079674,Qwen3.5-9B
1080,288,2494,891,3.09375,1.91903817653656,1707.9439771175385,6.814401065429807,0.9879880937865461,Qwen3.5-9B
1081,185,1653,573,3.097297297297297,1.9358495473861694,1107.305941104889,6.9299288582627625,0.966427580144531,Qwen3.5-9B
1082,274,2248,834,3.0437956204379564,2.055795431137085,1712.4775941371918,7.813050144951836,1.099013760095725,Qwen3.5-9B
1083,237,2021,726,3.0632911392405062,1.97854745388031,1434.4469040632248,7.232230203940191,1.0239828970363887,Qwen3.5-9B
1084,288,2281,851,2.954861111111111,1.9144973754882812,1627.322769165039,6.783528372353715,1.029254927224944,Qwen3.5-9B
1085,237,1906,722,3.0464135021097047,1.8833914995193481,1357.92527115345,6.575768803513981,1.0278447295859827,Qwen3.5-9B
1086,209,1670,596,2.851674641148325,2.2395968437194824,1332.560122013092,9.389545070209179,1.1511843591105868,Qwen3.5-9B
1087,208,1717,621,2.985576923076923,2.2932329177856445,1421.8044090270996,9.90691420371811,1.1946593884784276,Qwen3.5-9B
1088,125,984,356,2.848,2.45005202293396,869.7684681415558,11.588949594701008,1.2752140810055008,Qwen3.5-9B
1089,396,2761,1068,2.696969696969697,2.2504751682281494,2401.2570044994354,9.49224517824819,1.254719874064188,Qwen3.5-9B
1090,334,2232,907,2.715568862275449,2.338254928588867,2118.4589653015137,10.363136361259416,1.3693056646806714,Qwen3.5-9B
1091,335,2306,897,2.6776119402985072,2.7516608238220215,2465.4880981445312,15.668633125624455,1.5424750444769633,Qwen3.5-9B
1092,109,766,285,2.614678899082569,3.269469738006592,928.5294055938721,26.297391138444766,1.7488051811616923,Qwen3.5-9B
1093,319,2269,912,2.8589341692789967,1.8736257553100586,1706.8730630874634,6.511864073901768,1.085278670578774,Qwen3.5-9B
1094,402,2989,1180,2.9353233830845773,2.138244152069092,2520.9898552894592,8.484527003138036,1.2168014594705547,Qwen3.5-9B
1095,319,2430,915,2.8683385579937304,2.266843557357788,2071.8950114250183,9.648896508464263,1.2300875136730274,Qwen3.5-9B
1096,282,2156,1007,3.5709219858156027,1.939298391342163,1950.934181690216,6.953870363047021,1.305474521811337,Qwen3.5-9B
1097,211,1595,777,3.6824644549763033,2.18424391746521,1694.973279953003,8.883929029854505,1.5331219720548577,Qwen3.5-9B
1098,244,1784,858,3.5163934426229506,1.8732562065124512,1605.3805689811707,6.509458066958943,1.2982480861034964,Qwen3.5-9B
1099,329,2447,1190,3.617021276595745,2.062342405319214,2452.1251199245453,7.864369793432509,1.4457166939740076,Qwen3.5-9B
1100,217,1619,799,3.6820276497695854,1.9660861492156982,1568.9367470741272,7.142666379996418,1.3980835481607816,Qwen3.5-9B
1101,303,2293,1044,3.4455445544554455,2.2022616863250732,2296.9589388370514,9.045448348948506,1.4451859006479677,Qwen3.5-9B
1102,263,2038,978,3.7186311787072244,1.9295785427093506,1885.1982362270355,6.886607219053951,1.3345270591253016,Qwen3.5-9B
1103,365,2633,1246,3.4136986301369863,2.0099599361419678,2502.40012049675,7.463018344022195,1.3711356795140925,Qwen3.5-9B
1104,289,2240,1115,3.858131487889273,2.0933523178100586,2331.9944820404053,8.112063849488786,1.5019450333125535,Qwen3.5-9B
1105,254,1998,965,3.7992125984251968,2.212186574935913,2132.54785823822,9.135670397541086,1.5398479577270574,Qwen3.5-9B
1106,271,2018,983,3.6273062730627306,2.156412124633789,2117.596706390381,8.640082441699327,1.5138980509971283,Qwen3.5-9B
1107,150,1120,534,3.56,2.7496564388275146,1465.5668818950653,15.637258606314958,1.8878268505367073,Qwen3.5-9B
1108,513,3586,1750,3.4113060428849904,2.0737342834472656,3626.9612617492676,7.954471977810348,1.4591742961020766,Qwen3.5-9B
1109,512,3385,1731,3.380859375,1.8032777309417725,3119.6704745292664,6.06950911388338,1.3296109668570433,Qwen3.5-9B
1110,460,3185,1575,3.4239130434782608,2.342719554901123,3687.4405794143677,10.409507330033463,1.670283277078127,Qwen3.5-9B
1111,151,1081,515,3.410596026490066,2.73177170753479,1404.130657672882,15.360076490152908,1.8739429570627435,Qwen3.5-9B
1112,483,3293,1663,3.443064182194617,1.9422168731689453,3227.964443206787,6.97419475107979,1.4142023365868013,Qwen3.5-9B
1113,587,4184,2061,3.5110732538330494,1.9271650314331055,3969.9599647521973,6.870006356119022,1.36889138472173,Qwen3.5-9B
1114,509,3573,1732,3.4027504911591357,2.098285675048828,3632.1325035095215,8.152182436696133,1.4665713827777225,Qwen3.5-9B
1115,426,1795,678,1.591549295774648,2.0954856872558594,1418.6438102722168,8.12938835185898,1.140206345330112,Qwen3.5-9B
1116,385,1602,571,1.483116883116883,2.6861212253570557,1531.0890984535217,14.674645744535436,1.3788356114220037,Qwen3.5-9B
1117,407,1719,600,1.4742014742014742,2.716609239578247,1627.24893450737,15.128936576574384,1.3656916626559816,Qwen3.5-9B
1118,459,1900,693,1.5098039215686274,2.9841103553771973,2065.0043659210205,19.768907108917436,1.5679850305938499,Qwen3.5-9B
1119,427,1728,639,1.4964871194379392,2.794480562210083,1782.878598690033,16.35413159250467,1.4885127967807725,Qwen3.5-9B
1120,410,1712,674,1.6439024390243901,2.2719602584838867,1529.0292539596558,9.698393550892497,1.2885063797089642,Qwen3.5-9B
1121,440,1760,635,1.4431818181818181,2.758087158203125,1748.6272583007812,15.76964923538937,1.4333726556328419,Qwen3.5-9B
1122,383,1597,605,1.5796344647519582,2.340604543685913,1413.7251443862915,10.387514371161341,1.2771285253513691,Qwen3.5-9B
1123,375,1595,608,1.6213333333333333,2.3437085151672363,1422.6310687065125,10.419807011320994,1.2867854469200324,Qwen3.5-9B
1124,286,1830,383,1.3391608391608392,2.050576686859131,783.320294380188,7.7723820447227725,0.6175367782131039,Qwen3.5-9B
1125,257,1653,389,1.5136186770428015,1.9966603517532349,774.7042164802551,7.364420410848193,0.6761415192207102,Qwen3.5-9B
1126,289,1674,356,1.231833910034602,2.1204822063446045,752.7711832523346,8.335155783788101,0.6487570209093549,Qwen3.5-9B
1127,277,1787,388,1.4007220216606497,2.8764567375183105,1113.1887574195862,17.75126422836437,0.8987083939018379,Qwen3.5-9B
1128,275,1721,371,1.3490909090909091,2.2220563888549805,822.1608638763428,9.226284199491916,0.6892082516719267,Qwen3.5-9B
1129,278,1543,424,1.525179856115108,2.597409725189209,1098.7043137550354,13.428908382170931,1.0272814419038894,Qwen3.5-9B
1130,279,1530,348,1.2473118279569892,3.46016788482666,1200.678256034851,31.822318550665553,1.1321650756109076,Qwen3.5-9B
1131,259,1531,330,1.274131274131274,2.5129425525665283,826.7580997943878,12.34119128816083,0.7790723779151836,Qwen3.5-9B
1132,316,1789,418,1.3227848101265822,2.168184995651245,904.1331431865692,8.742402134343749,0.7291159317935241,Qwen3.5-9B
1133,286,1937,751,2.625874125874126,2.4013726711273193,1801.0295033454895,11.038317966421953,1.341422990692437,Qwen3.5-9B
1134,267,1689,636,2.3820224719101124,2.348647356033325,1491.3910710811615,10.471396070217466,1.2739031985049565,Qwen3.5-9B
1135,281,1850,743,2.6441281138790034,2.6029484272003174,1931.3877329826355,13.50349346563833,1.5061640564366625,Qwen3.5-9B
1136,254,1625,651,2.562992125984252,2.7539355754852295,1790.0581240653992,15.70431594427599,1.5892356790720936,Qwen3.5-9B
1137,168,1097,415,2.4702380952380953,2.6530075073242188,1098.3451080322266,14.196671096839497,1.4444640296652198,Qwen3.5-9B
1138,236,1688,650,2.7542372881355934,2.5623908042907715,1662.9916319847107,12.966781322777344,1.4213209600143284,Qwen3.5-9B
1139,265,1830,701,2.6452830188679246,2.663429021835327,1864.400315284729,14.345395531559529,1.469814802783114,Qwen3.5-9B
1140,262,1660,602,2.2977099236641223,2.8000540733337402,1682.8324980735779,16.445536012012038,1.462538614227432,Qwen3.5-9B
1141,279,2050,788,2.824372759856631,2.264178991317749,1781.9088661670685,9.623220609259876,1.2540249192855148,Qwen3.5-9B
1142,247,1915,771,3.1214574898785425,3.5613934993743896,2742.27299451828,35.21223119485399,2.0659340208643604,Qwen3.5-9B
1143,203,1460,580,2.857142857142857,3.4899940490722656,2020.7065544128418,32.785752600006916,1.996755702152898,Qwen3.5-9B
1144,269,2316,988,3.6728624535315983,2.7715728282928467,2735.5423815250397,15.983753950377999,1.7040386131121588,Qwen3.5-9B
1145,275,2278,937,3.4072727272727272,3.142655849456787,2941.5258750915527,23.165308805133357,1.8629169414579243,Qwen3.5-9B
1146,242,2015,791,3.268595041322314,3.569948434829712,2820.2592635154724,35.51476177967247,2.019242706449098,Qwen3.5-9B
1147,80,643,259,3.2375,3.6113815307617188,931.7364349365234,37.01715784738441,2.0905311572293694,Qwen3.5-9B
1148,355,2744,1244,3.5042253521126763,2.056777238845825,2556.5741078853607,7.820724824726308,1.3441533480726442,Qwen3.5-9B
1149,265,2090,905,3.4150943396226414,2.8740241527557373,2598.1178340911865,17.70813525219902,1.7934410119083875,Qwen3.5-9B
1150,232,1885,745,3.211206896551724,3.5505199432373047,2641.5868377685547,34.83142314314653,2.0217529076531844,Qwen3.5-9B
1151,254,2012,801,3.1535433070866143,3.634634494781494,2907.7075958251953,37.88800210354006,2.0849579169245427,Qwen3.5-9B
1152,236,1935,815,3.4533898305084745,2.745690107345581,2234.991747379303,15.57535889375232,1.6663625376598858,Qwen3.5-9B
1153,245,1951,849,3.4653061224489794,2.764725923538208,2344.4875831604004,15.874688515862173,1.7336650997699952,Qwen3.5-9B
1154,246,1417,372,1.5121951219512195,2.7899584770202637,1035.0745949745178,16.28034377936844,1.053844026196111,Qwen3.5-9B
1155,275,1534,398,1.4472727272727273,2.634742259979248,1045.9926772117615,13.939719176606024,0.9837343208732585,Qwen3.5-9B
1156,193,1212,289,1.4974093264248705,2.862083911895752,824.2801666259766,17.49795316162065,0.9811756672396245,Qwen3.5-9B
1157,259,1481,412,1.5907335907335907,2.9731812477111816,1221.9774928092957,19.55402695770467,1.190371957430047,Qwen3.5-9B
1158,133,827,190,1.4285714285714286,3.1788103580474854,600.7951576709747,24.01816353453115,1.048082460171727,Qwen3.5-9B
1159,96,553,202,2.1041666666666665,1.8432130813598633,370.4858293533325,6.316802087973689,0.966542619760737,Qwen3.5-9B
1160,162,1049,227,1.4012345679012346,2.3931593894958496,540.854022026062,10.948028446416037,0.7438392902019542,Qwen3.5-9B
1161,175,1014,254,1.4514285714285715,2.222864866256714,562.3848111629486,9.233746457896352,0.8001477101933552,Qwen3.5-9B
1162,161,1007,206,1.279503105590062,1.9171799421310425,393.0218881368637,6.801750068815976,0.5630692442660081,Qwen3.5-9B
1163,128,872,247,1.9296875,1.7590934038162231,432.7369773387909,5.8071702487902,0.7159489578164603,Qwen3.5-9B
1164,131,793,195,1.4885496183206106,1.9232643842697144,373.1132905483246,6.843261081164869,0.6788003706983996,Qwen3.5-9B
1165,140,950,186,1.3285714285714285,1.8449527025222778,341.3162499666214,6.327800494321241,0.518331853896487,Qwen3.5-9B
1166,201,1252,324,1.6119402985074627,2.387769937515259,771.2496898174286,10.889183286838437,0.8887205293823927,Qwen3.5-9B
1167,207,1284,284,1.3719806763285025,2.763101577758789,781.9577465057373,15.848923463913627,0.8786032422652152,Qwen3.5-9B
1168,79,398,110,1.3924050632911393,3.453148603439331,376.3931977748871,31.59973085909444,1.3643733664677598,Qwen3.5-9B
1169,177,1132,237,1.3389830508474576,2.282395601272583,538.6453619003296,9.800129513697154,0.6864849756284863,Qwen3.5-9B
1170,252,1899,889,3.5277777777777777,1.827310562133789,1622.6517791748047,6.217143532582092,1.232749697159107,Qwen3.5-9B
1171,236,1756,866,3.669491525423729,2.1684727668762207,1875.728943347931,8.744918308139022,1.5410619844077196,Qwen3.5-9B
1172,213,1756,885,4.154929577464789,1.7704882621765137,1565.111623764038,5.873720576942315,1.2858649077688218,Qwen3.5-9B
1173,263,1835,891,3.387832699619772,1.9759113788604736,1758.5611271858215,7.213190608488196,1.3825980475700763,Qwen3.5-9B
1174,252,1813,1005,3.988095238095238,1.5909968614578247,1597.360848903656,4.9086397239499355,1.2711001518055651,Qwen3.5-9B
1175,205,1513,741,3.6146341463414635,1.9544401168823242,1446.28568649292,7.059965161648802,1.3790807585010083,Qwen3.5-9B
1176,222,1578,777,3.5,1.9241459369659424,1493.1372470855713,6.849296436272889,1.365108809719235,Qwen3.5-9B
1177,294,2014,1008,3.4285714285714284,1.9228118658065796,1936.2715488672256,6.840165079729328,1.3870155716808037,Qwen3.5-9B
1178,204,1454,770,3.7745098039215685,1.7589620351791382,1352.6418050527573,5.806407418856358,1.342124913513555,Qwen3.5-9B
1179,132,1058,366,2.772727272727273,2.200263261795044,803.096090555191,9.027389753463003,1.0951065663528243,Qwen3.5-9B
1180,143,961,363,2.5384615384615383,2.5724570751190186,931.2294611930847,13.097967626016716,1.3980022118553221,Qwen3.5-9B
1181,117,925,332,2.8376068376068377,2.009899377822876,665.276694059372,7.462566409860254,1.037612310636173,Qwen3.5-9B
1182,110,765,300,2.727272727272727,2.007073163986206,600.1148760318756,7.441505376925707,1.13174216420246,Qwen3.5-9B
1183,94,690,258,2.74468085106383,2.6400387287139893,678.4899532794952,14.013746331597641,1.4186291172308874,Qwen3.5-9B
1184,107,889,301,2.8130841121495327,1.7449957132339478,523.4987139701843,5.725876929873853,0.8495489297598817,Qwen3.5-9B
1185,178,1314,498,2.797752808988764,2.20953106880188,1098.1369411945343,9.11144275133067,1.2056900451128842,Qwen3.5-9B
1186,174,1190,427,2.454022988505747,2.592074155807495,1104.223590373993,13.357448319367531,1.3387041158530806,Qwen3.5-9B
1187,68,439,161,2.3676470588235294,3.3994221687316895,543.9075469970703,29.9467908548408,1.7874549447716497,Qwen3.5-9B
1188,146,1074,376,2.5753424657534247,2.18684458732605,820.0667202472687,8.907063265544043,1.1015886317493588,Qwen3.5-9B
1189,220,1873,677,3.077272727272727,1.7752376794815063,1200.0606713294983,5.901683678751414,0.9243574902792031,Qwen3.5-9B
1190,207,1647,575,2.7777777777777777,2.1700618267059326,1245.6154885292053,8.758825553332493,1.0911009642717475,Qwen3.5-9B
1191,212,1574,600,2.830188679245283,2.153346300125122,1289.8544337749481,8.613634029004922,1.1822532370239898,Qwen3.5-9B
1192,230,1790,648,2.8173913043478263,2.6008598804473877,1682.7563426494598,13.475320219019876,1.3562593466842596,Qwen3.5-9B
1193,238,1751,642,2.697478991596639,2.488891839981079,1595.3796694278717,12.047917699471927,1.3144753497536634,Qwen3.5-9B
1194,241,1627,645,2.676348547717842,2.2953174114227295,1478.1844129562378,9.927586641636216,1.3107371371182102,Qwen3.5-9B
1195,227,1549,583,2.5682819383259914,2.920173168182373,1699.540783882141,18.544498498812004,1.5829044936703078,Qwen3.5-9B
1196,210,1473,540,2.5714285714285716,2.4444806575775146,1317.5750744342804,11.524562849998485,1.2904677704584135,Qwen3.5-9B
1197,232,1660,653,2.814655172413793,2.2916855812072754,1494.1789989471436,9.891596726694331,1.298581103603301,Qwen3.5-9B
1198,269,1778,403,1.4981412639405205,1.941523790359497,780.4925637245178,6.96936273127643,0.6333030096378375,Qwen3.5-9B
1199,193,1103,244,1.2642487046632125,2.838684558868408,689.8003478050232,17.09326555710371,0.9022407443171253,Qwen3.5-9B
1200,203,1451,293,1.4433497536945812,2.33992600440979,683.2583932876587,10.380468425425013,0.6793476882438775,Qwen3.5-9B
1201,293,2013,404,1.378839590443686,2.3432111740112305,944.3141031265259,10.414626100903405,0.676779569608618,Qwen3.5-9B
1202,188,1254,233,1.2393617021276595,3.134406805038452,727.1823787689209,22.97500314290443,0.8366047939966205,Qwen3.5-9B
1203,297,1974,416,1.4006734006734007,2.5281403064727783,1049.178227186203,12.530182157011017,0.7667903877255366,Qwen3.5-9B
1204,277,1849,433,1.5631768953068592,1.9525469541549683,843.5002841949463,7.046612142455628,0.6581469318531532,Qwen3.5-9B
1205,345,2031,414,1.2,2.203944206237793,910.2289571762085,9.060680306357604,0.646569572915632,Qwen3.5-9B
1206,268,1681,396,1.4776119402985075,2.190294027328491,865.166140794754,8.937840697812055,0.742516895222864,Qwen3.5-9B
1207,220,1420,293,1.3318181818181818,2.5947694778442383,757.6726875305176,13.39349950713253,0.7697821330403457,Qwen3.5-9B
1208,227,1364,276,1.2158590308370043,2.804076671600342,771.121084690094,16.5118230303056,0.8156103847560976,Qwen3.5-9B
1209,131,798,157,1.1984732824427482,3.2414488792419434,505.66602516174316,25.570743840555433,0.9141878030662665,Qwen3.5-9B
1210,435,2296,586,1.3471264367816091,2.0857625007629395,1220.1710629463196,8.05072782802709,0.7666963160056056,Qwen3.5-9B
1211,420,2092,605,1.4404761904761905,2.0401554107666016,1232.2538681030273,7.6918044952287845,0.8497928033596942,Qwen3.5-9B
1212,410,2151,515,1.2560975609756098,3.056149959564209,1570.8610792160034,21.245603069074804,1.0535906503535162,Qwen3.5-9B
1213,132,693,161,1.2196969696969697,3.5377445220947266,566.0391235351562,34.38926742000534,1.178386488417468,Qwen3.5-9B
1214,372,2021,554,1.489247311827957,1.9052472114562988,1053.6017079353333,6.7210689475202345,0.7521157640328785,Qwen3.5-9B
1215,456,2501,672,1.4736842105263157,1.9047720432281494,1278.1020410060883,6.717876067734761,0.7372696826507582,Qwen3.5-9B
1216,377,2201,535,1.4190981432360743,2.266369581222534,1210.2413563728333,9.644324245445093,0.7932799650694318,Qwen3.5-9B
1217,217,2181,1034,4.764976958525345,1.7615633010864258,1819.6948900222778,5.821531090336392,1.2036977504659,Qwen3.5-9B
1218,239,2067,1031,4.313807531380753,2.02940034866333,2090.28235912323,7.609521930386979,1.4589453282848412,Qwen3.5-9B
1219,247,2111,982,3.9757085020242915,1.9023842811584473,1866.2389798164368,6.701854513513116,1.2754209954025826,Qwen3.5-9B
1220,265,2441,1157,4.366037735849057,2.1177008152008057,2448.0621423721313,8.312004666390356,1.4468689523098262,Qwen3.5-9B
1221,259,2262,1018,3.9305019305019306,2.305974006652832,2345.17556476593,10.033946625189756,1.4957441013712562,Qwen3.5-9B
1222,294,2469,1186,4.034013605442177,1.7476545572280884,2070.9706503152847,5.741121400714069,1.2101170866895312,Qwen3.5-9B
1223,250,2053,930,3.72,2.4220328330993652,2250.0685019493103,11.26874352193414,1.5811800630407837,Qwen3.5-9B
1224,240,2132,1044,4.35,1.8972268104553223,1978.8075633049011,6.667378875169969,1.339031828542943,Qwen3.5-9B
1225,294,2670,1318,4.482993197278912,1.5217149257659912,2004.0985572338104,4.580072949171684,1.0828850374434251,Qwen3.5-9B
1226,309,1847,471,1.5242718446601942,2.5831916332244873,1214.100067615509,13.239325872317398,0.9483357589019221,Qwen3.5-9B
1227,244,1303,368,1.5081967213114753,3.0113675594329834,1105.171894311905,20.31516312996872,1.2236577216067897,Qwen3.5-9B
1228,328,2147,540,1.646341463414634,1.8974807262420654,1022.7421114444733,6.66907204287448,0.6872403224449227,Qwen3.5-9B
1229,321,1916,538,1.67601246105919,2.7696168422698975,1487.284244298935,15.952520507104,1.1198839267444485,Qwen3.5-9B
1230,319,1999,503,1.5768025078369905,2.7159650325775146,1363.4144463539124,15.119193548318572,0.9839876240275943,Qwen3.5-9B
1231,87,563,147,1.6896551724137931,2.447105646133423,357.27742433547974,11.554854435730677,0.9155281852759831,Qwen3.5-9B
1232,324,2021,687,2.1203703703703702,2.234672784805298,1532.9855303764343,9.34342404162591,1.0943248997667587,Qwen3.5-9B
1233,308,1753,488,1.5844155844155845,2.800879955291748,1364.0285382270813,16.459123693632353,1.122576844113652,Qwen3.5-9B
1234,282,1631,419,1.4858156028368794,2.4388976097106934,1019.4592008590698,11.460399942918832,0.9017588801152703,Qwen3.5-9B
1235,310,1785,464,1.4967741935483871,3.165485143661499,1465.619621515274,23.70023926504155,1.184561434055824,Qwen3.5-9B
1236,257,1577,424,1.649805447470817,2.191392183303833,926.9588935375214,8.947661232233369,0.848014583902665,Qwen3.5-9B
1237,273,1696,506,1.8534798534798536,2.2928049564361572,1157.8665030002594,9.902675334447034,0.9849341166803776,Qwen3.5-9B
1238,319,1887,385,1.206896551724138,2.7381274700164795,1051.4409484863281,15.458012386991932,0.803873154302498,Qwen3.5-9B
1239,250,1315,315,1.26,2.9005112648010254,910.760537147522,18.183439545949376,0.9992013006692764,Qwen3.5-9B
1240,320,2052,425,1.328125,1.862834095954895,789.8416566848755,6.44196808026469,0.555312203307404,Qwen3.5-9B
1241,364,2077,461,1.2664835164835164,2.683633804321289,1234.471549987793,14.638189082349509,0.857470381938325,Qwen3.5-9B
1242,333,1973,403,1.2102102102102101,2.9995529651641846,1205.8202919960022,20.076559995136222,0.8817186799117659,Qwen3.5-9B
1243,91,531,109,1.1978021978021978,2.7980270385742188,302.1869201660156,16.41223410234372,0.8210236744727305,Qwen3.5-9B
1244,336,2331,681,2.0267857142857144,1.9030612707138062,1294.0816640853882,6.706393135146676,0.8009288714205607,Qwen3.5-9B
1245,322,1853,458,1.4223602484472049,2.505127191543579,1144.8431265354156,12.24511634200523,0.8913434977055911,Qwen3.5-9B
1246,319,1777,370,1.1598746081504703,2.440340280532837,900.4855635166168,11.476945459523918,0.7310782537296157,Qwen3.5-9B
1247,344,1909,428,1.244186046511628,2.958449125289917,1263.2577764987946,19.268066215018564,0.9546860814663329,Qwen3.5-9B
1248,264,1641,374,1.4166666666666667,2.254236936569214,840.8303773403168,9.528020051851595,0.7392210942216153,Qwen3.5-9B
1249,283,1782,453,1.6007067137809188,2.108711004257202,953.1373739242554,8.237616186049767,0.7716535143919488,Qwen3.5-9B
1250,176,1079,402,2.284090909090909,3.1891090869903564,1278.832743883133,24.266798203417867,1.709884761563134,Qwen3.5-9B
1251,184,1109,420,2.282608695652174,3.1928529739379883,1337.805396080017,24.357820634999825,1.7403473495032789,Qwen3.5-9B
1252,138,887,328,2.3768115942028984,3.257283926010132,1065.131843805313,25.97888066977776,1.73242438438652,Qwen3.5-9B
1253,139,807,336,2.41726618705036,2.6423285007476807,885.180047750473,14.045871381519307,1.5824595603264726,Qwen3.5-9B
1254,134,792,301,2.246268656716418,3.6250813007354736,1087.524390220642,37.52777407121132,1.981017733102417,Qwen3.5-9B
1255,134,795,295,2.201492537313433,3.2421913146972656,953.2042465209961,25.589735516576074,1.7297899866794242,Qwen3.5-9B
1256,237,1363,520,2.1940928270042193,2.997318744659424,1555.608428478241,20.031754604329535,1.646565345070163,Qwen3.5-9B
1257,196,1208,462,2.357142857142857,3.3173999786376953,1529.3213901519775,27.588526468721234,1.8264440277298624,Qwen3.5-9B
1258,68,402,162,2.3823529411764706,3.8297512531280518,616.5899517536163,46.05108174685649,2.212814093673899,Qwen3.5-9B
1259,198,1115,417,2.106060606060606,3.0093729496002197,1251.8991470336914,20.274682690597533,1.6198284225279191,Qwen3.5-9B
1260,216,1089,413,1.912037037037037,2.707559585571289,1115.514549255371,14.992642572017983,1.4778212196971638,Qwen3.5-9B
1261,240,1046,390,1.625,2.806055784225464,1091.5557000637054,16.544534146543075,1.50552772020649,Qwen3.5-9B
1262,225,883,318,1.4133333333333333,2.569145441055298,814.4191048145294,13.054663693226239,1.3306437188235,Qwen3.5-9B
1263,176,762,303,1.7215909090909092,2.36777925491333,715.0693349838257,10.673662461451851,1.3538411856600188,Qwen3.5-9B
1264,187,783,286,1.5294117647058822,2.7980782985687256,797.4523150920868,16.41307541493631,1.4693237552091656,Qwen3.5-9B
1265,188,792,308,1.6382978723404256,2.1957786083221436,674.1040327548981,8.986995683058804,1.227937556942857,Qwen3.5-9B
1266,346,1401,550,1.5895953757225434,2.2187912464141846,1218.1163942813873,9.196208195320553,1.2543686518596024,Qwen3.5-9B
1267,301,1281,466,1.548172757475083,2.7578799724578857,1282.4141871929169,15.766382327300454,1.4442877347610243,Qwen3.5-9B
1268,116,485,178,1.5344827586206897,3.4825515747070312,616.4116287231445,32.542651236691704,1.833595876093133,Qwen3.5-9B
1269,269,1117,413,1.5353159851301115,2.658477306365967,1095.2926502227783,14.274536795526414,1.4146582585483727,Qwen3.5-9B
1270,257,1731,362,1.4085603112840468,2.4860386848449707,897.4599652290344,12.013592112606101,0.747984425899659,Qwen3.5-9B
1271,259,1562,354,1.3667953667953667,2.4497365951538086,864.7570180892944,11.585294694514895,0.7987072097127738,Qwen3.5-9B
1272,258,1630,336,1.302325581395349,2.167006731033325,725.9472548961639,8.732107337421734,0.6425279169237129,Qwen3.5-9B
1273,281,1572,378,1.3451957295373667,2.37496018409729,895.3599894046783,10.750585133303016,0.8217120970257789,Qwen3.5-9B
1274,264,1598,377,1.428030303030303,3.0811572074890137,1158.5151100158691,21.783595956675907,1.0459224055161618,Qwen3.5-9B
1275,266,1451,303,1.1390977443609023,3.614753484725952,1091.6555523872375,37.14218868017123,1.0854073409979117,Qwen3.5-9B
1276,266,1446,325,1.2218045112781954,3.2484891414642334,1052.5104818344116,25.751403782890883,1.0501048773348265,Qwen3.5-9B
1277,261,1448,352,1.3486590038314177,3.3762505054473877,1185.063927412033,29.260851766766624,1.1807222729376647,Qwen3.5-9B
1278,221,1332,291,1.3167420814479638,3.3486127853393555,971.0977077484131,28.46322164593582,1.0518001855760326,Qwen3.5-9B
1279,154,1006,226,1.4675324675324675,2.58636736869812,581.932657957077,13.281437301124075,0.8345440951948394,Qwen3.5-9B
1280,170,970,254,1.4941176470588236,2.81659197807312,712.5977704524994,16.71977211491795,1.0598569789488173,Qwen3.5-9B
1281,158,988,204,1.2911392405063291,2.3330631256103516,473.61181449890137,10.309472425863827,0.6915763320688144,Qwen3.5-9B
1282,130,865,252,1.9384615384615385,1.7137572765350342,430.1530764102936,5.549774390296322,0.717433190936719,Qwen3.5-9B
1283,123,748,181,1.4715447154471544,2.1855459213256836,393.39826583862305,8.895503473097344,0.7587616674060155,Qwen3.5-9B
1284,161,1101,209,1.2981366459627328,1.6082504987716675,334.51610374450684,4.994066455171101,0.43833308262461224,Qwen3.5-9B
1285,194,1132,273,1.407216494845361,2.8424081802368164,773.1350250244141,17.15703305531759,0.9853339810426562,Qwen3.5-9B
1286,196,1154,235,1.1989795918367347,3.7353992462158203,874.083423614502,41.90475253766544,1.0927520108941846,Qwen3.5-9B
1287,87,436,106,1.2183908045977012,3.6966168880462646,388.1447732448578,40.31069780911178,1.284345274099375,Qwen3.5-9B
1288,177,1095,224,1.265536723163842,2.5023112297058105,558.0154042243958,12.210683065836552,0.735201878003823,Qwen3.5-9B
1289,230,1355,357,1.5521739130434782,3.4987058639526367,1245.5392875671387,33.07262377731187,1.32615007631401,Qwen3.5-9B
1290,269,1498,391,1.453531598513011,3.076188802719116,1199.7136330604553,21.67563465442948,1.155421167492123,Qwen3.5-9B
1291,190,1126,275,1.4473684210526316,3.2404847145080566,887.8928117752075,25.546101312762246,1.1376186113579483,Qwen3.5-9B
1292,229,1405,401,1.7510917030567685,3.348297357559204,1339.3189430236816,28.45424497093685,1.3752518130027855,Qwen3.5-9B
1293,129,806,182,1.4108527131782946,3.4103753566741943,617.2779395580292,30.27660665317073,1.1048930797152927,Qwen3.5-9B
1294,92,571,210,2.282608695652174,1.7916533946990967,374.4555594921112,5.999363586580474,0.9461036404773574,Qwen3.5-9B
1295,286,1866,456,1.5944055944055944,1.8469066619873047,840.3425312042236,6.340176847498438,0.6497095404160839,Qwen3.5-9B
1296,173,1054,253,1.4624277456647399,2.802284002304077,706.1755685806274,16.482249308005784,0.9665996117535249,Qwen3.5-9B
1297,217,1541,342,1.576036866359447,2.1993563175201416,749.9805042743683,9.019206125616952,0.702137024192106,Qwen3.5-9B
1298,300,2026,459,1.53,2.058095932006836,942.6079368591309,7.831044763987995,0.6712220118505653,Qwen3.5-9B
1299,167,1204,242,1.4491017964071857,3.516329288482666,847.4353585243225,33.66064290271502,1.015440854831396,Qwen3.5-9B
1300,297,1867,440,1.4814814814814814,2.3732054233551025,1041.83718085289,10.731736970400128,0.8050633820193908,Qwen3.5-9B
1301,261,1786,443,1.6973180076628354,2.0296638011932373,897.1114001274109,7.611526942292056,0.7246686271493674,Qwen3.5-9B
1302,306,1944,424,1.3856209150326797,2.416018486022949,1021.9758195877075,11.201172787884186,0.7584359294380759,Qwen3.5-9B
1303,299,1892,481,1.608695652173913,1.8237149715423584,875.383186340332,6.194829370127346,0.6675005189274718,Qwen3.5-9B
1304,199,1233,306,1.5376884422110553,2.6851141452789307,818.9598143100739,14.659874640243421,0.9582394669849877,Qwen3.5-9B
1305,172,1079,248,1.441860465116279,2.902067184448242,716.8105945587158,18.211753538229257,0.9584236237502582,Qwen3.5-9B
1306,88,603,133,1.5113636363636365,3.8132402896881104,503.34771823883057,45.296976652014706,1.2042740579534597,Qwen3.5-9B
1307,308,1700,485,1.5746753246753247,2.583937883377075,1250.6259355545044,13.249209408606339,1.0613363736656494,Qwen3.5-9B
1308,303,1687,503,1.66006600660066,2.8188836574554443,1415.079596042633,16.758132409911074,1.2101531213241639,Qwen3.5-9B
1309,303,1659,407,1.3432343234323432,3.6167025566101074,1468.3812379837036,37.21465207108269,1.2769296746072851,Qwen3.5-9B
1310,97,466,112,1.1546391752577319,4.2986249923706055,477.1473741531372,73.59852555916208,1.4772063314676434,Qwen3.5-9B
1311,300,1831,532,1.7733333333333334,2.1087629795074463,1119.753142118454,8.238044349339303,0.8822841644752202,Qwen3.5-9B
1312,296,1832,542,1.8310810810810811,2.2300307750701904,1206.446649312973,9.300152287918962,0.9500734705572775,Qwen3.5-9B
1313,302,1774,455,1.5066225165562914,2.657392740249634,1206.4563040733337,14.259063509009517,0.9811434762885152,Qwen3.5-9B
1314,294,1760,494,1.6802721088435375,2.8499584197998047,1405.0295009613037,17.287063026082105,1.1517210757611183,Qwen3.5-9B
1315,304,1740,473,1.555921052631579,2.1588213443756104,1018.9636745452881,8.66092339402506,0.8448585288002775,Qwen3.5-9B
1316,309,1756,474,1.5339805825242718,2.866095781326294,1355.663304567337,17.568293669127964,1.1137862907827116,Qwen3.5-9B
1317,311,1683,465,1.495176848874598,3.0855071544647217,1431.6753196716309,21.878559838209863,1.2272554271261933,Qwen3.5-9B
1318,197,1046,295,1.49746192893401,2.7294540405273438,802.4594879150391,15.3245181697299,1.1067918964907495,Qwen3.5-9B
1319,288,1601,429,1.4895833333333333,2.989593267440796,1279.5459184646606,19.877595981668325,1.1530259532533915,Qwen3.5-9B
1320,309,1744,486,1.5728155339805825,3.125535488128662,1515.8847117424011,22.772086010913366,1.2539904565310538,Qwen3.5-9B
1321,314,1637,399,1.2707006369426752,2.9617886543273926,1178.7918844223022,19.332520044455592,1.0388742858254194,Qwen3.5-9B
1322,330,1899,500,1.5151515151515151,2.7573721408843994,1375.9286983013153,15.75837769322998,1.0453109582180697,Qwen3.5-9B
1323,307,1876,426,1.3876221498371335,2.751246213912964,1169.2796409130096,15.662138101612882,0.8992078568004409,Qwen3.5-9B
1324,228,1255,324,1.4210526315789473,3.4474031925201416,1113.5112311840057,31.418697972521976,1.2800455228711787,Qwen3.5-9B
1325,307,2097,471,1.5342019543973942,2.0081732273101807,943.8414168357849,7.449696008346653,0.6493444594442537,Qwen3.5-9B
1326,300,1889,468,1.56,3.1312618255615234,1462.2992725372314,22.90286073220091,1.1168088453070422,Qwen3.5-9B
1327,295,2024,430,1.4576271186440677,2.8722925186157227,1232.213490486145,17.67749777474696,0.8783143735379652,Qwen3.5-9B
1328,80,537,110,1.375,3.151500940322876,343.5136024951935,23.371116920403786,0.9228777854706114,Qwen3.5-9B
1329,300,1812,523,1.7433333333333334,2.6971511840820312,1407.9129180908203,14.837402431090707,1.120965223473033,Qwen3.5-9B
1330,307,1666,387,1.260586319218241,3.333099126815796,1286.5762629508972,28.02506047402371,1.1141279677579319,Qwen3.5-9B
1331,300,1685,355,1.1833333333333333,2.8704702854156494,1016.1464810371399,17.64531458295333,0.8700234356136812,Qwen3.5-9B
1332,300,1718,363,1.21,3.8357350826263428,1388.536099910736,46.32746967265324,1.1660268599746924,Qwen3.5-9B
1333,298,1758,404,1.3557046979865772,2.744807004928589,1106.1572229862213,15.561610328256943,0.9077631058280596,Qwen3.5-9B
1334,304,1751,406,1.3355263157894737,2.820620536804199,1142.3513174057007,16.78726455620549,0.941213352697989,Qwen3.5-9B
1335,163,961,228,1.3987730061349692,2.6258022785186768,596.0571172237396,13.815653743247136,0.8948268960512598,Qwen3.5-9B
1336,165,1025,258,1.5636363636363637,2.650585174560547,681.2003898620605,14.162323652571377,0.9587945602981691,Qwen3.5-9B
1337,151,899,233,1.5430463576158941,2.5636374950408936,594.7638988494873,12.982956970031143,0.9544637679309681,Qwen3.5-9B
1338,172,999,242,1.4069767441860466,2.941044807434082,708.7917985916138,18.935620057183097,1.0235940068577478,Qwen3.5-9B
1339,159,919,206,1.2955974842767295,3.685771942138672,755.5832481384277,39.8758924537043,1.1861547389206581,Qwen3.5-9B
1340,210,1158,270,1.2857142857142858,3.294637680053711,886.2575359344482,26.9676413852092,1.104144518171935,Qwen3.5-9B
1341,166,980,197,1.1867469879518073,3.2920169830322266,645.2353286743164,26.8970598945022,0.949875315188568,Qwen3.5-9B
1342,159,1038,236,1.4842767295597483,2.79400634765625,656.5914916992188,16.34637806385157,0.9125831300234585,Qwen3.5-9B
1343,279,1771,373,1.3369175627240144,2.301649808883667,856.2137289047241,9.990651531314791,0.6974902883296967,Qwen3.5-9B
1344,261,1637,422,1.6168582375478928,2.322504997253418,977.774603843689,10.201196295172126,0.8617169041371172,Qwen3.5-9B
1345,267,1597,338,1.2659176029962547,2.4323794841766357,819.7118861675262,11.385942542378208,0.7405098767261293,Qwen3.5-9B
1346,268,1701,395,1.4738805970149254,3.2154340744018555,1266.881025314331,24.914104139191846,1.07449910206779,Qwen3.5-9B
1347,282,1837,379,1.3439716312056738,2.3803014755249023,899.7539577484131,10.80816076875829,0.706625243801771,Qwen3.5-9B
1348,281,1484,389,1.3843416370106763,2.8481967449188232,1105.1003370285034,17.256635650823732,1.074341493204679,Qwen3.5-9B
1349,278,1586,326,1.1726618705035972,3.673884868621826,1194.0125823020935,39.40469094055489,1.0861261231060881,Qwen3.5-9B
1350,263,1491,332,1.2623574144486691,2.7616143226623535,914.094340801239,15.825369591369016,0.8844797936811628,Qwen3.5-9B
1351,323,1809,429,1.328173374613003,2.485605478286743,1063.839144706726,12.00838887283522,0.8484220333731067,Qwen3.5-9B
1352,255,1730,366,1.4352941176470588,5.0953688621521,1859.8096346855164,163.26405544981128,1.5509468999759013,Qwen3.5-9B
1353,259,1562,352,1.359073359073359,5.211552143096924,1829.2548022270203,183.37846703674393,1.6895370241326784,Qwen3.5-9B
1354,258,1631,338,1.310077519379845,4.915370941162109,1656.4800071716309,136.36988562548802,1.465233287356362,Qwen3.5-9B
1355,281,1568,374,1.3309608540925266,2.405519485473633,897.258768081665,11.084186860888723,0.8255553412663003,Qwen3.5-9B
1356,256,1573,360,1.40625,5.0178680419921875,1801.4146270751953,151.08884510878164,1.6521881430808811,Qwen3.5-9B
1357,256,1440,306,1.1953125,6.0538835525512695,1846.4344835281372,425.7632976610188,1.8498901893836237,Qwen3.5-9B
1358,264,1438,321,1.2159090909090908,5.700155735015869,1824.0498352050781,298.91394871095537,1.8300053209907492,Qwen3.5-9B
1359,261,1446,350,1.3409961685823755,5.594423294067383,1952.4537296295166,268.9225161527549,1.947991226349699,Qwen3.5-9B
1360,221,1325,283,1.2805429864253393,5.674354076385498,1600.1678495407104,291.30012013800257,1.742305072545162,Qwen3.5-9B
1361,270,1740,497,1.8407407407407408,4.454458236694336,2209.4112854003906,86.0095414071654,1.831900405017962,Qwen3.5-9B
1362,247,1686,481,1.9473684210526316,3.848065137863159,1847.0712661743164,46.9022260398986,1.580522275135341,Qwen3.5-9B
1363,326,1804,495,1.51840490797546,4.845863342285156,2393.856491088867,127.2130630141439,1.9144151265486495,Qwen3.5-9B
1364,305,1699,485,1.5901639344262295,4.775180816650391,2311.187515258789,118.5317451962938,1.9625301747076753,Qwen3.5-9B
1365,187,1044,308,1.6470588235294117,4.618999004364014,1418.0326943397522,101.39248787746077,1.9595677547340764,Qwen3.5-9B
1366,287,1581,411,1.4320557491289199,4.921985149383545,2018.0139112472534,137.27485396948717,1.8414792297288762,Qwen3.5-9B
1367,307,1719,462,1.504885993485342,4.698260307312012,2165.8980016708374,109.75606444294617,1.8177605038288733,Qwen3.5-9B
1368,306,1610,384,1.2549019607843137,5.334964752197266,2043.2915000915527,207.46543597829782,1.8309605678712138,Qwen3.5-9B
1369,326,1873,480,1.4723926380368098,4.69650411605835,2249.6254715919495,109.56348095874765,1.7327941867182066,Qwen3.5-9B
1370,270,1852,453,1.6777777777777778,4.041085243225098,1826.5705299377441,56.88804668480825,1.422885661649627,Qwen3.5-9B
1371,173,1056,257,1.4855491329479769,5.203971862792969,1332.216796875,181.99366209070078,1.8200592483338467,Qwen3.5-9B
1372,212,1528,333,1.570754716981132,4.445750713348389,1475.989236831665,85.26386253697521,1.393587926951917,Qwen3.5-9B
1373,286,1985,463,1.618881118881119,4.319437026977539,1995.579906463623,75.14631103555338,1.4503845011348768,Qwen3.5-9B
1374,168,1208,242,1.4404761904761905,5.390911102294922,1299.2095756530762,219.40319327040007,1.551625175389195,Qwen3.5-9B
1375,291,1869,446,1.5326460481099657,4.755627632141113,2116.2542963027954,116.23658409125704,1.6335524764772638,Qwen3.5-9B
1376,264,1796,451,1.7083333333333333,4.385365009307861,1973.4142541885376,80.26751625701168,1.5852087740185945,Qwen3.5-9B
1377,306,1951,431,1.408496732026144,4.999570846557617,2149.8154640197754,148.3494807493224,1.5897119983432781,Qwen3.5-9B
1378,293,1884,476,1.6245733788395904,4.023853778839111,1911.3305449485779,55.91617972718634,1.4636237254229902,Qwen3.5-9B
1379,198,1236,304,1.5353535353535352,4.807759761810303,1456.7512078285217,122.45697720533798,1.700362251895806,Qwen3.5-9B
1380,172,1077,248,1.441860465116279,5.4116716384887695,1336.682894706726,224.00573147927977,1.7905531879614653,Qwen3.5-9B
1381,88,605,137,1.5568181818181819,6.0656046867370605,824.9222373962402,430.7830877507168,1.967125985141461,Qwen3.5-9B
1382,304,1673,464,1.5263157894736843,4.337609767913818,2008.313322544098,76.52440946515479,1.7318491757236147,Qwen3.5-9B
1383,301,1650,468,1.5548172757475083,4.208896160125732,1965.554506778717,67.28222999629456,1.7186034785009743,Qwen3.5-9B
1384,303,1658,408,1.3465346534653466,5.005863189697266,2037.386318206787,149.2858896000433,1.7728149201760888,Qwen3.5-9B
1385,97,466,113,1.1649484536082475,5.880284786224365,658.5918960571289,357.9111553629554,2.0389426232001706,Qwen3.5-9B
1386,300,1807,509,1.6966666666666668,3.826401710510254,1943.812068939209,45.89708973133436,1.5519247549965205,Qwen3.5-9B
1387,283,1786,511,1.8056537102473498,3.730055570602417,1902.3283410072327,41.68142436153382,1.536662745640349,Qwen3.5-9B
1388,300,1753,437,1.4566666666666668,4.575182914733887,1994.7797508239746,97.04578861816296,1.6416764712946208,Qwen3.5-9B
1389,228,1353,358,1.5701754385964912,5.5084710121154785,1966.5241513252258,246.77352473694924,2.0968918262418925,Qwen3.5-9B
1390,272,1501,391,1.4375,5.171644687652588,2016.9414281845093,176.2044005002688,1.93859520066975,Qwen3.5-9B
1391,190,1126,275,1.4473684210526316,5.514700889587402,1511.0280437469482,248.31569232914518,1.9360148004954476,Qwen3.5-9B
1392,219,1395,399,1.821917808219178,4.909040927886963,1953.7982892990112,135.50938879061607,2.0205986400494798,Qwen3.5-9B
1393,131,808,180,1.3740458015267176,5.74269962310791,1027.943232536316,311.90530218729333,1.8354066879894968,Qwen3.5-9B
1394,93,572,210,2.2580645161290325,3.319091796875,693.690185546875,27.635240745832036,1.7496213122409467,Qwen3.5-9B
1395,162,965,230,1.4197530864197532,5.432480812072754,1244.0381059646606,228.7159434714786,1.8598628043027097,Qwen3.5-9B
1396,161,1025,263,1.6335403726708075,4.835184097290039,1266.8182334899902,125.86175188160328,1.783055983574367,Qwen3.5-9B
1397,145,895,233,1.606896551724138,5.209165573120117,1208.5264129638672,182.94134331357586,1.948083869012624,Qwen3.5-9B
1398,172,1001,243,1.4127906976744187,5.205914497375488,1259.8313083648682,182.3475529014476,1.8157366442903593,Qwen3.5-9B
1399,159,920,206,1.2955974842767295,6.3102850914001465,1293.60844373703,550.2017842517948,2.0285679202516333,Qwen3.5-9B
1400,210,1158,270,1.2857142857142858,5.737251281738281,1543.3205947875977,310.21055659453515,1.922746950433396,Qwen3.5-9B
1401,162,976,200,1.2345679012345678,6.153693199157715,1224.5849466323853,470.45165396629653,1.8101461369403875,Qwen3.5-9B
1402,157,1036,236,1.5031847133757963,5.174886226654053,1216.0982632637024,176.77650067829134,1.6934931791932668,Qwen3.5-9B
1403,279,1771,373,1.3369175627240144,5.049716949462891,1878.4947052001953,155.97830849350456,1.5302625609985867,Qwen3.5-9B
1404,259,1642,431,1.664092664092664,4.244863986968994,1825.2915143966675,69.74627309673153,1.6037387429943837,Qwen3.5-9B
1405,263,1597,339,1.2889733840304183,5.232816696166992,1768.6920433044434,187.31968377631821,1.5977978958892225,Qwen3.5-9B
1406,268,1701,394,1.4701492537313432,5.327475070953369,2093.697702884674,205.91739041411094,1.7757597254981385,Qwen3.5-9B
1407,282,1838,380,1.3475177304964538,5.244337558746338,1987.603934764862,189.49024748638337,1.5601231446880617,Qwen3.5-9B
1408,270,1454,374,1.385185185185185,4.848125457763672,1808.3507957458496,127.50115938383308,1.7942907326067044,Qwen3.5-9B
1409,277,1585,325,1.1732851985559567,6.041323184967041,1957.3887119293213,420.4489987786181,1.7816498345693803,Qwen3.5-9B
1410,252,1469,329,1.3055555555555556,5.372217178344727,1762.0872344970703,215.33978551224072,1.7305340468500146,Qwen3.5-9B
1411,322,1796,419,1.3012422360248448,4.823437690734863,2016.1969547271729,124.39197775614346,1.619575360824233,Qwen3.5-9B
1412,303,1872,429,1.4158415841584158,5.269300937652588,2255.2608013153076,194.2801010596338,1.7380628066072994,Qwen3.5-9B
1413,226,1254,325,1.4380530973451326,5.7064056396484375,1848.8754272460938,300.78798254994877,2.1270840590984075,Qwen3.5-9B
1414,309,2089,473,1.5307443365695792,4.348193168640137,2052.3471755981445,77.3385988022258,1.4173820451976609,Qwen3.5-9B
1415,297,1896,476,1.6026936026936027,4.909383296966553,2331.9570660591125,135.55579095821253,1.7744213580007695,Qwen3.5-9B
1416,285,1884,428,1.5017543859649123,5.397659778594971,2304.8007254600525,220.88888197830738,1.764928119351647,Qwen3.5-9B
1417,79,543,115,1.4556962025316456,5.706809997558594,650.5763397216797,300.9096331435051,1.7285142892010328,Qwen3.5-9B
1418,289,1763,484,1.6747404844290656,4.163309097290039,2010.8782939910889,64.28389268458668,1.6455383678798656,Qwen3.5-9B
1419,304,1653,378,1.243421052631579,5.441288471221924,2051.3657536506653,230.7392929497576,1.79037822131958,Qwen3.5-9B
1420,296,1675,349,1.179054054054054,5.721070766448975,1990.9326267242432,305.2315797739076,1.7148111207875243,Qwen3.5-9B
1421,293,1707,360,1.2286689419795223,6.306747913360596,2264.122500896454,548.2590604886864,1.9135549525532698,Qwen3.5-9B
1422,298,1763,399,1.3389261744966443,5.3550190925598145,2131.297598838806,211.66801759860192,1.7440796803762344,Qwen3.5-9B
1423,293,1711,399,1.3617747440273038,4.965169429779053,1976.137433052063,143.33283306640914,1.6662558005723302,Qwen3.5-9B
1424,154,1009,230,1.4935064935064934,5.1087751388549805,1169.9095067977905,165.467555918798,1.6727677341387763,Qwen3.5-9B
1425,170,971,259,1.5235294117647058,4.717480182647705,1217.109887123108,111.88596496445187,1.808360863408274,Qwen3.5-9B
1426,158,997,213,1.3481012658227849,5.198329925537109,1102.0459442138672,180.96975639011296,1.5947003195076643,Qwen3.5-9B
1427,124,869,261,2.1048387096774195,3.1713688373565674,824.5558977127075,23.840095244790792,1.3689099016868476,Qwen3.5-9B
1428,123,750,183,1.4878048780487805,4.942827224731445,899.594554901123,140.16597059884342,1.7304541375554192,Qwen3.5-9B
1429,157,1101,213,1.356687898089172,5.032309532165527,1066.8496208190918,153.28662458944905,1.3979461011171435,Qwen3.5-9B
1430,194,1132,273,1.407216494845361,4.552002429962158,1238.144660949707,94.82209293642786,1.5779727581760508,Qwen3.5-9B
1431,196,1154,236,1.2040816326530612,6.291365146636963,1478.4708094596863,539.8898550572434,1.8483383924667078,Qwen3.5-9B
1432,87,436,106,1.2183908045977012,5.648975849151611,593.1424641609192,284.0004575216436,1.962669017398206,Qwen3.5-9B
1433,178,1096,225,1.2640449438202248,5.6917009353637695,1274.9410095214844,296.39734484345325,1.6782400290717283,Qwen3.5-9B
1434,163,1000,240,1.4723926380368098,3.8537662029266357,921.0501224994659,47.17038234413862,1.3287944441401518,Qwen3.5-9B
1435,165,1053,269,1.6303030303030304,3.909461259841919,1047.7356176376343,49.87207664419321,1.4354824118979583,Qwen3.5-9B
1436,151,915,250,1.6556291390728477,3.953145742416382,984.3332898616791,52.09899935914221,1.5520139408364624,Qwen3.5-9B
1437,172,1037,256,1.4883720930232558,4.1634907722473145,1061.6901469230652,64.29557251897823,1.477044464731515,Qwen3.5-9B
1438,159,956,226,1.421383647798742,4.680283546447754,1053.0637979507446,107.80063472534262,1.5891735554845572,Qwen3.5-9B
1439,210,1208,294,1.4,4.254574298858643,1246.5902695655823,70.42683002417691,1.488782781392965,Qwen3.5-9B
1440,166,1004,220,1.3253012048192772,4.7847771644592285,1047.866199016571,119.67469233759046,1.5057284550163095,Qwen3.5-9B
1441,159,1074,254,1.5974842767295598,3.740269899368286,946.2882845401764,42.10935391941464,1.2711409826419338,Qwen3.5-9B
1442,286,1892,475,1.6608391608391608,2.768284797668457,1312.1669940948486,15.931285184621375,1.0005585704010656,Qwen3.5-9B
1443,173,1094,277,1.6011560693641618,4.0933732986450195,1129.7710304260254,59.941752476802996,1.489867516394553,Qwen3.5-9B
1444,217,1542,352,1.6221198156682028,3.4324474334716797,1204.7890491485596,30.952303828597177,1.1272005100674167,Qwen3.5-9B
1445,300,2039,472,1.5733333333333333,2.881183385848999,1357.0373747348785,17.83536681689746,0.960172187754285,Qwen3.5-9B
1446,167,1227,259,1.5508982035928143,4.516897678375244,1165.359601020813,91.55113589121665,1.370218840460528,Qwen3.5-9B
1447,297,1913,457,1.5387205387205387,3.572235584259033,1628.9394264221191,35.59608230745936,1.2284698548916382,Qwen3.5-9B
1448,261,1854,466,1.78544061302682,2.8713436126708984,1335.1747798919678,17.66073144811046,1.0389698131985734,Qwen3.5-9B
1449,306,1997,447,1.4607843137254901,3.538846731185913,1578.3256421089172,34.427192480028395,1.1402316358429763,Qwen3.5-9B
1450,299,1933,507,1.6956521739130435,2.7150375843048096,1373.8090176582336,15.105177778832742,1.025342709210591,Qwen3.5-9B
1451,199,1265,317,1.592964824120603,3.634385108947754,1148.4656944274902,37.87855455063861,1.3097911161910196,Qwen3.5-9B
1452,172,1106,262,1.5232558139534884,4.228753566741943,1103.7046809196472,68.63163408749628,1.439700967241149,Qwen3.5-9B
1453,88,627,143,1.625,4.903217315673828,696.2568588256836,134.72252806874397,1.6020515429230318,Qwen3.5-9B
1454,308,1802,516,1.6753246753246753,3.275116205215454,1686.6848456859589,26.44629849982404,1.3503728426269141,Qwen3.5-9B
1455,303,1782,533,1.7590759075907592,3.448967218399048,1834.8505601882935,31.467876077121815,1.485482493802462,Qwen3.5-9B
1456,303,1761,458,1.5115511551155116,4.544212341308594,2076.7050399780273,94.08629013171851,1.7013356402983626,Qwen3.5-9B
1457,97,498,127,1.309278350515464,5.3208441734313965,670.426365852356,204.55649028136725,1.942210428306032,Qwen3.5-9B
1458,300,1877,561,1.87,2.8280179500579834,1583.6900520324707,16.911907338223727,1.2172518829901064,Qwen3.5-9B
1459,296,1887,566,1.912162162162162,2.794487953186035,1578.8856935501099,16.354252465944676,1.2071280128326842,Qwen3.5-9B
1460,302,1797,473,1.5662251655629138,3.2507989406585693,1534.3770999908447,25.810953101610338,1.2318521051810691,Qwen3.5-9B
1461,154,1033,238,1.5454545454545454,3.651829242706299,865.4835305213928,38.54510996114295,1.2087403653962103,Qwen3.5-9B
1462,170,1010,271,1.5941176470588236,3.7005109786987305,999.1379642486572,40.467977352295975,1.4271795902826063,Qwen3.5-9B
1463,158,1012,227,1.4367088607594938,3.628600597381592,820.0637350082397,37.66007811266738,1.1690730076178544,Qwen3.5-9B
1464,130,879,256,1.9692307692307693,2.121835708618164,541.0681056976318,8.346445074408726,0.8880503673187247,Qwen3.5-9B
1465,123,789,201,1.6341463414634145,3.7550055980682373,751.0011196136475,42.73445904030058,1.3732136767663734,Qwen3.5-9B
1466,161,1135,231,1.434782608695652,2.951512575149536,678.8478922843933,19.134874786171927,0.8628814869749951,Qwen3.5-9B
1467,194,1193,292,1.5051546391752577,3.8187108039855957,1111.2448439598083,45.54545343865909,1.3438285210345728,Qwen3.5-9B
1468,196,1219,255,1.3010204081632653,5.007045269012451,1271.7894983291626,149.46246170274318,1.505171782029652,Qwen3.5-9B
1469,87,469,117,1.3448275862068966,4.768324375152588,553.1256275177002,117.72181899845617,1.7014746264571048,Qwen3.5-9B
1470,177,1139,243,1.3728813559322033,4.210469722747803,1018.9336729049683,67.38818614099756,1.2906150631209612,Qwen3.5-9B
1471,257,1771,389,1.5136186770428015,3.5223348140716553,1366.6659078598022,33.86340098002519,1.1133157130555336,Qwen3.5-9B
1472,259,1652,391,1.5096525096525097,3.5174288749694824,1371.7972612380981,33.697676047629884,1.1979934055043984,Qwen3.5-9B
1473,258,1709,361,1.3992248062015504,3.2891194820404053,1184.083013534546,26.81923843510461,0.9995732543166465,Qwen3.5-9B
1474,281,1574,379,1.3487544483985765,2.400725841522217,907.474368095398,11.031180364225799,0.8317717729257157,Qwen3.5-9B
1475,264,1644,399,1.5113636363636365,3.905261278152466,1554.2939887046814,49.66305408818694,1.363973375661661,Qwen3.5-9B
1476,266,1512,333,1.2518796992481203,4.920644760131836,1633.6540603637695,137.0909754925939,1.5587728911474403,Qwen3.5-9B
1477,266,1499,347,1.3045112781954886,4.395501136779785,1520.8433933258057,81.08525538640315,1.4637179596530243,Qwen3.5-9B
1478,261,1499,382,1.4636015325670497,4.488512992858887,1710.1234502792358,88.98902013562507,1.645888339576903,Qwen3.5-9B
1479,221,1401,332,1.502262443438914,4.336466312408447,1435.370349407196,76.4369572162629,1.4780882833182158,Qwen3.5-9B
1480,279,1813,396,1.4193548387096775,3.2085494995117188,1267.377052307129,24.743170202320815,1.008515492719232,Qwen3.5-9B
1481,261,1695,436,1.6704980842911878,3.3580844402313232,1460.7667315006256,28.734096248797297,1.243327976065801,Qwen3.5-9B
1482,267,1657,371,1.3895131086142323,3.6946394443511963,1367.0165944099426,40.23106443509112,1.19021609026442,Qwen3.5-9B
1483,268,1734,423,1.578358208955224,3.986032485961914,1682.1057090759277,53.840850712394655,1.3995187801239068,Qwen3.5-9B
1484,282,1922,413,1.4645390070921986,3.7009212970733643,1524.779574394226,40.484585514071846,1.1445327421578222,Qwen3.5-9B
1485,281,1579,430,1.5302491103202847,3.8284382820129395,1642.400022983551,45.99065768290888,1.500622145860854,Qwen3.5-9B
1486,278,1658,365,1.3129496402877698,4.8598175048828125,1768.9735717773438,129.0006579689051,1.5392577801367977,Qwen3.5-9B
1487,263,1532,354,1.3460076045627376,3.704561471939087,1307.7101995944977,40.632225038523075,1.231479777986226,Qwen3.5-9B
1488,323,1926,477,1.4767801857585139,3.627638816833496,1726.7560768127441,37.62387479471308,1.2934488207905648,Qwen3.5-9B
1489,307,1906,440,1.4332247557003257,3.888449192047119,1707.0291953086853,48.8350939170072,1.2920894830663787,Qwen3.5-9B
1490,228,1308,347,1.5219298245614035,4.237165451049805,1466.0592460632324,69.21139045643464,1.6170308898660841,Qwen3.5-9B
1491,307,2161,500,1.6286644951140066,2.9533891677856445,1473.7411947250366,19.170816865060996,0.9838774239627889,Qwen3.5-9B
1492,300,1930,497,1.6566666666666667,4.027942180633545,1997.8593215942383,56.14525549452604,1.4934205884237288,Qwen3.5-9B
1493,295,2047,447,1.5152542372881357,3.9101457595825195,1743.9250087738037,49.90622575391439,1.2290923115975616,Qwen3.5-9B
1494,80,541,119,1.4875,4.873781204223633,575.1061820983887,130.81461970520184,1.533646648609853,Qwen3.5-9B
1495,300,1892,557,1.8566666666666667,3.326493740081787,1849.5305194854736,27.840554150012473,1.410311050969599,Qwen3.5-9B
1496,307,1730,430,1.4006514657980456,4.224714756011963,1812.402630329132,68.35500291383751,1.5114128825837874,Qwen3.5-9B
1497,300,1748,389,1.2966666666666666,3.935302734375,1526.8974609375,51.17764084284172,1.2602101801146919,Qwen3.5-9B
1498,300,1766,395,1.3166666666666667,4.928455829620361,1941.8115968704224,138.1659956913255,1.586320476299908,Qwen3.5-9B
1499,298,1791,424,1.4228187919463087,3.4192967414855957,1446.362521648407,30.547924377281127,1.1650809811891751,Qwen3.5-9B
1500,304,1841,443,1.457236842105263,3.726259231567383,1647.0065803527832,41.52348752377004,1.290672583262602,Qwen3.5-9B
1501,230,1440,380,1.6521739130434783,4.578330039978027,1735.1870851516724,97.35168496394012,1.7384345852520093,Qwen3.5-9B
1502,269,1587,421,1.5650557620817844,4.282036781311035,1798.4554481506348,72.38772793116016,1.6349229718378442,Qwen3.5-9B
1503,190,1186,300,1.5789473684210527,4.350899696350098,1300.9190092086792,77.54820138257948,1.5824868492272726,Qwen3.5-9B
1504,229,1462,429,1.8733624454148472,4.0488433837890625,1732.9049682617188,57.33110859340498,1.7100228481826458,Qwen3.5-9B
1505,129,821,195,1.5116279069767442,4.490947246551514,871.2437658309937,89.20590585682933,1.5309854572104749,Qwen3.5-9B
1506,92,584,196,2.130434782608696,2.6874449253082275,524.0517604351044,14.694083434387299,1.294600814980918,Qwen3.5-9B
1507,294,1812,523,1.7789115646258504,3.707799196243286,1935.4711804389954,40.76399418203348,1.541001475608635,Qwen3.5-9B
1508,304,1781,492,1.618421052631579,3.1828205585479736,1562.764894247055,24.114674570922865,1.2659141847308208,Qwen3.5-9B
1509,309,1824,512,1.656957928802589,3.9036331176757812,1994.7565231323242,49.5822604567159,1.5777551226446902,Qwen3.5-9B
1510,311,1792,507,1.630225080385852,4.2370076179504395,2143.9258546829224,69.2004674701946,1.7260218742102036,Qwen3.5-9B
1511,197,1107,321,1.6294416243654823,3.879053831100464,1241.2972259521484,48.378419253765884,1.6177175719515733,Qwen3.5-9B
1512,288,1673,451,1.5659722222222223,3.8355748653411865,1726.008689403534,46.32004780580568,1.4884065611080322,Qwen3.5-9B
1513,309,1829,526,1.7022653721682848,3.789933204650879,1989.7149324417114,44.25344425300148,1.5694652082101563,Qwen3.5-9B
1514,314,1690,423,1.3471337579617835,3.8944618701934814,1643.4629092216492,49.12960814131772,1.4029679224964628,Qwen3.5-9B
1515,330,1983,532,1.612121212121212,3.643629789352417,1934.7674181461334,38.23035330968635,1.4076043164059355,Qwen3.5-9B
1516,160,1052,231,1.44375,2.9082083702087402,668.8879251480103,18.323939424332224,0.9173016088607818,Qwen3.5-9B
1517,180,1122,240,1.3333333333333333,2.880571126937866,688.45649933815,17.824450296839846,0.8852342045124109,Qwen3.5-9B
1518,167,991,210,1.2574850299401197,3.5028674602508545,732.0992991924286,33.21054547415329,1.0657881214764906,Qwen3.5-9B
1519,174,1042,237,1.3620689655172413,3.469467878341675,818.7944192886353,32.119646337078265,1.1336570520300122,Qwen3.5-9B
1520,170,1065,223,1.311764705882353,3.5592293739318848,790.1489210128784,35.13610990715467,1.0703698872385399,Qwen3.5-9B
1521,217,1263,296,1.3640552995391706,3.2157623767852783,948.6499011516571,24.922284841760185,1.083620354656612,Qwen3.5-9B
1522,159,949,206,1.2955974842767295,3.2121517658233643,658.4911119937897,24.832462421403264,1.0010557025741826,Qwen3.5-9B
1523,161,1084,233,1.4472049689440993,2.97033429145813,689.1175556182861,19.498436667494595,0.9171461993358172,Qwen3.5-9B
1524,258,1755,345,1.3372093023255813,2.9361019134521484,1010.0190582275391,18.84225423353648,0.8302846076969869,Qwen3.5-9B
1525,309,1837,455,1.4724919093851132,2.185957431793213,992.4246740341187,8.89916481917992,0.7794045485491938,Qwen3.5-9B
1526,268,1658,340,1.2686567164179106,2.852179765701294,966.8889405727386,17.325506254730293,0.8413304461125897,Qwen3.5-9B
1527,309,1938,436,1.4110032362459546,3.1943106651306152,1389.5251393318176,24.393352706713316,1.0343968151210317,Qwen3.5-9B
1528,309,1943,411,1.3300970873786409,2.6453616619110107,1084.5982813835144,14.088539449950483,0.8053240153930462,Qwen3.5-9B
1529,324,1777,392,1.2098765432098766,3.1902894973754883,1247.403193473816,24.295459896983427,1.012730670351002,Qwen3.5-9B
1530,321,1850,385,1.1993769470404985,3.674847364425659,1411.1413879394531,39.44263604831065,1.1004576661477936,Qwen3.5-9B
1531,266,1725,321,1.2067669172932332,3.5236258506774902,1127.5602722167969,33.90714810378117,0.9430293408872942,Qwen3.5-9B
1532,332,2019,438,1.319277108433735,2.5930519104003906,1133.1636848449707,13.370515012779922,0.8097125451418046,Qwen3.5-9B
1533,247,1460,352,1.4251012145748987,3.3731703758239746,1183.982801914215,29.170863209788497,1.1699493950818205,Qwen3.5-9B
1534,320,1815,455,1.421875,2.6578369140625,1206.657958984375,14.265398418412495,0.9591401947525928,Qwen3.5-9B
1535,225,1301,308,1.3688888888888888,3.4016358852386475,1044.3022167682648,30.013157991997197,1.1580396843358394,Qwen3.5-9B
1536,242,1487,413,1.7066115702479339,3.2936720848083496,1356.99289894104,26.941614126829762,1.3165614834053645,Qwen3.5-9B
1537,142,882,193,1.3591549295774648,3.624499559402466,695.9039154052734,37.50594896279765,1.138296063141044,Qwen3.5-9B
1538,100,599,225,2.25,2.0628502368927,462.07845306396484,7.868364582973463,1.1129186857045505,Qwen3.5-9B
1539,168,1052,238,1.4166666666666667,3.0809381008148193,730.1823298931122,21.778823548266207,1.001359720799945,Qwen3.5-9B
1540,200,1149,286,1.43,2.616001605987549,745.5604577064514,13.680912401515636,0.9361326153315955,Qwen3.5-9B
1541,151,973,193,1.2781456953642385,2.789754867553711,535.6329345703125,16.277029284698926,0.7941983334443911,Qwen3.5-9B
1542,119,815,234,1.9663865546218486,1.9348328113555908,450.81604504585266,6.922886530604024,0.7980246288844506,Qwen3.5-9B
1543,125,754,196,1.568,2.625793695449829,512.0297706127167,13.815535163048775,0.9797119507300796,Qwen3.5-9B
1544,134,954,182,1.3582089552238805,2.6116554737091064,472.70964074134827,13.62158236800545,0.7148593862452272,Qwen3.5-9B
1545,216,1329,309,1.4305555555555556,3.17147159576416,976.8132514953613,23.842545140886564,1.0603789569653737,Qwen3.5-9B
1546,192,1219,263,1.3697916666666667,3.6853108406066895,965.5514402389526,39.85750985705217,1.1427368946316105,Qwen3.5-9B
1547,82,455,115,1.4024390243902438,3.8913583755493164,443.61485481262207,48.97737102131607,1.4065954969293348,Qwen3.5-9B
1548,173,1111,234,1.3526011560693643,3.107487440109253,724.0445735454559,22.36478089618789,0.9402119852714614,Qwen3.5-9B
1549,259,1787,352,1.359073359073359,3.0291619300842285,1063.2358374595642,20.679894127852933,0.8583800055950405,Qwen3.5-9B
1550,260,1683,356,1.3692307692307693,2.57907772064209,915.5725908279419,13.184972322562784,0.7848437530370361,Qwen3.5-9B
1551,247,1657,324,1.311740890688259,2.8054392337799072,906.15687251091,16.534336750571047,0.7889607883155961,Qwen3.5-9B
1552,293,1766,392,1.3378839590443685,2.9864566326141357,1167.704543352127,19.81534490233165,0.9539306647325172,Qwen3.5-9B
1553,291,1714,420,1.443298969072165,2.882978677749634,1207.9680659770966,17.867415266041398,1.0167616909786403,Qwen3.5-9B
1554,244,1473,334,1.3688524590163935,3.3627684116363525,1119.8018810749054,28.869001633811628,1.096763489887915,Qwen3.5-9B
1555,230,1368,320,1.391304347826087,3.3792903423309326,1077.9936192035675,29.34993531433916,1.1368538366483425,Qwen3.5-9B
1556,324,1815,465,1.4351851851851851,3.1508922576904297,1462.0140075683594,23.35689565599087,1.162115899960921,Qwen3.5-9B
1557,211,1286,311,1.4739336492890995,3.2644295692443848,1011.9731664657593,26.16518130890807,1.1352789026227468,Qwen3.5-9B
1558,318,1886,478,1.5031446540880504,3.0159800052642822,1438.6224625110626,20.409082151150713,1.100473749934347,Qwen3.5-9B
1559,311,1847,469,1.5080385852090032,2.439610004425049,1141.7374820709229,11.468567180065444,0.8918132124422157,Qwen3.5-9B
1560,401,2187,529,1.319201995012469,2.978888988494873,1572.853385925293,19.665955400255015,1.0375618563876703,Qwen3.5-9B
1561,338,1891,475,1.4053254437869822,3.1653382778167725,1500.3703436851501,23.696758764971218,1.1446731117564442,Qwen3.5-9B
1562,211,1155,284,1.3459715639810426,2.970928907394409,840.7728807926178,19.510034196365655,1.0501981520635821,Qwen3.5-9B
1563,305,1778,406,1.3311475409836067,3.6383514404296875,1473.5323333740234,38.02909179700109,1.1956455511519946,Qwen3.5-9B
1564,336,1882,458,1.3630952380952381,3.5619802474975586,1627.8249731063843,35.2328979679224,1.247850699328263,Qwen3.5-9B
1565,344,1830,408,1.186046511627907,3.3333120346069336,1356.657998085022,28.031027862974994,1.069532112579022,Qwen3.5-9B
1566,359,2072,459,1.2785515320334262,3.1935079097747803,1462.6266226768494,24.37377866981386,1.01839969845949,Qwen3.5-9B
1567,269,1800,457,1.6988847583643123,2.377056360244751,1083.9377002716064,10.77314388873304,0.8687730804524635,Qwen3.5-9B
1568,199,1209,281,1.4120603015075377,3.2976274490356445,923.3356857299805,27.048389051223833,1.1018129155322194,Qwen3.5-9B
1569,218,1533,340,1.5596330275229358,2.7170939445495605,921.094847202301,15.136271424818837,0.8668355957254645,Qwen3.5-9B
1570,292,2031,454,1.5547945205479452,2.5259640216827393,1144.2617018222809,12.502942563473894,0.8128117590832942,Qwen3.5-9B
1571,193,1366,276,1.4300518134715026,3.3537042140960693,922.2686588764191,28.60850965906266,0.9740500882344985,Qwen3.5-9B
1572,301,1994,465,1.5448504983388704,2.812838315963745,1305.1569786071777,16.657129383229865,0.9443046643020051,Qwen3.5-9B
1573,282,1905,468,1.6595744680851063,2.3562803268432617,1100.3829126358032,10.551629751886653,0.8333422420675207,Qwen3.5-9B
1574,353,2174,471,1.3342776203966005,2.6004581451416016,1222.2153282165527,13.469907794384948,0.8110781936138444,Qwen3.5-9B
1575,271,1799,447,1.6494464944649447,2.5428619384765625,1134.1164245605469,12.716011386267626,0.9094964655387566,Qwen3.5-9B
1576,220,1512,326,1.481818181818182,3.079900026321411,1000.9675085544586,21.756227237400438,0.9550865480704357,Qwen3.5-9B
1577,237,1505,314,1.3248945147679325,3.411447048187256,1067.782926082611,30.30907122846295,1.0235781609337473,Qwen3.5-9B
1578,132,885,178,1.3484848484848484,3.784738302230835,669.8986794948578,44.02414802977683,1.0920446359381881,Qwen3.5-9B
1579,426,2460,666,1.5633802816901408,2.152658462524414,1431.5178775787354,8.607711284817626,0.839529976799486,Qwen3.5-9B
1580,433,2427,658,1.5196304849884525,2.501901388168335,1643.749212026596,12.205679646089878,0.9771029405257154,Qwen3.5-9B
1581,391,2329,544,1.391304347826087,3.1710734367370605,1721.8928761482239,23.833053905945512,1.0666235780854774,Qwen3.5-9B
1582,130,741,177,1.3615384615384616,3.7254905700683594,655.6863403320312,41.491582281341984,1.27659302506836,Qwen3.5-9B
1583,373,2223,626,1.67828418230563,2.1777007579803467,1361.0629737377167,8.825989824801646,0.8833103025411558,Qwen3.5-9B
1584,450,2656,729,1.62,2.232466697692871,1625.2357559204102,9.3228343539346,0.882801041167847,Qwen3.5-9B
1585,381,2380,612,1.6062992125984252,2.6096620559692383,1594.5035161972046,13.594455910231797,0.9665471913855975,Qwen3.5-9B
1586,312,1938,432,1.3846153846153846,3.006993293762207,1296.0141096115112,20.226493283411493,0.9647848962118952,Qwen3.5-9B
1587,248,1419,356,1.435483870967742,3.1422417163848877,1115.4958093166351,23.15571727085925,1.1341228134133405,Qwen3.5-9B
1588,325,2191,478,1.4707692307692308,2.308643341064453,1101.2228736877441,10.060766363701212,0.725115827833319,Qwen3.5-9B
1589,360,2222,525,1.4583333333333333,2.7826504707336426,1458.1088466644287,16.161800609381565,0.9467175527268665,Qwen3.5-9B
1590,329,2094,471,1.43161094224924,3.3809382915496826,1589.0409970283508,29.398342392559083,1.0947953993228539,Qwen3.5-9B
1591,90,591,124,1.3777777777777778,2.8548901081085205,351.151483297348,17.372528002793107,0.8571988215801822,Qwen3.5-9B
1592,341,2463,716,2.099706744868035,2.172602891921997,1553.411067724228,8.781110602169626,0.9099059861420111,Qwen3.5-9B
1593,314,1949,468,1.4904458598726114,2.6212410926818848,1224.1195902824402,13.752781474120848,0.90612173543125,Qwen3.5-9B
1594,309,1816,400,1.2944983818770226,2.5112273693084717,1001.9797203540802,12.320042026093846,0.7960083555210032,Qwen3.5-9B
1595,342,1995,450,1.3157894736842106,3.298938512802124,1481.2233922481537,27.083874470791493,1.071154707992551,Qwen3.5-9B
1596,267,1741,412,1.5430711610486891,2.2559454441070557,927.1935775279999,9.544312659989625,0.7683271546489041,Qwen3.5-9B
1597,274,1818,454,1.6569343065693432,2.2809271812438965,1033.260013103485,9.785749367866538,0.8199554988191768,Qwen3.5-9B
1598,159,1035,225,1.4150943396226414,3.0801265239715576,689.9483413696289,21.761155529848022,0.9617246865348109,Qwen3.5-9B
1599,177,1128,239,1.3502824858757063,3.0711357593536377,730.9303107261658,21.56638299170351,0.9348488781206281,Qwen3.5-9B
1600,157,953,200,1.2738853503184713,3.24283766746521,645.3246958255768,25.60628085944624,0.9769220760028734,Qwen3.5-9B
1601,171,1008,231,1.3508771929824561,3.4911746978759766,802.9701805114746,32.82448391913661,1.1492471204420835,Qwen3.5-9B
1602,169,1044,222,1.3136094674556213,3.669896364212036,811.04709649086,39.247838168894425,1.1207793333666247,Qwen3.5-9B
1603,214,1264,292,1.3644859813084111,3.371978282928467,981.2456803321838,29.136109549911453,1.119966991225442,Qwen3.5-9B
1604,156,919,203,1.3012820512820513,3.1462595462799072,635.5444283485413,23.24894015538919,0.997711420068609,Qwen3.5-9B
1605,159,1063,232,1.4591194968553458,3.137826442718506,724.8379082679749,23.053703816552506,0.9837441728189432,Qwen3.5-9B
1606,253,1721,340,1.3438735177865613,2.984760046005249,1011.8336555957794,19.78175495570383,0.8482088304082408,Qwen3.5-9B
1607,292,1794,438,1.5,2.4167542457580566,1056.1216053962708,11.209417192386008,0.8493095890083001,Qwen3.5-9B
1608,257,1602,330,1.284046692607004,3.044929027557373,1001.7816500663757,21.008540122558806,0.9021631826493903,Qwen3.5-9B
1609,321,2016,447,1.3925233644859814,3.0457282066345215,1358.3947801589966,21.025336418996567,0.9720979230678761,Qwen3.5-9B
1610,300,1904,396,1.32,2.518746852874756,994.9050068855286,12.413031558118266,0.7538574157507102,Qwen3.5-9B
1611,324,1776,393,1.212962962962963,3.2090251445770264,1257.9378566741943,24.75494196849693,1.0218585065148378,Qwen3.5-9B
1612,325,1869,385,1.1846153846153846,3.5584638118743896,1366.4501037597656,35.10922132831289,1.0547730274566203,Qwen3.5-9B
1613,262,1698,319,1.217557251908397,3.2463371753692627,1032.3352217674255,25.696047219139192,0.8771171407413859,Qwen3.5-9B
1614,335,2029,441,1.3164179104477611,2.713048219680786,1193.741216659546,15.075157942620507,0.8487947429174395,Qwen3.5-9B
1615,246,1462,365,1.483739837398374,3.5215060710906982,1281.8282098770142,33.83534854988452,1.2649023267176098,Qwen3.5-9B
1616,306,1748,437,1.4281045751633987,2.827058792114258,1232.5976333618164,16.895693924811862,1.017312639051811,Qwen3.5-9B
1617,219,1279,301,1.3744292237442923,3.5357658863067627,1060.7297658920288,34.32129085737339,1.1964891110052707,Qwen3.5-9B
1618,249,1514,420,1.6867469879518073,3.211989402770996,1345.8235597610474,24.828430874302708,1.2824392176874468,Qwen3.5-9B
1619,136,860,186,1.3676470588235294,3.8282527923583984,708.2267665863037,45.98212768284101,1.1880874929987044,Qwen3.5-9B
1620,102,582,189,1.8529411764705883,2.351797342300415,442.137900352478,10.504432829387731,1.095996832006149,Qwen3.5-9B
1621,166,1046,237,1.427710843373494,3.1475138664245605,742.8132724761963,23.278120066017017,1.0245248800266833,Qwen3.5-9B
1622,201,1170,288,1.4328358208955223,2.6517138481140137,761.0418744087219,14.178317316848752,0.9384199471096619,Qwen3.5-9B
1623,149,954,193,1.2953020134228188,2.707716703414917,519.8816070556641,14.994998368753187,0.7861956146211649,Qwen3.5-9B
1624,120,832,236,1.9666666666666666,2.2381467819213867,525.9644937515259,9.375939516432267,0.9120268831959142,Qwen3.5-9B
1625,120,725,191,1.5916666666666666,2.654508352279663,504.356586933136,14.217994096294808,1.00363137490775,Qwen3.5-9B
1626,134,950,186,1.3880597014925373,2.6427903175354004,488.9162087440491,14.052359498766863,0.742481041858182,Qwen3.5-9B
1627,214,1337,312,1.4579439252336448,3.1831061840057373,989.9460232257843,24.121563319640178,1.068205099817195,Qwen3.5-9B
1628,183,1206,255,1.3934426229508197,3.773345947265625,958.4298706054688,43.52545534401679,1.1465356727714433,Qwen3.5-9B
1629,88,476,115,1.3068181818181819,3.7195920944213867,424.0334987640381,41.24756556451764,1.2851912307514164,Qwen3.5-9B
1630,171,1090,229,1.3391812865497077,2.8772847652435303,656.0209264755249,17.76596885438201,0.8682918691244248,Qwen3.5-9B
1631,254,1757,351,1.3818897637795275,2.9768857955932617,1041.9100284576416,19.62660012925392,0.8555255726285249,Qwen3.5-9B
1632,264,1676,365,1.3825757575757576,2.8634519577026367,1042.2965126037598,17.52190754468314,0.8972052564852656,Qwen3.5-9B
1633,248,1671,318,1.282258064516129,2.790964126586914,884.7356281280518,16.296724335204008,0.763856195809768,Qwen3.5-9B
1634,288,1730,389,1.3506944444444444,3.1818463802337646,1234.5563955307007,24.091194016881907,1.0295308609999396,Qwen3.5-9B
1635,284,1693,417,1.4683098591549295,3.0429840087890625,1265.88134765625,20.967717830657143,1.0787245969388717,Qwen3.5-9B
1636,236,1442,326,1.38135593220339,3.5920162200927734,1167.4052715301514,36.307205496283004,1.1679679583524156,Qwen3.5-9B
1637,228,1361,316,1.3859649122807018,3.4156126976013184,1075.9179997444153,30.435591529921396,1.1405007807747545,Qwen3.5-9B
1638,312,1770,456,1.4615384615384615,3.155687093734741,1435.8376276493073,23.469157063608954,1.1703253248200167,Qwen3.5-9B
1639,208,1282,307,1.4759615384615385,3.1809494495391846,973.3705315589905,24.069595573100642,1.0953797494755146,Qwen3.5-9B
1640,316,1875,479,1.5158227848101267,3.1571004390716553,1509.0940098762512,23.502350538702274,1.1611533036179778,Qwen3.5-9B
1641,294,1744,444,1.510204081632653,2.4795615673065186,1098.4457743167877,11.93603012465329,0.9086710271171256,Qwen3.5-9B
1642,377,2037,502,1.3315649867374004,3.155489444732666,1580.9002118110657,23.4645188665184,1.1196646518017361,Qwen3.5-9B
1643,323,1832,461,1.4272445820433437,3.313973903656006,1524.4279956817627,27.49416784057104,1.200482920066802,Qwen3.5-9B
1644,210,1161,279,1.3285714285714285,3.2947845458984375,915.9501037597656,26.971602301496056,1.138188348316921,Qwen3.5-9B
1645,302,1752,401,1.3278145695364238,3.6407556533813477,1456.302261352539,38.12063182881074,1.1992009420597554,Qwen3.5-9B
1646,331,1849,449,1.3564954682779455,3.5205438137054443,1577.203628540039,33.80280589557552,1.2306240418425058,Qwen3.5-9B
1647,348,1843,412,1.1839080459770115,3.2311434745788574,1327.9999680519104,25.30858014937955,1.03955451340705,Qwen3.5-9B
1648,356,2098,460,1.2921348314606742,3.485536575317383,1599.8612880706787,32.639936196091355,1.100148687516586,Qwen3.5-9B
1649,278,1847,458,1.6474820143884892,2.3212361335754395,1060.8049130439758,10.18826057628873,0.8285966363828869,Qwen3.5-9B
1650,199,1193,280,1.407035175879397,3.0917742252349854,862.6050088405609,22.016104873114674,1.0431483390614062,Qwen3.5-9B
1651,211,1517,336,1.5924170616113744,2.7045042514801025,906.0089242458344,14.94690494749276,0.8616312340214962,Qwen3.5-9B
1652,299,2076,462,1.5451505016722409,2.5745105743408203,1186.8493747711182,13.124891927398561,0.8247888763316277,Qwen3.5-9B
1653,196,1387,278,1.4183673469387754,3.321028470993042,919.9248864650726,27.688813060643614,0.9568645073493173,Qwen3.5-9B
1654,306,2013,468,1.5294117647058822,2.7207863330841064,1270.6072175502777,15.192263728939162,0.910630269089672,Qwen3.5-9B
1655,290,1916,472,1.6275862068965516,2.4428114891052246,1150.5642113685608,11.505342458530606,0.8663430490426638,Qwen3.5-9B
1656,350,2147,457,1.3057142857142856,2.6580376625061035,1212.0651741027832,14.268262462408945,0.8144575761119252,Qwen3.5-9B
1657,271,1811,450,1.6605166051660516,2.4326515197753906,1092.2605323791504,11.38904034541236,0.8701263685379013,Qwen3.5-9B
1658,227,1529,335,1.475770925110132,3.148669958114624,1051.6557660102844,23.305047269344517,0.9922946751767961,Qwen3.5-9B
1659,235,1491,315,1.3404255319148937,3.3132102489471436,1040.348018169403,27.47317980465953,1.006643143267377,Qwen3.5-9B
1660,134,887,179,1.335820895522388,3.707090139389038,659.8620448112488,40.73510043741657,1.0732578350845994,Qwen3.5-9B
1661,428,2447,656,1.5327102803738317,2.455669403076172,1608.4634590148926,11.654232317292083,0.9483131408957475,Qwen3.5-9B
1662,408,2243,635,1.5563725490196079,2.6272168159484863,1665.6554613113403,13.835210331086072,1.071347692315421,Qwen3.5-9B
1663,400,2368,562,1.405,3.520954132080078,1975.2552680969238,33.81667865387784,1.203416798890723,Qwen3.5-9B
1664,128,740,178,1.390625,3.6834588050842285,651.9722084999084,39.78376064711855,1.271077124324653,Qwen3.5-9B
1665,370,2176,619,1.672972972972973,2.1723620891571045,1342.5197710990906,8.778996341027977,0.8900949522334762,Qwen3.5-9B
1666,446,2598,733,1.6434977578475336,2.3338980674743652,1708.4133853912354,10.318083830498923,0.9486988140462898,Qwen3.5-9B
1667,372,2335,593,1.5940860215053763,2.6572518348693848,1573.0930862426758,14.257054471789186,0.9719458648304167,Qwen3.5-9B
1668,312,1958,449,1.439102564102564,3.1427133083343506,1407.935562133789,23.16663989601684,1.0373961457515999,Qwen3.5-9B
1669,245,1405,349,1.4244897959183673,3.179189682006836,1106.358009338379,24.027275927584643,1.1360407213667365,Qwen3.5-9B
1670,326,2184,475,1.4570552147239264,2.437311887741089,1155.2858347892761,11.442241336004859,0.7631525387636241,Qwen3.5-9B
1671,352,2173,512,1.4545454545454546,3.0427663326263428,1554.8535959720612,20.963154155018493,1.0322961676103382,Qwen3.5-9B
1672,320,2033,458,1.43125,3.356484889984131,1533.9135947227478,28.688171357417165,1.0885241201469118,Qwen3.5-9B
1673,91,592,124,1.3626373626373627,3.161942720413208,388.9189546108246,23.61643151537968,0.9477896066296563,Qwen3.5-9B
1674,327,2367,668,2.0428134556574924,2.4868130683898926,1658.7043166160583,12.022898843678126,1.0109862661103104,Qwen3.5-9B
1675,314,1968,465,1.480891719745223,3.0756688117980957,1427.1103286743164,21.664366451137425,1.0461813993800075,Qwen3.5-9B
1676,314,1836,404,1.286624203821656,2.7727832794189453,1117.431661605835,16.003113217706233,0.8780572531214882,Qwen3.5-9B
1677,342,1990,448,1.3099415204678362,3.4790186882019043,1555.1213536262512,32.427884591432274,1.12742003259152,Qwen3.5-9B
1678,262,1728,402,1.534351145038168,2.6145334243774414,1048.427903175354,13.660841075299668,0.8753250790744777,Qwen3.5-9B
1679,276,1828,460,1.6666666666666667,2.628593921661377,1206.524610042572,13.854276002981855,0.9522139341460115,Qwen3.5-9B
1680,258,1719,363,1.4069767441860466,2.7940711975097656,1011.4537734985352,16.34743815844764,0.8488768720853785,Qwen3.5-9B
1681,259,1613,345,1.332046332046332,2.938643455505371,1010.8933486938477,18.89020352180436,0.9041604594099515,Qwen3.5-9B
1682,277,1782,374,1.3501805054151625,2.3017420768737793,858.5497946739197,9.991573391179923,0.6950760556297989,Qwen3.5-9B
1683,277,1649,379,1.3682310469314078,2.952394485473633,1116.0051155090332,19.151757473209916,0.9763826839003014,Qwen3.5-9B
1684,251,1601,398,1.5856573705179282,3.221912145614624,1279.0991218090057,25.076023375930866,1.1526233353149786,Qwen3.5-9B
1685,230,1382,321,1.3956521739130434,3.595837116241455,1150.6678771972656,36.446196924742516,1.2012032128384413,Qwen3.5-9B
1686,226,1362,319,1.4115044247787611,3.525596857070923,1121.1398005485535,33.97404521513669,1.1875644863396768,Qwen3.5-9B
1687,274,1651,430,1.5693430656934306,3.2956082820892334,1413.8159530162811,26.993828939621856,1.2354362593254347,Qwen3.5-9B
1688,194,1297,306,1.577319587628866,3.259538412094116,994.1592156887054,26.037515765893957,1.1058354435837754,Qwen3.5-9B
1689,308,1745,488,1.5844155844155845,3.0668013095855713,1493.5322377681732,21.473106884283183,1.234791720822888,Qwen3.5-9B
1690,286,1662,444,1.5524475524475525,2.347446918487549,1039.9189848899841,10.458833355104158,0.9026991350343351,Qwen3.5-9B
1691,353,1791,476,1.348441926345609,3.1465671062469482,1494.6193754673004,23.25609169836491,1.203953077053732,Qwen3.5-9B
1692,328,1744,491,1.4969512195121952,3.1519761085510254,1544.4682931900024,23.38222477146068,1.277635749653359,Qwen3.5-9B
1693,189,1041,275,1.4550264550264551,3.2004127502441406,876.9130935668945,24.54265809493996,1.2152912309121597,Qwen3.5-9B
1694,279,1546,400,1.4336917562724014,3.549746513366699,1416.348858833313,34.804493895336655,1.3217072928897562,Qwen3.5-9B
1695,311,1715,463,1.4887459807073955,3.429405927658081,1584.3855385780334,30.858305237651813,1.332819334905375,Qwen3.5-9B
1696,306,1556,405,1.3235294117647058,3.3016350269317627,1333.8605508804321,27.15700507552964,1.2367313637484707,Qwen3.5-9B
1697,328,1939,492,1.5,3.2130496501922607,1577.6073782444,24.854769114169397,1.1738041985884657,Qwen3.5-9B
1698,159,938,220,1.3836477987421383,2.833479881286621,620.53209400177,17.004531736828348,0.9544121265765435,Qwen3.5-9B
1699,166,1010,216,1.3012048192771084,2.9673328399658203,637.9765605926514,19.440000795747785,0.9112926932380351,Qwen3.5-9B
1700,159,927,211,1.3270440251572326,3.340134620666504,701.4282703399658,28.222925838769047,1.0916365557268521,Qwen3.5-9B
1701,166,1000,236,1.4216867469879517,3.1136553287506104,731.7090022563934,22.50315066022716,1.0556329489291103,Qwen3.5-9B
1702,163,976,215,1.3190184049079754,3.222780227661133,689.6749687194824,25.09780087258071,1.0194576405705413,Qwen3.5-9B
1703,195,1127,275,1.4102564102564104,2.980440616607666,816.6407289505005,19.69649333515133,1.0453979856653373,Qwen3.5-9B
1704,162,955,206,1.271604938271605,3.1485238075256348,645.4473805427551,23.301641471845397,0.9750615026846119,Qwen3.5-9B
1705,164,1066,237,1.4451219512195121,2.606313705444336,615.0900344848633,13.549013028454251,0.8324459122434651,Qwen3.5-9B
1706,322,1908,445,1.3819875776397517,2.899390459060669,1287.329363822937,18.163070859329565,0.9733876777662974,Qwen3.5-9B
1707,245,1345,341,1.3918367346938776,3.2400124073028564,1101.6042184829712,25.53403855393565,1.1816200319908883,Qwen3.5-9B
1708,346,2216,503,1.453757225433526,2.1702194213867188,1089.4501495361328,8.760206006422807,0.7092709061514072,Qwen3.5-9B
1709,342,2014,519,1.5175438596491229,3.131181240081787,1621.9518823623657,22.901015168545285,1.161857962882177,Qwen3.5-9B
1710,323,2009,464,1.436532507739938,3.0980443954467773,1434.394555091858,22.154583285989457,1.030061678103113,Qwen3.5-9B
1711,92,570,140,1.5217391304347827,3.111933708190918,432.5587854385376,22.464442103676994,1.0948252888511076,Qwen3.5-9B
1712,347,2135,672,1.936599423631124,2.521296501159668,1691.7899522781372,12.444720803789549,1.1432023299191778,Qwen3.5-9B
1713,322,1812,460,1.4285714285714286,2.929962396621704,1344.8527400493622,18.726926287739165,1.0707573834410316,Qwen3.5-9B
1714,303,1716,392,1.2937293729372936,2.78680157661438,1089.6394164562225,16.229029395300046,0.9160940457334127,Qwen3.5-9B
1715,325,1867,436,1.3415384615384616,3.380662202835083,1470.588058233261,29.39022696233746,1.1363739147314709,Qwen3.5-9B
1716,272,1630,406,1.4926470588235294,2.6093294620513916,1056.7784321308136,13.589935228696884,0.9353429468426618,Qwen3.5-9B
1717,283,1757,472,1.667844522968198,2.416266918182373,1138.0617184638977,11.203955865116589,0.9344769478960938,Qwen3.5-9B
1718,302,1913,460,1.5231788079470199,2.0364043712615967,934.7096064090729,7.663006278094095,0.7049142257384445,Qwen3.5-9B
1719,201,1153,276,1.373134328358209,3.1850645542144775,875.8927524089813,24.168848556520796,1.0959636862541389,Qwen3.5-9B
1720,234,1606,344,1.4700854700854702,2.3629698753356934,810.4986672401428,10.622452011146754,0.7280836910799927,Qwen3.5-9B
1721,318,2110,480,1.509433962264151,2.3827905654907227,1141.3566808700562,10.835096762425575,0.7803931864344632,Qwen3.5-9B
1722,207,1343,285,1.3768115942028984,3.018862724304199,857.3570137023926,20.468000682840202,0.921001274713189,Qwen3.5-9B
1723,320,1975,472,1.475,2.6381888389587402,1242.5869431495667,13.987846409212693,0.9076830484836741,Qwen3.5-9B
1724,289,1866,474,1.6401384083044983,2.087113857269287,987.2048544883728,8.061614585747018,0.7632559206387386,Qwen3.5-9B
1725,358,2131,477,1.3324022346368716,2.662140130996704,1267.1787023544312,14.326917793134362,0.857884762931417,Qwen3.5-9B
1726,300,1915,484,1.6133333333333333,2.132887840270996,1030.184826850891,8.43920272489604,0.7761057654813766,Qwen3.5-9B
1727,223,1458,339,1.5201793721973094,2.8021304607391357,947.1200957298279,16.479718791927947,0.9371779596952695,Qwen3.5-9B
1728,216,1363,311,1.4398148148148149,3.048147678375244,944.9257802963257,21.0762682154771,1.0001758893922548,Qwen3.5-9B
1729,137,858,188,1.3722627737226278,3.4762229919433594,650.0536994934082,32.33735268462986,1.0930410822501917,Qwen3.5-9B
1730,396,2203,643,1.6237373737373737,2.4170830249786377,1551.7673020362854,11.213103221745415,1.0162174268095303,Qwen3.5-9B
1731,373,1998,630,1.6890080428954424,2.6167383193969727,1645.9284029006958,13.690995026681541,1.1884748471086715,Qwen3.5-9B
1732,364,2009,523,1.4368131868131868,3.3724286556243896,1760.4077582359314,29.14923461348143,1.2641769749872749,Qwen3.5-9B
1733,122,659,172,1.4098360655737705,4.1512932777404785,709.8711504936218,63.51609115039249,1.5540631084784389,Qwen3.5-9B
1734,358,2046,636,1.776536312849162,2.1513984203338623,1366.1379969120026,8.596872035824317,0.9633042587071985,Qwen3.5-9B
1735,419,2389,742,1.7708830548926013,2.1896066665649414,1622.4985399246216,8.931699287729483,0.9798118867303623,Qwen3.5-9B
1736,367,2157,587,1.5994550408719346,2.5157198905944824,1474.2118558883667,12.375514589677936,0.9860167518358192,Qwen3.5-9B
1737,287,1782,379,1.3205574912891986,2.530505418777466,956.5310482978821,12.559852518047798,0.7744010100087968,Qwen3.5-9B
1738,267,1656,407,1.5243445692883895,2.369694471359253,962.0959553718567,10.694124423624856,0.8381709321704753,Qwen3.5-9B
1739,287,1655,355,1.2369337979094077,2.460966110229492,871.1820030212402,11.716125142357422,0.7594259549670437,Qwen3.5-9B
1740,277,1783,396,1.4296028880866427,3.2136991024017334,1269.4111454486847,24.870916341745282,1.0271302099764419,Qwen3.5-9B
1741,274,1740,367,1.3394160583941606,2.7415106296539307,1003.3928904533386,15.510397874842859,0.8319482454714221,Qwen3.5-9B
1742,285,1543,414,1.4526315789473685,3.0707597732543945,1268.223786354065,21.55827585566841,1.1857810546405922,Qwen3.5-9B
1743,282,1564,341,1.2092198581560283,4.102148532867432,1394.7305011749268,60.47007005951288,1.286554205512561,Qwen3.5-9B
1744,262,1525,324,1.2366412213740459,3.0145459175109863,973.6983313560486,20.37983471309065,0.921147379651954,Qwen3.5-9B
1745,318,1741,427,1.3427672955974843,2.5591485500335693,1090.1972823143005,12.924807802014094,0.9034016156148573,Qwen3.5-9B
1746,253,1416,373,1.4743083003952568,3.423121213912964,1273.4010915756226,30.664977762823852,1.2974077965245365,Qwen3.5-9B
1747,270,1470,383,1.4185185185185185,3.070622444152832,1172.9777736663818,21.55531548029141,1.1511899436336503,Qwen3.5-9B
1748,216,1230,300,1.3888888888888888,3.272644281387329,978.5206401348114,26.381005996690742,1.147729166609745,Qwen3.5-9B
1749,250,1441,408,1.632,3.3870205879211426,1378.517379283905,29.57769671396537,1.3801389221874671,Qwen3.5-9B
1750,135,833,193,1.4296296296296296,3.6228277683258057,695.5829315185547,37.44329923521931,1.2046987344883868,Qwen3.5-9B
1751,96,562,202,2.1041666666666665,2.124089002609253,426.94188952445984,8.365273273709597,1.0959910084781173,Qwen3.5-9B
1752,162,1029,232,1.4320987654320987,2.7332348823547363,631.3772578239441,15.382567417372409,0.8852136431415711,Qwen3.5-9B
1753,177,1005,265,1.497175141242938,2.6481947898864746,699.1234245300293,14.128510680268844,1.0036038781480425,Qwen3.5-9B
1754,158,980,205,1.2974683544303798,2.418654680252075,493.40555477142334,11.230740210558281,0.7263609663426533,Qwen3.5-9B
1755,130,852,244,1.876923076923077,1.8289895057678223,444.4444499015808,6.227590533646913,0.7525795819526221,Qwen3.5-9B
1756,129,753,193,1.496124031007752,2.5036299228668213,480.6969451904297,12.226795831648838,0.9209815391722533,Qwen3.5-9B
1757,144,961,186,1.2916666666666667,2.196499824523926,406.35246753692627,8.993479587818303,0.6100340164084465,Qwen3.5-9B
1758,211,1254,324,1.5355450236966826,3.0404574871063232,982.0677683353424,20.914809302336728,1.1298439387514274,Qwen3.5-9B
1759,200,1233,275,1.375,3.266019821166992,894.8894309997559,26.206823640913424,1.0470823554317064,Qwen3.5-9B
1760,80,411,110,1.375,3.7926738262176514,413.401447057724,44.37489254260953,1.4511246169501213,Qwen3.5-9B
1761,179,1107,239,1.335195530726257,2.7380990982055664,651.6675853729248,15.457573821408875,0.8492841858406539,Qwen3.5-9B
